thi_nghiem,run_id,iteration,warmup,d,k,mechanism,n,student_index,deploy_pool_gas,deploy_verifier_gas,update_root_gas,verify_gas,verify_onchain_ms,withdraw_gas,withdraw_ms,verify_record_gas,verify_record_ms,settle_gas,settle_ms,root,nullifier
theo_n,18,1,true,9,13,onchain,500,0,1979758,4554511,459000,532298,803.517600,582687,590.144400,615679,602.782000,69626,23.402000,0x098b50423eb1b80e5a7fb520438bb4f17cbf6c9b9e6ebef7938342aa2df694fe,0x0908cbf85e088d680fbd39fdb24b3cc3dd4a43f6c03cd816e06f24aad0ed40c9
theo_n,18,2,true,9,13,onchain,500,1,1979758,4554511,459000,532298,601.750200,582675,611.028600,615667,595.416300,69626,58.535700,0x098b50423eb1b80e5a7fb520438bb4f17cbf6c9b9e6ebef7938342aa2df694fe,0x067e06c893d9a0e4d6fd53a0046674c8f20bf84f7b70811bf473ffa211d8c6bd
theo_n,18,3,true,9,13,onchain,500,2,1979758,4554511,459000,532298,535.624100,582687,552.387400,615679,594.792100,69626,31.771900,0x098b50423eb1b80e5a7fb520438bb4f17cbf6c9b9e6ebef7938342aa2df694fe,0x0b8fe57083cdcc700c57fbcf6933cb725896572c6ab544b6f4d8e1c6ab38f07b
theo_n,18,4,false,9,13,onchain,500,0,1979758,4554511,459000,532298,523.373600,582687,634.329100,615679,590.012900,69626,20.751300,0x098b50423eb1b80e5a7fb520438bb4f17cbf6c9b9e6ebef7938342aa2df694fe,0x0908cbf85e088d680fbd39fdb24b3cc3dd4a43f6c03cd816e06f24aad0ed40c9
theo_n,18,5,false,9,13,onchain,500,1,1979758,4554511,459000,532298,623.897500,582675,569.829100,615667,543.330200,69626,23.535600,0x098b50423eb1b80e5a7fb520438bb4f17cbf6c9b9e6ebef7938342aa2df694fe,0x067e06c893d9a0e4d6fd53a0046674c8f20bf84f7b70811bf473ffa211d8c6bd
theo_n,18,6,false,9,13,onchain,500,2,1979758,4554511,459000,532298,532.355900,582687,583.396300,615679,626.604100,69626,21.907200,0x098b50423eb1b80e5a7fb520438bb4f17cbf6c9b9e6ebef7938342aa2df694fe,0x0b8fe57083cdcc700c57fbcf6933cb725896572c6ab544b6f4d8e1c6ab38f07b
theo_n,18,7,false,9,13,onchain,500,3,1979758,4554511,459000,532310,576.432900,582699,581.847300,615691,602.254700,69626,30.662700,0x098b50423eb1b80e5a7fb520438bb4f17cbf6c9b9e6ebef7938342aa2df694fe,0x107c70d191e489c806456c18cf98e286488b248a7e2ac57b6576b30dfade8db2
theo_n,18,8,false,9,13,onchain,500,4,1979758,4554511,459000,532214,536.299200,582603,602.370100,615595,616.011400,69626,27.467300,0x098b50423eb1b80e5a7fb520438bb4f17cbf6c9b9e6ebef7938342aa2df694fe,0x0a311bfe27c095e9b61eb94f9bfdc9d5e247dfd2f96271cff3d32612a2e7339a
theo_n,18,9,false,9,13,onchain,500,5,1979758,4554511,459000,532250,544.461700,582639,571.439900,615631,597.050500,69626,18.578700,0x098b50423eb1b80e5a7fb520438bb4f17cbf6c9b9e6ebef7938342aa2df694fe,0x18b6e24c33265e51a6ebce655f0c7d8cc56a336e228450d97e77a9ef874404bc
theo_n,18,10,false,9,13,onchain,500,6,1979758,4554511,459000,532250,520.308000,582639,595.001200,615631,574.830300,69626,23.730400,0x098b50423eb1b80e5a7fb520438bb4f17cbf6c9b9e6ebef7938342aa2df694fe,0x178454ab459643088f4034d21806282a31eacc6d694df8a91a76f6cadc1e4e05
theo_n,18,11,false,9,13,onchain,500,7,1979758,4554511,459000,532298,542.092400,582687,540.312400,615679,605.292000,69626,21.460400,0x098b50423eb1b80e5a7fb520438bb4f17cbf6c9b9e6ebef7938342aa2df694fe,0x156330b35df029b9ac8c5cf74cf1978f087f063d91916404df8a0984916950ac
theo_n,18,12,false,9,13,onchain,500,8,1979758,4554511,459000,532310,589.266400,582687,578.589700,615679,586.717800,69614,28.370800,0x098b50423eb1b80e5a7fb520438bb4f17cbf6c9b9e6ebef7938342aa2df694fe,0x15bf766aa145bc49955f4b440b0070cdb1823fdb1a4942a856ae7a53dd251a8a
theo_n,18,13,false,9,13,onchain,500,9,1979758,4554511,459000,532226,536.462400,582603,552.507600,615595,606.194400,69626,30.177200,0x098b50423eb1b80e5a7fb520438bb4f17cbf6c9b9e6ebef7938342aa2df694fe,0x145e23340ae3a5c2a8a430e0bd8150939cf9d3336c5a111f39801cc2a9171cea
theo_n,18,14,false,9,13,onchain,500,10,1979758,4554511,459000,532262,654.708900,582651,588.069400,615643,604.719800,69626,29.152800,0x098b50423eb1b80e5a7fb520438bb4f17cbf6c9b9e6ebef7938342aa2df694fe,0x19d8b479a4eb2ed56fc544f5f258c142afbc9733ce11579245b90f6471cc5aa2
theo_n,18,15,false,9,13,onchain,500,11,1979758,4554511,459000,532286,557.121300,582675,571.723900,615667,581.558800,69626,28.676700,0x098b50423eb1b80e5a7fb520438bb4f17cbf6c9b9e6ebef7938342aa2df694fe,0x17115cce247ab17833ce4f971544dcf98cba44f30ac3caa2b60573600696808c
theo_n,18,16,false,9,13,onchain,500,12,1979758,4554511,459000,532202,584.484500,582591,575.478100,615583,639.259100,69626,27.512400,0x098b50423eb1b80e5a7fb520438bb4f17cbf6c9b9e6ebef7938342aa2df694fe,0x12f7111f7f65e737c4608f3f8cffc3dea6a29e14af7ddcba52cac254304ecd23
theo_n,18,17,false,9,13,onchain,500,13,1979758,4554511,459000,532334,575.313000,582723,578.354400,615715,576.165900,69626,29.207400,0x098b50423eb1b80e5a7fb520438bb4f17cbf6c9b9e6ebef7938342aa2df694fe,0x146554373ef67f5de307538cfcb7e62015f4c7d7791f0be35f5897031ab12a59
theo_n,18,18,false,9,13,onchain,500,14,1979758,4554511,459000,532322,537.232300,582711,583.146100,615703,620.428000,69626,19.905800,0x098b50423eb1b80e5a7fb520438bb4f17cbf6c9b9e6ebef7938342aa2df694fe,0x298177b133ab3f68a2e47c6d74787973892a7540de8dcd16ae80701b4d1a19b5
theo_n,18,19,false,9,13,onchain,500,15,1979758,4554511,459000,532202,579.630300,582591,611.593500,615583,611.820400,69626,35.051400,0x098b50423eb1b80e5a7fb520438bb4f17cbf6c9b9e6ebef7938342aa2df694fe,0x290f20350f10923907c139526a8eeb150f99e2573a16d6916fe0f769c993f49a
theo_n,18,20,false,9,13,onchain,500,16,1979758,4554511,459000,532346,546.268100,582735,569.681200,615727,533.117000,69626,34.016200,0x098b50423eb1b80e5a7fb520438bb4f17cbf6c9b9e6ebef7938342aa2df694fe,0x171e66512384a041ca6a5f708a5b4fdda9cf24ab176412c6f6900afc3c6dedb8
theo_n,18,21,false,9,13,onchain,500,17,1979758,4554511,459000,532262,577.503100,582651,675.699700,615643,577.716500,69626,59.106700,0x098b50423eb1b80e5a7fb520438bb4f17cbf6c9b9e6ebef7938342aa2df694fe,0x1be2fe80e5029582e3f6e62f4cb2a84d401feee79f16b335d0bc369a395a0853
theo_n,18,22,false,9,13,onchain,500,18,1979758,4554511,459000,532274,603.613900,582663,563.402800,615655,631.110100,69626,21.989900,0x098b50423eb1b80e5a7fb520438bb4f17cbf6c9b9e6ebef7938342aa2df694fe,0x0bb978d615ff4f194a9934af270a428732e8174c4311c8beb31d4e0bbabbc0bc
theo_n,18,23,false,9,13,onchain,500,19,1979758,4554511,459000,532274,556.856900,582663,558.109800,615655,587.250900,69626,30.811800,0x098b50423eb1b80e5a7fb520438bb4f17cbf6c9b9e6ebef7938342aa2df694fe,0x04726770464b2bff8da321b67038b812b34fa5fa5cdf99f1314cba8589a165bc
theo_n,18,24,false,9,13,onchain,500,20,1979758,4554511,459000,532274,548.380800,582663,576.849300,615655,592.923400,69626,27.256000,0x098b50423eb1b80e5a7fb520438bb4f17cbf6c9b9e6ebef7938342aa2df694fe,0x03d6f9ca63a41aff3fb9a8fc838ab1ed3ceedc7c249c5dc4c19d5955e351be13
theo_n,18,25,false,9,13,onchain,500,21,1979758,4554511,459000,532310,531.090900,582699,782.262500,615691,536.267700,69626,23.655700,0x098b50423eb1b80e5a7fb520438bb4f17cbf6c9b9e6ebef7938342aa2df694fe,0x1686fa19ed842d8106f86663fe6e6888a8bfb3e985dcfd2bb1db169ffcda5da5
theo_n,18,26,false,9,13,onchain,500,22,1979758,4554511,459000,532250,599.083300,582639,568.193500,615631,591.225200,69626,32.996000,0x098b50423eb1b80e5a7fb520438bb4f17cbf6c9b9e6ebef7938342aa2df694fe,0x23e82ec09d717b107d77dc26eb5dc265ea1fc45985e29b8cc3cb17430ff24a0c
theo_n,18,27,false,9,13,onchain,500,23,1979758,4554511,459000,532322,540.963200,582711,547.747200,615703,594.129500,69626,26.639800,0x098b50423eb1b80e5a7fb520438bb4f17cbf6c9b9e6ebef7938342aa2df694fe,0x10b3bd195947d421c2d2b26290f8c337fd0828e5148886d256cae19c30dd3457
theo_n,18,28,false,9,13,onchain,500,24,1979758,4554511,459000,532286,520.355400,582663,555.341000,615655,641.345200,69626,55.879200,0x098b50423eb1b80e5a7fb520438bb4f17cbf6c9b9e6ebef7938342aa2df694fe,0x2a99ad2dc4636645cb03a3f8cddbcf89d41b4a9e486facca27dfee54675abb9c
theo_n,18,29,false,9,13,onchain,500,25,1979758,4554511,459000,532298,552.587600,582675,558.146900,615667,585.960500,69614,22.203200,0x098b50423eb1b80e5a7fb520438bb4f17cbf6c9b9e6ebef7938342aa2df694fe,0x1cd40d323ccd0838cfec775d1003317bf356cafeaba2b700c3af3c61def30fca
theo_n,18,30,false,9,13,onchain,500,26,1979758,4554511,459000,532334,543.393600,582723,640.527800,615715,629.382500,69626,29.081400,0x098b50423eb1b80e5a7fb520438bb4f17cbf6c9b9e6ebef7938342aa2df694fe,0x2eb42444691d4d15abfb91e44bb63be709bec40b9e54f4360f24d4480534af10
theo_n,18,31,false,9,13,onchain,500,27,1979758,4554511,459000,532310,591.867000,582699,767.831600,615691,567.697200,69626,25.872500,0x098b50423eb1b80e5a7fb520438bb4f17cbf6c9b9e6ebef7938342aa2df694fe,0x2c174593cceb5f490ba8f6ba09cd052e5c25a821a271f28bc1a25fe480d609d8
theo_n,18,32,false,9,13,onchain,500,28,1979758,4554511,459000,532226,558.225100,582615,557.034300,615607,609.773100,69626,36.119900,0x098b50423eb1b80e5a7fb520438bb4f17cbf6c9b9e6ebef7938342aa2df694fe,0x23665977a843f888d72d4f179e9f9d837be558853b6806d1436951fa322c1221
theo_n,18,33,false,9,13,onchain,500,29,1979758,4554511,459000,532238,539.656700,582627,565.432500,615619,582.664800,69626,24.467200,0x098b50423eb1b80e5a7fb520438bb4f17cbf6c9b9e6ebef7938342aa2df694fe,0x1784bc5a44d0a6e7b87bdd0fd4e563361f98a6aa39b7964e0907b239a38b84e7
theo_n,18,34,false,9,13,onchain,500,30,1979758,4554511,459000,532226,546.567900,582615,562.838700,615607,592.764100,69626,21.713400,0x098b50423eb1b80e5a7fb520438bb4f17cbf6c9b9e6ebef7938342aa2df694fe,0x202c4e9e6402e7f390a4ab85d1370541fe76c37421ce3a51ac5805c4b24b6da9
theo_n,18,35,false,9,13,onchain,500,31,1979758,4554511,459000,532274,548.333800,582663,581.166500,615655,590.225800,69626,19.066400,0x098b50423eb1b80e5a7fb520438bb4f17cbf6c9b9e6ebef7938342aa2df694fe,0x26ac62095e0835f5045ef0c786313c5c49c66bfa9a9c59a9176a5e55ca7e0d2f
theo_n,18,36,false,9,13,onchain,500,32,1979758,4554511,459000,532274,538.067000,582663,561.323700,615655,563.030700,69626,24.194300,0x098b50423eb1b80e5a7fb520438bb4f17cbf6c9b9e6ebef7938342aa2df694fe,0x0999d39078de7333e04118695737bc5efd57941984dd9136fc1c1b2063a26adc
theo_n,18,37,false,9,13,onchain,500,33,1979758,4554511,459000,532334,555.885200,582723,751.474600,615715,581.805300,69626,57.431700,0x098b50423eb1b80e5a7fb520438bb4f17cbf6c9b9e6ebef7938342aa2df694fe,0x21595eb5cbf9542bc3565fb23a44f93e50797512cb2156aa0f1bf0cccd52959e
theo_n,18,38,false,9,13,onchain,500,34,1979758,4554511,459000,532202,578.720200,582579,555.140200,615571,613.203700,69614,26.434100,0x098b50423eb1b80e5a7fb520438bb4f17cbf6c9b9e6ebef7938342aa2df694fe,0x25c79e1b2c8e7e076990cd6c719d9fad9068d6cd9b911cb567af007fd9ae9012
theo_n,18,39,false,9,13,onchain,500,35,1979758,4554511,459000,532442,539.051500,582831,639.651900,615823,610.263400,69626,29.868100,0x098b50423eb1b80e5a7fb520438bb4f17cbf6c9b9e6ebef7938342aa2df694fe,0x12b71401342adb56754a25ca9b90161c500f6d1db94481a55ff459a7aebc3185
theo_n,18,40,false,9,13,onchain,500,36,1979758,4554511,459000,532298,558.747300,582687,605.370200,615679,538.930100,69626,21.526200,0x098b50423eb1b80e5a7fb520438bb4f17cbf6c9b9e6ebef7938342aa2df694fe,0x1bf1c17e9fed35f18ad1a97d36860e5c49872e06811178e1de9764c9d878dc29
theo_n,18,41,false,9,13,onchain,500,37,1979758,4554511,459000,532298,534.614400,582687,581.901200,615679,617.092300,69626,26.798900,0x098b50423eb1b80e5a7fb520438bb4f17cbf6c9b9e6ebef7938342aa2df694fe,0x2b638435867637f2946659187916cd17968a726d781e30c6e61925210b314d02
theo_n,18,42,false,9,13,onchain,500,38,1979758,4554511,459000,532286,541.823600,582663,574.520900,615655,585.245000,69614,19.602200,0x098b50423eb1b80e5a7fb520438bb4f17cbf6c9b9e6ebef7938342aa2df694fe,0x2bdbfab8d0294126af14982e1000d41a61e11326b0ce247a7116adeeea7985cd
theo_n,18,43,false,9,13,onchain,500,39,1979758,4554511,459000,532298,568.189700,582687,820.372500,615679,555.838800,69626,26.873500,0x098b50423eb1b80e5a7fb520438bb4f17cbf6c9b9e6ebef7938342aa2df694fe,0x0aa7bf1d39d93e1954ce66d9858d1198e0ad921a4df6c1181b1ce905784fe958
theo_n,18,44,false,9,13,onchain,500,40,1979758,4554511,459000,532322,589.776300,582711,557.908900,615703,616.812200,69626,17.309700,0x098b50423eb1b80e5a7fb520438bb4f17cbf6c9b9e6ebef7938342aa2df694fe,0x10de1e3d29876f4850189c984ae73d9c11ce68b86aadc32cf461c98d54d62d23
theo_n,18,45,false,9,13,onchain,500,41,1979758,4554511,459000,532310,594.358000,582687,544.609000,615679,544.110700,69614,23.453100,0x098b50423eb1b80e5a7fb520438bb4f17cbf6c9b9e6ebef7938342aa2df694fe,0x1edba77fec60aecefcfe1abd4e72068fd9fb6184a89b43f5c3dc9a00069d74e2
theo_n,18,46,false,9,13,onchain,500,42,1979758,4554511,459000,532226,693.457400,582615,583.555300,615607,581.486000,69626,23.210000,0x098b50423eb1b80e5a7fb520438bb4f17cbf6c9b9e6ebef7938342aa2df694fe,0x15c8ab0ca8377161a0b8ea56ed9e3ae382863e927a1324317f9fa192d6188e2e
theo_n,18,47,false,9,13,onchain,500,43,1979758,4554511,459000,532154,567.319100,582543,549.382000,615535,582.000500,69626,20.001300,0x098b50423eb1b80e5a7fb520438bb4f17cbf6c9b9e6ebef7938342aa2df694fe,0x13eb1c80471a2c64b0c27128ce601b8439e0852909edea7c2fa01c5a8b0cd2a8
theo_n,18,48,false,9,13,onchain,500,44,1979758,4554511,459000,532202,544.274900,582591,624.053700,615583,576.186300,69626,24.350900,0x098b50423eb1b80e5a7fb520438bb4f17cbf6c9b9e6ebef7938342aa2df694fe,0x0231eb71e8795c4c4a35fb9db7f9d3c70fcb8e6537017b7c23770e27edb17c26
theo_n,18,49,false,9,13,onchain,500,45,1979758,4554511,459000,532358,622.944700,582747,745.919800,615739,634.948500,69626,24.479900,0x098b50423eb1b80e5a7fb520438bb4f17cbf6c9b9e6ebef7938342aa2df694fe,0x14bfb435acb7a5d37e0d29a9b6051229ed7acd9fdfc1de220c0337ce6f0f4ed8
theo_n,18,50,false,9,13,onchain,500,46,1979758,4554511,459000,532334,563.599200,582723,660.926300,615715,655.392300,69626,23.926700,0x098b50423eb1b80e5a7fb520438bb4f17cbf6c9b9e6ebef7938342aa2df694fe,0x0d91e737b2843fdf5a8d1394de46dfa3fe679927773f55ff934b561adb0b7fff
theo_n,18,51,false,9,13,onchain,500,47,1979758,4554511,459000,532298,571.533800,582675,578.400900,615667,585.880300,69626,25.839500,0x098b50423eb1b80e5a7fb520438bb4f17cbf6c9b9e6ebef7938342aa2df694fe,0x26954244b4ec45232f6c53427aaae47d6f1e18e481e8b23526e02555df48c1df
theo_n,18,52,false,9,13,onchain,500,48,1979758,4554511,459000,532238,549.408500,582627,558.940600,615619,540.877300,69626,17.677900,0x098b50423eb1b80e5a7fb520438bb4f17cbf6c9b9e6ebef7938342aa2df694fe,0x239708d53c07d61009f55c15e879487da0622eab4cc30d66f7bca4dbc4bfe44d
theo_n,18,53,false,9,13,onchain,500,49,1979758,4554511,459000,532238,577.170300,582627,578.554200,615619,572.754300,69626,22.221900,0x098b50423eb1b80e5a7fb520438bb4f17cbf6c9b9e6ebef7938342aa2df694fe,0x163233172054b52f81b9f891e2f9d5105c71e0adba76e509daa09013f949b0aa
theo_n,18,54,false,9,13,onchain,500,50,1979758,4554511,459000,532262,527.322300,582651,583.641700,615643,581.636200,69626,24.988600,0x098b50423eb1b80e5a7fb520438bb4f17cbf6c9b9e6ebef7938342aa2df694fe,0x29f882fd660b6a26a77c96e53e736aaae7aec2dcd44d93124440e2b9b84b4a38
theo_n,18,55,false,9,13,onchain,500,51,1979758,4554511,459000,532274,532.718700,582663,795.852300,615655,611.642400,69626,58.131000,0x098b50423eb1b80e5a7fb520438bb4f17cbf6c9b9e6ebef7938342aa2df694fe,0x27e66d84b49036dd0865b9da04321eba233102d93a56847b997b2096cfc0e219
theo_n,18,56,false,9,13,onchain,500,52,1979758,4554511,459000,532262,580.809800,582651,571.141100,615643,548.287000,69626,25.663600,0x098b50423eb1b80e5a7fb520438bb4f17cbf6c9b9e6ebef7938342aa2df694fe,0x041c6acccd0de4874fa535b4423d4a3ab728697b23310712e0d2d3f10927164d
theo_n,18,57,false,9,13,onchain,500,53,1979758,4554511,459000,532214,532.881100,582603,656.674500,615595,598.697200,69626,63.415700,0x098b50423eb1b80e5a7fb520438bb4f17cbf6c9b9e6ebef7938342aa2df694fe,0x1d11e9b323790b3c05df4d5364a35721616441c63f76b36a5b739e880f8fc03c
theo_n,18,58,false,9,13,onchain,500,54,1979758,4554511,459000,532334,598.993900,582723,595.179800,615715,530.651700,69626,28.613900,0x098b50423eb1b80e5a7fb520438bb4f17cbf6c9b9e6ebef7938342aa2df694fe,0x19ed930667ae813189bbaa0641e03f632bed382b9631862cf170dc2cfb08f703
theo_n,18,59,false,9,13,onchain,500,55,1979758,4554511,459000,532166,527.502000,582555,584.813000,615547,540.424000,69626,21.117200,0x098b50423eb1b80e5a7fb520438bb4f17cbf6c9b9e6ebef7938342aa2df694fe,0x286f63b2d20d219a578976c21ed9f8396a9370eb76c1692333fb49e9ffe5eddd
theo_n,18,60,false,9,13,onchain,500,56,1979758,4554511,459000,532250,544.261500,582639,600.325400,615631,677.345700,69626,19.528800,0x098b50423eb1b80e5a7fb520438bb4f17cbf6c9b9e6ebef7938342aa2df694fe,0x1f99a065f3bb98ea5433e6d81e6e27387fc8c025edc841fddcff3cbf77e66024
theo_n,18,61,false,9,13,onchain,500,57,1979758,4554511,459000,532358,539.422400,582747,596.150200,615739,597.531100,69626,23.839100,0x098b50423eb1b80e5a7fb520438bb4f17cbf6c9b9e6ebef7938342aa2df694fe,0x1feb6f0f68700be050d5e26dfd63e880937685b79efab2b075ec055912a4f5ae
theo_n,18,62,false,9,13,onchain,500,58,1979758,4554511,459000,532250,674.298400,582639,589.201700,615631,647.385900,69626,26.643600,0x098b50423eb1b80e5a7fb520438bb4f17cbf6c9b9e6ebef7938342aa2df694fe,0x0e6c34dbfd1473a1ae9710c16b88cac448410f09637490e3123197c34790a183
theo_n,18,63,false,9,13,onchain,500,59,1979758,4554511,459000,532286,552.220500,582675,573.232000,615667,550.135800,69626,30.829100,0x098b50423eb1b80e5a7fb520438bb4f17cbf6c9b9e6ebef7938342aa2df694fe,0x0bb2842f8a6e91c04573162fc7601b567d7df6749d60979ba332d7b78c328f8d
theo_n,18,64,false,9,13,onchain,500,60,1979758,4554511,459000,532262,530.684200,582651,577.687100,615643,623.611600,69626,25.804400,0x098b50423eb1b80e5a7fb520438bb4f17cbf6c9b9e6ebef7938342aa2df694fe,0x0a7220125db4c9fae9b66dda6e019f9ebbe630298376fe4b51a071b6eb9ddbcf
theo_n,18,65,false,9,13,onchain,500,61,1979758,4554511,459000,532286,525.286900,582675,555.268700,615667,675.185500,69626,20.784200,0x098b50423eb1b80e5a7fb520438bb4f17cbf6c9b9e6ebef7938342aa2df694fe,0x1abe534db0df466d693bdbb58e2e3330a7c9ce60678dcecd580bfa34a5604850
theo_n,18,66,false,9,13,onchain,500,62,1979758,4554511,459000,532334,603.652400,582723,592.736600,615715,552.753300,69626,23.736100,0x098b50423eb1b80e5a7fb520438bb4f17cbf6c9b9e6ebef7938342aa2df694fe,0x12cd93c7fe1e9691bc34c1a151550f01178da157b91296de0279ba930f04a680
theo_n,18,67,false,9,13,onchain,500,63,1979758,4554511,459000,532298,623.396500,582675,599.399600,615667,608.572200,69626,23.610200,0x098b50423eb1b80e5a7fb520438bb4f17cbf6c9b9e6ebef7938342aa2df694fe,0x1efdb02da48822560ee87f9d18dd45890f200b5829646129246afe143791a5ee
theo_n,18,68,false,9,13,onchain,500,64,1979758,4554511,459000,532274,597.214100,582663,558.205700,615655,553.270500,69626,28.105200,0x098b50423eb1b80e5a7fb520438bb4f17cbf6c9b9e6ebef7938342aa2df694fe,0x18bcb575879217dd771bf3fd110accc154f81eb964db696503ddc5cc982414f3
theo_n,18,69,false,9,13,onchain,500,65,1979758,4554511,459000,532298,562.454500,582687,623.394100,615679,623.934200,69626,24.461600,0x098b50423eb1b80e5a7fb520438bb4f17cbf6c9b9e6ebef7938342aa2df694fe,0x2e969f3908c8262e7c1ef3c63699dc0ca68c5ea634b5f0732921ce9452c32843
theo_n,18,70,false,9,13,onchain,500,66,1979758,4554511,459000,532310,606.855000,582687,586.412700,615679,606.651800,69614,22.142600,0x098b50423eb1b80e5a7fb520438bb4f17cbf6c9b9e6ebef7938342aa2df694fe,0x0088ab77acbdc069cfc9f633fed7cecb143790696b76586df6ef40df2b60952c
theo_n,18,71,false,9,13,onchain,500,67,1979758,4554511,459000,532334,547.650400,582723,606.616300,615715,619.594600,69626,28.126200,0x098b50423eb1b80e5a7fb520438bb4f17cbf6c9b9e6ebef7938342aa2df694fe,0x19266272248a559ab8943ba2d8258af531fe630f833f9241fd43a9bd449ed3a7
theo_n,18,72,false,9,13,onchain,500,68,1979758,4554511,459000,532370,603.363100,582759,628.338600,615751,650.925200,69626,27.329100,0x098b50423eb1b80e5a7fb520438bb4f17cbf6c9b9e6ebef7938342aa2df694fe,0x215eaf1d8e79c9ef4d076f165a4f634ca98f0f5ed28e045b617a86326162e4a2
theo_n,18,73,false,9,13,onchain,500,69,1979758,4554511,459000,532214,585.986900,582603,592.542000,615595,650.529900,69626,28.501600,0x098b50423eb1b80e5a7fb520438bb4f17cbf6c9b9e6ebef7938342aa2df694fe,0x0a7e4f05953ca3db4ac4061d27149a86e58e25f8abe9700123d4376accf763bf
theo_n,18,74,false,9,13,onchain,500,70,1979758,4554511,459000,532274,579.774100,582663,583.506400,615655,627.230500,69626,30.047600,0x098b50423eb1b80e5a7fb520438bb4f17cbf6c9b9e6ebef7938342aa2df694fe,0x08605ab6f0ea9feaba6887ea78431d2492628dfd59a10292fc7afe5ea2e8eece
theo_n,18,75,false,9,13,onchain,500,71,1979758,4554511,459000,532214,565.237400,582603,620.269100,615595,716.936500,69626,23.874600,0x098b50423eb1b80e5a7fb520438bb4f17cbf6c9b9e6ebef7938342aa2df694fe,0x26d317fe0299e077054be278d1f0d21206ca9c25bef0abf439a346026c390dfa
theo_n,18,76,false,9,13,onchain,500,72,1979758,4554511,459000,532262,578.158300,582651,608.666600,615643,627.661100,69626,20.734400,0x098b50423eb1b80e5a7fb520438bb4f17cbf6c9b9e6ebef7938342aa2df694fe,0x25af9ec4cff748dbaf0976a3ff1188e5b628546f7f4f5b9db9eaa477462f7869
theo_n,18,77,false,9,13,onchain,500,73,1979758,4554511,459000,532262,592.566600,582651,626.243700,615643,616.608100,69626,25.942600,0x098b50423eb1b80e5a7fb520438bb4f17cbf6c9b9e6ebef7938342aa2df694fe,0x01fb960b8f1b5d34b7f4749defb02b514c03bec096b79a9bc37ebfdeec741f2b
theo_n,18,78,false,9,13,onchain,500,74,1979758,4554511,459000,532274,582.826500,582663,601.297400,615655,674.714000,69626,25.115100,0x098b50423eb1b80e5a7fb520438bb4f17cbf6c9b9e6ebef7938342aa2df694fe,0x12e08ec57ab72cecc7a3924708902cc02c89942a36fdb660beb16561ed7ef5ce
theo_n,18,79,false,9,13,onchain,500,75,1979758,4554511,459000,532346,615.869200,582735,740.077000,615727,613.205700,69626,22.798500,0x098b50423eb1b80e5a7fb520438bb4f17cbf6c9b9e6ebef7938342aa2df694fe,0x16a729a31e033516db4de85c7111097269183918aa98a399cfd2eabaf4bc6545
theo_n,18,80,false,9,13,onchain,500,76,1979758,4554511,459000,532286,604.198800,582675,824.563000,615667,594.542300,69626,25.964200,0x098b50423eb1b80e5a7fb520438bb4f17cbf6c9b9e6ebef7938342aa2df694fe,0x0d453d4335fb2a5c16d11d4240b1166d98908cce0ead0250abff97a9868aecc8
theo_n,18,81,false,9,13,onchain,500,77,1979758,4554511,459000,532274,598.432200,582663,569.374100,615655,601.843300,69626,28.337900,0x098b50423eb1b80e5a7fb520438bb4f17cbf6c9b9e6ebef7938342aa2df694fe,0x0d4fb35507c4725529bee562d7875325d2200194fbe8fd2e917d6dd1cc23fdc2
theo_n,18,82,false,9,13,onchain,500,78,1979758,4554511,459000,532370,555.567700,582759,607.282500,615751,589.308100,69626,18.141900,0x098b50423eb1b80e5a7fb520438bb4f17cbf6c9b9e6ebef7938342aa2df694fe,0x18fd75dcd068156962b7472b26d5764df5f027a7dc6aba38d75ff522addddc25
theo_n,18,83,false,9,13,onchain,500,79,1979758,4554511,459000,532334,566.566200,582723,577.487800,615715,654.867800,69626,28.775800,0x098b50423eb1b80e5a7fb520438bb4f17cbf6c9b9e6ebef7938342aa2df694fe,0x2be77b57647a6b10a55e242f74a9ccf7e4785095dad898a23c39c7449a8a7c0c
theo_n,18,84,false,9,13,onchain,500,80,1979758,4554511,459000,532190,568.691000,582567,561.084400,615559,657.856100,69626,17.989300,0x098b50423eb1b80e5a7fb520438bb4f17cbf6c9b9e6ebef7938342aa2df694fe,0x0d9b8e94306ca021ecb938f5026044a99fb2903e768e0b859c6cb7f74c89ada6
theo_n,18,85,false,9,13,onchain,500,81,1979758,4554511,459000,532322,566.379700,582711,565.722700,615703,599.062400,69626,21.407400,0x098b50423eb1b80e5a7fb520438bb4f17cbf6c9b9e6ebef7938342aa2df694fe,0x06c0b3f5ffd3b8544f72e020c2ffde1c8399e0f7b3f5c2c98ef2d41a5b6d2a0a
theo_n,18,86,false,9,13,onchain,500,82,1979758,4554511,459000,532250,548.343900,582639,802.362600,615631,575.316800,69626,33.385000,0x098b50423eb1b80e5a7fb520438bb4f17cbf6c9b9e6ebef7938342aa2df694fe,0x0fcde5acfb3565955df8385342e3d172fc5e4376c643a3cb46cf9cada75b9277
theo_n,18,87,false,9,13,onchain,500,83,1979758,4554511,459000,532250,564.089600,582639,582.328200,615631,618.856500,69626,24.613100,0x098b50423eb1b80e5a7fb520438bb4f17cbf6c9b9e6ebef7938342aa2df694fe,0x15051a287f47c76ed7d2269998aa47f5381185b04d9f51445c39087cd8ed01de
theo_n,18,88,false,9,13,onchain,500,84,1979758,4554511,459000,532322,556.847900,582711,608.893800,615703,629.841600,69626,34.856000,0x098b50423eb1b80e5a7fb520438bb4f17cbf6c9b9e6ebef7938342aa2df694fe,0x0f7765a835070e4481f45e0827e06270383d6f9cdbd4196f283b338b9a4e3238
theo_n,18,89,false,9,13,onchain,500,85,1979758,4554511,459000,532310,544.754200,582699,565.304100,615691,586.760800,69626,20.028900,0x098b50423eb1b80e5a7fb520438bb4f17cbf6c9b9e6ebef7938342aa2df694fe,0x2b62ea88645121b88157ac06e4e3f9c3178df965566ae6496a8d6c6bb96fbded
theo_n,18,90,false,9,13,onchain,500,86,1979758,4554511,459000,532346,541.285200,582735,559.233800,615727,606.406200,69626,27.093600,0x098b50423eb1b80e5a7fb520438bb4f17cbf6c9b9e6ebef7938342aa2df694fe,0x2dd46823e0fa0e639cbb8cc928ec221105d0d9a65c31b716e52a5a52adfcfb95
theo_n,18,91,false,9,13,onchain,500,87,1979758,4554511,459000,532298,508.527500,582687,536.641700,615679,590.787400,69626,25.732500,0x098b50423eb1b80e5a7fb520438bb4f17cbf6c9b9e6ebef7938342aa2df694fe,0x28a7f749444fc4fb853eeff2d8b65c7a41abfea333797977a42f9f84eb0ea79b
theo_n,18,92,false,9,13,onchain,500,88,1979758,4554511,459000,532394,545.943100,582783,749.760900,615775,549.076400,69626,17.983900,0x098b50423eb1b80e5a7fb520438bb4f17cbf6c9b9e6ebef7938342aa2df694fe,0x1990851d8f9a1f34328e760b34b2c549764ca2e1557dde4c5f189c4e168cd5f9
theo_n,18,93,false,9,13,onchain,500,89,1979758,4554511,459000,532334,551.615600,582723,553.853000,615715,597.124900,69626,26.336700,0x098b50423eb1b80e5a7fb520438bb4f17cbf6c9b9e6ebef7938342aa2df694fe,0x2b8d45422864217488a84b2c5d353db89cdf51b5bee10eb545baef4f7381330f
theo_n,18,94,false,9,13,onchain,500,90,1979758,4554511,459000,532286,539.808400,582663,550.652200,615655,619.688700,69614,25.336100,0x098b50423eb1b80e5a7fb520438bb4f17cbf6c9b9e6ebef7938342aa2df694fe,0x00f12dbe894fc42bbde3b356e7868f42f5a9a342cfd632ff464f8fcf9e57333b
theo_n,18,95,false,9,13,onchain,500,91,1979758,4554511,459000,532238,545.263300,582627,557.836500,615619,571.316900,69626,27.897100,0x098b50423eb1b80e5a7fb520438bb4f17cbf6c9b9e6ebef7938342aa2df694fe,0x1ec83bfd5f380ef673a5af89e992e0d01715ca7d7f2967cc8316c40bb09163a9
theo_n,18,96,false,9,13,onchain,500,92,1979758,4554511,459000,532322,577.156000,582711,555.002000,615703,560.633000,69626,29.615800,0x098b50423eb1b80e5a7fb520438bb4f17cbf6c9b9e6ebef7938342aa2df694fe,0x0b07c8f3f557a462c6ef632caabdcf5fc3bf382ff18dfe46aae0dadaedd5a8d2
theo_n,18,97,false,9,13,onchain,500,93,1979758,4554511,459000,532310,548.706200,582699,600.726700,615691,549.190700,69626,26.255300,0x098b50423eb1b80e5a7fb520438bb4f17cbf6c9b9e6ebef7938342aa2df694fe,0x0d315137502a0bf670e5c74c46603131659987d14b09d74da3c36de13a608b07
theo_n,18,98,false,9,13,onchain,500,94,1979758,4554511,459000,532322,627.793000,582711,751.673000,615703,548.205100,69626,22.016600,0x098b50423eb1b80e5a7fb520438bb4f17cbf6c9b9e6ebef7938342aa2df694fe,0x2d7c0a2bf3f877b4301edfbb51e2b35bd3c86cfe1d1a492eb454d060ae7778f1
theo_n,18,99,false,9,13,onchain,500,95,1979758,4554511,459000,532370,558.347500,582759,561.936600,615751,566.692300,69626,24.182700,0x098b50423eb1b80e5a7fb520438bb4f17cbf6c9b9e6ebef7938342aa2df694fe,0x08d69a87c1f599104a063e0894e7eb48d057bdabc16119b7d07547d35fa7c8a5
theo_n,18,100,false,9,13,onchain,500,96,1979758,4554511,459000,532382,568.403300,582771,659.255800,615763,553.591400,69626,22.387700,0x098b50423eb1b80e5a7fb520438bb4f17cbf6c9b9e6ebef7938342aa2df694fe,0x1c7df0827e1080ee71d950a409a18e1518a5e3bce2da8c0ce1b24094d4994b6b
theo_n,18,101,false,9,13,onchain,500,97,1979758,4554511,459000,532274,554.526400,582663,569.565200,615655,572.056600,69626,27.185300,0x098b50423eb1b80e5a7fb520438bb4f17cbf6c9b9e6ebef7938342aa2df694fe,0x2d58a42d5d1cc2791453aaa1b78a1d4086dc79c5bae4a72518c26d1eeeaf480a
theo_n,18,102,false,9,13,onchain,500,98,1979758,4554511,459000,532334,554.596600,582723,579.145200,615715,619.390400,69626,28.806000,0x098b50423eb1b80e5a7fb520438bb4f17cbf6c9b9e6ebef7938342aa2df694fe,0x082328b47921926c3d45725c3c54adb91798ae45bbee77c57c13c78a0e127537
theo_n,18,103,false,9,13,onchain,500,99,1979758,4554511,459000,532250,563.110800,582639,555.029600,615631,560.027200,69626,28.052300,0x098b50423eb1b80e5a7fb520438bb4f17cbf6c9b9e6ebef7938342aa2df694fe,0x0346d298ca5e9ba5bc6d3e3e2e13cc63e6e4d14e53981e988e66eb8d5b87aed3
theo_n,18,104,false,9,13,onchain,500,100,1979758,4554511,459000,532346,556.968300,582735,766.943100,615727,539.823200,69626,23.460400,0x098b50423eb1b80e5a7fb520438bb4f17cbf6c9b9e6ebef7938342aa2df694fe,0x280a714b2978fcf5aba174c93ac09d948715115992029fdb917fd8374ab986bd
theo_n,18,105,false,9,13,onchain,500,101,1979758,4554511,459000,532298,601.135900,582675,532.611400,615667,639.012300,69626,25.106300,0x098b50423eb1b80e5a7fb520438bb4f17cbf6c9b9e6ebef7938342aa2df694fe,0x085cb394d60f01c45b060e3655b9680d97304f6337b86fda09f0335513c0eaf0
theo_n,18,106,false,9,13,onchain,500,102,1979758,4554511,459000,532250,549.536400,582627,606.494800,615619,598.807400,69614,32.999500,0x098b50423eb1b80e5a7fb520438bb4f17cbf6c9b9e6ebef7938342aa2df694fe,0x1527c5d2d9c656f6144be711876760da3a61cf05ed9e544600be5f4b9cfe074d
theo_n,18,107,false,9,13,onchain,500,103,1979758,4554511,459000,532274,539.847600,582663,593.095500,615655,640.876700,69626,21.366000,0x098b50423eb1b80e5a7fb520438bb4f17cbf6c9b9e6ebef7938342aa2df694fe,0x1eaec94c680ac2a6a85aa250ddf4cb5bd7a659b00b78f4b6b7c75044fad7d3bd
theo_n,18,108,false,9,13,onchain,500,104,1979758,4554511,459000,532346,542.468200,582735,565.456700,615727,595.987300,69626,22.346400,0x098b50423eb1b80e5a7fb520438bb4f17cbf6c9b9e6ebef7938342aa2df694fe,0x15d2afc485db584720f32f6198068e75f1168528ba496590a1980e0f1b270985
theo_n,18,109,false,9,13,onchain,500,105,1979758,4554511,459000,532190,556.932000,582579,599.167000,615571,569.067800,69626,19.300400,0x098b50423eb1b80e5a7fb520438bb4f17cbf6c9b9e6ebef7938342aa2df694fe,0x1a5da863997d24b5471d5d5e81070d3959dae8e5b754f8c0c15c3465fc18ca97
theo_n,18,110,false,9,13,onchain,500,106,1979758,4554511,459000,532226,523.151500,582603,788.366400,615595,588.629100,69614,21.965800,0x098b50423eb1b80e5a7fb520438bb4f17cbf6c9b9e6ebef7938342aa2df694fe,0x273edd203800914995c38c0f86697eebec9b5fe5bbf24f7e1a8008a29448420f
theo_n,18,111,false,9,13,onchain,500,107,1979758,4554511,459000,532142,524.304100,582519,541.820500,615511,543.735100,69626,26.501700,0x098b50423eb1b80e5a7fb520438bb4f17cbf6c9b9e6ebef7938342aa2df694fe,0x2d0b9fe4e87166878564917f8414cfbd31d9faba6cd878a9cbf85c615976b56f
theo_n,18,112,false,9,13,onchain,500,108,1979758,4554511,459000,532334,536.657600,582723,582.937800,615715,613.005800,69626,32.323200,0x098b50423eb1b80e5a7fb520438bb4f17cbf6c9b9e6ebef7938342aa2df694fe,0x132230c786a10fd367e92c57fe0adc7480c4617b2bfbe878a0401dfb1b72cb4f
theo_n,18,113,false,9,13,onchain,500,109,1979758,4554511,459000,532346,581.523600,582735,569.863200,615727,571.391700,69626,25.675400,0x098b50423eb1b80e5a7fb520438bb4f17cbf6c9b9e6ebef7938342aa2df694fe,0x16cd25f623714f4f1b7065482e340f09ca465af9ebcce54ad72bdc27f48342df
theo_n,18,114,false,9,13,onchain,500,110,1979758,4554511,459000,532322,552.671300,582711,581.787600,615703,570.709000,69626,33.920800,0x098b50423eb1b80e5a7fb520438bb4f17cbf6c9b9e6ebef7938342aa2df694fe,0x1bd2861c2b226ae17de48461808c1065c0f1c05fbd72069529891146436c9b34
theo_n,18,115,false,9,13,onchain,500,111,1979758,4554511,459000,532238,548.513000,582615,569.660600,615607,539.928200,69614,24.066500,0x098b50423eb1b80e5a7fb520438bb4f17cbf6c9b9e6ebef7938342aa2df694fe,0x0fae658cab7c5225312015aba3241828f57834001837fa9b2ba7a8dea2a5c6cf
theo_n,18,116,false,9,13,onchain,500,112,1979758,4554511,459000,532334,557.452900,582723,754.808200,615715,571.894500,69626,25.642800,0x098b50423eb1b80e5a7fb520438bb4f17cbf6c9b9e6ebef7938342aa2df694fe,0x1c5bd298c59b7b24b1802fdfa7c5e831f068f3b3f82ee84667b05d2945f3246e
theo_n,18,117,false,9,13,onchain,500,113,1979758,4554511,459000,532322,557.946500,582711,554.056600,615703,596.408500,69626,33.728600,0x098b50423eb1b80e5a7fb520438bb4f17cbf6c9b9e6ebef7938342aa2df694fe,0x2c99a20b86bdb461dd0a77ef1c3714daeaca35a1b808a8abba086b86b93557ce
theo_n,18,118,false,9,13,onchain,500,114,1979758,4554511,459000,532322,544.385700,582711,559.202900,615703,601.899600,69626,25.466500,0x098b50423eb1b80e5a7fb520438bb4f17cbf6c9b9e6ebef7938342aa2df694fe,0x25fd20ab6e32c5e8688735c9a2a6f33777a1d050634219f0b002c81ced1c7b5e
theo_n,18,119,false,9,13,onchain,500,115,1979758,4554511,459000,532226,519.490800,582603,722.395100,615595,696.219400,69626,26.372100,0x098b50423eb1b80e5a7fb520438bb4f17cbf6c9b9e6ebef7938342aa2df694fe,0x291280af54056c2cd9ad444ad2cdf0658fbdf5cdf12638e6ee2b4eb312a06144
theo_n,18,120,false,9,13,onchain,500,116,1979758,4554511,459000,532214,652.240300,582603,540.065700,615595,577.511000,69626,32.202200,0x098b50423eb1b80e5a7fb520438bb4f17cbf6c9b9e6ebef7938342aa2df694fe,0x062716b8ca7b91cefd14777688e1184a74ef6e5c5b6b65936db29c147c43227e
theo_n,18,121,false,9,13,onchain,500,117,1979758,4554511,459000,532286,593.655800,582675,540.088500,615667,578.457100,69626,27.210000,0x098b50423eb1b80e5a7fb520438bb4f17cbf6c9b9e6ebef7938342aa2df694fe,0x048e61258fe1e21ef0d5714d38c150dc8cabb2ab182c87524b52f5ec88e1f81f
theo_n,18,122,false,9,13,onchain,500,118,1979758,4554511,459000,532214,539.761200,582603,805.994400,615595,616.926300,69626,21.726100,0x098b50423eb1b80e5a7fb520438bb4f17cbf6c9b9e6ebef7938342aa2df694fe,0x0337077e10fc7847a1ac99ececa16ab363e8cf5ce0b82290be76dd1dc10769e8
theo_n,18,123,false,9,13,onchain,500,119,1979758,4554511,459000,532322,642.792000,582711,602.760900,615703,589.516200,69626,32.701300,0x098b50423eb1b80e5a7fb520438bb4f17cbf6c9b9e6ebef7938342aa2df694fe,0x122ac2ab494aa392fcee5dd7347129100fc0de2505d46d438da3cd8a2d32e6ea
theo_n,18,124,false,9,13,onchain,500,120,1979758,4554511,459000,532322,781.426100,582711,540.381400,615703,610.293500,69626,26.584300,0x098b50423eb1b80e5a7fb520438bb4f17cbf6c9b9e6ebef7938342aa2df694fe,0x1bb18f78f446215b3d6ac87d13f405094b21b926809bad622f625a5c4aba0aa5
theo_n,18,125,false,9,13,onchain,500,121,1979758,4554511,459000,532214,573.434600,582603,627.717500,615595,655.402000,69626,23.755000,0x098b50423eb1b80e5a7fb520438bb4f17cbf6c9b9e6ebef7938342aa2df694fe,0x11586f2d39477f1bc5e9b1d06a9fdff35e236bf3cdc4aab74f621481516d7815
theo_n,18,126,false,9,13,onchain,500,122,1979758,4554511,459000,532310,583.323600,582699,634.223700,615691,577.102500,69626,18.049700,0x098b50423eb1b80e5a7fb520438bb4f17cbf6c9b9e6ebef7938342aa2df694fe,0x1ddb223e1339f8bf0cbed084e0b0a69adf4fe7ca2c5dc312fce34c5ed9fdf094
theo_n,18,127,false,9,13,onchain,500,123,1979758,4554511,459000,532298,567.789000,582687,605.605000,615679,585.033400,69626,20.380800,0x098b50423eb1b80e5a7fb520438bb4f17cbf6c9b9e6ebef7938342aa2df694fe,0x1840a4c242fef47e8f74cd8aa8295e9b11f3bc37ee4ad16c38a5c208344b37dc
theo_n,18,128,false,9,13,onchain,500,124,1979758,4554511,459000,532310,621.838500,582699,737.280800,615691,572.369600,69626,29.891100,0x098b50423eb1b80e5a7fb520438bb4f17cbf6c9b9e6ebef7938342aa2df694fe,0x1c13441afbd44509328c5d26d85d3acf169464c8375735cbb5efd13c343ad09f
theo_n,18,129,false,9,13,onchain,500,125,1979758,4554511,459000,532250,591.640000,582639,562.996800,615631,573.357600,69626,20.588400,0x098b50423eb1b80e5a7fb520438bb4f17cbf6c9b9e6ebef7938342aa2df694fe,0x1326819b8b7b82169305219445339534c813219958aff00f2de38420d73886c2
theo_n,18,130,false,9,13,onchain,500,126,1979758,4554511,459000,532274,546.615500,582663,635.716700,615655,597.155200,69626,30.498800,0x098b50423eb1b80e5a7fb520438bb4f17cbf6c9b9e6ebef7938342aa2df694fe,0x2ca4fcbbe3622752f4aa4e3ca994d30d0c1456ecbc1cad9193430d998bc7ef6e
theo_n,18,131,false,9,13,onchain,500,127,1979758,4554511,459000,532214,554.366200,582603,570.175700,615595,592.209200,69626,19.855200,0x098b50423eb1b80e5a7fb520438bb4f17cbf6c9b9e6ebef7938342aa2df694fe,0x1b76b599cec9d9ae0690413de23fc0c9eb5a159ef05aea11a95ee8cda8592759
theo_n,18,132,false,9,13,onchain,500,128,1979758,4554511,459000,532310,545.463500,582699,604.816900,615691,570.735200,69626,19.623800,0x098b50423eb1b80e5a7fb520438bb4f17cbf6c9b9e6ebef7938342aa2df694fe,0x19fdf3e31ef4713cb2b80a9d45bb04e96c7ee09d39424729962e332821c9888a
theo_n,18,133,false,9,13,onchain,500,129,1979758,4554511,459000,532310,598.174400,582687,532.080800,615679,622.745600,69626,28.725000,0x098b50423eb1b80e5a7fb520438bb4f17cbf6c9b9e6ebef7938342aa2df694fe,0x1f4b342dcdff21fbd66fa67e11c5544bfd8929b923b2dabc1f7ac6cb5151b9b9
theo_n,18,134,false,9,13,onchain,500,130,1979758,4554511,459000,532298,545.511800,582687,765.882000,615679,583.079300,69626,34.480000,0x098b50423eb1b80e5a7fb520438bb4f17cbf6c9b9e6ebef7938342aa2df694fe,0x154b1d74c2618354b26b34c984e94e4f7d706573361930e780b8278071f43a98
theo_n,18,135,false,9,13,onchain,500,131,1979758,4554511,459000,532190,567.970700,582579,544.863700,615571,586.099100,69626,20.345300,0x098b50423eb1b80e5a7fb520438bb4f17cbf6c9b9e6ebef7938342aa2df694fe,0x1cd387bebe939deb9139dccf335cf5da302583a9ba488b7eea65b16b9f797a0d
theo_n,18,136,false,9,13,onchain,500,132,1979758,4554511,459000,532238,536.566200,582615,553.031900,615607,608.008600,69626,31.703800,0x098b50423eb1b80e5a7fb520438bb4f17cbf6c9b9e6ebef7938342aa2df694fe,0x06d6a19737ba3c27075e413dd7860d45cc20cb35ed6c608ac22acc2e5c9c54bb
theo_n,18,137,false,9,13,onchain,500,133,1979758,4554511,459000,532286,528.571900,582663,587.128500,615655,584.145200,69614,32.096400,0x098b50423eb1b80e5a7fb520438bb4f17cbf6c9b9e6ebef7938342aa2df694fe,0x29477a7a12360051ea5c87e3ca17fa0d3d2370b734d34a8bfeccbec806464239
theo_n,18,138,false,9,13,onchain,500,134,1979758,4554511,459000,532238,571.182000,582627,575.629200,615619,707.705900,69626,33.016400,0x098b50423eb1b80e5a7fb520438bb4f17cbf6c9b9e6ebef7938342aa2df694fe,0x261908540691dd3c2c92abe77a9016a9a562140b65ef5e147e1a60d0cdfc90e0
theo_n,18,139,false,9,13,onchain,500,135,1979758,4554511,459000,532274,561.196000,582663,590.030500,615655,584.647800,69626,26.516400,0x098b50423eb1b80e5a7fb520438bb4f17cbf6c9b9e6ebef7938342aa2df694fe,0x2674c02a1b2848b07db064c5a4e58662470a9da5dc7276de3c371db1c33bc5bc
theo_n,18,140,false,9,13,onchain,500,136,1979758,4554511,459000,532274,543.622200,582663,832.511600,615655,641.841700,69626,23.915800,0x098b50423eb1b80e5a7fb520438bb4f17cbf6c9b9e6ebef7938342aa2df694fe,0x19c06805eb153a95eef5e1daec5f4936cfd6b1fd84715978ae293859cf99f2f7
theo_n,18,141,false,9,13,onchain,500,137,1979758,4554511,459000,532346,572.618400,582735,546.427600,615727,583.766200,69626,23.671500,0x098b50423eb1b80e5a7fb520438bb4f17cbf6c9b9e6ebef7938342aa2df694fe,0x2b9386b34b67cca51b5f376f0d9d5825990e05d8a0663acc09cd7ef2478b99ef
theo_n,18,142,false,9,13,onchain,500,138,1979758,4554511,459000,532274,536.594600,582663,595.583300,615655,602.226200,69626,24.064600,0x098b50423eb1b80e5a7fb520438bb4f17cbf6c9b9e6ebef7938342aa2df694fe,0x1d973ebf381de252d781eee0181e4bf96f60364a6355f27faf9d88a26c6d5f74
theo_n,18,143,false,9,13,onchain,500,139,1979758,4554511,459000,532286,554.683700,582675,589.425100,615667,527.474300,69626,24.844000,0x098b50423eb1b80e5a7fb520438bb4f17cbf6c9b9e6ebef7938342aa2df694fe,0x1dbc758c2bdd3ffd4ae4900c512cfdd59aa39693c5da8541569bb1b11a7a4ff7
theo_n,18,144,false,9,13,onchain,500,140,1979758,4554511,459000,532202,538.592200,582591,557.395500,615583,593.458700,69626,29.839600,0x098b50423eb1b80e5a7fb520438bb4f17cbf6c9b9e6ebef7938342aa2df694fe,0x24fefd181e7c2a8b9c3c99e3f098e38499d6eb3748a5bec2ec08c191c32a20c9
theo_n,18,145,false,9,13,onchain,500,141,1979758,4554511,459000,532358,542.530700,582747,607.393900,615739,626.014700,69626,19.148700,0x098b50423eb1b80e5a7fb520438bb4f17cbf6c9b9e6ebef7938342aa2df694fe,0x23968c116ab2270a3af0c481a377d282fa2af22d0df2584795947071ab2e8546
theo_n,18,146,false,9,13,onchain,500,142,1979758,4554511,459000,532286,539.997800,582675,888.671500,615667,646.311100,69626,22.222000,0x098b50423eb1b80e5a7fb520438bb4f17cbf6c9b9e6ebef7938342aa2df694fe,0x1647c354c1f20bac7643c9c62e601536572c45dcedaee32d3ee30e288b2a1fee
theo_n,18,147,false,9,13,onchain,500,143,1979758,4554511,459000,532322,634.305300,582711,572.383500,615703,538.247400,69626,21.163300,0x098b50423eb1b80e5a7fb520438bb4f17cbf6c9b9e6ebef7938342aa2df694fe,0x2ea5df06e8526bce926495cfb5bcaeeded936c0d347b1f44869b740c89de802c
theo_n,18,148,false,9,13,onchain,500,144,1979758,4554511,459000,532262,547.919200,582651,578.427900,615643,580.152400,69626,20.752300,0x098b50423eb1b80e5a7fb520438bb4f17cbf6c9b9e6ebef7938342aa2df694fe,0x0583f5e4a43ff231fab22b74c1e8dc9ca7e11f908ebfec3cae568fa348641be4
theo_n,18,149,false,9,13,onchain,500,145,1979758,4554511,459000,532322,528.009700,582711,559.494200,615703,572.021400,69626,28.371100,0x098b50423eb1b80e5a7fb520438bb4f17cbf6c9b9e6ebef7938342aa2df694fe,0x14e11f8cfedbf4f8cf3085e378b3035aa5a493ea65a91f2de51f071ab1c11333
theo_n,18,150,false,9,13,onchain,500,146,1979758,4554511,459000,532274,558.396800,582639,588.374600,615631,609.301600,69614,25.198800,0x098b50423eb1b80e5a7fb520438bb4f17cbf6c9b9e6ebef7938342aa2df694fe,0x245b631ba32f9e19fd8f3d1bf8329300750d5c30e6151c849be8b7168923763d
theo_n,18,151,false,9,13,onchain,500,147,1979758,4554511,459000,532154,578.883400,582543,560.317800,615535,591.501900,69626,37.818300,0x098b50423eb1b80e5a7fb520438bb4f17cbf6c9b9e6ebef7938342aa2df694fe,0x0a4cf55b4df6d265e96388cc0abf738334a51602cc8ee10b4e6798b91c62ccf6
theo_n,18,152,false,9,13,onchain,500,148,1979758,4554511,459000,532334,570.174900,582723,734.057100,615715,635.864800,69626,24.722600,0x098b50423eb1b80e5a7fb520438bb4f17cbf6c9b9e6ebef7938342aa2df694fe,0x2980306594ba7a72b85f517f2b2217da35af687f784e3e046e7dc5d50302957d
theo_n,18,153,false,9,13,onchain,500,149,1979758,4554511,459000,532322,586.930600,582711,588.341500,615703,606.130500,69626,22.951300,0x098b50423eb1b80e5a7fb520438bb4f17cbf6c9b9e6ebef7938342aa2df694fe,0x0bae57eb5e9667ff3213947821ebf0971fbc22df8df57a3113b581d199257ff1
theo_n,18,154,false,9,13,onchain,500,150,1979758,4554511,459000,532286,538.911800,582663,555.560300,615655,583.895300,69614,19.727000,0x098b50423eb1b80e5a7fb520438bb4f17cbf6c9b9e6ebef7938342aa2df694fe,0x09df330028e60ab8f64f208ed8725b2bd088b3666a34eddd5b59cc30efa91446
theo_n,18,155,false,9,13,onchain,500,151,1979758,4554511,459000,532226,560.116000,582615,628.181700,615607,609.920400,69626,27.001100,0x098b50423eb1b80e5a7fb520438bb4f17cbf6c9b9e6ebef7938342aa2df694fe,0x0e827a40e73cd93978223bdaea2de4a3662c85d4ada215d330dd658fcde25a44
theo_n,18,156,false,9,13,onchain,500,152,1979758,4554511,459000,532370,535.118900,582747,565.693500,615739,618.170100,69614,35.027800,0x098b50423eb1b80e5a7fb520438bb4f17cbf6c9b9e6ebef7938342aa2df694fe,0x2df1bef61f31af46f7936d4d9d4c5ac1d276b7b8eaecfe888700ac1298f92267
theo_n,18,157,false,9,13,onchain,500,153,1979758,4554511,459000,532262,568.484600,582651,623.201100,615643,557.416500,69626,18.712100,0x098b50423eb1b80e5a7fb520438bb4f17cbf6c9b9e6ebef7938342aa2df694fe,0x12915572ab99b6ddc8fea60928bc7ce39caeba0d31257fc844a096476109b36f
theo_n,18,158,false,9,13,onchain,500,154,1979758,4554511,459000,532274,587.017000,582663,793.044900,615655,564.209600,69626,23.753500,0x098b50423eb1b80e5a7fb520438bb4f17cbf6c9b9e6ebef7938342aa2df694fe,0x1a9da40b6a281115b0c04c78ccf79a0177bfd4bd849e7a87b72227206ca49630
theo_n,18,159,false,9,13,onchain,500,155,1979758,4554511,459000,532358,613.825900,582735,564.636800,615727,602.926100,69614,27.378900,0x098b50423eb1b80e5a7fb520438bb4f17cbf6c9b9e6ebef7938342aa2df694fe,0x05a92e4d70718e361377004987d81958215294de37ec7adfa4ae249de133a464
theo_n,18,160,false,9,13,onchain,500,156,1979758,4554511,459000,532346,567.355400,582735,539.631500,615727,596.472700,69626,28.102400,0x098b50423eb1b80e5a7fb520438bb4f17cbf6c9b9e6ebef7938342aa2df694fe,0x011d10d516eb6795ffe1ac987326ec7b8a1bc7c6216fb37623144bce1ea511d9
theo_n,18,161,false,9,13,onchain,500,157,1979758,4554511,459000,532286,553.332000,582675,582.600100,615667,573.053400,69626,21.024300,0x098b50423eb1b80e5a7fb520438bb4f17cbf6c9b9e6ebef7938342aa2df694fe,0x07c2427f7b75d030b8add3786708a7f1ff3619698d999713baa4e3e9179ea69c
theo_n,18,162,false,9,13,onchain,500,158,1979758,4554511,459000,532274,555.887400,582651,570.762100,615643,576.875900,69614,19.498300,0x098b50423eb1b80e5a7fb520438bb4f17cbf6c9b9e6ebef7938342aa2df694fe,0x15b494b2d69d888296e4a53c9138e66b123c8700312e6b706ac66675afaf6f1e
theo_n,18,163,false,9,13,onchain,500,159,1979758,4554511,459000,532334,515.831400,582723,571.583600,615715,615.957100,69626,20.210400,0x098b50423eb1b80e5a7fb520438bb4f17cbf6c9b9e6ebef7938342aa2df694fe,0x09d28e4bc034581881ef74dcd3ef170396e570e5cdac22e022a7b681b15fa3f8
theo_n,18,164,false,9,13,onchain,500,160,1979758,4554511,459000,532310,533.638000,582687,789.986500,615679,550.032200,69626,48.142000,0x098b50423eb1b80e5a7fb520438bb4f17cbf6c9b9e6ebef7938342aa2df694fe,0x06320cda582ab69eba60cc5f2d8f98720c81076f5feb562563b2678474f0e833
theo_n,18,165,false,9,13,onchain,500,161,1979758,4554511,459000,532406,581.354300,582795,563.907400,615787,568.893300,69626,22.635200,0x098b50423eb1b80e5a7fb520438bb4f17cbf6c9b9e6ebef7938342aa2df694fe,0x1ed92eb6f52266c41b5eff71eff811783249cd3cb8dab2b6d993871737888e24
theo_n,18,166,false,9,13,onchain,500,162,1979758,4554511,459000,532274,539.111200,582663,593.443900,615655,535.340900,69626,48.154000,0x098b50423eb1b80e5a7fb520438bb4f17cbf6c9b9e6ebef7938342aa2df694fe,0x2f228f71e58a7b39a67b3c4e6272d392223b6299129403e73cd5d22ee0dd12ac
theo_n,18,167,false,9,13,onchain,500,163,1979758,4554511,459000,532322,614.601900,582711,550.910800,615703,606.181700,69626,20.616300,0x098b50423eb1b80e5a7fb520438bb4f17cbf6c9b9e6ebef7938342aa2df694fe,0x08b9ea24dacf4bb71cd1a71d186ad4a3aa0b1224036b3d5975053220811cfde2
theo_n,18,168,false,9,13,onchain,500,164,1979758,4554511,459000,532286,533.443200,582675,590.345200,615667,575.635200,69626,28.798900,0x098b50423eb1b80e5a7fb520438bb4f17cbf6c9b9e6ebef7938342aa2df694fe,0x1e916b5d46e155942cbf9bd03d57a68d6870f77dfa7a2603838d5697fc064995
theo_n,18,169,false,9,13,onchain,500,165,1979758,4554511,459000,532334,554.649800,582723,609.531500,615715,642.343300,69626,24.738700,0x098b50423eb1b80e5a7fb520438bb4f17cbf6c9b9e6ebef7938342aa2df694fe,0x2083a99ee8336b2216a949706234f1238389c5d988e1a708f1d82d2dd19a36f8
theo_n,18,170,false,9,13,onchain,500,166,1979758,4554511,459000,532262,650.610800,582639,745.128700,615631,574.268700,69614,28.087800,0x098b50423eb1b80e5a7fb520438bb4f17cbf6c9b9e6ebef7938342aa2df694fe,0x0fc49d02f286296ca6aea328cf7989ead6df46008a90ac7708b353d4d1fa50a1
theo_n,18,171,false,9,13,onchain,500,167,1979758,4554511,459000,532286,575.164000,582663,565.751800,615655,574.484000,69614,20.433400,0x098b50423eb1b80e5a7fb520438bb4f17cbf6c9b9e6ebef7938342aa2df694fe,0x01c951890bef8b00ee81b33d53ff33cabfdb08c77cd3d71cf09ae6aa9c8e6223
theo_n,18,172,false,9,13,onchain,500,168,1979758,4554511,459000,532358,537.580200,582747,557.685000,615739,590.571500,69626,26.380500,0x098b50423eb1b80e5a7fb520438bb4f17cbf6c9b9e6ebef7938342aa2df694fe,0x2e21bd7006b2fe0c1b3e8d85680b3db6b9023ae9655b981deba01610d09107ff
theo_n,18,173,false,9,13,onchain,500,169,1979758,4554511,459000,532238,554.823700,582627,569.897600,615619,589.267200,69626,19.707000,0x098b50423eb1b80e5a7fb520438bb4f17cbf6c9b9e6ebef7938342aa2df694fe,0x2dea3ace923241fb9b6cbe0f7cc54de90e793785f271579dc5ba7ed217ecf5de
theo_n,18,174,false,9,13,onchain,500,170,1979758,4554511,459000,532274,531.617600,582663,596.868500,615655,610.566700,69626,31.355100,0x098b50423eb1b80e5a7fb520438bb4f17cbf6c9b9e6ebef7938342aa2df694fe,0x10f12245982fffe007b0ecef635197a5267eb81d727d447237c3f308eeea06c5
theo_n,18,175,false,9,13,onchain,500,171,1979758,4554511,459000,532358,557.714600,582735,549.778900,615727,545.090600,69614,27.956600,0x098b50423eb1b80e5a7fb520438bb4f17cbf6c9b9e6ebef7938342aa2df694fe,0x1fde592bf80e60c3006f6357af1860d7a9c3b5f570bc0e39666b2fa0b0fa623b
theo_n,18,176,false,9,13,onchain,500,172,1979758,4554511,459000,532286,530.839500,582663,757.930100,615655,567.070000,69614,31.115300,0x098b50423eb1b80e5a7fb520438bb4f17cbf6c9b9e6ebef7938342aa2df694fe,0x03f52ca2eb1444ab17b86e0070b7cb17a6e6d8eb47ba455096f24be0ef44e64d
theo_n,18,177,false,9,13,onchain,500,173,1979758,4554511,459000,532334,574.349600,582723,542.173800,615715,590.800500,69626,19.983400,0x098b50423eb1b80e5a7fb520438bb4f17cbf6c9b9e6ebef7938342aa2df694fe,0x298aa57712a04fb53de588b8f1a0b1d1e4227d335b31773343b126bd46d6c8ce
theo_n,18,178,false,9,13,onchain,500,174,1979758,4554511,459000,532166,542.507300,582555,655.425300,615547,660.025600,69626,22.664600,0x098b50423eb1b80e5a7fb520438bb4f17cbf6c9b9e6ebef7938342aa2df694fe,0x107b857578d9cb6989ccf0f30edb97b06bc3833c39c4f2d3e3d372f481dd8023
theo_n,18,179,false,9,13,onchain,500,175,1979758,4554511,459000,532298,558.739200,582687,550.472900,615679,587.218500,69626,27.561400,0x098b50423eb1b80e5a7fb520438bb4f17cbf6c9b9e6ebef7938342aa2df694fe,0x1f04cfcb8e116dbe0f227912a09380f4e32e9e3e5f2256e919bb36f7079c5103
theo_n,18,180,false,9,13,onchain,500,176,1979758,4554511,459000,532334,556.877100,582723,549.761700,615715,564.313400,69626,26.995600,0x098b50423eb1b80e5a7fb520438bb4f17cbf6c9b9e6ebef7938342aa2df694fe,0x1e68c8b38e22bac0843fbbaa1beb99ff308287da69e2748e848701f40806de03
theo_n,18,181,false,9,13,onchain,500,177,1979758,4554511,459000,532322,541.837100,582699,621.451700,615691,557.443600,69614,29.654600,0x098b50423eb1b80e5a7fb520438bb4f17cbf6c9b9e6ebef7938342aa2df694fe,0x00273abbd77c1c843a34dd7136eb304c447c3664dec4b8a1220dfd8f7d419215
theo_n,18,182,false,9,13,onchain,500,178,1979758,4554511,459000,532346,578.123500,582735,747.998500,615727,555.607100,69626,26.430500,0x098b50423eb1b80e5a7fb520438bb4f17cbf6c9b9e6ebef7938342aa2df694fe,0x0b28f864933c885e09f83295b931650d055fc4fc29f027c7f9154c739463a145
theo_n,18,183,false,9,13,onchain,500,179,1979758,4554511,459000,532274,685.087400,582651,646.194500,615643,555.224200,69626,33.326200,0x098b50423eb1b80e5a7fb520438bb4f17cbf6c9b9e6ebef7938342aa2df694fe,0x1942c46688b94e9feac9b79485e5275cd47749110c86881a6f89b4fd673313b8
theo_n,18,184,false,9,13,onchain,500,180,1979758,4554511,459000,532310,579.959500,582699,583.811100,615691,566.687200,69626,29.201200,0x098b50423eb1b80e5a7fb520438bb4f17cbf6c9b9e6ebef7938342aa2df694fe,0x05e66e3156ee58cd9a319fc1bf021b066bb4a12dfcb4065c8fd52badd2816357
theo_n,18,185,false,9,13,onchain,500,181,1979758,4554511,459000,532250,534.897100,582639,523.224200,615631,590.532500,69626,38.370400,0x098b50423eb1b80e5a7fb520438bb4f17cbf6c9b9e6ebef7938342aa2df694fe,0x2a3c82367379ca3bc510fa7cc6292b87adeae422acaf533b481b7ab5a9b74ff8
theo_n,18,186,false,9,13,onchain,500,182,1979758,4554511,459000,532382,557.124700,582771,546.869900,615763,585.914600,69626,21.491300,0x098b50423eb1b80e5a7fb520438bb4f17cbf6c9b9e6ebef7938342aa2df694fe,0x1249bf76e23d7887ed8174d4d5ab76b45d4e883f887862e0fbb6cb1ff0ae511b
theo_n,18,187,false,9,13,onchain,500,183,1979758,4554511,459000,532346,521.365500,582735,549.269400,615727,616.487300,69626,19.850400,0x098b50423eb1b80e5a7fb520438bb4f17cbf6c9b9e6ebef7938342aa2df694fe,0x299618a39d19d4bebd969488c616703e255699e67a2120cf6f08ea875ec432c3
theo_n,18,188,false,9,13,onchain,500,184,1979758,4554511,459000,532202,545.681800,582591,757.271300,615583,560.987000,69626,19.943700,0x098b50423eb1b80e5a7fb520438bb4f17cbf6c9b9e6ebef7938342aa2df694fe,0x1c9a777a7d9c58721c7da841f525a15984b7e891da907c30cff77c20fec58449
theo_n,18,189,false,9,13,onchain,500,185,1979758,4554511,459000,532262,558.478100,582651,571.151300,615643,597.842800,69626,20.736100,0x098b50423eb1b80e5a7fb520438bb4f17cbf6c9b9e6ebef7938342aa2df694fe,0x2608a22fc17f577d6b0c737a1dae9bf3bfcada6e599a32673cc3b22aa3b6190c
theo_n,18,190,false,9,13,onchain,500,186,1979758,4554511,459000,532274,539.341500,582663,570.083000,615655,590.125000,69626,50.579700,0x098b50423eb1b80e5a7fb520438bb4f17cbf6c9b9e6ebef7938342aa2df694fe,0x21c60d25a15e9ae91c63bf274725cbd91cce20150f6968f909ed4545bf10f860
theo_n,18,191,false,9,13,onchain,500,187,1979758,4554511,459000,532370,615.665700,582759,582.302900,615751,536.832900,69626,27.005500,0x098b50423eb1b80e5a7fb520438bb4f17cbf6c9b9e6ebef7938342aa2df694fe,0x2a2d7701e0b8c21420d7b7229e667662e2cbb348c0011ae3c54b0a6ef4ddaed2
theo_n,18,192,false,9,13,onchain,500,188,1979758,4554511,459000,532250,556.059500,582639,586.407000,615631,553.303400,69626,30.165400,0x098b50423eb1b80e5a7fb520438bb4f17cbf6c9b9e6ebef7938342aa2df694fe,0x2147d5a5854e8222301664ebdea905cf2129477a5b1fa920e3b69c0ffde3fe7c
theo_n,18,193,false,9,13,onchain,500,189,1979758,4554511,459000,532310,594.263800,582699,547.771000,615691,580.726600,69626,21.439000,0x098b50423eb1b80e5a7fb520438bb4f17cbf6c9b9e6ebef7938342aa2df694fe,0x09e30c2882ee8f7a4d382ee18bfb26fd8cc97e5b71b4abf04cb6ef5c20141ee8
theo_n,18,194,false,9,13,onchain,500,190,1979758,4554511,459000,532274,512.919600,582663,766.050900,615655,586.577500,69626,20.480200,0x098b50423eb1b80e5a7fb520438bb4f17cbf6c9b9e6ebef7938342aa2df694fe,0x29659717e824040f23b91d2d273626a16f2383026d93d647e324bab659038b3b
theo_n,18,195,false,9,13,onchain,500,191,1979758,4554511,459000,532286,617.110800,582675,543.143800,615667,582.881300,69626,19.503200,0x098b50423eb1b80e5a7fb520438bb4f17cbf6c9b9e6ebef7938342aa2df694fe,0x08905947031ddfd20fdb11313343efd9b643df52a76a9d8822b84478d51ef533
theo_n,18,196,false,9,13,onchain,500,192,1979758,4554511,459000,532226,540.496900,582615,543.379600,615607,563.111600,69626,26.374200,0x098b50423eb1b80e5a7fb520438bb4f17cbf6c9b9e6ebef7938342aa2df694fe,0x2623d2f0bb27f75ed651479f235215416974c7ed687818ca2eca4ed54cb0890e
theo_n,18,197,false,9,13,onchain,500,193,1979758,4554511,459000,532334,588.366300,582723,550.777700,615715,541.265100,69626,22.573000,0x098b50423eb1b80e5a7fb520438bb4f17cbf6c9b9e6ebef7938342aa2df694fe,0x17f2a18d1c6af5fbd37c56a76f8d84a8557e3f92f46b9f10c97f07498d7a3e5e
theo_n,18,198,false,9,13,onchain,500,194,1979758,4554511,459000,532334,719.719500,582723,535.345400,615715,603.476300,69626,19.775100,0x098b50423eb1b80e5a7fb520438bb4f17cbf6c9b9e6ebef7938342aa2df694fe,0x080444fd3d681818265e4b132c34ac5d5d0913ad9cde27ae4b3bc8bec9a476aa
theo_n,18,199,false,9,13,onchain,500,195,1979758,4554511,459000,532298,525.037800,582675,630.935800,615667,663.782700,69614,33.191000,0x098b50423eb1b80e5a7fb520438bb4f17cbf6c9b9e6ebef7938342aa2df694fe,0x0650d03351bfa136d51cb721acb4868d9022e9febefe6b28499f0f004f36071e
theo_n,18,200,false,9,13,onchain,500,196,1979758,4554511,459000,532310,575.581800,582699,547.399800,615691,582.979500,69626,26.787700,0x098b50423eb1b80e5a7fb520438bb4f17cbf6c9b9e6ebef7938342aa2df694fe,0x1dce569b979e4239dd9eb95272649e1f5bc3375080e9be8f146870ec3767764c
theo_n,18,201,false,9,13,onchain,500,197,1979758,4554511,459000,532214,564.665000,582603,601.957100,615595,565.587700,69626,19.633700,0x098b50423eb1b80e5a7fb520438bb4f17cbf6c9b9e6ebef7938342aa2df694fe,0x229060fc460a01a09958347d142e63e18fac8e663a93f9c0a697618459f11091
theo_n,18,202,false,9,13,onchain,500,198,1979758,4554511,459000,532322,615.513000,582711,565.987600,615703,575.156700,69626,22.906500,0x098b50423eb1b80e5a7fb520438bb4f17cbf6c9b9e6ebef7938342aa2df694fe,0x14c6c58b860df7cf32a61fa6440107908bc1f58866b5291b6fc0266a44cc4347
theo_n,18,203,false,9,13,onchain,500,199,1979758,4554511,459000,532262,527.225300,582639,565.010900,615631,592.838000,69614,22.355100,0x098b50423eb1b80e5a7fb520438bb4f17cbf6c9b9e6ebef7938342aa2df694fe,0x2c6eca6e9dddf0c400924a7e305eebe78c57a0d68da8b8afe9343f8bb69af311
theo_n,18,204,false,9,13,onchain,500,200,1979758,4554511,459000,532250,551.495500,582639,563.962000,615631,588.054600,69626,24.754000,0x098b50423eb1b80e5a7fb520438bb4f17cbf6c9b9e6ebef7938342aa2df694fe,0x26d10e610f5a898caa541893e7c74d8b589b1bca141f9d5c12129f0ac8c2c4de
theo_n,18,205,false,9,13,onchain,500,201,1979758,4554511,459000,532250,534.255700,582627,547.336900,615619,563.726300,69614,31.037900,0x098b50423eb1b80e5a7fb520438bb4f17cbf6c9b9e6ebef7938342aa2df694fe,0x1de79d5b678871b100b2b73ad88c37f56b46d8c4d0981df6850d7f290419f46f
theo_n,18,206,false,9,13,onchain,500,202,1979758,4554511,459000,532310,541.416500,582699,552.028300,615691,581.808600,69626,21.299200,0x098b50423eb1b80e5a7fb520438bb4f17cbf6c9b9e6ebef7938342aa2df694fe,0x1e084c1e93a570dd4dd924a63074f8e4144d31f5484d14bf9e43031a1408dd37
theo_n,18,207,false,9,13,onchain,500,203,1979758,4554511,459000,532262,556.148300,582651,578.742300,615643,583.833300,69626,27.479600,0x098b50423eb1b80e5a7fb520438bb4f17cbf6c9b9e6ebef7938342aa2df694fe,0x2b491f2eb4c3f055d7784d7f4a35a5a0ffbd04a7375b5db1796d27992d6a78a4
theo_n,18,208,false,9,13,onchain,500,204,1979758,4554511,459000,532394,543.030000,582783,579.301500,615775,678.136400,69626,24.850000,0x098b50423eb1b80e5a7fb520438bb4f17cbf6c9b9e6ebef7938342aa2df694fe,0x2207f01b23ccc5d511b22b388ece1132266a457ae6354b500e3371d8b7b47b8f
theo_n,18,209,false,9,13,onchain,500,205,1979758,4554511,459000,532262,548.062600,582651,532.429500,615643,583.031300,69626,27.460800,0x098b50423eb1b80e5a7fb520438bb4f17cbf6c9b9e6ebef7938342aa2df694fe,0x2820b06f5df5d3e5eac9c631774e2ed85c977ab1010eff6d64f3fb624ad7d7a3
theo_n,18,210,false,9,13,onchain,500,206,1979758,4554511,459000,532322,553.524800,582711,608.253100,615703,589.708600,69626,22.135300,0x098b50423eb1b80e5a7fb520438bb4f17cbf6c9b9e6ebef7938342aa2df694fe,0x27a17ea0f0816d8c2987f01b465a7a7c34a96adc62fd86ae42af4cc4a760bd5b
theo_n,18,211,false,9,13,onchain,500,207,1979758,4554511,459000,532322,566.348700,582711,553.951000,615703,571.069100,69626,24.437500,0x098b50423eb1b80e5a7fb520438bb4f17cbf6c9b9e6ebef7938342aa2df694fe,0x2838bb09aca0424f32baa130c15f81e5704a68065f6de6f27979fc196863b7ae
theo_n,18,212,false,9,13,onchain,500,208,1979758,4554511,459000,532358,559.244400,582747,565.690400,615739,550.446600,69626,17.454700,0x098b50423eb1b80e5a7fb520438bb4f17cbf6c9b9e6ebef7938342aa2df694fe,0x08253658a1a878506ef21181f0975c66ef755715fd66e1573da2305eb0cd2780
theo_n,18,213,false,9,13,onchain,500,209,1979758,4554511,459000,532166,698.713800,582555,577.538200,615547,572.001100,69626,22.261900,0x098b50423eb1b80e5a7fb520438bb4f17cbf6c9b9e6ebef7938342aa2df694fe,0x10b028218147aff279afc8483c1d0f2f720bcbff9e7b277074e6f5964c6c1c75
theo_n,18,214,false,9,13,onchain,500,210,1979758,4554511,459000,532298,544.244000,582687,614.093600,615679,768.585000,69626,22.623000,0x098b50423eb1b80e5a7fb520438bb4f17cbf6c9b9e6ebef7938342aa2df694fe,0x2173732b56584682acdb72c0eb05938ecaa2a2cf7d64074b54076a03bc11d903
theo_n,18,215,false,9,13,onchain,500,211,1979758,4554511,459000,532322,599.809400,582711,547.457600,615703,592.887300,69626,23.314700,0x098b50423eb1b80e5a7fb520438bb4f17cbf6c9b9e6ebef7938342aa2df694fe,0x18f62f27b02c5bdf99fc82b37e136b28c8b03690f7a779e123ec15b179a41357
theo_n,18,216,false,9,13,onchain,500,212,1979758,4554511,459000,532262,536.830200,582651,580.814200,615643,587.053700,69626,22.250000,0x098b50423eb1b80e5a7fb520438bb4f17cbf6c9b9e6ebef7938342aa2df694fe,0x0522989be561c3acf3d13b8ce2579c69fd82702309650aa02dc3f0f1a3aeb51e
theo_n,18,217,false,9,13,onchain,500,213,1979758,4554511,459000,532286,636.904900,582663,557.179200,615655,557.780000,69614,21.344000,0x098b50423eb1b80e5a7fb520438bb4f17cbf6c9b9e6ebef7938342aa2df694fe,0x00abfd86d0b7cd3ef4c548a4842e95cd198e8c13f5984cf7744328f643ecda38
theo_n,18,218,false,9,13,onchain,500,214,1979758,4554511,459000,532322,617.285300,582699,597.343200,615691,555.875200,69614,22.798200,0x098b50423eb1b80e5a7fb520438bb4f17cbf6c9b9e6ebef7938342aa2df694fe,0x00e72a74ffeafc01ff3bc87cbe9cb8991e6ddf6a62704eee18f298fb44947a54
theo_n,18,219,false,9,13,onchain,500,215,1979758,4554511,459000,532406,526.260800,582795,616.029200,615787,637.875900,69626,20.430200,0x098b50423eb1b80e5a7fb520438bb4f17cbf6c9b9e6ebef7938342aa2df694fe,0x09bd4c44b0d8c3f95e85a7ea7eaad034d0bb4a071151c4602d4c25a063e655a3
theo_n,18,220,false,9,13,onchain,500,216,1979758,4554511,459000,532346,604.341000,582723,555.711400,615715,609.236700,69614,27.508400,0x098b50423eb1b80e5a7fb520438bb4f17cbf6c9b9e6ebef7938342aa2df694fe,0x1da98d0d586ad726f7d6d36d081f3b5ddaff00b0e568dc30c9263430f45d0efd
theo_n,18,221,false,9,13,onchain,500,217,1979758,4554511,459000,532262,544.905600,582639,661.095400,615631,601.891600,69614,24.119300,0x098b50423eb1b80e5a7fb520438bb4f17cbf6c9b9e6ebef7938342aa2df694fe,0x0d332cc6cfca7d979739d690576d83fa594a7fade7d1ed233baee5eee47c00aa
theo_n,18,222,false,9,13,onchain,500,218,1979758,4554511,459000,532346,590.209100,582735,579.282300,615727,619.150400,69626,28.487500,0x098b50423eb1b80e5a7fb520438bb4f17cbf6c9b9e6ebef7938342aa2df694fe,0x04df1709421261492f4643397ca9c5a3205a57917e5467927d5d95111e631b98
theo_n,18,223,false,9,13,onchain,500,219,1979758,4554511,459000,532214,567.707500,582603,561.204900,615595,553.096700,69626,22.046500,0x098b50423eb1b80e5a7fb520438bb4f17cbf6c9b9e6ebef7938342aa2df694fe,0x0ca39f899831fd4e5448e7ade10af02c0e1c50d9b33334800989497f9e26e93b
theo_n,18,224,false,9,13,onchain,500,220,1979758,4554511,459000,532226,542.721300,582615,547.686000,615607,657.112800,69626,24.433100,0x098b50423eb1b80e5a7fb520438bb4f17cbf6c9b9e6ebef7938342aa2df694fe,0x17b533f22fbbd4525ea0cb1d23064c62e4d5d81c56b9f425542cd2b8500fe93f
theo_n,18,225,false,9,13,onchain,500,221,1979758,4554511,459000,532214,533.085700,582603,697.527200,615595,632.617900,69626,21.564900,0x098b50423eb1b80e5a7fb520438bb4f17cbf6c9b9e6ebef7938342aa2df694fe,0x30284ab4f906ef741017b6ba866c480fe26022712c2b1f47925878df7ead3942
theo_n,18,226,false,9,13,onchain,500,222,1979758,4554511,459000,532190,596.515300,582579,594.648100,615571,647.957500,69626,22.610900,0x098b50423eb1b80e5a7fb520438bb4f17cbf6c9b9e6ebef7938342aa2df694fe,0x230719c7f7508d7995106104b0fba8547e5ccbc3b2237e6c3681908b8908eb25
theo_n,18,227,false,9,13,onchain,500,223,1979758,4554511,459000,532310,579.979600,582687,691.826700,615679,652.135600,69614,25.117500,0x098b50423eb1b80e5a7fb520438bb4f17cbf6c9b9e6ebef7938342aa2df694fe,0x05e321b5b73ae7dc708200813248dc8ce759f76786404cca834d23fbda676330
theo_n,18,228,false,9,13,onchain,500,224,1979758,4554511,459000,532334,618.341900,582723,574.288700,615715,644.871700,69626,22.973900,0x098b50423eb1b80e5a7fb520438bb4f17cbf6c9b9e6ebef7938342aa2df694fe,0x04f16424a036c1c8b8b62ac3f6fbf1afe4161d95f2745ca23620b11c345ec204
theo_n,18,229,false,9,13,onchain,500,225,1979758,4554511,459000,532298,562.505500,582687,578.963200,615679,653.683900,69626,20.267700,0x098b50423eb1b80e5a7fb520438bb4f17cbf6c9b9e6ebef7938342aa2df694fe,0x1683ef468d4cd009c3194edbbb010a088da918a0690b8a067343e416a6a4b7ff
theo_n,18,230,false,9,13,onchain,500,226,1979758,4554511,459000,532202,591.222400,582579,663.135800,615571,615.496900,69614,25.314700,0x098b50423eb1b80e5a7fb520438bb4f17cbf6c9b9e6ebef7938342aa2df694fe,0x019f440d4f71344df6e4a73f4d2b76d8d021ff64e9805774b700ff240c7e6290
theo_n,18,231,false,9,13,onchain,500,227,1979758,4554511,459000,532334,610.652900,582723,741.854000,615715,625.553900,69626,44.250000,0x098b50423eb1b80e5a7fb520438bb4f17cbf6c9b9e6ebef7938342aa2df694fe,0x2cd3b78cb474d98ab26e82eec456c2b501e97e323c15f190d62a4d50eccd5f21
theo_n,18,232,false,9,13,onchain,500,228,1979758,4554511,459000,532370,600.448400,582759,624.363900,615751,604.111300,69626,33.556100,0x098b50423eb1b80e5a7fb520438bb4f17cbf6c9b9e6ebef7938342aa2df694fe,0x0cd75776cd07fe51cb25d1b9af220f8010d0b1b48eabf6f7c90ee35094b60e35
theo_n,18,233,false,9,13,onchain,500,229,1979758,4554511,459000,532202,567.103600,582591,588.154200,615583,622.816500,69626,27.651000,0x098b50423eb1b80e5a7fb520438bb4f17cbf6c9b9e6ebef7938342aa2df694fe,0x2af48b45a7202a164a90ca6a1725e39467f70a524ea74dfae76a0a6dc0b7be0b
theo_n,18,234,false,9,13,onchain,500,230,1979758,4554511,459000,532226,584.648100,582603,579.777800,615595,593.325400,69626,28.640200,0x098b50423eb1b80e5a7fb520438bb4f17cbf6c9b9e6ebef7938342aa2df694fe,0x0aa6ce31e57d744ae008aec740817366db5ec92d41d4b40a440c5b1c0eb2cd57
theo_n,18,235,false,9,13,onchain,500,231,1979758,4554511,459000,532226,571.784200,582615,548.335200,615607,634.411200,69626,18.716000,0x098b50423eb1b80e5a7fb520438bb4f17cbf6c9b9e6ebef7938342aa2df694fe,0x278b7b3a14762423c4cb23f6ef2bed5f69f610ad64b09fb228de4bdd7b449931
theo_n,18,236,false,9,13,onchain,500,232,1979758,4554511,459000,532310,532.716200,582687,613.294400,615679,636.787400,69614,31.679900,0x098b50423eb1b80e5a7fb520438bb4f17cbf6c9b9e6ebef7938342aa2df694fe,0x008535962f0a38daf6d8b95158c3c95e2415b4e90d11089c37356fc331072ead
theo_n,18,237,false,9,13,onchain,500,233,1979758,4554511,459000,532298,605.360400,582687,565.361400,615679,600.587900,69626,22.931200,0x098b50423eb1b80e5a7fb520438bb4f17cbf6c9b9e6ebef7938342aa2df694fe,0x1f283c30d18bf09f79126ecf806edc3bf784d5e0f9725586679bfe0e9c141c4e
theo_n,18,238,false,9,13,onchain,500,234,1979758,4554511,459000,532358,531.217000,582735,609.239200,615727,587.929000,69626,22.485800,0x098b50423eb1b80e5a7fb520438bb4f17cbf6c9b9e6ebef7938342aa2df694fe,0x0ca1cac7f7c4ab67a0c13fbe4385bbfcc207f7258be5b10a821c9e35368bc57c
theo_n,18,239,false,9,13,onchain,500,235,1979758,4554511,459000,532334,533.513000,582723,545.845100,615715,600.127700,69626,30.590100,0x098b50423eb1b80e5a7fb520438bb4f17cbf6c9b9e6ebef7938342aa2df694fe,0x1ee64ecdb87fe16d9a0b2d0a42e45479ccd2fa4753d872229767dfbf44cdf2d9
theo_n,18,240,false,9,13,onchain,500,236,1979758,4554511,459000,532286,550.964000,582675,566.951300,615667,540.895500,69626,30.766100,0x098b50423eb1b80e5a7fb520438bb4f17cbf6c9b9e6ebef7938342aa2df694fe,0x0c61a809f53d171aeb13efc2823b433ee74a4bcb86fcca2c0bbe028b9567aba6
theo_n,18,241,false,9,13,onchain,500,237,1979758,4554511,459000,532358,524.751400,582747,719.671400,615739,572.499600,69626,22.958500,0x098b50423eb1b80e5a7fb520438bb4f17cbf6c9b9e6ebef7938342aa2df694fe,0x249a5db4d7eb6525105d286d5866fa9da2af5e066720dd3e559dc51efb9f1ffb
theo_n,18,242,false,9,13,onchain,500,238,1979758,4554511,459000,532190,560.471900,582579,582.347900,615571,570.359100,69626,26.042800,0x098b50423eb1b80e5a7fb520438bb4f17cbf6c9b9e6ebef7938342aa2df694fe,0x0702f314a3e92da936be90effa3dcc080d999f2e509ef50c2c1d79b4fc8f6bcd
theo_n,18,243,false,9,13,onchain,500,239,1979758,4554511,459000,532238,529.572600,582627,621.233900,615619,587.754700,69626,19.934300,0x098b50423eb1b80e5a7fb520438bb4f17cbf6c9b9e6ebef7938342aa2df694fe,0x0a4b98013160def93d32ab9bd72b198ed733f55b2afe206df82a3170ae024fdf
theo_n,18,244,false,9,13,onchain,500,240,1979758,4554511,459000,532394,533.000300,582783,570.662100,615775,760.152800,69626,22.316100,0x098b50423eb1b80e5a7fb520438bb4f17cbf6c9b9e6ebef7938342aa2df694fe,0x06e7126768d8e8ff17cce3aab2c4804e1cbd3fe8097a56fccac32ae30136f0ca
theo_n,18,245,false,9,13,onchain,500,241,1979758,4554511,459000,532286,563.886600,582675,627.426100,615667,573.654200,69626,22.492700,0x098b50423eb1b80e5a7fb520438bb4f17cbf6c9b9e6ebef7938342aa2df694fe,0x0a3decc0377e13f60cc834863b77ceedbe0fe45696b715b64b35cde307d12ba3
theo_n,18,246,false,9,13,onchain,500,242,1979758,4554511,459000,532334,630.691000,582723,651.329600,615715,580.351700,69626,33.209100,0x098b50423eb1b80e5a7fb520438bb4f17cbf6c9b9e6ebef7938342aa2df694fe,0x27797a9f69d6b0d7d985d0a46cd91f3d36c9fa86cdbeaa89ce2415172e64f190
theo_n,18,247,false,9,13,onchain,500,243,1979758,4554511,459000,532214,582.272000,582603,558.749100,615595,602.728100,69626,23.421200,0x098b50423eb1b80e5a7fb520438bb4f17cbf6c9b9e6ebef7938342aa2df694fe,0x12e45f07466eecaf4f209e0a6519f666d88d455427c1d676657f276d56339d2f
theo_n,18,248,false,9,13,onchain,500,244,1979758,4554511,459000,532202,526.195500,582591,556.740000,615583,605.335400,69626,21.769500,0x098b50423eb1b80e5a7fb520438bb4f17cbf6c9b9e6ebef7938342aa2df694fe,0x181adf32cfe9935cd5593d715f3eddd6c12cf801141af0412b5002665fb58cf2
theo_n,18,249,false,9,13,onchain,500,245,1979758,4554511,459000,532334,540.550900,582723,537.240800,615715,608.859200,69626,30.469300,0x098b50423eb1b80e5a7fb520438bb4f17cbf6c9b9e6ebef7938342aa2df694fe,0x0293847ef66f11fb996f93396f52d4a36106d51fcac611aab6fc2563d36d3847
theo_n,18,250,false,9,13,onchain,500,246,1979758,4554511,459000,532406,579.488000,582795,551.048700,615787,547.478100,69626,34.617200,0x098b50423eb1b80e5a7fb520438bb4f17cbf6c9b9e6ebef7938342aa2df694fe,0x1d92e48e7b37a5203801541414b263b923580ad1025d8385894bced6f5edf1b9
theo_n,18,251,false,9,13,onchain,500,247,1979758,4554511,459000,532298,521.344500,582687,577.186900,615679,534.862800,69626,27.353400,0x098b50423eb1b80e5a7fb520438bb4f17cbf6c9b9e6ebef7938342aa2df694fe,0x30131b16109882349645b305078a9fecd21cd7a7804f32b913f07d7e73239a54
theo_n,18,252,false,9,13,onchain,500,248,1979758,4554511,459000,532286,545.319300,582675,576.083100,615667,608.866000,69626,32.356900,0x098b50423eb1b80e5a7fb520438bb4f17cbf6c9b9e6ebef7938342aa2df694fe,0x0fc687a2a0ff407060788cff48a8795fb72c5d5c1c5e7ace3017c12ace37d25b
theo_n,18,253,false,9,13,onchain,500,249,1979758,4554511,459000,532286,528.693900,582675,575.131500,615667,575.799000,69626,26.074100,0x098b50423eb1b80e5a7fb520438bb4f17cbf6c9b9e6ebef7938342aa2df694fe,0x22883b823b1489571b9345548d36e8a954dcd025de0b04f7911cb92ddae9f0c0
theo_n,18,254,false,9,13,onchain,500,250,1979758,4554511,459000,532262,529.299700,582651,614.234500,615643,561.314000,69626,26.092900,0x098b50423eb1b80e5a7fb520438bb4f17cbf6c9b9e6ebef7938342aa2df694fe,0x06aefe36889e944554c0bfba064c14099209324c84484f7cead0b0fc2721cedb
theo_n,18,255,false,9,13,onchain,500,251,1979758,4554511,459000,532298,612.854200,582687,547.045500,615679,588.647800,69626,39.589500,0x098b50423eb1b80e5a7fb520438bb4f17cbf6c9b9e6ebef7938342aa2df694fe,0x145d657f21439dc6c9e2bde7ace48104cea658ee03160bb6a74dfa6f77de8aab
theo_n,18,256,false,9,13,onchain,500,252,1979758,4554511,459000,532262,574.370400,582651,555.788800,615643,556.983300,69626,31.465700,0x098b50423eb1b80e5a7fb520438bb4f17cbf6c9b9e6ebef7938342aa2df694fe,0x213a5c53e8d401a727fc495f82c4f9716da4d586351dd9d2c2937aee940256b7
theo_n,18,257,false,9,13,onchain,500,253,1979758,4554511,459000,532406,686.414500,582795,601.742300,615787,745.022400,69626,28.768800,0x098b50423eb1b80e5a7fb520438bb4f17cbf6c9b9e6ebef7938342aa2df694fe,0x129596920613df72f1b51a01ba2d240dde9189ba8bce571a63a1f6c061efb954
theo_n,18,258,false,9,13,onchain,500,254,1979758,4554511,459000,532274,583.195700,582663,538.098100,615655,562.616400,69626,24.808800,0x098b50423eb1b80e5a7fb520438bb4f17cbf6c9b9e6ebef7938342aa2df694fe,0x09b8f8929d1692fe3d358cc25686295748c1b1fadfb7c30cbfec622f9d80fd05
theo_n,18,259,false,9,13,onchain,500,255,1979758,4554511,459000,532346,542.153100,582735,541.983600,615727,608.337000,69626,24.211800,0x098b50423eb1b80e5a7fb520438bb4f17cbf6c9b9e6ebef7938342aa2df694fe,0x0bab4493bbfde736a38be14ea8fdfde66333ae2107cfb41a9ddac4a3e9abb33b
theo_n,18,260,false,9,13,onchain,500,256,1979758,4554511,459000,532262,554.824600,582639,776.647000,615631,564.457100,69626,23.446000,0x098b50423eb1b80e5a7fb520438bb4f17cbf6c9b9e6ebef7938342aa2df694fe,0x0273dfe329a161d0be4c0399d8130f91715f853183f8d2686ea659408b63e85a
theo_n,18,261,false,9,13,onchain,500,257,1979758,4554511,459000,532154,602.457100,582543,555.897500,615535,582.946100,69626,23.135000,0x098b50423eb1b80e5a7fb520438bb4f17cbf6c9b9e6ebef7938342aa2df694fe,0x05e37e2666d2b2839c4d81cc0598d09f164406dcbfeedc117caaf487a940f444
theo_n,18,262,false,9,13,onchain,500,258,1979758,4554511,459000,532250,533.113200,582639,559.920200,615631,615.471500,69626,19.428300,0x098b50423eb1b80e5a7fb520438bb4f17cbf6c9b9e6ebef7938342aa2df694fe,0x256f742a38acf6c1a9515ef36c9e4f1eb465c1084cb78949dc4b638af40d646e
theo_n,18,263,false,9,13,onchain,500,259,1979758,4554511,459000,532286,531.980700,582663,549.453100,615655,570.958500,69626,27.106500,0x098b50423eb1b80e5a7fb520438bb4f17cbf6c9b9e6ebef7938342aa2df694fe,0x22da3d99a866b36f51c982949d7239cdda27998316552d92d9f9da5f34170e9a
theo_n,18,264,false,9,13,onchain,500,260,1979758,4554511,459000,532310,565.544900,582699,565.102300,615691,562.198600,69626,25.518300,0x098b50423eb1b80e5a7fb520438bb4f17cbf6c9b9e6ebef7938342aa2df694fe,0x2eeb16245d057e1c821d3d115ab4b5dfaaaa7645ac5e97c43a56a1f4a7150914
theo_n,18,265,false,9,13,onchain,500,261,1979758,4554511,459000,532238,579.197600,582627,575.537500,615619,556.295600,69626,24.549200,0x098b50423eb1b80e5a7fb520438bb4f17cbf6c9b9e6ebef7938342aa2df694fe,0x050f3eb658ce524599a8aa3b8d7270a9f39f9024f520e07d9c2957bbac0dd83f
theo_n,18,266,false,9,13,onchain,500,262,1979758,4554511,459000,532298,568.184700,582687,619.359300,615679,575.038600,69626,22.248600,0x098b50423eb1b80e5a7fb520438bb4f17cbf6c9b9e6ebef7938342aa2df694fe,0x2ba47ecc5714b6eb7047b965817a6105041146195243108b88a4aaef2ad003c8
theo_n,18,267,false,9,13,onchain,500,263,1979758,4554511,459000,532262,576.399700,582651,568.336700,615643,571.509000,69626,25.216800,0x098b50423eb1b80e5a7fb520438bb4f17cbf6c9b9e6ebef7938342aa2df694fe,0x2e324cb62c1f9e76d2ebad95ab692d390a6dff346fcc2f8c952dd39314156fb9
theo_n,18,268,false,9,13,onchain,500,264,1979758,4554511,459000,532190,582.603000,582579,541.390200,615571,579.440700,69626,27.190900,0x098b50423eb1b80e5a7fb520438bb4f17cbf6c9b9e6ebef7938342aa2df694fe,0x25f19f2ed933082d6fbbb5bfac709e94b22d54cd2a606841adea1e0f33252529
theo_n,18,269,false,9,13,onchain,500,265,1979758,4554511,459000,532250,548.125900,582639,552.651600,615631,547.494700,69626,23.904800,0x098b50423eb1b80e5a7fb520438bb4f17cbf6c9b9e6ebef7938342aa2df694fe,0x1b73fd036c6904bf7a1b55a35ef8a0322d4aa1afacbdc5b1f5dadda95f2e80d9
theo_n,18,270,false,9,13,onchain,500,266,1979758,4554511,459000,532250,598.067700,582639,816.386500,615631,975.861100,69626,20.778100,0x098b50423eb1b80e5a7fb520438bb4f17cbf6c9b9e6ebef7938342aa2df694fe,0x0d1a891904ce26bcee3cb9f193ef9b557a571025c13617efc5ff3fb14a736eb4
theo_n,18,271,false,9,13,onchain,500,267,1979758,4554511,459000,532262,562.248400,582639,694.579100,615631,548.518400,69614,20.524100,0x098b50423eb1b80e5a7fb520438bb4f17cbf6c9b9e6ebef7938342aa2df694fe,0x07a55a2cc78db673d6ae5e20b0ea0a4dc4565731018c7ff217b15c0007aed7f2
theo_n,18,272,false,9,13,onchain,500,268,1979758,4554511,459000,532370,612.331900,582759,545.484300,615751,575.832700,69626,28.104900,0x098b50423eb1b80e5a7fb520438bb4f17cbf6c9b9e6ebef7938342aa2df694fe,0x1b3425cd994444788f818746c2e7c494544d30a6badeb85248e6ba6f4e1a800c
theo_n,18,273,false,9,13,onchain,500,269,1979758,4554511,459000,532262,520.010600,582651,595.112400,615643,694.074400,69626,16.876600,0x098b50423eb1b80e5a7fb520438bb4f17cbf6c9b9e6ebef7938342aa2df694fe,0x2c26f5f83ded0ff33db808a3707ddc761b49e85e1553363811613e0c2c9d3d55
theo_n,18,274,false,9,13,onchain,500,270,1979758,4554511,459000,532370,554.275100,582759,803.287400,615751,573.458900,69626,22.356600,0x098b50423eb1b80e5a7fb520438bb4f17cbf6c9b9e6ebef7938342aa2df694fe,0x27ab6471727dff3719ef7ffc1265547db50f19af6e3dfad86ccb95714f9a5d7e
theo_n,18,275,false,9,13,onchain,500,271,1979758,4554511,459000,532346,643.241600,582735,548.519700,615727,621.101600,69626,21.443600,0x098b50423eb1b80e5a7fb520438bb4f17cbf6c9b9e6ebef7938342aa2df694fe,0x2eb89a47bfcb01aafba101688f54b1a659eaf923abcdf6feedf40c3336f23910
theo_n,18,276,false,9,13,onchain,500,272,1979758,4554511,459000,532226,550.574400,582603,554.403600,615595,589.503100,69626,23.499700,0x098b50423eb1b80e5a7fb520438bb4f17cbf6c9b9e6ebef7938342aa2df694fe,0x01f877af3a44c875c5ed8ce6ff874d7f2e729e436c223d071c9bab848171ec74
theo_n,18,277,false,9,13,onchain,500,273,1979758,4554511,459000,532286,533.934900,582675,528.826900,615667,639.235500,69626,24.874300,0x098b50423eb1b80e5a7fb520438bb4f17cbf6c9b9e6ebef7938342aa2df694fe,0x1540aab8dbb6cec70f4bcd0ce7a9a9ec2d01ae732153d9b3ce0132b30e5b4b79
theo_n,18,278,false,9,13,onchain,500,274,1979758,4554511,459000,532262,557.806100,582651,603.458300,615643,561.839700,69626,21.041600,0x098b50423eb1b80e5a7fb520438bb4f17cbf6c9b9e6ebef7938342aa2df694fe,0x2472614978251e972b800f9d3fa0c405855b30b1bf99b4d2bded5447950babd5
theo_n,18,279,false,9,13,onchain,500,275,1979758,4554511,459000,532214,575.531200,582591,554.474300,615583,630.437800,69614,25.902500,0x098b50423eb1b80e5a7fb520438bb4f17cbf6c9b9e6ebef7938342aa2df694fe,0x2ecc7b3800f519a1cdbfd4ae30504aa32c2ac390744aeef4ea5d705ec794980c
theo_n,18,280,false,9,13,onchain,500,276,1979758,4554511,459000,532322,536.728300,582711,592.430100,615703,607.435300,69626,27.914700,0x098b50423eb1b80e5a7fb520438bb4f17cbf6c9b9e6ebef7938342aa2df694fe,0x16e181e2115c35c95e67629e1e264b486e3cd2a23231458b49757292f76d6e4b
theo_n,18,281,false,9,13,onchain,500,277,1979758,4554511,459000,532322,602.986700,582711,574.889400,615703,571.028800,69626,24.485800,0x098b50423eb1b80e5a7fb520438bb4f17cbf6c9b9e6ebef7938342aa2df694fe,0x0fa08a215862bfe0e4c17fd8a7fc50c2305c2fd26baa4a1fa80b8af9f36c5d20
theo_n,18,282,false,9,13,onchain,500,278,1979758,4554511,459000,532322,532.656600,582711,533.066800,615703,576.764000,69626,28.981800,0x098b50423eb1b80e5a7fb520438bb4f17cbf6c9b9e6ebef7938342aa2df694fe,0x1b3bf5c183a4d79b4be51a4c7850892bb9bce49b7de06522e8e2a9fb90360c13
theo_n,18,283,false,9,13,onchain,500,279,1979758,4554511,459000,532334,571.730800,582723,585.326000,615715,795.416200,69626,17.186100,0x098b50423eb1b80e5a7fb520438bb4f17cbf6c9b9e6ebef7938342aa2df694fe,0x0aaaf59b863c164df792e94c16b3b8ada0c468ca3bd179729d18462393cddda0
theo_n,18,284,false,9,13,onchain,500,280,1979758,4554511,459000,532310,572.848900,582699,562.898500,615691,590.321000,69626,23.669800,0x098b50423eb1b80e5a7fb520438bb4f17cbf6c9b9e6ebef7938342aa2df694fe,0x2b2e7002b4fde9470b70626703405c69ea6084bb225ab36c13cce721e6956ef3
theo_n,18,285,false,9,13,onchain,500,281,1979758,4554511,459000,532274,537.835200,582639,574.879900,615631,563.492800,69626,25.649300,0x098b50423eb1b80e5a7fb520438bb4f17cbf6c9b9e6ebef7938342aa2df694fe,0x1431efacf1ed954c67b3e8d4d12850b1e7a1f3d8aa3e1c579094e8e871582c83
theo_n,18,286,false,9,13,onchain,500,282,1979758,4554511,459000,532298,561.649900,582687,619.946100,615679,703.592700,69626,62.659000,0x098b50423eb1b80e5a7fb520438bb4f17cbf6c9b9e6ebef7938342aa2df694fe,0x0ce9a17572619681e0ae731dd40898647339b9416c0aaba7d464bf42a07f4b78
theo_n,18,287,false,9,13,onchain,500,283,1979758,4554511,459000,532250,547.843800,582639,546.513700,615631,579.533100,69626,21.419200,0x098b50423eb1b80e5a7fb520438bb4f17cbf6c9b9e6ebef7938342aa2df694fe,0x26154f6664745752deecbb5ba83bd486b93ac9c77cc804c65d16fba210fe7909
theo_n,18,288,false,9,13,onchain,500,284,1979758,4554511,459000,532310,517.885500,582699,605.171400,615691,562.999800,69626,21.608800,0x098b50423eb1b80e5a7fb520438bb4f17cbf6c9b9e6ebef7938342aa2df694fe,0x2c72121ede22164e725242e3e6d4bcfb26dc7d7f3b8da76187489274d70b8a6f
theo_n,18,289,false,9,13,onchain,500,285,1979758,4554511,459000,532298,627.117400,582687,573.006200,615679,575.651800,69626,20.721700,0x098b50423eb1b80e5a7fb520438bb4f17cbf6c9b9e6ebef7938342aa2df694fe,0x03b2a12c78d2b5f466ab8b3f25a12b8df133b21dc585f9274af9daf158fa8d42
theo_n,18,290,false,9,13,onchain,500,286,1979758,4554511,459000,532310,525.960000,582699,536.289900,615691,574.760100,69626,30.478600,0x098b50423eb1b80e5a7fb520438bb4f17cbf6c9b9e6ebef7938342aa2df694fe,0x02b78917243752d5eb913f64f02c2b30b97ca4f9d3cfc8f00da4d48c8feb2a88
theo_n,18,291,false,9,13,onchain,500,287,1979758,4554511,459000,532178,540.044500,582555,549.288000,615547,593.260600,69614,19.877600,0x098b50423eb1b80e5a7fb520438bb4f17cbf6c9b9e6ebef7938342aa2df694fe,0x1da77fd8de37566085180015fec8404cacf7a2d5cd180288bb2944142ff5bf89
theo_n,18,292,false,9,13,onchain,500,288,1979758,4554511,459000,532358,576.438800,582747,609.801100,615739,575.162900,69626,26.793900,0x098b50423eb1b80e5a7fb520438bb4f17cbf6c9b9e6ebef7938342aa2df694fe,0x1e658b47f89ceabf271c6f8f44451fbc0dcc3395e05370047bd0df20381091ef
theo_n,18,293,false,9,13,onchain,500,289,1979758,4554511,459000,532262,518.853700,582651,580.547600,615643,606.075200,69626,22.314700,0x098b50423eb1b80e5a7fb520438bb4f17cbf6c9b9e6ebef7938342aa2df694fe,0x0a195ed7a2d9704acd2e32b8077bb3309442f51b505fcf3f8155664707ce3104
theo_n,18,294,false,9,13,onchain,500,290,1979758,4554511,459000,532322,548.288800,582699,529.651700,615691,617.362500,69626,19.734100,0x098b50423eb1b80e5a7fb520438bb4f17cbf6c9b9e6ebef7938342aa2df694fe,0x1ec09be06e6c9211551e6b993af8a5c1702f96b177c3af931b079059ba0dec2e
theo_n,18,295,false,9,13,onchain,500,291,1979758,4554511,459000,532202,542.447000,582591,589.683300,615583,565.301800,69626,57.290300,0x098b50423eb1b80e5a7fb520438bb4f17cbf6c9b9e6ebef7938342aa2df694fe,0x2c6bf8a146bc421ed3017f8ae39e8f649c56c07446e96d2cc210fe45ab350309
theo_n,18,296,false,9,13,onchain,500,292,1979758,4554511,459000,532298,556.425400,582687,809.184500,615679,613.507600,69626,45.055000,0x098b50423eb1b80e5a7fb520438bb4f17cbf6c9b9e6ebef7938342aa2df694fe,0x10bc1ad8741f0d3049216725d2e3aa18850e1f0776d5b583c8d7ccf54e4e8398
theo_n,18,297,false,9,13,onchain,500,293,1979758,4554511,459000,532346,568.548600,582735,612.789400,615727,640.172400,69626,25.593400,0x098b50423eb1b80e5a7fb520438bb4f17cbf6c9b9e6ebef7938342aa2df694fe,0x25d6f87b434119b3ee033b87875c280d4a0aef30b6ddb137a39f327883387c2f
theo_n,18,298,false,9,13,onchain,500,294,1979758,4554511,459000,532334,565.297100,582723,579.524500,615715,571.054600,69626,20.070100,0x098b50423eb1b80e5a7fb520438bb4f17cbf6c9b9e6ebef7938342aa2df694fe,0x2d90252085b20aa667c2b9c9519f0815e21dfde49161c106bdbfb08b20043a84
theo_n,18,299,false,9,13,onchain,500,295,1979758,4554511,459000,532238,560.589900,582615,592.773400,615607,635.067900,69614,21.509800,0x098b50423eb1b80e5a7fb520438bb4f17cbf6c9b9e6ebef7938342aa2df694fe,0x2fba855d2dbb6f112b18c55634cfe76cf45e009e902d3bbba84ef049b87791d0
theo_n,18,300,false,9,13,onchain,500,296,1979758,4554511,459000,532274,546.985700,582663,569.981300,615655,620.647400,69626,33.079400,0x098b50423eb1b80e5a7fb520438bb4f17cbf6c9b9e6ebef7938342aa2df694fe,0x26ed0f074a95c716a837803a907ad3e7099d6f56e27020bab5828bf905560fcf
theo_n,18,301,false,9,13,onchain,500,297,1979758,4554511,459000,532322,577.569400,582711,559.677300,615703,686.723000,69626,23.269000,0x098b50423eb1b80e5a7fb520438bb4f17cbf6c9b9e6ebef7938342aa2df694fe,0x13d065a59a0f5c872fe29642c29186de6b12e548479494b95bef41be4dbc3e97
theo_n,18,302,false,9,13,onchain,500,298,1979758,4554511,459000,532238,573.312100,582615,571.807800,615607,601.746300,69614,20.086700,0x098b50423eb1b80e5a7fb520438bb4f17cbf6c9b9e6ebef7938342aa2df694fe,0x01e080677d2f1b417bd106d2d1537db95612ae997a0165701a8789b90058bd3f
theo_n,18,303,false,9,13,onchain,500,299,1979758,4554511,459000,532214,558.019300,582591,611.172100,615583,584.696100,69614,21.412500,0x098b50423eb1b80e5a7fb520438bb4f17cbf6c9b9e6ebef7938342aa2df694fe,0x0bad777ee7e53cb50bb1a34026c5b600d6b9069343a3a1ee1f82b5341284f325
theo_n,18,304,false,9,13,onchain,500,300,1979758,4554511,459000,532370,576.878000,582759,652.091000,615751,565.139100,69626,27.324400,0x098b50423eb1b80e5a7fb520438bb4f17cbf6c9b9e6ebef7938342aa2df694fe,0x29e9df1a9f6a929fb347fdd94a9a14daa7736582c5e73cdbf766d76f862b8c58
theo_n,18,305,false,9,13,onchain,500,301,1979758,4554511,459000,532214,605.083300,582603,600.922500,615595,610.677400,69626,21.763700,0x098b50423eb1b80e5a7fb520438bb4f17cbf6c9b9e6ebef7938342aa2df694fe,0x2360af7a8639854b5bf50619a49908323f70e65a2265592a8eb29257c42e46b4
theo_n,18,306,false,9,13,onchain,500,302,1979758,4554511,459000,532298,571.676500,582675,803.250100,615667,601.291200,69614,18.325000,0x098b50423eb1b80e5a7fb520438bb4f17cbf6c9b9e6ebef7938342aa2df694fe,0x28a961bf6b8ab2daac54fd3a011d9dd92fa752243b7e72901cd300e296d3d948
theo_n,18,307,false,9,13,onchain,500,303,1979758,4554511,459000,532298,601.967700,582687,611.891000,615679,578.413900,69626,22.619300,0x098b50423eb1b80e5a7fb520438bb4f17cbf6c9b9e6ebef7938342aa2df694fe,0x1dcc13891f21da1e3cc763a16afec731bb0c8988e3610b636da0b2a008d7031a
theo_n,18,308,false,9,13,onchain,500,304,1979758,4554511,459000,532298,523.958100,582687,560.679200,615679,604.195500,69626,24.574700,0x098b50423eb1b80e5a7fb520438bb4f17cbf6c9b9e6ebef7938342aa2df694fe,0x19e0202ff98298b101d39e3d4fe7f23b35f00d7c58c872115d14bcf595570357
theo_n,18,309,false,9,13,onchain,500,305,1979758,4554511,459000,532346,553.409600,582735,610.392200,615727,660.894400,69626,20.246500,0x098b50423eb1b80e5a7fb520438bb4f17cbf6c9b9e6ebef7938342aa2df694fe,0x055772e98620995bf10f5d97b951622b053e9a142ce221a2c724adcded37f455
theo_n,18,310,false,9,13,onchain,500,306,1979758,4554511,459000,532250,607.286700,582627,565.776100,615619,606.631200,69626,23.693000,0x098b50423eb1b80e5a7fb520438bb4f17cbf6c9b9e6ebef7938342aa2df694fe,0x065213b2081f56a0a24a0abf40d5812fc288f37c9abeab33898f23fd19adad1b
theo_n,18,311,false,9,13,onchain,500,307,1979758,4554511,459000,532250,541.648400,582639,582.104800,615631,600.414600,69626,24.653800,0x098b50423eb1b80e5a7fb520438bb4f17cbf6c9b9e6ebef7938342aa2df694fe,0x13deb5509b4f3f347fd99d0db5be92a5df849a1394b1a8d443ca72b5f34cf9d5
theo_n,18,312,false,9,13,onchain,500,308,1979758,4554511,459000,532298,536.081900,582687,566.497300,615679,586.043700,69626,22.793900,0x098b50423eb1b80e5a7fb520438bb4f17cbf6c9b9e6ebef7938342aa2df694fe,0x2a91370e7d4a3f84a7bbf55d3f19f42131c01e265cc5c184a50a0bf18067994f
theo_n,18,313,false,9,13,onchain,500,309,1979758,4554511,459000,532274,607.432200,582663,575.016600,615655,557.776100,69626,51.167900,0x098b50423eb1b80e5a7fb520438bb4f17cbf6c9b9e6ebef7938342aa2df694fe,0x2e9441f3b1b27ec1e9e837bf5d2e32ff106c7e6e6aea479c676958cad5fa5edf
theo_n,18,314,false,9,13,onchain,500,310,1979758,4554511,459000,532250,590.676700,582639,587.910400,615631,595.278900,69626,22.325000,0x098b50423eb1b80e5a7fb520438bb4f17cbf6c9b9e6ebef7938342aa2df694fe,0x07c71a48e349a6047c713105b236aab6c3d61b04aedf07535969e8697ad84cf1
theo_n,18,315,false,9,13,onchain,500,311,1979758,4554511,459000,532322,540.088300,582711,601.937400,615703,595.111000,69626,30.644900,0x098b50423eb1b80e5a7fb520438bb4f17cbf6c9b9e6ebef7938342aa2df694fe,0x1055ac7069959a32a5ba629e0e5a7a5817b8f3b4a69aa6abe13eff713e4aef19
theo_n,18,316,false,9,13,onchain,500,312,1979758,4554511,459000,532322,678.473500,582711,540.299000,615703,599.034100,69626,22.858800,0x098b50423eb1b80e5a7fb520438bb4f17cbf6c9b9e6ebef7938342aa2df694fe,0x095092b3da9bb6bf6c6c69e5b6819772f8288ff048b32f0c7dc3fc1c264602c0
theo_n,18,317,false,9,13,onchain,500,313,1979758,4554511,459000,532370,546.535200,582759,623.550500,615751,553.758300,69626,23.307000,0x098b50423eb1b80e5a7fb520438bb4f17cbf6c9b9e6ebef7938342aa2df694fe,0x229ff620fc9f07679db5848d8066502bdaa08314bae46156ebe6acc5610103cf
theo_n,18,318,false,9,13,onchain,500,314,1979758,4554511,459000,532310,563.934500,582699,558.056300,615691,590.889000,69626,22.096000,0x098b50423eb1b80e5a7fb520438bb4f17cbf6c9b9e6ebef7938342aa2df694fe,0x2a8c93405a03ec7df6408002ed9e3324d84c46bc227d44d3537e739d6d377147
theo_n,18,319,false,9,13,onchain,500,315,1979758,4554511,459000,532274,541.425900,582663,551.500500,615655,578.182200,69626,27.038800,0x098b50423eb1b80e5a7fb520438bb4f17cbf6c9b9e6ebef7938342aa2df694fe,0x010c0957ae5bba1a2d5d707b26a2488ef46da238b08f879be8aa979387cfd0aa
theo_n,18,320,false,9,13,onchain,500,316,1979758,4554511,459000,532226,541.107800,582615,559.516200,615607,564.028100,69626,30.577000,0x098b50423eb1b80e5a7fb520438bb4f17cbf6c9b9e6ebef7938342aa2df694fe,0x14b6fdfa8e46e3fceea1084881eee66fd9603f40bf35f4ee3af1cde8d2762175
theo_n,18,321,false,9,13,onchain,500,317,1979758,4554511,459000,532286,532.220100,582675,581.116700,615667,591.456800,69626,21.060000,0x098b50423eb1b80e5a7fb520438bb4f17cbf6c9b9e6ebef7938342aa2df694fe,0x1f2d9647f78439d922c61a320d9b727a5be6302450b9a0df32d81b8b1b3a281a
theo_n,18,322,false,9,13,onchain,500,318,1979758,4554511,459000,532166,548.049300,582555,587.676200,615547,575.340900,69626,42.764700,0x098b50423eb1b80e5a7fb520438bb4f17cbf6c9b9e6ebef7938342aa2df694fe,0x1f626d575bd1984f2eb74dcb8d863a130ac3d1af50f3efa8c845ca9b531c7e14
theo_n,18,323,false,9,13,onchain,500,319,1979758,4554511,459000,532334,550.968300,582723,753.308600,615715,579.087300,69626,39.307600,0x098b50423eb1b80e5a7fb520438bb4f17cbf6c9b9e6ebef7938342aa2df694fe,0x0dec1f0ca4dc721f9f7a8dd729be3ed84a8c9b78dc5a36a4ab24ec56990c5796
theo_n,18,324,false,9,13,onchain,500,320,1979758,4554511,459000,532250,556.426700,582627,638.612500,615619,596.598300,69614,26.388700,0x098b50423eb1b80e5a7fb520438bb4f17cbf6c9b9e6ebef7938342aa2df694fe,0x002d16b36d6de7474a2ec6ef4c2b5dfe8555d2c0fefc4b45f56f671899f39f19
theo_n,18,325,false,9,13,onchain,500,321,1979758,4554511,459000,532322,586.500600,582711,578.907400,615703,559.283200,69626,18.590800,0x098b50423eb1b80e5a7fb520438bb4f17cbf6c9b9e6ebef7938342aa2df694fe,0x2b2817bc9643603901e9ed0e7a86d1925b681e557ea4ae5f45137ad1836e0fc9
theo_n,18,326,false,9,13,onchain,500,322,1979758,4554511,459000,532346,536.503200,582723,806.427600,615715,578.412100,69626,27.089000,0x098b50423eb1b80e5a7fb520438bb4f17cbf6c9b9e6ebef7938342aa2df694fe,0x287b1719aa0e7765f94a2d4f54ee64d2bdb32bf72a0402d29106e298a0cfdf77
theo_n,18,327,false,9,13,onchain,500,323,1979758,4554511,459000,532334,623.254500,582711,565.847200,615703,603.569200,69626,25.637100,0x098b50423eb1b80e5a7fb520438bb4f17cbf6c9b9e6ebef7938342aa2df694fe,0x275fda5f4888a155da450b110d64dc9a01467d93492c05b3dcff6ab1af0e9fbf
theo_n,18,328,false,9,13,onchain,500,324,1979758,4554511,459000,532274,549.551300,582663,560.556000,615655,584.932000,69626,24.254000,0x098b50423eb1b80e5a7fb520438bb4f17cbf6c9b9e6ebef7938342aa2df694fe,0x095c6031ca7edfb03f9399642d2742f1b595290521f05f2c20339fe4df8b3931
theo_n,18,329,false,9,13,onchain,500,325,1979758,4554511,459000,532178,544.365400,582567,555.634100,615559,594.927700,69626,21.329000,0x098b50423eb1b80e5a7fb520438bb4f17cbf6c9b9e6ebef7938342aa2df694fe,0x17d3d37d5e35f46a2a3fb234d1d1652ca475755f1a07082fd11c0e3a876761a6
theo_n,18,330,false,9,13,onchain,500,326,1979758,4554511,459000,532262,560.991500,582651,570.610100,615643,581.101100,69626,23.565700,0x098b50423eb1b80e5a7fb520438bb4f17cbf6c9b9e6ebef7938342aa2df694fe,0x1ac75c6ed9f90de62f9775ff423b1ff839ac9958915851696307b7a7d6450db6
theo_n,18,331,false,9,13,onchain,500,327,1979758,4554511,459000,532274,640.486500,582663,584.121600,615655,576.194000,69626,30.115100,0x098b50423eb1b80e5a7fb520438bb4f17cbf6c9b9e6ebef7938342aa2df694fe,0x0c2d971bce31e07f0a4d4de39b5c6bac3335d5febb655089ed885cea978a0bb9
theo_n,18,332,false,9,13,onchain,500,328,1979758,4554511,459000,532262,528.369900,582651,600.075500,615643,537.933600,69626,23.094300,0x098b50423eb1b80e5a7fb520438bb4f17cbf6c9b9e6ebef7938342aa2df694fe,0x075654f1c9e5abe5fce4baccbe6da07810dffabc979728eedf550abd56074ba4
theo_n,18,333,false,9,13,onchain,500,329,1979758,4554511,459000,532310,545.083400,582699,548.563300,615691,588.244300,69626,29.956400,0x098b50423eb1b80e5a7fb520438bb4f17cbf6c9b9e6ebef7938342aa2df694fe,0x0a63eac5908ab14b7879638596b87d9140c5474707a3ad072e2f1a34645752ba
theo_n,18,334,false,9,13,onchain,500,330,1979758,4554511,459000,532274,556.538600,582663,562.776300,615655,572.123500,69626,29.075800,0x098b50423eb1b80e5a7fb520438bb4f17cbf6c9b9e6ebef7938342aa2df694fe,0x08e9b9b4e26fc3aca37bccf5629f51a451dbb6ea41a9b4882a3d78932409045a
theo_n,18,335,false,9,13,onchain,500,331,1979758,4554511,459000,532250,522.960100,582639,573.198500,615631,577.766100,69626,27.288600,0x098b50423eb1b80e5a7fb520438bb4f17cbf6c9b9e6ebef7938342aa2df694fe,0x098ff9bfabd2578b64849f372dfccc3889e8f48dd1d57d81e3d9e88fbd994c78
theo_n,18,336,false,9,13,onchain,500,332,1979758,4554511,459000,532298,523.720100,582687,790.938700,615679,652.796200,69626,32.113900,0x098b50423eb1b80e5a7fb520438bb4f17cbf6c9b9e6ebef7938342aa2df694fe,0x1db4b736a2b0ecc19a65c0c07835152665c8e62915ffa56fa7ab6503f5c9bd19
theo_n,18,337,false,9,13,onchain,500,333,1979758,4554511,459000,532298,562.729500,582675,572.098500,615667,577.856700,69614,23.623300,0x098b50423eb1b80e5a7fb520438bb4f17cbf6c9b9e6ebef7938342aa2df694fe,0x2bc5afd849a1330fc452535400ac1d4d8390ff4fc994c438f681397683bc1753
theo_n,18,338,false,9,13,onchain,500,334,1979758,4554511,459000,532262,527.037300,582651,557.705300,615643,594.703200,69626,24.803100,0x098b50423eb1b80e5a7fb520438bb4f17cbf6c9b9e6ebef7938342aa2df694fe,0x12216d0a1f27606101af6298d2b5d879870b6c64de2f8873b7fd2b23867b9935
theo_n,18,339,false,9,13,onchain,500,335,1979758,4554511,459000,532310,517.180200,582699,575.418500,615691,596.807000,69626,31.574100,0x098b50423eb1b80e5a7fb520438bb4f17cbf6c9b9e6ebef7938342aa2df694fe,0x2839f37d67552efb8cead8faa71bb56779c63441b8b5b103c3f779de4528692f
theo_n,18,340,false,9,13,onchain,500,336,1979758,4554511,459000,532226,562.126100,582603,560.738400,615595,586.864000,69614,29.877400,0x098b50423eb1b80e5a7fb520438bb4f17cbf6c9b9e6ebef7938342aa2df694fe,0x204f2b2dc108ebd91b8e8e9b95eea64bb1a6cb4f5ab54c2c0026fd7e839ae592
theo_n,18,341,false,9,13,onchain,500,337,1979758,4554511,459000,532226,553.157700,582615,601.556100,615607,598.025900,69626,30.026400,0x098b50423eb1b80e5a7fb520438bb4f17cbf6c9b9e6ebef7938342aa2df694fe,0x204d869a69ccfa457f8806504f9890bc280efc739f3f0ecf9fc1eb0fb6528c59
theo_n,18,342,false,9,13,onchain,500,338,1979758,4554511,459000,532322,515.299800,582711,562.497700,615703,593.384300,69626,23.291800,0x098b50423eb1b80e5a7fb520438bb4f17cbf6c9b9e6ebef7938342aa2df694fe,0x04b5d935609dfcb26d7a583849391abb7d04dfd1781f9026cce73dabe6b5ffc5
theo_n,18,343,false,9,13,onchain,500,339,1979758,4554511,459000,532370,561.552100,582759,557.094400,615751,555.956500,69626,31.611000,0x098b50423eb1b80e5a7fb520438bb4f17cbf6c9b9e6ebef7938342aa2df694fe,0x152536451a8e9393f717d73e334bfa8514a176570f84aacc7c013645e671935a
theo_n,18,344,false,9,13,onchain,500,340,1979758,4554511,459000,532142,594.690500,582531,590.646200,615523,577.754700,69626,23.561000,0x098b50423eb1b80e5a7fb520438bb4f17cbf6c9b9e6ebef7938342aa2df694fe,0x0457c3089a76f9a9d8acf8fc0271db28cb47b4da13a71cd9ebb0d4f85b06dc91
theo_n,18,345,false,9,13,onchain,500,341,1979758,4554511,459000,532286,540.867000,582675,726.589500,615667,565.894800,69626,23.213800,0x098b50423eb1b80e5a7fb520438bb4f17cbf6c9b9e6ebef7938342aa2df694fe,0x2efb0c793ef2952e6286b0c951664e67f457f2399d5e05fa4f0bb48c137ef7af
theo_n,18,346,false,9,13,onchain,500,342,1979758,4554511,459000,532346,580.626300,582723,569.190800,615715,553.626900,69626,23.393900,0x098b50423eb1b80e5a7fb520438bb4f17cbf6c9b9e6ebef7938342aa2df694fe,0x07c6757702a5062212213dfa130caee8e8c66080fd605f2c89c4bd459c0eb506
theo_n,18,347,false,9,13,onchain,500,343,1979758,4554511,459000,532298,522.695800,582687,570.353900,615679,553.218400,69626,29.540700,0x098b50423eb1b80e5a7fb520438bb4f17cbf6c9b9e6ebef7938342aa2df694fe,0x1f31d06804fe9d643009a57a3670fbf5708c1c3c6251624db210bc9f18177456
theo_n,18,348,false,9,13,onchain,500,344,1979758,4554511,459000,532286,564.003100,582675,547.091400,615667,591.329400,69626,20.539300,0x098b50423eb1b80e5a7fb520438bb4f17cbf6c9b9e6ebef7938342aa2df694fe,0x2e37e091fc8c192e870e9a1bc151044c6f827a9d7b31a863df824e406f8c7cd1
theo_n,18,349,false,9,13,onchain,500,345,1979758,4554511,459000,532382,510.616300,582771,568.595300,615763,542.864900,69626,19.170700,0x098b50423eb1b80e5a7fb520438bb4f17cbf6c9b9e6ebef7938342aa2df694fe,0x226079d37d6b5905b792bcf76b2799b0253b82604264870bcec2afc3472d5c73
theo_n,18,350,false,9,13,onchain,500,346,1979758,4554511,459000,532298,548.985200,582687,579.551500,615679,602.389800,69626,30.012400,0x098b50423eb1b80e5a7fb520438bb4f17cbf6c9b9e6ebef7938342aa2df694fe,0x117db97a81840683d5f0024370805bbb38977ea928586ac4f07b751d7b8585aa
theo_n,18,351,false,9,13,onchain,500,347,1979758,4554511,459000,532286,605.138600,582675,748.713900,615667,609.989700,69626,25.452800,0x098b50423eb1b80e5a7fb520438bb4f17cbf6c9b9e6ebef7938342aa2df694fe,0x254f554195b2795e198655ca2a08c0d3b52361f517bfc45abf441ff5f97cb8c0
theo_n,18,352,false,9,13,onchain,500,348,1979758,4554511,459000,532226,641.610800,582615,559.904800,615607,586.765900,69626,24.946300,0x098b50423eb1b80e5a7fb520438bb4f17cbf6c9b9e6ebef7938342aa2df694fe,0x1593770d9d55f43a7cdb36fc0fc3822fa5eb57dd09ab2b86b6688d899c0597a3
theo_n,18,353,false,9,13,onchain,500,349,1979758,4554511,459000,532286,545.199900,582675,560.727700,615667,573.165100,69626,28.733300,0x098b50423eb1b80e5a7fb520438bb4f17cbf6c9b9e6ebef7938342aa2df694fe,0x20e21d8732cbae26a5eb1e3a08fa1d385815993a3e06bf751447c239e53ebec2
theo_n,18,354,false,9,13,onchain,500,350,1979758,4554511,459000,532346,545.649800,582735,559.458700,615727,622.752100,69626,19.797000,0x098b50423eb1b80e5a7fb520438bb4f17cbf6c9b9e6ebef7938342aa2df694fe,0x0e99cfc4fe2b4260a2b9ad2ea8a798e983acf32369ddff77b9bbbfb006aea219
theo_n,18,355,false,9,13,onchain,500,351,1979758,4554511,459000,532310,544.851200,582699,571.431900,615691,566.986600,69626,28.313400,0x098b50423eb1b80e5a7fb520438bb4f17cbf6c9b9e6ebef7938342aa2df694fe,0x02561cbf09126048622749b6c4fb1d96e7c743c3ddd00c24fe36a90236a1b716
theo_n,18,356,false,9,13,onchain,500,352,1979758,4554511,459000,532250,532.598400,582639,641.634000,615631,602.239800,69626,25.473600,0x098b50423eb1b80e5a7fb520438bb4f17cbf6c9b9e6ebef7938342aa2df694fe,0x1b60a8b5553baadbaddd458ba1d262ab05296dcadb500fffc6521c0670d859de
theo_n,18,357,false,9,13,onchain,500,353,1979758,4554511,459000,532322,542.596200,582711,535.257400,615703,634.477700,69626,21.733800,0x098b50423eb1b80e5a7fb520438bb4f17cbf6c9b9e6ebef7938342aa2df694fe,0x28c3e736537efd4af55e4024deafcb55b364d5be65156ae12c48fb5d62772ff0
theo_n,18,358,false,9,13,onchain,500,354,1979758,4554511,459000,532262,557.469600,582651,571.745000,615643,551.909000,69626,22.193000,0x098b50423eb1b80e5a7fb520438bb4f17cbf6c9b9e6ebef7938342aa2df694fe,0x04b39fd3e5f335a5b634bd563ba92eb4d8fa3f7e32fe4b6a4bc9ac1fd43c19ca
theo_n,18,359,false,9,13,onchain,500,355,1979758,4554511,459000,532178,549.633500,582555,580.191600,615547,559.893700,69614,30.399900,0x098b50423eb1b80e5a7fb520438bb4f17cbf6c9b9e6ebef7938342aa2df694fe,0x0004225074508fa3022f90e37e6c870a9b686a8123ef5bbe2056904cf37642db
theo_n,18,360,false,9,13,onchain,500,356,1979758,4554511,459000,532274,551.794200,582663,594.556100,615655,668.479400,69626,23.626700,0x098b50423eb1b80e5a7fb520438bb4f17cbf6c9b9e6ebef7938342aa2df694fe,0x021bebfbfc5cca243be6d61f58c6fcfc3b49fd9f33fababe9cb255a21de6777c
theo_n,18,361,false,9,13,onchain,500,357,1979758,4554511,459000,532310,567.747700,582699,570.793100,615691,536.024300,69626,18.259200,0x098b50423eb1b80e5a7fb520438bb4f17cbf6c9b9e6ebef7938342aa2df694fe,0x050f085ab3e5f5c3eb150a35091b609b024454e337120d29ab9b71776fc7338d
theo_n,18,362,false,9,13,onchain,500,358,1979758,4554511,459000,532358,569.930800,582747,578.788600,615739,644.126700,69626,23.572300,0x098b50423eb1b80e5a7fb520438bb4f17cbf6c9b9e6ebef7938342aa2df694fe,0x222c67432c9adedc49d9236e9654816e0cf5c7e793e5f52d51452e4d94e61b34
theo_n,18,363,false,9,13,onchain,500,359,1979758,4554511,459000,532370,555.419200,582759,770.374200,615751,646.100200,69626,32.234000,0x098b50423eb1b80e5a7fb520438bb4f17cbf6c9b9e6ebef7938342aa2df694fe,0x27b239bf70d964ad2873d0a1bfdc4491651f20e30617f39306e3109f9444ae1f
theo_n,18,364,false,9,13,onchain,500,360,1979758,4554511,459000,532274,592.110500,582663,574.848100,615655,621.465900,69626,25.813300,0x098b50423eb1b80e5a7fb520438bb4f17cbf6c9b9e6ebef7938342aa2df694fe,0x1e1b5831fdf4b76d30e9b076372b1a47468a39c721bfd22182db547151d10305
theo_n,18,365,false,9,13,onchain,500,361,1979758,4554511,459000,532190,569.483800,582579,590.474100,615571,645.420600,69626,29.596300,0x098b50423eb1b80e5a7fb520438bb4f17cbf6c9b9e6ebef7938342aa2df694fe,0x0605aa46ac40963353ba3f275bdaa747c1794498b7645bbd422dbae339555c55
theo_n,18,366,false,9,13,onchain,500,362,1979758,4554511,459000,532298,588.792700,582687,619.360200,615679,629.808300,69626,22.341600,0x098b50423eb1b80e5a7fb520438bb4f17cbf6c9b9e6ebef7938342aa2df694fe,0x1851f7753135b8747d9eb910c77c916cf827ea9f2155dc9d379ef2afa367a772
theo_n,18,367,false,9,13,onchain,500,363,1979758,4554511,459000,532214,575.330000,582603,630.236900,615595,566.967700,69626,67.014100,0x098b50423eb1b80e5a7fb520438bb4f17cbf6c9b9e6ebef7938342aa2df694fe,0x16fc1f235038e480513f38e613e2d02f17b4832841d68c8ef401b09167c9ff5f
theo_n,18,368,false,9,13,onchain,500,364,1979758,4554511,459000,532286,563.131300,582675,555.313300,615667,554.096900,69626,28.728100,0x098b50423eb1b80e5a7fb520438bb4f17cbf6c9b9e6ebef7938342aa2df694fe,0x193a1a014690b7724bf6978a4714fe2a0476d1eef7c299ca5f750f3cd17874eb
theo_n,18,369,false,9,13,onchain,500,365,1979758,4554511,459000,532310,553.415200,582699,667.646600,615691,655.413800,69626,18.294400,0x098b50423eb1b80e5a7fb520438bb4f17cbf6c9b9e6ebef7938342aa2df694fe,0x0f963c37f6669553709742d3391b6f600bb9eeee0f58acf2765960e71eb5b81c
theo_n,18,370,false,9,13,onchain,500,366,1979758,4554511,459000,532274,579.857100,582663,574.128200,615655,610.633400,69626,25.284800,0x098b50423eb1b80e5a7fb520438bb4f17cbf6c9b9e6ebef7938342aa2df694fe,0x303b6b066769651941ebaaebfcd8040f41a717542235e1f57492ed152123cff2
theo_n,18,371,false,9,13,onchain,500,367,1979758,4554511,459000,532334,544.389700,582723,604.109000,615715,609.668600,69626,19.902300,0x098b50423eb1b80e5a7fb520438bb4f17cbf6c9b9e6ebef7938342aa2df694fe,0x2ed695d8f21d493b9d35e98eaf8a93b2d7366dc343dd2584f504aa5e64116990
theo_n,18,372,false,9,13,onchain,500,368,1979758,4554511,459000,532346,559.995400,582735,624.253200,615727,687.789200,69626,19.195600,0x098b50423eb1b80e5a7fb520438bb4f17cbf6c9b9e6ebef7938342aa2df694fe,0x1ad4f7e67fe4ff1b47a8341daf54ba4cfc10c65cf1044c60def6d901a807ed46
theo_n,18,373,false,9,13,onchain,500,369,1979758,4554511,459000,532394,614.823500,582783,783.574400,615775,590.556600,69626,24.893500,0x098b50423eb1b80e5a7fb520438bb4f17cbf6c9b9e6ebef7938342aa2df694fe,0x0c5a630d9f98b120bc544c96c47eec11640c6ab4b933c80d522151a3ff6adf8a
theo_n,18,374,false,9,13,onchain,500,370,1979758,4554511,459000,532262,679.336200,582639,641.091800,615631,600.847600,69614,25.340800,0x098b50423eb1b80e5a7fb520438bb4f17cbf6c9b9e6ebef7938342aa2df694fe,0x03f5612ddf0d430300b9710c7d5770ca54ee984d0d55902c9e31fec569bca9e3
theo_n,18,375,false,9,13,onchain,500,371,1979758,4554511,459000,532298,640.584500,582687,570.586300,615679,585.884900,69626,21.627000,0x098b50423eb1b80e5a7fb520438bb4f17cbf6c9b9e6ebef7938342aa2df694fe,0x1e849df2f825791fd8ed533d294b831c090962116777818d7fe8e404e5c063fd
theo_n,18,376,false,9,13,onchain,500,372,1979758,4554511,459000,532250,584.883400,582639,569.503400,615631,652.069700,69626,28.610500,0x098b50423eb1b80e5a7fb520438bb4f17cbf6c9b9e6ebef7938342aa2df694fe,0x18cfa5c6cd646ef374aab2e94e771ad9364cf8d95486dbb632ede7bba8b9c2b8
theo_n,18,377,false,9,13,onchain,500,373,1979758,4554511,459000,532178,631.687100,582555,568.276200,615547,609.009900,69626,22.849100,0x098b50423eb1b80e5a7fb520438bb4f17cbf6c9b9e6ebef7938342aa2df694fe,0x25b65d1c3a0bc65503d9a28d15da14bdd9f67ae4de7a884deeedb518e97a9262
theo_n,18,378,false,9,13,onchain,500,374,1979758,4554511,459000,532322,541.361500,582711,630.260800,615703,574.232900,69626,26.247500,0x098b50423eb1b80e5a7fb520438bb4f17cbf6c9b9e6ebef7938342aa2df694fe,0x04814392968319dd081a9b03644408df0f13373cd048e655a8b8de0a52e23270
theo_n,18,379,false,9,13,onchain,500,375,1979758,4554511,459000,532226,646.988000,582615,599.608000,615607,591.929200,69626,22.824000,0x098b50423eb1b80e5a7fb520438bb4f17cbf6c9b9e6ebef7938342aa2df694fe,0x118f2bc8abc13248898a6bcd9a243f7ca0a998ade21b658f26f4157747c66bb1
theo_n,18,380,false,9,13,onchain,500,376,1979758,4554511,459000,532406,604.481000,582795,603.644700,615787,589.964600,69626,25.097700,0x098b50423eb1b80e5a7fb520438bb4f17cbf6c9b9e6ebef7938342aa2df694fe,0x162d42cc97848b8015e6f6973e026d6782e2a7cb2fb68038286cbc81d7508eda
theo_n,18,381,false,9,13,onchain,500,377,1979758,4554511,459000,532334,592.008800,582723,634.830900,615715,629.620200,69626,23.396800,0x098b50423eb1b80e5a7fb520438bb4f17cbf6c9b9e6ebef7938342aa2df694fe,0x157e57147367313af2ccdb0b69a90f60da885d73b45344e360fbc625f7696351
theo_n,18,382,false,9,13,onchain,500,378,1979758,4554511,459000,532202,612.699200,582579,599.414000,615571,565.614700,69614,25.445600,0x098b50423eb1b80e5a7fb520438bb4f17cbf6c9b9e6ebef7938342aa2df694fe,0x0ad9f8b60ac2b27db29f8d015c05982cd6a7f9fe5461daae00a8f8e7b10bb470
theo_n,18,383,false,9,13,onchain,500,379,1979758,4554511,459000,532298,568.777500,582687,747.618500,615679,612.685400,69626,50.471600,0x098b50423eb1b80e5a7fb520438bb4f17cbf6c9b9e6ebef7938342aa2df694fe,0x02d5dff1d08df114839ef1dc507caa525323fb9828ac5daac4983bbfb43f03ee
theo_n,18,384,false,9,13,onchain,500,380,1979758,4554511,459000,532226,560.306400,582615,564.980900,615607,543.049300,69626,26.326500,0x098b50423eb1b80e5a7fb520438bb4f17cbf6c9b9e6ebef7938342aa2df694fe,0x07e27bc2513cc928d26b30eb92d217d53a1f2efa7ec91e9f3281e5893d80ea14
theo_n,18,385,false,9,13,onchain,500,381,1979758,4554511,459000,532286,548.727600,582675,593.896600,615667,646.709800,69626,25.515800,0x098b50423eb1b80e5a7fb520438bb4f17cbf6c9b9e6ebef7938342aa2df694fe,0x17398fc5f1d2e60159ce1452da7355a2234e2843260b50b40ded9b9d1d7fc2c5
theo_n,18,386,false,9,13,onchain,500,382,1979758,4554511,459000,532322,538.140800,582711,577.284100,615703,556.241600,69626,27.415200,0x098b50423eb1b80e5a7fb520438bb4f17cbf6c9b9e6ebef7938342aa2df694fe,0x1bcd1df4387375c9e3d385db43f832b4b6fe272b45f7e52252b39bb8382252e4
theo_n,18,387,false,9,13,onchain,500,383,1979758,4554511,459000,532322,555.586300,582711,619.620500,615703,635.874200,69626,24.292300,0x098b50423eb1b80e5a7fb520438bb4f17cbf6c9b9e6ebef7938342aa2df694fe,0x28bd69fe5fd086a619856936b40121a7155f548d42a84f35bce33cd48f7c5b79
theo_n,18,388,false,9,13,onchain,500,384,1979758,4554511,459000,532238,542.027700,582615,554.439100,615607,566.244600,69614,21.125600,0x098b50423eb1b80e5a7fb520438bb4f17cbf6c9b9e6ebef7938342aa2df694fe,0x1e7e3f9f39ceb8265b464c07373a4b37a800558074e78b931da84545f6d94e6d
theo_n,18,389,false,9,13,onchain,500,385,1979758,4554511,459000,532322,529.328700,582699,571.896100,615691,607.304400,69614,20.858400,0x098b50423eb1b80e5a7fb520438bb4f17cbf6c9b9e6ebef7938342aa2df694fe,0x0de1feb02f5d7b62cce3ccea8a74c6a75a1062001c1a44cae3b015de71aba263
theo_n,18,390,false,9,13,onchain,500,386,1979758,4554511,459000,532274,530.866500,582663,598.225800,615655,601.198900,69626,22.904200,0x098b50423eb1b80e5a7fb520438bb4f17cbf6c9b9e6ebef7938342aa2df694fe,0x0ccf0155d5e5543303c4ae684ea5d6d3506eadcac2a6ce0b43d37b55f33f3ae7
theo_n,18,391,false,9,13,onchain,500,387,1979758,4554511,459000,532262,551.038400,582651,556.496700,615643,591.072700,69626,24.578400,0x098b50423eb1b80e5a7fb520438bb4f17cbf6c9b9e6ebef7938342aa2df694fe,0x092407afbdab9b40602d5946175c6668381b10d76ec0d1fc625720ab89492697
theo_n,18,392,false,9,13,onchain,500,388,1979758,4554511,459000,532322,551.259600,582711,557.706700,615703,609.912400,69626,22.511600,0x098b50423eb1b80e5a7fb520438bb4f17cbf6c9b9e6ebef7938342aa2df694fe,0x057debe0a69bdb13be5df68e059ebc5810b7a076ae38389e59938c99084ee97e
theo_n,18,393,false,9,13,onchain,500,389,1979758,4554511,459000,532214,537.411600,582603,521.743700,615595,634.306800,69626,28.846700,0x098b50423eb1b80e5a7fb520438bb4f17cbf6c9b9e6ebef7938342aa2df694fe,0x303a402911f18f755f5c1a87ec99a33b77d1c2577916758ef573ab2194af50d9
theo_n,18,394,false,9,13,onchain,500,390,1979758,4554511,459000,532346,530.772700,582723,564.094000,615715,585.617900,69614,28.058300,0x098b50423eb1b80e5a7fb520438bb4f17cbf6c9b9e6ebef7938342aa2df694fe,0x263992a8e602149f3b6505ad16e7f04e696f8125783000c71d2ecc897e2a52b7
theo_n,18,395,false,9,13,onchain,500,391,1979758,4554511,459000,532274,559.535800,582663,568.585600,615655,556.709900,69626,26.322700,0x098b50423eb1b80e5a7fb520438bb4f17cbf6c9b9e6ebef7938342aa2df694fe,0x2db9482626db14404a768c8465161d5833bab0bdd0cee894e56dce89b9eb09fd
theo_n,18,396,false,9,13,onchain,500,392,1979758,4554511,459000,532298,548.695700,582687,615.529800,615679,607.543700,69626,28.573600,0x098b50423eb1b80e5a7fb520438bb4f17cbf6c9b9e6ebef7938342aa2df694fe,0x172df5a3f063b8f4f9c1d0f322ca54fa2d5f74aaf6562a8806fdfe2ca2e0483e
theo_n,18,397,false,9,13,onchain,500,393,1979758,4554511,459000,532310,558.880900,582699,584.048500,615691,553.050700,69626,27.393900,0x098b50423eb1b80e5a7fb520438bb4f17cbf6c9b9e6ebef7938342aa2df694fe,0x12c6243e284afc10fb4414ac11753f093a708b67c527cf722831b3a7a593cb08
theo_n,18,398,false,9,13,onchain,500,394,1979758,4554511,459000,532370,521.770400,582759,557.337900,615751,607.602900,69626,21.700400,0x098b50423eb1b80e5a7fb520438bb4f17cbf6c9b9e6ebef7938342aa2df694fe,0x12096b14d65088c6387377b9d89127c1ce5a0b1f72408edea1b850e9e359aa9e
theo_n,18,399,false,9,13,onchain,500,395,1979758,4554511,459000,532310,529.207900,582699,596.161400,615691,579.572300,69626,25.724200,0x098b50423eb1b80e5a7fb520438bb4f17cbf6c9b9e6ebef7938342aa2df694fe,0x18b1832ec6179c73f03c78110ac55f45acae9d0d5117cf6c03da7814f79e5d8f
theo_n,18,400,false,9,13,onchain,500,396,1979758,4554511,459000,532322,534.246500,582711,558.888000,615703,599.241700,69626,27.143800,0x098b50423eb1b80e5a7fb520438bb4f17cbf6c9b9e6ebef7938342aa2df694fe,0x113de8491220bb5eb508d65cc8ee0e1ceb7a712b1a9b95fc93acd8856ecb28f5
theo_n,18,401,false,9,13,onchain,500,397,1979758,4554511,459000,532214,556.275800,582603,576.679600,615595,636.430100,69626,24.803000,0x098b50423eb1b80e5a7fb520438bb4f17cbf6c9b9e6ebef7938342aa2df694fe,0x27a010cf4e19c4a88e2edb7f04ac75b764b8e24719dc82dbbd0c0f7c8934be1e
theo_n,18,402,false,9,13,onchain,500,398,1979758,4554511,459000,532238,533.233700,582627,668.872100,615619,621.283400,69626,25.415400,0x098b50423eb1b80e5a7fb520438bb4f17cbf6c9b9e6ebef7938342aa2df694fe,0x0b023dd915cb016b7238b5bdd3190fe98abd3504c6dbfba463d90bb38ff29ad2
theo_n,18,403,false,9,13,onchain,500,399,1979758,4554511,459000,532418,592.266600,582807,785.163600,615799,556.729100,69626,16.216100,0x098b50423eb1b80e5a7fb520438bb4f17cbf6c9b9e6ebef7938342aa2df694fe,0x1a7e6c56f626be3e54886b792935dd23863f6915b323aa78148b70ab13ec5273
theo_n,18,404,false,9,13,onchain,500,400,1979758,4554511,459000,532250,547.752200,582639,590.683500,615631,602.216100,69626,22.268900,0x098b50423eb1b80e5a7fb520438bb4f17cbf6c9b9e6ebef7938342aa2df694fe,0x2a2bffaf3fae1687545dfd12db373e7029a50e1e72ae6a4acfcbd733129c205d
theo_n,18,405,false,9,13,onchain,500,401,1979758,4554511,459000,532310,546.546900,582699,630.077000,615691,560.083100,69626,22.681300,0x098b50423eb1b80e5a7fb520438bb4f17cbf6c9b9e6ebef7938342aa2df694fe,0x2cc4cf0733e1349358e8a570eac07ff818161987e3a18bfde63a9f0b95deca6d
theo_n,18,406,false,9,13,onchain,500,402,1979758,4554511,459000,532250,522.015900,582639,612.874800,615631,559.742700,69626,32.992800,0x098b50423eb1b80e5a7fb520438bb4f17cbf6c9b9e6ebef7938342aa2df694fe,0x1b8c0ebcb5cf1b7c144731c42fbfeebd4519c91bbe045821496f2975128cd66c
theo_n,18,407,false,9,13,onchain,500,403,1979758,4554511,459000,532262,519.520600,582651,548.765000,615643,594.680100,69626,22.585300,0x098b50423eb1b80e5a7fb520438bb4f17cbf6c9b9e6ebef7938342aa2df694fe,0x2db8f99903aebf090472808a8ea677cc1579e7aa758397d7fd28dd09d7b51280
theo_n,18,408,false,9,13,onchain,500,404,1979758,4554511,459000,532262,590.259200,582651,565.742500,615643,568.332700,69626,22.930700,0x098b50423eb1b80e5a7fb520438bb4f17cbf6c9b9e6ebef7938342aa2df694fe,0x0bf0ebb05a15be9b640ea65b8d18d6832cad86267bf6cb999ad43d7d749ad1be
theo_n,18,409,false,9,13,onchain,500,405,1979758,4554511,459000,532298,550.011600,582687,553.082400,615679,603.825300,69626,25.787800,0x098b50423eb1b80e5a7fb520438bb4f17cbf6c9b9e6ebef7938342aa2df694fe,0x1b988085e3126ddfb6a991df1c0f573fa0e6f9965ef6b3f10de414b3fdd35013
theo_n,18,410,false,9,13,onchain,500,406,1979758,4554511,459000,532286,577.326200,582675,574.903000,615667,641.979800,69626,32.023100,0x098b50423eb1b80e5a7fb520438bb4f17cbf6c9b9e6ebef7938342aa2df694fe,0x154bfdb6e90d7431315c386cc66abcbf3958bded588b405520a34f7d4f56e666
theo_n,18,411,false,9,13,onchain,500,407,1979758,4554511,459000,532286,550.442900,582675,618.982100,615667,579.431600,69626,42.099900,0x098b50423eb1b80e5a7fb520438bb4f17cbf6c9b9e6ebef7938342aa2df694fe,0x09dcc218c82397618550beef8f8255788a9ec1329b4e16b1effb79dd16db6db8
theo_n,18,412,false,9,13,onchain,500,408,1979758,4554511,459000,532322,596.276300,582711,554.984500,615703,554.522700,69626,27.656800,0x098b50423eb1b80e5a7fb520438bb4f17cbf6c9b9e6ebef7938342aa2df694fe,0x03e0e67240dac313442539b1a1241dc6465eb385b752bbfd21607f280e9ed7a8
theo_n,18,413,false,9,13,onchain,500,409,1979758,4554511,459000,532250,552.469400,582639,619.823500,615631,644.321700,69626,22.833400,0x098b50423eb1b80e5a7fb520438bb4f17cbf6c9b9e6ebef7938342aa2df694fe,0x3007bee886bfacd3ffad885814b8c4e8cceb990aa13437fa53e86c1dcd321aac
theo_n,18,414,false,9,13,onchain,500,410,1979758,4554511,459000,532310,593.383100,582699,568.782900,615691,579.864100,69626,20.685400,0x098b50423eb1b80e5a7fb520438bb4f17cbf6c9b9e6ebef7938342aa2df694fe,0x181a21556d142138a10d0d14eb5e6c5d16df78825c4945a3d09ac9823e327b17
theo_n,18,415,false,9,13,onchain,500,411,1979758,4554511,459000,532274,543.499900,582663,583.977200,615655,599.662000,69626,27.214600,0x098b50423eb1b80e5a7fb520438bb4f17cbf6c9b9e6ebef7938342aa2df694fe,0x2835faa28d27666daad62898414f35b70a6f1b36e83f6903b595b0b699a120e0
theo_n,18,416,false,9,13,onchain,500,412,1979758,4554511,459000,532250,526.852100,582639,542.388200,615631,610.675000,69626,27.443200,0x098b50423eb1b80e5a7fb520438bb4f17cbf6c9b9e6ebef7938342aa2df694fe,0x06016b8fc0cfb43fe47861f337a516e5702b812d6b62d60cb94bca0b4d6acd7c
theo_n,18,417,false,9,13,onchain,500,413,1979758,4554511,459000,532286,536.402400,582675,543.859300,615667,593.390800,69626,25.022600,0x098b50423eb1b80e5a7fb520438bb4f17cbf6c9b9e6ebef7938342aa2df694fe,0x1bed17d5deba5bed8ba9eed3242058dba5d4c9596776efeb51be6779ca0306a3
theo_n,18,418,false,9,13,onchain,500,414,1979758,4554511,459000,532346,546.476600,582735,554.388500,615727,569.934600,69626,26.605600,0x098b50423eb1b80e5a7fb520438bb4f17cbf6c9b9e6ebef7938342aa2df694fe,0x016ddbf0460e9b0e15e4f146a5a20f1fdcdc6a8561610466846c78fbc49a3d7c
theo_n,18,419,false,9,13,onchain,500,415,1979758,4554511,459000,532286,537.863400,582675,648.130400,615667,781.845800,69626,22.846000,0x098b50423eb1b80e5a7fb520438bb4f17cbf6c9b9e6ebef7938342aa2df694fe,0x0e0771a1c3bbd684257a57be0b21e69a6727489b4ddc066d53818988c039b7c6
theo_n,18,420,false,9,13,onchain,500,416,1979758,4554511,459000,532250,547.125500,582639,918.634200,615631,623.604600,69626,66.736800,0x098b50423eb1b80e5a7fb520438bb4f17cbf6c9b9e6ebef7938342aa2df694fe,0x2830fdb34c979454f9f3421f8b0574c294c79daee7ad2bc1b5dc97a95a4f9d54
theo_n,18,421,false,9,13,onchain,500,417,1979758,4554511,459000,532262,637.296400,582651,580.489700,615643,562.011400,69626,25.836600,0x098b50423eb1b80e5a7fb520438bb4f17cbf6c9b9e6ebef7938342aa2df694fe,0x13a0fb9058def92f47de48cf7aa57b8540d590214e9ee3ef4a3b4e6b1fd39fc7
theo_n,18,422,false,9,13,onchain,500,418,1979758,4554511,459000,532190,551.372400,582579,640.806400,615571,564.586400,69626,53.759200,0x098b50423eb1b80e5a7fb520438bb4f17cbf6c9b9e6ebef7938342aa2df694fe,0x0326508a2e8766b39956ca4bcb280f99a691a9091e7328ef63d81a41a3b488f5
theo_n,18,423,false,9,13,onchain,500,419,1979758,4554511,459000,532310,537.568500,582699,583.109600,615691,606.322900,69626,22.661900,0x098b50423eb1b80e5a7fb520438bb4f17cbf6c9b9e6ebef7938342aa2df694fe,0x1aad75cc6b55ef5aefca1139b211062bbb6f98191567e7e2c53e14c4ed4d2510
theo_n,18,424,false,9,13,onchain,500,420,1979758,4554511,459000,532250,537.226200,582639,610.983900,615631,558.353200,69626,28.007300,0x098b50423eb1b80e5a7fb520438bb4f17cbf6c9b9e6ebef7938342aa2df694fe,0x0762cba02d6c2fd227c1121dbbb65b1dddcd594906111c19dcb75308284fab1e
theo_n,18,425,false,9,13,onchain,500,421,1979758,4554511,459000,532250,550.309500,582639,553.107000,615631,607.804900,69626,20.163100,0x098b50423eb1b80e5a7fb520438bb4f17cbf6c9b9e6ebef7938342aa2df694fe,0x2867d18a8d13dcdcf2a610885da6d6baf390d38a0ba79aa67af91dedf2e4134f
theo_n,18,426,false,9,13,onchain,500,422,1979758,4554511,459000,532190,559.448000,582579,585.197900,615571,600.820200,69626,20.768500,0x098b50423eb1b80e5a7fb520438bb4f17cbf6c9b9e6ebef7938342aa2df694fe,0x10c107c9cda92ec6cf3e9fe22cbf7cda99fe04bfb69b44457736f08daf94178b
theo_n,18,427,false,9,13,onchain,500,423,1979758,4554511,459000,532322,545.326000,582711,557.983700,615703,659.459600,69626,22.010600,0x098b50423eb1b80e5a7fb520438bb4f17cbf6c9b9e6ebef7938342aa2df694fe,0x2581e5575f4204b4a6f3b0e08c12245c083765c1a07f32b13a96895ca1ba1425
theo_n,18,428,false,9,13,onchain,500,424,1979758,4554511,459000,532322,590.852400,582711,646.296400,615703,594.753800,69626,27.121800,0x098b50423eb1b80e5a7fb520438bb4f17cbf6c9b9e6ebef7938342aa2df694fe,0x277aac34d6c47e54cdbb5d62cfd244cec5298c9c26f6aa993fb0e26cf2f1082f
theo_n,18,429,false,9,13,onchain,500,425,1979758,4554511,459000,532310,562.924000,582699,602.518700,615691,590.999900,69626,63.318900,0x098b50423eb1b80e5a7fb520438bb4f17cbf6c9b9e6ebef7938342aa2df694fe,0x03ea32e3c967ab912ee0c86ac10303a8203c3057bba343c213f706eb718cec52
theo_n,18,430,false,9,13,onchain,500,426,1979758,4554511,459000,532394,575.957800,582783,580.127000,615775,621.519100,69626,19.969800,0x098b50423eb1b80e5a7fb520438bb4f17cbf6c9b9e6ebef7938342aa2df694fe,0x3003b73a88a8569a4f81d8beb7f720188535c7718ead6ae84dbe3c272f4f5f3b
theo_n,18,431,false,9,13,onchain,500,427,1979758,4554511,459000,532382,545.312400,582771,865.886600,615763,619.072400,69626,27.176700,0x098b50423eb1b80e5a7fb520438bb4f17cbf6c9b9e6ebef7938342aa2df694fe,0x0a05cfe41f28c738b7d5d7716c8320b06aa79e0e6625c4f3558a58dc9b7fef42
theo_n,18,432,false,9,13,onchain,500,428,1979758,4554511,459000,532322,594.543000,582699,622.132600,615691,605.575400,69614,24.652800,0x098b50423eb1b80e5a7fb520438bb4f17cbf6c9b9e6ebef7938342aa2df694fe,0x2500607ce618ef9bd30f4bc46ee16168b678de82a12629390aecc174960b46cd
theo_n,18,433,false,9,13,onchain,500,429,1979758,4554511,459000,532226,609.164000,582615,677.106200,615607,808.890300,69626,20.381100,0x098b50423eb1b80e5a7fb520438bb4f17cbf6c9b9e6ebef7938342aa2df694fe,0x01c24f87ee6d59ee391a1593ecbeb6d1fa9963826beeb11f5caf468141128f09
theo_n,18,434,false,9,13,onchain,500,430,1979758,4554511,459000,532334,640.461000,582723,563.438500,615715,607.298600,69626,23.697100,0x098b50423eb1b80e5a7fb520438bb4f17cbf6c9b9e6ebef7938342aa2df694fe,0x2082108df1e5d8328a3a52f2af197ec79b7856c8bc9c44ccf2d1d5951679a4c0
theo_n,18,435,false,9,13,onchain,500,431,1979758,4554511,459000,532202,532.011900,582591,535.430600,615583,596.989200,69626,27.116100,0x098b50423eb1b80e5a7fb520438bb4f17cbf6c9b9e6ebef7938342aa2df694fe,0x0999ffaafc0622752b26e0380a201e79e330224adc28c45d809d6203c7183765
theo_n,18,436,false,9,13,onchain,500,432,1979758,4554511,459000,532286,568.711400,582663,548.482800,615655,583.806100,69626,18.468100,0x098b50423eb1b80e5a7fb520438bb4f17cbf6c9b9e6ebef7938342aa2df694fe,0x0256f5aa2a81c65d55d7ac3351c57b3fc477bd1a5d4650020d8ac1c2cb98c320
theo_n,18,437,false,9,13,onchain,500,433,1979758,4554511,459000,532382,554.122000,582771,555.054600,615763,620.537400,69626,27.894100,0x098b50423eb1b80e5a7fb520438bb4f17cbf6c9b9e6ebef7938342aa2df694fe,0x037bc2c964784fc7e3cd2de16c3218014bc8ac4ab259c3fc47df759225c0c432
theo_n,18,438,false,9,13,onchain,500,434,1979758,4554511,459000,532274,567.216300,582651,555.472600,615643,561.602900,69614,33.299200,0x098b50423eb1b80e5a7fb520438bb4f17cbf6c9b9e6ebef7938342aa2df694fe,0x173dc3dc4e6fcdf0ebba3fd2fe4632fb42c0ceb9e4cc5e9b374dc60deb000b3f
theo_n,18,439,false,9,13,onchain,500,435,1979758,4554511,459000,532322,517.653100,582711,547.453900,615703,608.457600,69626,24.567000,0x098b50423eb1b80e5a7fb520438bb4f17cbf6c9b9e6ebef7938342aa2df694fe,0x1209c0c6094437ccf08802ad2ccd707c6033334ef0aac113035d1ba5c5d53302
theo_n,18,440,false,9,13,onchain,500,436,1979758,4554511,459000,532298,543.497300,582687,538.928500,615679,614.080300,69626,27.692500,0x098b50423eb1b80e5a7fb520438bb4f17cbf6c9b9e6ebef7938342aa2df694fe,0x11a1aa45758004aee4e35df3345be3240a16450e6c518e436a9fef029035717a
theo_n,18,441,false,9,13,onchain,500,437,1979758,4554511,459000,532298,519.845100,582675,688.056400,615667,773.254800,69614,26.139100,0x098b50423eb1b80e5a7fb520438bb4f17cbf6c9b9e6ebef7938342aa2df694fe,0x04476444e54b8d9345af11b280f951950dec019f5f9ed96cd666000cb6f8c8a4
theo_n,18,442,false,9,13,onchain,500,438,1979758,4554511,459000,532382,551.711200,582771,561.115800,615763,545.604800,69626,21.380500,0x098b50423eb1b80e5a7fb520438bb4f17cbf6c9b9e6ebef7938342aa2df694fe,0x2806a21730d85cb406c3a0c7893edf53a23bb94164481acaec92dfaacc498c43
theo_n,18,443,false,9,13,onchain,500,439,1979758,4554511,459000,532298,565.936500,582687,580.327900,615679,590.628800,69626,65.046300,0x098b50423eb1b80e5a7fb520438bb4f17cbf6c9b9e6ebef7938342aa2df694fe,0x214b13489d4f64f42e4f378022beeb428cee36c93df8f8e97b38d25222015f0e
theo_n,18,444,false,9,13,onchain,500,440,1979758,4554511,459000,532310,550.801100,582687,577.242900,615679,590.106800,69626,21.577000,0x098b50423eb1b80e5a7fb520438bb4f17cbf6c9b9e6ebef7938342aa2df694fe,0x066f9d468513da57c066c36e999991151e9f59de613bf62318b16f8c0dc85b20
theo_n,18,445,false,9,13,onchain,500,441,1979758,4554511,459000,532298,563.110500,582687,562.578100,615679,605.796400,69626,23.295500,0x098b50423eb1b80e5a7fb520438bb4f17cbf6c9b9e6ebef7938342aa2df694fe,0x2685af6105268b603a453ab4de1bcdd24c4090058d83280b15b70eb1e3493b77
theo_n,18,446,false,9,13,onchain,500,442,1979758,4554511,459000,532286,570.879500,582675,595.318000,615667,554.221600,69626,41.453500,0x098b50423eb1b80e5a7fb520438bb4f17cbf6c9b9e6ebef7938342aa2df694fe,0x1c157e5b315f744377d41988cc71c4e64d2bb77893f27acd05aad8664ce59a79
theo_n,18,447,false,9,13,onchain,500,443,1979758,4554511,459000,532346,578.128500,582735,588.381900,615727,545.802500,69626,21.634400,0x098b50423eb1b80e5a7fb520438bb4f17cbf6c9b9e6ebef7938342aa2df694fe,0x2267434a9eb55f81aff6acbc29f609c4a6cd46d4f19e735c0845e1e54dc511cf
theo_n,18,448,false,9,13,onchain,500,444,1979758,4554511,459000,532322,529.146300,582711,623.967200,615703,590.901200,69626,26.050200,0x098b50423eb1b80e5a7fb520438bb4f17cbf6c9b9e6ebef7938342aa2df694fe,0x2427edd792ee64541c9bb6a75a9554187a8b10a7730ae17241a149dd8197cb5c
theo_n,18,449,false,9,13,onchain,500,445,1979758,4554511,459000,532238,611.381900,582627,574.364200,615619,628.849900,69626,24.711500,0x098b50423eb1b80e5a7fb520438bb4f17cbf6c9b9e6ebef7938342aa2df694fe,0x0cf8a1ade649c5cea439e53e3be597c4c53290bf1c8b7f8bcb41a7ef7dea770e
theo_n,18,450,false,9,13,onchain,500,446,1979758,4554511,459000,532214,557.207700,582591,567.792000,615583,735.659600,69614,23.595500,0x098b50423eb1b80e5a7fb520438bb4f17cbf6c9b9e6ebef7938342aa2df694fe,0x129883fbbf2647002f7deacb824779cb974c9eee7bbb30bf1261998df957b8dc
theo_n,18,451,false,9,13,onchain,500,447,1979758,4554511,459000,532382,582.092200,582771,753.242400,615763,587.200800,69626,23.730300,0x098b50423eb1b80e5a7fb520438bb4f17cbf6c9b9e6ebef7938342aa2df694fe,0x0594521bbee73c066f93948e2ff7a51262787f7f3a8f16471f68ddf2a657e869
theo_n,18,452,false,9,13,onchain,500,448,1979758,4554511,459000,532262,572.577500,582651,554.293000,615643,583.008600,69626,26.032500,0x098b50423eb1b80e5a7fb520438bb4f17cbf6c9b9e6ebef7938342aa2df694fe,0x13f17dda8cb57596d85fb2110de78808017c61bc82d7b7330c51357cf8ab248e
theo_n,18,453,false,9,13,onchain,500,449,1979758,4554511,459000,532286,559.415100,582675,569.587800,615667,601.847600,69626,22.107500,0x098b50423eb1b80e5a7fb520438bb4f17cbf6c9b9e6ebef7938342aa2df694fe,0x12c9ec6c712307c39974e8ea98426582b0f316e90a50231bc1a00186bd92507e
theo_n,18,454,false,9,13,onchain,500,450,1979758,4554511,459000,532346,573.134300,582735,534.630200,615727,585.426900,69626,22.999500,0x098b50423eb1b80e5a7fb520438bb4f17cbf6c9b9e6ebef7938342aa2df694fe,0x148354c630b4862274a3c4f9627e46281b10d5ce88bc6a9f22459d0f2e6ba9a8
theo_n,18,455,false,9,13,onchain,500,451,1979758,4554511,459000,532358,594.899600,582747,564.171000,615739,636.911700,69626,29.756900,0x098b50423eb1b80e5a7fb520438bb4f17cbf6c9b9e6ebef7938342aa2df694fe,0x20281760db9fef7baf5df36729d8e86b1f03d2bfeeadec7e293627fe630e7d86
theo_n,18,456,false,9,13,onchain,500,452,1979758,4554511,459000,532286,527.134800,582675,551.554100,615667,584.116200,69626,37.829600,0x098b50423eb1b80e5a7fb520438bb4f17cbf6c9b9e6ebef7938342aa2df694fe,0x1f5d68be2c50d3e703fb116f57bfc854bce65788b7ade4c79548c288f898484f
theo_n,18,457,false,9,13,onchain,500,453,1979758,4554511,459000,532202,567.666300,582591,559.238900,615583,589.788100,69626,19.012600,0x098b50423eb1b80e5a7fb520438bb4f17cbf6c9b9e6ebef7938342aa2df694fe,0x2202cbc3666b0757b2bc1092b87ec06aaa632d9b644694c824a1a9f1402fb796
theo_n,18,458,false,9,13,onchain,500,454,1979758,4554511,459000,532310,554.894200,582699,560.323800,615691,574.622400,69626,20.973800,0x098b50423eb1b80e5a7fb520438bb4f17cbf6c9b9e6ebef7938342aa2df694fe,0x27c2dffe7874cdda7cce3b6fb243cb2ca8974f0861a27c2419bf621ed6556606
theo_n,18,459,false,9,13,onchain,500,455,1979758,4554511,459000,532250,540.753000,582627,590.596900,615619,654.565200,69626,26.217600,0x098b50423eb1b80e5a7fb520438bb4f17cbf6c9b9e6ebef7938342aa2df694fe,0x12a504725a3c750c382de4b79051869e38d03e6aa42f4505f940340f4885b7c2
theo_n,18,460,false,9,13,onchain,500,456,1979758,4554511,459000,532334,558.097000,582723,559.226800,615715,625.623600,69626,20.869500,0x098b50423eb1b80e5a7fb520438bb4f17cbf6c9b9e6ebef7938342aa2df694fe,0x2e78ab53da0c12b723f36c4ae0ce7f5b0621afa5eb0811cd6a96df8698650698
theo_n,18,461,false,9,13,onchain,500,457,1979758,4554511,459000,532370,551.219400,582759,549.389200,615751,575.869500,69626,19.906700,0x098b50423eb1b80e5a7fb520438bb4f17cbf6c9b9e6ebef7938342aa2df694fe,0x2fbda956e787d64ca8b6341cc1314e56b201281444c7bf34030a23838bc743ce
theo_n,18,462,false,9,13,onchain,500,458,1979758,4554511,459000,532322,544.582900,582699,555.054100,615691,612.846300,69626,20.626600,0x098b50423eb1b80e5a7fb520438bb4f17cbf6c9b9e6ebef7938342aa2df694fe,0x119e6e31b73d1a8836957b9bbf042afcbffe0c2a4f27f87c8be3bdf7f9a74b1f
theo_n,18,463,false,9,13,onchain,500,459,1979758,4554511,459000,532298,543.941800,582687,622.324700,615679,827.290900,69626,23.159400,0x098b50423eb1b80e5a7fb520438bb4f17cbf6c9b9e6ebef7938342aa2df694fe,0x121504fcf4f883891e0fc21eb1da196a5cc2f172e30aef5860b68086905e0aec
theo_n,18,464,false,9,13,onchain,500,460,1979758,4554511,459000,532334,691.917500,582723,625.876300,615715,575.133000,69626,27.041900,0x098b50423eb1b80e5a7fb520438bb4f17cbf6c9b9e6ebef7938342aa2df694fe,0x1c2d5c6cf07f2dbdd8f604df0337912e297989a309cd33d6dc1239fe147ab4b6
theo_n,18,465,false,9,13,onchain,500,461,1979758,4554511,459000,532286,631.288100,582663,573.526100,615655,516.747800,69614,29.789600,0x098b50423eb1b80e5a7fb520438bb4f17cbf6c9b9e6ebef7938342aa2df694fe,0x0704c0ac4a16b2c09e01e830dfc5b10d7c1b093c7c242fa8c85a1d6afc5b0059
theo_n,18,466,false,9,13,onchain,500,462,1979758,4554511,459000,532322,539.045000,582711,572.719000,615703,565.401800,69626,32.987900,0x098b50423eb1b80e5a7fb520438bb4f17cbf6c9b9e6ebef7938342aa2df694fe,0x26a19ddc2ed55c40fb8bbb487a5e35e680624c166c65eb1a17b4c49f7b963cf4
theo_n,18,467,false,9,13,onchain,500,463,1979758,4554511,459000,532322,569.820300,582711,563.648100,615703,521.025400,69626,27.059000,0x098b50423eb1b80e5a7fb520438bb4f17cbf6c9b9e6ebef7938342aa2df694fe,0x25ef2285374d0d2fb8f352c90602ea21678ab56bfa198771d120d845fd403499
theo_n,18,468,false,9,13,onchain,500,464,1979758,4554511,459000,532358,557.797800,582747,563.839200,615739,543.204000,69626,20.404900,0x098b50423eb1b80e5a7fb520438bb4f17cbf6c9b9e6ebef7938342aa2df694fe,0x2deef529266e39c647c7f8aa57f1736e372c78d3a0c62c5890613454a7c5fba8
theo_n,18,469,false,9,13,onchain,500,465,1979758,4554511,459000,532298,539.767800,582687,593.218100,615679,557.350400,69626,19.287300,0x098b50423eb1b80e5a7fb520438bb4f17cbf6c9b9e6ebef7938342aa2df694fe,0x17e4d436a99114d9778510c1ad0db88c4c9e6d9ff265191a17aec8c9bdc35b0d
theo_n,18,470,false,9,13,onchain,500,466,1979758,4554511,459000,532214,547.966800,582603,554.039600,615595,584.526100,69626,26.068200,0x098b50423eb1b80e5a7fb520438bb4f17cbf6c9b9e6ebef7938342aa2df694fe,0x194895cb66b9d54f2220b208f6d8dfdc02547c4c64f4b73bd9fbf42e3df5bce9
theo_n,18,471,false,9,13,onchain,500,467,1979758,4554511,459000,532274,545.176100,582663,845.533500,615655,620.094200,69626,30.166100,0x098b50423eb1b80e5a7fb520438bb4f17cbf6c9b9e6ebef7938342aa2df694fe,0x17b9faa51b28b1bf98a3d3650f88426d3ec0f81fc68691e2978f685c54039bdf
theo_n,18,472,false,9,13,onchain,500,468,1979758,4554511,459000,532334,589.210700,582723,574.728600,615715,592.515100,69626,26.960900,0x098b50423eb1b80e5a7fb520438bb4f17cbf6c9b9e6ebef7938342aa2df694fe,0x03557e9b7fef581c5a714eec6689e6db4162f91f8d460ae5dcca16d3b3f9e352
theo_n,18,473,false,9,13,onchain,500,469,1979758,4554511,459000,532202,520.424500,582579,553.874100,615571,592.479200,69614,29.549200,0x098b50423eb1b80e5a7fb520438bb4f17cbf6c9b9e6ebef7938342aa2df694fe,0x2c3214b8c0e8434fb6524fb4ff11e4e800a00966657e18a5d88267ae5f781abf
theo_n,18,474,false,9,13,onchain,500,470,1979758,4554511,459000,532238,573.586300,582627,554.318800,615619,600.226800,69626,26.642200,0x098b50423eb1b80e5a7fb520438bb4f17cbf6c9b9e6ebef7938342aa2df694fe,0x0642a894943cd70151604e637ce6b256aef63733dc5c514325eabd85b7873425
theo_n,18,475,false,9,13,onchain,500,471,1979758,4554511,459000,532298,541.305500,582687,576.997500,615679,575.749100,69626,24.053100,0x098b50423eb1b80e5a7fb520438bb4f17cbf6c9b9e6ebef7938342aa2df694fe,0x18552a6e21eecc017d45a61ec84e6f6dafafd85e5f3a8a1b69f6d52891467353
theo_n,18,476,false,9,13,onchain,500,472,1979758,4554511,459000,532382,541.525600,582759,552.998600,615751,557.654200,69614,27.870800,0x098b50423eb1b80e5a7fb520438bb4f17cbf6c9b9e6ebef7938342aa2df694fe,0x09d6031cbe83e6b6daf712c57cef8f8a00092aaa20ee245268c6261746fb3e6d
theo_n,18,477,false,9,13,onchain,500,473,1979758,4554511,459000,532238,549.002800,582627,579.310100,615619,547.879000,69626,23.166900,0x098b50423eb1b80e5a7fb520438bb4f17cbf6c9b9e6ebef7938342aa2df694fe,0x1d2e7002b581918e7f17fd4c88eaa1e2816dd4fceb92b04c7f1dee4714df076c
theo_n,18,478,false,9,13,onchain,500,474,1979758,4554511,459000,532358,542.358400,582747,605.072900,615739,638.197900,69626,25.647800,0x098b50423eb1b80e5a7fb520438bb4f17cbf6c9b9e6ebef7938342aa2df694fe,0x106c70cbd048ff8d859a8c2a2ac67e23ea74f80b5e9723d541592f72a9be6164
theo_n,18,479,false,9,13,onchain,500,475,1979758,4554511,459000,532202,545.272200,582591,590.026900,615583,560.526500,69626,25.739900,0x098b50423eb1b80e5a7fb520438bb4f17cbf6c9b9e6ebef7938342aa2df694fe,0x18f841147423b43a4e24f734b60a18649d2e49861e1471f1293b599ddadb5b4f
theo_n,18,480,false,9,13,onchain,500,476,1979758,4554511,459000,532238,530.380900,582627,642.309500,615619,640.104400,69626,29.825000,0x098b50423eb1b80e5a7fb520438bb4f17cbf6c9b9e6ebef7938342aa2df694fe,0x181f47596bdada82053dbd519feadb3e1decced847c3ebee5da8062170b7a1fd
theo_n,18,481,false,9,13,onchain,500,477,1979758,4554511,459000,532322,540.737600,582711,566.043200,615703,608.889000,69626,25.185200,0x098b50423eb1b80e5a7fb520438bb4f17cbf6c9b9e6ebef7938342aa2df694fe,0x19d72b93da5f25751ed0e6f5181858631c5863ceb85e9b062ae3f523c50c3823
theo_n,18,482,false,9,13,onchain,500,478,1979758,4554511,459000,532238,639.807200,582627,555.114300,615619,603.804300,69626,24.172800,0x098b50423eb1b80e5a7fb520438bb4f17cbf6c9b9e6ebef7938342aa2df694fe,0x08b9371a31a7f0b2166783304eb3dda67b5455dab4f641d34af9e809ae17f981
theo_n,18,483,false,9,13,onchain,500,479,1979758,4554511,459000,532250,545.254300,582639,553.812600,615631,594.552800,69626,32.718600,0x098b50423eb1b80e5a7fb520438bb4f17cbf6c9b9e6ebef7938342aa2df694fe,0x10acd05e15df221672ec5e25ee7ec5383df40f6a96e4be200f349008ee830ed2
theo_n,18,484,false,9,13,onchain,500,480,1979758,4554511,459000,532226,559.616900,582603,568.996600,615595,591.812000,69626,20.785000,0x098b50423eb1b80e5a7fb520438bb4f17cbf6c9b9e6ebef7938342aa2df694fe,0x3012161f3b161556cf3aa88c4d04f0e9cec22c97b7b8e848d5c7178f3e9b74fd
theo_n,18,485,false,9,13,onchain,500,481,1979758,4554511,459000,532262,517.066500,582651,560.761900,615643,670.218900,69626,18.515100,0x098b50423eb1b80e5a7fb520438bb4f17cbf6c9b9e6ebef7938342aa2df694fe,0x21472178fbf204e629d62a47c15eef10a81ccebaf9f644bd9e4e46c54d340a59
theo_n,18,486,false,9,13,onchain,500,482,1979758,4554511,459000,532310,539.905900,582687,628.032300,615679,564.459900,69614,34.329500,0x098b50423eb1b80e5a7fb520438bb4f17cbf6c9b9e6ebef7938342aa2df694fe,0x1cc81977f75add8f0fa8ffdf8e8d9dd6dc1ad4006181c677d57a5e41157e77c1
theo_n,18,487,false,9,13,onchain,500,483,1979758,4554511,459000,532250,518.855400,582627,550.503300,615619,597.994800,69614,32.499500,0x098b50423eb1b80e5a7fb520438bb4f17cbf6c9b9e6ebef7938342aa2df694fe,0x133f3b027ddf242d1e004142a313c84f951891b964cda34421c8e2199d1420c0
theo_n,18,488,false,9,13,onchain,500,484,1979758,4554511,459000,532286,611.626100,582675,687.031600,615667,573.576800,69626,31.115000,0x098b50423eb1b80e5a7fb520438bb4f17cbf6c9b9e6ebef7938342aa2df694fe,0x03c9185fd1372f0e37b4bf9a3f3dd2063edca06487f626d6d85fd838ad3008ca
theo_n,18,489,false,9,13,onchain,500,485,1979758,4554511,459000,532358,572.452200,582747,554.447600,615739,543.938600,69626,26.853800,0x098b50423eb1b80e5a7fb520438bb4f17cbf6c9b9e6ebef7938342aa2df694fe,0x25e0e7e38fef95e132acd28d6c482e384298692bcd6d0473d4a5e7270f432fb0
theo_n,18,490,false,9,13,onchain,500,486,1979758,4554511,459000,532214,540.539600,582603,566.387300,615595,587.482100,69626,25.360000,0x098b50423eb1b80e5a7fb520438bb4f17cbf6c9b9e6ebef7938342aa2df694fe,0x227d5c1302a98c79262e6fe667330fa86813e3133cf5286aa5d1aa56b4d297e4
theo_n,18,491,false,9,13,onchain,500,487,1979758,4554511,459000,532274,756.530600,582651,1009.996200,615643,551.123100,69614,18.816500,0x098b50423eb1b80e5a7fb520438bb4f17cbf6c9b9e6ebef7938342aa2df694fe,0x1c00aecebc0b69341373f2e0bb29a3c24aac853fd64da87b62c5b316aeca1219
theo_n,18,492,false,9,13,onchain,500,488,1979758,4554511,459000,532226,779.343100,582615,603.530600,615607,795.722500,69626,26.262900,0x098b50423eb1b80e5a7fb520438bb4f17cbf6c9b9e6ebef7938342aa2df694fe,0x084e8cd0f0efa2d0483d3d7c58e49fc749ef77ebb1737fe33318558c56cf3427
theo_n,18,493,false,9,13,onchain,500,489,1979758,4554511,459000,532370,590.334700,582759,563.497300,615751,618.376800,69626,19.158800,0x098b50423eb1b80e5a7fb520438bb4f17cbf6c9b9e6ebef7938342aa2df694fe,0x0a043a7874d62ba138be2dc0842dd24ce6d289652d427bfd6f79e7c48c37b4f7
theo_n,18,494,false,9,13,onchain,500,490,1979758,4554511,459000,532298,534.169000,582675,554.361100,615667,565.396800,69626,27.337200,0x098b50423eb1b80e5a7fb520438bb4f17cbf6c9b9e6ebef7938342aa2df694fe,0x1a89f23a47b3613d76999e01716fb21161a281ba453f95be5b6ec1a4cd2760ff
theo_n,18,495,false,9,13,onchain,500,491,1979758,4554511,459000,532238,536.256400,582627,581.836900,615619,588.355500,69626,32.660200,0x098b50423eb1b80e5a7fb520438bb4f17cbf6c9b9e6ebef7938342aa2df694fe,0x300e9a493810956b752cdc311daa8c6888ed4496181d73e24231623198cff11e
theo_n,18,496,false,9,13,onchain,500,492,1979758,4554511,459000,532262,541.715700,582651,546.945300,615643,645.825800,69626,22.458700,0x098b50423eb1b80e5a7fb520438bb4f17cbf6c9b9e6ebef7938342aa2df694fe,0x2e66af613bd0b308ea76ce8156c11daa75c95d3f8e0ca9d7b293c31c96014b21
theo_n,18,497,false,9,13,onchain,500,493,1979758,4554511,459000,532286,545.723200,582675,662.181800,615667,601.320500,69626,21.656200,0x098b50423eb1b80e5a7fb520438bb4f17cbf6c9b9e6ebef7938342aa2df694fe,0x02dc77fb04fd69f7fab1957d3aba82ed08d25eac854c3dde2a9cade544679e2b
theo_n,18,498,false,9,13,onchain,500,494,1979758,4554511,459000,532238,577.704000,582615,565.665500,615607,637.497600,69614,23.072400,0x098b50423eb1b80e5a7fb520438bb4f17cbf6c9b9e6ebef7938342aa2df694fe,0x228653279e7e7b00992306c5edc1435c1091f5e23990f9d8e3779fd1aa32a8de
theo_n,18,499,false,9,13,onchain,500,495,1979758,4554511,459000,532286,553.662800,582675,592.834900,615667,617.086900,69626,25.464700,0x098b50423eb1b80e5a7fb520438bb4f17cbf6c9b9e6ebef7938342aa2df694fe,0x230a0a415e1e60f6e218a20cd575f16422d11c814813bb0c4546415a14659006
theo_n,18,500,false,9,13,onchain,500,496,1979758,4554511,459000,532250,559.057700,582639,585.343900,615631,585.605200,69626,24.054300,0x098b50423eb1b80e5a7fb520438bb4f17cbf6c9b9e6ebef7938342aa2df694fe,0x0975721ab977e0a4a2d19fc776c1a4212a6d048f5a988aa06d9d108845b40913
theo_n,18,501,false,9,13,onchain,500,497,1979758,4554511,459000,532274,553.388300,582663,629.007700,615655,545.970900,69626,24.555600,0x098b50423eb1b80e5a7fb520438bb4f17cbf6c9b9e6ebef7938342aa2df694fe,0x1277fe6d922e86999f40ca4cb0a82e4bbb03db29f014e42a63da54bd386146f0
theo_n,18,502,false,9,13,onchain,500,498,1979758,4554511,459000,532262,589.745300,582639,541.422200,615631,591.976100,69614,31.587200,0x098b50423eb1b80e5a7fb520438bb4f17cbf6c9b9e6ebef7938342aa2df694fe,0x0113f1fb5a35006448b95b51265b86f399805050c99ce68c7e92a1106394a4ee
theo_n,18,503,false,9,13,onchain,500,499,1979758,4554511,459000,532226,593.518400,582615,580.369800,615607,549.979300,69626,23.918600,0x098b50423eb1b80e5a7fb520438bb4f17cbf6c9b9e6ebef7938342aa2df694fe,0x0c0e1ce676ffd8704c6db547c1f554636c17d9d3da8dfce0b63543dfae4b1d6c
