thi_nghiem,run_id,iteration,warmup,d,k,mechanism,n,student_index,witness_ms,setup_ms,prove_ms,proof_generation_ms,verify_native_ms,verified,proof_bytes,calldata_bytes,root,nullifier,verify_setup_ms
theo_n,18,1,true,9,9,offchain,500,0,0.955500,103.932900,164.223800,165.179300,6.186900,true,3104,,0x2fe6349b77f8b704a4b6fda6a67fa440bb1a7ac8a5722ef77d23ee9340b379ca,0x31cce6578fc40150881c61af3263887000159f168b78eb0c1c67322a114def10,83.706700
theo_n,18,2,true,9,9,offchain,500,1,1.224700,112.788100,187.219900,188.444600,6.852800,true,3104,,0x2fe6349b77f8b704a4b6fda6a67fa440bb1a7ac8a5722ef77d23ee9340b379ca,0x06b149a846c21e833d5cd6933d03540005608217faf9b22fe873f8c17f865e8c,89.182200
theo_n,18,3,true,9,9,offchain,500,2,1.342500,126.661700,258.698200,260.040700,6.726100,true,3104,,0x2fe6349b77f8b704a4b6fda6a67fa440bb1a7ac8a5722ef77d23ee9340b379ca,0x1d06a3d96bc0fee0182a90672cc093d7b090bd77f3f3308c9126cfb07e55ad1e,94.968600
theo_n,18,4,false,9,9,offchain,500,0,1.332800,121.507800,213.651900,214.984700,7.232600,true,3104,,0x2fe6349b77f8b704a4b6fda6a67fa440bb1a7ac8a5722ef77d23ee9340b379ca,0x31cce6578fc40150881c61af3263887000159f168b78eb0c1c67322a114def10,92.819300
theo_n,18,5,false,9,9,offchain,500,1,1.382700,124.374100,203.710300,205.093000,7.119600,true,3104,,0x2fe6349b77f8b704a4b6fda6a67fa440bb1a7ac8a5722ef77d23ee9340b379ca,0x06b149a846c21e833d5cd6933d03540005608217faf9b22fe873f8c17f865e8c,94.375700
theo_n,18,6,false,9,9,offchain,500,2,1.387900,124.424500,202.120200,203.508100,7.226600,true,3104,,0x2fe6349b77f8b704a4b6fda6a67fa440bb1a7ac8a5722ef77d23ee9340b379ca,0x1d06a3d96bc0fee0182a90672cc093d7b090bd77f3f3308c9126cfb07e55ad1e,97.365900
theo_n,18,7,false,9,9,offchain,500,3,1.380900,128.787600,205.747700,207.128600,7.100900,true,3104,,0x2fe6349b77f8b704a4b6fda6a67fa440bb1a7ac8a5722ef77d23ee9340b379ca,0x2ee3eca2a8acabb5247f13a7dc5bb5745525229c9b0fb6af8461f8add9d6ea42,93.793600
theo_n,18,8,false,9,9,offchain,500,4,1.364600,123.661400,202.539900,203.904500,7.145000,true,3104,,0x2fe6349b77f8b704a4b6fda6a67fa440bb1a7ac8a5722ef77d23ee9340b379ca,0x23abcf4c24d8f5eaa25ebedbbad6a842ea7c9839a4809e5f07c904d2874949da,93.653300
theo_n,18,9,false,9,9,offchain,500,5,1.552900,126.200200,203.032400,204.585300,7.117400,true,3104,,0x2fe6349b77f8b704a4b6fda6a67fa440bb1a7ac8a5722ef77d23ee9340b379ca,0x053f995315ef14fd41321d4c26fc6e4a11eebe9847b131f33160a845efab237a,93.559300
theo_n,18,10,false,9,9,offchain,500,6,1.433000,123.846500,202.207600,203.640600,7.562200,true,3104,,0x2fe6349b77f8b704a4b6fda6a67fa440bb1a7ac8a5722ef77d23ee9340b379ca,0x2253bb49377756b6e039255c2e07e59ebdb5e721de9034b6084a4f646823fb04,92.344400
theo_n,18,11,false,9,9,offchain,500,7,1.376500,123.012200,217.976100,219.352600,7.350900,true,3104,,0x2fe6349b77f8b704a4b6fda6a67fa440bb1a7ac8a5722ef77d23ee9340b379ca,0x30a7f45e66796c0bb5e756de164a7408361c1113a9c271d837fc45b7dcd6f659,93.062900
theo_n,18,12,false,9,9,offchain,500,8,1.460700,124.795600,203.983900,205.444600,6.729000,true,3104,,0x2fe6349b77f8b704a4b6fda6a67fa440bb1a7ac8a5722ef77d23ee9340b379ca,0x2cd86dce870ffb93e493637ae0ebc4d227e78de147374955ca7c805d2bd92dbb,98.250000
theo_n,18,13,false,9,9,offchain,500,9,1.369200,123.726900,201.735500,203.104700,7.186700,true,3104,,0x2fe6349b77f8b704a4b6fda6a67fa440bb1a7ac8a5722ef77d23ee9340b379ca,0x0bb7e3ce2eb37533b72c200e6c6614cb93c18b171631c1ef120a8fd150f2cb13,94.794800
theo_n,18,14,false,9,9,offchain,500,10,1.475400,125.202400,209.783400,211.258800,8.028600,true,3104,,0x2fe6349b77f8b704a4b6fda6a67fa440bb1a7ac8a5722ef77d23ee9340b379ca,0x2ddef6234d7e6f2ddbb3ed21a00be7589b7bbf5606b92dcf2b04f4b5bccd4fec,105.943200
theo_n,18,15,false,9,9,offchain,500,11,1.449300,126.481200,206.567100,208.016400,7.077000,true,3104,,0x2fe6349b77f8b704a4b6fda6a67fa440bb1a7ac8a5722ef77d23ee9340b379ca,0x3ada3ac697494a8c8f48fd81b4d30c407e5b76c201c8434db157d8b726837548,95.052800
theo_n,18,16,false,9,9,offchain,500,12,1.489900,124.752300,262.889200,264.379100,7.138900,true,3104,,0x2fe6349b77f8b704a4b6fda6a67fa440bb1a7ac8a5722ef77d23ee9340b379ca,0x2b1d692090d6ea4a2e3a8e5433f88d3c74ba86937bbe64f14872631fa739b53f,95.234000
theo_n,18,17,false,9,9,offchain,500,13,1.372100,125.363600,204.054600,205.426700,7.193100,true,3104,,0x2fe6349b77f8b704a4b6fda6a67fa440bb1a7ac8a5722ef77d23ee9340b379ca,0x184e5193d7aeddeb42bdf7d177255cdc1408f8df7aca9b1c91f801f0b916b0d6,92.785100
theo_n,18,18,false,9,9,offchain,500,14,1.433200,124.845100,204.921800,206.355000,6.814700,true,3104,,0x2fe6349b77f8b704a4b6fda6a67fa440bb1a7ac8a5722ef77d23ee9340b379ca,0x1058edf090bdc3434d5a8d0aaae59d1679f4ab8018a6c9def311908fe8a3ea79,92.391800
theo_n,18,19,false,9,9,offchain,500,15,1.461800,122.724700,200.969000,202.430800,6.944600,true,3104,,0x2fe6349b77f8b704a4b6fda6a67fa440bb1a7ac8a5722ef77d23ee9340b379ca,0x3b72a670b9b3a3ef60168831693d1465b1b6f88669ba7f1c47c43c4fe8b69559,95.334500
theo_n,18,20,false,9,9,offchain,500,16,1.299600,125.356400,205.583400,206.883000,7.463500,true,3104,,0x2fe6349b77f8b704a4b6fda6a67fa440bb1a7ac8a5722ef77d23ee9340b379ca,0x26790d62c5185858bb332e4f92f692c84b23c6be4b30b5a66dce2e37e083442b,93.364100
theo_n,18,21,false,9,9,offchain,500,17,1.463500,124.323700,203.335100,204.798600,6.949200,true,3104,,0x2fe6349b77f8b704a4b6fda6a67fa440bb1a7ac8a5722ef77d23ee9340b379ca,0x0238145a7cd2114ded0673cf7b04a8dcef4690c839f508dd14cb073e332ab139,92.397000
theo_n,18,22,false,9,9,offchain,500,18,1.393100,122.668500,201.654900,203.048000,7.080100,true,3104,,0x2fe6349b77f8b704a4b6fda6a67fa440bb1a7ac8a5722ef77d23ee9340b379ca,0x36fc3e2add7d8d3afc785b77a54fd23964e7cb8eb494e13e9c6a887965a847cf,92.655500
theo_n,18,23,false,9,9,offchain,500,19,1.365300,126.057100,202.325800,203.691100,7.194900,true,3104,,0x2fe6349b77f8b704a4b6fda6a67fa440bb1a7ac8a5722ef77d23ee9340b379ca,0x3cab613111c672bcddd2485adbf14ab6c8aec112b50ea0005aa159b8d973387b,92.747200
theo_n,18,24,false,9,9,offchain,500,20,1.318900,123.877200,202.674700,203.993600,6.923200,true,3104,,0x2fe6349b77f8b704a4b6fda6a67fa440bb1a7ac8a5722ef77d23ee9340b379ca,0x0f5ba5eafbd37105956aad8ad60c718f4f0f8c32793fa14d010ec4a8efd5896c,93.674500
theo_n,18,25,false,9,9,offchain,500,21,1.410000,123.089700,201.344100,202.754100,7.228400,true,3104,,0x2fe6349b77f8b704a4b6fda6a67fa440bb1a7ac8a5722ef77d23ee9340b379ca,0x345865de75a078c2601df5bf7b8ac01ddc913428ad55c6842fd239d9c1bb2bee,96.449000
theo_n,18,26,false,9,9,offchain,500,22,1.351100,123.929000,200.369400,201.720500,7.315100,true,3104,,0x2fe6349b77f8b704a4b6fda6a67fa440bb1a7ac8a5722ef77d23ee9340b379ca,0x381949a023bad7dd72b836139501a18bde8117197414fc26e1861c5833221a06,95.704100
theo_n,18,27,false,9,9,offchain,500,23,1.367300,121.230800,197.896000,199.263300,6.948400,true,3104,,0x2fe6349b77f8b704a4b6fda6a67fa440bb1a7ac8a5722ef77d23ee9340b379ca,0x36c9f307ec5cae6c551dbd4ee41275b93d6012c1496b7b824b693747101e4649,92.492500
theo_n,18,28,false,9,9,offchain,500,24,1.476900,125.059200,208.890700,210.367600,7.970900,true,3104,,0x2fe6349b77f8b704a4b6fda6a67fa440bb1a7ac8a5722ef77d23ee9340b379ca,0x0e4fa672364ff8d28d324fa63f54a5c0af0eb28a17068e9ff96618692a930a1f,95.731500
theo_n,18,29,false,9,9,offchain,500,25,1.408400,129.319100,205.147600,206.556000,6.925900,true,3104,,0x2fe6349b77f8b704a4b6fda6a67fa440bb1a7ac8a5722ef77d23ee9340b379ca,0x1d296167df1398272a65c2152fa42bac6f090a91ea2ef72b15701ec5c4e7351d,91.985900
theo_n,18,30,false,9,9,offchain,500,26,1.368800,123.359400,262.820500,264.189300,7.415600,true,3104,,0x2fe6349b77f8b704a4b6fda6a67fa440bb1a7ac8a5722ef77d23ee9340b379ca,0x158799b447546c84c9076c82c385cdacf0e2ce1ba4d011ac2f9b9cca4abbe22b,94.616400
theo_n,18,31,false,9,9,offchain,500,27,1.870200,123.815400,203.168000,205.038200,7.292600,true,3104,,0x2fe6349b77f8b704a4b6fda6a67fa440bb1a7ac8a5722ef77d23ee9340b379ca,0x3d6b035fd78b94d7dc88fa276f05bef4a4cb011ff779ffface9f0ef9dff9ef49,93.348500
theo_n,18,32,false,9,9,offchain,500,28,1.374400,125.117200,205.098600,206.473000,7.181200,true,3104,,0x2fe6349b77f8b704a4b6fda6a67fa440bb1a7ac8a5722ef77d23ee9340b379ca,0x1081e5213854c477ad9b853775007aac6aa3572c9092f3d51ef4069d592bf93d,92.763800
theo_n,18,33,false,9,9,offchain,500,29,1.566700,122.724800,201.607800,203.174500,6.973100,true,3104,,0x2fe6349b77f8b704a4b6fda6a67fa440bb1a7ac8a5722ef77d23ee9340b379ca,0x3265c24e296401ba9bb56bba84a98f7974893fb4ba831c612c6aee4f8e36b5ba,93.746000
theo_n,18,34,false,9,9,offchain,500,30,1.372000,123.442000,201.644700,203.016700,7.196500,true,3104,,0x2fe6349b77f8b704a4b6fda6a67fa440bb1a7ac8a5722ef77d23ee9340b379ca,0x37a34c44838bbc5fb890e04ebc426a8b9e08b427b297c08c0aabe144b3adcf0c,97.114600
theo_n,18,35,false,9,9,offchain,500,31,1.361000,123.422700,202.459800,203.820800,7.028500,true,3104,,0x2fe6349b77f8b704a4b6fda6a67fa440bb1a7ac8a5722ef77d23ee9340b379ca,0x15f9e59991adcbfb9befc7df4a64145357c0258a75825b8d54edb79a3876ae09,93.288200
theo_n,18,36,false,9,9,offchain,500,32,1.291100,122.114300,222.077600,223.368700,7.863600,true,3104,,0x2fe6349b77f8b704a4b6fda6a67fa440bb1a7ac8a5722ef77d23ee9340b379ca,0x2a09e0c9376ab1887e8ed9bdda26a27447b81b76c47152c2d50104fc5626ecc3,104.401700
theo_n,18,37,false,9,9,offchain,500,33,1.482100,157.296100,224.829800,226.311900,7.335200,true,3104,,0x2fe6349b77f8b704a4b6fda6a67fa440bb1a7ac8a5722ef77d23ee9340b379ca,0x2a9f0a9dfefd0b687425dbc05c820a0f13332e787844dda043d22dd10df498a6,97.433800
theo_n,18,38,false,9,9,offchain,500,34,1.396600,126.816800,201.542800,202.939400,7.055700,true,3104,,0x2fe6349b77f8b704a4b6fda6a67fa440bb1a7ac8a5722ef77d23ee9340b379ca,0x09e02495203c5b1835b1ad1db270049b8a4119702d53dd5886a235a5996bb099,93.941500
theo_n,18,39,false,9,9,offchain,500,35,1.650800,121.985700,209.001200,210.652000,6.941800,true,3104,,0x2fe6349b77f8b704a4b6fda6a67fa440bb1a7ac8a5722ef77d23ee9340b379ca,0x15b24bdd1b4b0a5fc499fc6c2dac6f90ccd9b28ef26c850a65e3f88b5c06ccec,93.385000
theo_n,18,40,false,9,9,offchain,500,36,1.375400,123.524300,204.150800,205.526200,6.942500,true,3104,,0x2fe6349b77f8b704a4b6fda6a67fa440bb1a7ac8a5722ef77d23ee9340b379ca,0x137e941e9cc4e3016c6985e12467691777c8c4a841527789f6bd0dec5f565c59,95.967700
theo_n,18,41,false,9,9,offchain,500,37,1.360500,121.892700,203.903600,205.264100,7.258900,true,3104,,0x2fe6349b77f8b704a4b6fda6a67fa440bb1a7ac8a5722ef77d23ee9340b379ca,0x10cadd1521fa6c0179e0ee11c59d94bc5304a9bba12cff518811447f7919e2cf,93.765700
theo_n,18,42,false,9,9,offchain,500,38,1.388700,123.522900,202.825500,204.214200,7.084300,true,3104,,0x2fe6349b77f8b704a4b6fda6a67fa440bb1a7ac8a5722ef77d23ee9340b379ca,0x1ad7e7d5b9ef8cfc0e8304ce037203d2aa80e2e3fcc45eac7c2a356351250524,93.128500
theo_n,18,43,false,9,9,offchain,500,39,1.346100,121.429800,200.622200,201.968300,7.564400,true,3104,,0x2fe6349b77f8b704a4b6fda6a67fa440bb1a7ac8a5722ef77d23ee9340b379ca,0x36fe2e9f819dd0e65c674f1dee54da6f9c1a176a655df186b096a3562d852a5d,95.269100
theo_n,18,44,false,9,9,offchain,500,40,1.380400,122.611900,263.897600,265.278000,6.957600,true,3104,,0x2fe6349b77f8b704a4b6fda6a67fa440bb1a7ac8a5722ef77d23ee9340b379ca,0x097e34dde40b4321dd80c99af3ef8422ec3a73656e53dc07dbf162c1a7990a32,97.270700
theo_n,18,45,false,9,9,offchain,500,41,1.420400,121.968300,199.197900,200.618300,6.953700,true,3104,,0x2fe6349b77f8b704a4b6fda6a67fa440bb1a7ac8a5722ef77d23ee9340b379ca,0x2ca71bcca7bed8690446f6f35eb9fd301a721d2284d5a81310cbc89bc807c08e,94.442900
theo_n,18,46,false,9,9,offchain,500,42,1.397000,130.960400,202.397300,203.794300,6.965400,true,3104,,0x2fe6349b77f8b704a4b6fda6a67fa440bb1a7ac8a5722ef77d23ee9340b379ca,0x0eb7c2b13f35ce06c28ef680f6c4cfc8e527cd2cdca83ba49d331a8e5a1a2030,92.769400
theo_n,18,47,false,9,9,offchain,500,43,1.406800,123.276300,200.721400,202.128200,6.932200,true,3104,,0x2fe6349b77f8b704a4b6fda6a67fa440bb1a7ac8a5722ef77d23ee9340b379ca,0x34889aed5c7b552ca8c00a9c6ba49700ffd03085af8904500901bc4b08b58faf,92.775600
theo_n,18,48,false,9,9,offchain,500,44,1.327300,121.329200,197.111500,198.438800,6.993700,true,3104,,0x2fe6349b77f8b704a4b6fda6a67fa440bb1a7ac8a5722ef77d23ee9340b379ca,0x208406b0c74f9fd5c45c8ba2ee4f58074a9b3e8b67ad550e8c80895095d21eed,94.229300
theo_n,18,49,false,9,9,offchain,500,45,1.427400,122.224100,202.414400,203.841800,6.860300,true,3104,,0x2fe6349b77f8b704a4b6fda6a67fa440bb1a7ac8a5722ef77d23ee9340b379ca,0x1e6ba2529c1c51cd0ab99d61e03b52081a2b2f765f142557f0afeda0cff80314,94.234400
theo_n,18,50,false,9,9,offchain,500,46,1.393800,123.539400,200.875600,202.269400,6.935100,true,3104,,0x2fe6349b77f8b704a4b6fda6a67fa440bb1a7ac8a5722ef77d23ee9340b379ca,0x24f94e7f98d781cdf3066c1516e1288f985404d2f474d2be5266774f759c0039,93.574700
theo_n,18,51,false,9,9,offchain,500,47,1.604200,122.228800,198.626200,200.230400,6.866900,true,3104,,0x2fe6349b77f8b704a4b6fda6a67fa440bb1a7ac8a5722ef77d23ee9340b379ca,0x2bc29b9bb94e111d25dae872bbe9a152f2932fe5c2dcfe7eb4589c3e284bc396,92.730300
theo_n,18,52,false,9,9,offchain,500,48,1.416400,120.864400,202.341800,203.758200,7.139300,true,3104,,0x2fe6349b77f8b704a4b6fda6a67fa440bb1a7ac8a5722ef77d23ee9340b379ca,0x3f2c363255bd9ac2db73cd3a02d9edfe2fceaea459f1eae54a9417e23c73fada,93.557800
theo_n,18,53,false,9,9,offchain,500,49,1.459100,124.118800,204.829800,206.288900,6.891900,true,3104,,0x2fe6349b77f8b704a4b6fda6a67fa440bb1a7ac8a5722ef77d23ee9340b379ca,0x105b181bd6e1bf4ae344f18d215e64d69671f3453c5ff6e536444dcede6f7a8f,91.807900
theo_n,18,54,false,9,9,offchain,500,50,1.344000,122.024200,199.196300,200.540300,6.957700,true,3104,,0x2fe6349b77f8b704a4b6fda6a67fa440bb1a7ac8a5722ef77d23ee9340b379ca,0x367a05d4576bf040770a0dfac5509fa5d77a62782c579bdada5981fe12efaa67,92.600200
theo_n,18,55,false,9,9,offchain,500,51,1.669200,125.316200,201.595300,203.264500,7.007000,true,3104,,0x2fe6349b77f8b704a4b6fda6a67fa440bb1a7ac8a5722ef77d23ee9340b379ca,0x1112593ea96c064743ef0a2c5d82b857ff41e53ace5b4abe93b2df0e5fb58a59,94.066000
theo_n,18,56,false,9,9,offchain,500,52,1.382700,121.841000,198.584900,199.967600,6.938900,true,3104,,0x2fe6349b77f8b704a4b6fda6a67fa440bb1a7ac8a5722ef77d23ee9340b379ca,0x31b370304c7cff2f4a2864357ffd01bf85f723635ccd35fc4c428b4890f47af1,92.816500
theo_n,18,57,false,9,9,offchain,500,53,1.330800,122.089000,259.929000,261.259800,6.813200,true,3104,,0x2fe6349b77f8b704a4b6fda6a67fa440bb1a7ac8a5722ef77d23ee9340b379ca,0x3d3025827bdc7c1a4cbd2fa980467237f17ab492d307245233a87b8a643f14ab,92.551800
theo_n,18,58,false,9,9,offchain,500,54,1.361800,122.087400,199.518400,200.880200,6.902300,true,3104,,0x2fe6349b77f8b704a4b6fda6a67fa440bb1a7ac8a5722ef77d23ee9340b379ca,0x34d7867c81d1e736bb70575120a00d08e4553a45a5a5e8213e3ed3d5a862f77a,91.797900
theo_n,18,59,false,9,9,offchain,500,55,1.383700,120.285100,198.812700,200.196400,6.950800,true,3104,,0x2fe6349b77f8b704a4b6fda6a67fa440bb1a7ac8a5722ef77d23ee9340b379ca,0x0b7ae8d25e76a5df04d61997493591106f2d742c98bcb28761d82773bf2ab6b3,92.727700
theo_n,18,60,false,9,9,offchain,500,56,1.426800,121.750800,199.412000,200.838800,7.401900,true,3104,,0x2fe6349b77f8b704a4b6fda6a67fa440bb1a7ac8a5722ef77d23ee9340b379ca,0x356556a6e6dbcbcf708a745b17a7298946c2d98eb9c544686c018651329069f8,94.094200
theo_n,18,61,false,9,9,offchain,500,57,1.352400,127.376500,204.821400,206.173800,6.955700,true,3104,,0x2fe6349b77f8b704a4b6fda6a67fa440bb1a7ac8a5722ef77d23ee9340b379ca,0x35affd8d03feade30e8bcc85d92d5c1e1c3f07572f69a33b47602db639ddf4eb,92.497200
theo_n,18,62,false,9,9,offchain,500,58,1.375300,121.169200,200.144600,201.519900,6.890100,true,3104,,0x2fe6349b77f8b704a4b6fda6a67fa440bb1a7ac8a5722ef77d23ee9340b379ca,0x35d159d0434207d958c002bfb58c81e555036eebb77fc92f633d8e45e4138d3a,95.492300
theo_n,18,63,false,9,9,offchain,500,59,1.456800,125.685500,222.466100,223.922900,7.163400,true,3104,,0x2fe6349b77f8b704a4b6fda6a67fa440bb1a7ac8a5722ef77d23ee9340b379ca,0x33b7affbeb57a5b82b7b9d668af0c3c7fbda480046926717d3b00c571eb87be4,93.834500
theo_n,18,64,false,9,9,offchain,500,60,1.505400,126.336400,202.385200,203.890600,6.790100,true,3104,,0x2fe6349b77f8b704a4b6fda6a67fa440bb1a7ac8a5722ef77d23ee9340b379ca,0x296ae6ced3f1274fe7a3358843e0c842a75bda60b852b254b477f46d82eecc71,94.234600
theo_n,18,65,false,9,9,offchain,500,61,1.371400,122.567400,200.716900,202.088300,6.913800,true,3104,,0x2fe6349b77f8b704a4b6fda6a67fa440bb1a7ac8a5722ef77d23ee9340b379ca,0x175131215e7801d8395735d66582488a3f45cf21ca4ac3df1895dd49dca8490d,96.573600
theo_n,18,66,false,9,9,offchain,500,62,1.362700,123.981200,204.049000,205.411700,7.929100,true,3104,,0x2fe6349b77f8b704a4b6fda6a67fa440bb1a7ac8a5722ef77d23ee9340b379ca,0x3493b117c949b0c7fad43853e1a11f960ec57e40ed3fedbbe9f6ee98f440c1a2,144.446300
theo_n,18,67,false,9,9,offchain,500,63,1.469200,126.655500,205.628900,207.098100,7.282800,true,3104,,0x2fe6349b77f8b704a4b6fda6a67fa440bb1a7ac8a5722ef77d23ee9340b379ca,0x151375a0e2cab64803c0677384030f3bf8d86c80fe19936a69f563c59fab30b1,95.345100
theo_n,18,68,false,9,9,offchain,500,64,1.393600,145.716100,231.238400,232.632000,7.549700,true,3104,,0x2fe6349b77f8b704a4b6fda6a67fa440bb1a7ac8a5722ef77d23ee9340b379ca,0x30b5adb40a92895d5ed53a0eeaa9d3c785cd219d950238043d775a741b72bb2c,99.514000
theo_n,18,69,false,9,9,offchain,500,65,1.560800,127.600100,202.741400,204.302200,7.210700,true,3104,,0x2fe6349b77f8b704a4b6fda6a67fa440bb1a7ac8a5722ef77d23ee9340b379ca,0x1fc6ffb941b71d65890a8e4128804db657be13262093318e86e8b548e0617dcf,93.476100
theo_n,18,70,false,9,9,offchain,500,66,1.427200,124.916400,202.467600,203.894800,8.672200,true,3104,,0x2fe6349b77f8b704a4b6fda6a67fa440bb1a7ac8a5722ef77d23ee9340b379ca,0x1974a9d05c061a4d1440c8e3477485d22643c540777402f3ff4d1226b013dd7b,94.005400
theo_n,18,71,false,9,9,offchain,500,67,1.420000,125.890300,264.327000,265.747000,7.008000,true,3104,,0x2fe6349b77f8b704a4b6fda6a67fa440bb1a7ac8a5722ef77d23ee9340b379ca,0x236dbf65939ffa8990a49eac3c48842c8b57d7d33627159fd2f4de1b078902fb,94.177400
theo_n,18,72,false,9,9,offchain,500,68,1.368700,121.459700,202.465600,203.834300,7.020300,true,3104,,0x2fe6349b77f8b704a4b6fda6a67fa440bb1a7ac8a5722ef77d23ee9340b379ca,0x069866effa4c385eb367f3e53f17d9a75ce227086c72ae9ebb073fc645606741,92.789900
theo_n,18,73,false,9,9,offchain,500,69,1.350100,123.087700,199.381300,200.731400,6.982100,true,3104,,0x2fe6349b77f8b704a4b6fda6a67fa440bb1a7ac8a5722ef77d23ee9340b379ca,0x0c43daa5853350e5fcd53cbe3a9849e42382c8128e6dc59b4a82cd69f7f04379,92.033400
theo_n,18,74,false,9,9,offchain,500,70,1.354700,123.681100,201.566100,202.920800,7.043500,true,3104,,0x2fe6349b77f8b704a4b6fda6a67fa440bb1a7ac8a5722ef77d23ee9340b379ca,0x020d9be1a95e587f228ddbf0721bfd65be3457d210f44a88755fcf5c8c274fb9,92.750500
theo_n,18,75,false,9,9,offchain,500,71,1.361300,120.873500,207.928000,209.289300,7.242500,true,3104,,0x2fe6349b77f8b704a4b6fda6a67fa440bb1a7ac8a5722ef77d23ee9340b379ca,0x1a892e6a7dc74c42986987fd5e36d2b0742f47af2460dbf0d9fe60320a89d30c,93.066600
theo_n,18,76,false,9,9,offchain,500,72,1.389800,123.854900,206.263800,207.653600,6.832400,true,3104,,0x2fe6349b77f8b704a4b6fda6a67fa440bb1a7ac8a5722ef77d23ee9340b379ca,0x24012d177461a632d9c00545fb9834207a4f0913b93c92f9dc477d249a4f5b8b,92.206100
theo_n,18,77,false,9,9,offchain,500,73,1.385700,122.308400,201.562900,202.948600,7.018700,true,3104,,0x2fe6349b77f8b704a4b6fda6a67fa440bb1a7ac8a5722ef77d23ee9340b379ca,0x15ddc7f941eb827dc742c94242cdb4202a7531ffe2e1320abb9f2e10c4d46bba,91.916700
theo_n,18,78,false,9,9,offchain,500,74,1.429000,124.992900,201.352200,202.781200,7.231300,true,3104,,0x2fe6349b77f8b704a4b6fda6a67fa440bb1a7ac8a5722ef77d23ee9340b379ca,0x0bef9a92e07a5e21d94c0109eaaf18de8f6698543279171aea36f65fee1fe308,95.430200
theo_n,18,79,false,9,9,offchain,500,75,1.366500,121.611500,201.714600,203.081100,6.902700,true,3104,,0x2fe6349b77f8b704a4b6fda6a67fa440bb1a7ac8a5722ef77d23ee9340b379ca,0x293dbbf2e0ee6a2c3f9223b121d1a2cfd00c97f67d78970374e17dd67a1d74bc,92.401400
theo_n,18,80,false,9,9,offchain,500,76,1.348300,122.092100,197.149000,198.497300,7.024500,true,3104,,0x2fe6349b77f8b704a4b6fda6a67fa440bb1a7ac8a5722ef77d23ee9340b379ca,0x112b1e399fc3ea2c4aa6bc7984dc59c250534aaf21590b036ca8a9e49ec93728,97.721100
theo_n,18,81,false,9,9,offchain,500,77,1.403200,123.254100,198.666500,200.069700,6.794700,true,3104,,0x2fe6349b77f8b704a4b6fda6a67fa440bb1a7ac8a5722ef77d23ee9340b379ca,0x2c391d862675b985122b7bde54e8a2413c33251b7ffea59b3eecf9be7a7ab553,93.272500
theo_n,18,82,false,9,9,offchain,500,78,1.329500,121.792800,200.359000,201.688500,6.971300,true,3104,,0x2fe6349b77f8b704a4b6fda6a67fa440bb1a7ac8a5722ef77d23ee9340b379ca,0x2b063c3c5c49d33b2da3b817ec149aeae6d7a130d98f861a5ee98a2c27732ff6,94.206200
theo_n,18,83,false,9,9,offchain,500,79,1.388600,122.444700,199.060400,200.449000,6.887000,true,3104,,0x2fe6349b77f8b704a4b6fda6a67fa440bb1a7ac8a5722ef77d23ee9340b379ca,0x03a944ffedcb6bd46ba34969f9ffb92fb3a4bf32edf50f1fdbd95a6f28a4f8d5,96.782600
theo_n,18,84,false,9,9,offchain,500,80,1.340800,121.378500,205.104200,206.445000,6.893400,true,3104,,0x2fe6349b77f8b704a4b6fda6a67fa440bb1a7ac8a5722ef77d23ee9340b379ca,0x226db5137513309d4a578e1f59e1687c5f8889c53b1e62025e1a3b2ccf3a2eec,92.618200
theo_n,18,85,false,9,9,offchain,500,81,1.386500,178.179300,200.324000,201.710500,6.862300,true,3104,,0x2fe6349b77f8b704a4b6fda6a67fa440bb1a7ac8a5722ef77d23ee9340b379ca,0x2327c5299fb59360173e53531f8cfb46faae6cbd3a39b734d4ac13a79305c10c,92.301600
theo_n,18,86,false,9,9,offchain,500,82,1.371400,122.565300,197.750800,199.122200,6.883100,true,3104,,0x2fe6349b77f8b704a4b6fda6a67fa440bb1a7ac8a5722ef77d23ee9340b379ca,0x1461edaabe49fbac3d272dd17fa989d2232a197f9f33322d31517a085e7074f6,92.592700
theo_n,18,87,false,9,9,offchain,500,83,1.327100,121.442800,200.602700,201.929800,7.010200,true,3104,,0x2fe6349b77f8b704a4b6fda6a67fa440bb1a7ac8a5722ef77d23ee9340b379ca,0x036eb7ef90ea532940cdc20ddf72d9e73001492b4888e85fc17a9f09d7452fca,93.106500
theo_n,18,88,false,9,9,offchain,500,84,1.480200,121.710100,198.186600,199.666800,7.494700,true,3104,,0x2fe6349b77f8b704a4b6fda6a67fa440bb1a7ac8a5722ef77d23ee9340b379ca,0x031f5573c450699b4dded04131f53dd85bb0e4432251025023c38abb65b61e56,99.012800
theo_n,18,89,false,9,9,offchain,500,85,1.411900,125.528500,201.511800,202.923700,6.961300,true,3104,,0x2fe6349b77f8b704a4b6fda6a67fa440bb1a7ac8a5722ef77d23ee9340b379ca,0x156c7ab873f453c200252bcd74f48164369d02b50a57d9689bc723194b8b3802,93.520700
theo_n,18,90,false,9,9,offchain,500,86,1.579900,123.790200,202.240500,203.820400,7.092600,true,3104,,0x2fe6349b77f8b704a4b6fda6a67fa440bb1a7ac8a5722ef77d23ee9340b379ca,0x331138e04ece8a2e6cbb3bc5d980ffb4f9dde1068e227fdb9832b846faaeca0e,99.206800
theo_n,18,91,false,9,9,offchain,500,87,1.341100,121.625800,199.266600,200.607700,6.963600,true,3104,,0x2fe6349b77f8b704a4b6fda6a67fa440bb1a7ac8a5722ef77d23ee9340b379ca,0x089d1aa1c2473d25b78af6935dcb93bd07aebbac0257d4d611f18fb5f545beeb,93.619200
theo_n,18,92,false,9,9,offchain,500,88,1.375700,120.425300,204.724600,206.100300,7.148200,true,3104,,0x2fe6349b77f8b704a4b6fda6a67fa440bb1a7ac8a5722ef77d23ee9340b379ca,0x1e93ea44a887f2e8fd076e0c7713ae9d34036e5aee4404a35e4b44acd32346c5,94.747200
theo_n,18,93,false,9,9,offchain,500,89,1.432100,124.940200,200.835900,202.268000,7.093000,true,3104,,0x2fe6349b77f8b704a4b6fda6a67fa440bb1a7ac8a5722ef77d23ee9340b379ca,0x1e123929cf2884f04173384ef96a723d1629eafc520534c33d5c33cbc548d4e0,92.991000
theo_n,18,94,false,9,9,offchain,500,90,1.338000,121.835600,198.381800,199.719800,6.858400,true,3104,,0x2fe6349b77f8b704a4b6fda6a67fa440bb1a7ac8a5722ef77d23ee9340b379ca,0x07e2ce03aef8e0a6f9039888b6581209d9b4511b0045717f795cd28f3fae8498,94.697000
theo_n,18,95,false,9,9,offchain,500,91,1.339500,122.663600,200.828500,202.168000,6.975200,true,3104,,0x2fe6349b77f8b704a4b6fda6a67fa440bb1a7ac8a5722ef77d23ee9340b379ca,0x22742fe979ce969d4cdb11f8076cc0152138d594231440b7590a9792caa27ff7,93.158200
theo_n,18,96,false,9,9,offchain,500,92,1.396300,122.119300,200.048300,201.444600,6.994000,true,3104,,0x2fe6349b77f8b704a4b6fda6a67fa440bb1a7ac8a5722ef77d23ee9340b379ca,0x2c9d50760aaf6391e556a5ba1c0804e54a3fda00913318e43a266220c37eb935,92.696000
theo_n,18,97,false,9,9,offchain,500,93,1.326300,121.271000,198.253300,199.579600,7.012700,true,3104,,0x2fe6349b77f8b704a4b6fda6a67fa440bb1a7ac8a5722ef77d23ee9340b379ca,0x3a752b4e6c05bd74df2d94939f850a55f28a17cceaae03d38743bd8ff61e3d5d,93.168600
theo_n,18,98,false,9,9,offchain,500,94,1.331900,122.228300,208.851100,210.183000,7.161000,true,3104,,0x2fe6349b77f8b704a4b6fda6a67fa440bb1a7ac8a5722ef77d23ee9340b379ca,0x3925e2a85c45e174b3dfeacf4d2c36c0b1ae3ff62b57faffa83a135bc086fce8,92.607600
theo_n,18,99,false,9,9,offchain,500,95,1.437000,125.903600,264.077500,265.514500,7.014900,true,3104,,0x2fe6349b77f8b704a4b6fda6a67fa440bb1a7ac8a5722ef77d23ee9340b379ca,0x022f8d0056933c95a43ba5b04cd9ad652953a2b5d0d3aea294037033125f5765,95.169500
theo_n,18,100,false,9,9,offchain,500,96,1.498300,121.995600,198.579500,200.077800,7.068700,true,3104,,0x2fe6349b77f8b704a4b6fda6a67fa440bb1a7ac8a5722ef77d23ee9340b379ca,0x1e9e2ade609569ab986455245dcd3a8d2cd79d70b61138c0bbd820794bef794a,92.742900
theo_n,18,101,false,9,9,offchain,500,97,1.315200,120.599000,198.076200,199.391400,6.984800,true,3104,,0x2fe6349b77f8b704a4b6fda6a67fa440bb1a7ac8a5722ef77d23ee9340b379ca,0x0ea9443dedf0f039461915c560ef0cd5202bc412a1277392db3c9b94736e19df,92.325700
theo_n,18,102,false,9,9,offchain,500,98,1.404300,121.659800,199.179100,200.583400,6.889900,true,3104,,0x2fe6349b77f8b704a4b6fda6a67fa440bb1a7ac8a5722ef77d23ee9340b379ca,0x33d4f89aea0692092e94f05f3633d908bf3138cbfc5e1524f6fdeddce4b4e37b,92.515100
theo_n,18,103,false,9,9,offchain,500,99,1.316000,124.476600,200.003800,201.319800,6.932600,true,3104,,0x2fe6349b77f8b704a4b6fda6a67fa440bb1a7ac8a5722ef77d23ee9340b379ca,0x2b4e96ee32f42f486de93dd2eb20d76741a3b2ea70a7b41595a5a54555e92a95,92.719200
theo_n,18,104,false,9,9,offchain,500,100,1.340500,127.255700,197.689300,199.029800,8.033200,true,3104,,0x2fe6349b77f8b704a4b6fda6a67fa440bb1a7ac8a5722ef77d23ee9340b379ca,0x07dd3f3c07969f48e22eaefcb1c5569a39fc4b5885b4a1a410401d462bfbb021,93.405500
theo_n,18,105,false,9,9,offchain,500,101,1.341800,122.175500,198.312500,199.654300,7.007800,true,3104,,0x2fe6349b77f8b704a4b6fda6a67fa440bb1a7ac8a5722ef77d23ee9340b379ca,0x0e7c2cec7b8eb7ce364425826dcf236c306113c8e5096126d3d3ca58007f19a9,92.135400
theo_n,18,106,false,9,9,offchain,500,102,1.288900,128.380500,202.388000,203.676900,6.891100,true,3104,,0x2fe6349b77f8b704a4b6fda6a67fa440bb1a7ac8a5722ef77d23ee9340b379ca,0x069e4120e2f7b77982127dc2138ad2c56e45d0e048c76797782b2a01372efecf,93.306000
theo_n,18,107,false,9,9,offchain,500,103,1.423800,121.959000,198.241700,199.665500,6.877700,true,3104,,0x2fe6349b77f8b704a4b6fda6a67fa440bb1a7ac8a5722ef77d23ee9340b379ca,0x1ee271b4609e05c1ab103aa937284d86c9dd1b64ab6e491e602267a604692b62,92.414400
theo_n,18,108,false,9,9,offchain,500,104,1.393300,120.954500,200.378000,201.771300,6.939900,true,3104,,0x2fe6349b77f8b704a4b6fda6a67fa440bb1a7ac8a5722ef77d23ee9340b379ca,0x18746a559176446a8ab51169501690db7490a782636c8990c5bbaea396bd0089,92.297300
theo_n,18,109,false,9,9,offchain,500,105,1.350400,125.143000,217.356700,218.707100,7.530100,true,3104,,0x2fe6349b77f8b704a4b6fda6a67fa440bb1a7ac8a5722ef77d23ee9340b379ca,0x3603939325fcca133581f5e01b0a873c4fb86ff8c8501029242d231030ae4730,97.194800
theo_n,18,110,false,9,9,offchain,500,106,1.581700,127.214000,207.721700,209.303400,7.138400,true,3104,,0x2fe6349b77f8b704a4b6fda6a67fa440bb1a7ac8a5722ef77d23ee9340b379ca,0x0309957ed4a228beae35d67e8be5072b3906f9fcf498fd7b8edd8f5cc1e90b88,98.137800
theo_n,18,111,false,9,9,offchain,500,107,1.495200,124.428400,201.955000,203.450200,6.942200,true,3104,,0x2fe6349b77f8b704a4b6fda6a67fa440bb1a7ac8a5722ef77d23ee9340b379ca,0x0e535e810973fbba586c3e7e8a4861b5d0379a483763a0b061dea657c3c82ba1,92.773000
theo_n,18,112,false,9,9,offchain,500,108,1.443600,120.994700,263.111100,264.554700,6.883400,true,3104,,0x2fe6349b77f8b704a4b6fda6a67fa440bb1a7ac8a5722ef77d23ee9340b379ca,0x2eb59862fcca804139e5e625af2d2e58ca75ea2cbe558917f84c9049f03acf89,92.458000
theo_n,18,113,false,9,9,offchain,500,109,1.329700,121.390900,204.957700,206.287400,6.986900,true,3104,,0x2fe6349b77f8b704a4b6fda6a67fa440bb1a7ac8a5722ef77d23ee9340b379ca,0x0eb03cbc9ef61500ebf9525588c063fb9b3da9023a8e98f4e422fbc8b83d21b1,96.102500
theo_n,18,114,false,9,9,offchain,500,110,1.366600,128.295400,204.209600,205.576200,6.907800,true,3104,,0x2fe6349b77f8b704a4b6fda6a67fa440bb1a7ac8a5722ef77d23ee9340b379ca,0x2ac49a4ce2066f1f950b20ddfcb22fb7b78f06ff7fc85c670eb62aa061a87187,92.341900
theo_n,18,115,false,9,9,offchain,500,111,1.374900,121.376500,201.734100,203.109000,7.028800,true,3104,,0x2fe6349b77f8b704a4b6fda6a67fa440bb1a7ac8a5722ef77d23ee9340b379ca,0x3fedb8027593a48bc73096ede0cc86b15ecc486ec6a5cce25e52762ed90b53e5,97.200300
theo_n,18,116,false,9,9,offchain,500,112,1.337500,121.325400,209.704800,211.042300,6.805800,true,3104,,0x2fe6349b77f8b704a4b6fda6a67fa440bb1a7ac8a5722ef77d23ee9340b379ca,0x048dad16b9456d602a09fa4858215cb8db44318b5e5f2cdb8c55d30b16a04ecd,96.491900
theo_n,18,117,false,9,9,offchain,500,113,1.373700,121.052300,199.537200,200.910900,7.180400,true,3104,,0x2fe6349b77f8b704a4b6fda6a67fa440bb1a7ac8a5722ef77d23ee9340b379ca,0x3a0f925adf8dcb5a9007b938d68416ada618ec3a24ccb916238a7503423eb662,95.110900
theo_n,18,118,false,9,9,offchain,500,114,1.370000,124.308000,204.425100,205.795100,7.443600,true,3104,,0x2fe6349b77f8b704a4b6fda6a67fa440bb1a7ac8a5722ef77d23ee9340b379ca,0x1f8dfb17f1ed7fd6841c4acacd125800bd853f2037fb0b9f940d34a73849f015,92.926900
theo_n,18,119,false,9,9,offchain,500,115,1.363400,122.720700,200.342200,201.705600,7.259000,true,3104,,0x2fe6349b77f8b704a4b6fda6a67fa440bb1a7ac8a5722ef77d23ee9340b379ca,0x07bb3c6e78f4931129730cc25a5ebad89b00ac25faa34a030e5bfd6731e85674,93.783200
theo_n,18,120,false,9,9,offchain,500,116,1.388400,121.507600,201.143600,202.532000,7.004800,true,3104,,0x2fe6349b77f8b704a4b6fda6a67fa440bb1a7ac8a5722ef77d23ee9340b379ca,0x0f8a51ebe6181317894fee2445b9ee879f41541327aadc9716339ddaa2011394,92.075500
theo_n,18,121,false,9,9,offchain,500,117,1.447300,120.925100,197.852000,199.299300,6.993300,true,3104,,0x2fe6349b77f8b704a4b6fda6a67fa440bb1a7ac8a5722ef77d23ee9340b379ca,0x3258a1b5cb69e9110e9233821657be6749c3bc471f62caa7965fd6bbe878a6b3,93.421900
theo_n,18,122,false,9,9,offchain,500,118,1.308600,122.285100,201.715500,203.024100,7.154300,true,3104,,0x2fe6349b77f8b704a4b6fda6a67fa440bb1a7ac8a5722ef77d23ee9340b379ca,0x0b4cf66301a979297eb4cef7143a3682226951e81dece88c104598edfa32bb85,92.864700
theo_n,18,123,false,9,9,offchain,500,119,1.361600,121.277400,198.044400,199.406000,6.849400,true,3104,,0x2fe6349b77f8b704a4b6fda6a67fa440bb1a7ac8a5722ef77d23ee9340b379ca,0x34a220c56a32ce4457faa733c28fe8ee0c8ba0a43da4c315660071848d20df18,94.617700
theo_n,18,124,false,9,9,offchain,500,120,1.347300,121.582200,197.876200,199.223500,6.955000,true,3104,,0x2fe6349b77f8b704a4b6fda6a67fa440bb1a7ac8a5722ef77d23ee9340b379ca,0x068aa72ec6c7edbcc433477b49b79c9fc5b18b94a01b5d659330c7a316f3de52,92.474000
theo_n,18,125,false,9,9,offchain,500,121,1.399400,121.982000,199.287200,200.686600,6.835200,true,3104,,0x2fe6349b77f8b704a4b6fda6a67fa440bb1a7ac8a5722ef77d23ee9340b379ca,0x05910f7ef3cccefaa26c691a704fc7c2a067f59954c37580e9918504530860f3,96.667800
theo_n,18,126,false,9,9,offchain,500,122,1.444100,172.696300,203.197300,204.641400,7.054800,true,3104,,0x2fe6349b77f8b704a4b6fda6a67fa440bb1a7ac8a5722ef77d23ee9340b379ca,0x2930049629a267aaa310ccce1d3a825b16928a8eae5424f1295da642ca91151e,91.711600
theo_n,18,127,false,9,9,offchain,500,123,1.321800,122.293000,199.775600,201.097400,7.338900,true,3104,,0x2fe6349b77f8b704a4b6fda6a67fa440bb1a7ac8a5722ef77d23ee9340b379ca,0x2867e36b12f207389b85f3a7f86ae38b2c25f5cef79359d3774eb971b87710ed,93.999800
theo_n,18,128,false,9,9,offchain,500,124,1.527300,124.221900,202.310500,203.837800,6.904600,true,3104,,0x2fe6349b77f8b704a4b6fda6a67fa440bb1a7ac8a5722ef77d23ee9340b379ca,0x21557e7edae2f2f3f591cd9dab903ca6c63f3d7fbfdf3770ed8988d5802bacc4,92.286800
theo_n,18,129,false,9,9,offchain,500,125,1.413900,121.675900,202.059200,203.473100,6.826900,true,3104,,0x2fe6349b77f8b704a4b6fda6a67fa440bb1a7ac8a5722ef77d23ee9340b379ca,0x0fde42439e029c080aebfe416b4f08e942d48d8f6d6a8d74d04bed8be3e1ed4b,92.775600
theo_n,18,130,false,9,9,offchain,500,126,1.376000,121.948500,203.598300,204.974300,7.127600,true,3104,,0x2fe6349b77f8b704a4b6fda6a67fa440bb1a7ac8a5722ef77d23ee9340b379ca,0x18c1b63ff8bbc1ea27b23ff824ecd084d481e647209ff99aa2ee13536afebf89,93.785400
theo_n,18,131,false,9,9,offchain,500,127,1.403000,121.963300,202.498300,203.901300,6.876400,true,3104,,0x2fe6349b77f8b704a4b6fda6a67fa440bb1a7ac8a5722ef77d23ee9340b379ca,0x1a79364a02b8abffda572de7da4499fa1cf6831620760579f9d0ec0961bba3a4,93.101100
theo_n,18,132,false,9,9,offchain,500,128,1.434400,122.212100,199.138100,200.572500,7.095700,true,3104,,0x2fe6349b77f8b704a4b6fda6a67fa440bb1a7ac8a5722ef77d23ee9340b379ca,0x0d1f3966fbb5632d1ddb8e1a83bed32d1e264a779841ee03a7ae4a67ea4aa1dc,94.981600
theo_n,18,133,false,9,9,offchain,500,129,1.795000,132.412100,202.784500,204.579500,6.896800,true,3104,,0x2fe6349b77f8b704a4b6fda6a67fa440bb1a7ac8a5722ef77d23ee9340b379ca,0x1516595735d5162e2a80b7eb0a22c57c57293051021f5154248f15e3e5191242,92.370000
theo_n,18,134,false,9,9,offchain,500,130,1.368200,124.579900,201.951100,203.319300,7.054700,true,3104,,0x2fe6349b77f8b704a4b6fda6a67fa440bb1a7ac8a5722ef77d23ee9340b379ca,0x2b218a7c4d1925e12f52195683b8baa6cfffe3df84bb3b7bbbc793689e7c83cf,100.408400
theo_n,18,135,false,9,9,offchain,500,131,1.307500,122.548700,198.472600,199.780100,8.292800,true,3104,,0x2fe6349b77f8b704a4b6fda6a67fa440bb1a7ac8a5722ef77d23ee9340b379ca,0x25aefaa0411f101d91baa21b0091f5694ab2599803c26962de027fc233035fe3,96.314400
theo_n,18,136,false,9,9,offchain,500,132,1.381000,125.174400,202.462800,203.843800,7.032500,true,3104,,0x2fe6349b77f8b704a4b6fda6a67fa440bb1a7ac8a5722ef77d23ee9340b379ca,0x17a70a53683d4b040c36c1fe255183f32f5dc797999a9319f4f4112c6a9a7c7e,92.449400
theo_n,18,137,false,9,9,offchain,500,133,1.375200,123.022000,201.670100,203.045300,7.301400,true,3104,,0x2fe6349b77f8b704a4b6fda6a67fa440bb1a7ac8a5722ef77d23ee9340b379ca,0x3399af32c63ecf5d04c6da4150a7cbff1075ef256625390233572dc8c51752ea,93.735000
theo_n,18,138,false,9,9,offchain,500,134,1.445100,124.111100,201.774500,203.219600,7.193500,true,3104,,0x2fe6349b77f8b704a4b6fda6a67fa440bb1a7ac8a5722ef77d23ee9340b379ca,0x2059c189bc871bf75ae46ccf0ba03b0242f2d9bf028cfd144bd09b783e6486a7,93.001100
theo_n,18,139,false,9,9,offchain,500,135,1.404900,123.137700,200.369800,201.774700,6.969400,true,3104,,0x2fe6349b77f8b704a4b6fda6a67fa440bb1a7ac8a5722ef77d23ee9340b379ca,0x01483b9f8413ba2c3770285aa5ca88003e247d038f65cf7c8e04329bd4ef9fb1,92.578200
theo_n,18,140,false,9,9,offchain,500,136,2.053400,175.070900,206.017700,208.071100,7.296100,true,3104,,0x2fe6349b77f8b704a4b6fda6a67fa440bb1a7ac8a5722ef77d23ee9340b379ca,0x3182b27c7f50b4f5591b48ea82a6812efc41aae5e762f089dcbfc44ffce137a0,94.807600
theo_n,18,141,false,9,9,offchain,500,137,1.933200,125.220300,204.297400,206.230600,7.004500,true,3104,,0x2fe6349b77f8b704a4b6fda6a67fa440bb1a7ac8a5722ef77d23ee9340b379ca,0x12b939036c5f5a6600e63b632922fc5585be477ef3b774b41eabcea9dde66bb9,94.091600
theo_n,18,142,false,9,9,offchain,500,138,1.385500,121.721100,200.320200,201.705700,7.062500,true,3104,,0x2fe6349b77f8b704a4b6fda6a67fa440bb1a7ac8a5722ef77d23ee9340b379ca,0x2c16b467a197afddb78e8a9e5831939c4dc8c1a85d9b04498c8dd859dc41ca60,95.990200
theo_n,18,143,false,9,9,offchain,500,139,1.375400,124.820300,204.281200,205.656600,7.109000,true,3104,,0x2fe6349b77f8b704a4b6fda6a67fa440bb1a7ac8a5722ef77d23ee9340b379ca,0x079b101af881ff3d804382dee9b96204698a0119a104b27bc0d7571326b7fde0,94.863700
theo_n,18,144,false,9,9,offchain,500,140,1.434800,121.669200,200.606800,202.041600,7.032000,true,3104,,0x2fe6349b77f8b704a4b6fda6a67fa440bb1a7ac8a5722ef77d23ee9340b379ca,0x19e60459517470537cdda65f9350fcb29de1d18f6de3ce2d26d063453f7a941c,92.381300
theo_n,18,145,false,9,9,offchain,500,141,1.378700,122.508100,197.608000,198.986700,7.530000,true,3104,,0x2fe6349b77f8b704a4b6fda6a67fa440bb1a7ac8a5722ef77d23ee9340b379ca,0x10eb3619499b37f4eeb5f8ce964a3da71095b68758dd7850248ab17def031631,93.157100
theo_n,18,146,false,9,9,offchain,500,142,1.390100,123.021300,199.762800,201.152900,6.959400,true,3104,,0x2fe6349b77f8b704a4b6fda6a67fa440bb1a7ac8a5722ef77d23ee9340b379ca,0x32f8601d3837a69cf0d53a7149a6ef9e290a6611a6328205091345073425a736,92.705800
theo_n,18,147,false,9,9,offchain,500,143,1.413500,120.758100,204.084800,205.498300,7.310600,true,3104,,0x2fe6349b77f8b704a4b6fda6a67fa440bb1a7ac8a5722ef77d23ee9340b379ca,0x398fc2634d5f6ca65eb333e515f35ee4c90fceb72ef92352576d5be9db50547a,91.506800
theo_n,18,148,false,9,9,offchain,500,144,1.337800,123.884900,199.719700,201.057500,7.015500,true,3104,,0x2fe6349b77f8b704a4b6fda6a67fa440bb1a7ac8a5722ef77d23ee9340b379ca,0x3e8ea1b06127b0023d665df6ed81fea19d43191da36ed477807d90072f8c1815,92.629500
theo_n,18,149,false,9,9,offchain,500,145,1.399900,121.804600,206.976800,208.376700,7.133800,true,3104,,0x2fe6349b77f8b704a4b6fda6a67fa440bb1a7ac8a5722ef77d23ee9340b379ca,0x2c50b4f04b0b926fe4c16e8f9aaa9aa8ad930e9a47866c1e50e4e68f58906bd8,96.654300
theo_n,18,150,false,9,9,offchain,500,146,1.481800,124.809400,203.079800,204.561600,7.161400,true,3104,,0x2fe6349b77f8b704a4b6fda6a67fa440bb1a7ac8a5722ef77d23ee9340b379ca,0x39a11cfc282eb588d3eb0fc40a8c7d8851fabcfad82e23c8b4cf395526b35b9d,98.851900
theo_n,18,151,false,9,9,offchain,500,147,1.595300,124.889400,201.934600,203.529900,7.172700,true,3104,,0x2fe6349b77f8b704a4b6fda6a67fa440bb1a7ac8a5722ef77d23ee9340b379ca,0x3775c61e39491aaa4e9ab624a54cd1dc6c02f169415dbcd7f46790d1a41d7959,93.009100
theo_n,18,152,false,9,9,offchain,500,148,1.371600,125.307100,205.724700,207.096300,7.167800,true,3104,,0x2fe6349b77f8b704a4b6fda6a67fa440bb1a7ac8a5722ef77d23ee9340b379ca,0x05f3478da4c9280431de1020e72a42e0a6930273bf7a93480c2dfbbbe6033d06,93.159700
theo_n,18,153,false,9,9,offchain,500,149,1.415500,125.230100,201.562400,202.977900,6.862300,true,3104,,0x2fe6349b77f8b704a4b6fda6a67fa440bb1a7ac8a5722ef77d23ee9340b379ca,0x030cce050af4b5d35d4022cbcb0373675ad6997be5109433676c856817260626,92.755300
theo_n,18,154,false,9,9,offchain,500,150,1.327200,171.081800,199.436800,200.764000,7.143800,true,3104,,0x2fe6349b77f8b704a4b6fda6a67fa440bb1a7ac8a5722ef77d23ee9340b379ca,0x111c7ea6a37c67383e91eaf03f5ab3472bcbc5bf9bbe05827503e4959341a4a1,93.091300
theo_n,18,155,false,9,9,offchain,500,151,1.472400,124.490800,200.894000,202.366400,6.859100,true,3104,,0x2fe6349b77f8b704a4b6fda6a67fa440bb1a7ac8a5722ef77d23ee9340b379ca,0x2bfee613bf81411c56d7ef0c003115e225069dab061b90e23a92b98c8ddb26f0,92.781500
theo_n,18,156,false,9,9,offchain,500,152,1.447300,120.904000,197.990800,199.438100,7.106200,true,3104,,0x2fe6349b77f8b704a4b6fda6a67fa440bb1a7ac8a5722ef77d23ee9340b379ca,0x383da1d3cf2b4eeffc1b06c810cfe86468f9bf5b7fe643f0b697fc5e1b8ab292,94.498800
theo_n,18,157,false,9,9,offchain,500,153,1.325600,123.733100,203.339800,204.665400,7.192100,true,3104,,0x2fe6349b77f8b704a4b6fda6a67fa440bb1a7ac8a5722ef77d23ee9340b379ca,0x3f2d01f65c8b8e3be93bcde41582075e16e5aeb952017f8f2da5e019d3e11bb3,95.369600
theo_n,18,158,false,9,9,offchain,500,154,1.391500,124.017200,200.678700,202.070200,7.190100,true,3104,,0x2fe6349b77f8b704a4b6fda6a67fa440bb1a7ac8a5722ef77d23ee9340b379ca,0x21380923866f671c7121d7026e7893bebc3ad0fd1eafa54a6c1ef9f7cf52785d,94.047200
theo_n,18,159,false,9,9,offchain,500,155,1.361900,123.957600,199.970600,201.332500,7.119000,true,3104,,0x2fe6349b77f8b704a4b6fda6a67fa440bb1a7ac8a5722ef77d23ee9340b379ca,0x34771d528051bff6572f82c1c48e74a8bba5258f56d6ff8bacddf42e45104d6a,92.371200
theo_n,18,160,false,9,9,offchain,500,156,1.401700,120.700700,201.531200,202.932900,7.324400,true,3104,,0x2fe6349b77f8b704a4b6fda6a67fa440bb1a7ac8a5722ef77d23ee9340b379ca,0x2100784b517b09d67e349bb488427c6b04de23e145a8194874ed65a9310e8861,92.667900
theo_n,18,161,false,9,9,offchain,500,157,1.405300,123.574800,202.258500,203.663800,6.943600,true,3104,,0x2fe6349b77f8b704a4b6fda6a67fa440bb1a7ac8a5722ef77d23ee9340b379ca,0x0285a09a47a8fa691ba13880fdc9852c771638cc32c694d8b098031a4eb27497,92.439100
theo_n,18,162,false,9,9,offchain,500,158,1.341400,121.875800,199.613200,200.954600,6.813500,true,3104,,0x2fe6349b77f8b704a4b6fda6a67fa440bb1a7ac8a5722ef77d23ee9340b379ca,0x1f6bee0fa69b1da9fd33c886502eb4f4125a1cb202a6c0edabcd48c39e3e5c00,91.872300
theo_n,18,163,false,9,9,offchain,500,159,1.370900,122.849300,203.205400,204.576300,7.115100,true,3104,,0x2fe6349b77f8b704a4b6fda6a67fa440bb1a7ac8a5722ef77d23ee9340b379ca,0x003bd1345f5975eabb5f63ea452e1b10998e7652b3623d6c6193d19e6398d8c6,93.179500
theo_n,18,164,false,9,9,offchain,500,160,1.410400,122.354100,207.155200,208.565600,7.994100,true,3104,,0x2fe6349b77f8b704a4b6fda6a67fa440bb1a7ac8a5722ef77d23ee9340b379ca,0x2921ba822ad6d8a81a6279252f1b385f548fe3027ab76082a833a84cfc2abe09,100.954700
theo_n,18,165,false,9,9,offchain,500,161,1.390100,131.988400,218.562700,219.952800,8.177000,true,3104,,0x2fe6349b77f8b704a4b6fda6a67fa440bb1a7ac8a5722ef77d23ee9340b379ca,0x29c4fa1e011e41b79a4af8eb2aa0d14b9a4beecaa1acfd3045ecc3ef3b06c2bd,101.482100
theo_n,18,166,false,9,9,offchain,500,162,1.527200,198.289200,234.064600,235.591800,7.203700,true,3104,,0x2fe6349b77f8b704a4b6fda6a67fa440bb1a7ac8a5722ef77d23ee9340b379ca,0x390b3baa40fc93b19b64ec900799079cc4c47fd9f7287fa8ebc0a95218b87163,96.046800
theo_n,18,167,false,9,9,offchain,500,163,1.439700,124.069400,200.736200,202.175900,7.456000,true,3104,,0x2fe6349b77f8b704a4b6fda6a67fa440bb1a7ac8a5722ef77d23ee9340b379ca,0x20865171893a06ff4935b221f4e2776f8cbd781eff8b1f83b803d8808c58ec6a,92.919300
theo_n,18,168,false,9,9,offchain,500,164,1.341800,131.050800,271.601600,272.943400,7.358700,true,3104,,0x2fe6349b77f8b704a4b6fda6a67fa440bb1a7ac8a5722ef77d23ee9340b379ca,0x29a76e3cc1f9dba9d4312df5f4a14fb4144d14d8831f4765b0bfe43a2e33262b,92.494700
theo_n,18,169,false,9,9,offchain,500,165,1.406100,123.751200,203.280600,204.686700,6.931200,true,3104,,0x2fe6349b77f8b704a4b6fda6a67fa440bb1a7ac8a5722ef77d23ee9340b379ca,0x3ef54336234b9d64663652777cdf64f3e2319565d9b5d8726d67f181df78046e,97.492000
theo_n,18,170,false,9,9,offchain,500,166,1.351600,122.181500,202.190300,203.541900,7.193900,true,3104,,0x2fe6349b77f8b704a4b6fda6a67fa440bb1a7ac8a5722ef77d23ee9340b379ca,0x33ec92559f58db46a2b4bc334db12e3522bc765c8b0977fcc99f3c725ba58f61,92.385400
theo_n,18,171,false,9,9,offchain,500,167,1.906400,123.113000,198.873000,200.779400,7.064300,true,3104,,0x2fe6349b77f8b704a4b6fda6a67fa440bb1a7ac8a5722ef77d23ee9340b379ca,0x1bbfa9f6bb6015919b05a65c69f9bb223d1743a2bd6956aadaaf608e0975c1a0,92.673600
theo_n,18,172,false,9,9,offchain,500,168,1.366100,125.017900,202.084800,203.450900,7.124800,true,3104,,0x2fe6349b77f8b704a4b6fda6a67fa440bb1a7ac8a5722ef77d23ee9340b379ca,0x3fcd47ce60762213f034ff04d8625884009e0ea9271e7aab6597ecedddd619bb,93.425700
theo_n,18,173,false,9,9,offchain,500,169,1.378300,125.512500,219.555200,220.933500,8.513700,true,3104,,0x2fe6349b77f8b704a4b6fda6a67fa440bb1a7ac8a5722ef77d23ee9340b379ca,0x2fcea9f4f817a98ab8811bf19be916be59700107f1afe7ba961d3dc7691231dc,94.790500
theo_n,18,174,false,9,9,offchain,500,170,1.423300,126.117000,205.548000,206.971300,7.008300,true,3104,,0x2fe6349b77f8b704a4b6fda6a67fa440bb1a7ac8a5722ef77d23ee9340b379ca,0x324edb1ce15cb89a0516107640a8a4c7c547b2dd3b7d396ca79e94647a282752,93.534200
theo_n,18,175,false,9,9,offchain,500,171,1.402000,126.483700,206.546000,207.948000,7.925700,true,3104,,0x2fe6349b77f8b704a4b6fda6a67fa440bb1a7ac8a5722ef77d23ee9340b379ca,0x38fd2d423d1cdbbe4af263c8937e5990af18153247e6e5c9a0d219e4a4c9d321,96.656300
theo_n,18,176,false,9,9,offchain,500,172,1.431200,124.930000,205.580400,207.011600,7.234300,true,3104,,0x2fe6349b77f8b704a4b6fda6a67fa440bb1a7ac8a5722ef77d23ee9340b379ca,0x30a365d6516963fdbd19185279f481dea56b074c1836598dfe107f23c503cf38,96.048100
theo_n,18,177,false,9,9,offchain,500,173,1.413000,121.771700,200.824300,202.237300,7.015300,true,3104,,0x2fe6349b77f8b704a4b6fda6a67fa440bb1a7ac8a5722ef77d23ee9340b379ca,0x272209cfb65cddd8022626235236e58546c3379a49e24568c83f302ea6d5ecb9,95.198500
theo_n,18,178,false,9,9,offchain,500,174,1.371600,125.085700,208.851900,210.223500,7.386300,true,3104,,0x2fe6349b77f8b704a4b6fda6a67fa440bb1a7ac8a5722ef77d23ee9340b379ca,0x2c84b8ba64a335b92e0bd7f5630eb3b6599e03482fc6624f3bea16212ef6a2ee,94.602400
theo_n,18,179,false,9,9,offchain,500,175,1.434200,126.081000,202.376000,203.810200,6.960900,true,3104,,0x2fe6349b77f8b704a4b6fda6a67fa440bb1a7ac8a5722ef77d23ee9340b379ca,0x038dc1414214f5a4d9df4e7a126bf51b554edd9c5b313b919455b9677c1446d4,94.117300
theo_n,18,180,false,9,9,offchain,500,176,1.332100,129.565100,210.678200,212.010300,7.124700,true,3104,,0x2fe6349b77f8b704a4b6fda6a67fa440bb1a7ac8a5722ef77d23ee9340b379ca,0x332415f37103751bfefaae181491f80c7b78afc00e928c0cf848720dcc56dd38,95.861900
theo_n,18,181,false,9,9,offchain,500,177,1.436500,126.526900,206.774500,208.211000,7.121400,true,3104,,0x2fe6349b77f8b704a4b6fda6a67fa440bb1a7ac8a5722ef77d23ee9340b379ca,0x033d05a8d4a07be1c8e737f9c51f388d72d0719385f2b7696c9d254481e41ddb,94.175900
theo_n,18,182,false,9,9,offchain,500,178,1.475800,180.126000,207.890500,209.366300,7.202900,true,3104,,0x2fe6349b77f8b704a4b6fda6a67fa440bb1a7ac8a5722ef77d23ee9340b379ca,0x197af70f9da7ce3f99f32d75e502198249641f5dbd2b5343d08fcb2dc41382e6,95.931200
theo_n,18,183,false,9,9,offchain,500,179,1.460800,125.621900,204.956200,206.417000,11.144100,true,3104,,0x2fe6349b77f8b704a4b6fda6a67fa440bb1a7ac8a5722ef77d23ee9340b379ca,0x15ad64e669ba0728c4958183a0b2aa4c4d8e48942cc7c71caebf4945d503f3c2,116.658700
theo_n,18,184,false,9,9,offchain,500,180,1.399200,126.679700,260.528900,261.928100,8.058100,true,3104,,0x2fe6349b77f8b704a4b6fda6a67fa440bb1a7ac8a5722ef77d23ee9340b379ca,0x142b57be2fea88cb35f3c7cd3935579d1db786cf39290c7d90e6febad20f5f58,102.893500
theo_n,18,185,false,9,9,offchain,500,181,1.414200,126.401100,215.341300,216.755500,7.358800,true,3104,,0x2fe6349b77f8b704a4b6fda6a67fa440bb1a7ac8a5722ef77d23ee9340b379ca,0x2f344243fd50926daf10c60277b47aa96ab3ae49bee2ace467cdd29ef5f09e13,92.628700
theo_n,18,186,false,9,9,offchain,500,182,1.390500,127.381900,214.709400,216.099900,7.214600,true,3104,,0x2fe6349b77f8b704a4b6fda6a67fa440bb1a7ac8a5722ef77d23ee9340b379ca,0x0f639c1300db549c48f1b27dafc8b040f3c1cfc9159e496d62be76a608e63acb,93.293700
theo_n,18,187,false,9,9,offchain,500,183,1.395800,125.090700,201.936500,203.332300,7.206800,true,3104,,0x2fe6349b77f8b704a4b6fda6a67fa440bb1a7ac8a5722ef77d23ee9340b379ca,0x1112001707407a3e97cda0c1696dcd2afeb1de6c0edc2614bb7e66b10a9811f9,93.066200
theo_n,18,188,false,9,9,offchain,500,184,1.396500,121.417600,199.057200,200.453700,6.936100,true,3104,,0x2fe6349b77f8b704a4b6fda6a67fa440bb1a7ac8a5722ef77d23ee9340b379ca,0x20b748016a081789c598c45980038297e9bf621eaab2a5ae4758dc9751b4fcb7,92.632600
theo_n,18,189,false,9,9,offchain,500,185,1.356300,128.642800,245.286600,246.642900,8.386800,true,3104,,0x2fe6349b77f8b704a4b6fda6a67fa440bb1a7ac8a5722ef77d23ee9340b379ca,0x3b0467a870288df6b3ee6ac1ac0a244eea16665024e22239ab2a56ba0b6c6c4f,107.022100
theo_n,18,190,false,9,9,offchain,500,186,1.595900,135.765200,213.354400,214.950300,7.984700,true,3104,,0x2fe6349b77f8b704a4b6fda6a67fa440bb1a7ac8a5722ef77d23ee9340b379ca,0x13d57e8cf606620453fc0dd19fe83051fda08037e0421d27a7db08ae4c65561d,98.169300
theo_n,18,191,false,9,9,offchain,500,187,1.525600,129.448400,234.211700,235.737300,7.190100,true,3104,,0x2fe6349b77f8b704a4b6fda6a67fa440bb1a7ac8a5722ef77d23ee9340b379ca,0x1130d93cb72e0a14d1a6c1f441514c412afdd724723affb16edb8359a53ae6bf,97.847500
theo_n,18,192,false,9,9,offchain,500,188,1.493000,132.077000,208.192500,209.685500,8.116100,true,3104,,0x2fe6349b77f8b704a4b6fda6a67fa440bb1a7ac8a5722ef77d23ee9340b379ca,0x21b3a9a5243fc7b838bf09e74ed1d83ca942fc6c57ceb042543f05a175f9557d,101.980000
theo_n,18,193,false,9,9,offchain,500,189,1.428900,128.900500,206.711700,208.140600,7.340400,true,3104,,0x2fe6349b77f8b704a4b6fda6a67fa440bb1a7ac8a5722ef77d23ee9340b379ca,0x283a2c1e7554ab9c143d5264b60b1000f0b15c454c13d211e1a5ee74cabffad6,96.492100
theo_n,18,194,false,9,9,offchain,500,190,1.407900,130.526400,207.418700,208.826600,7.283700,true,3104,,0x2fe6349b77f8b704a4b6fda6a67fa440bb1a7ac8a5722ef77d23ee9340b379ca,0x02ba6374c6c17cf95392731e7f87d92399dd5e0b23d1d9444bd12fb819da5711,95.535800
theo_n,18,195,false,9,9,offchain,500,191,1.884000,182.205500,208.167600,210.051600,7.202400,true,3104,,0x2fe6349b77f8b704a4b6fda6a67fa440bb1a7ac8a5722ef77d23ee9340b379ca,0x0b1650951bc1e1fce7fb91cc2c021c1b19e3314cb416922c6372325ef8376576,95.168000
theo_n,18,196,false,9,9,offchain,500,192,1.375400,126.323800,204.724000,206.099400,6.998400,true,3104,,0x2fe6349b77f8b704a4b6fda6a67fa440bb1a7ac8a5722ef77d23ee9340b379ca,0x2dd9ce672ac3eb17d6b5446e7e96708a8532b57a5981e26ade86270db1a6c039,92.726200
theo_n,18,197,false,9,9,offchain,500,193,1.345700,126.194900,270.960700,272.306400,7.455600,true,3104,,0x2fe6349b77f8b704a4b6fda6a67fa440bb1a7ac8a5722ef77d23ee9340b379ca,0x1f2068c52ddda17eec4abb5d2cf7343d1f13c6ed173c337b495ff8a281cf745c,106.165700
theo_n,18,198,false,9,9,offchain,500,194,1.450800,134.948900,208.151700,209.602500,7.266900,true,3104,,0x2fe6349b77f8b704a4b6fda6a67fa440bb1a7ac8a5722ef77d23ee9340b379ca,0x3d0b8feccd8e664dd8714b01524651cf9f56b0a504916d3c13a73b286c4db56a,101.142000
theo_n,18,199,false,9,9,offchain,500,195,1.492100,131.983600,209.027600,210.519700,7.283900,true,3104,,0x2fe6349b77f8b704a4b6fda6a67fa440bb1a7ac8a5722ef77d23ee9340b379ca,0x331ca259bce438b00c014e3f806f228048c9a13f37e48da0b0ef3bf757e67c6e,93.769200
theo_n,18,200,false,9,9,offchain,500,196,1.410200,125.669300,203.925400,205.335600,6.881400,true,3104,,0x2fe6349b77f8b704a4b6fda6a67fa440bb1a7ac8a5722ef77d23ee9340b379ca,0x0846074347fad563ae37b34419ca48d2834fb29a9f616efeedf63f972fdf03d4,94.025800
theo_n,18,201,false,9,9,offchain,500,197,1.361500,126.648900,213.284800,214.646300,7.208300,true,3104,,0x2fe6349b77f8b704a4b6fda6a67fa440bb1a7ac8a5722ef77d23ee9340b379ca,0x273296438d1fe77303776b743600c96390e0a2c3a430e9083e134caad3aa6fa3,95.626700
theo_n,18,202,false,9,9,offchain,500,198,1.522400,124.689100,202.432800,203.955200,7.154500,true,3104,,0x2fe6349b77f8b704a4b6fda6a67fa440bb1a7ac8a5722ef77d23ee9340b379ca,0x2abe995e621cbbcce94e5effcca70dcdb882e997843991c965267abd59c29cfa,92.041800
theo_n,18,203,false,9,9,offchain,500,199,1.320400,129.116700,205.853700,207.174100,6.899700,true,3104,,0x2fe6349b77f8b704a4b6fda6a67fa440bb1a7ac8a5722ef77d23ee9340b379ca,0x1fac4fcd1b8acc574b6798e75ab10b59df880c73bafff58347aa86bc0a51c43e,93.863200
theo_n,18,204,false,9,9,offchain,500,200,1.349600,124.608400,204.815900,206.165500,7.162200,true,3104,,0x2fe6349b77f8b704a4b6fda6a67fa440bb1a7ac8a5722ef77d23ee9340b379ca,0x1bc4d68efc00df7ee997830ff21f683f9546976b589eff36a51905b7fdfc58ca,92.331200
theo_n,18,205,false,9,9,offchain,500,201,1.518700,124.315100,202.653500,204.172200,7.782400,true,3104,,0x2fe6349b77f8b704a4b6fda6a67fa440bb1a7ac8a5722ef77d23ee9340b379ca,0x3f284c76415dc4eee75c087ae3413c0ca08ea6399a5edeb35a5f334f21a539fe,92.868400
theo_n,18,206,false,9,9,offchain,500,202,1.864100,125.661200,204.917800,206.781900,6.816600,true,3104,,0x2fe6349b77f8b704a4b6fda6a67fa440bb1a7ac8a5722ef77d23ee9340b379ca,0x24d1804c82c2912aaed224965411d6913e59524312d014390e98202a4aabc378,91.752800
theo_n,18,207,false,9,9,offchain,500,203,1.362200,123.651800,201.498000,202.860200,6.771000,true,3104,,0x2fe6349b77f8b704a4b6fda6a67fa440bb1a7ac8a5722ef77d23ee9340b379ca,0x16cb24082fddf3a5f8222e0920ab3cb438d771e34626f517d4cba488e3962386,93.874700
theo_n,18,208,false,9,9,offchain,500,204,1.909800,122.654000,268.219800,270.129600,7.013400,true,3104,,0x2fe6349b77f8b704a4b6fda6a67fa440bb1a7ac8a5722ef77d23ee9340b379ca,0x131ea3bfb78a1e6e6abab26bb71334dc6f0b601fa429fede863c93f9d818abb2,97.906600
theo_n,18,209,false,9,9,offchain,500,205,1.337900,122.303900,200.049700,201.387600,7.083000,true,3104,,0x2fe6349b77f8b704a4b6fda6a67fa440bb1a7ac8a5722ef77d23ee9340b379ca,0x09596a76ddd57e516f66c2f9a6fcd8ec82d281c7ccc99fe91ec26cc1dd157db3,92.582400
theo_n,18,210,false,9,9,offchain,500,206,1.474200,122.942900,204.440100,205.914300,7.372100,true,3104,,0x2fe6349b77f8b704a4b6fda6a67fa440bb1a7ac8a5722ef77d23ee9340b379ca,0x061604f7c3279342f527d4348f7ec1f2c05f8043dacd7f33ad21e53d4fc12390,93.605000
theo_n,18,211,false,9,9,offchain,500,207,1.444500,124.060200,198.951600,200.396100,7.226700,true,3104,,0x2fe6349b77f8b704a4b6fda6a67fa440bb1a7ac8a5722ef77d23ee9340b379ca,0x0cd912920c5f798209af86070eef0d6cd0b48c09440772bc28bc9f6717e7c15f,94.014800
theo_n,18,212,false,9,9,offchain,500,208,1.474000,124.417100,205.789400,207.263400,7.250600,true,3104,,0x2fe6349b77f8b704a4b6fda6a67fa440bb1a7ac8a5722ef77d23ee9340b379ca,0x30c8ef117e8748987515f4ca33bcbbae5e787d2a3a8978b39cf6574468b93c1d,93.818700
theo_n,18,213,false,9,9,offchain,500,209,1.399000,122.997100,200.527400,201.926400,7.697700,true,3104,,0x2fe6349b77f8b704a4b6fda6a67fa440bb1a7ac8a5722ef77d23ee9340b379ca,0x1048d4d217c0b8e44608afcb1ac08d5c4519d821235db477249f52c86c1dc4f4,94.370300
theo_n,18,214,false,9,9,offchain,500,210,1.398100,128.272000,204.141600,205.539700,7.243500,true,3104,,0x2fe6349b77f8b704a4b6fda6a67fa440bb1a7ac8a5722ef77d23ee9340b379ca,0x01064a3dd66fe61cea6fbc7fee4dd2e4bf4316a8fdfe2332c692bb40b5070076,92.114800
theo_n,18,215,false,9,9,offchain,500,211,1.462600,124.053900,201.257200,202.719800,6.839400,true,3104,,0x2fe6349b77f8b704a4b6fda6a67fa440bb1a7ac8a5722ef77d23ee9340b379ca,0x21ba8af501a4cbfd9a1f3ef54a78e633b70c33ba4585940387538c4f892cfb4e,92.106600
theo_n,18,216,false,9,9,offchain,500,212,1.453100,127.901100,202.557800,204.010900,7.413700,true,3104,,0x2fe6349b77f8b704a4b6fda6a67fa440bb1a7ac8a5722ef77d23ee9340b379ca,0x239fea907d60110ce7c16d7ff4b14c4a18324ffa6af0d06688050ca7878b6a52,93.001300
theo_n,18,217,false,9,9,offchain,500,213,1.488100,123.334500,201.303300,202.791400,6.935700,true,3104,,0x2fe6349b77f8b704a4b6fda6a67fa440bb1a7ac8a5722ef77d23ee9340b379ca,0x24e94cd78cc4213c982225bcb2991090eb45ac53bb3f3263531d349b13975122,92.235700
theo_n,18,218,false,9,9,offchain,500,214,1.347000,124.717200,201.443900,202.790900,7.697700,true,3104,,0x2fe6349b77f8b704a4b6fda6a67fa440bb1a7ac8a5722ef77d23ee9340b379ca,0x1f1a36958171b4ac69e853fa232864a4dfc364ad454b6c9e10ae0b744c1775d4,98.484300
theo_n,18,219,false,9,9,offchain,500,215,1.340100,148.250800,200.988100,202.328200,6.922800,true,3104,,0x2fe6349b77f8b704a4b6fda6a67fa440bb1a7ac8a5722ef77d23ee9340b379ca,0x224f7c77edb5dbfe132092e810ac26ad4e6c093e53995d08e51b3212bddf8b5a,93.831300
theo_n,18,220,false,9,9,offchain,500,216,1.381200,122.647900,210.269100,211.650300,7.347100,true,3104,,0x2fe6349b77f8b704a4b6fda6a67fa440bb1a7ac8a5722ef77d23ee9340b379ca,0x33c8f00b63241b99b8399696b5ac79215b8847d88b2836480c42c63c3b9338a6,94.636700
theo_n,18,221,false,9,9,offchain,500,217,1.419500,124.490500,200.896000,202.315500,6.915000,true,3104,,0x2fe6349b77f8b704a4b6fda6a67fa440bb1a7ac8a5722ef77d23ee9340b379ca,0x22ef695b16b79a12ad82ef7b1578ebaf5624f0cc596cb1376280302cda5e6a44,92.530100
theo_n,18,222,false,9,9,offchain,500,218,1.402500,123.757500,260.041300,261.443800,7.129200,true,3104,,0x2fe6349b77f8b704a4b6fda6a67fa440bb1a7ac8a5722ef77d23ee9340b379ca,0x271aa4fbf3693e5b18d829ee9c39cef6bc4da922a2168b6750324caad8d53f21,93.553200
theo_n,18,223,false,9,9,offchain,500,219,1.376800,123.918300,203.638800,205.015600,7.214900,true,3104,,0x2fe6349b77f8b704a4b6fda6a67fa440bb1a7ac8a5722ef77d23ee9340b379ca,0x10a4ec0e9594c3d6874d43781b150c230f2ef42aa203d6f5ab383cafb7195b60,98.997400
theo_n,18,224,false,9,9,offchain,500,220,1.358400,122.730700,198.867900,200.226300,6.918600,true,3104,,0x2fe6349b77f8b704a4b6fda6a67fa440bb1a7ac8a5722ef77d23ee9340b379ca,0x17249968cfb1672caa6753361693a65c8535d902c553ce902710ed8ff12c272b,97.202200
theo_n,18,225,false,9,9,offchain,500,221,1.322000,121.240400,200.325600,201.647600,7.555500,true,3104,,0x2fe6349b77f8b704a4b6fda6a67fa440bb1a7ac8a5722ef77d23ee9340b379ca,0x1b626f535514e4e5a7c4d23db21fd87178cf55d4ddef6c4d32ea7d8a374b9675,93.632700
theo_n,18,226,false,9,9,offchain,500,222,1.420000,123.585400,201.995400,203.415400,8.123400,true,3104,,0x2fe6349b77f8b704a4b6fda6a67fa440bb1a7ac8a5722ef77d23ee9340b379ca,0x10074f9eb31e9c6ecea33dd09b942747dde26ea5b43debd11bc3d66d758a78ba,92.795800
theo_n,18,227,false,9,9,offchain,500,223,1.373500,123.888600,199.001300,200.374800,6.893400,true,3104,,0x2fe6349b77f8b704a4b6fda6a67fa440bb1a7ac8a5722ef77d23ee9340b379ca,0x08112b8d354d9aaba93692b831a531e7cedd8b1d5a47837c1fedc6aa7f2cae8f,95.441800
theo_n,18,228,false,9,9,offchain,500,224,1.404400,122.629600,198.738700,200.143100,7.060100,true,3104,,0x2fe6349b77f8b704a4b6fda6a67fa440bb1a7ac8a5722ef77d23ee9340b379ca,0x04c3840cdc2e4aac80b4c247288eece9d5b17369096381a62cd10420152c2739,93.583300
theo_n,18,229,false,9,9,offchain,500,225,1.339800,121.084400,199.010200,200.350000,6.875600,true,3104,,0x2fe6349b77f8b704a4b6fda6a67fa440bb1a7ac8a5722ef77d23ee9340b379ca,0x1d4b623b24f055a834f78f3cf3144039c437442f579b3ebc63271326089f9186,93.046400
theo_n,18,230,false,9,9,offchain,500,226,1.334600,124.917600,197.885300,199.219900,6.979700,true,3104,,0x2fe6349b77f8b704a4b6fda6a67fa440bb1a7ac8a5722ef77d23ee9340b379ca,0x2035dedc2eb545642aed0f9606622c5f82294b4b6e544e06b55fd9e8134d213a,92.562100
theo_n,18,231,false,9,9,offchain,500,227,1.454600,121.896900,198.057300,199.511900,6.840300,true,3104,,0x2fe6349b77f8b704a4b6fda6a67fa440bb1a7ac8a5722ef77d23ee9340b379ca,0x233ff9f8b02ec4c97f0d1bc984633b2db25ab99a09a83e88f6af57228c0311a3,92.733500
theo_n,18,232,false,9,9,offchain,500,228,1.367000,122.579000,202.773500,204.140500,7.323100,true,3104,,0x2fe6349b77f8b704a4b6fda6a67fa440bb1a7ac8a5722ef77d23ee9340b379ca,0x3ce76251dd711f361f2658cafc9885d2de612f82c2243e29a406c3817fa99144,93.391800
theo_n,18,233,false,9,9,offchain,500,229,1.382500,124.961000,202.221300,203.603800,7.145700,true,3104,,0x2fe6349b77f8b704a4b6fda6a67fa440bb1a7ac8a5722ef77d23ee9340b379ca,0x01960faf9d44f7a05a9903be0817035bb839c655259186de39824a0205fbf963,96.434300
theo_n,18,234,false,9,9,offchain,500,230,1.336500,124.158700,203.012300,204.348800,6.905300,true,3104,,0x2fe6349b77f8b704a4b6fda6a67fa440bb1a7ac8a5722ef77d23ee9340b379ca,0x09bdcc85823e5cb6efe1689ca68d69f7f39a7b342925c6ef2010fb84dc0e5732,98.263600
theo_n,18,235,false,9,9,offchain,500,231,1.852400,122.269300,202.821900,204.674300,6.887100,true,3104,,0x2fe6349b77f8b704a4b6fda6a67fa440bb1a7ac8a5722ef77d23ee9340b379ca,0x1cd8f78f237edd4acf466189caacbd6b709dcba35f9e32703c9dde9aa127717c,92.140500
theo_n,18,236,false,9,9,offchain,500,232,1.419000,123.063700,213.360100,214.779100,7.150400,true,3104,,0x2fe6349b77f8b704a4b6fda6a67fa440bb1a7ac8a5722ef77d23ee9340b379ca,0x1c18dbcebe2485b6a83380729d5f98097e404059f6b7401f58ce6602117cc0aa,93.841500
theo_n,18,237,false,9,9,offchain,500,233,1.432300,182.688100,202.767000,204.199300,6.973500,true,3104,,0x2fe6349b77f8b704a4b6fda6a67fa440bb1a7ac8a5722ef77d23ee9340b379ca,0x29101a89ba44f904e04e8c5f859ff4577a45e0fb480e1f4fb84efb96f84ed6a6,94.085500
theo_n,18,238,false,9,9,offchain,500,234,1.351800,124.951800,202.118000,203.469800,6.895800,true,3104,,0x2fe6349b77f8b704a4b6fda6a67fa440bb1a7ac8a5722ef77d23ee9340b379ca,0x0d5ff26441a869edd16f94350c143401dc9839188f1a1cb63ed23c99584d6b0d,92.728400
theo_n,18,239,false,9,9,offchain,500,235,1.387800,122.208600,197.526300,198.914100,7.219700,true,3104,,0x2fe6349b77f8b704a4b6fda6a67fa440bb1a7ac8a5722ef77d23ee9340b379ca,0x3fd663fdd4796c0eeb3d2683abcf10e017b1983ed977371a64649c27e26ccdb9,92.396400
theo_n,18,240,false,9,9,offchain,500,236,1.393000,122.012400,197.706200,199.099200,6.898400,true,3104,,0x2fe6349b77f8b704a4b6fda6a67fa440bb1a7ac8a5722ef77d23ee9340b379ca,0x2a93c9f51214b5fcf5b02964ba34c8edd54e58bf4151b2599ffe6ece57b6d018,92.411000
theo_n,18,241,false,9,9,offchain,500,237,1.372800,124.166000,200.240900,201.613700,6.929100,true,3104,,0x2fe6349b77f8b704a4b6fda6a67fa440bb1a7ac8a5722ef77d23ee9340b379ca,0x13dde27c637f6854bd1c54e4176e97040d810a20d57b43bf9d70d8efc282772d,95.173000
theo_n,18,242,false,9,9,offchain,500,238,1.307000,127.614700,201.570500,202.877500,6.989900,true,3104,,0x2fe6349b77f8b704a4b6fda6a67fa440bb1a7ac8a5722ef77d23ee9340b379ca,0x135a4790752389135f911a23431ca22924c7e61a263b54ef292cd06734e0b3cc,97.398200
theo_n,18,243,false,9,9,offchain,500,239,1.349700,122.032700,198.000700,199.350400,6.805400,true,3104,,0x2fe6349b77f8b704a4b6fda6a67fa440bb1a7ac8a5722ef77d23ee9340b379ca,0x2050f24f5a3174b112b4d9b8c0cb7d635b007b190fc7128d075c0fc98fc3479a,92.089300
theo_n,18,244,false,9,9,offchain,500,240,1.364700,124.037800,198.546300,199.911000,6.981000,true,3104,,0x2fe6349b77f8b704a4b6fda6a67fa440bb1a7ac8a5722ef77d23ee9340b379ca,0x196828bf4d21e668dd09c7bfaf8edeaa2a2bb1af398e35710a9bb057ce7d5681,91.728400
theo_n,18,245,false,9,9,offchain,500,241,1.407900,121.941000,202.557600,203.965500,7.155100,true,3104,,0x2fe6349b77f8b704a4b6fda6a67fa440bb1a7ac8a5722ef77d23ee9340b379ca,0x1c10b340a544df81f3b05cefd95c7c798f3d3b4bfc8da9e365685a531f0c8b63,93.780600
theo_n,18,246,false,9,9,offchain,500,242,1.517400,123.177700,199.583300,201.100700,7.070600,true,3104,,0x2fe6349b77f8b704a4b6fda6a67fa440bb1a7ac8a5722ef77d23ee9340b379ca,0x1bff1965c200ea6f8b38aec6c6b925b4bfb622a3d2a195f279f0de996636dca4,94.211900
theo_n,18,247,false,9,9,offchain,500,243,1.396700,122.943800,202.725600,204.122300,6.913500,true,3104,,0x2fe6349b77f8b704a4b6fda6a67fa440bb1a7ac8a5722ef77d23ee9340b379ca,0x10debae9933f4c4fb21aecdc3fba6aaa30a7b4e0831e6f3967fcace92487f0e1,92.715800
theo_n,18,248,false,9,9,offchain,500,244,1.599200,122.014400,199.932100,201.531300,7.026600,true,3104,,0x2fe6349b77f8b704a4b6fda6a67fa440bb1a7ac8a5722ef77d23ee9340b379ca,0x2af5dff9b1175c3ae54eeed0b2ad06c1bfe7b4e45f17840e0a43099c8c03545d,92.293800
theo_n,18,249,false,9,9,offchain,500,245,1.382200,134.330100,210.713300,212.095500,6.965600,true,3104,,0x2fe6349b77f8b704a4b6fda6a67fa440bb1a7ac8a5722ef77d23ee9340b379ca,0x0daf01b2722a42cd348621bafad98aec02bc3e1fe6a0b1db2bd1ed7031f74d2e,97.075200
theo_n,18,250,false,9,9,offchain,500,246,1.444900,176.816200,202.071300,203.516200,6.935200,true,3104,,0x2fe6349b77f8b704a4b6fda6a67fa440bb1a7ac8a5722ef77d23ee9340b379ca,0x04b12b3f7d7b388ef7881281481d12de7f0dbc48bf6e17c93074dc50cb7fd9be,92.900300
theo_n,18,251,false,9,9,offchain,500,247,1.364600,121.746000,196.321000,197.685600,6.976000,true,3104,,0x2fe6349b77f8b704a4b6fda6a67fa440bb1a7ac8a5722ef77d23ee9340b379ca,0x2d7b6585793e0c361bb72f842ede062d5a87d30940f720f426c2fa757faf5b63,92.769700
theo_n,18,252,false,9,9,offchain,500,248,1.370900,120.872000,197.043500,198.414400,6.800200,true,3104,,0x2fe6349b77f8b704a4b6fda6a67fa440bb1a7ac8a5722ef77d23ee9340b379ca,0x1be9cacd9a4b9ba6df5a503dc09971d53f38a341768697792466962201878c83,93.146000
theo_n,18,253,false,9,9,offchain,500,249,1.314900,121.845700,200.552200,201.867100,6.981100,true,3104,,0x2fe6349b77f8b704a4b6fda6a67fa440bb1a7ac8a5722ef77d23ee9340b379ca,0x2b0854285925fa638f2cffdd4ab25c7b473c93261467a83e9fae0feda21cc6fb,103.359500
theo_n,18,254,false,9,9,offchain,500,250,1.392200,121.790800,201.600300,202.992500,7.003700,true,3104,,0x2fe6349b77f8b704a4b6fda6a67fa440bb1a7ac8a5722ef77d23ee9340b379ca,0x1d57d310321c49a17ab0081beb7b202ac05e6ec687754c6e2f432a1220113e1e,92.349200
theo_n,18,255,false,9,9,offchain,500,251,1.427700,121.213000,204.020800,205.448500,7.086700,true,3104,,0x2fe6349b77f8b704a4b6fda6a67fa440bb1a7ac8a5722ef77d23ee9340b379ca,0x0003040b0b0c590dce2f7ff9c7bd0e713f9d8b8c05da94cc7347613303651102,92.934200
theo_n,18,256,false,9,9,offchain,500,252,2.397500,128.462500,197.374900,199.772400,6.878700,true,3104,,0x2fe6349b77f8b704a4b6fda6a67fa440bb1a7ac8a5722ef77d23ee9340b379ca,0x21f766f2266ac60f05568f423178b36746f3c86bb0808fd706cc3984fe234dc2,92.278000
theo_n,18,257,false,9,9,offchain,500,253,1.308700,119.560500,197.223400,198.532100,6.884100,true,3104,,0x2fe6349b77f8b704a4b6fda6a67fa440bb1a7ac8a5722ef77d23ee9340b379ca,0x252da4d2a4b0372e71095387166f170384f70d4de57b5852378c638259d30aba,97.541800
theo_n,18,258,false,9,9,offchain,500,254,1.349900,121.990700,198.890600,200.240500,7.176200,true,3104,,0x2fe6349b77f8b704a4b6fda6a67fa440bb1a7ac8a5722ef77d23ee9340b379ca,0x27bb9c63654ccfde000b0c298d39903ed7f8ca14ad1a1a66197320ab1fa69e93,92.437000
theo_n,18,259,false,9,9,offchain,500,255,1.343000,121.478700,198.009500,199.352500,7.208900,true,3104,,0x2fe6349b77f8b704a4b6fda6a67fa440bb1a7ac8a5722ef77d23ee9340b379ca,0x19cb507afbc830f4079adeb937659190969ccebb8e9ec80d0f6f9c15abea6c96,91.819000
theo_n,18,260,false,9,9,offchain,500,256,1.453100,120.589200,199.092500,200.545600,7.278800,true,3104,,0x2fe6349b77f8b704a4b6fda6a67fa440bb1a7ac8a5722ef77d23ee9340b379ca,0x13af1a03f83f2b7047d438e28e321cabfe9b81d3b0f3e30bf6b68d60e61ccc66,92.949700
theo_n,18,261,false,9,9,offchain,500,257,1.352500,121.362000,200.631400,201.983900,7.016500,true,3104,,0x2fe6349b77f8b704a4b6fda6a67fa440bb1a7ac8a5722ef77d23ee9340b379ca,0x1f9d4cfbcd073ff55fd28f14fdc6b04580e8a7b5cc0c815ba75860a438367297,93.228200
theo_n,18,262,false,9,9,offchain,500,258,1.653200,122.100500,199.094100,200.747300,7.013200,true,3104,,0x2fe6349b77f8b704a4b6fda6a67fa440bb1a7ac8a5722ef77d23ee9340b379ca,0x16655f002f143b0ff157a38d7bfcf554efe1efa0f01bde17f81f1efd1dac5ae3,92.853900
theo_n,18,263,false,9,9,offchain,500,259,1.385100,122.075500,271.717200,273.102300,7.753200,true,3104,,0x2fe6349b77f8b704a4b6fda6a67fa440bb1a7ac8a5722ef77d23ee9340b379ca,0x32e2b5c6eb79d56f6db51b9753908017b27b45c78992dc10c03ec056cd45d1e2,93.105800
theo_n,18,264,false,9,9,offchain,500,260,1.468700,121.140500,199.034800,200.503500,6.953500,true,3104,,0x2fe6349b77f8b704a4b6fda6a67fa440bb1a7ac8a5722ef77d23ee9340b379ca,0x15acdef555d7be280128cdcd5173903bba3ea4a130d3ec6e586a9e2c925984fe,92.147900
theo_n,18,265,false,9,9,offchain,500,261,1.356600,122.159300,202.798200,204.154800,6.903900,true,3104,,0x2fe6349b77f8b704a4b6fda6a67fa440bb1a7ac8a5722ef77d23ee9340b379ca,0x206f9e957151141c6b08e67861412b9979a6cb5473d656d57c6a3f28dbd71edd,94.155700
theo_n,18,266,false,9,9,offchain,500,262,1.324900,121.273900,199.034900,200.359800,7.032100,true,3104,,0x2fe6349b77f8b704a4b6fda6a67fa440bb1a7ac8a5722ef77d23ee9340b379ca,0x1c0c03c3bb02085b517f2b0dd32060227e9a840d4113a6c0ed8e25ef6d037545,92.819200
theo_n,18,267,false,9,9,offchain,500,263,1.377200,121.400500,202.134100,203.511300,6.880100,true,3104,,0x2fe6349b77f8b704a4b6fda6a67fa440bb1a7ac8a5722ef77d23ee9340b379ca,0x2ec2fe58ea1c1da21799f323afc5604c7565f777d6920ad3b971d88781ea8688,92.607800
theo_n,18,268,false,9,9,offchain,500,264,1.396800,121.343600,199.745400,201.142200,6.959700,true,3104,,0x2fe6349b77f8b704a4b6fda6a67fa440bb1a7ac8a5722ef77d23ee9340b379ca,0x36871a7d5a642a72edb71998ebd57faab9df6f308647e14197d5d4ecc241279b,93.157000
theo_n,18,269,false,9,9,offchain,500,265,1.368000,123.893700,199.875200,201.243200,6.898100,true,3104,,0x2fe6349b77f8b704a4b6fda6a67fa440bb1a7ac8a5722ef77d23ee9340b379ca,0x14427ba209a096888541ceaa3ad3513d71c4d7c051585268c45c9226dfe0b256,92.053900
theo_n,18,270,false,9,9,offchain,500,266,1.372700,121.746500,200.864200,202.236900,6.850900,true,3104,,0x2fe6349b77f8b704a4b6fda6a67fa440bb1a7ac8a5722ef77d23ee9340b379ca,0x20d30c7b9347b468a850ccf3b369391ef9639cca1987c37584bd7d19ec6ede8c,99.484000
theo_n,18,271,false,9,9,offchain,500,267,1.367400,124.778300,204.984800,206.352200,7.207000,true,3104,,0x2fe6349b77f8b704a4b6fda6a67fa440bb1a7ac8a5722ef77d23ee9340b379ca,0x2d9ccd0c2ac36559606a0f205863e02c9c2b2d5f640eaab7c1c6a56b1a103553,92.638900
theo_n,18,272,false,9,9,offchain,500,268,1.334400,120.741900,202.046300,203.380700,6.930200,true,3104,,0x2fe6349b77f8b704a4b6fda6a67fa440bb1a7ac8a5722ef77d23ee9340b379ca,0x2b5161b66d16afe0c625e2606fef885e7c98f530e504c631fd79a05fadfe0c71,92.784100
theo_n,18,273,false,9,9,offchain,500,269,1.402700,120.895500,199.655300,201.058000,6.983700,true,3104,,0x2fe6349b77f8b704a4b6fda6a67fa440bb1a7ac8a5722ef77d23ee9340b379ca,0x3e21369041a04980f41e38d2ac90d7a9b944478af8be5a41c9c7afdf9469d697,92.523100
theo_n,18,274,false,9,9,offchain,500,270,1.425300,120.668800,198.616900,200.042200,7.050800,true,3104,,0x2fe6349b77f8b704a4b6fda6a67fa440bb1a7ac8a5722ef77d23ee9340b379ca,0x2de90771e0c245bdfa0b65bb6ee8361b444a0e72d505a6dccccd1649af6fd5c9,93.105700
theo_n,18,275,false,9,9,offchain,500,271,1.375700,124.000000,200.355300,201.731000,6.945400,true,3104,,0x2fe6349b77f8b704a4b6fda6a67fa440bb1a7ac8a5722ef77d23ee9340b379ca,0x3cc0b7377f2fd4ecc5b1dc872298412fde0d67a692b168402caf8860c8195079,95.824800
theo_n,18,276,false,9,9,offchain,500,272,1.405900,120.901400,198.615900,200.021800,6.914600,true,3104,,0x2fe6349b77f8b704a4b6fda6a67fa440bb1a7ac8a5722ef77d23ee9340b379ca,0x0fce8eb9bf34b6d3aa2cb311ca9f5c15dc716c28d4d9bb9555e44f0a08ecf8e1,92.333300
theo_n,18,277,false,9,9,offchain,500,273,1.312900,124.708200,259.176400,260.489300,7.245300,true,3104,,0x2fe6349b77f8b704a4b6fda6a67fa440bb1a7ac8a5722ef77d23ee9340b379ca,0x05833828f42204b99a454594b21513ff2183c6a99a2b3944e3440f299bb4f266,93.821100
theo_n,18,278,false,9,9,offchain,500,274,1.407200,124.990200,203.615500,205.022700,6.901900,true,3104,,0x2fe6349b77f8b704a4b6fda6a67fa440bb1a7ac8a5722ef77d23ee9340b379ca,0x214acd758d2cf355f7d8c5dec2d9e4e50194902c100b583c119a1c8bf2741569,92.261800
theo_n,18,279,false,9,9,offchain,500,275,1.380200,122.143300,200.679900,202.060100,7.327500,true,3104,,0x2fe6349b77f8b704a4b6fda6a67fa440bb1a7ac8a5722ef77d23ee9340b379ca,0x2ec1cd97c107f5e7d43f5824152c3b203d583b4c2f8fe719016cf766bdc951f6,92.709400
theo_n,18,280,false,9,9,offchain,500,276,1.849000,123.795400,201.273700,203.122700,7.020400,true,3104,,0x2fe6349b77f8b704a4b6fda6a67fa440bb1a7ac8a5722ef77d23ee9340b379ca,0x3db627a7bc1c038baa6bd3b87e0513ba54edd4efc8fce3b09e3faf1c88f5334b,92.298400
theo_n,18,281,false,9,9,offchain,500,277,1.452000,120.426800,198.584800,200.036800,6.781300,true,3104,,0x2fe6349b77f8b704a4b6fda6a67fa440bb1a7ac8a5722ef77d23ee9340b379ca,0x3856ddcb158b17f68b73df84a4a414a2bfb3f8ddfd31447ba5d526e199cd1aa1,93.242300
theo_n,18,282,false,9,9,offchain,500,278,1.359600,121.009500,196.458100,197.817700,6.986600,true,3104,,0x2fe6349b77f8b704a4b6fda6a67fa440bb1a7ac8a5722ef77d23ee9340b379ca,0x3c982d4cab23cc667f3153144ce83370da4c30519337576650456290fdef4cca,93.581200
theo_n,18,283,false,9,9,offchain,500,279,1.421900,121.453700,198.419800,199.841700,6.963300,true,3104,,0x2fe6349b77f8b704a4b6fda6a67fa440bb1a7ac8a5722ef77d23ee9340b379ca,0x3a7dd69177b1615e8955d757be7644bfc671b3e6c0de5476c889722eb94fccc5,91.498500
theo_n,18,284,false,9,9,offchain,500,280,1.374900,120.906000,196.998500,198.373400,6.963800,true,3104,,0x2fe6349b77f8b704a4b6fda6a67fa440bb1a7ac8a5722ef77d23ee9340b379ca,0x331d5755c5fdcedf8aa7d4dd13abebb69444e39cc8b7753bd20fbe209dc9bb9b,90.595600
theo_n,18,285,false,9,9,offchain,500,281,1.378100,126.771300,203.909100,205.287200,6.885500,true,3104,,0x2fe6349b77f8b704a4b6fda6a67fa440bb1a7ac8a5722ef77d23ee9340b379ca,0x12456bad5ea5ac8701e9f1e0202e980193aac418c73990454cf01f0c6011efaf,92.395500
theo_n,18,286,false,9,9,offchain,500,282,1.365900,123.001400,207.445500,208.811400,6.894200,true,3104,,0x2fe6349b77f8b704a4b6fda6a67fa440bb1a7ac8a5722ef77d23ee9340b379ca,0x2c5c303bcdfb63737d7b992cbfa56555f48a5d4cd771732f2cb35390b57dc9dc,91.607300
theo_n,18,287,false,9,9,offchain,500,283,1.481000,122.599200,197.461300,198.942300,6.894100,true,3104,,0x2fe6349b77f8b704a4b6fda6a67fa440bb1a7ac8a5722ef77d23ee9340b379ca,0x398093a3ec3cb269bfeb8423a41a3c8706c772840b6047cb9b4426afce8a9426,90.919800
theo_n,18,288,false,9,9,offchain,500,284,1.467000,123.142100,200.083300,201.550300,7.714800,true,3104,,0x2fe6349b77f8b704a4b6fda6a67fa440bb1a7ac8a5722ef77d23ee9340b379ca,0x3fde75cc892a5ba434cb91628f9126ab6df18b3ceb5d532a4efed441fd682489,99.357700
theo_n,18,289,false,9,9,offchain,500,285,1.578400,122.441200,200.026700,201.605100,7.177900,true,3104,,0x2fe6349b77f8b704a4b6fda6a67fa440bb1a7ac8a5722ef77d23ee9340b379ca,0x1b488a0fc1dcc2b8432e72712ec910c013c293088017ac695bbb56dc71189a82,93.309300
theo_n,18,290,false,9,9,offchain,500,286,1.918600,120.698400,198.360000,200.278600,6.923800,true,3104,,0x2fe6349b77f8b704a4b6fda6a67fa440bb1a7ac8a5722ef77d23ee9340b379ca,0x22fb4ba332ae52ec2d4024446d91d18f297796869446a3db080838619881e933,91.991100
theo_n,18,291,false,9,9,offchain,500,287,1.342300,177.018600,207.312900,208.655200,7.287600,true,3104,,0x2fe6349b77f8b704a4b6fda6a67fa440bb1a7ac8a5722ef77d23ee9340b379ca,0x21f0d10ccf00498500d95ad876335c49b23c2fc18275790ae389669c8544088c,92.892500
theo_n,18,292,false,9,9,offchain,500,288,1.321000,124.459800,200.146100,201.467100,7.681000,true,3104,,0x2fe6349b77f8b704a4b6fda6a67fa440bb1a7ac8a5722ef77d23ee9340b379ca,0x3ede0864c77dc19ead38c4624d41076c05baded30dec030b254489dacb314aa1,97.304200
theo_n,18,293,false,9,9,offchain,500,289,1.411300,135.663500,240.530100,241.941400,7.793300,true,3104,,0x2fe6349b77f8b704a4b6fda6a67fa440bb1a7ac8a5722ef77d23ee9340b379ca,0x340a1d29a4decfa8de11ff64dae19d713515a9e9fad0946857f86c5058a12be3,104.756900
theo_n,18,294,false,9,9,offchain,500,290,1.419900,132.176600,206.122500,207.542400,7.335700,true,3104,,0x2fe6349b77f8b704a4b6fda6a67fa440bb1a7ac8a5722ef77d23ee9340b379ca,0x17ebbf9bd7f1ef4bb43fc2aaf729e168d717fdaaed1618ea96a49e7a1ce8430b,95.864000
theo_n,18,295,false,9,9,offchain,500,291,1.415800,124.617300,204.435700,205.851500,6.928700,true,3104,,0x2fe6349b77f8b704a4b6fda6a67fa440bb1a7ac8a5722ef77d23ee9340b379ca,0x3f524ee21daedd4379074e5c4d675d34891cff3535cd53839e421dea2a3d6e85,93.472200
theo_n,18,296,false,9,9,offchain,500,292,1.299800,122.333600,199.744600,201.044400,7.202800,true,3104,,0x2fe6349b77f8b704a4b6fda6a67fa440bb1a7ac8a5722ef77d23ee9340b379ca,0x157335c3a9879e6b3c9e51fdc67047e050c7ab9ebcd8dcc49193385aae72d64e,93.606600
theo_n,18,297,false,9,9,offchain,500,293,1.381300,124.861400,201.640000,203.021300,6.869400,true,3104,,0x2fe6349b77f8b704a4b6fda6a67fa440bb1a7ac8a5722ef77d23ee9340b379ca,0x13337dcf205363234901124ae87850237fba5a2cf97131377e393825d1790380,93.029900
theo_n,18,298,false,9,9,offchain,500,294,1.300900,120.562700,202.977300,204.278200,6.857100,true,3104,,0x2fe6349b77f8b704a4b6fda6a67fa440bb1a7ac8a5722ef77d23ee9340b379ca,0x0dea04404a701c0cd65f783a999494ee6f3135a604dc6f671711d7d0df94b871,95.799100
theo_n,18,299,false,9,9,offchain,500,295,1.341400,121.482600,198.606900,199.948300,6.836900,true,3104,,0x2fe6349b77f8b704a4b6fda6a67fa440bb1a7ac8a5722ef77d23ee9340b379ca,0x30f7ab3f5f6388b7ba4206b7fb8ceb4b450b9b4310d098a84b43a4b149c2d722,92.128000
theo_n,18,300,false,9,9,offchain,500,296,1.385800,123.404000,201.750200,203.136000,6.923900,true,3104,,0x2fe6349b77f8b704a4b6fda6a67fa440bb1a7ac8a5722ef77d23ee9340b379ca,0x28a4af16d1084e7845235a5d5f63de2a12e7320ca6294a0942e081ff3bbacad9,92.723000
theo_n,18,301,false,9,9,offchain,500,297,1.398200,121.011200,201.449100,202.847300,6.913700,true,3104,,0x2fe6349b77f8b704a4b6fda6a67fa440bb1a7ac8a5722ef77d23ee9340b379ca,0x3669da98be6664f44c90fb9012c1831e02bf594cac32b81e0b35209a0f0bb5df,93.967000
theo_n,18,302,false,9,9,offchain,500,298,1.347900,122.556400,200.600100,201.948000,7.035100,true,3104,,0x2fe6349b77f8b704a4b6fda6a67fa440bb1a7ac8a5722ef77d23ee9340b379ca,0x207acd53d1b605cf54c1b07e87961e217936864c0f8d70631c7f4ccf00338787,92.613500
theo_n,18,303,false,9,9,offchain,500,299,1.330400,122.016600,199.233800,200.564200,6.908200,true,3104,,0x2fe6349b77f8b704a4b6fda6a67fa440bb1a7ac8a5722ef77d23ee9340b379ca,0x36a9d881956a99b6c4d00e5cc062e85f306b1a4a7190cef1a2ef0846b0d191fd,93.667500
theo_n,18,304,false,9,9,offchain,500,300,1.450900,121.812000,196.465300,197.916200,6.860200,true,3104,,0x2fe6349b77f8b704a4b6fda6a67fa440bb1a7ac8a5722ef77d23ee9340b379ca,0x3fae27074f78318b40a5df48f9a4168edf2929fc4ae11181ad1e34674ad615ae,96.103800
theo_n,18,305,false,9,9,offchain,500,301,1.840500,121.867300,252.613700,254.454200,7.317400,true,3104,,0x2fe6349b77f8b704a4b6fda6a67fa440bb1a7ac8a5722ef77d23ee9340b379ca,0x179ed4f1e47bb2d4c7e943d5fcb028702e81f974502e699c16aded2d973ce903,93.512300
theo_n,18,306,false,9,9,offchain,500,302,1.364000,130.728300,206.698000,208.062000,8.269700,true,3104,,0x2fe6349b77f8b704a4b6fda6a67fa440bb1a7ac8a5722ef77d23ee9340b379ca,0x257a10a072da953507bf7f7e39cf767facefa1ae5201db7269f3566da3a0db78,96.172100
theo_n,18,307,false,9,9,offchain,500,303,1.421500,124.111400,202.659100,204.080600,6.975300,true,3104,,0x2fe6349b77f8b704a4b6fda6a67fa440bb1a7ac8a5722ef77d23ee9340b379ca,0x051b473f56ec28fe51543496572291a9273d057b8792a3cda248a8e3e1e72c63,92.859000
theo_n,18,308,false,9,9,offchain,500,304,1.338800,121.610600,204.724400,206.063200,7.197500,true,3104,,0x2fe6349b77f8b704a4b6fda6a67fa440bb1a7ac8a5722ef77d23ee9340b379ca,0x33550cff5afe5a46c0fc9e6bbe27c1bd0d0eb09e731b2a2ad6ca242f176eee48,95.500600
theo_n,18,309,false,9,9,offchain,500,305,1.441900,126.887100,230.824000,232.265900,7.288100,true,3104,,0x2fe6349b77f8b704a4b6fda6a67fa440bb1a7ac8a5722ef77d23ee9340b379ca,0x347f82166c38900f4a468baac0278c52182223cea86af366433ee9931c3c839b,95.735600
theo_n,18,310,false,9,9,offchain,500,306,1.451600,125.241500,204.441100,205.892700,7.230300,true,3104,,0x2fe6349b77f8b704a4b6fda6a67fa440bb1a7ac8a5722ef77d23ee9340b379ca,0x1b7af93cf07c2cff41925485f3f11a822e3e54a05fc157c971dd2dd3caa252e0,93.230400
theo_n,18,311,false,9,9,offchain,500,307,1.438000,125.783600,202.658100,204.096100,7.228100,true,3104,,0x2fe6349b77f8b704a4b6fda6a67fa440bb1a7ac8a5722ef77d23ee9340b379ca,0x3a4fef6a829b927be652b82d2ebb3859337bbe7c5f35aa83eae3a43c465dc17c,92.225000
theo_n,18,312,false,9,9,offchain,500,308,1.410500,124.836900,202.604500,204.015000,7.027800,true,3104,,0x2fe6349b77f8b704a4b6fda6a67fa440bb1a7ac8a5722ef77d23ee9340b379ca,0x2a5170186b86aba23bc902c9f2fd58e05332b3d2e7d84c3f08a3582aae8e571b,92.378800
theo_n,18,313,false,9,9,offchain,500,309,1.332300,122.331100,200.544100,201.876400,7.063200,true,3104,,0x2fe6349b77f8b704a4b6fda6a67fa440bb1a7ac8a5722ef77d23ee9340b379ca,0x171632cbe67b8a7f89caa9d0599bb09d50ab35a070d6d2208aace0c5b826a236,94.341600
theo_n,18,314,false,9,9,offchain,500,310,1.379000,121.651400,203.456400,204.835400,6.999300,true,3104,,0x2fe6349b77f8b704a4b6fda6a67fa440bb1a7ac8a5722ef77d23ee9340b379ca,0x013788cf05df5b97a491378c5c86531a12ae3915164b08eb88b317230ac57204,95.805500
theo_n,18,315,false,9,9,offchain,500,311,1.387400,122.820100,198.226700,199.614100,6.976800,true,3104,,0x2fe6349b77f8b704a4b6fda6a67fa440bb1a7ac8a5722ef77d23ee9340b379ca,0x0bcdb5fbccd7e14d5e7a421b030cba7754ffa4b72bda954f22a43bde7125a8ee,92.025400
theo_n,18,316,false,9,9,offchain,500,312,1.455600,121.030200,205.702400,207.158000,7.019100,true,3104,,0x2fe6349b77f8b704a4b6fda6a67fa440bb1a7ac8a5722ef77d23ee9340b379ca,0x0b1a913db7e13ccb94206caa0a06615433f6757e7f11fd42df2b58de1f8462ad,92.751300
theo_n,18,317,false,9,9,offchain,500,313,1.579700,121.778400,264.120500,265.700200,7.257200,true,3104,,0x2fe6349b77f8b704a4b6fda6a67fa440bb1a7ac8a5722ef77d23ee9340b379ca,0x28183fc9feb87ed8bd0f5bef335a502896c57e0580fb209ae814b76f95db15e6,95.640300
theo_n,18,318,false,9,9,offchain,500,314,1.765500,130.117300,203.739000,205.504500,7.235400,true,3104,,0x2fe6349b77f8b704a4b6fda6a67fa440bb1a7ac8a5722ef77d23ee9340b379ca,0x39a87344e49adf7c12e72b95d5a757a75896a0eeba260715ac5b7df993b22ad3,96.182700
theo_n,18,319,false,9,9,offchain,500,315,1.435800,125.528100,201.856100,203.291900,6.956100,true,3104,,0x2fe6349b77f8b704a4b6fda6a67fa440bb1a7ac8a5722ef77d23ee9340b379ca,0x0eee191ed5a62b9de7667c1788c1bc2988886fbb14d26fda11e78abbfdfbd49c,91.916100
theo_n,18,320,false,9,9,offchain,500,316,1.336200,127.243900,203.517100,204.853300,6.948900,true,3104,,0x2fe6349b77f8b704a4b6fda6a67fa440bb1a7ac8a5722ef77d23ee9340b379ca,0x0ecd70e7cef9dba50bab70bf822dd8bea1c051e51d23c84becb490b7a952a76b,96.984600
theo_n,18,321,false,9,9,offchain,500,317,1.376300,122.179800,199.932900,201.309200,7.225300,true,3104,,0x2fe6349b77f8b704a4b6fda6a67fa440bb1a7ac8a5722ef77d23ee9340b379ca,0x3158f43ace72da14dd6b26300c09a7b969d8544e0792be0786c39c8b3ba9345f,92.378200
theo_n,18,322,false,9,9,offchain,500,318,1.412000,122.575400,201.279500,202.691500,6.905500,true,3104,,0x2fe6349b77f8b704a4b6fda6a67fa440bb1a7ac8a5722ef77d23ee9340b379ca,0x3713cd417ddd28e4f636acf46b0d2a2b069c5b5b9305797764c66795581075e8,94.932300
theo_n,18,323,false,9,9,offchain,500,319,1.334100,122.577900,221.240500,222.574600,6.956600,true,3104,,0x2fe6349b77f8b704a4b6fda6a67fa440bb1a7ac8a5722ef77d23ee9340b379ca,0x2164cbce29a7cf495a8b71b01864fe7a90bdfab983596dc3d0b434da5a980108,92.412100
theo_n,18,324,false,9,9,offchain,500,320,1.402200,121.343500,199.364000,200.766200,7.015600,true,3104,,0x2fe6349b77f8b704a4b6fda6a67fa440bb1a7ac8a5722ef77d23ee9340b379ca,0x20f2bd23c9ed0d7117d857701ebc07eadf7853be8ba31fa915c6839c5899e9ef,92.830200
theo_n,18,325,false,9,9,offchain,500,321,1.331800,122.376300,198.095000,199.426800,6.917300,true,3104,,0x2fe6349b77f8b704a4b6fda6a67fa440bb1a7ac8a5722ef77d23ee9340b379ca,0x3597e04abb934a138da489621b0f15765db7308d36fce7c46e2792e512645315,94.970100
theo_n,18,326,false,9,9,offchain,500,322,1.353900,124.553800,204.483600,205.837500,6.904600,true,3104,,0x2fe6349b77f8b704a4b6fda6a67fa440bb1a7ac8a5722ef77d23ee9340b379ca,0x3a701293f7c5a23f34bfce770d2803fb8f92196d1860967205c2c412a11f78d5,92.296100
theo_n,18,327,false,9,9,offchain,500,323,1.399700,122.981800,198.770800,200.170500,6.942300,true,3104,,0x2fe6349b77f8b704a4b6fda6a67fa440bb1a7ac8a5722ef77d23ee9340b379ca,0x11041ba6a9ec3b138050f1ab766baacb1c22c088e02f8582213671563dce0dab,99.407600
theo_n,18,328,false,9,9,offchain,500,324,1.369300,125.301900,207.951200,209.320500,6.890900,true,3104,,0x2fe6349b77f8b704a4b6fda6a67fa440bb1a7ac8a5722ef77d23ee9340b379ca,0x1eea43fd85f24d8eb08c09904728517c6f0c63eea53dcd8f2a7e37e6d0255896,94.255400
theo_n,18,329,false,9,9,offchain,500,325,1.360200,122.305000,269.086100,270.446300,6.956500,true,3104,,0x2fe6349b77f8b704a4b6fda6a67fa440bb1a7ac8a5722ef77d23ee9340b379ca,0x0e1f7beb5bc8c79b8ed2cd2df1f5a03110a0719a39ee4339cbec85c5940a74f9,93.607100
theo_n,18,330,false,9,9,offchain,500,326,1.285600,121.151800,197.339200,198.624800,6.926800,true,3104,,0x2fe6349b77f8b704a4b6fda6a67fa440bb1a7ac8a5722ef77d23ee9340b379ca,0x04e8ef58a3bd6c7f38cf6f14c65181eda94b34915bf24e27146c41fe0d6560be,91.850000
theo_n,18,331,false,9,9,offchain,500,327,1.350300,122.190000,198.630300,199.980600,6.976200,true,3104,,0x2fe6349b77f8b704a4b6fda6a67fa440bb1a7ac8a5722ef77d23ee9340b379ca,0x26246755fecd067b39a8e935e54a4e4412200f2976bf6f04b38655d28968c044,93.296400
theo_n,18,332,false,9,9,offchain,500,328,1.407600,125.956800,204.747100,206.154700,6.944300,true,3104,,0x2fe6349b77f8b704a4b6fda6a67fa440bb1a7ac8a5722ef77d23ee9340b379ca,0x2e5ed345613174629d8d0c1c7e6fca731d1f298a7b35eaa0c22874528ca44b14,93.292800
theo_n,18,333,false,9,9,offchain,500,329,1.947900,120.922000,200.941700,202.889600,7.203300,true,3104,,0x2fe6349b77f8b704a4b6fda6a67fa440bb1a7ac8a5722ef77d23ee9340b379ca,0x1ce4878c276eaac2c919e2a0f48adcdc76e6aedfa92a1b0f492bf12b2af33f60,91.924300
theo_n,18,334,false,9,9,offchain,500,330,1.320400,123.506300,198.502200,199.822600,6.958600,true,3104,,0x2fe6349b77f8b704a4b6fda6a67fa440bb1a7ac8a5722ef77d23ee9340b379ca,0x0feafc223ea42d9589ed7dc80fff327b46bd9cfb2b2ca8a0988bde5c8d9d863d,93.655500
theo_n,18,335,false,9,9,offchain,500,331,1.504600,125.136800,199.530700,201.035300,6.958000,true,3104,,0x2fe6349b77f8b704a4b6fda6a67fa440bb1a7ac8a5722ef77d23ee9340b379ca,0x0e475319efaeda817757ae6de3c7b4b115eb55403500b7dfca1bda72e222d8b1,95.350800
theo_n,18,336,false,9,9,offchain,500,332,1.398400,123.380100,202.884400,204.282800,6.917900,true,3104,,0x2fe6349b77f8b704a4b6fda6a67fa440bb1a7ac8a5722ef77d23ee9340b379ca,0x13dae4f73fb8ad970f7bb2776a879a7449d7fd3a88f49771e84d43ffc3255cc9,94.221300
theo_n,18,337,false,9,9,offchain,500,333,1.339000,121.951300,197.978600,199.317600,6.952300,true,3104,,0x2fe6349b77f8b704a4b6fda6a67fa440bb1a7ac8a5722ef77d23ee9340b379ca,0x2a9af6815b5db105ccef9d46a5e41c903a16795ed7579b131e2170167e9f93d3,92.954500
theo_n,18,338,false,9,9,offchain,500,334,1.681200,121.877000,198.135000,199.816200,6.951000,true,3104,,0x2fe6349b77f8b704a4b6fda6a67fa440bb1a7ac8a5722ef77d23ee9340b379ca,0x11bbbf1caa40d9afa60d20142dc7b40ae4c47413b10780dc49a3656b0cad8f9a,92.698100
theo_n,18,339,false,9,9,offchain,500,335,1.876900,122.329200,196.811900,198.688800,7.037500,true,3104,,0x2fe6349b77f8b704a4b6fda6a67fa440bb1a7ac8a5722ef77d23ee9340b379ca,0x19ecbcd0233d6c5d3f9baf4d27ed7e9e0c3848253d725b375bb60867e649f3d9,94.451900
theo_n,18,340,false,9,9,offchain,500,336,1.366900,121.807100,197.265400,198.632300,7.364700,true,3104,,0x2fe6349b77f8b704a4b6fda6a67fa440bb1a7ac8a5722ef77d23ee9340b379ca,0x3dcc71fab3c774dfa96e1df6ffdace3f3b2073e9ed443e576727638e8f28f713,92.758300
theo_n,18,341,false,9,9,offchain,500,337,1.799100,132.399200,202.355900,204.155000,7.236500,true,3104,,0x2fe6349b77f8b704a4b6fda6a67fa440bb1a7ac8a5722ef77d23ee9340b379ca,0x2b1048ca7c72ab76435f1c2f09d95a106d813e5e0dd341a4497247c766f58067,94.173300
theo_n,18,342,false,9,9,offchain,500,338,1.492800,174.283500,206.015700,207.508500,6.875800,true,3104,,0x2fe6349b77f8b704a4b6fda6a67fa440bb1a7ac8a5722ef77d23ee9340b379ca,0x1f859c226fa916bad9c684a17fde078129fa30ceca3b0f6b8cff1e0192022653,91.669700
theo_n,18,343,false,9,9,offchain,500,339,1.291500,120.799400,202.062800,203.354300,7.076600,true,3104,,0x2fe6349b77f8b704a4b6fda6a67fa440bb1a7ac8a5722ef77d23ee9340b379ca,0x11d2cacbaeaae9e3e739ff084d60cc7a2b2a51a16f95e1fc934bc24a8b9ac4bd,92.451500
theo_n,18,344,false,9,9,offchain,500,340,1.414400,122.399100,201.773400,203.187800,6.949800,true,3104,,0x2fe6349b77f8b704a4b6fda6a67fa440bb1a7ac8a5722ef77d23ee9340b379ca,0x20a6237640b652c2ec5a6b3cde15c5cc3e91bb391eb0f6f9ae9c8ef77ce520d9,93.674500
theo_n,18,345,false,9,9,offchain,500,341,1.719200,122.724900,199.955700,201.674900,6.989700,true,3104,,0x2fe6349b77f8b704a4b6fda6a67fa440bb1a7ac8a5722ef77d23ee9340b379ca,0x23267799196fe59cf8521dba9ac922378800fcfad499bd64f6b09b35a533382c,92.760300
theo_n,18,346,false,9,9,offchain,500,342,1.336800,121.280700,198.823900,200.160700,6.764800,true,3104,,0x2fe6349b77f8b704a4b6fda6a67fa440bb1a7ac8a5722ef77d23ee9340b379ca,0x008c87b89c78cc57932522061498ea65abd02940d360b323de35bd5cd452bf2f,94.230200
theo_n,18,347,false,9,9,offchain,500,343,1.339900,121.506300,198.392700,199.732600,7.125800,true,3104,,0x2fe6349b77f8b704a4b6fda6a67fa440bb1a7ac8a5722ef77d23ee9340b379ca,0x33e842b06e948f99c3241747cdf4ed2d211f74f0deb364d517de542f9cfdea76,92.041000
theo_n,18,348,false,9,9,offchain,500,344,1.299400,121.284000,196.960100,198.259500,6.976600,true,3104,,0x2fe6349b77f8b704a4b6fda6a67fa440bb1a7ac8a5722ef77d23ee9340b379ca,0x05e5e60147e8d2e2c9a4b1ad50a0a96d938eecbe964e4fce44f2596131450a22,92.348000
theo_n,18,349,false,9,9,offchain,500,345,1.323700,121.024000,200.537700,201.861400,6.935900,true,3104,,0x2fe6349b77f8b704a4b6fda6a67fa440bb1a7ac8a5722ef77d23ee9340b379ca,0x011b716aeeb26286a543b77a9234d4fba9f30010faf2942d8545354ff3282c36,93.444400
theo_n,18,350,false,9,9,offchain,500,346,1.553900,126.781000,201.258000,202.811900,6.955300,true,3104,,0x2fe6349b77f8b704a4b6fda6a67fa440bb1a7ac8a5722ef77d23ee9340b379ca,0x24c1cc499b4c66d2811e8bf3f46762c620849bddcbb107395dbc006881ff2e93,91.850400
theo_n,18,351,false,9,9,offchain,500,347,1.361200,121.362900,198.846900,200.208100,6.997200,true,3104,,0x2fe6349b77f8b704a4b6fda6a67fa440bb1a7ac8a5722ef77d23ee9340b379ca,0x2a82e7c0a7493283de9d7235505483fb52f564e7c17b0f6c68e1628888a98aae,92.045700
theo_n,18,352,false,9,9,offchain,500,348,1.424100,122.554300,200.089900,201.514000,6.929100,true,3104,,0x2fe6349b77f8b704a4b6fda6a67fa440bb1a7ac8a5722ef77d23ee9340b379ca,0x13bbf2f0951ef946b35efc83f75af9cb87cd8ca84cf7a8d02d2fcbedd30a2b06,100.828100
theo_n,18,353,false,9,9,offchain,500,349,1.322100,121.520100,198.054200,199.376300,7.002100,true,3104,,0x2fe6349b77f8b704a4b6fda6a67fa440bb1a7ac8a5722ef77d23ee9340b379ca,0x026ddb8d253c842fd31bafe8d44d63f0e7222dfb62bff3244a09138f2cb1262e,92.381500
theo_n,18,354,false,9,9,offchain,500,350,1.379400,121.885000,202.241500,203.620900,7.001400,true,3104,,0x2fe6349b77f8b704a4b6fda6a67fa440bb1a7ac8a5722ef77d23ee9340b379ca,0x13c6f51707e7ab8a10b57d92407e719a900fb331cb123f39e39dd00c59bf206e,94.525900
theo_n,18,355,false,9,9,offchain,500,351,1.385500,121.989900,199.796300,201.181800,6.837200,true,3104,,0x2fe6349b77f8b704a4b6fda6a67fa440bb1a7ac8a5722ef77d23ee9340b379ca,0x326793c06bcbf56be496c63804b6ce49d4f524894d05524920463eb1f405219b,92.312000
theo_n,18,356,false,9,9,offchain,500,352,1.348800,120.082500,261.428500,262.777300,6.732900,true,3104,,0x2fe6349b77f8b704a4b6fda6a67fa440bb1a7ac8a5722ef77d23ee9340b379ca,0x2a785a4ab903731680b64b192038c7225ff9481122529ba90a243d5243421419,97.473700
theo_n,18,357,false,9,9,offchain,500,353,1.401200,124.068400,200.344900,201.746100,6.944800,true,3104,,0x2fe6349b77f8b704a4b6fda6a67fa440bb1a7ac8a5722ef77d23ee9340b379ca,0x1ac34198255b23ce92d3efcd9ed10a68aca01cc91af53b232c243f2077e9d8ca,92.491700
theo_n,18,358,false,9,9,offchain,500,354,1.382700,121.640000,212.351000,213.733700,6.961600,true,3104,,0x2fe6349b77f8b704a4b6fda6a67fa440bb1a7ac8a5722ef77d23ee9340b379ca,0x0ece68e28fa66c858202ec7e2b0122b790d3c8a6e32164de2ccff3f2f8f9c1cd,99.810500
theo_n,18,359,false,9,9,offchain,500,355,1.758000,121.108400,196.747500,198.505500,7.038200,true,3104,,0x2fe6349b77f8b704a4b6fda6a67fa440bb1a7ac8a5722ef77d23ee9340b379ca,0x3fb5b4605b8c379a43823d36cad4659531e671fb44eaac20784a6e297b6b185a,92.916500
theo_n,18,360,false,9,9,offchain,500,356,1.340400,123.766900,201.952600,203.293000,6.998800,true,3104,,0x2fe6349b77f8b704a4b6fda6a67fa440bb1a7ac8a5722ef77d23ee9340b379ca,0x21569add1ae527eac5dee3180e1fbbbdab52d47bbd92292baf1ce1266d839fe2,96.745800
theo_n,18,361,false,9,9,offchain,500,357,1.457100,133.501800,211.893600,213.350700,7.228400,true,3104,,0x2fe6349b77f8b704a4b6fda6a67fa440bb1a7ac8a5722ef77d23ee9340b379ca,0x2190cb22b8717fc0037afcaec5b056909afa93753955b5637fe50ac35f7688cf,96.112100
theo_n,18,362,false,9,9,offchain,500,358,1.467700,124.448900,201.334000,202.801700,7.338100,true,3104,,0x2fe6349b77f8b704a4b6fda6a67fa440bb1a7ac8a5722ef77d23ee9340b379ca,0x129736d53a640c95ca9cec89e0d9f9ec7b3e3aa8c73427ed8d11c6285b19ab42,94.344500
theo_n,18,363,false,9,9,offchain,500,359,1.452200,123.232300,203.582600,205.034800,7.086900,true,3104,,0x2fe6349b77f8b704a4b6fda6a67fa440bb1a7ac8a5722ef77d23ee9340b379ca,0x1578dced60b0bd291ce8f05f8191d20f4249f1357f2cd2e902c02b9b479e33ee,92.928100
theo_n,18,364,false,9,9,offchain,500,360,1.358700,126.431500,202.668200,204.026900,7.180800,true,3104,,0x2fe6349b77f8b704a4b6fda6a67fa440bb1a7ac8a5722ef77d23ee9340b379ca,0x233878d89fbc8ae41d1378e8c1a297efaba276372c6530c711c097556b0d6ede,93.187100
theo_n,18,365,false,9,9,offchain,500,361,1.451200,125.296400,199.793200,201.244400,6.927800,true,3104,,0x2fe6349b77f8b704a4b6fda6a67fa440bb1a7ac8a5722ef77d23ee9340b379ca,0x3a089bd539d33fe66e3e981b9b4c43c00a1380eb25eb1e6c38799369b9ea8b65,92.902600
theo_n,18,366,false,9,9,offchain,500,362,1.356100,123.134900,202.461100,203.817200,7.152000,true,3104,,0x2fe6349b77f8b704a4b6fda6a67fa440bb1a7ac8a5722ef77d23ee9340b379ca,0x02e9489b7e19c32707c75e2fb97be6d79420a4a232fbd440ac12beaecc6eacd4,93.469800
theo_n,18,367,false,9,9,offchain,500,363,1.414100,123.225100,203.687100,205.101200,6.862200,true,3104,,0x2fe6349b77f8b704a4b6fda6a67fa440bb1a7ac8a5722ef77d23ee9340b379ca,0x1129b0c78fd745eae82f15d7cf92a7a6a845343bd62256749101cf2f1a2e4c4d,91.713100
theo_n,18,368,false,9,9,offchain,500,364,1.359600,121.043000,200.296900,201.656500,7.194300,true,3104,,0x2fe6349b77f8b704a4b6fda6a67fa440bb1a7ac8a5722ef77d23ee9340b379ca,0x3da8527b99c305c392fbfd5b3a4a991d111f71e0c8a78d67507376d1e94f3965,96.866500
theo_n,18,369,false,9,9,offchain,500,365,1.350800,121.765900,198.284100,199.634900,6.832900,true,3104,,0x2fe6349b77f8b704a4b6fda6a67fa440bb1a7ac8a5722ef77d23ee9340b379ca,0x042d5a1e48d2bf3bd28eb0fc24f1bfc8e189623ee458395c929d2429dae4442f,90.424500
theo_n,18,370,false,9,9,offchain,500,366,1.406800,175.113800,201.413700,202.820500,6.921900,true,3104,,0x2fe6349b77f8b704a4b6fda6a67fa440bb1a7ac8a5722ef77d23ee9340b379ca,0x374f33159c146e929ca5e328eab53d92a8e8884fa2f86cd62d37567a33e1a097,94.869700
theo_n,18,371,false,9,9,offchain,500,367,1.985100,127.018000,208.250200,210.235300,7.176800,true,3104,,0x2fe6349b77f8b704a4b6fda6a67fa440bb1a7ac8a5722ef77d23ee9340b379ca,0x075352174bb597312f9de58525b513aa9c1a0fb332e10136431936e4861f718b,92.453200
theo_n,18,372,false,9,9,offchain,500,368,1.424500,123.172000,202.169500,203.594000,6.877900,true,3104,,0x2fe6349b77f8b704a4b6fda6a67fa440bb1a7ac8a5722ef77d23ee9340b379ca,0x3a17f2cc008f2c1cec3fd09e6c832a4e68e4fc160f8159930d5f1ece679a441c,96.979400
theo_n,18,373,false,9,9,offchain,500,369,1.416600,123.867000,200.577900,201.994500,6.903800,true,3104,,0x2fe6349b77f8b704a4b6fda6a67fa440bb1a7ac8a5722ef77d23ee9340b379ca,0x37b4cccdf08f4492d349745827729d64bbbbecb9811fb5defc9442e3717bf1cb,96.261400
theo_n,18,374,false,9,9,offchain,500,370,1.404800,121.371400,196.817800,198.222600,7.003900,true,3104,,0x2fe6349b77f8b704a4b6fda6a67fa440bb1a7ac8a5722ef77d23ee9340b379ca,0x035ef62a1666ae0b02052216bacd31c279328d9a072d3a0fc1a2a0662738f740,92.758400
theo_n,18,375,false,9,9,offchain,500,371,1.343400,120.969800,198.354900,199.698300,7.335500,true,3104,,0x2fe6349b77f8b704a4b6fda6a67fa440bb1a7ac8a5722ef77d23ee9340b379ca,0x10ba46cae20a9c421f1f0690b1e02a94a2c83bc5f14cadb487e8d219812a623a,99.795300
theo_n,18,376,false,9,9,offchain,500,372,1.388300,128.376700,204.501400,205.889700,7.386600,true,3104,,0x2fe6349b77f8b704a4b6fda6a67fa440bb1a7ac8a5722ef77d23ee9340b379ca,0x0b268baed98346a87778c554922b4611b5b073c2c8db0ad259fbc7a8b742d395,92.602400
theo_n,18,377,false,9,9,offchain,500,373,1.402700,124.152300,200.091100,201.493800,6.914800,true,3104,,0x2fe6349b77f8b704a4b6fda6a67fa440bb1a7ac8a5722ef77d23ee9340b379ca,0x11f002b23237094e2e05eef8d181e739a6b0523b73ab31081561e59b11fe10d0,97.165400
theo_n,18,378,false,9,9,offchain,500,374,1.522700,122.390700,197.200300,198.723000,6.974500,true,3104,,0x2fe6349b77f8b704a4b6fda6a67fa440bb1a7ac8a5722ef77d23ee9340b379ca,0x3738afc4528020bc3732e8d1a66ee12ac4fe368b12952cea53eee21e014c58f6,91.956800
theo_n,18,379,false,9,9,offchain,500,375,1.432000,119.017600,210.935200,212.367200,6.891900,true,3104,,0x2fe6349b77f8b704a4b6fda6a67fa440bb1a7ac8a5722ef77d23ee9340b379ca,0x0b12c1a884e88866e4cbc3a87953722b865c93e70b62920cad0fa4f182984fe7,92.395100
theo_n,18,380,false,9,9,offchain,500,376,1.415800,135.396700,216.783800,218.199600,7.420400,true,3104,,0x2fe6349b77f8b704a4b6fda6a67fa440bb1a7ac8a5722ef77d23ee9340b379ca,0x2de70f6291ae06b5a1c5819bf3fa7e836e6d130dc5cfeb3fde08d0dad953be0d,99.837000
theo_n,18,381,false,9,9,offchain,500,377,1.455400,135.745500,225.805900,227.261300,7.766100,true,3104,,0x2fe6349b77f8b704a4b6fda6a67fa440bb1a7ac8a5722ef77d23ee9340b379ca,0x2340d67cb0b0ee0ac46f075b0f811c160bc5b5505b9520e13e19d10c4f190b2e,106.974300
theo_n,18,382,false,9,9,offchain,500,378,1.509800,138.223200,282.744400,284.254200,7.579600,true,3104,,0x2fe6349b77f8b704a4b6fda6a67fa440bb1a7ac8a5722ef77d23ee9340b379ca,0x0529dafcf5a6f2872f62d09a548256ea171d3de17be784115826d5e20ab80de2,98.886500
theo_n,18,383,false,9,9,offchain,500,379,1.458600,126.772100,207.532000,208.990600,7.144100,true,3104,,0x2fe6349b77f8b704a4b6fda6a67fa440bb1a7ac8a5722ef77d23ee9340b379ca,0x3e1c806ad5148452804b6382cbf1920552432565d63a6ed0f9656008d14be5ab,95.551000
theo_n,18,384,false,9,9,offchain,500,380,1.373200,126.709900,208.700400,210.073600,6.884600,true,3104,,0x2fe6349b77f8b704a4b6fda6a67fa440bb1a7ac8a5722ef77d23ee9340b379ca,0x28f408e14b0a24ff7fd5c4e448cf69da0c0ea5c9015e52e92625706da6cbb5de,98.919900
theo_n,18,385,false,9,9,offchain,500,381,1.379100,121.901000,200.111200,201.490300,7.259800,true,3104,,0x2fe6349b77f8b704a4b6fda6a67fa440bb1a7ac8a5722ef77d23ee9340b379ca,0x37002acc711b23105cea799b1f74dd32db4c6b3c2f1a239f202b40ebba1c7a1a,92.621600
theo_n,18,386,false,9,9,offchain,500,382,1.763200,123.609300,204.320100,206.083300,6.834300,true,3104,,0x2fe6349b77f8b704a4b6fda6a67fa440bb1a7ac8a5722ef77d23ee9340b379ca,0x0ad3f8032521ba04ffcd84af6bbb0f2f23c4cf6ed3ae1aa844fb2d2eed83761a,92.840600
theo_n,18,387,false,9,9,offchain,500,383,1.368500,122.010800,202.030100,203.398600,7.211000,true,3104,,0x2fe6349b77f8b704a4b6fda6a67fa440bb1a7ac8a5722ef77d23ee9340b379ca,0x1a8fae573317e02deebf6e3f3cf71f48cd6a883242b271017f8653b41eea5609,97.043300
theo_n,18,388,false,9,9,offchain,500,384,1.371800,124.673000,202.618500,203.990300,6.908300,true,3104,,0x2fe6349b77f8b704a4b6fda6a67fa440bb1a7ac8a5722ef77d23ee9340b379ca,0x17efbd9b6c261dba41228775e46535f336fcb9e9e5c3586cbcb3e40bbe3703c7,92.090800
theo_n,18,389,false,9,9,offchain,500,385,1.330000,124.289600,207.945400,209.275400,6.919500,true,3104,,0x2fe6349b77f8b704a4b6fda6a67fa440bb1a7ac8a5722ef77d23ee9340b379ca,0x0007f8c57a174dea30f97f2bd65a127798c24a0e119e8f10774b22887554208f,92.788200
theo_n,18,390,false,9,9,offchain,500,386,1.348600,123.582400,203.863300,205.211900,6.882100,true,3104,,0x2fe6349b77f8b704a4b6fda6a67fa440bb1a7ac8a5722ef77d23ee9340b379ca,0x0ebe5e703e22a677886e132cbcbcbae892c71a7e546c89607bc3143fb1a9fe65,91.491200
theo_n,18,391,false,9,9,offchain,500,387,1.329500,121.299700,199.070300,200.399800,6.860300,true,3104,,0x2fe6349b77f8b704a4b6fda6a67fa440bb1a7ac8a5722ef77d23ee9340b379ca,0x09c70756981fddd8607cfc8f849599f7371618dcc04162976b79f47ce6ba3757,92.505500
theo_n,18,392,false,9,9,offchain,500,388,1.886700,122.687200,202.184600,204.071300,7.305100,true,3104,,0x2fe6349b77f8b704a4b6fda6a67fa440bb1a7ac8a5722ef77d23ee9340b379ca,0x155869798febc9ecb2551cad19e79dc00b155bfa29559fe1261ef2f487ddf703,94.355800
theo_n,18,393,false,9,9,offchain,500,389,1.348700,128.069800,204.100300,205.449000,7.255300,true,3104,,0x2fe6349b77f8b704a4b6fda6a67fa440bb1a7ac8a5722ef77d23ee9340b379ca,0x319bd6cfccaaf092ec5822b4d997bfcf3cde92c3d68bf7d4fb633a4587893e28,92.619400
theo_n,18,394,false,9,9,offchain,500,390,1.449900,124.947700,200.190100,201.640000,7.095200,true,3104,,0x2fe6349b77f8b704a4b6fda6a67fa440bb1a7ac8a5722ef77d23ee9340b379ca,0x261de1ec6c6a78cce00bf993c58bcfdf7a8d1e8c658d5ee5f5d31181ebedcdb9,94.788900
theo_n,18,395,false,9,9,offchain,500,391,1.362000,174.732800,202.790100,204.152100,6.995400,true,3104,,0x2fe6349b77f8b704a4b6fda6a67fa440bb1a7ac8a5722ef77d23ee9340b379ca,0x01332cc5ca3061b027fe435f19121ae29e16e76e32873c9229c3b8497991ff6c,94.315300
theo_n,18,396,false,9,9,offchain,500,392,1.387100,122.944200,202.022800,203.409900,7.971800,true,3104,,0x2fe6349b77f8b704a4b6fda6a67fa440bb1a7ac8a5722ef77d23ee9340b379ca,0x01cb378e68d25abc36049bbc8760774aa76e0d1d6339b1fb08706a4002e00aa9,104.652200
theo_n,18,397,false,9,9,offchain,500,393,1.450500,134.690400,207.895200,209.345700,7.120200,true,3104,,0x2fe6349b77f8b704a4b6fda6a67fa440bb1a7ac8a5722ef77d23ee9340b379ca,0x1bfd5883a01607c559d2bc2025067c8f5d34ac0417c50a9dd06daaced5e6ae47,96.339900
theo_n,18,398,false,9,9,offchain,500,394,1.348300,124.431700,204.860800,206.209100,6.879400,true,3104,,0x2fe6349b77f8b704a4b6fda6a67fa440bb1a7ac8a5722ef77d23ee9340b379ca,0x06b2ff4837c6fca500963fb4613f52699eb0d585a21e344150afaf5debd68768,93.595700
theo_n,18,399,false,9,9,offchain,500,395,2.020200,122.845600,200.971400,202.991600,6.920600,true,3104,,0x2fe6349b77f8b704a4b6fda6a67fa440bb1a7ac8a5722ef77d23ee9340b379ca,0x1d1cb6e530fd074c994d87bec78057495a6fe90ac3049144ccf0539c1d0e9efd,92.508300
theo_n,18,400,false,9,9,offchain,500,396,1.372700,124.337600,197.898800,199.271500,6.924500,true,3104,,0x2fe6349b77f8b704a4b6fda6a67fa440bb1a7ac8a5722ef77d23ee9340b379ca,0x30169759c6946c413cd35964d87491e00ca78d5e90cdfbf2309aea745863849a,92.296000
theo_n,18,401,false,9,9,offchain,500,397,1.395100,121.254000,200.036600,201.431700,6.998500,true,3104,,0x2fe6349b77f8b704a4b6fda6a67fa440bb1a7ac8a5722ef77d23ee9340b379ca,0x17b8ed81af3a720c87c8e8c74a649f22fb8f8dbfe0059ea9ca0f73524f967977,92.620300
theo_n,18,402,false,9,9,offchain,500,398,1.397400,122.130200,200.879100,202.276500,6.980500,true,3104,,0x2fe6349b77f8b704a4b6fda6a67fa440bb1a7ac8a5722ef77d23ee9340b379ca,0x3c4cd2b0b6161d79ea35690f49770d2c6eabbd0da71c2351f31493279a97453c,98.340400
theo_n,18,403,false,9,9,offchain,500,399,1.289200,121.318300,205.025700,206.314900,6.953300,true,3104,,0x2fe6349b77f8b704a4b6fda6a67fa440bb1a7ac8a5722ef77d23ee9340b379ca,0x203aeeeb17440e04d219428e581319449e4cc0ccfdb05dae1c6d054730b683cb,92.160900
theo_n,18,404,false,9,9,offchain,500,400,1.373600,126.232100,201.854800,203.228400,7.189100,true,3104,,0x2fe6349b77f8b704a4b6fda6a67fa440bb1a7ac8a5722ef77d23ee9340b379ca,0x2860468322f6e2f1b292467553c1b2dae1e6e0c897bbbd85941c1e509a2168ba,97.026300
theo_n,18,405,false,9,9,offchain,500,401,1.399200,125.888800,203.386700,204.785900,7.149900,true,3104,,0x2fe6349b77f8b704a4b6fda6a67fa440bb1a7ac8a5722ef77d23ee9340b379ca,0x03fcac5b0962b0a09a4d64419730ac2bd42a358d2d60df3ee89fe4c7e75b78fc,94.361900
theo_n,18,406,false,9,9,offchain,500,402,1.425500,126.795200,201.655600,203.081100,7.216800,true,3104,,0x2fe6349b77f8b704a4b6fda6a67fa440bb1a7ac8a5722ef77d23ee9340b379ca,0x05d14ee5c81c524e027df7e23af2063022966a38d2ce56387b9db8c39bebc71a,95.865700
theo_n,18,407,false,9,9,offchain,500,403,1.361400,123.835600,199.889100,201.250500,6.892600,true,3104,,0x2fe6349b77f8b704a4b6fda6a67fa440bb1a7ac8a5722ef77d23ee9340b379ca,0x382af857ef133c08884cf76c256547f234fba55c50312f1bc77531ff8f661bef,92.955400
theo_n,18,408,false,9,9,offchain,500,404,1.388700,124.347300,260.052600,261.441300,7.210700,true,3104,,0x2fe6349b77f8b704a4b6fda6a67fa440bb1a7ac8a5722ef77d23ee9340b379ca,0x378067ce19c59caf2481e3a85cf6ea2d92084606882935c582a0cead0dc67fe9,93.936300
theo_n,18,409,false,9,9,offchain,500,405,1.473500,125.380400,203.040800,204.514300,6.957900,true,3104,,0x2fe6349b77f8b704a4b6fda6a67fa440bb1a7ac8a5722ef77d23ee9340b379ca,0x0fcad7247576a1b07bb28672f54e45c1975f4d2cb12ce2a0842156e5fb11b699,93.400100
theo_n,18,410,false,9,9,offchain,500,406,1.441300,120.778500,217.840000,219.281300,7.208900,true,3104,,0x2fe6349b77f8b704a4b6fda6a67fa440bb1a7ac8a5722ef77d23ee9340b379ca,0x38a65af790c2c9862784fee26351316db26e567f622e4adb7d0816fd4e9177d5,94.658800
theo_n,18,411,false,9,9,offchain,500,407,1.463600,126.305400,201.860400,203.324000,6.904200,true,3104,,0x2fe6349b77f8b704a4b6fda6a67fa440bb1a7ac8a5722ef77d23ee9340b379ca,0x1c2fc2017df1eec0728d9fc214ee10bc9e22479d8e366ba9b187369d70a8027b,92.327200
theo_n,18,412,false,9,9,offchain,500,408,1.375300,122.544900,203.843200,205.218500,7.083900,true,3104,,0x2fe6349b77f8b704a4b6fda6a67fa440bb1a7ac8a5722ef77d23ee9340b379ca,0x2749293f5be930225c81f032ae01d3657cf15b9e8f175ccb79165a28ac42c7ea,95.915100
theo_n,18,413,false,9,9,offchain,500,409,1.352500,122.017700,197.083900,198.436400,7.031300,true,3104,,0x2fe6349b77f8b704a4b6fda6a67fa440bb1a7ac8a5722ef77d23ee9340b379ca,0x2424c12631278149456d37089d85b1b0096fd5b210e40aae3372fea25e7596eb,98.901200
theo_n,18,414,false,9,9,offchain,500,410,1.372500,125.414500,201.774400,203.146900,7.054800,true,3104,,0x2fe6349b77f8b704a4b6fda6a67fa440bb1a7ac8a5722ef77d23ee9340b379ca,0x00890c3627f8b4c1fa33fd130fc8ec8332be8b9a48a24bae26633eb496186801,98.231100
theo_n,18,415,false,9,9,offchain,500,411,1.398900,122.162800,200.100100,201.499000,6.953400,true,3104,,0x2fe6349b77f8b704a4b6fda6a67fa440bb1a7ac8a5722ef77d23ee9340b379ca,0x335bc1cf9d1a7a60c04d938ab3dfcba200a4973ac59e01dccc081d830a2ebd20,91.951100
theo_n,18,416,false,9,9,offchain,500,412,1.351000,121.830600,198.337900,199.688900,6.922900,true,3104,,0x2fe6349b77f8b704a4b6fda6a67fa440bb1a7ac8a5722ef77d23ee9340b379ca,0x3051eeaae70a0135ca7c06259b60e7300b38b187c83d219e9bf0a110f07936f3,92.255800
theo_n,18,417,false,9,9,offchain,500,413,1.388900,120.660300,197.895100,199.284000,6.929900,true,3104,,0x2fe6349b77f8b704a4b6fda6a67fa440bb1a7ac8a5722ef77d23ee9340b379ca,0x38ddc8038dcc084a7f91e85ff123089af9f9fbe059a5d0b5a0461fee19e365a1,91.438000
theo_n,18,418,false,9,9,offchain,500,414,1.349400,120.849900,201.606700,202.956100,7.340700,true,3104,,0x2fe6349b77f8b704a4b6fda6a67fa440bb1a7ac8a5722ef77d23ee9340b379ca,0x0c998c6beda0bf7e6d6c4716d2419520ff9614a9536d32f0120b7c7501a6c972,92.942100
theo_n,18,419,false,9,9,offchain,500,415,1.421700,123.340500,201.184200,202.605900,7.194200,true,3104,,0x2fe6349b77f8b704a4b6fda6a67fa440bb1a7ac8a5722ef77d23ee9340b379ca,0x21f1763129ecc1166a229c0759f3923e9389dd666a66ac882a8a72b5fcaf3f14,93.928900
theo_n,18,420,false,9,9,offchain,500,416,1.444300,125.186300,200.897200,202.341500,6.909700,true,3104,,0x2fe6349b77f8b704a4b6fda6a67fa440bb1a7ac8a5722ef77d23ee9340b379ca,0x062483f552f6f125e85ae7864aecd355503a2660849751d580036c881d968294,95.276400
theo_n,18,421,false,9,9,offchain,500,417,1.906400,121.234300,198.557200,200.463600,8.026900,true,3104,,0x2fe6349b77f8b704a4b6fda6a67fa440bb1a7ac8a5722ef77d23ee9340b379ca,0x2a23689e2d52daa118d80b056b3f00ef9c316834825107d8aa5ae12299b560d3,99.166000
theo_n,18,422,false,9,9,offchain,500,418,1.555800,137.683100,305.386500,306.942300,7.172100,true,3104,,0x2fe6349b77f8b704a4b6fda6a67fa440bb1a7ac8a5722ef77d23ee9340b379ca,0x15cf0df3bc1e48bdf1f38c9d3cb0a29d6410d1498be1cd77e8655cf63be2af1d,95.839300
theo_n,18,423,false,9,9,offchain,500,419,1.447400,126.544300,206.083500,207.530900,7.353000,true,3104,,0x2fe6349b77f8b704a4b6fda6a67fa440bb1a7ac8a5722ef77d23ee9340b379ca,0x3c9cda09eda9a57c62674791dfc47737bcaff5788bf186e41c951a215bb778a3,96.519300
theo_n,18,424,false,9,9,offchain,500,420,1.424300,125.963100,202.213500,203.637800,7.071000,true,3104,,0x2fe6349b77f8b704a4b6fda6a67fa440bb1a7ac8a5722ef77d23ee9340b379ca,0x3bddb3e04627052518e44a4aaf33fd5e30adb4e0e62e3eec864ac85ef48292c1,102.473400
theo_n,18,425,false,9,9,offchain,500,421,1.373700,120.749600,202.726400,204.100100,6.989800,true,3104,,0x2fe6349b77f8b704a4b6fda6a67fa440bb1a7ac8a5722ef77d23ee9340b379ca,0x1f3b1fd65ea8542ee12d0e4f0fe199613ed2498a8814b94105dbf6728b4dac4f,92.625700
theo_n,18,426,false,9,9,offchain,500,422,1.523600,120.689000,203.892800,205.416400,6.865400,true,3104,,0x2fe6349b77f8b704a4b6fda6a67fa440bb1a7ac8a5722ef77d23ee9340b379ca,0x20d5ff6df656d5aa1326cf761556b91b4d854779005b2540ee8542e312ef9add,92.243800
theo_n,18,427,false,9,9,offchain,500,423,1.304400,122.072400,201.234700,202.539100,7.817900,true,3104,,0x2fe6349b77f8b704a4b6fda6a67fa440bb1a7ac8a5722ef77d23ee9340b379ca,0x1a18a5b2f846e1dab412439786d5ff449a82aaf62798d12f989bf91b8aa78918,99.048700
theo_n,18,428,false,9,9,offchain,500,424,1.719500,122.964800,204.388800,206.108300,6.854900,true,3104,,0x2fe6349b77f8b704a4b6fda6a67fa440bb1a7ac8a5722ef77d23ee9340b379ca,0x3515b98ff4e0c8b08bbbbd56f8c6a8b321062b384341d1619df13c2f948a889e,92.077700
theo_n,18,429,false,9,9,offchain,500,425,1.512600,124.151000,202.356700,203.869300,6.832500,true,3104,,0x2fe6349b77f8b704a4b6fda6a67fa440bb1a7ac8a5722ef77d23ee9340b379ca,0x2e73386772fe299bc48b05a02504910a01af30cc20dc49b3341a5ba8db21dbaa,95.062100
theo_n,18,430,false,9,9,offchain,500,426,1.405000,123.109500,199.726100,201.131100,6.890000,true,3104,,0x2fe6349b77f8b704a4b6fda6a67fa440bb1a7ac8a5722ef77d23ee9340b379ca,0x34954fbd1ad6acbbb3254e1bb62afdae0687ed87e17c831e9872ba359632bb03,92.891000
theo_n,18,431,false,9,9,offchain,500,427,1.307600,121.689100,202.565800,203.873400,6.970900,true,3104,,0x2fe6349b77f8b704a4b6fda6a67fa440bb1a7ac8a5722ef77d23ee9340b379ca,0x216b9ac14777cc5361a76f7ea6c9ff6c8675c31de23904e161e7e216e071bdf4,92.203200
theo_n,18,432,false,9,9,offchain,500,428,1.460400,120.839200,202.011300,203.471700,6.919300,true,3104,,0x2fe6349b77f8b704a4b6fda6a67fa440bb1a7ac8a5722ef77d23ee9340b379ca,0x3c8d249ffe5863fc8990b79b6c685c8f2486e040f796de2d6f8ebadb4ec3f88c,93.843600
theo_n,18,433,false,9,9,offchain,500,429,1.333500,121.320400,198.445500,199.779000,6.882300,true,3104,,0x2fe6349b77f8b704a4b6fda6a67fa440bb1a7ac8a5722ef77d23ee9340b379ca,0x0bb23f36bda1165957a9810ca40db0293086b3b980d1047beddf88756538c586,91.260500
theo_n,18,434,false,9,9,offchain,500,430,1.410700,122.374400,201.865000,203.275700,6.948000,true,3104,,0x2fe6349b77f8b704a4b6fda6a67fa440bb1a7ac8a5722ef77d23ee9340b379ca,0x28239e257c233e813ac6b1c6111a6f4e90dc8d04cf4a533048fb7fbaa927640c,92.900800
theo_n,18,435,false,9,9,offchain,500,431,1.554000,120.218000,207.543900,209.097900,7.044900,true,3104,,0x2fe6349b77f8b704a4b6fda6a67fa440bb1a7ac8a5722ef77d23ee9340b379ca,0x1c8e92bdd9f9e7df3daf43a476f574090d58aa79d8c3683907a02dd4fd73b321,94.832200
theo_n,18,436,false,9,9,offchain,500,432,1.549700,173.714700,201.532600,203.082300,6.829600,true,3104,,0x2fe6349b77f8b704a4b6fda6a67fa440bb1a7ac8a5722ef77d23ee9340b379ca,0x3bd1dfbad375ccd3da2c236950121b9d0439a1a06ad90c7cf1c42e79b1c6c91d,94.573200
theo_n,18,437,false,9,9,offchain,500,433,1.742000,121.898100,200.705300,202.447300,6.982400,true,3104,,0x2fe6349b77f8b704a4b6fda6a67fa440bb1a7ac8a5722ef77d23ee9340b379ca,0x13d90fe9127ebf52315769aec41f0d636a81041b8f226c4cc964af4f202713b8,97.283300
theo_n,18,438,false,9,9,offchain,500,434,1.549000,121.284900,198.004700,199.553700,7.091100,true,3104,,0x2fe6349b77f8b704a4b6fda6a67fa440bb1a7ac8a5722ef77d23ee9340b379ca,0x3cb56609cb54db504511e90d8fb65a2d9d59f26b26a7252a39ed50febf575787,93.488900
theo_n,18,439,false,9,9,offchain,500,435,1.361800,122.344000,198.169100,199.530900,6.950300,true,3104,,0x2fe6349b77f8b704a4b6fda6a67fa440bb1a7ac8a5722ef77d23ee9340b379ca,0x024d3f5eb6699c0d997702b2663c2448ed4da5f4671ee63615ca2d69231e184c,91.500400
theo_n,18,440,false,9,9,offchain,500,436,1.753500,122.807900,201.781200,203.534700,6.873900,true,3104,,0x2fe6349b77f8b704a4b6fda6a67fa440bb1a7ac8a5722ef77d23ee9340b379ca,0x2b458da98e1fe92bf94a4afbed7672a65742f5d95bcce9a4433051ccb1420b2e,93.646700
theo_n,18,441,false,9,9,offchain,500,437,1.374000,121.169900,199.780900,201.154900,7.074400,true,3104,,0x2fe6349b77f8b704a4b6fda6a67fa440bb1a7ac8a5722ef77d23ee9340b379ca,0x252b5d09379eb2600b7ad343a6285f062cfd85f3629d9025ecd809d58b811a72,96.068900
theo_n,18,442,false,9,9,offchain,500,438,1.321100,121.507800,196.747500,198.068600,6.857200,true,3104,,0x2fe6349b77f8b704a4b6fda6a67fa440bb1a7ac8a5722ef77d23ee9340b379ca,0x2fa0658081700b443fc8d647538adec5766e48ca4a265ca5011d391974a2168d,90.526200
theo_n,18,443,false,9,9,offchain,500,439,1.351500,122.526800,200.626000,201.977500,6.964600,true,3104,,0x2fe6349b77f8b704a4b6fda6a67fa440bb1a7ac8a5722ef77d23ee9340b379ca,0x245579a4dd6f15df7303bb30589422b4f17c8231df2cf5703ffb8b6a7e6a2cae,91.688800
theo_n,18,444,false,9,9,offchain,500,440,1.450800,121.734700,200.966200,202.417000,7.044800,true,3104,,0x2fe6349b77f8b704a4b6fda6a67fa440bb1a7ac8a5722ef77d23ee9340b379ca,0x1c364c47efeeba8e4d5034a4565aaf179840d59171e45837603a46acd362816c,92.163300
theo_n,18,445,false,9,9,offchain,500,441,1.475600,120.649700,216.577900,218.053500,6.953500,true,3104,,0x2fe6349b77f8b704a4b6fda6a67fa440bb1a7ac8a5722ef77d23ee9340b379ca,0x12372317c13c17f17c87d245c5ef3f4d1e771ef3a023f9e1549b8d19c83ac296,92.651900
theo_n,18,446,false,9,9,offchain,500,442,1.509800,119.682500,200.790400,202.300200,6.750000,true,3104,,0x2fe6349b77f8b704a4b6fda6a67fa440bb1a7ac8a5722ef77d23ee9340b379ca,0x3a63844d4b224222a5912c8ae2f77102371b2aa547e36634253e5c10dde367fc,92.202500
theo_n,18,447,false,9,9,offchain,500,443,1.426900,121.786800,202.029600,203.456500,6.929600,true,3104,,0x2fe6349b77f8b704a4b6fda6a67fa440bb1a7ac8a5722ef77d23ee9340b379ca,0x32a550534ac14b52affa0aa36abce55f842817740033c381a499f32687e505d2,92.013200
theo_n,18,448,false,9,9,offchain,500,444,1.352300,120.826300,196.959500,198.311800,6.885500,true,3104,,0x2fe6349b77f8b704a4b6fda6a67fa440bb1a7ac8a5722ef77d23ee9340b379ca,0x395db188ed8f26b2a26e9763fed0c76fb746d6705b3bf9f058c257a85d63d1d4,92.822400
theo_n,18,449,false,9,9,offchain,500,445,1.385600,123.562100,257.970900,259.356500,7.137200,true,3104,,0x2fe6349b77f8b704a4b6fda6a67fa440bb1a7ac8a5722ef77d23ee9340b379ca,0x124df98c42d93d1824b40f8019a3ef96a50de6655a38d0d5f69354b6f02e6a69,94.679900
theo_n,18,450,false,9,9,offchain,500,446,1.420600,123.813600,200.932000,202.352600,7.322400,true,3104,,0x2fe6349b77f8b704a4b6fda6a67fa440bb1a7ac8a5722ef77d23ee9340b379ca,0x06a70ef54988cfdd19590310811975ab117af4f27221977d44b2285ecfd27081,92.926200
theo_n,18,451,false,9,9,offchain,500,447,1.619700,124.077500,200.492600,202.112300,7.335000,true,3104,,0x2fe6349b77f8b704a4b6fda6a67fa440bb1a7ac8a5722ef77d23ee9340b379ca,0x1a12a625214ee86a2afa77c0a050be843c370e9034cb5fcfae6ad43d0a3a0a9a,94.026900
theo_n,18,452,false,9,9,offchain,500,448,1.381600,124.652900,203.425200,204.806800,6.811500,true,3104,,0x2fe6349b77f8b704a4b6fda6a67fa440bb1a7ac8a5722ef77d23ee9340b379ca,0x24016291e09c2e574cc110dbf25dc788b858b734b8b80d2fd29e901858c81977,93.428100
theo_n,18,453,false,9,9,offchain,500,449,1.391000,124.106100,197.537300,198.928300,6.973100,true,3104,,0x2fe6349b77f8b704a4b6fda6a67fa440bb1a7ac8a5722ef77d23ee9340b379ca,0x2000666d65a525f713184e9e342dab1d135842ea15a91d656b86509e91d2a9a6,93.161000
theo_n,18,454,false,9,9,offchain,500,450,1.384100,121.254600,196.557200,197.941300,6.962800,true,3104,,0x2fe6349b77f8b704a4b6fda6a67fa440bb1a7ac8a5722ef77d23ee9340b379ca,0x3c4d5f7ebd1944e26695be9f4c1ffd5d11d9fd995b4570bd08514d9c4281d8f5,95.343000
theo_n,18,455,false,9,9,offchain,500,451,1.318400,120.641800,198.946500,200.264900,6.843400,true,3104,,0x2fe6349b77f8b704a4b6fda6a67fa440bb1a7ac8a5722ef77d23ee9340b379ca,0x23a44296cb2007359e11ac651732a70f70c51caea30595bfc0f5644dcd318e51,91.964300
theo_n,18,456,false,9,9,offchain,500,452,1.497500,121.356100,197.924900,199.422400,6.860200,true,3104,,0x2fe6349b77f8b704a4b6fda6a67fa440bb1a7ac8a5722ef77d23ee9340b379ca,0x05235900d53e21f8df5a13af4f3768ce4851cfe937f994c756709d774bac7cfd,91.067600
theo_n,18,457,false,9,9,offchain,500,453,1.371000,122.953600,205.215000,206.586000,7.088000,true,3104,,0x2fe6349b77f8b704a4b6fda6a67fa440bb1a7ac8a5722ef77d23ee9340b379ca,0x07bf4654e53f195090b658f17474a3cf21b348ddd5f149a4047e6e6f76c73a7f,92.748600
theo_n,18,458,false,9,9,offchain,500,454,1.356000,122.356000,200.180600,201.536600,6.848700,true,3104,,0x2fe6349b77f8b704a4b6fda6a67fa440bb1a7ac8a5722ef77d23ee9340b379ca,0x3a9e200c1ba43abe65ca0d961bd837cc8aa76d6560d9270803409cf9ff2f82c4,93.248400
theo_n,18,459,false,9,9,offchain,500,455,1.368700,122.845500,197.278100,198.646800,6.923400,true,3104,,0x2fe6349b77f8b704a4b6fda6a67fa440bb1a7ac8a5722ef77d23ee9340b379ca,0x274099acc6646b31b34b7018652aed4e6af6c7b916187ff5234663515a24af6c,92.059700
theo_n,18,460,false,9,9,offchain,500,456,1.366500,121.945600,197.635500,199.002000,6.844500,true,3104,,0x2fe6349b77f8b704a4b6fda6a67fa440bb1a7ac8a5722ef77d23ee9340b379ca,0x17b5933323233f8d8327547bca49990423c0bd9a5726a299f57e234b5662c56d,91.902700
theo_n,18,461,false,9,9,offchain,500,457,1.409200,121.578600,203.080500,204.489700,7.800700,true,3104,,0x2fe6349b77f8b704a4b6fda6a67fa440bb1a7ac8a5722ef77d23ee9340b379ca,0x28d2cb099482136fd3f1167fdcd042773850722bd5aa22837e50460cf134bd78,94.597900
theo_n,18,462,false,9,9,offchain,500,458,1.432800,133.083400,212.073200,213.506000,7.198100,true,3104,,0x2fe6349b77f8b704a4b6fda6a67fa440bb1a7ac8a5722ef77d23ee9340b379ca,0x1f7b8c6e710e769bd1cf13a207ade254066a7c9ad1333f60806afd351332f4b5,93.842400
theo_n,18,463,false,9,9,offchain,500,459,1.483100,192.133800,205.471800,206.954900,7.184300,true,3104,,0x2fe6349b77f8b704a4b6fda6a67fa440bb1a7ac8a5722ef77d23ee9340b379ca,0x046c0db199c1147c0e39f2827ba2d5d57dde77da8d81836b40f45c16c3ef1688,96.867600
theo_n,18,464,false,9,9,offchain,500,460,1.436400,125.612000,202.673600,204.110000,6.868300,true,3104,,0x2fe6349b77f8b704a4b6fda6a67fa440bb1a7ac8a5722ef77d23ee9340b379ca,0x1a82f980ed131a96dee238adb71d627e2cb1e3d8648f7119a5344f90ef27ed93,93.152800
theo_n,18,465,false,9,9,offchain,500,461,1.357200,122.041900,197.814900,199.172100,6.900100,true,3104,,0x2fe6349b77f8b704a4b6fda6a67fa440bb1a7ac8a5722ef77d23ee9340b379ca,0x24373920779d6db38f392ba83294738f12306eb2751f0e41a5e51ea110fec8a3,97.408000
theo_n,18,466,false,9,9,offchain,500,462,1.437000,123.265100,196.800600,198.237600,6.915600,true,3104,,0x2fe6349b77f8b704a4b6fda6a67fa440bb1a7ac8a5722ef77d23ee9340b379ca,0x1efd678d74e8fbe9bd05fa096545ebd991a6dfcf99a76857815df82a6e478967,94.318600
theo_n,18,467,false,9,9,offchain,500,463,1.358000,121.582900,198.514800,199.872800,6.899000,true,3104,,0x2fe6349b77f8b704a4b6fda6a67fa440bb1a7ac8a5722ef77d23ee9340b379ca,0x3d7dfec478dc1325a14ebfdf2aed92a5490dd882f66b4c116c8f21772530f217,92.453400
theo_n,18,468,false,9,9,offchain,500,464,1.386500,122.284100,197.292300,198.678800,8.232800,true,3104,,0x2fe6349b77f8b704a4b6fda6a67fa440bb1a7ac8a5722ef77d23ee9340b379ca,0x263189d5f8822b4f70311cbea099edda8b1e8b01abc0bb7f822b463751f99c62,94.921900
theo_n,18,469,false,9,9,offchain,500,465,1.367000,124.422300,197.923000,199.290000,6.965600,true,3104,,0x2fe6349b77f8b704a4b6fda6a67fa440bb1a7ac8a5722ef77d23ee9340b379ca,0x3c3f785924c2f752b812fc586afcf3d3e33f09d1e1262508ec094fdadc8ce9f5,95.743800
theo_n,18,470,false,9,9,offchain,500,466,1.353500,122.613900,200.018700,201.372200,7.347900,true,3104,,0x2fe6349b77f8b704a4b6fda6a67fa440bb1a7ac8a5722ef77d23ee9340b379ca,0x19f1f8a613737783c05a78492a47dbd39bd2ff62f7e2e9bf45e7915ead23092d,94.625700
theo_n,18,471,false,9,9,offchain,500,467,1.742100,122.614400,200.339100,202.081200,6.920900,true,3104,,0x2fe6349b77f8b704a4b6fda6a67fa440bb1a7ac8a5722ef77d23ee9340b379ca,0x11bc0afb1fc5421c087d49f99e01024212fe94a7b26e95b272a39feed80aaaa5,92.777800
theo_n,18,472,false,9,9,offchain,500,468,1.400100,121.789500,200.243400,201.643500,6.960700,true,3104,,0x2fe6349b77f8b704a4b6fda6a67fa440bb1a7ac8a5722ef77d23ee9340b379ca,0x3b2632f5e2340c60fc0086e6d0b94eebe93de7299607b769933d105ce7671be1,92.377100
theo_n,18,473,false,9,9,offchain,500,469,1.340000,122.039900,200.031600,201.371600,7.531100,true,3104,,0x2fe6349b77f8b704a4b6fda6a67fa440bb1a7ac8a5722ef77d23ee9340b379ca,0x3c85c8bcfe13e01a9b7ad594064bc15c667ffc9ee042ea4a39478cd3dd190fbf,94.653900
theo_n,18,474,false,9,9,offchain,500,470,1.366000,123.080600,200.194600,201.560600,6.977900,true,3104,,0x2fe6349b77f8b704a4b6fda6a67fa440bb1a7ac8a5722ef77d23ee9340b379ca,0x1bdeab74cfadbe395b77d92b8e792340a4e74f28ec30d31d6b25cbbe1788f656,93.437300
theo_n,18,475,false,9,9,offchain,500,471,1.331300,121.603500,196.724300,198.055600,6.832600,true,3104,,0x2fe6349b77f8b704a4b6fda6a67fa440bb1a7ac8a5722ef77d23ee9340b379ca,0x2da5b1152e8a3614f9f938dcfe46aafa2fea0df5d01933f5668bc901706ec7a9,94.623200
theo_n,18,476,false,9,9,offchain,500,472,1.598500,123.166100,198.445300,200.043800,6.909900,true,3104,,0x2fe6349b77f8b704a4b6fda6a67fa440bb1a7ac8a5722ef77d23ee9340b379ca,0x3cfea5767e10b395defcecb770cbc3e718b491547a767c38b16a7a42f98e4edd,92.446300
theo_n,18,477,false,9,9,offchain,500,473,1.397800,122.004300,272.779100,274.176900,7.008700,true,3104,,0x2fe6349b77f8b704a4b6fda6a67fa440bb1a7ac8a5722ef77d23ee9340b379ca,0x3a5fadb93e3f4bda78faa87046eec4b7f05f1d42bc270fedd569aa9159d682d2,92.986800
theo_n,18,478,false,9,9,offchain,500,474,1.405700,123.432400,201.195200,202.600900,7.326700,true,3104,,0x2fe6349b77f8b704a4b6fda6a67fa440bb1a7ac8a5722ef77d23ee9340b379ca,0x2b6da1cce10d26ce24b68f5998e18e0e6b9f2f68a1abd7c536531f5b604afeee,94.962000
theo_n,18,479,false,9,9,offchain,500,475,1.569500,136.911100,230.939100,232.508600,7.104600,true,3104,,0x2fe6349b77f8b704a4b6fda6a67fa440bb1a7ac8a5722ef77d23ee9340b379ca,0x25237d563bc0019fa40ace12305aad6cf551c574bc637a067cb0b61f089492bf,94.085200
theo_n,18,480,false,9,9,offchain,500,476,1.313200,121.831600,214.329800,215.643000,7.178400,true,3104,,0x2fe6349b77f8b704a4b6fda6a67fa440bb1a7ac8a5722ef77d23ee9340b379ca,0x23cdce466083e46fbe3c8950bb704c6120b38eba50567603ab77b13edb38eb19,92.409000
theo_n,18,481,false,9,9,offchain,500,477,1.366800,122.964200,202.403800,203.770600,6.794400,true,3104,,0x2fe6349b77f8b704a4b6fda6a67fa440bb1a7ac8a5722ef77d23ee9340b379ca,0x28a43702e3618637c8e95c0743bdd4170d57f7b585705731feeca300dbc75b74,92.680600
theo_n,18,482,false,9,9,offchain,500,478,1.784600,121.803200,200.129300,201.913900,8.071300,true,3104,,0x2fe6349b77f8b704a4b6fda6a67fa440bb1a7ac8a5722ef77d23ee9340b379ca,0x0a9f91542b5d182f0354fadbefef88088f13934a4356a85772d8ec593ea11671,105.450100
theo_n,18,483,false,9,9,offchain,500,479,1.404000,132.159400,206.540900,207.944900,7.161900,true,3104,,0x2fe6349b77f8b704a4b6fda6a67fa440bb1a7ac8a5722ef77d23ee9340b379ca,0x25a6b64bdf37d769433b592ad4d238e5082e0fbca739cb5b94266f486254fb75,95.420200
theo_n,18,484,false,9,9,offchain,500,480,1.413600,126.021700,204.368300,205.781900,6.972400,true,3104,,0x2fe6349b77f8b704a4b6fda6a67fa440bb1a7ac8a5722ef77d23ee9340b379ca,0x1656da303f31fa263f742431516ec6106196bce101abf4b906290db03d2cbd32,96.865400
theo_n,18,485,false,9,9,offchain,500,481,1.337000,128.542300,205.517500,206.854500,7.058300,true,3104,,0x2fe6349b77f8b704a4b6fda6a67fa440bb1a7ac8a5722ef77d23ee9340b379ca,0x022aac70ab03d4e101aa2de4acb16a7b235850930a270938551a70ba185337c6,93.386600
theo_n,18,486,false,9,9,offchain,500,482,1.386000,124.592000,203.451200,204.837200,6.891700,true,3104,,0x2fe6349b77f8b704a4b6fda6a67fa440bb1a7ac8a5722ef77d23ee9340b379ca,0x369ef1d21cbba87606ada86ecd1228f19d62eda411b69f3bb42fe3cd85e2174c,92.936300
theo_n,18,487,false,9,9,offchain,500,483,1.746400,125.393800,206.612600,208.359000,7.154400,true,3104,,0x2fe6349b77f8b704a4b6fda6a67fa440bb1a7ac8a5722ef77d23ee9340b379ca,0x3fcd2257c5217c42444666e1ed1ea368ea4e0fa49a46e61872737fb102349c7f,93.624400
theo_n,18,488,false,9,9,offchain,500,484,1.397300,125.354600,201.060100,202.457400,6.882800,true,3104,,0x2fe6349b77f8b704a4b6fda6a67fa440bb1a7ac8a5722ef77d23ee9340b379ca,0x1961619322259930a950048d8453ff85cd0f6710021675929619671aed29f969,94.246600
theo_n,18,489,false,9,9,offchain,500,485,1.442800,129.388900,204.520800,205.963600,7.321400,true,3104,,0x2fe6349b77f8b704a4b6fda6a67fa440bb1a7ac8a5722ef77d23ee9340b379ca,0x2a7430ce46ae85a1e9d9470ba26b9e641779a7aa81986fbb1cd50792ed0fce21,95.074400
theo_n,18,490,false,9,9,offchain,500,486,1.460100,124.524700,208.674100,210.134200,7.422200,true,3104,,0x2fe6349b77f8b704a4b6fda6a67fa440bb1a7ac8a5722ef77d23ee9340b379ca,0x3b09e4f95321c65024dc1128ca572783ef0fd6d326ad86deb1eb100a63bbe678,98.184700
theo_n,18,491,false,9,9,offchain,500,487,1.758200,126.711000,262.278400,264.036600,7.746900,true,3104,,0x2fe6349b77f8b704a4b6fda6a67fa440bb1a7ac8a5722ef77d23ee9340b379ca,0x22456a792d79a56dfb8f97bdda4dd881e873685ccff935533c185d9e5bce9bf2,94.293200
theo_n,18,492,false,9,9,offchain,500,488,1.444600,126.501600,214.285000,215.729600,7.983900,true,3104,,0x2fe6349b77f8b704a4b6fda6a67fa440bb1a7ac8a5722ef77d23ee9340b379ca,0x1e78ee850b66493a0db80da484fac142eee6e27e658d95876c021d0038634936,97.790300
theo_n,18,493,false,9,9,offchain,500,489,1.434700,125.980700,204.445900,205.880600,7.313900,true,3104,,0x2fe6349b77f8b704a4b6fda6a67fa440bb1a7ac8a5722ef77d23ee9340b379ca,0x0ef99c29683ead0cbf5acc75db2319f5ce9a59f748f08bcba096e9f18bc93fd1,94.629300
theo_n,18,494,false,9,9,offchain,500,490,1.428800,129.549700,203.976400,205.405200,7.259800,true,3104,,0x2fe6349b77f8b704a4b6fda6a67fa440bb1a7ac8a5722ef77d23ee9340b379ca,0x207a5186c3c34f03e1136241eb4967e3ef04523abf2ed6e53e0abcf6413be6d8,101.323700
theo_n,18,495,false,9,9,offchain,500,491,1.408300,127.484300,202.575900,203.984200,7.007400,true,3104,,0x2fe6349b77f8b704a4b6fda6a67fa440bb1a7ac8a5722ef77d23ee9340b379ca,0x2c03f4c00cb186934e855beedc995b24b125cb2ba9ae9ca2a1e2683d3d3b641d,95.516200
theo_n,18,496,false,9,9,offchain,500,492,1.439700,127.070000,202.499000,203.938700,6.894100,true,3104,,0x2fe6349b77f8b704a4b6fda6a67fa440bb1a7ac8a5722ef77d23ee9340b379ca,0x2a4491a9d395798616221dd1cec97778e9068cec0bcebd1df6f7f54a7f8709de,94.000700
theo_n,18,497,false,9,9,offchain,500,493,1.407300,125.683300,240.282400,241.689700,9.101300,true,3104,,0x2fe6349b77f8b704a4b6fda6a67fa440bb1a7ac8a5722ef77d23ee9340b379ca,0x31f9f4ef39e9980944fef56eae532ffd64759c886368a1d3664d2a8b32af4061,135.636500
theo_n,18,498,false,9,9,offchain,500,494,1.618700,156.240800,248.331800,249.950500,8.187400,true,3104,,0x2fe6349b77f8b704a4b6fda6a67fa440bb1a7ac8a5722ef77d23ee9340b379ca,0x1382ac46b683ed93827f9edc831399ff0a7fb3b3604b6aff818778d54aa9bd85,109.762700
theo_n,18,499,false,9,9,offchain,500,495,1.571700,153.615600,265.975400,267.547100,8.066600,true,3104,,0x2fe6349b77f8b704a4b6fda6a67fa440bb1a7ac8a5722ef77d23ee9340b379ca,0x098d8f77a52a20385af5063bc3dda760c6327a039df3bddd9abdd48316e84c2c,110.521000
theo_n,18,500,false,9,9,offchain,500,496,1.723200,149.532400,226.387900,228.111100,7.780200,true,3104,,0x2fe6349b77f8b704a4b6fda6a67fa440bb1a7ac8a5722ef77d23ee9340b379ca,0x33ddc8eeb3b77b0a441a211a1cb69eee70b53a465630619f0814f96337665edf,101.894400
theo_n,18,501,false,9,9,offchain,500,497,1.570000,136.256200,221.447800,223.017800,8.023400,true,3104,,0x2fe6349b77f8b704a4b6fda6a67fa440bb1a7ac8a5722ef77d23ee9340b379ca,0x054e2236fbaad7cc4726815852831e0b24470816a6c07d78b0d9d280456b71a4,103.048000
theo_n,18,502,false,9,9,offchain,500,498,1.542900,134.588500,216.957200,218.500100,7.435600,true,3104,,0x2fe6349b77f8b704a4b6fda6a67fa440bb1a7ac8a5722ef77d23ee9340b379ca,0x099e04b9c764d5f3137e72d7de8c8a64e3f72edd86ea5b1ac089876cf20e393c,101.287900
theo_n,18,503,false,9,9,offchain,500,499,1.504300,132.127200,216.904800,218.409100,8.247300,true,3104,,0x2fe6349b77f8b704a4b6fda6a67fa440bb1a7ac8a5722ef77d23ee9340b379ca,0x0b6f8127080790145005f632c7de6ad5fdb8a886521c8fa39d063e6193ace58b,102.551100
