thi_nghiem,run_id,iteration,warmup,d,k,mechanism,n,student_index,witness_ms,setup_ms,prove_ms,proof_generation_ms,verify_native_ms,verified,proof_bytes,calldata_bytes,root,nullifier,verify_setup_ms
theo_n,14,1,true,9,9,offchain,500,0,0.855400,98.959900,162.378900,163.234300,5.789300,true,3104,,0x2fe6349b77f8b704a4b6fda6a67fa440bb1a7ac8a5722ef77d23ee9340b379ca,0x31cce6578fc40150881c61af3263887000159f168b78eb0c1c67322a114def10,
theo_n,14,2,true,9,9,offchain,500,1,1.026800,98.959900,172.699000,173.725800,6.358200,true,3104,,0x2fe6349b77f8b704a4b6fda6a67fa440bb1a7ac8a5722ef77d23ee9340b379ca,0x06b149a846c21e833d5cd6933d03540005608217faf9b22fe873f8c17f865e8c,
theo_n,14,3,true,9,9,offchain,500,2,1.080400,98.959900,178.953300,180.033700,6.393400,true,3104,,0x2fe6349b77f8b704a4b6fda6a67fa440bb1a7ac8a5722ef77d23ee9340b379ca,0x1d06a3d96bc0fee0182a90672cc093d7b090bd77f3f3308c9126cfb07e55ad1e,
theo_n,14,4,false,9,9,offchain,500,0,1.040100,98.959900,191.902600,192.942700,6.409300,true,3104,,0x2fe6349b77f8b704a4b6fda6a67fa440bb1a7ac8a5722ef77d23ee9340b379ca,0x31cce6578fc40150881c61af3263887000159f168b78eb0c1c67322a114def10,
theo_n,14,5,false,9,9,offchain,500,1,1.153000,98.959900,195.209700,196.362700,6.715400,true,3104,,0x2fe6349b77f8b704a4b6fda6a67fa440bb1a7ac8a5722ef77d23ee9340b379ca,0x06b149a846c21e833d5cd6933d03540005608217faf9b22fe873f8c17f865e8c,
theo_n,14,6,false,9,9,offchain,500,2,1.135800,98.959900,200.090600,201.226400,6.734200,true,3104,,0x2fe6349b77f8b704a4b6fda6a67fa440bb1a7ac8a5722ef77d23ee9340b379ca,0x1d06a3d96bc0fee0182a90672cc093d7b090bd77f3f3308c9126cfb07e55ad1e,
theo_n,14,7,false,9,9,offchain,500,3,1.108600,98.959900,192.358200,193.466800,6.827000,true,3104,,0x2fe6349b77f8b704a4b6fda6a67fa440bb1a7ac8a5722ef77d23ee9340b379ca,0x2ee3eca2a8acabb5247f13a7dc5bb5745525229c9b0fb6af8461f8add9d6ea42,
theo_n,14,8,false,9,9,offchain,500,4,1.209700,98.959900,192.089300,193.299000,6.836800,true,3104,,0x2fe6349b77f8b704a4b6fda6a67fa440bb1a7ac8a5722ef77d23ee9340b379ca,0x23abcf4c24d8f5eaa25ebedbbad6a842ea7c9839a4809e5f07c904d2874949da,
theo_n,14,9,false,9,9,offchain,500,5,1.118000,98.959900,193.539800,194.657800,6.732700,true,3104,,0x2fe6349b77f8b704a4b6fda6a67fa440bb1a7ac8a5722ef77d23ee9340b379ca,0x053f995315ef14fd41321d4c26fc6e4a11eebe9847b131f33160a845efab237a,
theo_n,14,10,false,9,9,offchain,500,6,1.111200,98.959900,192.312100,193.423300,7.037400,true,3104,,0x2fe6349b77f8b704a4b6fda6a67fa440bb1a7ac8a5722ef77d23ee9340b379ca,0x2253bb49377756b6e039255c2e07e59ebdb5e721de9034b6084a4f646823fb04,
theo_n,14,11,false,9,9,offchain,500,7,1.113100,98.959900,196.525900,197.639000,6.826800,true,3104,,0x2fe6349b77f8b704a4b6fda6a67fa440bb1a7ac8a5722ef77d23ee9340b379ca,0x30a7f45e66796c0bb5e756de164a7408361c1113a9c271d837fc45b7dcd6f659,
theo_n,14,12,false,9,9,offchain,500,8,1.119900,98.959900,194.569300,195.689200,6.785500,true,3104,,0x2fe6349b77f8b704a4b6fda6a67fa440bb1a7ac8a5722ef77d23ee9340b379ca,0x2cd86dce870ffb93e493637ae0ebc4d227e78de147374955ca7c805d2bd92dbb,
theo_n,14,13,false,9,9,offchain,500,9,1.199100,98.959900,193.074300,194.273400,6.907400,true,3104,,0x2fe6349b77f8b704a4b6fda6a67fa440bb1a7ac8a5722ef77d23ee9340b379ca,0x0bb7e3ce2eb37533b72c200e6c6614cb93c18b171631c1ef120a8fd150f2cb13,
theo_n,14,14,false,9,9,offchain,500,10,1.123400,98.959900,193.704400,194.827800,6.831800,true,3104,,0x2fe6349b77f8b704a4b6fda6a67fa440bb1a7ac8a5722ef77d23ee9340b379ca,0x2ddef6234d7e6f2ddbb3ed21a00be7589b7bbf5606b92dcf2b04f4b5bccd4fec,
theo_n,14,15,false,9,9,offchain,500,11,1.126100,98.959900,202.378500,203.504600,7.862400,true,3104,,0x2fe6349b77f8b704a4b6fda6a67fa440bb1a7ac8a5722ef77d23ee9340b379ca,0x3ada3ac697494a8c8f48fd81b4d30c407e5b76c201c8434db157d8b726837548,
theo_n,14,16,false,9,9,offchain,500,12,1.082500,98.959900,217.606100,218.688600,8.818800,true,3104,,0x2fe6349b77f8b704a4b6fda6a67fa440bb1a7ac8a5722ef77d23ee9340b379ca,0x2b1d692090d6ea4a2e3a8e5433f88d3c74ba86937bbe64f14872631fa739b53f,
theo_n,14,17,false,9,9,offchain,500,13,1.337100,98.959900,210.755800,212.092900,7.456400,true,3104,,0x2fe6349b77f8b704a4b6fda6a67fa440bb1a7ac8a5722ef77d23ee9340b379ca,0x184e5193d7aeddeb42bdf7d177255cdc1408f8df7aca9b1c91f801f0b916b0d6,
theo_n,14,18,false,9,9,offchain,500,14,1.197700,98.959900,204.801300,205.999000,7.552400,true,3104,,0x2fe6349b77f8b704a4b6fda6a67fa440bb1a7ac8a5722ef77d23ee9340b379ca,0x1058edf090bdc3434d5a8d0aaae59d1679f4ab8018a6c9def311908fe8a3ea79,
theo_n,14,19,false,9,9,offchain,500,15,1.093900,98.959900,269.153600,270.247500,8.894300,true,3104,,0x2fe6349b77f8b704a4b6fda6a67fa440bb1a7ac8a5722ef77d23ee9340b379ca,0x3b72a670b9b3a3ef60168831693d1465b1b6f88669ba7f1c47c43c4fe8b69559,
theo_n,14,20,false,9,9,offchain,500,16,1.511600,98.959900,215.404000,216.915600,10.849300,true,3104,,0x2fe6349b77f8b704a4b6fda6a67fa440bb1a7ac8a5722ef77d23ee9340b379ca,0x26790d62c5185858bb332e4f92f692c84b23c6be4b30b5a66dce2e37e083442b,
theo_n,14,21,false,9,9,offchain,500,17,1.940500,98.959900,225.735000,227.675500,9.158800,true,3104,,0x2fe6349b77f8b704a4b6fda6a67fa440bb1a7ac8a5722ef77d23ee9340b379ca,0x0238145a7cd2114ded0673cf7b04a8dcef4690c839f508dd14cb073e332ab139,
theo_n,14,22,false,9,9,offchain,500,18,1.544300,98.959900,206.917500,208.461800,7.490200,true,3104,,0x2fe6349b77f8b704a4b6fda6a67fa440bb1a7ac8a5722ef77d23ee9340b379ca,0x36fc3e2add7d8d3afc785b77a54fd23964e7cb8eb494e13e9c6a887965a847cf,
theo_n,14,23,false,9,9,offchain,500,19,1.012900,98.959900,208.440400,209.453300,8.280400,true,3104,,0x2fe6349b77f8b704a4b6fda6a67fa440bb1a7ac8a5722ef77d23ee9340b379ca,0x3cab613111c672bcddd2485adbf14ab6c8aec112b50ea0005aa159b8d973387b,
theo_n,14,24,false,9,9,offchain,500,20,1.237400,98.959900,197.588300,198.825700,7.770700,true,3104,,0x2fe6349b77f8b704a4b6fda6a67fa440bb1a7ac8a5722ef77d23ee9340b379ca,0x0f5ba5eafbd37105956aad8ad60c718f4f0f8c32793fa14d010ec4a8efd5896c,
theo_n,14,25,false,9,9,offchain,500,21,1.677500,98.959900,211.330400,213.007900,9.493300,true,3104,,0x2fe6349b77f8b704a4b6fda6a67fa440bb1a7ac8a5722ef77d23ee9340b379ca,0x345865de75a078c2601df5bf7b8ac01ddc913428ad55c6842fd239d9c1bb2bee,
theo_n,14,26,false,9,9,offchain,500,22,1.018900,98.959900,206.847000,207.865900,7.647900,true,3104,,0x2fe6349b77f8b704a4b6fda6a67fa440bb1a7ac8a5722ef77d23ee9340b379ca,0x381949a023bad7dd72b836139501a18bde8117197414fc26e1861c5833221a06,
theo_n,14,27,false,9,9,offchain,500,23,1.004900,98.959900,194.583700,195.588600,7.411100,true,3104,,0x2fe6349b77f8b704a4b6fda6a67fa440bb1a7ac8a5722ef77d23ee9340b379ca,0x36c9f307ec5cae6c551dbd4ee41275b93d6012c1496b7b824b693747101e4649,
theo_n,14,28,false,9,9,offchain,500,24,1.015200,98.959900,221.663400,222.678600,6.464800,true,3104,,0x2fe6349b77f8b704a4b6fda6a67fa440bb1a7ac8a5722ef77d23ee9340b379ca,0x0e4fa672364ff8d28d324fa63f54a5c0af0eb28a17068e9ff96618692a930a1f,
theo_n,14,29,false,9,9,offchain,500,25,1.044700,98.959900,201.684000,202.728700,9.440300,true,3104,,0x2fe6349b77f8b704a4b6fda6a67fa440bb1a7ac8a5722ef77d23ee9340b379ca,0x1d296167df1398272a65c2152fa42bac6f090a91ea2ef72b15701ec5c4e7351d,
theo_n,14,30,false,9,9,offchain,500,26,1.187100,98.959900,192.396700,193.583800,6.359000,true,3104,,0x2fe6349b77f8b704a4b6fda6a67fa440bb1a7ac8a5722ef77d23ee9340b379ca,0x158799b447546c84c9076c82c385cdacf0e2ce1ba4d011ac2f9b9cca4abbe22b,
theo_n,14,31,false,9,9,offchain,500,27,1.056500,98.959900,215.867500,216.924000,10.845400,true,3104,,0x2fe6349b77f8b704a4b6fda6a67fa440bb1a7ac8a5722ef77d23ee9340b379ca,0x3d6b035fd78b94d7dc88fa276f05bef4a4cb011ff779ffface9f0ef9dff9ef49,
theo_n,14,32,false,9,9,offchain,500,28,2.000400,98.959900,216.194900,218.195300,9.868400,true,3104,,0x2fe6349b77f8b704a4b6fda6a67fa440bb1a7ac8a5722ef77d23ee9340b379ca,0x1081e5213854c477ad9b853775007aac6aa3572c9092f3d51ef4069d592bf93d,
theo_n,14,33,false,9,9,offchain,500,29,1.929500,98.959900,206.963100,208.892600,7.571800,true,3104,,0x2fe6349b77f8b704a4b6fda6a67fa440bb1a7ac8a5722ef77d23ee9340b379ca,0x3265c24e296401ba9bb56bba84a98f7974893fb4ba831c612c6aee4f8e36b5ba,
theo_n,14,34,false,9,9,offchain,500,30,1.104500,98.959900,252.435100,253.539600,10.157100,true,3104,,0x2fe6349b77f8b704a4b6fda6a67fa440bb1a7ac8a5722ef77d23ee9340b379ca,0x37a34c44838bbc5fb890e04ebc426a8b9e08b427b297c08c0aabe144b3adcf0c,
theo_n,14,35,false,9,9,offchain,500,31,1.292800,98.959900,325.910300,327.203100,9.070600,true,3104,,0x2fe6349b77f8b704a4b6fda6a67fa440bb1a7ac8a5722ef77d23ee9340b379ca,0x15f9e59991adcbfb9befc7df4a64145357c0258a75825b8d54edb79a3876ae09,
theo_n,14,36,false,9,9,offchain,500,32,1.031300,98.959900,235.338400,236.369700,7.429100,true,3104,,0x2fe6349b77f8b704a4b6fda6a67fa440bb1a7ac8a5722ef77d23ee9340b379ca,0x2a09e0c9376ab1887e8ed9bdda26a27447b81b76c47152c2d50104fc5626ecc3,
theo_n,14,37,false,9,9,offchain,500,33,1.035300,98.959900,199.557700,200.593000,6.399300,true,3104,,0x2fe6349b77f8b704a4b6fda6a67fa440bb1a7ac8a5722ef77d23ee9340b379ca,0x2a9f0a9dfefd0b687425dbc05c820a0f13332e787844dda043d22dd10df498a6,
theo_n,14,38,false,9,9,offchain,500,34,1.117100,98.959900,201.874600,202.991700,10.457200,true,3104,,0x2fe6349b77f8b704a4b6fda6a67fa440bb1a7ac8a5722ef77d23ee9340b379ca,0x09e02495203c5b1835b1ad1db270049b8a4119702d53dd5886a235a5996bb099,
theo_n,14,39,false,9,9,offchain,500,35,1.714100,98.959900,216.755600,218.469700,7.441400,true,3104,,0x2fe6349b77f8b704a4b6fda6a67fa440bb1a7ac8a5722ef77d23ee9340b379ca,0x15b24bdd1b4b0a5fc499fc6c2dac6f90ccd9b28ef26c850a65e3f88b5c06ccec,
theo_n,14,40,false,9,9,offchain,500,36,1.007400,98.959900,208.524100,209.531500,7.027100,true,3104,,0x2fe6349b77f8b704a4b6fda6a67fa440bb1a7ac8a5722ef77d23ee9340b379ca,0x137e941e9cc4e3016c6985e12467691777c8c4a841527789f6bd0dec5f565c59,
theo_n,14,41,false,9,9,offchain,500,37,0.997100,98.959900,200.047200,201.044300,6.064100,true,3104,,0x2fe6349b77f8b704a4b6fda6a67fa440bb1a7ac8a5722ef77d23ee9340b379ca,0x10cadd1521fa6c0179e0ee11c59d94bc5304a9bba12cff518811447f7919e2cf,
theo_n,14,42,false,9,9,offchain,500,38,1.020600,98.959900,209.877500,210.898100,8.359500,true,3104,,0x2fe6349b77f8b704a4b6fda6a67fa440bb1a7ac8a5722ef77d23ee9340b379ca,0x1ad7e7d5b9ef8cfc0e8304ce037203d2aa80e2e3fcc45eac7c2a356351250524,
theo_n,14,43,false,9,9,offchain,500,39,1.493200,98.959900,218.687300,220.180500,8.676700,true,3104,,0x2fe6349b77f8b704a4b6fda6a67fa440bb1a7ac8a5722ef77d23ee9340b379ca,0x36fe2e9f819dd0e65c674f1dee54da6f9c1a176a655df186b096a3562d852a5d,
theo_n,14,44,false,9,9,offchain,500,40,1.686900,98.959900,213.086100,214.773000,8.190500,true,3104,,0x2fe6349b77f8b704a4b6fda6a67fa440bb1a7ac8a5722ef77d23ee9340b379ca,0x097e34dde40b4321dd80c99af3ef8422ec3a73656e53dc07dbf162c1a7990a32,
theo_n,14,45,false,9,9,offchain,500,41,1.315400,98.959900,206.809500,208.124900,7.717500,true,3104,,0x2fe6349b77f8b704a4b6fda6a67fa440bb1a7ac8a5722ef77d23ee9340b379ca,0x2ca71bcca7bed8690446f6f35eb9fd301a721d2284d5a81310cbc89bc807c08e,
theo_n,14,46,false,9,9,offchain,500,42,1.019100,98.959900,209.101200,210.120300,6.788700,true,3104,,0x2fe6349b77f8b704a4b6fda6a67fa440bb1a7ac8a5722ef77d23ee9340b379ca,0x0eb7c2b13f35ce06c28ef680f6c4cfc8e527cd2cdca83ba49d331a8e5a1a2030,
theo_n,14,47,false,9,9,offchain,500,43,1.016100,98.959900,201.469300,202.485400,10.360800,true,3104,,0x2fe6349b77f8b704a4b6fda6a67fa440bb1a7ac8a5722ef77d23ee9340b379ca,0x34889aed5c7b552ca8c00a9c6ba49700ffd03085af8904500901bc4b08b58faf,
theo_n,14,48,false,9,9,offchain,500,44,1.900400,98.959900,202.481000,204.381400,6.062800,true,3104,,0x2fe6349b77f8b704a4b6fda6a67fa440bb1a7ac8a5722ef77d23ee9340b379ca,0x208406b0c74f9fd5c45c8ba2ee4f58074a9b3e8b67ad550e8c80895095d21eed,
theo_n,14,49,false,9,9,offchain,500,45,1.015000,98.959900,202.202500,203.217500,7.123800,true,3104,,0x2fe6349b77f8b704a4b6fda6a67fa440bb1a7ac8a5722ef77d23ee9340b379ca,0x1e6ba2529c1c51cd0ab99d61e03b52081a2b2f765f142557f0afeda0cff80314,
theo_n,14,50,false,9,9,offchain,500,46,1.013200,98.959900,219.424300,220.437500,6.933900,true,3104,,0x2fe6349b77f8b704a4b6fda6a67fa440bb1a7ac8a5722ef77d23ee9340b379ca,0x24f94e7f98d781cdf3066c1516e1288f985404d2f474d2be5266774f759c0039,
theo_n,14,51,false,9,9,offchain,500,47,1.020900,98.959900,218.638200,219.659100,9.371100,true,3104,,0x2fe6349b77f8b704a4b6fda6a67fa440bb1a7ac8a5722ef77d23ee9340b379ca,0x2bc29b9bb94e111d25dae872bbe9a152f2932fe5c2dcfe7eb4589c3e284bc396,
theo_n,14,52,false,9,9,offchain,500,48,1.360900,98.959900,202.768100,204.129000,7.145700,true,3104,,0x2fe6349b77f8b704a4b6fda6a67fa440bb1a7ac8a5722ef77d23ee9340b379ca,0x3f2c363255bd9ac2db73cd3a02d9edfe2fceaea459f1eae54a9417e23c73fada,
theo_n,14,53,false,9,9,offchain,500,49,1.012500,98.959900,209.384000,210.396500,10.590100,true,3104,,0x2fe6349b77f8b704a4b6fda6a67fa440bb1a7ac8a5722ef77d23ee9340b379ca,0x105b181bd6e1bf4ae344f18d215e64d69671f3453c5ff6e536444dcede6f7a8f,
theo_n,14,54,false,9,9,offchain,500,50,1.863000,98.959900,191.185200,193.048200,6.945900,true,3104,,0x2fe6349b77f8b704a4b6fda6a67fa440bb1a7ac8a5722ef77d23ee9340b379ca,0x367a05d4576bf040770a0dfac5509fa5d77a62782c579bdada5981fe12efaa67,
theo_n,14,55,false,9,9,offchain,500,51,1.019600,98.959900,295.168600,296.188200,7.224700,true,3104,,0x2fe6349b77f8b704a4b6fda6a67fa440bb1a7ac8a5722ef77d23ee9340b379ca,0x1112593ea96c064743ef0a2c5d82b857ff41e53ace5b4abe93b2df0e5fb58a59,
theo_n,14,56,false,9,9,offchain,500,52,1.048000,98.959900,210.206700,211.254700,7.622000,true,3104,,0x2fe6349b77f8b704a4b6fda6a67fa440bb1a7ac8a5722ef77d23ee9340b379ca,0x31b370304c7cff2f4a2864357ffd01bf85f723635ccd35fc4c428b4890f47af1,
theo_n,14,57,false,9,9,offchain,500,53,1.076000,98.959900,211.829000,212.905000,8.518300,true,3104,,0x2fe6349b77f8b704a4b6fda6a67fa440bb1a7ac8a5722ef77d23ee9340b379ca,0x3d3025827bdc7c1a4cbd2fa980467237f17ab492d307245233a87b8a643f14ab,
theo_n,14,58,false,9,9,offchain,500,54,1.129200,98.959900,266.433500,267.562700,6.681300,true,3104,,0x2fe6349b77f8b704a4b6fda6a67fa440bb1a7ac8a5722ef77d23ee9340b379ca,0x34d7867c81d1e736bb70575120a00d08e4553a45a5a5e8213e3ed3d5a862f77a,
theo_n,14,59,false,9,9,offchain,500,55,1.114600,98.959900,215.527700,216.642300,7.198100,true,3104,,0x2fe6349b77f8b704a4b6fda6a67fa440bb1a7ac8a5722ef77d23ee9340b379ca,0x0b7ae8d25e76a5df04d61997493591106f2d742c98bcb28761d82773bf2ab6b3,
theo_n,14,60,false,9,9,offchain,500,56,1.321400,98.959900,210.301700,211.623100,7.711100,true,3104,,0x2fe6349b77f8b704a4b6fda6a67fa440bb1a7ac8a5722ef77d23ee9340b379ca,0x356556a6e6dbcbcf708a745b17a7298946c2d98eb9c544686c018651329069f8,
theo_n,14,61,false,9,9,offchain,500,57,1.006800,98.959900,213.515800,214.522600,8.026600,true,3104,,0x2fe6349b77f8b704a4b6fda6a67fa440bb1a7ac8a5722ef77d23ee9340b379ca,0x35affd8d03feade30e8bcc85d92d5c1e1c3f07572f69a33b47602db639ddf4eb,
theo_n,14,62,false,9,9,offchain,500,58,1.016600,98.959900,191.237700,192.254300,7.242900,true,3104,,0x2fe6349b77f8b704a4b6fda6a67fa440bb1a7ac8a5722ef77d23ee9340b379ca,0x35d159d0434207d958c002bfb58c81e555036eebb77fc92f633d8e45e4138d3a,
theo_n,14,63,false,9,9,offchain,500,59,1.013000,98.959900,206.652900,207.665900,10.117500,true,3104,,0x2fe6349b77f8b704a4b6fda6a67fa440bb1a7ac8a5722ef77d23ee9340b379ca,0x33b7affbeb57a5b82b7b9d668af0c3c7fbda480046926717d3b00c571eb87be4,
theo_n,14,64,false,9,9,offchain,500,60,1.149000,98.959900,209.754400,210.903400,8.042700,true,3104,,0x2fe6349b77f8b704a4b6fda6a67fa440bb1a7ac8a5722ef77d23ee9340b379ca,0x296ae6ced3f1274fe7a3358843e0c842a75bda60b852b254b477f46d82eecc71,
theo_n,14,65,false,9,9,offchain,500,61,1.450700,98.959900,208.596400,210.047100,7.083500,true,3104,,0x2fe6349b77f8b704a4b6fda6a67fa440bb1a7ac8a5722ef77d23ee9340b379ca,0x175131215e7801d8395735d66582488a3f45cf21ca4ac3df1895dd49dca8490d,
theo_n,14,66,false,9,9,offchain,500,62,1.511100,98.959900,203.635800,205.146900,8.319900,true,3104,,0x2fe6349b77f8b704a4b6fda6a67fa440bb1a7ac8a5722ef77d23ee9340b379ca,0x3493b117c949b0c7fad43853e1a11f960ec57e40ed3fedbbe9f6ee98f440c1a2,
theo_n,14,67,false,9,9,offchain,500,63,1.055800,98.959900,208.673200,209.729000,8.771200,true,3104,,0x2fe6349b77f8b704a4b6fda6a67fa440bb1a7ac8a5722ef77d23ee9340b379ca,0x151375a0e2cab64803c0677384030f3bf8d86c80fe19936a69f563c59fab30b1,
theo_n,14,68,false,9,9,offchain,500,64,1.028500,98.959900,209.026000,210.054500,7.262600,true,3104,,0x2fe6349b77f8b704a4b6fda6a67fa440bb1a7ac8a5722ef77d23ee9340b379ca,0x30b5adb40a92895d5ed53a0eeaa9d3c785cd219d950238043d775a741b72bb2c,
theo_n,14,69,false,9,9,offchain,500,65,1.039800,98.959900,209.811400,210.851200,6.122500,true,3104,,0x2fe6349b77f8b704a4b6fda6a67fa440bb1a7ac8a5722ef77d23ee9340b379ca,0x1fc6ffb941b71d65890a8e4128804db657be13262093318e86e8b548e0617dcf,
theo_n,14,70,false,9,9,offchain,500,66,1.046500,98.959900,195.724100,196.770600,6.407300,true,3104,,0x2fe6349b77f8b704a4b6fda6a67fa440bb1a7ac8a5722ef77d23ee9340b379ca,0x1974a9d05c061a4d1440c8e3477485d22643c540777402f3ff4d1226b013dd7b,
theo_n,14,71,false,9,9,offchain,500,67,1.031900,98.959900,202.137300,203.169200,8.631500,true,3104,,0x2fe6349b77f8b704a4b6fda6a67fa440bb1a7ac8a5722ef77d23ee9340b379ca,0x236dbf65939ffa8990a49eac3c48842c8b57d7d33627159fd2f4de1b078902fb,
theo_n,14,72,false,9,9,offchain,500,68,1.121500,98.959900,199.797500,200.919000,6.306400,true,3104,,0x2fe6349b77f8b704a4b6fda6a67fa440bb1a7ac8a5722ef77d23ee9340b379ca,0x069866effa4c385eb367f3e53f17d9a75ce227086c72ae9ebb073fc645606741,
theo_n,14,73,false,9,9,offchain,500,69,1.007300,98.959900,208.097400,209.104700,8.256500,true,3104,,0x2fe6349b77f8b704a4b6fda6a67fa440bb1a7ac8a5722ef77d23ee9340b379ca,0x0c43daa5853350e5fcd53cbe3a9849e42382c8128e6dc59b4a82cd69f7f04379,
theo_n,14,74,false,9,9,offchain,500,70,1.870800,98.959900,210.467400,212.338200,8.844300,true,3104,,0x2fe6349b77f8b704a4b6fda6a67fa440bb1a7ac8a5722ef77d23ee9340b379ca,0x020d9be1a95e587f228ddbf0721bfd65be3457d210f44a88755fcf5c8c274fb9,
theo_n,14,75,false,9,9,offchain,500,71,1.273600,98.959900,204.967300,206.240900,7.611200,true,3104,,0x2fe6349b77f8b704a4b6fda6a67fa440bb1a7ac8a5722ef77d23ee9340b379ca,0x1a892e6a7dc74c42986987fd5e36d2b0742f47af2460dbf0d9fe60320a89d30c,
theo_n,14,76,false,9,9,offchain,500,72,1.010900,98.959900,207.742100,208.753000,6.171900,true,3104,,0x2fe6349b77f8b704a4b6fda6a67fa440bb1a7ac8a5722ef77d23ee9340b379ca,0x24012d177461a632d9c00545fb9834207a4f0913b93c92f9dc477d249a4f5b8b,
theo_n,14,77,false,9,9,offchain,500,73,1.803700,98.959900,198.455500,200.259200,9.184500,true,3104,,0x2fe6349b77f8b704a4b6fda6a67fa440bb1a7ac8a5722ef77d23ee9340b379ca,0x15ddc7f941eb827dc742c94242cdb4202a7531ffe2e1320abb9f2e10c4d46bba,
theo_n,14,78,false,9,9,offchain,500,74,1.218900,98.959900,188.246600,189.465500,6.321400,true,3104,,0x2fe6349b77f8b704a4b6fda6a67fa440bb1a7ac8a5722ef77d23ee9340b379ca,0x0bef9a92e07a5e21d94c0109eaaf18de8f6698543279171aea36f65fee1fe308,
theo_n,14,79,false,9,9,offchain,500,75,1.056300,98.959900,207.326500,208.382800,6.520000,true,3104,,0x2fe6349b77f8b704a4b6fda6a67fa440bb1a7ac8a5722ef77d23ee9340b379ca,0x293dbbf2e0ee6a2c3f9223b121d1a2cfd00c97f67d78970374e17dd67a1d74bc,
theo_n,14,80,false,9,9,offchain,500,76,1.062800,98.959900,208.217400,209.280200,8.460900,true,3104,,0x2fe6349b77f8b704a4b6fda6a67fa440bb1a7ac8a5722ef77d23ee9340b379ca,0x112b1e399fc3ea2c4aa6bc7984dc59c250534aaf21590b036ca8a9e49ec93728,
theo_n,14,81,false,9,9,offchain,500,77,1.728800,98.959900,207.328700,209.057500,6.427800,true,3104,,0x2fe6349b77f8b704a4b6fda6a67fa440bb1a7ac8a5722ef77d23ee9340b379ca,0x2c391d862675b985122b7bde54e8a2413c33251b7ffea59b3eecf9be7a7ab553,
theo_n,14,82,false,9,9,offchain,500,78,1.071300,98.959900,219.081400,220.152700,8.315600,true,3104,,0x2fe6349b77f8b704a4b6fda6a67fa440bb1a7ac8a5722ef77d23ee9340b379ca,0x2b063c3c5c49d33b2da3b817ec149aeae6d7a130d98f861a5ee98a2c27732ff6,
theo_n,14,83,false,9,9,offchain,500,79,1.572200,98.959900,192.943400,194.515600,8.670700,true,3104,,0x2fe6349b77f8b704a4b6fda6a67fa440bb1a7ac8a5722ef77d23ee9340b379ca,0x03a944ffedcb6bd46ba34969f9ffb92fb3a4bf32edf50f1fdbd95a6f28a4f8d5,
theo_n,14,84,false,9,9,offchain,500,80,1.678000,98.959900,206.736900,208.414900,8.326400,true,3104,,0x2fe6349b77f8b704a4b6fda6a67fa440bb1a7ac8a5722ef77d23ee9340b379ca,0x226db5137513309d4a578e1f59e1687c5f8889c53b1e62025e1a3b2ccf3a2eec,
theo_n,14,85,false,9,9,offchain,500,81,1.005100,98.959900,185.508200,186.513300,6.238300,true,3104,,0x2fe6349b77f8b704a4b6fda6a67fa440bb1a7ac8a5722ef77d23ee9340b379ca,0x2327c5299fb59360173e53531f8cfb46faae6cbd3a39b734d4ac13a79305c10c,
theo_n,14,86,false,9,9,offchain,500,82,1.105400,98.959900,197.409600,198.515000,7.537400,true,3104,,0x2fe6349b77f8b704a4b6fda6a67fa440bb1a7ac8a5722ef77d23ee9340b379ca,0x1461edaabe49fbac3d272dd17fa989d2232a197f9f33322d31517a085e7074f6,
theo_n,14,87,false,9,9,offchain,500,83,0.977900,98.959900,195.399700,196.377600,7.166300,true,3104,,0x2fe6349b77f8b704a4b6fda6a67fa440bb1a7ac8a5722ef77d23ee9340b379ca,0x036eb7ef90ea532940cdc20ddf72d9e73001492b4888e85fc17a9f09d7452fca,
theo_n,14,88,false,9,9,offchain,500,84,1.050200,98.959900,186.005500,187.055700,7.105700,true,3104,,0x2fe6349b77f8b704a4b6fda6a67fa440bb1a7ac8a5722ef77d23ee9340b379ca,0x031f5573c450699b4dded04131f53dd85bb0e4432251025023c38abb65b61e56,
theo_n,14,89,false,9,9,offchain,500,85,1.167600,98.959900,204.964000,206.131600,6.439200,true,3104,,0x2fe6349b77f8b704a4b6fda6a67fa440bb1a7ac8a5722ef77d23ee9340b379ca,0x156c7ab873f453c200252bcd74f48164369d02b50a57d9689bc723194b8b3802,
theo_n,14,90,false,9,9,offchain,500,86,1.078100,98.959900,190.665800,191.743900,6.546900,true,3104,,0x2fe6349b77f8b704a4b6fda6a67fa440bb1a7ac8a5722ef77d23ee9340b379ca,0x331138e04ece8a2e6cbb3bc5d980ffb4f9dde1068e227fdb9832b846faaeca0e,
theo_n,14,91,false,9,9,offchain,500,87,1.045000,98.959900,203.992400,205.037400,6.474600,true,3104,,0x2fe6349b77f8b704a4b6fda6a67fa440bb1a7ac8a5722ef77d23ee9340b379ca,0x089d1aa1c2473d25b78af6935dcb93bd07aebbac0257d4d611f18fb5f545beeb,
theo_n,14,92,false,9,9,offchain,500,88,1.064000,98.959900,203.348600,204.412600,6.343400,true,3104,,0x2fe6349b77f8b704a4b6fda6a67fa440bb1a7ac8a5722ef77d23ee9340b379ca,0x1e93ea44a887f2e8fd076e0c7713ae9d34036e5aee4404a35e4b44acd32346c5,
theo_n,14,93,false,9,9,offchain,500,89,1.052900,98.959900,208.470000,209.522900,10.683500,true,3104,,0x2fe6349b77f8b704a4b6fda6a67fa440bb1a7ac8a5722ef77d23ee9340b379ca,0x1e123929cf2884f04173384ef96a723d1629eafc520534c33d5c33cbc548d4e0,
theo_n,14,94,false,9,9,offchain,500,90,1.707500,98.959900,211.357400,213.064900,7.153300,true,3104,,0x2fe6349b77f8b704a4b6fda6a67fa440bb1a7ac8a5722ef77d23ee9340b379ca,0x07e2ce03aef8e0a6f9039888b6581209d9b4511b0045717f795cd28f3fae8498,
theo_n,14,95,false,9,9,offchain,500,91,1.024000,98.959900,188.523300,189.547300,10.291700,true,3104,,0x2fe6349b77f8b704a4b6fda6a67fa440bb1a7ac8a5722ef77d23ee9340b379ca,0x22742fe979ce969d4cdb11f8076cc0152138d594231440b7590a9792caa27ff7,
theo_n,14,96,false,9,9,offchain,500,92,1.847600,98.959900,215.167100,217.014700,8.664000,true,3104,,0x2fe6349b77f8b704a4b6fda6a67fa440bb1a7ac8a5722ef77d23ee9340b379ca,0x2c9d50760aaf6391e556a5ba1c0804e54a3fda00913318e43a266220c37eb935,
theo_n,14,97,false,9,9,offchain,500,93,1.007000,98.959900,226.856400,227.863400,8.214800,true,3104,,0x2fe6349b77f8b704a4b6fda6a67fa440bb1a7ac8a5722ef77d23ee9340b379ca,0x3a752b4e6c05bd74df2d94939f850a55f28a17cceaae03d38743bd8ff61e3d5d,
theo_n,14,98,false,9,9,offchain,500,94,1.004400,98.959900,189.808500,190.812900,6.133400,true,3104,,0x2fe6349b77f8b704a4b6fda6a67fa440bb1a7ac8a5722ef77d23ee9340b379ca,0x3925e2a85c45e174b3dfeacf4d2c36c0b1ae3ff62b57faffa83a135bc086fce8,
theo_n,14,99,false,9,9,offchain,500,95,1.058200,98.959900,208.997400,210.055600,7.142200,true,3104,,0x2fe6349b77f8b704a4b6fda6a67fa440bb1a7ac8a5722ef77d23ee9340b379ca,0x022f8d0056933c95a43ba5b04cd9ad652953a2b5d0d3aea294037033125f5765,
theo_n,14,100,false,9,9,offchain,500,96,1.031900,98.959900,199.684800,200.716700,6.179700,true,3104,,0x2fe6349b77f8b704a4b6fda6a67fa440bb1a7ac8a5722ef77d23ee9340b379ca,0x1e9e2ade609569ab986455245dcd3a8d2cd79d70b61138c0bbd820794bef794a,
theo_n,14,101,false,9,9,offchain,500,97,1.017200,98.959900,188.775100,189.792300,8.939000,true,3104,,0x2fe6349b77f8b704a4b6fda6a67fa440bb1a7ac8a5722ef77d23ee9340b379ca,0x0ea9443dedf0f039461915c560ef0cd5202bc412a1277392db3c9b94736e19df,
theo_n,14,102,false,9,9,offchain,500,98,1.472500,98.959900,193.463300,194.935800,8.264700,true,3104,,0x2fe6349b77f8b704a4b6fda6a67fa440bb1a7ac8a5722ef77d23ee9340b379ca,0x33d4f89aea0692092e94f05f3633d908bf3138cbfc5e1524f6fdeddce4b4e37b,
theo_n,14,103,false,9,9,offchain,500,99,1.286700,98.959900,188.361700,189.648400,6.651100,true,3104,,0x2fe6349b77f8b704a4b6fda6a67fa440bb1a7ac8a5722ef77d23ee9340b379ca,0x2b4e96ee32f42f486de93dd2eb20d76741a3b2ea70a7b41595a5a54555e92a95,
theo_n,14,104,false,9,9,offchain,500,100,1.094600,98.959900,223.910400,225.005000,8.707700,true,3104,,0x2fe6349b77f8b704a4b6fda6a67fa440bb1a7ac8a5722ef77d23ee9340b379ca,0x07dd3f3c07969f48e22eaefcb1c5569a39fc4b5885b4a1a410401d462bfbb021,
theo_n,14,105,false,9,9,offchain,500,101,1.052100,98.959900,211.104800,212.156900,11.243200,true,3104,,0x2fe6349b77f8b704a4b6fda6a67fa440bb1a7ac8a5722ef77d23ee9340b379ca,0x0e7c2cec7b8eb7ce364425826dcf236c306113c8e5096126d3d3ca58007f19a9,
theo_n,14,106,false,9,9,offchain,500,102,1.753300,98.959900,222.578900,224.332200,10.851900,true,3104,,0x2fe6349b77f8b704a4b6fda6a67fa440bb1a7ac8a5722ef77d23ee9340b379ca,0x069e4120e2f7b77982127dc2138ad2c56e45d0e048c76797782b2a01372efecf,
theo_n,14,107,false,9,9,offchain,500,103,1.844000,98.959900,231.602300,233.446300,7.459100,true,3104,,0x2fe6349b77f8b704a4b6fda6a67fa440bb1a7ac8a5722ef77d23ee9340b379ca,0x1ee271b4609e05c1ab103aa937284d86c9dd1b64ab6e491e602267a604692b62,
theo_n,14,108,false,9,9,offchain,500,104,1.009400,98.959900,188.528900,189.538300,7.223000,true,3104,,0x2fe6349b77f8b704a4b6fda6a67fa440bb1a7ac8a5722ef77d23ee9340b379ca,0x18746a559176446a8ab51169501690db7490a782636c8990c5bbaea396bd0089,
theo_n,14,109,false,9,9,offchain,500,105,1.426000,98.959900,211.349900,212.775900,10.786200,true,3104,,0x2fe6349b77f8b704a4b6fda6a67fa440bb1a7ac8a5722ef77d23ee9340b379ca,0x3603939325fcca133581f5e01b0a873c4fb86ff8c8501029242d231030ae4730,
theo_n,14,110,false,9,9,offchain,500,106,0.974800,98.959900,197.510600,198.485400,6.001100,true,3104,,0x2fe6349b77f8b704a4b6fda6a67fa440bb1a7ac8a5722ef77d23ee9340b379ca,0x0309957ed4a228beae35d67e8be5072b3906f9fcf498fd7b8edd8f5cc1e90b88,
theo_n,14,111,false,9,9,offchain,500,107,1.308700,98.959900,201.584800,202.893500,7.181100,true,3104,,0x2fe6349b77f8b704a4b6fda6a67fa440bb1a7ac8a5722ef77d23ee9340b379ca,0x0e535e810973fbba586c3e7e8a4861b5d0379a483763a0b061dea657c3c82ba1,
theo_n,14,112,false,9,9,offchain,500,108,1.014200,98.959900,213.874900,214.889100,7.168800,true,3104,,0x2fe6349b77f8b704a4b6fda6a67fa440bb1a7ac8a5722ef77d23ee9340b379ca,0x2eb59862fcca804139e5e625af2d2e58ca75ea2cbe558917f84c9049f03acf89,
theo_n,14,113,false,9,9,offchain,500,109,1.601500,98.959900,202.089400,203.690900,7.831100,true,3104,,0x2fe6349b77f8b704a4b6fda6a67fa440bb1a7ac8a5722ef77d23ee9340b379ca,0x0eb03cbc9ef61500ebf9525588c063fb9b3da9023a8e98f4e422fbc8b83d21b1,
theo_n,14,114,false,9,9,offchain,500,110,1.042200,98.959900,202.688600,203.730800,8.391000,true,3104,,0x2fe6349b77f8b704a4b6fda6a67fa440bb1a7ac8a5722ef77d23ee9340b379ca,0x2ac49a4ce2066f1f950b20ddfcb22fb7b78f06ff7fc85c670eb62aa061a87187,
theo_n,14,115,false,9,9,offchain,500,111,1.051100,98.959900,223.288200,224.339300,9.545400,true,3104,,0x2fe6349b77f8b704a4b6fda6a67fa440bb1a7ac8a5722ef77d23ee9340b379ca,0x3fedb8027593a48bc73096ede0cc86b15ecc486ec6a5cce25e52762ed90b53e5,
theo_n,14,116,false,9,9,offchain,500,112,1.710900,98.959900,207.733200,209.444100,7.443700,true,3104,,0x2fe6349b77f8b704a4b6fda6a67fa440bb1a7ac8a5722ef77d23ee9340b379ca,0x048dad16b9456d602a09fa4858215cb8db44318b5e5f2cdb8c55d30b16a04ecd,
theo_n,14,117,false,9,9,offchain,500,113,1.121300,98.959900,199.087700,200.209000,7.603800,true,3104,,0x2fe6349b77f8b704a4b6fda6a67fa440bb1a7ac8a5722ef77d23ee9340b379ca,0x3a0f925adf8dcb5a9007b938d68416ada618ec3a24ccb916238a7503423eb662,
theo_n,14,118,false,9,9,offchain,500,114,1.049600,98.959900,202.223200,203.272800,6.123000,true,3104,,0x2fe6349b77f8b704a4b6fda6a67fa440bb1a7ac8a5722ef77d23ee9340b379ca,0x1f8dfb17f1ed7fd6841c4acacd125800bd853f2037fb0b9f940d34a73849f015,
theo_n,14,119,false,9,9,offchain,500,115,1.048100,98.959900,224.556200,225.604300,7.510200,true,3104,,0x2fe6349b77f8b704a4b6fda6a67fa440bb1a7ac8a5722ef77d23ee9340b379ca,0x07bb3c6e78f4931129730cc25a5ebad89b00ac25faa34a030e5bfd6731e85674,
theo_n,14,120,false,9,9,offchain,500,116,1.017800,98.959900,189.886800,190.904600,7.613000,true,3104,,0x2fe6349b77f8b704a4b6fda6a67fa440bb1a7ac8a5722ef77d23ee9340b379ca,0x0f8a51ebe6181317894fee2445b9ee879f41541327aadc9716339ddaa2011394,
theo_n,14,121,false,9,9,offchain,500,117,1.047900,98.959900,212.193500,213.241400,7.285500,true,3104,,0x2fe6349b77f8b704a4b6fda6a67fa440bb1a7ac8a5722ef77d23ee9340b379ca,0x3258a1b5cb69e9110e9233821657be6749c3bc471f62caa7965fd6bbe878a6b3,
theo_n,14,122,false,9,9,offchain,500,118,1.021700,98.959900,184.989300,186.011000,7.272000,true,3104,,0x2fe6349b77f8b704a4b6fda6a67fa440bb1a7ac8a5722ef77d23ee9340b379ca,0x0b4cf66301a979297eb4cef7143a3682226951e81dece88c104598edfa32bb85,
theo_n,14,123,false,9,9,offchain,500,119,1.059100,98.959900,200.342100,201.401200,7.929300,true,3104,,0x2fe6349b77f8b704a4b6fda6a67fa440bb1a7ac8a5722ef77d23ee9340b379ca,0x34a220c56a32ce4457faa733c28fe8ee0c8ba0a43da4c315660071848d20df18,
theo_n,14,124,false,9,9,offchain,500,120,1.287800,98.959900,212.329500,213.617300,10.301600,true,3104,,0x2fe6349b77f8b704a4b6fda6a67fa440bb1a7ac8a5722ef77d23ee9340b379ca,0x068aa72ec6c7edbcc433477b49b79c9fc5b18b94a01b5d659330c7a316f3de52,
theo_n,14,125,false,9,9,offchain,500,121,1.018200,98.959900,188.488200,189.506400,6.279700,true,3104,,0x2fe6349b77f8b704a4b6fda6a67fa440bb1a7ac8a5722ef77d23ee9340b379ca,0x05910f7ef3cccefaa26c691a704fc7c2a067f59954c37580e9918504530860f3,
theo_n,14,126,false,9,9,offchain,500,122,1.730700,98.959900,201.532200,203.262900,7.302200,true,3104,,0x2fe6349b77f8b704a4b6fda6a67fa440bb1a7ac8a5722ef77d23ee9340b379ca,0x2930049629a267aaa310ccce1d3a825b16928a8eae5424f1295da642ca91151e,
theo_n,14,127,false,9,9,offchain,500,123,1.081800,98.959900,191.132000,192.213800,7.554600,true,3104,,0x2fe6349b77f8b704a4b6fda6a67fa440bb1a7ac8a5722ef77d23ee9340b379ca,0x2867e36b12f207389b85f3a7f86ae38b2c25f5cef79359d3774eb971b87710ed,
theo_n,14,128,false,9,9,offchain,500,124,1.088400,98.959900,232.622700,233.711100,7.320500,true,3104,,0x2fe6349b77f8b704a4b6fda6a67fa440bb1a7ac8a5722ef77d23ee9340b379ca,0x21557e7edae2f2f3f591cd9dab903ca6c63f3d7fbfdf3770ed8988d5802bacc4,
theo_n,14,129,false,9,9,offchain,500,125,1.080300,98.959900,234.174200,235.254500,9.698200,true,3104,,0x2fe6349b77f8b704a4b6fda6a67fa440bb1a7ac8a5722ef77d23ee9340b379ca,0x0fde42439e029c080aebfe416b4f08e942d48d8f6d6a8d74d04bed8be3e1ed4b,
theo_n,14,130,false,9,9,offchain,500,126,1.718100,98.959900,214.778700,216.496800,7.241500,true,3104,,0x2fe6349b77f8b704a4b6fda6a67fa440bb1a7ac8a5722ef77d23ee9340b379ca,0x18c1b63ff8bbc1ea27b23ff824ecd084d481e647209ff99aa2ee13536afebf89,
theo_n,14,131,false,9,9,offchain,500,127,1.168000,98.959900,212.860300,214.028300,6.435600,true,3104,,0x2fe6349b77f8b704a4b6fda6a67fa440bb1a7ac8a5722ef77d23ee9340b379ca,0x1a79364a02b8abffda572de7da4499fa1cf6831620760579f9d0ec0961bba3a4,
theo_n,14,132,false,9,9,offchain,500,128,1.434600,98.959900,224.275200,225.709800,9.507700,true,3104,,0x2fe6349b77f8b704a4b6fda6a67fa440bb1a7ac8a5722ef77d23ee9340b379ca,0x0d1f3966fbb5632d1ddb8e1a83bed32d1e264a779841ee03a7ae4a67ea4aa1dc,
theo_n,14,133,false,9,9,offchain,500,129,1.272500,98.959900,232.995700,234.268200,7.670900,true,3104,,0x2fe6349b77f8b704a4b6fda6a67fa440bb1a7ac8a5722ef77d23ee9340b379ca,0x1516595735d5162e2a80b7eb0a22c57c57293051021f5154248f15e3e5191242,
theo_n,14,134,false,9,9,offchain,500,130,1.843800,98.959900,221.537300,223.381100,7.325100,true,3104,,0x2fe6349b77f8b704a4b6fda6a67fa440bb1a7ac8a5722ef77d23ee9340b379ca,0x2b218a7c4d1925e12f52195683b8baa6cfffe3df84bb3b7bbbc793689e7c83cf,
theo_n,14,135,false,9,9,offchain,500,131,1.245100,98.959900,219.035300,220.280400,11.139100,true,3104,,0x2fe6349b77f8b704a4b6fda6a67fa440bb1a7ac8a5722ef77d23ee9340b379ca,0x25aefaa0411f101d91baa21b0091f5694ab2599803c26962de027fc233035fe3,
theo_n,14,136,false,9,9,offchain,500,132,2.167000,98.959900,214.132700,216.299700,11.506700,true,3104,,0x2fe6349b77f8b704a4b6fda6a67fa440bb1a7ac8a5722ef77d23ee9340b379ca,0x17a70a53683d4b040c36c1fe255183f32f5dc797999a9319f4f4112c6a9a7c7e,
theo_n,14,137,false,9,9,offchain,500,133,1.900700,98.959900,215.820100,217.720800,7.704100,true,3104,,0x2fe6349b77f8b704a4b6fda6a67fa440bb1a7ac8a5722ef77d23ee9340b379ca,0x3399af32c63ecf5d04c6da4150a7cbff1075ef256625390233572dc8c51752ea,
theo_n,14,138,false,9,9,offchain,500,134,1.015400,98.959900,220.121100,221.136500,9.186900,true,3104,,0x2fe6349b77f8b704a4b6fda6a67fa440bb1a7ac8a5722ef77d23ee9340b379ca,0x2059c189bc871bf75ae46ccf0ba03b0242f2d9bf028cfd144bd09b783e6486a7,
theo_n,14,139,false,9,9,offchain,500,135,1.077200,98.959900,231.982800,233.060000,7.496800,true,3104,,0x2fe6349b77f8b704a4b6fda6a67fa440bb1a7ac8a5722ef77d23ee9340b379ca,0x01483b9f8413ba2c3770285aa5ca88003e247d038f65cf7c8e04329bd4ef9fb1,
theo_n,14,140,false,9,9,offchain,500,136,1.206900,98.959900,196.438100,197.645000,7.511200,true,3104,,0x2fe6349b77f8b704a4b6fda6a67fa440bb1a7ac8a5722ef77d23ee9340b379ca,0x3182b27c7f50b4f5591b48ea82a6812efc41aae5e762f089dcbfc44ffce137a0,
theo_n,14,141,false,9,9,offchain,500,137,1.028600,98.959900,203.084400,204.113000,7.103700,true,3104,,0x2fe6349b77f8b704a4b6fda6a67fa440bb1a7ac8a5722ef77d23ee9340b379ca,0x12b939036c5f5a6600e63b632922fc5585be477ef3b774b41eabcea9dde66bb9,
theo_n,14,142,false,9,9,offchain,500,138,1.987700,98.959900,215.784600,217.772300,10.812800,true,3104,,0x2fe6349b77f8b704a4b6fda6a67fa440bb1a7ac8a5722ef77d23ee9340b379ca,0x2c16b467a197afddb78e8a9e5831939c4dc8c1a85d9b04498c8dd859dc41ca60,
theo_n,14,143,false,9,9,offchain,500,139,1.675700,98.959900,229.364600,231.040300,12.008600,true,3104,,0x2fe6349b77f8b704a4b6fda6a67fa440bb1a7ac8a5722ef77d23ee9340b379ca,0x079b101af881ff3d804382dee9b96204698a0119a104b27bc0d7571326b7fde0,
theo_n,14,144,false,9,9,offchain,500,140,2.481000,98.959900,209.311600,211.792600,5.881900,true,3104,,0x2fe6349b77f8b704a4b6fda6a67fa440bb1a7ac8a5722ef77d23ee9340b379ca,0x19e60459517470537cdda65f9350fcb29de1d18f6de3ce2d26d063453f7a941c,
theo_n,14,145,false,9,9,offchain,500,141,1.824400,98.959900,205.571700,207.396100,6.972100,true,3104,,0x2fe6349b77f8b704a4b6fda6a67fa440bb1a7ac8a5722ef77d23ee9340b379ca,0x10eb3619499b37f4eeb5f8ce964a3da71095b68758dd7850248ab17def031631,
theo_n,14,146,false,9,9,offchain,500,142,0.985000,98.959900,202.793400,203.778400,6.891800,true,3104,,0x2fe6349b77f8b704a4b6fda6a67fa440bb1a7ac8a5722ef77d23ee9340b379ca,0x32f8601d3837a69cf0d53a7149a6ef9e290a6611a6328205091345073425a736,
theo_n,14,147,false,9,9,offchain,500,143,1.009300,98.959900,200.562500,201.571800,6.763800,true,3104,,0x2fe6349b77f8b704a4b6fda6a67fa440bb1a7ac8a5722ef77d23ee9340b379ca,0x398fc2634d5f6ca65eb333e515f35ee4c90fceb72ef92352576d5be9db50547a,
theo_n,14,148,false,9,9,offchain,500,144,1.020800,98.959900,208.404200,209.425000,10.200800,true,3104,,0x2fe6349b77f8b704a4b6fda6a67fa440bb1a7ac8a5722ef77d23ee9340b379ca,0x3e8ea1b06127b0023d665df6ed81fea19d43191da36ed477807d90072f8c1815,
theo_n,14,149,false,9,9,offchain,500,145,1.645200,98.959900,209.715600,211.360800,6.897600,true,3104,,0x2fe6349b77f8b704a4b6fda6a67fa440bb1a7ac8a5722ef77d23ee9340b379ca,0x2c50b4f04b0b926fe4c16e8f9aaa9aa8ad930e9a47866c1e50e4e68f58906bd8,
theo_n,14,150,false,9,9,offchain,500,146,0.992200,98.959900,203.746600,204.738800,6.524600,true,3104,,0x2fe6349b77f8b704a4b6fda6a67fa440bb1a7ac8a5722ef77d23ee9340b379ca,0x39a11cfc282eb588d3eb0fc40a8c7d8851fabcfad82e23c8b4cf395526b35b9d,
theo_n,14,151,false,9,9,offchain,500,147,1.034900,98.959900,195.993700,197.028600,8.510500,true,3104,,0x2fe6349b77f8b704a4b6fda6a67fa440bb1a7ac8a5722ef77d23ee9340b379ca,0x3775c61e39491aaa4e9ab624a54cd1dc6c02f169415dbcd7f46790d1a41d7959,
theo_n,14,152,false,9,9,offchain,500,148,1.005000,98.959900,195.269400,196.274400,7.916900,true,3104,,0x2fe6349b77f8b704a4b6fda6a67fa440bb1a7ac8a5722ef77d23ee9340b379ca,0x05f3478da4c9280431de1020e72a42e0a6930273bf7a93480c2dfbbbe6033d06,
theo_n,14,153,false,9,9,offchain,500,149,1.240000,98.959900,199.284200,200.524200,6.064300,true,3104,,0x2fe6349b77f8b704a4b6fda6a67fa440bb1a7ac8a5722ef77d23ee9340b379ca,0x030cce050af4b5d35d4022cbcb0373675ad6997be5109433676c856817260626,
theo_n,14,154,false,9,9,offchain,500,150,1.018900,98.959900,197.759000,198.777900,5.864000,true,3104,,0x2fe6349b77f8b704a4b6fda6a67fa440bb1a7ac8a5722ef77d23ee9340b379ca,0x111c7ea6a37c67383e91eaf03f5ab3472bcbc5bf9bbe05827503e4959341a4a1,
theo_n,14,155,false,9,9,offchain,500,151,1.064200,98.959900,208.648700,209.712900,7.737600,true,3104,,0x2fe6349b77f8b704a4b6fda6a67fa440bb1a7ac8a5722ef77d23ee9340b379ca,0x2bfee613bf81411c56d7ef0c003115e225069dab061b90e23a92b98c8ddb26f0,
theo_n,14,156,false,9,9,offchain,500,152,1.233300,98.959900,200.709700,201.943000,11.393300,true,3104,,0x2fe6349b77f8b704a4b6fda6a67fa440bb1a7ac8a5722ef77d23ee9340b379ca,0x383da1d3cf2b4eeffc1b06c810cfe86468f9bf5b7fe643f0b697fc5e1b8ab292,
theo_n,14,157,false,9,9,offchain,500,153,1.967600,98.959900,203.746300,205.713900,8.055800,true,3104,,0x2fe6349b77f8b704a4b6fda6a67fa440bb1a7ac8a5722ef77d23ee9340b379ca,0x3f2d01f65c8b8e3be93bcde41582075e16e5aeb952017f8f2da5e019d3e11bb3,
theo_n,14,158,false,9,9,offchain,500,154,1.004700,98.959900,185.873900,186.878600,6.292200,true,3104,,0x2fe6349b77f8b704a4b6fda6a67fa440bb1a7ac8a5722ef77d23ee9340b379ca,0x21380923866f671c7121d7026e7893bebc3ad0fd1eafa54a6c1ef9f7cf52785d,
theo_n,14,159,false,9,9,offchain,500,155,1.548100,98.959900,206.449400,207.997500,7.516800,true,3104,,0x2fe6349b77f8b704a4b6fda6a67fa440bb1a7ac8a5722ef77d23ee9340b379ca,0x34771d528051bff6572f82c1c48e74a8bba5258f56d6ff8bacddf42e45104d6a,
theo_n,14,160,false,9,9,offchain,500,156,1.059300,98.959900,196.751200,197.810500,10.208000,true,3104,,0x2fe6349b77f8b704a4b6fda6a67fa440bb1a7ac8a5722ef77d23ee9340b379ca,0x2100784b517b09d67e349bb488427c6b04de23e145a8194874ed65a9310e8861,
theo_n,14,161,false,9,9,offchain,500,157,1.500600,98.959900,195.180600,196.681200,8.215000,true,3104,,0x2fe6349b77f8b704a4b6fda6a67fa440bb1a7ac8a5722ef77d23ee9340b379ca,0x0285a09a47a8fa691ba13880fdc9852c771638cc32c694d8b098031a4eb27497,
theo_n,14,162,false,9,9,offchain,500,158,1.186500,98.959900,203.056900,204.243400,10.309900,true,3104,,0x2fe6349b77f8b704a4b6fda6a67fa440bb1a7ac8a5722ef77d23ee9340b379ca,0x1f6bee0fa69b1da9fd33c886502eb4f4125a1cb202a6c0edabcd48c39e3e5c00,
theo_n,14,163,false,9,9,offchain,500,159,1.300500,98.959900,202.698400,203.998900,7.206900,true,3104,,0x2fe6349b77f8b704a4b6fda6a67fa440bb1a7ac8a5722ef77d23ee9340b379ca,0x003bd1345f5975eabb5f63ea452e1b10998e7652b3623d6c6193d19e6398d8c6,
theo_n,14,164,false,9,9,offchain,500,160,1.016200,98.959900,195.159000,196.175200,6.102800,true,3104,,0x2fe6349b77f8b704a4b6fda6a67fa440bb1a7ac8a5722ef77d23ee9340b379ca,0x2921ba822ad6d8a81a6279252f1b385f548fe3027ab76082a833a84cfc2abe09,
theo_n,14,165,false,9,9,offchain,500,161,1.055300,98.959900,221.945000,223.000300,6.921600,true,3104,,0x2fe6349b77f8b704a4b6fda6a67fa440bb1a7ac8a5722ef77d23ee9340b379ca,0x29c4fa1e011e41b79a4af8eb2aa0d14b9a4beecaa1acfd3045ecc3ef3b06c2bd,
theo_n,14,166,false,9,9,offchain,500,162,1.053300,98.959900,199.637300,200.690600,7.003800,true,3104,,0x2fe6349b77f8b704a4b6fda6a67fa440bb1a7ac8a5722ef77d23ee9340b379ca,0x390b3baa40fc93b19b64ec900799079cc4c47fd9f7287fa8ebc0a95218b87163,
theo_n,14,167,false,9,9,offchain,500,163,1.044800,98.959900,209.963700,211.008500,6.966100,true,3104,,0x2fe6349b77f8b704a4b6fda6a67fa440bb1a7ac8a5722ef77d23ee9340b379ca,0x20865171893a06ff4935b221f4e2776f8cbd781eff8b1f83b803d8808c58ec6a,
theo_n,14,168,false,9,9,offchain,500,164,1.024100,98.959900,186.401700,187.425800,6.312100,true,3104,,0x2fe6349b77f8b704a4b6fda6a67fa440bb1a7ac8a5722ef77d23ee9340b379ca,0x29a76e3cc1f9dba9d4312df5f4a14fb4144d14d8831f4765b0bfe43a2e33262b,
theo_n,14,169,false,9,9,offchain,500,165,1.053600,98.959900,211.232200,212.285800,7.039500,true,3104,,0x2fe6349b77f8b704a4b6fda6a67fa440bb1a7ac8a5722ef77d23ee9340b379ca,0x3ef54336234b9d64663652777cdf64f3e2319565d9b5d8726d67f181df78046e,
theo_n,14,170,false,9,9,offchain,500,166,1.037700,98.959900,195.106000,196.143700,7.066500,true,3104,,0x2fe6349b77f8b704a4b6fda6a67fa440bb1a7ac8a5722ef77d23ee9340b379ca,0x33ec92559f58db46a2b4bc334db12e3522bc765c8b0977fcc99f3c725ba58f61,
theo_n,14,171,false,9,9,offchain,500,167,1.217500,98.959900,188.872900,190.090400,7.538600,true,3104,,0x2fe6349b77f8b704a4b6fda6a67fa440bb1a7ac8a5722ef77d23ee9340b379ca,0x1bbfa9f6bb6015919b05a65c69f9bb223d1743a2bd6956aadaaf608e0975c1a0,
theo_n,14,172,false,9,9,offchain,500,168,1.066100,98.959900,204.123300,205.189400,7.460600,true,3104,,0x2fe6349b77f8b704a4b6fda6a67fa440bb1a7ac8a5722ef77d23ee9340b379ca,0x3fcd47ce60762213f034ff04d8625884009e0ea9271e7aab6597ecedddd619bb,
theo_n,14,173,false,9,9,offchain,500,169,1.042400,98.959900,201.365900,202.408300,6.362400,true,3104,,0x2fe6349b77f8b704a4b6fda6a67fa440bb1a7ac8a5722ef77d23ee9340b379ca,0x2fcea9f4f817a98ab8811bf19be916be59700107f1afe7ba961d3dc7691231dc,
theo_n,14,174,false,9,9,offchain,500,170,1.080000,98.959900,213.941500,215.021500,7.573500,true,3104,,0x2fe6349b77f8b704a4b6fda6a67fa440bb1a7ac8a5722ef77d23ee9340b379ca,0x324edb1ce15cb89a0516107640a8a4c7c547b2dd3b7d396ca79e94647a282752,
theo_n,14,175,false,9,9,offchain,500,171,1.041500,98.959900,188.050500,189.092000,6.233500,true,3104,,0x2fe6349b77f8b704a4b6fda6a67fa440bb1a7ac8a5722ef77d23ee9340b379ca,0x38fd2d423d1cdbbe4af263c8937e5990af18153247e6e5c9a0d219e4a4c9d321,
theo_n,14,176,false,9,9,offchain,500,172,1.755200,98.959900,188.309000,190.064200,7.354700,true,3104,,0x2fe6349b77f8b704a4b6fda6a67fa440bb1a7ac8a5722ef77d23ee9340b379ca,0x30a365d6516963fdbd19185279f481dea56b074c1836598dfe107f23c503cf38,
theo_n,14,177,false,9,9,offchain,500,173,1.421700,98.959900,209.178000,210.599700,8.378500,true,3104,,0x2fe6349b77f8b704a4b6fda6a67fa440bb1a7ac8a5722ef77d23ee9340b379ca,0x272209cfb65cddd8022626235236e58546c3379a49e24568c83f302ea6d5ecb9,
theo_n,14,178,false,9,9,offchain,500,174,1.189100,98.959900,190.095600,191.284700,6.496200,true,3104,,0x2fe6349b77f8b704a4b6fda6a67fa440bb1a7ac8a5722ef77d23ee9340b379ca,0x2c84b8ba64a335b92e0bd7f5630eb3b6599e03482fc6624f3bea16212ef6a2ee,
theo_n,14,179,false,9,9,offchain,500,175,1.098500,98.959900,207.358800,208.457300,7.489000,true,3104,,0x2fe6349b77f8b704a4b6fda6a67fa440bb1a7ac8a5722ef77d23ee9340b379ca,0x038dc1414214f5a4d9df4e7a126bf51b554edd9c5b313b919455b9677c1446d4,
theo_n,14,180,false,9,9,offchain,500,176,1.406600,98.959900,197.771100,199.177700,7.019200,true,3104,,0x2fe6349b77f8b704a4b6fda6a67fa440bb1a7ac8a5722ef77d23ee9340b379ca,0x332415f37103751bfefaae181491f80c7b78afc00e928c0cf848720dcc56dd38,
theo_n,14,181,false,9,9,offchain,500,177,1.052900,98.959900,203.720900,204.773800,7.951400,true,3104,,0x2fe6349b77f8b704a4b6fda6a67fa440bb1a7ac8a5722ef77d23ee9340b379ca,0x033d05a8d4a07be1c8e737f9c51f388d72d0719385f2b7696c9d254481e41ddb,
theo_n,14,182,false,9,9,offchain,500,178,1.052500,98.959900,196.214900,197.267400,6.711500,true,3104,,0x2fe6349b77f8b704a4b6fda6a67fa440bb1a7ac8a5722ef77d23ee9340b379ca,0x197af70f9da7ce3f99f32d75e502198249641f5dbd2b5343d08fcb2dc41382e6,
theo_n,14,183,false,9,9,offchain,500,179,1.044700,98.959900,190.931700,191.976400,7.651300,true,3104,,0x2fe6349b77f8b704a4b6fda6a67fa440bb1a7ac8a5722ef77d23ee9340b379ca,0x15ad64e669ba0728c4958183a0b2aa4c4d8e48942cc7c71caebf4945d503f3c2,
theo_n,14,184,false,9,9,offchain,500,180,1.304700,98.959900,189.677700,190.982400,7.786600,true,3104,,0x2fe6349b77f8b704a4b6fda6a67fa440bb1a7ac8a5722ef77d23ee9340b379ca,0x142b57be2fea88cb35f3c7cd3935579d1db786cf39290c7d90e6febad20f5f58,
theo_n,14,185,false,9,9,offchain,500,181,1.088400,98.959900,203.608500,204.696900,9.743000,true,3104,,0x2fe6349b77f8b704a4b6fda6a67fa440bb1a7ac8a5722ef77d23ee9340b379ca,0x2f344243fd50926daf10c60277b47aa96ab3ae49bee2ace467cdd29ef5f09e13,
theo_n,14,186,false,9,9,offchain,500,182,1.040200,98.959900,202.787600,203.827800,8.468500,true,3104,,0x2fe6349b77f8b704a4b6fda6a67fa440bb1a7ac8a5722ef77d23ee9340b379ca,0x0f639c1300db549c48f1b27dafc8b040f3c1cfc9159e496d62be76a608e63acb,
theo_n,14,187,false,9,9,offchain,500,183,1.167000,98.959900,195.290700,196.457700,10.133300,true,3104,,0x2fe6349b77f8b704a4b6fda6a67fa440bb1a7ac8a5722ef77d23ee9340b379ca,0x1112001707407a3e97cda0c1696dcd2afeb1de6c0edc2614bb7e66b10a9811f9,
theo_n,14,188,false,9,9,offchain,500,184,1.618000,98.959900,210.067900,211.685900,7.124200,true,3104,,0x2fe6349b77f8b704a4b6fda6a67fa440bb1a7ac8a5722ef77d23ee9340b379ca,0x20b748016a081789c598c45980038297e9bf621eaab2a5ae4758dc9751b4fcb7,
theo_n,14,189,false,9,9,offchain,500,185,1.009800,98.959900,198.052800,199.062600,7.868500,true,3104,,0x2fe6349b77f8b704a4b6fda6a67fa440bb1a7ac8a5722ef77d23ee9340b379ca,0x3b0467a870288df6b3ee6ac1ac0a244eea16665024e22239ab2a56ba0b6c6c4f,
theo_n,14,190,false,9,9,offchain,500,186,1.720400,98.959900,209.229300,210.949700,10.207900,true,3104,,0x2fe6349b77f8b704a4b6fda6a67fa440bb1a7ac8a5722ef77d23ee9340b379ca,0x13d57e8cf606620453fc0dd19fe83051fda08037e0421d27a7db08ae4c65561d,
theo_n,14,191,false,9,9,offchain,500,187,1.742300,98.959900,207.821400,209.563700,6.150900,true,3104,,0x2fe6349b77f8b704a4b6fda6a67fa440bb1a7ac8a5722ef77d23ee9340b379ca,0x1130d93cb72e0a14d1a6c1f441514c412afdd724723affb16edb8359a53ae6bf,
theo_n,14,192,false,9,9,offchain,500,188,1.333100,98.959900,197.952800,199.285900,7.099200,true,3104,,0x2fe6349b77f8b704a4b6fda6a67fa440bb1a7ac8a5722ef77d23ee9340b379ca,0x21b3a9a5243fc7b838bf09e74ed1d83ca942fc6c57ceb042543f05a175f9557d,
theo_n,14,193,false,9,9,offchain,500,189,1.020000,98.959900,198.085200,199.105200,9.446900,true,3104,,0x2fe6349b77f8b704a4b6fda6a67fa440bb1a7ac8a5722ef77d23ee9340b379ca,0x283a2c1e7554ab9c143d5264b60b1000f0b15c454c13d211e1a5ee74cabffad6,
theo_n,14,194,false,9,9,offchain,500,190,1.615800,98.959900,210.364700,211.980500,7.245800,true,3104,,0x2fe6349b77f8b704a4b6fda6a67fa440bb1a7ac8a5722ef77d23ee9340b379ca,0x02ba6374c6c17cf95392731e7f87d92399dd5e0b23d1d9444bd12fb819da5711,
theo_n,14,195,false,9,9,offchain,500,191,1.012500,98.959900,186.242700,187.255200,6.236200,true,3104,,0x2fe6349b77f8b704a4b6fda6a67fa440bb1a7ac8a5722ef77d23ee9340b379ca,0x0b1650951bc1e1fce7fb91cc2c021c1b19e3314cb416922c6372325ef8376576,
theo_n,14,196,false,9,9,offchain,500,192,1.059700,98.959900,192.749400,193.809100,6.416400,true,3104,,0x2fe6349b77f8b704a4b6fda6a67fa440bb1a7ac8a5722ef77d23ee9340b379ca,0x2dd9ce672ac3eb17d6b5446e7e96708a8532b57a5981e26ade86270db1a6c039,
theo_n,14,197,false,9,9,offchain,500,193,1.054200,98.959900,207.458100,208.512300,6.336600,true,3104,,0x2fe6349b77f8b704a4b6fda6a67fa440bb1a7ac8a5722ef77d23ee9340b379ca,0x1f2068c52ddda17eec4abb5d2cf7343d1f13c6ed173c337b495ff8a281cf745c,
theo_n,14,198,false,9,9,offchain,500,194,1.071000,98.959900,200.482600,201.553600,7.131000,true,3104,,0x2fe6349b77f8b704a4b6fda6a67fa440bb1a7ac8a5722ef77d23ee9340b379ca,0x3d0b8feccd8e664dd8714b01524651cf9f56b0a504916d3c13a73b286c4db56a,
theo_n,14,199,false,9,9,offchain,500,195,1.049100,98.959900,213.340500,214.389600,6.538000,true,3104,,0x2fe6349b77f8b704a4b6fda6a67fa440bb1a7ac8a5722ef77d23ee9340b379ca,0x331ca259bce438b00c014e3f806f228048c9a13f37e48da0b0ef3bf757e67c6e,
theo_n,14,200,false,9,9,offchain,500,196,1.019700,98.959900,196.033400,197.053100,6.289900,true,3104,,0x2fe6349b77f8b704a4b6fda6a67fa440bb1a7ac8a5722ef77d23ee9340b379ca,0x0846074347fad563ae37b34419ca48d2834fb29a9f616efeedf63f972fdf03d4,
theo_n,14,201,false,9,9,offchain,500,197,1.053000,98.959900,207.497600,208.550600,9.487100,true,3104,,0x2fe6349b77f8b704a4b6fda6a67fa440bb1a7ac8a5722ef77d23ee9340b379ca,0x273296438d1fe77303776b743600c96390e0a2c3a430e9083e134caad3aa6fa3,
theo_n,14,202,false,9,9,offchain,500,198,1.285400,98.959900,204.247000,205.532400,10.234700,true,3104,,0x2fe6349b77f8b704a4b6fda6a67fa440bb1a7ac8a5722ef77d23ee9340b379ca,0x2abe995e621cbbcce94e5effcca70dcdb882e997843991c965267abd59c29cfa,
theo_n,14,203,false,9,9,offchain,500,199,1.075600,98.959900,214.927200,216.002800,9.034600,true,3104,,0x2fe6349b77f8b704a4b6fda6a67fa440bb1a7ac8a5722ef77d23ee9340b379ca,0x1fac4fcd1b8acc574b6798e75ab10b59df880c73bafff58347aa86bc0a51c43e,
theo_n,14,204,false,9,9,offchain,500,200,1.779500,98.959900,196.298600,198.078100,8.617500,true,3104,,0x2fe6349b77f8b704a4b6fda6a67fa440bb1a7ac8a5722ef77d23ee9340b379ca,0x1bc4d68efc00df7ee997830ff21f683f9546976b589eff36a51905b7fdfc58ca,
theo_n,14,205,false,9,9,offchain,500,201,1.410400,98.959900,187.363200,188.773600,7.760600,true,3104,,0x2fe6349b77f8b704a4b6fda6a67fa440bb1a7ac8a5722ef77d23ee9340b379ca,0x3f284c76415dc4eee75c087ae3413c0ca08ea6399a5edeb35a5f334f21a539fe,
theo_n,14,206,false,9,9,offchain,500,202,1.049100,98.959900,196.789400,197.838500,5.967800,true,3104,,0x2fe6349b77f8b704a4b6fda6a67fa440bb1a7ac8a5722ef77d23ee9340b379ca,0x24d1804c82c2912aaed224965411d6913e59524312d014390e98202a4aabc378,
theo_n,14,207,false,9,9,offchain,500,203,1.025300,98.959900,199.030600,200.055900,6.322400,true,3104,,0x2fe6349b77f8b704a4b6fda6a67fa440bb1a7ac8a5722ef77d23ee9340b379ca,0x16cb24082fddf3a5f8222e0920ab3cb438d771e34626f517d4cba488e3962386,
theo_n,14,208,false,9,9,offchain,500,204,1.068300,98.959900,190.566400,191.634700,8.153800,true,3104,,0x2fe6349b77f8b704a4b6fda6a67fa440bb1a7ac8a5722ef77d23ee9340b379ca,0x131ea3bfb78a1e6e6abab26bb71334dc6f0b601fa429fede863c93f9d818abb2,
theo_n,14,209,false,9,9,offchain,500,205,1.645600,98.959900,208.514600,210.160200,7.277100,true,3104,,0x2fe6349b77f8b704a4b6fda6a67fa440bb1a7ac8a5722ef77d23ee9340b379ca,0x09596a76ddd57e516f66c2f9a6fcd8ec82d281c7ccc99fe91ec26cc1dd157db3,
theo_n,14,210,false,9,9,offchain,500,206,1.063200,98.959900,198.921300,199.984500,6.350400,true,3104,,0x2fe6349b77f8b704a4b6fda6a67fa440bb1a7ac8a5722ef77d23ee9340b379ca,0x061604f7c3279342f527d4348f7ec1f2c05f8043dacd7f33ad21e53d4fc12390,
theo_n,14,211,false,9,9,offchain,500,207,1.062400,98.959900,195.994000,197.056400,7.450000,true,3104,,0x2fe6349b77f8b704a4b6fda6a67fa440bb1a7ac8a5722ef77d23ee9340b379ca,0x0cd912920c5f798209af86070eef0d6cd0b48c09440772bc28bc9f6717e7c15f,
theo_n,14,212,false,9,9,offchain,500,208,1.068600,98.959900,207.081600,208.150200,6.308700,true,3104,,0x2fe6349b77f8b704a4b6fda6a67fa440bb1a7ac8a5722ef77d23ee9340b379ca,0x30c8ef117e8748987515f4ca33bcbbae5e787d2a3a8978b39cf6574468b93c1d,
theo_n,14,213,false,9,9,offchain,500,209,1.332500,98.959900,207.977700,209.310200,9.386800,true,3104,,0x2fe6349b77f8b704a4b6fda6a67fa440bb1a7ac8a5722ef77d23ee9340b379ca,0x1048d4d217c0b8e44608afcb1ac08d5c4519d821235db477249f52c86c1dc4f4,
theo_n,14,214,false,9,9,offchain,500,210,1.236600,98.959900,204.651200,205.887800,7.926700,true,3104,,0x2fe6349b77f8b704a4b6fda6a67fa440bb1a7ac8a5722ef77d23ee9340b379ca,0x01064a3dd66fe61cea6fbc7fee4dd2e4bf4316a8fdfe2332c692bb40b5070076,
theo_n,14,215,false,9,9,offchain,500,211,1.955200,98.959900,218.351400,220.306600,7.079300,true,3104,,0x2fe6349b77f8b704a4b6fda6a67fa440bb1a7ac8a5722ef77d23ee9340b379ca,0x21ba8af501a4cbfd9a1f3ef54a78e633b70c33ba4585940387538c4f892cfb4e,
theo_n,14,216,false,9,9,offchain,500,212,1.049400,98.959900,220.449800,221.499200,10.210300,true,3104,,0x2fe6349b77f8b704a4b6fda6a67fa440bb1a7ac8a5722ef77d23ee9340b379ca,0x239fea907d60110ce7c16d7ff4b14c4a18324ffa6af0d06688050ca7878b6a52,
theo_n,14,217,false,9,9,offchain,500,213,1.757000,98.959900,200.082600,201.839600,6.100400,true,3104,,0x2fe6349b77f8b704a4b6fda6a67fa440bb1a7ac8a5722ef77d23ee9340b379ca,0x24e94cd78cc4213c982225bcb2991090eb45ac53bb3f3263531d349b13975122,
theo_n,14,218,false,9,9,offchain,500,214,1.012900,98.959900,195.172600,196.185500,7.255100,true,3104,,0x2fe6349b77f8b704a4b6fda6a67fa440bb1a7ac8a5722ef77d23ee9340b379ca,0x1f1a36958171b4ac69e853fa232864a4dfc364ad454b6c9e10ae0b744c1775d4,
theo_n,14,219,false,9,9,offchain,500,215,1.010400,98.959900,207.386400,208.396800,11.371500,true,3104,,0x2fe6349b77f8b704a4b6fda6a67fa440bb1a7ac8a5722ef77d23ee9340b379ca,0x224f7c77edb5dbfe132092e810ac26ad4e6c093e53995d08e51b3212bddf8b5a,
theo_n,14,220,false,9,9,offchain,500,216,1.927100,98.959900,219.357500,221.284600,7.855000,true,3104,,0x2fe6349b77f8b704a4b6fda6a67fa440bb1a7ac8a5722ef77d23ee9340b379ca,0x33c8f00b63241b99b8399696b5ac79215b8847d88b2836480c42c63c3b9338a6,
theo_n,14,221,false,9,9,offchain,500,217,1.079300,98.959900,194.636700,195.716000,11.704400,true,3104,,0x2fe6349b77f8b704a4b6fda6a67fa440bb1a7ac8a5722ef77d23ee9340b379ca,0x22ef695b16b79a12ad82ef7b1578ebaf5624f0cc596cb1376280302cda5e6a44,
theo_n,14,222,false,9,9,offchain,500,218,1.414000,98.959900,197.615300,199.029300,7.199600,true,3104,,0x2fe6349b77f8b704a4b6fda6a67fa440bb1a7ac8a5722ef77d23ee9340b379ca,0x271aa4fbf3693e5b18d829ee9c39cef6bc4da922a2168b6750324caad8d53f21,
theo_n,14,223,false,9,9,offchain,500,219,1.003300,98.959900,198.038900,199.042200,9.496900,true,3104,,0x2fe6349b77f8b704a4b6fda6a67fa440bb1a7ac8a5722ef77d23ee9340b379ca,0x10a4ec0e9594c3d6874d43781b150c230f2ef42aa203d6f5ab383cafb7195b60,
theo_n,14,224,false,9,9,offchain,500,220,1.655400,98.959900,204.382700,206.038100,11.625800,true,3104,,0x2fe6349b77f8b704a4b6fda6a67fa440bb1a7ac8a5722ef77d23ee9340b379ca,0x17249968cfb1672caa6753361693a65c8535d902c553ce902710ed8ff12c272b,
theo_n,14,225,false,9,9,offchain,500,221,1.644100,98.959900,207.464300,209.108400,7.394700,true,3104,,0x2fe6349b77f8b704a4b6fda6a67fa440bb1a7ac8a5722ef77d23ee9340b379ca,0x1b626f535514e4e5a7c4d23db21fd87178cf55d4ddef6c4d32ea7d8a374b9675,
theo_n,14,226,false,9,9,offchain,500,222,0.986800,98.959900,201.392300,202.379100,7.891500,true,3104,,0x2fe6349b77f8b704a4b6fda6a67fa440bb1a7ac8a5722ef77d23ee9340b379ca,0x10074f9eb31e9c6ecea33dd09b942747dde26ea5b43debd11bc3d66d758a78ba,
theo_n,14,227,false,9,9,offchain,500,223,1.374400,98.959900,186.234500,187.608900,7.138000,true,3104,,0x2fe6349b77f8b704a4b6fda6a67fa440bb1a7ac8a5722ef77d23ee9340b379ca,0x08112b8d354d9aaba93692b831a531e7cedd8b1d5a47837c1fedc6aa7f2cae8f,
theo_n,14,228,false,9,9,offchain,500,224,1.012400,98.959900,208.445900,209.458300,8.585900,true,3104,,0x2fe6349b77f8b704a4b6fda6a67fa440bb1a7ac8a5722ef77d23ee9340b379ca,0x04c3840cdc2e4aac80b4c247288eece9d5b17369096381a62cd10420152c2739,
theo_n,14,229,false,9,9,offchain,500,225,1.232100,98.959900,202.688400,203.920500,7.696700,true,3104,,0x2fe6349b77f8b704a4b6fda6a67fa440bb1a7ac8a5722ef77d23ee9340b379ca,0x1d4b623b24f055a834f78f3cf3144039c437442f579b3ebc63271326089f9186,
theo_n,14,230,false,9,9,offchain,500,226,1.044000,98.959900,210.405900,211.449900,7.928000,true,3104,,0x2fe6349b77f8b704a4b6fda6a67fa440bb1a7ac8a5722ef77d23ee9340b379ca,0x2035dedc2eb545642aed0f9606622c5f82294b4b6e544e06b55fd9e8134d213a,
theo_n,14,231,false,9,9,offchain,500,227,1.013600,98.959900,194.262900,195.276500,8.705000,true,3104,,0x2fe6349b77f8b704a4b6fda6a67fa440bb1a7ac8a5722ef77d23ee9340b379ca,0x233ff9f8b02ec4c97f0d1bc984633b2db25ab99a09a83e88f6af57228c0311a3,
theo_n,14,232,false,9,9,offchain,500,228,1.057500,98.959900,184.616900,185.674400,6.304200,true,3104,,0x2fe6349b77f8b704a4b6fda6a67fa440bb1a7ac8a5722ef77d23ee9340b379ca,0x3ce76251dd711f361f2658cafc9885d2de612f82c2243e29a406c3817fa99144,
theo_n,14,233,false,9,9,offchain,500,229,1.049600,98.959900,205.526900,206.576500,7.946600,true,3104,,0x2fe6349b77f8b704a4b6fda6a67fa440bb1a7ac8a5722ef77d23ee9340b379ca,0x01960faf9d44f7a05a9903be0817035bb839c655259186de39824a0205fbf963,
theo_n,14,234,false,9,9,offchain,500,230,1.367200,98.959900,198.406500,199.773700,6.569200,true,3104,,0x2fe6349b77f8b704a4b6fda6a67fa440bb1a7ac8a5722ef77d23ee9340b379ca,0x09bdcc85823e5cb6efe1689ca68d69f7f39a7b342925c6ef2010fb84dc0e5732,
theo_n,14,235,false,9,9,offchain,500,231,1.056700,98.959900,205.607600,206.664300,6.264400,true,3104,,0x2fe6349b77f8b704a4b6fda6a67fa440bb1a7ac8a5722ef77d23ee9340b379ca,0x1cd8f78f237edd4acf466189caacbd6b709dcba35f9e32703c9dde9aa127717c,
theo_n,14,236,false,9,9,offchain,500,232,1.012700,98.959900,195.916600,196.929300,6.185100,true,3104,,0x2fe6349b77f8b704a4b6fda6a67fa440bb1a7ac8a5722ef77d23ee9340b379ca,0x1c18dbcebe2485b6a83380729d5f98097e404059f6b7401f58ce6602117cc0aa,
theo_n,14,237,false,9,9,offchain,500,233,1.054300,98.959900,207.092300,208.146600,8.111900,true,3104,,0x2fe6349b77f8b704a4b6fda6a67fa440bb1a7ac8a5722ef77d23ee9340b379ca,0x29101a89ba44f904e04e8c5f859ff4577a45e0fb480e1f4fb84efb96f84ed6a6,
theo_n,14,238,false,9,9,offchain,500,234,1.176300,98.959900,223.463400,224.639700,7.377200,true,3104,,0x2fe6349b77f8b704a4b6fda6a67fa440bb1a7ac8a5722ef77d23ee9340b379ca,0x0d5ff26441a869edd16f94350c143401dc9839188f1a1cb63ed23c99584d6b0d,
theo_n,14,239,false,9,9,offchain,500,235,1.012200,98.959900,209.112300,210.124500,9.017900,true,3104,,0x2fe6349b77f8b704a4b6fda6a67fa440bb1a7ac8a5722ef77d23ee9340b379ca,0x3fd663fdd4796c0eeb3d2683abcf10e017b1983ed977371a64649c27e26ccdb9,
theo_n,14,240,false,9,9,offchain,500,236,1.021300,98.959900,196.868700,197.890000,8.698000,true,3104,,0x2fe6349b77f8b704a4b6fda6a67fa440bb1a7ac8a5722ef77d23ee9340b379ca,0x2a93c9f51214b5fcf5b02964ba34c8edd54e58bf4151b2599ffe6ece57b6d018,
theo_n,14,241,false,9,9,offchain,500,237,1.563900,98.959900,197.205100,198.769000,8.580500,true,3104,,0x2fe6349b77f8b704a4b6fda6a67fa440bb1a7ac8a5722ef77d23ee9340b379ca,0x13dde27c637f6854bd1c54e4176e97040d810a20d57b43bf9d70d8efc282772d,
theo_n,14,242,false,9,9,offchain,500,238,1.672400,98.959900,203.807200,205.479600,7.465500,true,3104,,0x2fe6349b77f8b704a4b6fda6a67fa440bb1a7ac8a5722ef77d23ee9340b379ca,0x135a4790752389135f911a23431ca22924c7e61a263b54ef292cd06734e0b3cc,
theo_n,14,243,false,9,9,offchain,500,239,1.271700,98.959900,194.673800,195.945500,7.004300,true,3104,,0x2fe6349b77f8b704a4b6fda6a67fa440bb1a7ac8a5722ef77d23ee9340b379ca,0x2050f24f5a3174b112b4d9b8c0cb7d635b007b190fc7128d075c0fc98fc3479a,
theo_n,14,244,false,9,9,offchain,500,240,1.087500,98.959900,197.061500,198.149000,6.402100,true,3104,,0x2fe6349b77f8b704a4b6fda6a67fa440bb1a7ac8a5722ef77d23ee9340b379ca,0x196828bf4d21e668dd09c7bfaf8edeaa2a2bb1af398e35710a9bb057ce7d5681,
theo_n,14,245,false,9,9,offchain,500,241,1.055200,98.959900,205.156200,206.211400,7.249500,true,3104,,0x2fe6349b77f8b704a4b6fda6a67fa440bb1a7ac8a5722ef77d23ee9340b379ca,0x1c10b340a544df81f3b05cefd95c7c798f3d3b4bfc8da9e365685a531f0c8b63,
theo_n,14,246,false,9,9,offchain,500,242,1.269600,98.959900,198.040900,199.310500,5.990600,true,3104,,0x2fe6349b77f8b704a4b6fda6a67fa440bb1a7ac8a5722ef77d23ee9340b379ca,0x1bff1965c200ea6f8b38aec6c6b925b4bfb622a3d2a195f279f0de996636dca4,
theo_n,14,247,false,9,9,offchain,500,243,1.021300,98.959900,203.452500,204.473800,9.205200,true,3104,,0x2fe6349b77f8b704a4b6fda6a67fa440bb1a7ac8a5722ef77d23ee9340b379ca,0x10debae9933f4c4fb21aecdc3fba6aaa30a7b4e0831e6f3967fcace92487f0e1,
theo_n,14,248,false,9,9,offchain,500,244,1.530600,98.959900,228.145200,229.675800,11.455800,true,3104,,0x2fe6349b77f8b704a4b6fda6a67fa440bb1a7ac8a5722ef77d23ee9340b379ca,0x2af5dff9b1175c3ae54eeed0b2ad06c1bfe7b4e45f17840e0a43099c8c03545d,
theo_n,14,249,false,9,9,offchain,500,245,1.927900,98.959900,244.287500,246.215400,10.933800,true,3104,,0x2fe6349b77f8b704a4b6fda6a67fa440bb1a7ac8a5722ef77d23ee9340b379ca,0x0daf01b2722a42cd348621bafad98aec02bc3e1fe6a0b1db2bd1ed7031f74d2e,
theo_n,14,250,false,9,9,offchain,500,246,1.885000,98.959900,235.559200,237.444200,12.298100,true,3104,,0x2fe6349b77f8b704a4b6fda6a67fa440bb1a7ac8a5722ef77d23ee9340b379ca,0x04b12b3f7d7b388ef7881281481d12de7f0dbc48bf6e17c93074dc50cb7fd9be,
theo_n,14,251,false,9,9,offchain,500,247,2.112400,98.959900,250.878200,252.990600,8.908700,true,3104,,0x2fe6349b77f8b704a4b6fda6a67fa440bb1a7ac8a5722ef77d23ee9340b379ca,0x2d7b6585793e0c361bb72f842ede062d5a87d30940f720f426c2fa757faf5b63,
theo_n,14,252,false,9,9,offchain,500,248,1.069900,98.959900,240.125200,241.195100,10.872400,true,3104,,0x2fe6349b77f8b704a4b6fda6a67fa440bb1a7ac8a5722ef77d23ee9340b379ca,0x1be9cacd9a4b9ba6df5a503dc09971d53f38a341768697792466962201878c83,
theo_n,14,253,false,9,9,offchain,500,249,2.313100,98.959900,262.299700,264.612800,11.715700,true,3104,,0x2fe6349b77f8b704a4b6fda6a67fa440bb1a7ac8a5722ef77d23ee9340b379ca,0x2b0854285925fa638f2cffdd4ab25c7b473c93261467a83e9fae0feda21cc6fb,
theo_n,14,254,false,9,9,offchain,500,250,2.078400,98.959900,212.916500,214.994900,9.172700,true,3104,,0x2fe6349b77f8b704a4b6fda6a67fa440bb1a7ac8a5722ef77d23ee9340b379ca,0x1d57d310321c49a17ab0081beb7b202ac05e6ec687754c6e2f432a1220113e1e,
theo_n,14,255,false,9,9,offchain,500,251,1.547200,98.959900,201.047500,202.594700,6.673500,true,3104,,0x2fe6349b77f8b704a4b6fda6a67fa440bb1a7ac8a5722ef77d23ee9340b379ca,0x0003040b0b0c590dce2f7ff9c7bd0e713f9d8b8c05da94cc7347613303651102,
theo_n,14,256,false,9,9,offchain,500,252,1.150500,98.959900,189.792300,190.942800,8.081000,true,3104,,0x2fe6349b77f8b704a4b6fda6a67fa440bb1a7ac8a5722ef77d23ee9340b379ca,0x21f766f2266ac60f05568f423178b36746f3c86bb0808fd706cc3984fe234dc2,
theo_n,14,257,false,9,9,offchain,500,253,1.752400,98.959900,210.592800,212.345200,7.334700,true,3104,,0x2fe6349b77f8b704a4b6fda6a67fa440bb1a7ac8a5722ef77d23ee9340b379ca,0x252da4d2a4b0372e71095387166f170384f70d4de57b5852378c638259d30aba,
theo_n,14,258,false,9,9,offchain,500,254,0.987700,98.959900,194.679800,195.667500,9.084300,true,3104,,0x2fe6349b77f8b704a4b6fda6a67fa440bb1a7ac8a5722ef77d23ee9340b379ca,0x27bb9c63654ccfde000b0c298d39903ed7f8ca14ad1a1a66197320ab1fa69e93,
theo_n,14,259,false,9,9,offchain,500,255,1.082900,98.959900,212.014500,213.097400,6.818000,true,3104,,0x2fe6349b77f8b704a4b6fda6a67fa440bb1a7ac8a5722ef77d23ee9340b379ca,0x19cb507afbc830f4079adeb937659190969ccebb8e9ec80d0f6f9c15abea6c96,
theo_n,14,260,false,9,9,offchain,500,256,0.996100,98.959900,204.385400,205.381500,5.933000,true,3104,,0x2fe6349b77f8b704a4b6fda6a67fa440bb1a7ac8a5722ef77d23ee9340b379ca,0x13af1a03f83f2b7047d438e28e321cabfe9b81d3b0f3e30bf6b68d60e61ccc66,
theo_n,14,261,false,9,9,offchain,500,257,0.996800,98.959900,208.434800,209.431600,8.802400,true,3104,,0x2fe6349b77f8b704a4b6fda6a67fa440bb1a7ac8a5722ef77d23ee9340b379ca,0x1f9d4cfbcd073ff55fd28f14fdc6b04580e8a7b5cc0c815ba75860a438367297,
theo_n,14,262,false,9,9,offchain,500,258,1.313700,98.959900,192.626300,193.940000,5.962000,true,3104,,0x2fe6349b77f8b704a4b6fda6a67fa440bb1a7ac8a5722ef77d23ee9340b379ca,0x16655f002f143b0ff157a38d7bfcf554efe1efa0f01bde17f81f1efd1dac5ae3,
theo_n,14,263,false,9,9,offchain,500,259,1.042700,98.959900,192.399700,193.442400,8.362200,true,3104,,0x2fe6349b77f8b704a4b6fda6a67fa440bb1a7ac8a5722ef77d23ee9340b379ca,0x32e2b5c6eb79d56f6db51b9753908017b27b45c78992dc10c03ec056cd45d1e2,
theo_n,14,264,false,9,9,offchain,500,260,1.084500,98.959900,196.840200,197.924700,6.470900,true,3104,,0x2fe6349b77f8b704a4b6fda6a67fa440bb1a7ac8a5722ef77d23ee9340b379ca,0x15acdef555d7be280128cdcd5173903bba3ea4a130d3ec6e586a9e2c925984fe,
theo_n,14,265,false,9,9,offchain,500,261,1.018500,98.959900,205.981400,206.999900,7.659900,true,3104,,0x2fe6349b77f8b704a4b6fda6a67fa440bb1a7ac8a5722ef77d23ee9340b379ca,0x206f9e957151141c6b08e67861412b9979a6cb5473d656d57c6a3f28dbd71edd,
theo_n,14,266,false,9,9,offchain,500,262,1.218000,98.959900,202.934500,204.152500,11.083000,true,3104,,0x2fe6349b77f8b704a4b6fda6a67fa440bb1a7ac8a5722ef77d23ee9340b379ca,0x1c0c03c3bb02085b517f2b0dd32060227e9a840d4113a6c0ed8e25ef6d037545,
theo_n,14,267,false,9,9,offchain,500,263,1.553400,98.959900,200.972000,202.525400,7.013200,true,3104,,0x2fe6349b77f8b704a4b6fda6a67fa440bb1a7ac8a5722ef77d23ee9340b379ca,0x2ec2fe58ea1c1da21799f323afc5604c7565f777d6920ad3b971d88781ea8688,
theo_n,14,268,false,9,9,offchain,500,264,1.136700,98.959900,206.133500,207.270200,8.903400,true,3104,,0x2fe6349b77f8b704a4b6fda6a67fa440bb1a7ac8a5722ef77d23ee9340b379ca,0x36871a7d5a642a72edb71998ebd57faab9df6f308647e14197d5d4ecc241279b,
theo_n,14,269,false,9,9,offchain,500,265,1.220100,98.959900,211.454500,212.674600,9.004300,true,3104,,0x2fe6349b77f8b704a4b6fda6a67fa440bb1a7ac8a5722ef77d23ee9340b379ca,0x14427ba209a096888541ceaa3ad3513d71c4d7c051585268c45c9226dfe0b256,
theo_n,14,270,false,9,9,offchain,500,266,1.018000,98.959900,191.264400,192.282400,7.468900,true,3104,,0x2fe6349b77f8b704a4b6fda6a67fa440bb1a7ac8a5722ef77d23ee9340b379ca,0x20d30c7b9347b468a850ccf3b369391ef9639cca1987c37584bd7d19ec6ede8c,
theo_n,14,271,false,9,9,offchain,500,267,1.105800,98.959900,200.625900,201.731700,8.010200,true,3104,,0x2fe6349b77f8b704a4b6fda6a67fa440bb1a7ac8a5722ef77d23ee9340b379ca,0x2d9ccd0c2ac36559606a0f205863e02c9c2b2d5f640eaab7c1c6a56b1a103553,
theo_n,14,272,false,9,9,offchain,500,268,1.023800,98.959900,202.077600,203.101400,8.000100,true,3104,,0x2fe6349b77f8b704a4b6fda6a67fa440bb1a7ac8a5722ef77d23ee9340b379ca,0x2b5161b66d16afe0c625e2606fef885e7c98f530e504c631fd79a05fadfe0c71,
theo_n,14,273,false,9,9,offchain,500,269,1.066500,98.959900,196.299900,197.366400,6.136100,true,3104,,0x2fe6349b77f8b704a4b6fda6a67fa440bb1a7ac8a5722ef77d23ee9340b379ca,0x3e21369041a04980f41e38d2ac90d7a9b944478af8be5a41c9c7afdf9469d697,
theo_n,14,274,false,9,9,offchain,500,270,1.056500,98.959900,205.458400,206.514900,7.047000,true,3104,,0x2fe6349b77f8b704a4b6fda6a67fa440bb1a7ac8a5722ef77d23ee9340b379ca,0x2de90771e0c245bdfa0b65bb6ee8361b444a0e72d505a6dccccd1649af6fd5c9,
theo_n,14,275,false,9,9,offchain,500,271,1.487900,98.959900,200.997300,202.485200,8.760800,true,3104,,0x2fe6349b77f8b704a4b6fda6a67fa440bb1a7ac8a5722ef77d23ee9340b379ca,0x3cc0b7377f2fd4ecc5b1dc872298412fde0d67a692b168402caf8860c8195079,
theo_n,14,276,false,9,9,offchain,500,272,1.022400,98.959900,215.682800,216.705200,11.281000,true,3104,,0x2fe6349b77f8b704a4b6fda6a67fa440bb1a7ac8a5722ef77d23ee9340b379ca,0x0fce8eb9bf34b6d3aa2cb311ca9f5c15dc716c28d4d9bb9555e44f0a08ecf8e1,
theo_n,14,277,false,9,9,offchain,500,273,1.894400,98.959900,198.022600,199.917000,6.936900,true,3104,,0x2fe6349b77f8b704a4b6fda6a67fa440bb1a7ac8a5722ef77d23ee9340b379ca,0x05833828f42204b99a454594b21513ff2183c6a99a2b3944e3440f299bb4f266,
theo_n,14,278,false,9,9,offchain,500,274,1.089000,98.959900,203.820600,204.909600,7.080300,true,3104,,0x2fe6349b77f8b704a4b6fda6a67fa440bb1a7ac8a5722ef77d23ee9340b379ca,0x214acd758d2cf355f7d8c5dec2d9e4e50194902c100b583c119a1c8bf2741569,
theo_n,14,279,false,9,9,offchain,500,275,1.525700,98.959900,200.249000,201.774700,6.354800,true,3104,,0x2fe6349b77f8b704a4b6fda6a67fa440bb1a7ac8a5722ef77d23ee9340b379ca,0x2ec1cd97c107f5e7d43f5824152c3b203d583b4c2f8fe719016cf766bdc951f6,
theo_n,14,280,false,9,9,offchain,500,276,1.235700,98.959900,217.534100,218.769800,11.357600,true,3104,,0x2fe6349b77f8b704a4b6fda6a67fa440bb1a7ac8a5722ef77d23ee9340b379ca,0x3db627a7bc1c038baa6bd3b87e0513ba54edd4efc8fce3b09e3faf1c88f5334b,
theo_n,14,281,false,9,9,offchain,500,277,1.922100,98.959900,189.747900,191.670000,7.486800,true,3104,,0x2fe6349b77f8b704a4b6fda6a67fa440bb1a7ac8a5722ef77d23ee9340b379ca,0x3856ddcb158b17f68b73df84a4a414a2bfb3f8ddfd31447ba5d526e199cd1aa1,
theo_n,14,282,false,9,9,offchain,500,278,1.030400,98.959900,186.632900,187.663300,6.373600,true,3104,,0x2fe6349b77f8b704a4b6fda6a67fa440bb1a7ac8a5722ef77d23ee9340b379ca,0x3c982d4cab23cc667f3153144ce83370da4c30519337576650456290fdef4cca,
theo_n,14,283,false,9,9,offchain,500,279,1.056500,98.959900,200.236300,201.292800,7.585700,true,3104,,0x2fe6349b77f8b704a4b6fda6a67fa440bb1a7ac8a5722ef77d23ee9340b379ca,0x3a7dd69177b1615e8955d757be7644bfc671b3e6c0de5476c889722eb94fccc5,
theo_n,14,284,false,9,9,offchain,500,280,1.698000,98.959900,219.891500,221.589500,9.117000,true,3104,,0x2fe6349b77f8b704a4b6fda6a67fa440bb1a7ac8a5722ef77d23ee9340b379ca,0x331d5755c5fdcedf8aa7d4dd13abebb69444e39cc8b7753bd20fbe209dc9bb9b,
theo_n,14,285,false,9,9,offchain,500,281,1.394700,98.959900,207.239600,208.634300,8.252500,true,3104,,0x2fe6349b77f8b704a4b6fda6a67fa440bb1a7ac8a5722ef77d23ee9340b379ca,0x12456bad5ea5ac8701e9f1e0202e980193aac418c73990454cf01f0c6011efaf,
theo_n,14,286,false,9,9,offchain,500,282,1.008100,98.959900,210.001800,211.009900,8.223300,true,3104,,0x2fe6349b77f8b704a4b6fda6a67fa440bb1a7ac8a5722ef77d23ee9340b379ca,0x2c5c303bcdfb63737d7b992cbfa56555f48a5d4cd771732f2cb35390b57dc9dc,
theo_n,14,287,false,9,9,offchain,500,283,1.900700,98.959900,205.135200,207.035900,7.236000,true,3104,,0x2fe6349b77f8b704a4b6fda6a67fa440bb1a7ac8a5722ef77d23ee9340b379ca,0x398093a3ec3cb269bfeb8423a41a3c8706c772840b6047cb9b4426afce8a9426,
theo_n,14,288,false,9,9,offchain,500,284,1.097100,98.959900,208.091500,209.188600,7.120900,true,3104,,0x2fe6349b77f8b704a4b6fda6a67fa440bb1a7ac8a5722ef77d23ee9340b379ca,0x3fde75cc892a5ba434cb91628f9126ab6df18b3ceb5d532a4efed441fd682489,
theo_n,14,289,false,9,9,offchain,500,285,1.016200,98.959900,200.369200,201.385400,9.291000,true,3104,,0x2fe6349b77f8b704a4b6fda6a67fa440bb1a7ac8a5722ef77d23ee9340b379ca,0x1b488a0fc1dcc2b8432e72712ec910c013c293088017ac695bbb56dc71189a82,
theo_n,14,290,false,9,9,offchain,500,286,1.373700,98.959900,192.124100,193.497800,7.198400,true,3104,,0x2fe6349b77f8b704a4b6fda6a67fa440bb1a7ac8a5722ef77d23ee9340b379ca,0x22fb4ba332ae52ec2d4024446d91d18f297796869446a3db080838619881e933,
theo_n,14,291,false,9,9,offchain,500,287,1.014000,98.959900,223.589900,224.603900,7.849600,true,3104,,0x2fe6349b77f8b704a4b6fda6a67fa440bb1a7ac8a5722ef77d23ee9340b379ca,0x21f0d10ccf00498500d95ad876335c49b23c2fc18275790ae389669c8544088c,
theo_n,14,292,false,9,9,offchain,500,288,1.323000,98.959900,200.381800,201.704800,8.528600,true,3104,,0x2fe6349b77f8b704a4b6fda6a67fa440bb1a7ac8a5722ef77d23ee9340b379ca,0x3ede0864c77dc19ead38c4624d41076c05baded30dec030b254489dacb314aa1,
theo_n,14,293,false,9,9,offchain,500,289,1.130700,98.959900,197.009900,198.140600,7.429900,true,3104,,0x2fe6349b77f8b704a4b6fda6a67fa440bb1a7ac8a5722ef77d23ee9340b379ca,0x340a1d29a4decfa8de11ff64dae19d713515a9e9fad0946857f86c5058a12be3,
theo_n,14,294,false,9,9,offchain,500,290,1.257500,98.959900,194.907600,196.165100,6.163400,true,3104,,0x2fe6349b77f8b704a4b6fda6a67fa440bb1a7ac8a5722ef77d23ee9340b379ca,0x17ebbf9bd7f1ef4bb43fc2aaf729e168d717fdaaed1618ea96a49e7a1ce8430b,
theo_n,14,295,false,9,9,offchain,500,291,1.109400,98.959900,208.506700,209.616100,7.305100,true,3104,,0x2fe6349b77f8b704a4b6fda6a67fa440bb1a7ac8a5722ef77d23ee9340b379ca,0x3f524ee21daedd4379074e5c4d675d34891cff3535cd53839e421dea2a3d6e85,
theo_n,14,296,false,9,9,offchain,500,292,1.050700,98.959900,194.002500,195.053200,8.668400,true,3104,,0x2fe6349b77f8b704a4b6fda6a67fa440bb1a7ac8a5722ef77d23ee9340b379ca,0x157335c3a9879e6b3c9e51fdc67047e050c7ab9ebcd8dcc49193385aae72d64e,
theo_n,14,297,false,9,9,offchain,500,293,1.515200,98.959900,194.665700,196.180900,6.238000,true,3104,,0x2fe6349b77f8b704a4b6fda6a67fa440bb1a7ac8a5722ef77d23ee9340b379ca,0x13337dcf205363234901124ae87850237fba5a2cf97131377e393825d1790380,
theo_n,14,298,false,9,9,offchain,500,294,1.051200,98.959900,193.186000,194.237200,8.114400,true,3104,,0x2fe6349b77f8b704a4b6fda6a67fa440bb1a7ac8a5722ef77d23ee9340b379ca,0x0dea04404a701c0cd65f783a999494ee6f3135a604dc6f671711d7d0df94b871,
theo_n,14,299,false,9,9,offchain,500,295,1.028100,98.959900,203.615600,204.643700,6.336300,true,3104,,0x2fe6349b77f8b704a4b6fda6a67fa440bb1a7ac8a5722ef77d23ee9340b379ca,0x30f7ab3f5f6388b7ba4206b7fb8ceb4b450b9b4310d098a84b43a4b149c2d722,
theo_n,14,300,false,9,9,offchain,500,296,1.046700,98.959900,202.534900,203.581600,6.682200,true,3104,,0x2fe6349b77f8b704a4b6fda6a67fa440bb1a7ac8a5722ef77d23ee9340b379ca,0x28a4af16d1084e7845235a5d5f63de2a12e7320ca6294a0942e081ff3bbacad9,
theo_n,14,301,false,9,9,offchain,500,297,1.226900,98.959900,201.513300,202.740200,6.714100,true,3104,,0x2fe6349b77f8b704a4b6fda6a67fa440bb1a7ac8a5722ef77d23ee9340b379ca,0x3669da98be6664f44c90fb9012c1831e02bf594cac32b81e0b35209a0f0bb5df,
theo_n,14,302,false,9,9,offchain,500,298,1.167200,98.959900,202.532000,203.699200,6.292500,true,3104,,0x2fe6349b77f8b704a4b6fda6a67fa440bb1a7ac8a5722ef77d23ee9340b379ca,0x207acd53d1b605cf54c1b07e87961e217936864c0f8d70631c7f4ccf00338787,
theo_n,14,303,false,9,9,offchain,500,299,1.088900,98.959900,203.354200,204.443100,10.846100,true,3104,,0x2fe6349b77f8b704a4b6fda6a67fa440bb1a7ac8a5722ef77d23ee9340b379ca,0x36a9d881956a99b6c4d00e5cc062e85f306b1a4a7190cef1a2ef0846b0d191fd,
theo_n,14,304,false,9,9,offchain,500,300,1.741900,98.959900,204.574200,206.316100,6.997500,true,3104,,0x2fe6349b77f8b704a4b6fda6a67fa440bb1a7ac8a5722ef77d23ee9340b379ca,0x3fae27074f78318b40a5df48f9a4168edf2929fc4ae11181ad1e34674ad615ae,
theo_n,14,305,false,9,9,offchain,500,301,1.048000,98.959900,195.645900,196.693900,7.347600,true,3104,,0x2fe6349b77f8b704a4b6fda6a67fa440bb1a7ac8a5722ef77d23ee9340b379ca,0x179ed4f1e47bb2d4c7e943d5fcb028702e81f974502e699c16aded2d973ce903,
theo_n,14,306,false,9,9,offchain,500,302,1.193400,98.959900,200.984500,202.177900,8.282900,true,3104,,0x2fe6349b77f8b704a4b6fda6a67fa440bb1a7ac8a5722ef77d23ee9340b379ca,0x257a10a072da953507bf7f7e39cf767facefa1ae5201db7269f3566da3a0db78,
theo_n,14,307,false,9,9,offchain,500,303,1.180500,98.959900,202.007000,203.187500,6.095300,true,3104,,0x2fe6349b77f8b704a4b6fda6a67fa440bb1a7ac8a5722ef77d23ee9340b379ca,0x051b473f56ec28fe51543496572291a9273d057b8792a3cda248a8e3e1e72c63,
theo_n,14,308,false,9,9,offchain,500,304,1.015000,98.959900,204.364600,205.379600,7.285400,true,3104,,0x2fe6349b77f8b704a4b6fda6a67fa440bb1a7ac8a5722ef77d23ee9340b379ca,0x33550cff5afe5a46c0fc9e6bbe27c1bd0d0eb09e731b2a2ad6ca242f176eee48,
theo_n,14,309,false,9,9,offchain,500,305,1.007500,98.959900,196.620300,197.627800,7.902600,true,3104,,0x2fe6349b77f8b704a4b6fda6a67fa440bb1a7ac8a5722ef77d23ee9340b379ca,0x347f82166c38900f4a468baac0278c52182223cea86af366433ee9931c3c839b,
theo_n,14,310,false,9,9,offchain,500,306,1.192600,98.959900,208.407300,209.599900,7.015000,true,3104,,0x2fe6349b77f8b704a4b6fda6a67fa440bb1a7ac8a5722ef77d23ee9340b379ca,0x1b7af93cf07c2cff41925485f3f11a822e3e54a05fc157c971dd2dd3caa252e0,
theo_n,14,311,false,9,9,offchain,500,307,1.007000,98.959900,187.687500,188.694500,6.311200,true,3104,,0x2fe6349b77f8b704a4b6fda6a67fa440bb1a7ac8a5722ef77d23ee9340b379ca,0x3a4fef6a829b927be652b82d2ebb3859337bbe7c5f35aa83eae3a43c465dc17c,
theo_n,14,312,false,9,9,offchain,500,308,1.061900,98.959900,189.125600,190.187500,6.169400,true,3104,,0x2fe6349b77f8b704a4b6fda6a67fa440bb1a7ac8a5722ef77d23ee9340b379ca,0x2a5170186b86aba23bc902c9f2fd58e05332b3d2e7d84c3f08a3582aae8e571b,
theo_n,14,313,false,9,9,offchain,500,309,1.062500,98.959900,225.083300,226.145800,8.853400,true,3104,,0x2fe6349b77f8b704a4b6fda6a67fa440bb1a7ac8a5722ef77d23ee9340b379ca,0x171632cbe67b8a7f89caa9d0599bb09d50ab35a070d6d2208aace0c5b826a236,
theo_n,14,314,false,9,9,offchain,500,310,1.275700,98.959900,268.933100,270.208800,7.924200,true,3104,,0x2fe6349b77f8b704a4b6fda6a67fa440bb1a7ac8a5722ef77d23ee9340b379ca,0x013788cf05df5b97a491378c5c86531a12ae3915164b08eb88b317230ac57204,
theo_n,14,315,false,9,9,offchain,500,311,1.356300,98.959900,219.310400,220.666700,7.812900,true,3104,,0x2fe6349b77f8b704a4b6fda6a67fa440bb1a7ac8a5722ef77d23ee9340b379ca,0x0bcdb5fbccd7e14d5e7a421b030cba7754ffa4b72bda954f22a43bde7125a8ee,
theo_n,14,316,false,9,9,offchain,500,312,1.085200,98.959900,200.307500,201.392700,7.258400,true,3104,,0x2fe6349b77f8b704a4b6fda6a67fa440bb1a7ac8a5722ef77d23ee9340b379ca,0x0b1a913db7e13ccb94206caa0a06615433f6757e7f11fd42df2b58de1f8462ad,
theo_n,14,317,false,9,9,offchain,500,313,1.047500,98.959900,203.237400,204.284900,6.190200,true,3104,,0x2fe6349b77f8b704a4b6fda6a67fa440bb1a7ac8a5722ef77d23ee9340b379ca,0x28183fc9feb87ed8bd0f5bef335a502896c57e0580fb209ae814b76f95db15e6,
theo_n,14,318,false,9,9,offchain,500,314,1.051500,98.959900,210.791100,211.842600,7.746600,true,3104,,0x2fe6349b77f8b704a4b6fda6a67fa440bb1a7ac8a5722ef77d23ee9340b379ca,0x39a87344e49adf7c12e72b95d5a757a75896a0eeba260715ac5b7df993b22ad3,
theo_n,14,319,false,9,9,offchain,500,315,1.589600,98.959900,205.400700,206.990300,6.654100,true,3104,,0x2fe6349b77f8b704a4b6fda6a67fa440bb1a7ac8a5722ef77d23ee9340b379ca,0x0eee191ed5a62b9de7667c1788c1bc2988886fbb14d26fda11e78abbfdfbd49c,
theo_n,14,320,false,9,9,offchain,500,316,1.024200,98.959900,205.352100,206.376300,7.751600,true,3104,,0x2fe6349b77f8b704a4b6fda6a67fa440bb1a7ac8a5722ef77d23ee9340b379ca,0x0ecd70e7cef9dba50bab70bf822dd8bea1c051e51d23c84becb490b7a952a76b,
theo_n,14,321,false,9,9,offchain,500,317,1.037200,98.959900,187.449400,188.486600,8.343100,true,3104,,0x2fe6349b77f8b704a4b6fda6a67fa440bb1a7ac8a5722ef77d23ee9340b379ca,0x3158f43ace72da14dd6b26300c09a7b969d8544e0792be0786c39c8b3ba9345f,
theo_n,14,322,false,9,9,offchain,500,318,1.050600,98.959900,187.835200,188.885800,6.218000,true,3104,,0x2fe6349b77f8b704a4b6fda6a67fa440bb1a7ac8a5722ef77d23ee9340b379ca,0x3713cd417ddd28e4f636acf46b0d2a2b069c5b5b9305797764c66795581075e8,
theo_n,14,323,false,9,9,offchain,500,319,1.768300,98.959900,196.740700,198.509000,8.484600,true,3104,,0x2fe6349b77f8b704a4b6fda6a67fa440bb1a7ac8a5722ef77d23ee9340b379ca,0x2164cbce29a7cf495a8b71b01864fe7a90bdfab983596dc3d0b434da5a980108,
theo_n,14,324,false,9,9,offchain,500,320,1.089800,98.959900,200.517400,201.607200,9.197800,true,3104,,0x2fe6349b77f8b704a4b6fda6a67fa440bb1a7ac8a5722ef77d23ee9340b379ca,0x20f2bd23c9ed0d7117d857701ebc07eadf7853be8ba31fa915c6839c5899e9ef,
theo_n,14,325,false,9,9,offchain,500,321,1.787400,98.959900,207.636700,209.424100,9.417300,true,3104,,0x2fe6349b77f8b704a4b6fda6a67fa440bb1a7ac8a5722ef77d23ee9340b379ca,0x3597e04abb934a138da489621b0f15765db7308d36fce7c46e2792e512645315,
theo_n,14,326,false,9,9,offchain,500,322,1.490300,98.959900,201.280900,202.771200,8.230600,true,3104,,0x2fe6349b77f8b704a4b6fda6a67fa440bb1a7ac8a5722ef77d23ee9340b379ca,0x3a701293f7c5a23f34bfce770d2803fb8f92196d1860967205c2c412a11f78d5,
theo_n,14,327,false,9,9,offchain,500,323,1.182300,98.959900,193.688800,194.871100,7.856700,true,3104,,0x2fe6349b77f8b704a4b6fda6a67fa440bb1a7ac8a5722ef77d23ee9340b379ca,0x11041ba6a9ec3b138050f1ab766baacb1c22c088e02f8582213671563dce0dab,
theo_n,14,328,false,9,9,offchain,500,324,1.046600,98.959900,207.875600,208.922200,6.176700,true,3104,,0x2fe6349b77f8b704a4b6fda6a67fa440bb1a7ac8a5722ef77d23ee9340b379ca,0x1eea43fd85f24d8eb08c09904728517c6f0c63eea53dcd8f2a7e37e6d0255896,
theo_n,14,329,false,9,9,offchain,500,325,1.017500,98.959900,212.985500,214.003000,7.106000,true,3104,,0x2fe6349b77f8b704a4b6fda6a67fa440bb1a7ac8a5722ef77d23ee9340b379ca,0x0e1f7beb5bc8c79b8ed2cd2df1f5a03110a0719a39ee4339cbec85c5940a74f9,
theo_n,14,330,false,9,9,offchain,500,326,1.291700,98.959900,187.770700,189.062400,6.564900,true,3104,,0x2fe6349b77f8b704a4b6fda6a67fa440bb1a7ac8a5722ef77d23ee9340b379ca,0x04e8ef58a3bd6c7f38cf6f14c65181eda94b34915bf24e27146c41fe0d6560be,
theo_n,14,331,false,9,9,offchain,500,327,1.696700,98.959900,209.922900,211.619600,7.178300,true,3104,,0x2fe6349b77f8b704a4b6fda6a67fa440bb1a7ac8a5722ef77d23ee9340b379ca,0x26246755fecd067b39a8e935e54a4e4412200f2976bf6f04b38655d28968c044,
theo_n,14,332,false,9,9,offchain,500,328,1.048400,98.959900,194.503200,195.551600,6.788700,true,3104,,0x2fe6349b77f8b704a4b6fda6a67fa440bb1a7ac8a5722ef77d23ee9340b379ca,0x2e5ed345613174629d8d0c1c7e6fca731d1f298a7b35eaa0c22874528ca44b14,
theo_n,14,333,false,9,9,offchain,500,329,1.255700,98.959900,211.058400,212.314100,7.291300,true,3104,,0x2fe6349b77f8b704a4b6fda6a67fa440bb1a7ac8a5722ef77d23ee9340b379ca,0x1ce4878c276eaac2c919e2a0f48adcdc76e6aedfa92a1b0f492bf12b2af33f60,
theo_n,14,334,false,9,9,offchain,500,330,1.069300,98.959900,188.319100,189.388400,6.277900,true,3104,,0x2fe6349b77f8b704a4b6fda6a67fa440bb1a7ac8a5722ef77d23ee9340b379ca,0x0feafc223ea42d9589ed7dc80fff327b46bd9cfb2b2ca8a0988bde5c8d9d863d,
theo_n,14,335,false,9,9,offchain,500,331,1.064600,98.959900,275.482400,276.547000,6.499100,true,3104,,0x2fe6349b77f8b704a4b6fda6a67fa440bb1a7ac8a5722ef77d23ee9340b379ca,0x0e475319efaeda817757ae6de3c7b4b115eb55403500b7dfca1bda72e222d8b1,
theo_n,14,336,false,9,9,offchain,500,332,1.105200,98.959900,218.818800,219.924000,7.109700,true,3104,,0x2fe6349b77f8b704a4b6fda6a67fa440bb1a7ac8a5722ef77d23ee9340b379ca,0x13dae4f73fb8ad970f7bb2776a879a7449d7fd3a88f49771e84d43ffc3255cc9,
theo_n,14,337,false,9,9,offchain,500,333,1.048800,98.959900,196.296000,197.344800,6.325800,true,3104,,0x2fe6349b77f8b704a4b6fda6a67fa440bb1a7ac8a5722ef77d23ee9340b379ca,0x2a9af6815b5db105ccef9d46a5e41c903a16795ed7579b131e2170167e9f93d3,
theo_n,14,338,false,9,9,offchain,500,334,1.704300,98.959900,201.238700,202.943000,6.364500,true,3104,,0x2fe6349b77f8b704a4b6fda6a67fa440bb1a7ac8a5722ef77d23ee9340b379ca,0x11bbbf1caa40d9afa60d20142dc7b40ae4c47413b10780dc49a3656b0cad8f9a,
theo_n,14,339,false,9,9,offchain,500,335,1.527600,98.959900,205.936200,207.463800,7.858100,true,3104,,0x2fe6349b77f8b704a4b6fda6a67fa440bb1a7ac8a5722ef77d23ee9340b379ca,0x19ecbcd0233d6c5d3f9baf4d27ed7e9e0c3848253d725b375bb60867e649f3d9,
theo_n,14,340,false,9,9,offchain,500,336,1.053000,98.959900,200.819700,201.872700,8.350700,true,3104,,0x2fe6349b77f8b704a4b6fda6a67fa440bb1a7ac8a5722ef77d23ee9340b379ca,0x3dcc71fab3c774dfa96e1df6ffdace3f3b2073e9ed443e576727638e8f28f713,
theo_n,14,341,false,9,9,offchain,500,337,1.058100,98.959900,195.138000,196.196100,7.359000,true,3104,,0x2fe6349b77f8b704a4b6fda6a67fa440bb1a7ac8a5722ef77d23ee9340b379ca,0x2b1048ca7c72ab76435f1c2f09d95a106d813e5e0dd341a4497247c766f58067,
theo_n,14,342,false,9,9,offchain,500,338,1.049400,98.959900,196.913100,197.962500,8.072600,true,3104,,0x2fe6349b77f8b704a4b6fda6a67fa440bb1a7ac8a5722ef77d23ee9340b379ca,0x1f859c226fa916bad9c684a17fde078129fa30ceca3b0f6b8cff1e0192022653,
theo_n,14,343,false,9,9,offchain,500,339,1.045300,98.959900,198.324500,199.369800,8.151500,true,3104,,0x2fe6349b77f8b704a4b6fda6a67fa440bb1a7ac8a5722ef77d23ee9340b379ca,0x11d2cacbaeaae9e3e739ff084d60cc7a2b2a51a16f95e1fc934bc24a8b9ac4bd,
theo_n,14,344,false,9,9,offchain,500,340,1.265400,98.959900,212.508300,213.773700,7.188800,true,3104,,0x2fe6349b77f8b704a4b6fda6a67fa440bb1a7ac8a5722ef77d23ee9340b379ca,0x20a6237640b652c2ec5a6b3cde15c5cc3e91bb391eb0f6f9ae9c8ef77ce520d9,
theo_n,14,345,false,9,9,offchain,500,341,1.112300,98.959900,218.947100,220.059400,10.385900,true,3104,,0x2fe6349b77f8b704a4b6fda6a67fa440bb1a7ac8a5722ef77d23ee9340b379ca,0x23267799196fe59cf8521dba9ac922378800fcfad499bd64f6b09b35a533382c,
theo_n,14,346,false,9,9,offchain,500,342,1.907400,98.959900,196.662200,198.569600,6.124100,true,3104,,0x2fe6349b77f8b704a4b6fda6a67fa440bb1a7ac8a5722ef77d23ee9340b379ca,0x008c87b89c78cc57932522061498ea65abd02940d360b323de35bd5cd452bf2f,
theo_n,14,347,false,9,9,offchain,500,343,1.035500,98.959900,212.516600,213.552100,7.342800,true,3104,,0x2fe6349b77f8b704a4b6fda6a67fa440bb1a7ac8a5722ef77d23ee9340b379ca,0x33e842b06e948f99c3241747cdf4ed2d211f74f0deb364d517de542f9cfdea76,
theo_n,14,348,false,9,9,offchain,500,344,1.012400,98.959900,199.781200,200.793600,7.049700,true,3104,,0x2fe6349b77f8b704a4b6fda6a67fa440bb1a7ac8a5722ef77d23ee9340b379ca,0x05e5e60147e8d2e2c9a4b1ad50a0a96d938eecbe964e4fce44f2596131450a22,
theo_n,14,349,false,9,9,offchain,500,345,1.022700,98.959900,202.769600,203.792300,7.017400,true,3104,,0x2fe6349b77f8b704a4b6fda6a67fa440bb1a7ac8a5722ef77d23ee9340b379ca,0x011b716aeeb26286a543b77a9234d4fba9f30010faf2942d8545354ff3282c36,
theo_n,14,350,false,9,9,offchain,500,346,1.363100,98.959900,193.214200,194.577300,7.389600,true,3104,,0x2fe6349b77f8b704a4b6fda6a67fa440bb1a7ac8a5722ef77d23ee9340b379ca,0x24c1cc499b4c66d2811e8bf3f46762c620849bddcbb107395dbc006881ff2e93,
theo_n,14,351,false,9,9,offchain,500,347,1.016900,98.959900,196.547000,197.563900,11.196600,true,3104,,0x2fe6349b77f8b704a4b6fda6a67fa440bb1a7ac8a5722ef77d23ee9340b379ca,0x2a82e7c0a7493283de9d7235505483fb52f564e7c17b0f6c68e1628888a98aae,
theo_n,14,352,false,9,9,offchain,500,348,1.947800,98.959900,202.944900,204.892700,8.138100,true,3104,,0x2fe6349b77f8b704a4b6fda6a67fa440bb1a7ac8a5722ef77d23ee9340b379ca,0x13bbf2f0951ef946b35efc83f75af9cb87cd8ca84cf7a8d02d2fcbedd30a2b06,
theo_n,14,353,false,9,9,offchain,500,349,1.015400,98.959900,196.970800,197.986200,7.116200,true,3104,,0x2fe6349b77f8b704a4b6fda6a67fa440bb1a7ac8a5722ef77d23ee9340b379ca,0x026ddb8d253c842fd31bafe8d44d63f0e7222dfb62bff3244a09138f2cb1262e,
theo_n,14,354,false,9,9,offchain,500,350,1.016200,98.959900,183.489500,184.505700,7.279400,true,3104,,0x2fe6349b77f8b704a4b6fda6a67fa440bb1a7ac8a5722ef77d23ee9340b379ca,0x13c6f51707e7ab8a10b57d92407e719a900fb331cb123f39e39dd00c59bf206e,
theo_n,14,355,false,9,9,offchain,500,351,1.086700,98.959900,199.794800,200.881500,6.980700,true,3104,,0x2fe6349b77f8b704a4b6fda6a67fa440bb1a7ac8a5722ef77d23ee9340b379ca,0x326793c06bcbf56be496c63804b6ce49d4f524894d05524920463eb1f405219b,
theo_n,14,356,false,9,9,offchain,500,352,1.050900,98.959900,207.049000,208.099900,11.271600,true,3104,,0x2fe6349b77f8b704a4b6fda6a67fa440bb1a7ac8a5722ef77d23ee9340b379ca,0x2a785a4ab903731680b64b192038c7225ff9481122529ba90a243d5243421419,
theo_n,14,357,false,9,9,offchain,500,353,1.905100,98.959900,206.140100,208.045200,9.995900,true,3104,,0x2fe6349b77f8b704a4b6fda6a67fa440bb1a7ac8a5722ef77d23ee9340b379ca,0x1ac34198255b23ce92d3efcd9ed10a68aca01cc91af53b232c243f2077e9d8ca,
theo_n,14,358,false,9,9,offchain,500,354,1.558500,98.959900,196.195200,197.753700,7.924300,true,3104,,0x2fe6349b77f8b704a4b6fda6a67fa440bb1a7ac8a5722ef77d23ee9340b379ca,0x0ece68e28fa66c858202ec7e2b0122b790d3c8a6e32164de2ccff3f2f8f9c1cd,
theo_n,14,359,false,9,9,offchain,500,355,1.014300,98.959900,202.164500,203.178800,6.189900,true,3104,,0x2fe6349b77f8b704a4b6fda6a67fa440bb1a7ac8a5722ef77d23ee9340b379ca,0x3fb5b4605b8c379a43823d36cad4659531e671fb44eaac20784a6e297b6b185a,
theo_n,14,360,false,9,9,offchain,500,356,1.026800,98.959900,201.180500,202.207300,7.133400,true,3104,,0x2fe6349b77f8b704a4b6fda6a67fa440bb1a7ac8a5722ef77d23ee9340b379ca,0x21569add1ae527eac5dee3180e1fbbbdab52d47bbd92292baf1ce1266d839fe2,
theo_n,14,361,false,9,9,offchain,500,357,1.456400,98.959900,198.841500,200.297900,8.497900,true,3104,,0x2fe6349b77f8b704a4b6fda6a67fa440bb1a7ac8a5722ef77d23ee9340b379ca,0x2190cb22b8717fc0037afcaec5b056909afa93753955b5637fe50ac35f7688cf,
theo_n,14,362,false,9,9,offchain,500,358,1.320900,98.959900,219.912800,221.233700,9.217000,true,3104,,0x2fe6349b77f8b704a4b6fda6a67fa440bb1a7ac8a5722ef77d23ee9340b379ca,0x129736d53a640c95ca9cec89e0d9f9ec7b3e3aa8c73427ed8d11c6285b19ab42,
theo_n,14,363,false,9,9,offchain,500,359,1.445900,98.959900,189.334000,190.779900,6.072600,true,3104,,0x2fe6349b77f8b704a4b6fda6a67fa440bb1a7ac8a5722ef77d23ee9340b379ca,0x1578dced60b0bd291ce8f05f8191d20f4249f1357f2cd2e902c02b9b479e33ee,
theo_n,14,364,false,9,9,offchain,500,360,1.012300,98.959900,194.742400,195.754700,8.301600,true,3104,,0x2fe6349b77f8b704a4b6fda6a67fa440bb1a7ac8a5722ef77d23ee9340b379ca,0x233878d89fbc8ae41d1378e8c1a297efaba276372c6530c711c097556b0d6ede,
theo_n,14,365,false,9,9,offchain,500,361,1.461300,98.959900,216.234300,217.695600,6.993300,true,3104,,0x2fe6349b77f8b704a4b6fda6a67fa440bb1a7ac8a5722ef77d23ee9340b379ca,0x3a089bd539d33fe66e3e981b9b4c43c00a1380eb25eb1e6c38799369b9ea8b65,
theo_n,14,366,false,9,9,offchain,500,362,1.015300,98.959900,194.362500,195.377800,6.909800,true,3104,,0x2fe6349b77f8b704a4b6fda6a67fa440bb1a7ac8a5722ef77d23ee9340b379ca,0x02e9489b7e19c32707c75e2fb97be6d79420a4a232fbd440ac12beaecc6eacd4,
theo_n,14,367,false,9,9,offchain,500,363,1.039100,98.959900,197.649500,198.688600,5.937600,true,3104,,0x2fe6349b77f8b704a4b6fda6a67fa440bb1a7ac8a5722ef77d23ee9340b379ca,0x1129b0c78fd745eae82f15d7cf92a7a6a845343bd62256749101cf2f1a2e4c4d,
theo_n,14,368,false,9,9,offchain,500,364,1.584900,98.959900,203.708800,205.293700,6.927800,true,3104,,0x2fe6349b77f8b704a4b6fda6a67fa440bb1a7ac8a5722ef77d23ee9340b379ca,0x3da8527b99c305c392fbfd5b3a4a991d111f71e0c8a78d67507376d1e94f3965,
theo_n,14,369,false,9,9,offchain,500,365,1.013300,98.959900,184.424700,185.438000,6.626000,true,3104,,0x2fe6349b77f8b704a4b6fda6a67fa440bb1a7ac8a5722ef77d23ee9340b379ca,0x042d5a1e48d2bf3bd28eb0fc24f1bfc8e189623ee458395c929d2429dae4442f,
theo_n,14,370,false,9,9,offchain,500,366,1.238500,98.959900,196.762700,198.001200,7.947900,true,3104,,0x2fe6349b77f8b704a4b6fda6a67fa440bb1a7ac8a5722ef77d23ee9340b379ca,0x374f33159c146e929ca5e328eab53d92a8e8884fa2f86cd62d37567a33e1a097,
theo_n,14,371,false,9,9,offchain,500,367,1.219900,98.959900,207.508600,208.728500,9.175500,true,3104,,0x2fe6349b77f8b704a4b6fda6a67fa440bb1a7ac8a5722ef77d23ee9340b379ca,0x075352174bb597312f9de58525b513aa9c1a0fb332e10136431936e4861f718b,
theo_n,14,372,false,9,9,offchain,500,368,1.048100,98.959900,190.523900,191.572000,7.065300,true,3104,,0x2fe6349b77f8b704a4b6fda6a67fa440bb1a7ac8a5722ef77d23ee9340b379ca,0x3a17f2cc008f2c1cec3fd09e6c832a4e68e4fc160f8159930d5f1ece679a441c,
theo_n,14,373,false,9,9,offchain,500,369,1.060400,98.959900,193.834700,194.895100,10.093700,true,3104,,0x2fe6349b77f8b704a4b6fda6a67fa440bb1a7ac8a5722ef77d23ee9340b379ca,0x37b4cccdf08f4492d349745827729d64bbbbecb9811fb5defc9442e3717bf1cb,
theo_n,14,374,false,9,9,offchain,500,370,1.122900,98.959900,216.870000,217.992900,9.500600,true,3104,,0x2fe6349b77f8b704a4b6fda6a67fa440bb1a7ac8a5722ef77d23ee9340b379ca,0x035ef62a1666ae0b02052216bacd31c279328d9a072d3a0fc1a2a0662738f740,
theo_n,14,375,false,9,9,offchain,500,371,1.009500,98.959900,199.617600,200.627100,6.022100,true,3104,,0x2fe6349b77f8b704a4b6fda6a67fa440bb1a7ac8a5722ef77d23ee9340b379ca,0x10ba46cae20a9c421f1f0690b1e02a94a2c83bc5f14cadb487e8d219812a623a,
theo_n,14,376,false,9,9,offchain,500,372,1.022300,98.959900,195.777200,196.799500,6.039000,true,3104,,0x2fe6349b77f8b704a4b6fda6a67fa440bb1a7ac8a5722ef77d23ee9340b379ca,0x0b268baed98346a87778c554922b4611b5b073c2c8db0ad259fbc7a8b742d395,
theo_n,14,377,false,9,9,offchain,500,373,1.021000,98.959900,196.368400,197.389400,5.975400,true,3104,,0x2fe6349b77f8b704a4b6fda6a67fa440bb1a7ac8a5722ef77d23ee9340b379ca,0x11f002b23237094e2e05eef8d181e739a6b0523b73ab31081561e59b11fe10d0,
theo_n,14,378,false,9,9,offchain,500,374,1.178600,98.959900,189.682400,190.861000,7.672500,true,3104,,0x2fe6349b77f8b704a4b6fda6a67fa440bb1a7ac8a5722ef77d23ee9340b379ca,0x3738afc4528020bc3732e8d1a66ee12ac4fe368b12952cea53eee21e014c58f6,
theo_n,14,379,false,9,9,offchain,500,375,1.046800,98.959900,209.038700,210.085500,6.792900,true,3104,,0x2fe6349b77f8b704a4b6fda6a67fa440bb1a7ac8a5722ef77d23ee9340b379ca,0x0b12c1a884e88866e4cbc3a87953722b865c93e70b62920cad0fa4f182984fe7,
theo_n,14,380,false,9,9,offchain,500,376,1.011800,98.959900,210.322300,211.334100,7.049000,true,3104,,0x2fe6349b77f8b704a4b6fda6a67fa440bb1a7ac8a5722ef77d23ee9340b379ca,0x2de70f6291ae06b5a1c5819bf3fa7e836e6d130dc5cfeb3fde08d0dad953be0d,
theo_n,14,381,false,9,9,offchain,500,377,1.005500,98.959900,194.790900,195.796400,8.318000,true,3104,,0x2fe6349b77f8b704a4b6fda6a67fa440bb1a7ac8a5722ef77d23ee9340b379ca,0x2340d67cb0b0ee0ac46f075b0f811c160bc5b5505b9520e13e19d10c4f190b2e,
theo_n,14,382,false,9,9,offchain,500,378,2.027400,98.959900,193.487300,195.514700,8.393100,true,3104,,0x2fe6349b77f8b704a4b6fda6a67fa440bb1a7ac8a5722ef77d23ee9340b379ca,0x0529dafcf5a6f2872f62d09a548256ea171d3de17be784115826d5e20ab80de2,
theo_n,14,383,false,9,9,offchain,500,379,1.069400,98.959900,210.581600,211.651000,7.198100,true,3104,,0x2fe6349b77f8b704a4b6fda6a67fa440bb1a7ac8a5722ef77d23ee9340b379ca,0x3e1c806ad5148452804b6382cbf1920552432565d63a6ed0f9656008d14be5ab,
theo_n,14,384,false,9,9,offchain,500,380,1.215700,98.959900,197.173900,198.389600,6.189900,true,3104,,0x2fe6349b77f8b704a4b6fda6a67fa440bb1a7ac8a5722ef77d23ee9340b379ca,0x28f408e14b0a24ff7fd5c4e448cf69da0c0ea5c9015e52e92625706da6cbb5de,
theo_n,14,385,false,9,9,offchain,500,381,1.018500,98.959900,189.031400,190.049900,7.383000,true,3104,,0x2fe6349b77f8b704a4b6fda6a67fa440bb1a7ac8a5722ef77d23ee9340b379ca,0x37002acc711b23105cea799b1f74dd32db4c6b3c2f1a239f202b40ebba1c7a1a,
theo_n,14,386,false,9,9,offchain,500,382,1.164100,98.959900,192.252200,193.416300,7.094300,true,3104,,0x2fe6349b77f8b704a4b6fda6a67fa440bb1a7ac8a5722ef77d23ee9340b379ca,0x0ad3f8032521ba04ffcd84af6bbb0f2f23c4cf6ed3ae1aa844fb2d2eed83761a,
theo_n,14,387,false,9,9,offchain,500,383,1.064300,98.959900,202.367900,203.432200,6.202800,true,3104,,0x2fe6349b77f8b704a4b6fda6a67fa440bb1a7ac8a5722ef77d23ee9340b379ca,0x1a8fae573317e02deebf6e3f3cf71f48cd6a883242b271017f8653b41eea5609,
theo_n,14,388,false,9,9,offchain,500,384,1.089200,98.959900,189.678900,190.768100,6.642700,true,3104,,0x2fe6349b77f8b704a4b6fda6a67fa440bb1a7ac8a5722ef77d23ee9340b379ca,0x17efbd9b6c261dba41228775e46535f336fcb9e9e5c3586cbcb3e40bbe3703c7,
theo_n,14,389,false,9,9,offchain,500,385,1.043800,98.959900,206.680600,207.724400,6.184700,true,3104,,0x2fe6349b77f8b704a4b6fda6a67fa440bb1a7ac8a5722ef77d23ee9340b379ca,0x0007f8c57a174dea30f97f2bd65a127798c24a0e119e8f10774b22887554208f,
theo_n,14,390,false,9,9,offchain,500,386,1.534700,98.959900,194.761200,196.295900,6.266600,true,3104,,0x2fe6349b77f8b704a4b6fda6a67fa440bb1a7ac8a5722ef77d23ee9340b379ca,0x0ebe5e703e22a677886e132cbcbcbae892c71a7e546c89607bc3143fb1a9fe65,
theo_n,14,391,false,9,9,offchain,500,387,1.043700,98.959900,191.683700,192.727400,7.897100,true,3104,,0x2fe6349b77f8b704a4b6fda6a67fa440bb1a7ac8a5722ef77d23ee9340b379ca,0x09c70756981fddd8607cfc8f849599f7371618dcc04162976b79f47ce6ba3757,
theo_n,14,392,false,9,9,offchain,500,388,1.046300,98.959900,205.267100,206.313400,6.331200,true,3104,,0x2fe6349b77f8b704a4b6fda6a67fa440bb1a7ac8a5722ef77d23ee9340b379ca,0x155869798febc9ecb2551cad19e79dc00b155bfa29559fe1261ef2f487ddf703,
theo_n,14,393,false,9,9,offchain,500,389,1.056500,98.959900,204.553300,205.609800,8.169000,true,3104,,0x2fe6349b77f8b704a4b6fda6a67fa440bb1a7ac8a5722ef77d23ee9340b379ca,0x319bd6cfccaaf092ec5822b4d997bfcf3cde92c3d68bf7d4fb633a4587893e28,
theo_n,14,394,false,9,9,offchain,500,390,1.032900,98.959900,198.737200,199.770100,6.621800,true,3104,,0x2fe6349b77f8b704a4b6fda6a67fa440bb1a7ac8a5722ef77d23ee9340b379ca,0x261de1ec6c6a78cce00bf993c58bcfdf7a8d1e8c658d5ee5f5d31181ebedcdb9,
theo_n,14,395,false,9,9,offchain,500,391,1.090200,98.959900,210.605700,211.695900,9.080600,true,3104,,0x2fe6349b77f8b704a4b6fda6a67fa440bb1a7ac8a5722ef77d23ee9340b379ca,0x01332cc5ca3061b027fe435f19121ae29e16e76e32873c9229c3b8497991ff6c,
theo_n,14,396,false,9,9,offchain,500,392,1.115100,98.959900,209.221000,210.336100,7.386300,true,3104,,0x2fe6349b77f8b704a4b6fda6a67fa440bb1a7ac8a5722ef77d23ee9340b379ca,0x01cb378e68d25abc36049bbc8760774aa76e0d1d6339b1fb08706a4002e00aa9,
theo_n,14,397,false,9,9,offchain,500,393,1.230600,98.959900,199.723300,200.953900,6.730900,true,3104,,0x2fe6349b77f8b704a4b6fda6a67fa440bb1a7ac8a5722ef77d23ee9340b379ca,0x1bfd5883a01607c559d2bc2025067c8f5d34ac0417c50a9dd06daaced5e6ae47,
theo_n,14,398,false,9,9,offchain,500,394,1.514100,98.959900,206.978000,208.492100,7.172800,true,3104,,0x2fe6349b77f8b704a4b6fda6a67fa440bb1a7ac8a5722ef77d23ee9340b379ca,0x06b2ff4837c6fca500963fb4613f52699eb0d585a21e344150afaf5debd68768,
theo_n,14,399,false,9,9,offchain,500,395,1.016500,98.959900,191.029300,192.045800,8.045700,true,3104,,0x2fe6349b77f8b704a4b6fda6a67fa440bb1a7ac8a5722ef77d23ee9340b379ca,0x1d1cb6e530fd074c994d87bec78057495a6fe90ac3049144ccf0539c1d0e9efd,
theo_n,14,400,false,9,9,offchain,500,396,1.216000,98.959900,209.315900,210.531900,6.540800,true,3104,,0x2fe6349b77f8b704a4b6fda6a67fa440bb1a7ac8a5722ef77d23ee9340b379ca,0x30169759c6946c413cd35964d87491e00ca78d5e90cdfbf2309aea745863849a,
theo_n,14,401,false,9,9,offchain,500,397,1.086700,98.959900,204.868700,205.955400,7.234500,true,3104,,0x2fe6349b77f8b704a4b6fda6a67fa440bb1a7ac8a5722ef77d23ee9340b379ca,0x17b8ed81af3a720c87c8e8c74a649f22fb8f8dbfe0059ea9ca0f73524f967977,
theo_n,14,402,false,9,9,offchain,500,398,1.101000,98.959900,203.627600,204.728600,6.341500,true,3104,,0x2fe6349b77f8b704a4b6fda6a67fa440bb1a7ac8a5722ef77d23ee9340b379ca,0x3c4cd2b0b6161d79ea35690f49770d2c6eabbd0da71c2351f31493279a97453c,
theo_n,14,403,false,9,9,offchain,500,399,1.872100,98.959900,199.173300,201.045400,7.360000,true,3104,,0x2fe6349b77f8b704a4b6fda6a67fa440bb1a7ac8a5722ef77d23ee9340b379ca,0x203aeeeb17440e04d219428e581319449e4cc0ccfdb05dae1c6d054730b683cb,
theo_n,14,404,false,9,9,offchain,500,400,1.103200,98.959900,202.495200,203.598400,7.631200,true,3104,,0x2fe6349b77f8b704a4b6fda6a67fa440bb1a7ac8a5722ef77d23ee9340b379ca,0x2860468322f6e2f1b292467553c1b2dae1e6e0c897bbbd85941c1e509a2168ba,
theo_n,14,405,false,9,9,offchain,500,401,1.014300,98.959900,183.655200,184.669500,6.315300,true,3104,,0x2fe6349b77f8b704a4b6fda6a67fa440bb1a7ac8a5722ef77d23ee9340b379ca,0x03fcac5b0962b0a09a4d64419730ac2bd42a358d2d60df3ee89fe4c7e75b78fc,
theo_n,14,406,false,9,9,offchain,500,402,1.054700,98.959900,204.679900,205.734600,8.121200,true,3104,,0x2fe6349b77f8b704a4b6fda6a67fa440bb1a7ac8a5722ef77d23ee9340b379ca,0x05d14ee5c81c524e027df7e23af2063022966a38d2ce56387b9db8c39bebc71a,
theo_n,14,407,false,9,9,offchain,500,403,1.090300,98.959900,199.220300,200.310600,7.237300,true,3104,,0x2fe6349b77f8b704a4b6fda6a67fa440bb1a7ac8a5722ef77d23ee9340b379ca,0x382af857ef133c08884cf76c256547f234fba55c50312f1bc77531ff8f661bef,
theo_n,14,408,false,9,9,offchain,500,404,1.042700,98.959900,200.120200,201.162900,6.513500,true,3104,,0x2fe6349b77f8b704a4b6fda6a67fa440bb1a7ac8a5722ef77d23ee9340b379ca,0x378067ce19c59caf2481e3a85cf6ea2d92084606882935c582a0cead0dc67fe9,
theo_n,14,409,false,9,9,offchain,500,405,1.104800,98.959900,197.845100,198.949900,6.493900,true,3104,,0x2fe6349b77f8b704a4b6fda6a67fa440bb1a7ac8a5722ef77d23ee9340b379ca,0x0fcad7247576a1b07bb28672f54e45c1975f4d2cb12ce2a0842156e5fb11b699,
theo_n,14,410,false,9,9,offchain,500,406,1.153100,98.959900,227.406500,228.559600,8.644000,true,3104,,0x2fe6349b77f8b704a4b6fda6a67fa440bb1a7ac8a5722ef77d23ee9340b379ca,0x38a65af790c2c9862784fee26351316db26e567f622e4adb7d0816fd4e9177d5,
theo_n,14,411,false,9,9,offchain,500,407,1.088000,98.959900,218.318100,219.406100,10.206800,true,3104,,0x2fe6349b77f8b704a4b6fda6a67fa440bb1a7ac8a5722ef77d23ee9340b379ca,0x1c2fc2017df1eec0728d9fc214ee10bc9e22479d8e366ba9b187369d70a8027b,
theo_n,14,412,false,9,9,offchain,500,408,1.749200,98.959900,203.496000,205.245200,8.203600,true,3104,,0x2fe6349b77f8b704a4b6fda6a67fa440bb1a7ac8a5722ef77d23ee9340b379ca,0x2749293f5be930225c81f032ae01d3657cf15b9e8f175ccb79165a28ac42c7ea,
theo_n,14,413,false,9,9,offchain,500,409,1.397900,98.959900,194.524800,195.922700,8.429400,true,3104,,0x2fe6349b77f8b704a4b6fda6a67fa440bb1a7ac8a5722ef77d23ee9340b379ca,0x2424c12631278149456d37089d85b1b0096fd5b210e40aae3372fea25e7596eb,
theo_n,14,414,false,9,9,offchain,500,410,1.345300,98.959900,199.749700,201.095000,7.120000,true,3104,,0x2fe6349b77f8b704a4b6fda6a67fa440bb1a7ac8a5722ef77d23ee9340b379ca,0x00890c3627f8b4c1fa33fd130fc8ec8332be8b9a48a24bae26633eb496186801,
theo_n,14,415,false,9,9,offchain,500,411,1.038400,98.959900,201.632000,202.670400,7.505600,true,3104,,0x2fe6349b77f8b704a4b6fda6a67fa440bb1a7ac8a5722ef77d23ee9340b379ca,0x335bc1cf9d1a7a60c04d938ab3dfcba200a4973ac59e01dccc081d830a2ebd20,
theo_n,14,416,false,9,9,offchain,500,412,1.174600,98.959900,206.668000,207.842600,8.778300,true,3104,,0x2fe6349b77f8b704a4b6fda6a67fa440bb1a7ac8a5722ef77d23ee9340b379ca,0x3051eeaae70a0135ca7c06259b60e7300b38b187c83d219e9bf0a110f07936f3,
theo_n,14,417,false,9,9,offchain,500,413,1.047300,98.959900,197.077400,198.124700,7.111000,true,3104,,0x2fe6349b77f8b704a4b6fda6a67fa440bb1a7ac8a5722ef77d23ee9340b379ca,0x38ddc8038dcc084a7f91e85ff123089af9f9fbe059a5d0b5a0461fee19e365a1,
theo_n,14,418,false,9,9,offchain,500,414,1.040800,98.959900,184.793200,185.834000,6.380800,true,3104,,0x2fe6349b77f8b704a4b6fda6a67fa440bb1a7ac8a5722ef77d23ee9340b379ca,0x0c998c6beda0bf7e6d6c4716d2419520ff9614a9536d32f0120b7c7501a6c972,
theo_n,14,419,false,9,9,offchain,500,415,1.055300,98.959900,215.098500,216.153800,6.639100,true,3104,,0x2fe6349b77f8b704a4b6fda6a67fa440bb1a7ac8a5722ef77d23ee9340b379ca,0x21f1763129ecc1166a229c0759f3923e9389dd666a66ac882a8a72b5fcaf3f14,
theo_n,14,420,false,9,9,offchain,500,416,1.012100,98.959900,207.360000,208.372100,8.845700,true,3104,,0x2fe6349b77f8b704a4b6fda6a67fa440bb1a7ac8a5722ef77d23ee9340b379ca,0x062483f552f6f125e85ae7864aecd355503a2660849751d580036c881d968294,
theo_n,14,421,false,9,9,offchain,500,417,1.466400,98.959900,198.398100,199.864500,6.229500,true,3104,,0x2fe6349b77f8b704a4b6fda6a67fa440bb1a7ac8a5722ef77d23ee9340b379ca,0x2a23689e2d52daa118d80b056b3f00ef9c316834825107d8aa5ae12299b560d3,
theo_n,14,422,false,9,9,offchain,500,418,1.068500,98.959900,196.838600,197.907100,7.449800,true,3104,,0x2fe6349b77f8b704a4b6fda6a67fa440bb1a7ac8a5722ef77d23ee9340b379ca,0x15cf0df3bc1e48bdf1f38c9d3cb0a29d6410d1498be1cd77e8655cf63be2af1d,
theo_n,14,423,false,9,9,offchain,500,419,1.112600,98.959900,197.481700,198.594300,6.480100,true,3104,,0x2fe6349b77f8b704a4b6fda6a67fa440bb1a7ac8a5722ef77d23ee9340b379ca,0x3c9cda09eda9a57c62674791dfc47737bcaff5788bf186e41c951a215bb778a3,
theo_n,14,424,false,9,9,offchain,500,420,1.184100,98.959900,189.450800,190.634900,7.622400,true,3104,,0x2fe6349b77f8b704a4b6fda6a67fa440bb1a7ac8a5722ef77d23ee9340b379ca,0x3bddb3e04627052518e44a4aaf33fd5e30adb4e0e62e3eec864ac85ef48292c1,
theo_n,14,425,false,9,9,offchain,500,421,1.229700,98.959900,205.774400,207.004100,7.166900,true,3104,,0x2fe6349b77f8b704a4b6fda6a67fa440bb1a7ac8a5722ef77d23ee9340b379ca,0x1f3b1fd65ea8542ee12d0e4f0fe199613ed2498a8814b94105dbf6728b4dac4f,
theo_n,14,426,false,9,9,offchain,500,422,1.090600,98.959900,197.602100,198.692700,7.450800,true,3104,,0x2fe6349b77f8b704a4b6fda6a67fa440bb1a7ac8a5722ef77d23ee9340b379ca,0x20d5ff6df656d5aa1326cf761556b91b4d854779005b2540ee8542e312ef9add,
theo_n,14,427,false,9,9,offchain,500,423,1.465300,98.959900,214.473400,215.938700,7.648100,true,3104,,0x2fe6349b77f8b704a4b6fda6a67fa440bb1a7ac8a5722ef77d23ee9340b379ca,0x1a18a5b2f846e1dab412439786d5ff449a82aaf62798d12f989bf91b8aa78918,
theo_n,14,428,false,9,9,offchain,500,424,1.250700,98.959900,192.992900,194.243600,8.205900,true,3104,,0x2fe6349b77f8b704a4b6fda6a67fa440bb1a7ac8a5722ef77d23ee9340b379ca,0x3515b98ff4e0c8b08bbbbd56f8c6a8b321062b384341d1619df13c2f948a889e,
theo_n,14,429,false,9,9,offchain,500,425,1.456300,98.959900,205.169200,206.625500,7.804600,true,3104,,0x2fe6349b77f8b704a4b6fda6a67fa440bb1a7ac8a5722ef77d23ee9340b379ca,0x2e73386772fe299bc48b05a02504910a01af30cc20dc49b3341a5ba8db21dbaa,
theo_n,14,430,false,9,9,offchain,500,426,1.080900,98.959900,201.653300,202.734200,6.095800,true,3104,,0x2fe6349b77f8b704a4b6fda6a67fa440bb1a7ac8a5722ef77d23ee9340b379ca,0x34954fbd1ad6acbbb3254e1bb62afdae0687ed87e17c831e9872ba359632bb03,
theo_n,14,431,false,9,9,offchain,500,427,1.015600,98.959900,204.384900,205.400500,8.109200,true,3104,,0x2fe6349b77f8b704a4b6fda6a67fa440bb1a7ac8a5722ef77d23ee9340b379ca,0x216b9ac14777cc5361a76f7ea6c9ff6c8675c31de23904e161e7e216e071bdf4,
theo_n,14,432,false,9,9,offchain,500,428,1.038700,98.959900,205.515100,206.553800,9.061600,true,3104,,0x2fe6349b77f8b704a4b6fda6a67fa440bb1a7ac8a5722ef77d23ee9340b379ca,0x3c8d249ffe5863fc8990b79b6c685c8f2486e040f796de2d6f8ebadb4ec3f88c,
theo_n,14,433,false,9,9,offchain,500,429,1.458400,98.959900,195.723000,197.181400,6.094600,true,3104,,0x2fe6349b77f8b704a4b6fda6a67fa440bb1a7ac8a5722ef77d23ee9340b379ca,0x0bb23f36bda1165957a9810ca40db0293086b3b980d1047beddf88756538c586,
theo_n,14,434,false,9,9,offchain,500,430,1.387900,98.959900,189.747500,191.135400,6.820300,true,3104,,0x2fe6349b77f8b704a4b6fda6a67fa440bb1a7ac8a5722ef77d23ee9340b379ca,0x28239e257c233e813ac6b1c6111a6f4e90dc8d04cf4a533048fb7fbaa927640c,
theo_n,14,435,false,9,9,offchain,500,431,1.058200,98.959900,191.307200,192.365400,6.106800,true,3104,,0x2fe6349b77f8b704a4b6fda6a67fa440bb1a7ac8a5722ef77d23ee9340b379ca,0x1c8e92bdd9f9e7df3daf43a476f574090d58aa79d8c3683907a02dd4fd73b321,
theo_n,14,436,false,9,9,offchain,500,432,1.052800,98.959900,199.778600,200.831400,8.485000,true,3104,,0x2fe6349b77f8b704a4b6fda6a67fa440bb1a7ac8a5722ef77d23ee9340b379ca,0x3bd1dfbad375ccd3da2c236950121b9d0439a1a06ad90c7cf1c42e79b1c6c91d,
theo_n,14,437,false,9,9,offchain,500,433,1.461100,98.959900,202.352500,203.813600,7.210900,true,3104,,0x2fe6349b77f8b704a4b6fda6a67fa440bb1a7ac8a5722ef77d23ee9340b379ca,0x13d90fe9127ebf52315769aec41f0d636a81041b8f226c4cc964af4f202713b8,
theo_n,14,438,false,9,9,offchain,500,434,1.063300,98.959900,201.090300,202.153600,7.462200,true,3104,,0x2fe6349b77f8b704a4b6fda6a67fa440bb1a7ac8a5722ef77d23ee9340b379ca,0x3cb56609cb54db504511e90d8fb65a2d9d59f26b26a7252a39ed50febf575787,
theo_n,14,439,false,9,9,offchain,500,435,1.068800,98.959900,201.232800,202.301600,8.953500,true,3104,,0x2fe6349b77f8b704a4b6fda6a67fa440bb1a7ac8a5722ef77d23ee9340b379ca,0x024d3f5eb6699c0d997702b2663c2448ed4da5f4671ee63615ca2d69231e184c,
theo_n,14,440,false,9,9,offchain,500,436,1.463200,98.959900,196.394600,197.857800,7.704300,true,3104,,0x2fe6349b77f8b704a4b6fda6a67fa440bb1a7ac8a5722ef77d23ee9340b379ca,0x2b458da98e1fe92bf94a4afbed7672a65742f5d95bcce9a4433051ccb1420b2e,
theo_n,14,441,false,9,9,offchain,500,437,1.279700,98.959900,205.832600,207.112300,7.394100,true,3104,,0x2fe6349b77f8b704a4b6fda6a67fa440bb1a7ac8a5722ef77d23ee9340b379ca,0x252b5d09379eb2600b7ad343a6285f062cfd85f3629d9025ecd809d58b811a72,
theo_n,14,442,false,9,9,offchain,500,438,1.044600,98.959900,191.876200,192.920800,7.218200,true,3104,,0x2fe6349b77f8b704a4b6fda6a67fa440bb1a7ac8a5722ef77d23ee9340b379ca,0x2fa0658081700b443fc8d647538adec5766e48ca4a265ca5011d391974a2168d,
theo_n,14,443,false,9,9,offchain,500,439,1.577000,98.959900,197.839600,199.416600,9.497000,true,3104,,0x2fe6349b77f8b704a4b6fda6a67fa440bb1a7ac8a5722ef77d23ee9340b379ca,0x245579a4dd6f15df7303bb30589422b4f17c8231df2cf5703ffb8b6a7e6a2cae,
theo_n,14,444,false,9,9,offchain,500,440,1.731100,98.959900,196.075800,197.806900,8.777800,true,3104,,0x2fe6349b77f8b704a4b6fda6a67fa440bb1a7ac8a5722ef77d23ee9340b379ca,0x1c364c47efeeba8e4d5034a4565aaf179840d59171e45837603a46acd362816c,
theo_n,14,445,false,9,9,offchain,500,441,1.384900,98.959900,204.689500,206.074400,9.334100,true,3104,,0x2fe6349b77f8b704a4b6fda6a67fa440bb1a7ac8a5722ef77d23ee9340b379ca,0x12372317c13c17f17c87d245c5ef3f4d1e771ef3a023f9e1549b8d19c83ac296,
theo_n,14,446,false,9,9,offchain,500,442,1.813200,98.959900,215.739700,217.552900,6.407500,true,3104,,0x2fe6349b77f8b704a4b6fda6a67fa440bb1a7ac8a5722ef77d23ee9340b379ca,0x3a63844d4b224222a5912c8ae2f77102371b2aa547e36634253e5c10dde367fc,
theo_n,14,447,false,9,9,offchain,500,443,1.015900,98.959900,190.796800,191.812700,8.129100,true,3104,,0x2fe6349b77f8b704a4b6fda6a67fa440bb1a7ac8a5722ef77d23ee9340b379ca,0x32a550534ac14b52affa0aa36abce55f842817740033c381a499f32687e505d2,
theo_n,14,448,false,9,9,offchain,500,444,1.068800,98.959900,217.738500,218.807300,9.265500,true,3104,,0x2fe6349b77f8b704a4b6fda6a67fa440bb1a7ac8a5722ef77d23ee9340b379ca,0x395db188ed8f26b2a26e9763fed0c76fb746d6705b3bf9f058c257a85d63d1d4,
theo_n,14,449,false,9,9,offchain,500,445,1.630100,98.959900,196.898500,198.528600,6.010800,true,3104,,0x2fe6349b77f8b704a4b6fda6a67fa440bb1a7ac8a5722ef77d23ee9340b379ca,0x124df98c42d93d1824b40f8019a3ef96a50de6655a38d0d5f69354b6f02e6a69,
theo_n,14,450,false,9,9,offchain,500,446,1.030800,98.959900,194.172100,195.202900,7.007200,true,3104,,0x2fe6349b77f8b704a4b6fda6a67fa440bb1a7ac8a5722ef77d23ee9340b379ca,0x06a70ef54988cfdd19590310811975ab117af4f27221977d44b2285ecfd27081,
theo_n,14,451,false,9,9,offchain,500,447,1.264900,98.959900,183.737300,185.002200,7.120200,true,3104,,0x2fe6349b77f8b704a4b6fda6a67fa440bb1a7ac8a5722ef77d23ee9340b379ca,0x1a12a625214ee86a2afa77c0a050be843c370e9034cb5fcfae6ad43d0a3a0a9a,
theo_n,14,452,false,9,9,offchain,500,448,1.063100,98.959900,202.894000,203.957100,8.060500,true,3104,,0x2fe6349b77f8b704a4b6fda6a67fa440bb1a7ac8a5722ef77d23ee9340b379ca,0x24016291e09c2e574cc110dbf25dc788b858b734b8b80d2fd29e901858c81977,
theo_n,14,453,false,9,9,offchain,500,449,1.050500,98.959900,202.428800,203.479300,7.495200,true,3104,,0x2fe6349b77f8b704a4b6fda6a67fa440bb1a7ac8a5722ef77d23ee9340b379ca,0x2000666d65a525f713184e9e342dab1d135842ea15a91d656b86509e91d2a9a6,
theo_n,14,454,false,9,9,offchain,500,450,1.051700,98.959900,200.035400,201.087100,7.250900,true,3104,,0x2fe6349b77f8b704a4b6fda6a67fa440bb1a7ac8a5722ef77d23ee9340b379ca,0x3c4d5f7ebd1944e26695be9f4c1ffd5d11d9fd995b4570bd08514d9c4281d8f5,
theo_n,14,455,false,9,9,offchain,500,451,1.064100,98.959900,184.529500,185.593600,6.100900,true,3104,,0x2fe6349b77f8b704a4b6fda6a67fa440bb1a7ac8a5722ef77d23ee9340b379ca,0x23a44296cb2007359e11ac651732a70f70c51caea30595bfc0f5644dcd318e51,
theo_n,14,456,false,9,9,offchain,500,452,1.063100,98.959900,192.973700,194.036800,6.537900,true,3104,,0x2fe6349b77f8b704a4b6fda6a67fa440bb1a7ac8a5722ef77d23ee9340b379ca,0x05235900d53e21f8df5a13af4f3768ce4851cfe937f994c756709d774bac7cfd,
theo_n,14,457,false,9,9,offchain,500,453,1.056500,98.959900,204.531300,205.587800,8.959100,true,3104,,0x2fe6349b77f8b704a4b6fda6a67fa440bb1a7ac8a5722ef77d23ee9340b379ca,0x07bf4654e53f195090b658f17474a3cf21b348ddd5f149a4047e6e6f76c73a7f,
theo_n,14,458,false,9,9,offchain,500,454,1.041500,98.959900,213.109300,214.150800,7.371100,true,3104,,0x2fe6349b77f8b704a4b6fda6a67fa440bb1a7ac8a5722ef77d23ee9340b379ca,0x3a9e200c1ba43abe65ca0d961bd837cc8aa76d6560d9270803409cf9ff2f82c4,
theo_n,14,459,false,9,9,offchain,500,455,1.044200,98.959900,209.283600,210.327800,7.187400,true,3104,,0x2fe6349b77f8b704a4b6fda6a67fa440bb1a7ac8a5722ef77d23ee9340b379ca,0x274099acc6646b31b34b7018652aed4e6af6c7b916187ff5234663515a24af6c,
theo_n,14,460,false,9,9,offchain,500,456,1.022300,98.959900,186.856000,187.878300,7.744200,true,3104,,0x2fe6349b77f8b704a4b6fda6a67fa440bb1a7ac8a5722ef77d23ee9340b379ca,0x17b5933323233f8d8327547bca49990423c0bd9a5726a299f57e234b5662c56d,
theo_n,14,461,false,9,9,offchain,500,457,1.119100,98.959900,208.816100,209.935200,7.882000,true,3104,,0x2fe6349b77f8b704a4b6fda6a67fa440bb1a7ac8a5722ef77d23ee9340b379ca,0x28d2cb099482136fd3f1167fdcd042773850722bd5aa22837e50460cf134bd78,
theo_n,14,462,false,9,9,offchain,500,458,1.013300,98.959900,196.002600,197.015900,7.603300,true,3104,,0x2fe6349b77f8b704a4b6fda6a67fa440bb1a7ac8a5722ef77d23ee9340b379ca,0x1f7b8c6e710e769bd1cf13a207ade254066a7c9ad1333f60806afd351332f4b5,
theo_n,14,463,false,9,9,offchain,500,459,1.948000,98.959900,191.069300,193.017300,7.830900,true,3104,,0x2fe6349b77f8b704a4b6fda6a67fa440bb1a7ac8a5722ef77d23ee9340b379ca,0x046c0db199c1147c0e39f2827ba2d5d57dde77da8d81836b40f45c16c3ef1688,
theo_n,14,464,false,9,9,offchain,500,460,1.214500,98.959900,190.773400,191.987900,6.224900,true,3104,,0x2fe6349b77f8b704a4b6fda6a67fa440bb1a7ac8a5722ef77d23ee9340b379ca,0x1a82f980ed131a96dee238adb71d627e2cb1e3d8648f7119a5344f90ef27ed93,
theo_n,14,465,false,9,9,offchain,500,461,1.046100,98.959900,192.624700,193.670800,6.493100,true,3104,,0x2fe6349b77f8b704a4b6fda6a67fa440bb1a7ac8a5722ef77d23ee9340b379ca,0x24373920779d6db38f392ba83294738f12306eb2751f0e41a5e51ea110fec8a3,
theo_n,14,466,false,9,9,offchain,500,462,1.403300,98.959900,198.671500,200.074800,6.711900,true,3104,,0x2fe6349b77f8b704a4b6fda6a67fa440bb1a7ac8a5722ef77d23ee9340b379ca,0x1efd678d74e8fbe9bd05fa096545ebd991a6dfcf99a76857815df82a6e478967,
theo_n,14,467,false,9,9,offchain,500,463,1.049600,98.959900,206.024300,207.073900,7.611000,true,3104,,0x2fe6349b77f8b704a4b6fda6a67fa440bb1a7ac8a5722ef77d23ee9340b379ca,0x3d7dfec478dc1325a14ebfdf2aed92a5490dd882f66b4c116c8f21772530f217,
theo_n,14,468,false,9,9,offchain,500,464,1.080800,98.959900,201.368200,202.449000,8.866000,true,3104,,0x2fe6349b77f8b704a4b6fda6a67fa440bb1a7ac8a5722ef77d23ee9340b379ca,0x263189d5f8822b4f70311cbea099edda8b1e8b01abc0bb7f822b463751f99c62,
theo_n,14,469,false,9,9,offchain,500,465,1.109700,98.959900,190.954000,192.063700,6.316000,true,3104,,0x2fe6349b77f8b704a4b6fda6a67fa440bb1a7ac8a5722ef77d23ee9340b379ca,0x3c3f785924c2f752b812fc586afcf3d3e33f09d1e1262508ec094fdadc8ce9f5,
theo_n,14,470,false,9,9,offchain,500,466,1.054000,98.959900,185.212900,186.266900,6.245400,true,3104,,0x2fe6349b77f8b704a4b6fda6a67fa440bb1a7ac8a5722ef77d23ee9340b379ca,0x19f1f8a613737783c05a78492a47dbd39bd2ff62f7e2e9bf45e7915ead23092d,
theo_n,14,471,false,9,9,offchain,500,467,1.061100,98.959900,198.891500,199.952600,7.400100,true,3104,,0x2fe6349b77f8b704a4b6fda6a67fa440bb1a7ac8a5722ef77d23ee9340b379ca,0x11bc0afb1fc5421c087d49f99e01024212fe94a7b26e95b272a39feed80aaaa5,
theo_n,14,472,false,9,9,offchain,500,468,1.497500,98.959900,194.268800,195.766300,6.345400,true,3104,,0x2fe6349b77f8b704a4b6fda6a67fa440bb1a7ac8a5722ef77d23ee9340b379ca,0x3b2632f5e2340c60fc0086e6d0b94eebe93de7299607b769933d105ce7671be1,
theo_n,14,473,false,9,9,offchain,500,469,1.040400,98.959900,196.083600,197.124000,6.431200,true,3104,,0x2fe6349b77f8b704a4b6fda6a67fa440bb1a7ac8a5722ef77d23ee9340b379ca,0x3c85c8bcfe13e01a9b7ad594064bc15c667ffc9ee042ea4a39478cd3dd190fbf,
theo_n,14,474,false,9,9,offchain,500,470,1.043200,98.959900,201.785100,202.828300,8.136800,true,3104,,0x2fe6349b77f8b704a4b6fda6a67fa440bb1a7ac8a5722ef77d23ee9340b379ca,0x1bdeab74cfadbe395b77d92b8e792340a4e74f28ec30d31d6b25cbbe1788f656,
theo_n,14,475,false,9,9,offchain,500,471,1.036400,98.959900,212.007100,213.043500,7.464200,true,3104,,0x2fe6349b77f8b704a4b6fda6a67fa440bb1a7ac8a5722ef77d23ee9340b379ca,0x2da5b1152e8a3614f9f938dcfe46aafa2fea0df5d01933f5668bc901706ec7a9,
theo_n,14,476,false,9,9,offchain,500,472,1.050700,98.959900,204.843800,205.894500,8.288900,true,3104,,0x2fe6349b77f8b704a4b6fda6a67fa440bb1a7ac8a5722ef77d23ee9340b379ca,0x3cfea5767e10b395defcecb770cbc3e718b491547a767c38b16a7a42f98e4edd,
theo_n,14,477,false,9,9,offchain,500,473,1.041400,98.959900,215.973200,217.014600,9.750500,true,3104,,0x2fe6349b77f8b704a4b6fda6a67fa440bb1a7ac8a5722ef77d23ee9340b379ca,0x3a5fadb93e3f4bda78faa87046eec4b7f05f1d42bc270fedd569aa9159d682d2,
theo_n,14,478,false,9,9,offchain,500,474,1.599000,98.959900,195.933000,197.532000,10.262100,true,3104,,0x2fe6349b77f8b704a4b6fda6a67fa440bb1a7ac8a5722ef77d23ee9340b379ca,0x2b6da1cce10d26ce24b68f5998e18e0e6b9f2f68a1abd7c536531f5b604afeee,
theo_n,14,479,false,9,9,offchain,500,475,1.857000,98.959900,188.200200,190.057200,6.237600,true,3104,,0x2fe6349b77f8b704a4b6fda6a67fa440bb1a7ac8a5722ef77d23ee9340b379ca,0x25237d563bc0019fa40ace12305aad6cf551c574bc637a067cb0b61f089492bf,
theo_n,14,480,false,9,9,offchain,500,476,1.064300,98.959900,195.300200,196.364500,7.588200,true,3104,,0x2fe6349b77f8b704a4b6fda6a67fa440bb1a7ac8a5722ef77d23ee9340b379ca,0x23cdce466083e46fbe3c8950bb704c6120b38eba50567603ab77b13edb38eb19,
theo_n,14,481,false,9,9,offchain,500,477,1.049100,98.959900,204.155200,205.204300,6.411300,true,3104,,0x2fe6349b77f8b704a4b6fda6a67fa440bb1a7ac8a5722ef77d23ee9340b379ca,0x28a43702e3618637c8e95c0743bdd4170d57f7b585705731feeca300dbc75b74,
theo_n,14,482,false,9,9,offchain,500,478,1.032400,98.959900,196.523700,197.556100,7.024600,true,3104,,0x2fe6349b77f8b704a4b6fda6a67fa440bb1a7ac8a5722ef77d23ee9340b379ca,0x0a9f91542b5d182f0354fadbefef88088f13934a4356a85772d8ec593ea11671,
theo_n,14,483,false,9,9,offchain,500,479,1.061500,98.959900,196.425800,197.487300,9.219900,true,3104,,0x2fe6349b77f8b704a4b6fda6a67fa440bb1a7ac8a5722ef77d23ee9340b379ca,0x25a6b64bdf37d769433b592ad4d238e5082e0fbca739cb5b94266f486254fb75,
theo_n,14,484,false,9,9,offchain,500,480,1.054400,98.959900,214.557800,215.612200,9.454200,true,3104,,0x2fe6349b77f8b704a4b6fda6a67fa440bb1a7ac8a5722ef77d23ee9340b379ca,0x1656da303f31fa263f742431516ec6106196bce101abf4b906290db03d2cbd32,
theo_n,14,485,false,9,9,offchain,500,481,1.640300,98.959900,204.235700,205.876000,7.102400,true,3104,,0x2fe6349b77f8b704a4b6fda6a67fa440bb1a7ac8a5722ef77d23ee9340b379ca,0x022aac70ab03d4e101aa2de4acb16a7b235850930a270938551a70ba185337c6,
theo_n,14,486,false,9,9,offchain,500,482,1.056200,98.959900,184.291400,185.347600,6.396100,true,3104,,0x2fe6349b77f8b704a4b6fda6a67fa440bb1a7ac8a5722ef77d23ee9340b379ca,0x369ef1d21cbba87606ada86ecd1228f19d62eda411b69f3bb42fe3cd85e2174c,
theo_n,14,487,false,9,9,offchain,500,483,1.044600,98.959900,208.956100,210.000700,9.571600,true,3104,,0x2fe6349b77f8b704a4b6fda6a67fa440bb1a7ac8a5722ef77d23ee9340b379ca,0x3fcd2257c5217c42444666e1ed1ea368ea4e0fa49a46e61872737fb102349c7f,
theo_n,14,488,false,9,9,offchain,500,484,1.456000,98.959900,206.818700,208.274700,6.819100,true,3104,,0x2fe6349b77f8b704a4b6fda6a67fa440bb1a7ac8a5722ef77d23ee9340b379ca,0x1961619322259930a950048d8453ff85cd0f6710021675929619671aed29f969,
theo_n,14,489,false,9,9,offchain,500,485,1.018200,98.959900,195.539900,196.558100,7.597500,true,3104,,0x2fe6349b77f8b704a4b6fda6a67fa440bb1a7ac8a5722ef77d23ee9340b379ca,0x2a7430ce46ae85a1e9d9470ba26b9e641779a7aa81986fbb1cd50792ed0fce21,
theo_n,14,490,false,9,9,offchain,500,486,1.024700,98.959900,200.424700,201.449400,7.131300,true,3104,,0x2fe6349b77f8b704a4b6fda6a67fa440bb1a7ac8a5722ef77d23ee9340b379ca,0x3b09e4f95321c65024dc1128ca572783ef0fd6d326ad86deb1eb100a63bbe678,
theo_n,14,491,false,9,9,offchain,500,487,1.097900,98.959900,199.644800,200.742700,7.705600,true,3104,,0x2fe6349b77f8b704a4b6fda6a67fa440bb1a7ac8a5722ef77d23ee9340b379ca,0x22456a792d79a56dfb8f97bdda4dd881e873685ccff935533c185d9e5bce9bf2,
theo_n,14,492,false,9,9,offchain,500,488,1.119600,98.959900,196.264600,197.384200,6.106700,true,3104,,0x2fe6349b77f8b704a4b6fda6a67fa440bb1a7ac8a5722ef77d23ee9340b379ca,0x1e78ee850b66493a0db80da484fac142eee6e27e658d95876c021d0038634936,
theo_n,14,493,false,9,9,offchain,500,489,1.475300,98.959900,192.843600,194.318900,6.399700,true,3104,,0x2fe6349b77f8b704a4b6fda6a67fa440bb1a7ac8a5722ef77d23ee9340b379ca,0x0ef99c29683ead0cbf5acc75db2319f5ce9a59f748f08bcba096e9f18bc93fd1,
theo_n,14,494,false,9,9,offchain,500,490,1.053100,98.959900,194.119800,195.172900,6.227400,true,3104,,0x2fe6349b77f8b704a4b6fda6a67fa440bb1a7ac8a5722ef77d23ee9340b379ca,0x207a5186c3c34f03e1136241eb4967e3ef04523abf2ed6e53e0abcf6413be6d8,
theo_n,14,495,false,9,9,offchain,500,491,1.127800,98.959900,197.106100,198.233900,6.336900,true,3104,,0x2fe6349b77f8b704a4b6fda6a67fa440bb1a7ac8a5722ef77d23ee9340b379ca,0x2c03f4c00cb186934e855beedc995b24b125cb2ba9ae9ca2a1e2683d3d3b641d,
theo_n,14,496,false,9,9,offchain,500,492,1.058800,98.959900,197.924400,198.983200,6.237000,true,3104,,0x2fe6349b77f8b704a4b6fda6a67fa440bb1a7ac8a5722ef77d23ee9340b379ca,0x2a4491a9d395798616221dd1cec97778e9068cec0bcebd1df6f7f54a7f8709de,
theo_n,14,497,false,9,9,offchain,500,493,1.085500,98.959900,194.121100,195.206600,7.722200,true,3104,,0x2fe6349b77f8b704a4b6fda6a67fa440bb1a7ac8a5722ef77d23ee9340b379ca,0x31f9f4ef39e9980944fef56eae532ffd64759c886368a1d3664d2a8b32af4061,
theo_n,14,498,false,9,9,offchain,500,494,1.046200,98.959900,204.062800,205.109000,6.414500,true,3104,,0x2fe6349b77f8b704a4b6fda6a67fa440bb1a7ac8a5722ef77d23ee9340b379ca,0x1382ac46b683ed93827f9edc831399ff0a7fb3b3604b6aff818778d54aa9bd85,
theo_n,14,499,false,9,9,offchain,500,495,1.072900,98.959900,199.488200,200.561100,6.208400,true,3104,,0x2fe6349b77f8b704a4b6fda6a67fa440bb1a7ac8a5722ef77d23ee9340b379ca,0x098d8f77a52a20385af5063bc3dda760c6327a039df3bddd9abdd48316e84c2c,
theo_n,14,500,false,9,9,offchain,500,496,1.075800,98.959900,191.073200,192.149000,6.346300,true,3104,,0x2fe6349b77f8b704a4b6fda6a67fa440bb1a7ac8a5722ef77d23ee9340b379ca,0x33ddc8eeb3b77b0a441a211a1cb69eee70b53a465630619f0814f96337665edf,
theo_n,14,501,false,9,9,offchain,500,497,1.072600,98.959900,195.375900,196.448500,7.289600,true,3104,,0x2fe6349b77f8b704a4b6fda6a67fa440bb1a7ac8a5722ef77d23ee9340b379ca,0x054e2236fbaad7cc4726815852831e0b24470816a6c07d78b0d9d280456b71a4,
theo_n,14,502,false,9,9,offchain,500,498,1.838200,98.959900,211.423600,213.261800,8.425300,true,3104,,0x2fe6349b77f8b704a4b6fda6a67fa440bb1a7ac8a5722ef77d23ee9340b379ca,0x099e04b9c764d5f3137e72d7de8c8a64e3f72edd86ea5b1ac089876cf20e393c,
theo_n,14,503,false,9,9,offchain,500,499,1.059200,98.959900,185.730600,186.789800,7.422800,true,3104,,0x2fe6349b77f8b704a4b6fda6a67fa440bb1a7ac8a5722ef77d23ee9340b379ca,0x0b6f8127080790145005f632c7de6ad5fdb8a886521c8fa39d063e6193ace58b,
