thi_nghiem,run_id,iteration,warmup,d,k,mechanism,n,student_index,deploy_pool_gas,deploy_verifier_gas,update_root_gas,verify_gas,verify_onchain_ms,withdraw_gas,withdraw_ms,verify_record_gas,verify_record_ms,settle_gas,settle_ms,root,nullifier
theo_n,13,1,true,9,13,onchain,500,0,1979758,4554511,459000,532226,745.843500,582615,567.673400,615607,630.959500,69626,25.245600,0x098b50423eb1b80e5a7fb520438bb4f17cbf6c9b9e6ebef7938342aa2df694fe,0x0908cbf85e088d680fbd39fdb24b3cc3dd4a43f6c03cd816e06f24aad0ed40c9
theo_n,13,2,true,9,13,onchain,500,1,1979758,4554511,459000,532370,559.909600,582747,551.682100,615739,542.580100,69626,24.863500,0x098b50423eb1b80e5a7fb520438bb4f17cbf6c9b9e6ebef7938342aa2df694fe,0x067e06c893d9a0e4d6fd53a0046674c8f20bf84f7b70811bf473ffa211d8c6bd
theo_n,13,3,true,9,13,onchain,500,2,1979758,4554511,459000,532370,563.247100,582759,608.027200,615751,544.755600,69626,59.176300,0x098b50423eb1b80e5a7fb520438bb4f17cbf6c9b9e6ebef7938342aa2df694fe,0x0b8fe57083cdcc700c57fbcf6933cb725896572c6ab544b6f4d8e1c6ab38f07b
theo_n,13,4,false,9,13,onchain,500,0,1979758,4554511,459000,532226,558.355200,582615,572.831400,615607,580.614200,69626,23.282800,0x098b50423eb1b80e5a7fb520438bb4f17cbf6c9b9e6ebef7938342aa2df694fe,0x0908cbf85e088d680fbd39fdb24b3cc3dd4a43f6c03cd816e06f24aad0ed40c9
theo_n,13,5,false,9,13,onchain,500,1,1979758,4554511,459000,532370,554.353600,582747,575.585100,615739,611.169700,69626,20.336600,0x098b50423eb1b80e5a7fb520438bb4f17cbf6c9b9e6ebef7938342aa2df694fe,0x067e06c893d9a0e4d6fd53a0046674c8f20bf84f7b70811bf473ffa211d8c6bd
theo_n,13,6,false,9,13,onchain,500,2,1979758,4554511,459000,532370,609.442500,582759,694.308300,615751,569.808300,69626,20.225000,0x098b50423eb1b80e5a7fb520438bb4f17cbf6c9b9e6ebef7938342aa2df694fe,0x0b8fe57083cdcc700c57fbcf6933cb725896572c6ab544b6f4d8e1c6ab38f07b
theo_n,13,7,false,9,13,onchain,500,3,1979758,4554511,459000,532286,616.550000,582675,570.729000,615667,574.840300,69626,29.288400,0x098b50423eb1b80e5a7fb520438bb4f17cbf6c9b9e6ebef7938342aa2df694fe,0x107c70d191e489c806456c18cf98e286488b248a7e2ac57b6576b30dfade8db2
theo_n,13,8,false,9,13,onchain,500,4,1979758,4554511,459000,532322,585.472800,582711,577.410600,615703,606.221000,69626,21.395800,0x098b50423eb1b80e5a7fb520438bb4f17cbf6c9b9e6ebef7938342aa2df694fe,0x0a311bfe27c095e9b61eb94f9bfdc9d5e247dfd2f96271cff3d32612a2e7339a
theo_n,13,9,false,9,13,onchain,500,5,1979758,4554511,459000,532250,539.632900,582639,614.062000,615631,655.615700,69626,31.850000,0x098b50423eb1b80e5a7fb520438bb4f17cbf6c9b9e6ebef7938342aa2df694fe,0x18b6e24c33265e51a6ebce655f0c7d8cc56a336e228450d97e77a9ef874404bc
theo_n,13,10,false,9,13,onchain,500,6,1979758,4554511,459000,532322,597.378100,582711,553.607900,615703,596.134000,69626,26.891400,0x098b50423eb1b80e5a7fb520438bb4f17cbf6c9b9e6ebef7938342aa2df694fe,0x178454ab459643088f4034d21806282a31eacc6d694df8a91a76f6cadc1e4e05
theo_n,13,11,false,9,13,onchain,500,7,1979758,4554511,459000,532094,567.195000,582483,570.939300,615475,553.690400,69626,23.914200,0x098b50423eb1b80e5a7fb520438bb4f17cbf6c9b9e6ebef7938342aa2df694fe,0x156330b35df029b9ac8c5cf74cf1978f087f063d91916404df8a0984916950ac
theo_n,13,12,false,9,13,onchain,500,8,1979758,4554511,459000,532418,566.486300,582795,584.155500,615787,650.410200,69614,22.834900,0x098b50423eb1b80e5a7fb520438bb4f17cbf6c9b9e6ebef7938342aa2df694fe,0x15bf766aa145bc49955f4b440b0070cdb1823fdb1a4942a856ae7a53dd251a8a
theo_n,13,13,false,9,13,onchain,500,9,1979758,4554511,459000,532274,543.482500,582651,575.944000,615643,533.905500,69626,23.269800,0x098b50423eb1b80e5a7fb520438bb4f17cbf6c9b9e6ebef7938342aa2df694fe,0x145e23340ae3a5c2a8a430e0bd8150939cf9d3336c5a111f39801cc2a9171cea
theo_n,13,14,false,9,13,onchain,500,10,1979758,4554511,459000,532250,531.285400,582639,576.682400,615631,573.441900,69626,21.534500,0x098b50423eb1b80e5a7fb520438bb4f17cbf6c9b9e6ebef7938342aa2df694fe,0x19d8b479a4eb2ed56fc544f5f258c142afbc9733ce11579245b90f6471cc5aa2
theo_n,13,15,false,9,13,onchain,500,11,1979758,4554511,459000,532310,551.262400,582699,590.637300,615691,607.772200,69626,19.095700,0x098b50423eb1b80e5a7fb520438bb4f17cbf6c9b9e6ebef7938342aa2df694fe,0x17115cce247ab17833ce4f971544dcf98cba44f30ac3caa2b60573600696808c
theo_n,13,16,false,9,13,onchain,500,12,1979758,4554511,459000,532346,577.282700,582735,572.027300,615727,586.773300,69626,22.751300,0x098b50423eb1b80e5a7fb520438bb4f17cbf6c9b9e6ebef7938342aa2df694fe,0x12f7111f7f65e737c4608f3f8cffc3dea6a29e14af7ddcba52cac254304ecd23
theo_n,13,17,false,9,13,onchain,500,13,1979758,4554511,459000,532178,590.450200,582567,572.695000,615559,535.756400,69626,17.992300,0x098b50423eb1b80e5a7fb520438bb4f17cbf6c9b9e6ebef7938342aa2df694fe,0x146554373ef67f5de307538cfcb7e62015f4c7d7791f0be35f5897031ab12a59
theo_n,13,18,false,9,13,onchain,500,14,1979758,4554511,459000,532262,616.669900,582651,573.535800,615643,599.182100,69626,30.315400,0x098b50423eb1b80e5a7fb520438bb4f17cbf6c9b9e6ebef7938342aa2df694fe,0x298177b133ab3f68a2e47c6d74787973892a7540de8dcd16ae80701b4d1a19b5
theo_n,13,19,false,9,13,onchain,500,15,1979758,4554511,459000,532226,613.184700,582615,598.461000,615607,585.464900,69626,19.166700,0x098b50423eb1b80e5a7fb520438bb4f17cbf6c9b9e6ebef7938342aa2df694fe,0x290f20350f10923907c139526a8eeb150f99e2573a16d6916fe0f769c993f49a
theo_n,13,20,false,9,13,onchain,500,16,1979758,4554511,459000,532286,542.769400,582675,561.882900,615667,584.124300,69626,61.341200,0x098b50423eb1b80e5a7fb520438bb4f17cbf6c9b9e6ebef7938342aa2df694fe,0x171e66512384a041ca6a5f708a5b4fdda9cf24ab176412c6f6900afc3c6dedb8
theo_n,13,21,false,9,13,onchain,500,17,1979758,4554511,459000,532274,567.303700,582663,565.097700,615655,604.420500,69626,22.640700,0x098b50423eb1b80e5a7fb520438bb4f17cbf6c9b9e6ebef7938342aa2df694fe,0x1be2fe80e5029582e3f6e62f4cb2a84d401feee79f16b335d0bc369a395a0853
theo_n,13,22,false,9,13,onchain,500,18,1979758,4554511,459000,532274,547.427600,582663,541.466300,615655,602.949900,69626,31.608300,0x098b50423eb1b80e5a7fb520438bb4f17cbf6c9b9e6ebef7938342aa2df694fe,0x0bb978d615ff4f194a9934af270a428732e8174c4311c8beb31d4e0bbabbc0bc
theo_n,13,23,false,9,13,onchain,500,19,1979758,4554511,459000,532310,563.264000,582699,580.941700,615691,618.066000,69626,22.335000,0x098b50423eb1b80e5a7fb520438bb4f17cbf6c9b9e6ebef7938342aa2df694fe,0x04726770464b2bff8da321b67038b812b34fa5fa5cdf99f1314cba8589a165bc
theo_n,13,24,false,9,13,onchain,500,20,1979758,4554511,459000,532370,588.657900,582759,583.432600,615751,561.885800,69626,19.801200,0x098b50423eb1b80e5a7fb520438bb4f17cbf6c9b9e6ebef7938342aa2df694fe,0x03d6f9ca63a41aff3fb9a8fc838ab1ed3ceedc7c249c5dc4c19d5955e351be13
theo_n,13,25,false,9,13,onchain,500,21,1979758,4554511,459000,532286,612.623700,582675,601.038900,615667,571.714200,69626,16.316600,0x098b50423eb1b80e5a7fb520438bb4f17cbf6c9b9e6ebef7938342aa2df694fe,0x1686fa19ed842d8106f86663fe6e6888a8bfb3e985dcfd2bb1db169ffcda5da5
theo_n,13,26,false,9,13,onchain,500,22,1979758,4554511,459000,532298,539.309700,582687,696.459500,615679,929.227900,69626,29.171000,0x098b50423eb1b80e5a7fb520438bb4f17cbf6c9b9e6ebef7938342aa2df694fe,0x23e82ec09d717b107d77dc26eb5dc265ea1fc45985e29b8cc3cb17430ff24a0c
theo_n,13,27,false,9,13,onchain,500,23,1979758,4554511,459000,532310,611.522500,582699,748.868000,615691,589.640700,69626,24.217300,0x098b50423eb1b80e5a7fb520438bb4f17cbf6c9b9e6ebef7938342aa2df694fe,0x10b3bd195947d421c2d2b26290f8c337fd0828e5148886d256cae19c30dd3457
theo_n,13,28,false,9,13,onchain,500,24,1979758,4554511,459000,532262,590.575300,582639,588.724900,615631,606.256300,69626,31.736300,0x098b50423eb1b80e5a7fb520438bb4f17cbf6c9b9e6ebef7938342aa2df694fe,0x2a99ad2dc4636645cb03a3f8cddbcf89d41b4a9e486facca27dfee54675abb9c
theo_n,13,29,false,9,13,onchain,500,25,1979758,4554511,459000,532274,610.171300,582651,591.468300,615643,704.857700,69614,21.601000,0x098b50423eb1b80e5a7fb520438bb4f17cbf6c9b9e6ebef7938342aa2df694fe,0x1cd40d323ccd0838cfec775d1003317bf356cafeaba2b700c3af3c61def30fca
theo_n,13,30,false,9,13,onchain,500,26,1979758,4554511,459000,532358,565.955000,582747,605.391900,615739,732.342600,69626,22.840000,0x098b50423eb1b80e5a7fb520438bb4f17cbf6c9b9e6ebef7938342aa2df694fe,0x2eb42444691d4d15abfb91e44bb63be709bec40b9e54f4360f24d4480534af10
theo_n,13,31,false,9,13,onchain,500,27,1979758,4554511,459000,532286,551.714300,582675,605.973300,615667,621.998300,69626,55.508400,0x098b50423eb1b80e5a7fb520438bb4f17cbf6c9b9e6ebef7938342aa2df694fe,0x2c174593cceb5f490ba8f6ba09cd052e5c25a821a271f28bc1a25fe480d609d8
theo_n,13,32,false,9,13,onchain,500,28,1979758,4554511,459000,532382,542.451900,582771,594.774300,615763,584.382000,69626,24.193300,0x098b50423eb1b80e5a7fb520438bb4f17cbf6c9b9e6ebef7938342aa2df694fe,0x23665977a843f888d72d4f179e9f9d837be558853b6806d1436951fa322c1221
theo_n,13,33,false,9,13,onchain,500,29,1979758,4554511,459000,532370,573.856400,582759,569.748200,615751,581.023000,69626,21.382100,0x098b50423eb1b80e5a7fb520438bb4f17cbf6c9b9e6ebef7938342aa2df694fe,0x1784bc5a44d0a6e7b87bdd0fd4e563361f98a6aa39b7964e0907b239a38b84e7
theo_n,13,34,false,9,13,onchain,500,30,1979758,4554511,459000,532334,574.206600,582723,558.854500,615715,568.404500,69626,23.420100,0x098b50423eb1b80e5a7fb520438bb4f17cbf6c9b9e6ebef7938342aa2df694fe,0x202c4e9e6402e7f390a4ab85d1370541fe76c37421ce3a51ac5805c4b24b6da9
theo_n,13,35,false,9,13,onchain,500,31,1979758,4554511,459000,532214,551.345200,582603,601.081000,615595,587.840700,69626,25.858600,0x098b50423eb1b80e5a7fb520438bb4f17cbf6c9b9e6ebef7938342aa2df694fe,0x26ac62095e0835f5045ef0c786313c5c49c66bfa9a9c59a9176a5e55ca7e0d2f
theo_n,13,36,false,9,13,onchain,500,32,1979758,4554511,459000,532286,532.248900,582675,569.073500,615667,588.981800,69626,35.250400,0x098b50423eb1b80e5a7fb520438bb4f17cbf6c9b9e6ebef7938342aa2df694fe,0x0999d39078de7333e04118695737bc5efd57941984dd9136fc1c1b2063a26adc
theo_n,13,37,false,9,13,onchain,500,33,1979758,4554511,459000,532286,534.824300,582675,574.782800,615667,588.830400,69626,25.957100,0x098b50423eb1b80e5a7fb520438bb4f17cbf6c9b9e6ebef7938342aa2df694fe,0x21595eb5cbf9542bc3565fb23a44f93e50797512cb2156aa0f1bf0cccd52959e
theo_n,13,38,false,9,13,onchain,500,34,1979758,4554511,459000,532334,525.951700,582711,579.843700,615703,580.568700,69614,27.700700,0x098b50423eb1b80e5a7fb520438bb4f17cbf6c9b9e6ebef7938342aa2df694fe,0x25c79e1b2c8e7e076990cd6c719d9fad9068d6cd9b911cb567af007fd9ae9012
theo_n,13,39,false,9,13,onchain,500,35,1979758,4554511,459000,532310,538.826100,582699,609.768500,615691,612.751000,69626,28.524300,0x098b50423eb1b80e5a7fb520438bb4f17cbf6c9b9e6ebef7938342aa2df694fe,0x12b71401342adb56754a25ca9b90161c500f6d1db94481a55ff459a7aebc3185
theo_n,13,40,false,9,13,onchain,500,36,1979758,4554511,459000,532298,578.262700,582687,587.138800,615679,563.407600,69626,20.317900,0x098b50423eb1b80e5a7fb520438bb4f17cbf6c9b9e6ebef7938342aa2df694fe,0x1bf1c17e9fed35f18ad1a97d36860e5c49872e06811178e1de9764c9d878dc29
theo_n,13,41,false,9,13,onchain,500,37,1979758,4554511,459000,532334,576.177800,582723,588.926000,615715,593.794700,69626,22.611700,0x098b50423eb1b80e5a7fb520438bb4f17cbf6c9b9e6ebef7938342aa2df694fe,0x2b638435867637f2946659187916cd17968a726d781e30c6e61925210b314d02
theo_n,13,42,false,9,13,onchain,500,38,1979758,4554511,459000,532238,554.842200,582615,553.455600,615607,599.169700,69614,17.853700,0x098b50423eb1b80e5a7fb520438bb4f17cbf6c9b9e6ebef7938342aa2df694fe,0x2bdbfab8d0294126af14982e1000d41a61e11326b0ce247a7116adeeea7985cd
theo_n,13,43,false,9,13,onchain,500,39,1979758,4554511,459000,532142,545.399400,582531,622.226700,615523,606.760700,69626,34.828400,0x098b50423eb1b80e5a7fb520438bb4f17cbf6c9b9e6ebef7938342aa2df694fe,0x0aa7bf1d39d93e1954ce66d9858d1198e0ad921a4df6c1181b1ce905784fe958
theo_n,13,44,false,9,13,onchain,500,40,1979758,4554511,459000,532334,555.743700,582723,611.470700,615715,623.209800,69626,34.363200,0x098b50423eb1b80e5a7fb520438bb4f17cbf6c9b9e6ebef7938342aa2df694fe,0x10de1e3d29876f4850189c984ae73d9c11ce68b86aadc32cf461c98d54d62d23
theo_n,13,45,false,9,13,onchain,500,41,1979758,4554511,459000,532286,511.658200,582663,580.249200,615655,543.702900,69614,23.076300,0x098b50423eb1b80e5a7fb520438bb4f17cbf6c9b9e6ebef7938342aa2df694fe,0x1edba77fec60aecefcfe1abd4e72068fd9fb6184a89b43f5c3dc9a00069d74e2
theo_n,13,46,false,9,13,onchain,500,42,1979758,4554511,459000,532274,549.812900,582663,601.536000,615655,596.200300,69626,29.087700,0x098b50423eb1b80e5a7fb520438bb4f17cbf6c9b9e6ebef7938342aa2df694fe,0x15c8ab0ca8377161a0b8ea56ed9e3ae382863e927a1324317f9fa192d6188e2e
theo_n,13,47,false,9,13,onchain,500,43,1979758,4554511,459000,532166,553.537200,582555,566.346900,615547,576.931600,69626,20.468800,0x098b50423eb1b80e5a7fb520438bb4f17cbf6c9b9e6ebef7938342aa2df694fe,0x13eb1c80471a2c64b0c27128ce601b8439e0852909edea7c2fa01c5a8b0cd2a8
theo_n,13,48,false,9,13,onchain,500,44,1979758,4554511,459000,532214,539.750500,582603,594.906100,615595,544.659400,69626,22.706400,0x098b50423eb1b80e5a7fb520438bb4f17cbf6c9b9e6ebef7938342aa2df694fe,0x0231eb71e8795c4c4a35fb9db7f9d3c70fcb8e6537017b7c23770e27edb17c26
theo_n,13,49,false,9,13,onchain,500,45,1979758,4554511,459000,532298,545.628600,582687,560.727500,615679,607.996300,69626,22.396600,0x098b50423eb1b80e5a7fb520438bb4f17cbf6c9b9e6ebef7938342aa2df694fe,0x14bfb435acb7a5d37e0d29a9b6051229ed7acd9fdfc1de220c0337ce6f0f4ed8
theo_n,13,50,false,9,13,onchain,500,46,1979758,4554511,459000,532346,538.202400,582735,554.258300,615727,612.746100,69626,23.252800,0x098b50423eb1b80e5a7fb520438bb4f17cbf6c9b9e6ebef7938342aa2df694fe,0x0d91e737b2843fdf5a8d1394de46dfa3fe679927773f55ff934b561adb0b7fff
theo_n,13,51,false,9,13,onchain,500,47,1979758,4554511,459000,532310,577.453500,582687,570.134000,615679,544.946000,69626,27.276000,0x098b50423eb1b80e5a7fb520438bb4f17cbf6c9b9e6ebef7938342aa2df694fe,0x26954244b4ec45232f6c53427aaae47d6f1e18e481e8b23526e02555df48c1df
theo_n,13,52,false,9,13,onchain,500,48,1979758,4554511,459000,532322,575.173000,582711,583.741100,615703,595.290900,69626,28.169000,0x098b50423eb1b80e5a7fb520438bb4f17cbf6c9b9e6ebef7938342aa2df694fe,0x239708d53c07d61009f55c15e879487da0622eab4cc30d66f7bca4dbc4bfe44d
theo_n,13,53,false,9,13,onchain,500,49,1979758,4554511,459000,532226,560.022200,582615,589.861900,615607,576.134800,69626,56.400800,0x098b50423eb1b80e5a7fb520438bb4f17cbf6c9b9e6ebef7938342aa2df694fe,0x163233172054b52f81b9f891e2f9d5105c71e0adba76e509daa09013f949b0aa
theo_n,13,54,false,9,13,onchain,500,50,1979758,4554511,459000,532358,607.448800,582747,586.998700,615739,618.962200,69626,25.931900,0x098b50423eb1b80e5a7fb520438bb4f17cbf6c9b9e6ebef7938342aa2df694fe,0x29f882fd660b6a26a77c96e53e736aaae7aec2dcd44d93124440e2b9b84b4a38
theo_n,13,55,false,9,13,onchain,500,51,1979758,4554511,459000,532298,543.916100,582687,605.349400,615679,636.444300,69626,21.048100,0x098b50423eb1b80e5a7fb520438bb4f17cbf6c9b9e6ebef7938342aa2df694fe,0x27e66d84b49036dd0865b9da04321eba233102d93a56847b997b2096cfc0e219
theo_n,13,56,false,9,13,onchain,500,52,1979758,4554511,459000,532298,615.488900,582687,778.128600,615679,595.738200,69626,25.933300,0x098b50423eb1b80e5a7fb520438bb4f17cbf6c9b9e6ebef7938342aa2df694fe,0x041c6acccd0de4874fa535b4423d4a3ab728697b23310712e0d2d3f10927164d
theo_n,13,57,false,9,13,onchain,500,53,1979758,4554511,459000,532334,577.822600,582723,558.434300,615715,560.052200,69626,21.208400,0x098b50423eb1b80e5a7fb520438bb4f17cbf6c9b9e6ebef7938342aa2df694fe,0x1d11e9b323790b3c05df4d5364a35721616441c63f76b36a5b739e880f8fc03c
theo_n,13,58,false,9,13,onchain,500,54,1979758,4554511,459000,532274,591.125400,582663,589.058300,615655,618.524400,69626,24.528500,0x098b50423eb1b80e5a7fb520438bb4f17cbf6c9b9e6ebef7938342aa2df694fe,0x19ed930667ae813189bbaa0641e03f632bed382b9631862cf170dc2cfb08f703
theo_n,13,59,false,9,13,onchain,500,55,1979758,4554511,459000,532250,525.042800,582639,630.584400,615631,572.088200,69626,21.123000,0x098b50423eb1b80e5a7fb520438bb4f17cbf6c9b9e6ebef7938342aa2df694fe,0x286f63b2d20d219a578976c21ed9f8396a9370eb76c1692333fb49e9ffe5eddd
theo_n,13,60,false,9,13,onchain,500,56,1979758,4554511,459000,532310,659.066100,582699,529.831400,615691,560.347800,69626,31.354400,0x098b50423eb1b80e5a7fb520438bb4f17cbf6c9b9e6ebef7938342aa2df694fe,0x1f99a065f3bb98ea5433e6d81e6e27387fc8c025edc841fddcff3cbf77e66024
theo_n,13,61,false,9,13,onchain,500,57,1979758,4554511,459000,532310,536.448700,582699,561.423000,615691,536.167800,69626,26.261100,0x098b50423eb1b80e5a7fb520438bb4f17cbf6c9b9e6ebef7938342aa2df694fe,0x1feb6f0f68700be050d5e26dfd63e880937685b79efab2b075ec055912a4f5ae
theo_n,13,62,false,9,13,onchain,500,58,1979758,4554511,459000,532298,507.220800,582687,553.052300,615679,585.612800,69626,22.402800,0x098b50423eb1b80e5a7fb520438bb4f17cbf6c9b9e6ebef7938342aa2df694fe,0x0e6c34dbfd1473a1ae9710c16b88cac448410f09637490e3123197c34790a183
theo_n,13,63,false,9,13,onchain,500,59,1979758,4554511,459000,532250,519.554500,582639,779.422500,615631,1147.144800,69626,27.108300,0x098b50423eb1b80e5a7fb520438bb4f17cbf6c9b9e6ebef7938342aa2df694fe,0x0bb2842f8a6e91c04573162fc7601b567d7df6749d60979ba332d7b78c328f8d
theo_n,13,64,false,9,13,onchain,500,60,1979758,4554511,459000,532346,874.919000,582735,561.335400,615727,542.318800,69626,16.914900,0x098b50423eb1b80e5a7fb520438bb4f17cbf6c9b9e6ebef7938342aa2df694fe,0x0a7220125db4c9fae9b66dda6e019f9ebbe630298376fe4b51a071b6eb9ddbcf
theo_n,13,65,false,9,13,onchain,500,61,1979758,4554511,459000,532298,511.004000,582687,529.078800,615679,541.023200,69626,16.198400,0x098b50423eb1b80e5a7fb520438bb4f17cbf6c9b9e6ebef7938342aa2df694fe,0x1abe534db0df466d693bdbb58e2e3330a7c9ce60678dcecd580bfa34a5604850
theo_n,13,66,false,9,13,onchain,500,62,1979758,4554511,459000,532250,523.602700,582639,528.265900,615631,529.469700,69626,15.723100,0x098b50423eb1b80e5a7fb520438bb4f17cbf6c9b9e6ebef7938342aa2df694fe,0x12cd93c7fe1e9691bc34c1a151550f01178da157b91296de0279ba930f04a680
theo_n,13,67,false,9,13,onchain,500,63,1979758,4554511,459000,532406,512.887500,582783,540.299500,615775,533.684400,69626,18.187000,0x098b50423eb1b80e5a7fb520438bb4f17cbf6c9b9e6ebef7938342aa2df694fe,0x1efdb02da48822560ee87f9d18dd45890f200b5829646129246afe143791a5ee
theo_n,13,68,false,9,13,onchain,500,64,1979758,4554511,459000,532262,519.150800,582651,555.151900,615643,543.855600,69626,19.531200,0x098b50423eb1b80e5a7fb520438bb4f17cbf6c9b9e6ebef7938342aa2df694fe,0x18bcb575879217dd771bf3fd110accc154f81eb964db696503ddc5cc982414f3
theo_n,13,69,false,9,13,onchain,500,65,1979758,4554511,459000,532250,526.983500,582639,542.621200,615631,550.195500,69626,16.975800,0x098b50423eb1b80e5a7fb520438bb4f17cbf6c9b9e6ebef7938342aa2df694fe,0x2e969f3908c8262e7c1ef3c63699dc0ca68c5ea634b5f0732921ce9452c32843
theo_n,13,70,false,9,13,onchain,500,66,1979758,4554511,459000,532250,522.043600,582627,566.280200,615619,546.428900,69614,15.556400,0x098b50423eb1b80e5a7fb520438bb4f17cbf6c9b9e6ebef7938342aa2df694fe,0x0088ab77acbdc069cfc9f633fed7cecb143790696b76586df6ef40df2b60952c
theo_n,13,71,false,9,13,onchain,500,67,1979758,4554511,459000,532370,543.910100,582759,563.104100,615751,567.351600,69626,16.369700,0x098b50423eb1b80e5a7fb520438bb4f17cbf6c9b9e6ebef7938342aa2df694fe,0x19266272248a559ab8943ba2d8258af531fe630f833f9241fd43a9bd449ed3a7
theo_n,13,72,false,9,13,onchain,500,68,1979758,4554511,459000,532202,543.832100,582591,552.255700,615583,564.413900,69626,17.274700,0x098b50423eb1b80e5a7fb520438bb4f17cbf6c9b9e6ebef7938342aa2df694fe,0x215eaf1d8e79c9ef4d076f165a4f634ca98f0f5ed28e045b617a86326162e4a2
theo_n,13,73,false,9,13,onchain,500,69,1979758,4554511,459000,532286,541.059600,582675,562.331500,615667,562.637500,69626,17.067000,0x098b50423eb1b80e5a7fb520438bb4f17cbf6c9b9e6ebef7938342aa2df694fe,0x0a7e4f05953ca3db4ac4061d27149a86e58e25f8abe9700123d4376accf763bf
theo_n,13,74,false,9,13,onchain,500,70,1979758,4554511,459000,532322,537.872100,582711,592.026300,615703,552.794300,69626,18.725400,0x098b50423eb1b80e5a7fb520438bb4f17cbf6c9b9e6ebef7938342aa2df694fe,0x08605ab6f0ea9feaba6887ea78431d2492628dfd59a10292fc7afe5ea2e8eece
theo_n,13,75,false,9,13,onchain,500,71,1979758,4554511,459000,532298,544.121000,582687,592.293600,615679,557.508100,69626,24.226600,0x098b50423eb1b80e5a7fb520438bb4f17cbf6c9b9e6ebef7938342aa2df694fe,0x26d317fe0299e077054be278d1f0d21206ca9c25bef0abf439a346026c390dfa
theo_n,13,76,false,9,13,onchain,500,72,1979758,4554511,459000,532298,521.184700,582687,568.165600,615679,615.219400,69626,20.546300,0x098b50423eb1b80e5a7fb520438bb4f17cbf6c9b9e6ebef7938342aa2df694fe,0x25af9ec4cff748dbaf0976a3ff1188e5b628546f7f4f5b9db9eaa477462f7869
theo_n,13,77,false,9,13,onchain,500,73,1979758,4554511,459000,532262,538.137700,582651,561.698400,615643,554.574000,69626,16.388500,0x098b50423eb1b80e5a7fb520438bb4f17cbf6c9b9e6ebef7938342aa2df694fe,0x01fb960b8f1b5d34b7f4749defb02b514c03bec096b79a9bc37ebfdeec741f2b
theo_n,13,78,false,9,13,onchain,500,74,1979758,4554511,459000,532238,536.053000,582627,581.665500,615619,577.948800,69626,16.872100,0x098b50423eb1b80e5a7fb520438bb4f17cbf6c9b9e6ebef7938342aa2df694fe,0x12e08ec57ab72cecc7a3924708902cc02c89942a36fdb660beb16561ed7ef5ce
theo_n,13,79,false,9,13,onchain,500,75,1979758,4554511,459000,532418,541.422900,582807,562.072500,615799,569.593100,69626,16.375900,0x098b50423eb1b80e5a7fb520438bb4f17cbf6c9b9e6ebef7938342aa2df694fe,0x16a729a31e033516db4de85c7111097269183918aa98a399cfd2eabaf4bc6545
theo_n,13,80,false,9,13,onchain,500,76,1979758,4554511,459000,532250,540.742800,582639,561.401100,615631,569.465400,69626,16.713100,0x098b50423eb1b80e5a7fb520438bb4f17cbf6c9b9e6ebef7938342aa2df694fe,0x0d453d4335fb2a5c16d11d4240b1166d98908cce0ead0250abff97a9868aecc8
theo_n,13,81,false,9,13,onchain,500,77,1979758,4554511,459000,532310,539.314100,582699,561.435000,615691,549.586700,69626,15.838200,0x098b50423eb1b80e5a7fb520438bb4f17cbf6c9b9e6ebef7938342aa2df694fe,0x0d4fb35507c4725529bee562d7875325d2200194fbe8fd2e917d6dd1cc23fdc2
theo_n,13,82,false,9,13,onchain,500,78,1979758,4554511,459000,532322,537.339700,582711,567.130900,615703,567.432800,69626,16.300800,0x098b50423eb1b80e5a7fb520438bb4f17cbf6c9b9e6ebef7938342aa2df694fe,0x18fd75dcd068156962b7472b26d5764df5f027a7dc6aba38d75ff522addddc25
theo_n,13,83,false,9,13,onchain,500,79,1979758,4554511,459000,532406,535.491300,582795,559.470400,615787,563.319700,69626,18.758200,0x098b50423eb1b80e5a7fb520438bb4f17cbf6c9b9e6ebef7938342aa2df694fe,0x2be77b57647a6b10a55e242f74a9ccf7e4785095dad898a23c39c7449a8a7c0c
theo_n,13,84,false,9,13,onchain,500,80,1979758,4554511,459000,532334,529.332300,582711,643.146700,615703,567.354000,69626,22.878200,0x098b50423eb1b80e5a7fb520438bb4f17cbf6c9b9e6ebef7938342aa2df694fe,0x0d9b8e94306ca021ecb938f5026044a99fb2903e768e0b859c6cb7f74c89ada6
theo_n,13,85,false,9,13,onchain,500,81,1979758,4554511,459000,532286,552.985500,582675,562.482600,615667,558.870600,69626,20.815800,0x098b50423eb1b80e5a7fb520438bb4f17cbf6c9b9e6ebef7938342aa2df694fe,0x06c0b3f5ffd3b8544f72e020c2ffde1c8399e0f7b3f5c2c98ef2d41a5b6d2a0a
theo_n,13,86,false,9,13,onchain,500,82,1979758,4554511,459000,532274,546.207900,582663,634.403600,615655,627.295800,69626,20.083900,0x098b50423eb1b80e5a7fb520438bb4f17cbf6c9b9e6ebef7938342aa2df694fe,0x0fcde5acfb3565955df8385342e3d172fc5e4376c643a3cb46cf9cada75b9277
theo_n,13,87,false,9,13,onchain,500,83,1979758,4554511,459000,532274,609.303800,582663,571.549400,615655,557.052300,69626,19.246600,0x098b50423eb1b80e5a7fb520438bb4f17cbf6c9b9e6ebef7938342aa2df694fe,0x15051a287f47c76ed7d2269998aa47f5381185b04d9f51445c39087cd8ed01de
theo_n,13,88,false,9,13,onchain,500,84,1979758,4554511,459000,532394,536.764700,582783,599.838100,615775,610.815800,69626,23.817300,0x098b50423eb1b80e5a7fb520438bb4f17cbf6c9b9e6ebef7938342aa2df694fe,0x0f7765a835070e4481f45e0827e06270383d6f9cdbd4196f283b338b9a4e3238
theo_n,13,89,false,9,13,onchain,500,85,1979758,4554511,459000,532190,561.793500,582579,562.926800,615571,560.540800,69626,18.173800,0x098b50423eb1b80e5a7fb520438bb4f17cbf6c9b9e6ebef7938342aa2df694fe,0x2b62ea88645121b88157ac06e4e3f9c3178df965566ae6496a8d6c6bb96fbded
theo_n,13,90,false,9,13,onchain,500,86,1979758,4554511,459000,532274,530.235700,582663,616.351000,615655,545.510300,69626,19.137200,0x098b50423eb1b80e5a7fb520438bb4f17cbf6c9b9e6ebef7938342aa2df694fe,0x2dd46823e0fa0e639cbb8cc928ec221105d0d9a65c31b716e52a5a52adfcfb95
theo_n,13,91,false,9,13,onchain,500,87,1979758,4554511,459000,532202,535.815600,582591,564.138000,615583,614.586500,69626,17.999700,0x098b50423eb1b80e5a7fb520438bb4f17cbf6c9b9e6ebef7938342aa2df694fe,0x28a7f749444fc4fb853eeff2d8b65c7a41abfea333797977a42f9f84eb0ea79b
theo_n,13,92,false,9,13,onchain,500,88,1979758,4554511,459000,532310,554.755800,582699,558.470000,615691,591.847300,69626,18.808100,0x098b50423eb1b80e5a7fb520438bb4f17cbf6c9b9e6ebef7938342aa2df694fe,0x1990851d8f9a1f34328e760b34b2c549764ca2e1557dde4c5f189c4e168cd5f9
theo_n,13,93,false,9,13,onchain,500,89,1979758,4554511,459000,532334,528.437700,582723,564.269800,615715,559.499800,69626,17.458700,0x098b50423eb1b80e5a7fb520438bb4f17cbf6c9b9e6ebef7938342aa2df694fe,0x2b8d45422864217488a84b2c5d353db89cdf51b5bee10eb545baef4f7381330f
theo_n,13,94,false,9,13,onchain,500,90,1979758,4554511,459000,532310,531.046200,582687,563.100300,615679,558.029700,69614,17.054400,0x098b50423eb1b80e5a7fb520438bb4f17cbf6c9b9e6ebef7938342aa2df694fe,0x00f12dbe894fc42bbde3b356e7868f42f5a9a342cfd632ff464f8fcf9e57333b
theo_n,13,95,false,9,13,onchain,500,91,1979758,4554511,459000,532286,536.218900,582675,567.466700,615667,621.169000,69626,17.271200,0x098b50423eb1b80e5a7fb520438bb4f17cbf6c9b9e6ebef7938342aa2df694fe,0x1ec83bfd5f380ef673a5af89e992e0d01715ca7d7f2967cc8316c40bb09163a9
theo_n,13,96,false,9,13,onchain,500,92,1979758,4554511,459000,532322,547.271800,582711,597.147800,615703,555.962600,69626,33.118300,0x098b50423eb1b80e5a7fb520438bb4f17cbf6c9b9e6ebef7938342aa2df694fe,0x0b07c8f3f557a462c6ef632caabdcf5fc3bf382ff18dfe46aae0dadaedd5a8d2
theo_n,13,97,false,9,13,onchain,500,93,1979758,4554511,459000,532322,547.561000,582711,558.836800,615703,561.592100,69626,16.276800,0x098b50423eb1b80e5a7fb520438bb4f17cbf6c9b9e6ebef7938342aa2df694fe,0x0d315137502a0bf670e5c74c46603131659987d14b09d74da3c36de13a608b07
theo_n,13,98,false,9,13,onchain,500,94,1979758,4554511,459000,532250,594.212200,582639,586.368900,615631,624.689700,69626,18.997100,0x098b50423eb1b80e5a7fb520438bb4f17cbf6c9b9e6ebef7938342aa2df694fe,0x2d7c0a2bf3f877b4301edfbb51e2b35bd3c86cfe1d1a492eb454d060ae7778f1
theo_n,13,99,false,9,13,onchain,500,95,1979758,4554511,459000,532334,536.532500,582723,560.041100,615715,554.199400,69626,17.653500,0x098b50423eb1b80e5a7fb520438bb4f17cbf6c9b9e6ebef7938342aa2df694fe,0x08d69a87c1f599104a063e0894e7eb48d057bdabc16119b7d07547d35fa7c8a5
theo_n,13,100,false,9,13,onchain,500,96,1979758,4554511,459000,532298,539.768600,582687,570.449000,615679,551.714400,69626,16.928800,0x098b50423eb1b80e5a7fb520438bb4f17cbf6c9b9e6ebef7938342aa2df694fe,0x1c7df0827e1080ee71d950a409a18e1518a5e3bce2da8c0ce1b24094d4994b6b
theo_n,13,101,false,9,13,onchain,500,97,1979758,4554511,459000,532238,581.380000,582627,637.108800,615619,523.248700,69626,22.937000,0x098b50423eb1b80e5a7fb520438bb4f17cbf6c9b9e6ebef7938342aa2df694fe,0x2d58a42d5d1cc2791453aaa1b78a1d4086dc79c5bae4a72518c26d1eeeaf480a
theo_n,13,102,false,9,13,onchain,500,98,1979758,4554511,459000,532286,567.394400,582675,565.225800,615667,565.073300,69626,17.021200,0x098b50423eb1b80e5a7fb520438bb4f17cbf6c9b9e6ebef7938342aa2df694fe,0x082328b47921926c3d45725c3c54adb91798ae45bbee77c57c13c78a0e127537
theo_n,13,103,false,9,13,onchain,500,99,1979758,4554511,459000,532310,543.061000,582699,564.519800,615691,554.350000,69626,15.807500,0x098b50423eb1b80e5a7fb520438bb4f17cbf6c9b9e6ebef7938342aa2df694fe,0x0346d298ca5e9ba5bc6d3e3e2e13cc63e6e4d14e53981e988e66eb8d5b87aed3
theo_n,13,104,false,9,13,onchain,500,100,1979758,4554511,459000,532346,550.703900,582735,560.003400,615727,560.742300,69626,19.518600,0x098b50423eb1b80e5a7fb520438bb4f17cbf6c9b9e6ebef7938342aa2df694fe,0x280a714b2978fcf5aba174c93ac09d948715115992029fdb917fd8374ab986bd
theo_n,13,105,false,9,13,onchain,500,101,1979758,4554511,459000,532274,596.018300,582651,563.675200,615643,650.239000,69626,21.493900,0x098b50423eb1b80e5a7fb520438bb4f17cbf6c9b9e6ebef7938342aa2df694fe,0x085cb394d60f01c45b060e3655b9680d97304f6337b86fda09f0335513c0eaf0
theo_n,13,106,false,9,13,onchain,500,102,1979758,4554511,459000,532166,547.663200,582543,590.488300,615535,544.051400,69614,17.348900,0x098b50423eb1b80e5a7fb520438bb4f17cbf6c9b9e6ebef7938342aa2df694fe,0x1527c5d2d9c656f6144be711876760da3a61cf05ed9e544600be5f4b9cfe074d
theo_n,13,107,false,9,13,onchain,500,103,1979758,4554511,459000,532286,539.551100,582675,558.961600,615667,561.468400,69626,19.470100,0x098b50423eb1b80e5a7fb520438bb4f17cbf6c9b9e6ebef7938342aa2df694fe,0x1eaec94c680ac2a6a85aa250ddf4cb5bd7a659b00b78f4b6b7c75044fad7d3bd
theo_n,13,108,false,9,13,onchain,500,104,1979758,4554511,459000,532238,531.867400,582627,731.063900,615619,704.503400,69626,59.694300,0x098b50423eb1b80e5a7fb520438bb4f17cbf6c9b9e6ebef7938342aa2df694fe,0x15d2afc485db584720f32f6198068e75f1168528ba496590a1980e0f1b270985
theo_n,13,109,false,9,13,onchain,500,105,1979758,4554511,459000,532370,567.452500,582759,584.630800,615751,615.997400,69626,19.739600,0x098b50423eb1b80e5a7fb520438bb4f17cbf6c9b9e6ebef7938342aa2df694fe,0x1a5da863997d24b5471d5d5e81070d3959dae8e5b754f8c0c15c3465fc18ca97
theo_n,13,110,false,9,13,onchain,500,106,1979758,4554511,459000,532250,689.588200,582627,564.875700,615619,560.501800,69614,16.742300,0x098b50423eb1b80e5a7fb520438bb4f17cbf6c9b9e6ebef7938342aa2df694fe,0x273edd203800914995c38c0f86697eebec9b5fe5bbf24f7e1a8008a29448420f
theo_n,13,111,false,9,13,onchain,500,107,1979758,4554511,459000,532346,531.379200,582723,557.844500,615715,552.974700,69626,19.360100,0x098b50423eb1b80e5a7fb520438bb4f17cbf6c9b9e6ebef7938342aa2df694fe,0x2d0b9fe4e87166878564917f8414cfbd31d9faba6cd878a9cbf85c615976b56f
theo_n,13,112,false,9,13,onchain,500,108,1979758,4554511,459000,532250,532.598800,582639,557.615300,615631,545.810900,69626,19.871600,0x098b50423eb1b80e5a7fb520438bb4f17cbf6c9b9e6ebef7938342aa2df694fe,0x132230c786a10fd367e92c57fe0adc7480c4617b2bfbe878a0401dfb1b72cb4f
theo_n,13,113,false,9,13,onchain,500,109,1979758,4554511,459000,532226,533.075600,582615,557.286100,615607,550.674500,69626,21.410800,0x098b50423eb1b80e5a7fb520438bb4f17cbf6c9b9e6ebef7938342aa2df694fe,0x16cd25f623714f4f1b7065482e340f09ca465af9ebcce54ad72bdc27f48342df
theo_n,13,114,false,9,13,onchain,500,110,1979758,4554511,459000,532286,705.663500,582675,743.309000,615667,565.946900,69626,40.198100,0x098b50423eb1b80e5a7fb520438bb4f17cbf6c9b9e6ebef7938342aa2df694fe,0x1bd2861c2b226ae17de48461808c1065c0f1c05fbd72069529891146436c9b34
theo_n,13,115,false,9,13,onchain,500,111,1979758,4554511,459000,532286,687.264100,582663,568.793900,615655,561.797100,69614,21.794100,0x098b50423eb1b80e5a7fb520438bb4f17cbf6c9b9e6ebef7938342aa2df694fe,0x0fae658cab7c5225312015aba3241828f57834001837fa9b2ba7a8dea2a5c6cf
theo_n,13,116,false,9,13,onchain,500,112,1979758,4554511,459000,532250,537.495600,582639,601.103100,615631,636.578200,69626,20.254200,0x098b50423eb1b80e5a7fb520438bb4f17cbf6c9b9e6ebef7938342aa2df694fe,0x1c5bd298c59b7b24b1802fdfa7c5e831f068f3b3f82ee84667b05d2945f3246e
theo_n,13,117,false,9,13,onchain,500,113,1979758,4554511,459000,532358,558.303700,582747,605.854500,615739,574.925200,69626,18.601700,0x098b50423eb1b80e5a7fb520438bb4f17cbf6c9b9e6ebef7938342aa2df694fe,0x2c99a20b86bdb461dd0a77ef1c3714daeaca35a1b808a8abba086b86b93557ce
theo_n,13,118,false,9,13,onchain,500,114,1979758,4554511,459000,532346,573.554300,582735,573.995300,615727,590.910800,69626,19.041700,0x098b50423eb1b80e5a7fb520438bb4f17cbf6c9b9e6ebef7938342aa2df694fe,0x25fd20ab6e32c5e8688735c9a2a6f33777a1d050634219f0b002c81ced1c7b5e
theo_n,13,119,false,9,13,onchain,500,115,1979758,4554511,459000,532274,560.213300,582651,591.252800,615643,638.233000,69626,21.769200,0x098b50423eb1b80e5a7fb520438bb4f17cbf6c9b9e6ebef7938342aa2df694fe,0x291280af54056c2cd9ad444ad2cdf0658fbdf5cdf12638e6ee2b4eb312a06144
theo_n,13,120,false,9,13,onchain,500,116,1979758,4554511,459000,532298,543.878800,582687,591.486000,615679,557.441400,69626,17.272300,0x098b50423eb1b80e5a7fb520438bb4f17cbf6c9b9e6ebef7938342aa2df694fe,0x062716b8ca7b91cefd14777688e1184a74ef6e5c5b6b65936db29c147c43227e
theo_n,13,121,false,9,13,onchain,500,117,1979758,4554511,459000,532274,524.749800,582663,553.125600,615655,538.146000,69626,19.932300,0x098b50423eb1b80e5a7fb520438bb4f17cbf6c9b9e6ebef7938342aa2df694fe,0x048e61258fe1e21ef0d5714d38c150dc8cabb2ab182c87524b52f5ec88e1f81f
theo_n,13,122,false,9,13,onchain,500,118,1979758,4554511,459000,532274,533.034900,582663,608.193100,615655,602.801900,69626,21.913700,0x098b50423eb1b80e5a7fb520438bb4f17cbf6c9b9e6ebef7938342aa2df694fe,0x0337077e10fc7847a1ac99ececa16ab363e8cf5ce0b82290be76dd1dc10769e8
theo_n,13,123,false,9,13,onchain,500,119,1979758,4554511,459000,532286,574.150900,582675,585.836800,615667,632.516100,69626,23.146400,0x098b50423eb1b80e5a7fb520438bb4f17cbf6c9b9e6ebef7938342aa2df694fe,0x122ac2ab494aa392fcee5dd7347129100fc0de2505d46d438da3cd8a2d32e6ea
theo_n,13,124,false,9,13,onchain,500,120,1979758,4554511,459000,532322,636.948900,582711,555.214300,615703,591.705200,69626,16.587000,0x098b50423eb1b80e5a7fb520438bb4f17cbf6c9b9e6ebef7938342aa2df694fe,0x1bb18f78f446215b3d6ac87d13f405094b21b926809bad622f625a5c4aba0aa5
theo_n,13,125,false,9,13,onchain,500,121,1979758,4554511,459000,532310,532.051000,582699,690.598800,615691,598.445300,69626,21.927200,0x098b50423eb1b80e5a7fb520438bb4f17cbf6c9b9e6ebef7938342aa2df694fe,0x11586f2d39477f1bc5e9b1d06a9fdff35e236bf3cdc4aab74f621481516d7815
theo_n,13,126,false,9,13,onchain,500,122,1979758,4554511,459000,532322,616.300000,582711,579.756600,615703,589.654100,69626,18.721500,0x098b50423eb1b80e5a7fb520438bb4f17cbf6c9b9e6ebef7938342aa2df694fe,0x1ddb223e1339f8bf0cbed084e0b0a69adf4fe7ca2c5dc312fce34c5ed9fdf094
theo_n,13,127,false,9,13,onchain,500,123,1979758,4554511,459000,532358,557.154800,582747,655.370200,615739,569.629900,69626,19.331100,0x098b50423eb1b80e5a7fb520438bb4f17cbf6c9b9e6ebef7938342aa2df694fe,0x1840a4c242fef47e8f74cd8aa8295e9b11f3bc37ee4ad16c38a5c208344b37dc
theo_n,13,128,false,9,13,onchain,500,124,1979758,4554511,459000,532262,577.698400,582651,626.869000,615643,585.298800,69626,49.642600,0x098b50423eb1b80e5a7fb520438bb4f17cbf6c9b9e6ebef7938342aa2df694fe,0x1c13441afbd44509328c5d26d85d3acf169464c8375735cbb5efd13c343ad09f
theo_n,13,129,false,9,13,onchain,500,125,1979758,4554511,459000,532334,556.039900,582723,598.055000,615715,583.295900,69626,19.988300,0x098b50423eb1b80e5a7fb520438bb4f17cbf6c9b9e6ebef7938342aa2df694fe,0x1326819b8b7b82169305219445339534c813219958aff00f2de38420d73886c2
theo_n,13,130,false,9,13,onchain,500,126,1979758,4554511,459000,532238,565.398400,582627,646.484400,615619,601.639500,69626,23.336600,0x098b50423eb1b80e5a7fb520438bb4f17cbf6c9b9e6ebef7938342aa2df694fe,0x2ca4fcbbe3622752f4aa4e3ca994d30d0c1456ecbc1cad9193430d998bc7ef6e
theo_n,13,131,false,9,13,onchain,500,127,1979758,4554511,459000,532214,628.847700,582603,628.076000,615595,588.073100,69626,20.329400,0x098b50423eb1b80e5a7fb520438bb4f17cbf6c9b9e6ebef7938342aa2df694fe,0x1b76b599cec9d9ae0690413de23fc0c9eb5a159ef05aea11a95ee8cda8592759
theo_n,13,132,false,9,13,onchain,500,128,1979758,4554511,459000,532346,550.124300,582735,564.863700,615727,565.794100,69626,17.006900,0x098b50423eb1b80e5a7fb520438bb4f17cbf6c9b9e6ebef7938342aa2df694fe,0x19fdf3e31ef4713cb2b80a9d45bb04e96c7ee09d39424729962e332821c9888a
theo_n,13,133,false,9,13,onchain,500,129,1979758,4554511,459000,532310,563.917900,582687,578.408700,615679,624.050200,69626,19.506600,0x098b50423eb1b80e5a7fb520438bb4f17cbf6c9b9e6ebef7938342aa2df694fe,0x1f4b342dcdff21fbd66fa67e11c5544bfd8929b923b2dabc1f7ac6cb5151b9b9
theo_n,13,134,false,9,13,onchain,500,130,1979758,4554511,459000,532214,543.633900,582603,562.269200,615595,557.872000,69626,16.250000,0x098b50423eb1b80e5a7fb520438bb4f17cbf6c9b9e6ebef7938342aa2df694fe,0x154b1d74c2618354b26b34c984e94e4f7d706573361930e780b8278071f43a98
theo_n,13,135,false,9,13,onchain,500,131,1979758,4554511,459000,532226,555.640600,582615,552.881900,615607,599.074300,69626,17.832400,0x098b50423eb1b80e5a7fb520438bb4f17cbf6c9b9e6ebef7938342aa2df694fe,0x1cd387bebe939deb9139dccf335cf5da302583a9ba488b7eea65b16b9f797a0d
theo_n,13,136,false,9,13,onchain,500,132,1979758,4554511,459000,532154,524.066300,582531,556.950600,615523,562.515100,69626,18.617900,0x098b50423eb1b80e5a7fb520438bb4f17cbf6c9b9e6ebef7938342aa2df694fe,0x06d6a19737ba3c27075e413dd7860d45cc20cb35ed6c608ac22acc2e5c9c54bb
theo_n,13,137,false,9,13,onchain,500,133,1979758,4554511,459000,532274,540.793000,582651,579.581300,615643,591.031400,69614,17.649300,0x098b50423eb1b80e5a7fb520438bb4f17cbf6c9b9e6ebef7938342aa2df694fe,0x29477a7a12360051ea5c87e3ca17fa0d3d2370b734d34a8bfeccbec806464239
theo_n,13,138,false,9,13,onchain,500,134,1979758,4554511,459000,532358,544.422500,582747,577.182700,615739,635.610100,69626,20.926700,0x098b50423eb1b80e5a7fb520438bb4f17cbf6c9b9e6ebef7938342aa2df694fe,0x261908540691dd3c2c92abe77a9016a9a562140b65ef5e147e1a60d0cdfc90e0
theo_n,13,139,false,9,13,onchain,500,135,1979758,4554511,459000,532298,547.429300,582687,622.786700,615679,553.478000,69626,22.077900,0x098b50423eb1b80e5a7fb520438bb4f17cbf6c9b9e6ebef7938342aa2df694fe,0x2674c02a1b2848b07db064c5a4e58662470a9da5dc7276de3c371db1c33bc5bc
theo_n,13,140,false,9,13,onchain,500,136,1979758,4554511,459000,532190,534.164400,582579,601.636900,615571,574.422600,69626,17.050700,0x098b50423eb1b80e5a7fb520438bb4f17cbf6c9b9e6ebef7938342aa2df694fe,0x19c06805eb153a95eef5e1daec5f4936cfd6b1fd84715978ae293859cf99f2f7
theo_n,13,141,false,9,13,onchain,500,137,1979758,4554511,459000,532118,565.977800,582507,569.097100,615499,556.304500,69626,19.412700,0x098b50423eb1b80e5a7fb520438bb4f17cbf6c9b9e6ebef7938342aa2df694fe,0x2b9386b34b67cca51b5f376f0d9d5825990e05d8a0663acc09cd7ef2478b99ef
theo_n,13,142,false,9,13,onchain,500,138,1979758,4554511,459000,532298,534.951400,582687,547.584900,615679,541.223300,69626,20.503100,0x098b50423eb1b80e5a7fb520438bb4f17cbf6c9b9e6ebef7938342aa2df694fe,0x1d973ebf381de252d781eee0181e4bf96f60364a6355f27faf9d88a26c6d5f74
theo_n,13,143,false,9,13,onchain,500,139,1979758,4554511,459000,532190,531.804500,582579,566.778500,615571,627.897200,69626,19.103500,0x098b50423eb1b80e5a7fb520438bb4f17cbf6c9b9e6ebef7938342aa2df694fe,0x1dbc758c2bdd3ffd4ae4900c512cfdd59aa39693c5da8541569bb1b11a7a4ff7
theo_n,13,144,false,9,13,onchain,500,140,1979758,4554511,459000,532262,542.296600,582651,568.503000,615643,553.249200,69626,22.140500,0x098b50423eb1b80e5a7fb520438bb4f17cbf6c9b9e6ebef7938342aa2df694fe,0x24fefd181e7c2a8b9c3c99e3f098e38499d6eb3748a5bec2ec08c191c32a20c9
theo_n,13,145,false,9,13,onchain,500,141,1979758,4554511,459000,532346,527.478900,582735,555.562300,615727,545.154900,69626,17.062000,0x098b50423eb1b80e5a7fb520438bb4f17cbf6c9b9e6ebef7938342aa2df694fe,0x23968c116ab2270a3af0c481a377d282fa2af22d0df2584795947071ab2e8546
theo_n,13,146,false,9,13,onchain,500,142,1979758,4554511,459000,532334,526.633100,582723,676.248200,615715,555.831000,69626,20.438400,0x098b50423eb1b80e5a7fb520438bb4f17cbf6c9b9e6ebef7938342aa2df694fe,0x1647c354c1f20bac7643c9c62e601536572c45dcedaee32d3ee30e288b2a1fee
theo_n,13,147,false,9,13,onchain,500,143,1979758,4554511,459000,532418,549.896900,582807,549.540600,615799,543.450900,69626,23.273200,0x098b50423eb1b80e5a7fb520438bb4f17cbf6c9b9e6ebef7938342aa2df694fe,0x2ea5df06e8526bce926495cfb5bcaeeded936c0d347b1f44869b740c89de802c
theo_n,13,148,false,9,13,onchain,500,144,1979758,4554511,459000,532310,567.332900,582699,553.706500,615691,542.856100,69626,18.399600,0x098b50423eb1b80e5a7fb520438bb4f17cbf6c9b9e6ebef7938342aa2df694fe,0x0583f5e4a43ff231fab22b74c1e8dc9ca7e11f908ebfec3cae568fa348641be4
theo_n,13,149,false,9,13,onchain,500,145,1979758,4554511,459000,532226,527.254000,582615,547.024700,615607,545.679800,69626,17.451700,0x098b50423eb1b80e5a7fb520438bb4f17cbf6c9b9e6ebef7938342aa2df694fe,0x14e11f8cfedbf4f8cf3085e378b3035aa5a493ea65a91f2de51f071ab1c11333
theo_n,13,150,false,9,13,onchain,500,146,1979758,4554511,459000,532262,526.278000,582627,660.378100,615619,558.755500,69614,22.040900,0x098b50423eb1b80e5a7fb520438bb4f17cbf6c9b9e6ebef7938342aa2df694fe,0x245b631ba32f9e19fd8f3d1bf8329300750d5c30e6151c849be8b7168923763d
theo_n,13,151,false,9,13,onchain,500,147,1979758,4554511,459000,532214,575.660600,582603,543.662000,615595,538.692400,69626,18.242300,0x098b50423eb1b80e5a7fb520438bb4f17cbf6c9b9e6ebef7938342aa2df694fe,0x0a4cf55b4df6d265e96388cc0abf738334a51602cc8ee10b4e6798b91c62ccf6
theo_n,13,152,false,9,13,onchain,500,148,1979758,4554511,459000,532310,525.448500,582699,607.439700,615691,543.144000,69626,54.207300,0x098b50423eb1b80e5a7fb520438bb4f17cbf6c9b9e6ebef7938342aa2df694fe,0x2980306594ba7a72b85f517f2b2217da35af687f784e3e046e7dc5d50302957d
theo_n,13,153,false,9,13,onchain,500,149,1979758,4554511,459000,532274,536.743500,582663,567.265900,615655,588.115000,69626,17.681200,0x098b50423eb1b80e5a7fb520438bb4f17cbf6c9b9e6ebef7938342aa2df694fe,0x0bae57eb5e9667ff3213947821ebf0971fbc22df8df57a3113b581d199257ff1
theo_n,13,154,false,9,13,onchain,500,150,1979758,4554511,459000,532238,532.936100,582615,549.904300,615607,544.221100,69614,18.792300,0x098b50423eb1b80e5a7fb520438bb4f17cbf6c9b9e6ebef7938342aa2df694fe,0x09df330028e60ab8f64f208ed8725b2bd088b3666a34eddd5b59cc30efa91446
theo_n,13,155,false,9,13,onchain,500,151,1979758,4554511,459000,532250,524.077900,582639,715.412100,615631,750.057800,69626,27.063200,0x098b50423eb1b80e5a7fb520438bb4f17cbf6c9b9e6ebef7938342aa2df694fe,0x0e827a40e73cd93978223bdaea2de4a3662c85d4ada215d330dd658fcde25a44
theo_n,13,156,false,9,13,onchain,500,152,1979758,4554511,459000,532262,822.210100,582639,537.209900,615631,579.848800,69614,18.800800,0x098b50423eb1b80e5a7fb520438bb4f17cbf6c9b9e6ebef7938342aa2df694fe,0x2df1bef61f31af46f7936d4d9d4c5ac1d276b7b8eaecfe888700ac1298f92267
theo_n,13,157,false,9,13,onchain,500,153,1979758,4554511,459000,532322,515.997700,582711,545.559000,615703,539.811400,69626,17.314000,0x098b50423eb1b80e5a7fb520438bb4f17cbf6c9b9e6ebef7938342aa2df694fe,0x12915572ab99b6ddc8fea60928bc7ce39caeba0d31257fc844a096476109b36f
theo_n,13,158,false,9,13,onchain,500,154,1979758,4554511,459000,532394,524.808100,582783,549.924300,615775,549.503000,69626,18.255300,0x098b50423eb1b80e5a7fb520438bb4f17cbf6c9b9e6ebef7938342aa2df694fe,0x1a9da40b6a281115b0c04c78ccf79a0177bfd4bd849e7a87b72227206ca49630
theo_n,13,159,false,9,13,onchain,500,155,1979758,4554511,459000,532274,528.813500,582651,550.407100,615643,546.691200,69614,17.861800,0x098b50423eb1b80e5a7fb520438bb4f17cbf6c9b9e6ebef7938342aa2df694fe,0x05a92e4d70718e361377004987d81958215294de37ec7adfa4ae249de133a464
theo_n,13,160,false,9,13,onchain,500,156,1979758,4554511,459000,532298,525.871300,582687,653.182900,615679,602.876900,69626,18.345900,0x098b50423eb1b80e5a7fb520438bb4f17cbf6c9b9e6ebef7938342aa2df694fe,0x011d10d516eb6795ffe1ac987326ec7b8a1bc7c6216fb37623144bce1ea511d9
theo_n,13,161,false,9,13,onchain,500,157,1979758,4554511,459000,532310,841.862700,582699,842.031300,615691,778.309400,69626,28.368600,0x098b50423eb1b80e5a7fb520438bb4f17cbf6c9b9e6ebef7938342aa2df694fe,0x07c2427f7b75d030b8add3786708a7f1ff3619698d999713baa4e3e9179ea69c
theo_n,13,162,false,9,13,onchain,500,158,1979758,4554511,459000,532214,803.327700,582591,833.479900,615583,831.161500,69614,31.478500,0x098b50423eb1b80e5a7fb520438bb4f17cbf6c9b9e6ebef7938342aa2df694fe,0x15b494b2d69d888296e4a53c9138e66b123c8700312e6b706ac66675afaf6f1e
theo_n,13,163,false,9,13,onchain,500,159,1979758,4554511,459000,532250,877.249900,582639,842.104200,615631,796.270400,69626,30.544600,0x098b50423eb1b80e5a7fb520438bb4f17cbf6c9b9e6ebef7938342aa2df694fe,0x09d28e4bc034581881ef74dcd3ef170396e570e5cdac22e022a7b681b15fa3f8
theo_n,13,164,false,9,13,onchain,500,160,1979758,4554511,459000,532250,770.082800,582627,787.882500,615619,776.815800,69626,23.546700,0x098b50423eb1b80e5a7fb520438bb4f17cbf6c9b9e6ebef7938342aa2df694fe,0x06320cda582ab69eba60cc5f2d8f98720c81076f5feb562563b2678474f0e833
theo_n,13,165,false,9,13,onchain,500,161,1979758,4554511,459000,532274,803.897300,582663,1165.945800,615655,808.117000,69626,25.329900,0x098b50423eb1b80e5a7fb520438bb4f17cbf6c9b9e6ebef7938342aa2df694fe,0x1ed92eb6f52266c41b5eff71eff811783249cd3cb8dab2b6d993871737888e24
theo_n,13,166,false,9,13,onchain,500,162,1979758,4554511,459000,532298,1776.853300,582687,1420.776000,615679,1639.448300,69626,39.333500,0x098b50423eb1b80e5a7fb520438bb4f17cbf6c9b9e6ebef7938342aa2df694fe,0x2f228f71e58a7b39a67b3c4e6272d392223b6299129403e73cd5d22ee0dd12ac
theo_n,13,167,false,9,13,onchain,500,163,1979758,4554511,459000,532298,1509.390500,582687,1548.492400,615679,1378.575800,69626,40.405700,0x098b50423eb1b80e5a7fb520438bb4f17cbf6c9b9e6ebef7938342aa2df694fe,0x08b9ea24dacf4bb71cd1a71d186ad4a3aa0b1224036b3d5975053220811cfde2
theo_n,13,168,false,9,13,onchain,500,164,1979758,4554511,459000,532262,1136.045700,582651,1866.872500,615643,1523.314700,69626,36.373400,0x098b50423eb1b80e5a7fb520438bb4f17cbf6c9b9e6ebef7938342aa2df694fe,0x1e916b5d46e155942cbf9bd03d57a68d6870f77dfa7a2603838d5697fc064995
theo_n,13,169,false,9,13,onchain,500,165,1979758,4554511,459000,532370,1564.285200,582759,1694.535500,615751,1571.899400,69626,34.196300,0x098b50423eb1b80e5a7fb520438bb4f17cbf6c9b9e6ebef7938342aa2df694fe,0x2083a99ee8336b2216a949706234f1238389c5d988e1a708f1d82d2dd19a36f8
theo_n,13,170,false,9,13,onchain,500,166,1979758,4554511,459000,532298,1734.730000,582675,1826.524700,615667,1750.852600,69614,35.644900,0x098b50423eb1b80e5a7fb520438bb4f17cbf6c9b9e6ebef7938342aa2df694fe,0x0fc49d02f286296ca6aea328cf7989ead6df46008a90ac7708b353d4d1fa50a1
theo_n,13,171,false,9,13,onchain,500,167,1979758,4554511,459000,532310,1848.895500,582687,1848.668500,615679,1825.608900,69614,36.923000,0x098b50423eb1b80e5a7fb520438bb4f17cbf6c9b9e6ebef7938342aa2df694fe,0x01c951890bef8b00ee81b33d53ff33cabfdb08c77cd3d71cf09ae6aa9c8e6223
theo_n,13,172,false,9,13,onchain,500,168,1979758,4554511,459000,532226,1752.107500,582615,1750.068200,615607,1720.841600,69626,40.726500,0x098b50423eb1b80e5a7fb520438bb4f17cbf6c9b9e6ebef7938342aa2df694fe,0x2e21bd7006b2fe0c1b3e8d85680b3db6b9023ae9655b981deba01610d09107ff
theo_n,13,173,false,9,13,onchain,500,169,1979758,4554511,459000,532298,1587.140700,582687,1768.470400,615679,1657.114500,69626,38.722900,0x098b50423eb1b80e5a7fb520438bb4f17cbf6c9b9e6ebef7938342aa2df694fe,0x2dea3ace923241fb9b6cbe0f7cc54de90e793785f271579dc5ba7ed217ecf5de
theo_n,13,174,false,9,13,onchain,500,170,1979758,4554511,459000,532346,1726.614400,582735,1807.299500,615727,1812.800500,69626,36.881300,0x098b50423eb1b80e5a7fb520438bb4f17cbf6c9b9e6ebef7938342aa2df694fe,0x10f12245982fffe007b0ecef635197a5267eb81d727d447237c3f308eeea06c5
theo_n,13,175,false,9,13,onchain,500,171,1979758,4554511,459000,532274,1756.260300,582651,1829.682600,615643,1898.568000,69614,48.738600,0x098b50423eb1b80e5a7fb520438bb4f17cbf6c9b9e6ebef7938342aa2df694fe,0x1fde592bf80e60c3006f6357af1860d7a9c3b5f570bc0e39666b2fa0b0fa623b
theo_n,13,176,false,9,13,onchain,500,172,1979758,4554511,459000,532274,1826.955000,582651,1854.320000,615643,1835.158200,69614,40.467100,0x098b50423eb1b80e5a7fb520438bb4f17cbf6c9b9e6ebef7938342aa2df694fe,0x03f52ca2eb1444ab17b86e0070b7cb17a6e6d8eb47ba455096f24be0ef44e64d
theo_n,13,177,false,9,13,onchain,500,173,1979758,4554511,459000,532286,1856.377500,582675,1769.748100,615667,1720.045200,69626,36.138600,0x098b50423eb1b80e5a7fb520438bb4f17cbf6c9b9e6ebef7938342aa2df694fe,0x298aa57712a04fb53de588b8f1a0b1d1e4227d335b31773343b126bd46d6c8ce
theo_n,13,178,false,9,13,onchain,500,174,1979758,4554511,459000,532190,1718.388000,582579,1712.107400,615571,1942.046800,69626,45.387200,0x098b50423eb1b80e5a7fb520438bb4f17cbf6c9b9e6ebef7938342aa2df694fe,0x107b857578d9cb6989ccf0f30edb97b06bc3833c39c4f2d3e3d372f481dd8023
theo_n,13,179,false,9,13,onchain,500,175,1979758,4554511,459000,532322,1612.999700,582711,1701.250600,615703,1755.775400,69626,38.173600,0x098b50423eb1b80e5a7fb520438bb4f17cbf6c9b9e6ebef7938342aa2df694fe,0x1f04cfcb8e116dbe0f227912a09380f4e32e9e3e5f2256e919bb36f7079c5103
theo_n,13,180,false,9,13,onchain,500,176,1979758,4554511,459000,532274,1688.437100,582663,1836.186600,615655,1787.889400,69626,67.824000,0x098b50423eb1b80e5a7fb520438bb4f17cbf6c9b9e6ebef7938342aa2df694fe,0x1e68c8b38e22bac0843fbbaa1beb99ff308287da69e2748e848701f40806de03
theo_n,13,181,false,9,13,onchain,500,177,1979758,4554511,459000,532202,1762.783500,582579,1703.176700,615571,1837.446100,69614,39.299900,0x098b50423eb1b80e5a7fb520438bb4f17cbf6c9b9e6ebef7938342aa2df694fe,0x00273abbd77c1c843a34dd7136eb304c447c3664dec4b8a1220dfd8f7d419215
theo_n,13,182,false,9,13,onchain,500,178,1979758,4554511,459000,532274,1809.201900,582663,1718.752800,615655,1723.290600,69626,74.539900,0x098b50423eb1b80e5a7fb520438bb4f17cbf6c9b9e6ebef7938342aa2df694fe,0x0b28f864933c885e09f83295b931650d055fc4fc29f027c7f9154c739463a145
theo_n,13,183,false,9,13,onchain,500,179,1979758,4554511,459000,532214,1692.955300,582591,1925.124700,615583,1690.870200,69626,41.479600,0x098b50423eb1b80e5a7fb520438bb4f17cbf6c9b9e6ebef7938342aa2df694fe,0x1942c46688b94e9feac9b79485e5275cd47749110c86881a6f89b4fd673313b8
theo_n,13,184,false,9,13,onchain,500,180,1979758,4554511,459000,532358,1712.442000,582747,1655.956900,615739,1618.081300,69626,64.360600,0x098b50423eb1b80e5a7fb520438bb4f17cbf6c9b9e6ebef7938342aa2df694fe,0x05e66e3156ee58cd9a319fc1bf021b066bb4a12dfcb4065c8fd52badd2816357
theo_n,13,185,false,9,13,onchain,500,181,1979758,4554511,459000,532298,1849.834700,582687,1669.667800,615679,1634.827500,69626,45.112200,0x098b50423eb1b80e5a7fb520438bb4f17cbf6c9b9e6ebef7938342aa2df694fe,0x2a3c82367379ca3bc510fa7cc6292b87adeae422acaf533b481b7ab5a9b74ff8
theo_n,13,186,false,9,13,onchain,500,182,1979758,4554511,459000,532286,1756.040600,582675,1974.452400,615667,1806.578500,69626,42.775700,0x098b50423eb1b80e5a7fb520438bb4f17cbf6c9b9e6ebef7938342aa2df694fe,0x1249bf76e23d7887ed8174d4d5ab76b45d4e883f887862e0fbb6cb1ff0ae511b
theo_n,13,187,false,9,13,onchain,500,183,1979758,4554511,459000,532226,1743.907100,582615,1629.198100,615607,1875.495800,69626,39.779000,0x098b50423eb1b80e5a7fb520438bb4f17cbf6c9b9e6ebef7938342aa2df694fe,0x299618a39d19d4bebd969488c616703e255699e67a2120cf6f08ea875ec432c3
theo_n,13,188,false,9,13,onchain,500,184,1979758,4554511,459000,532238,1558.713500,582627,1819.784300,615619,1910.469400,69626,46.172300,0x098b50423eb1b80e5a7fb520438bb4f17cbf6c9b9e6ebef7938342aa2df694fe,0x1c9a777a7d9c58721c7da841f525a15984b7e891da907c30cff77c20fec58449
theo_n,13,189,false,9,13,onchain,500,185,1979758,4554511,459000,532262,1743.402800,582651,1762.916900,615643,1848.332900,69626,38.145200,0x098b50423eb1b80e5a7fb520438bb4f17cbf6c9b9e6ebef7938342aa2df694fe,0x2608a22fc17f577d6b0c737a1dae9bf3bfcada6e599a32673cc3b22aa3b6190c
theo_n,13,190,false,9,13,onchain,500,186,1979758,4554511,459000,532418,1783.947500,582807,1969.274100,615799,1698.032800,69626,52.168300,0x098b50423eb1b80e5a7fb520438bb4f17cbf6c9b9e6ebef7938342aa2df694fe,0x21c60d25a15e9ae91c63bf274725cbd91cce20150f6968f909ed4545bf10f860
theo_n,13,191,false,9,13,onchain,500,187,1979758,4554511,459000,532214,1677.712800,582603,1826.671600,615595,1893.700400,69626,32.192900,0x098b50423eb1b80e5a7fb520438bb4f17cbf6c9b9e6ebef7938342aa2df694fe,0x2a2d7701e0b8c21420d7b7229e667662e2cbb348c0011ae3c54b0a6ef4ddaed2
theo_n,13,192,false,9,13,onchain,500,188,1979758,4554511,459000,532286,1739.695200,582675,1742.319400,615667,1850.249200,69626,45.416100,0x098b50423eb1b80e5a7fb520438bb4f17cbf6c9b9e6ebef7938342aa2df694fe,0x2147d5a5854e8222301664ebdea905cf2129477a5b1fa920e3b69c0ffde3fe7c
theo_n,13,193,false,9,13,onchain,500,189,1979758,4554511,459000,532406,1708.111100,582795,1823.794800,615787,2020.633700,69626,41.602200,0x098b50423eb1b80e5a7fb520438bb4f17cbf6c9b9e6ebef7938342aa2df694fe,0x09e30c2882ee8f7a4d382ee18bfb26fd8cc97e5b71b4abf04cb6ef5c20141ee8
theo_n,13,194,false,9,13,onchain,500,190,1979758,4554511,459000,532358,1826.154900,582747,2083.846800,615739,2114.497100,69626,39.256500,0x098b50423eb1b80e5a7fb520438bb4f17cbf6c9b9e6ebef7938342aa2df694fe,0x29659717e824040f23b91d2d273626a16f2383026d93d647e324bab659038b3b
theo_n,13,195,false,9,13,onchain,500,191,1979758,4554511,459000,532262,2059.700800,582651,2185.442600,615643,2507.661100,69626,48.579300,0x098b50423eb1b80e5a7fb520438bb4f17cbf6c9b9e6ebef7938342aa2df694fe,0x08905947031ddfd20fdb11313343efd9b643df52a76a9d8822b84478d51ef533
theo_n,13,196,false,9,13,onchain,500,192,1979758,4554511,459000,532226,2200.479800,582615,2045.745700,615607,2169.338700,69626,46.691400,0x098b50423eb1b80e5a7fb520438bb4f17cbf6c9b9e6ebef7938342aa2df694fe,0x2623d2f0bb27f75ed651479f235215416974c7ed687818ca2eca4ed54cb0890e
theo_n,13,197,false,9,13,onchain,500,193,1979758,4554511,459000,532334,2159.432300,582723,1936.651900,615715,1900.037000,69626,44.506000,0x098b50423eb1b80e5a7fb520438bb4f17cbf6c9b9e6ebef7938342aa2df694fe,0x17f2a18d1c6af5fbd37c56a76f8d84a8557e3f92f46b9f10c97f07498d7a3e5e
theo_n,13,198,false,9,13,onchain,500,194,1979758,4554511,459000,532094,1750.294000,582483,1762.894400,615475,1776.603900,69626,39.124500,0x098b50423eb1b80e5a7fb520438bb4f17cbf6c9b9e6ebef7938342aa2df694fe,0x080444fd3d681818265e4b132c34ac5d5d0913ad9cde27ae4b3bc8bec9a476aa
theo_n,13,199,false,9,13,onchain,500,195,1979758,4554511,459000,532238,1786.451000,582615,1721.549300,615607,1769.827400,69614,36.496900,0x098b50423eb1b80e5a7fb520438bb4f17cbf6c9b9e6ebef7938342aa2df694fe,0x0650d03351bfa136d51cb721acb4868d9022e9febefe6b28499f0f004f36071e
theo_n,13,200,false,9,13,onchain,500,196,1979758,4554511,459000,532214,1830.024900,582603,1727.797500,615595,1659.051400,69626,38.614000,0x098b50423eb1b80e5a7fb520438bb4f17cbf6c9b9e6ebef7938342aa2df694fe,0x1dce569b979e4239dd9eb95272649e1f5bc3375080e9be8f146870ec3767764c
theo_n,13,201,false,9,13,onchain,500,197,1979758,4554511,459000,532130,1693.919200,582519,1669.220400,615511,1615.451200,69626,37.357800,0x098b50423eb1b80e5a7fb520438bb4f17cbf6c9b9e6ebef7938342aa2df694fe,0x229060fc460a01a09958347d142e63e18fac8e663a93f9c0a697618459f11091
theo_n,13,202,false,9,13,onchain,500,198,1979758,4554511,459000,532334,1560.507500,582723,1685.739800,615715,1639.362800,69626,39.034900,0x098b50423eb1b80e5a7fb520438bb4f17cbf6c9b9e6ebef7938342aa2df694fe,0x14c6c58b860df7cf32a61fa6440107908bc1f58866b5291b6fc0266a44cc4347
theo_n,13,203,false,9,13,onchain,500,199,1979758,4554511,459000,532298,1549.387400,582675,1880.855800,615667,1730.687100,69614,78.913300,0x098b50423eb1b80e5a7fb520438bb4f17cbf6c9b9e6ebef7938342aa2df694fe,0x2c6eca6e9dddf0c400924a7e305eebe78c57a0d68da8b8afe9343f8bb69af311
theo_n,13,204,false,9,13,onchain,500,200,1979758,4554511,459000,532310,1788.848900,582699,1962.644800,615691,1750.479500,69626,49.595100,0x098b50423eb1b80e5a7fb520438bb4f17cbf6c9b9e6ebef7938342aa2df694fe,0x26d10e610f5a898caa541893e7c74d8b589b1bca141f9d5c12129f0ac8c2c4de
theo_n,13,205,false,9,13,onchain,500,201,1979758,4554511,459000,532250,1914.720100,582627,1809.801000,615619,1980.269100,69614,44.499300,0x098b50423eb1b80e5a7fb520438bb4f17cbf6c9b9e6ebef7938342aa2df694fe,0x1de79d5b678871b100b2b73ad88c37f56b46d8c4d0981df6850d7f290419f46f
theo_n,13,206,false,9,13,onchain,500,202,1979758,4554511,459000,532310,1906.171500,582699,1827.922600,615691,1858.971300,69626,47.609500,0x098b50423eb1b80e5a7fb520438bb4f17cbf6c9b9e6ebef7938342aa2df694fe,0x1e084c1e93a570dd4dd924a63074f8e4144d31f5484d14bf9e43031a1408dd37
theo_n,13,207,false,9,13,onchain,500,203,1979758,4554511,459000,532274,1860.717600,582663,1839.946600,615655,1872.751800,69626,38.678500,0x098b50423eb1b80e5a7fb520438bb4f17cbf6c9b9e6ebef7938342aa2df694fe,0x2b491f2eb4c3f055d7784d7f4a35a5a0ffbd04a7375b5db1796d27992d6a78a4
theo_n,13,208,false,9,13,onchain,500,204,1979758,4554511,459000,532286,1736.372600,582675,1894.362000,615667,1582.066400,69626,46.723200,0x098b50423eb1b80e5a7fb520438bb4f17cbf6c9b9e6ebef7938342aa2df694fe,0x2207f01b23ccc5d511b22b388ece1132266a457ae6354b500e3371d8b7b47b8f
theo_n,13,209,false,9,13,onchain,500,205,1979758,4554511,459000,532274,1903.247200,582663,2070.265800,615655,1665.041800,69626,42.390400,0x098b50423eb1b80e5a7fb520438bb4f17cbf6c9b9e6ebef7938342aa2df694fe,0x2820b06f5df5d3e5eac9c631774e2ed85c977ab1010eff6d64f3fb624ad7d7a3
theo_n,13,210,false,9,13,onchain,500,206,1979758,4554511,459000,532310,2056.055500,582699,2199.289900,615691,1642.920500,69626,60.715300,0x098b50423eb1b80e5a7fb520438bb4f17cbf6c9b9e6ebef7938342aa2df694fe,0x27a17ea0f0816d8c2987f01b465a7a7c34a96adc62fd86ae42af4cc4a760bd5b
theo_n,13,211,false,9,13,onchain,500,207,1979758,4554511,459000,532298,1967.205500,582687,1513.697100,615679,1581.479200,69626,42.507600,0x098b50423eb1b80e5a7fb520438bb4f17cbf6c9b9e6ebef7938342aa2df694fe,0x2838bb09aca0424f32baa130c15f81e5704a68065f6de6f27979fc196863b7ae
theo_n,13,212,false,9,13,onchain,500,208,1979758,4554511,459000,532322,1566.882700,582711,1522.072600,615703,1471.637200,69626,41.060600,0x098b50423eb1b80e5a7fb520438bb4f17cbf6c9b9e6ebef7938342aa2df694fe,0x08253658a1a878506ef21181f0975c66ef755715fd66e1573da2305eb0cd2780
theo_n,13,213,false,9,13,onchain,500,209,1979758,4554511,459000,532274,1468.085500,582663,1571.737300,615655,1563.989900,69626,41.231300,0x098b50423eb1b80e5a7fb520438bb4f17cbf6c9b9e6ebef7938342aa2df694fe,0x10b028218147aff279afc8483c1d0f2f720bcbff9e7b277074e6f5964c6c1c75
theo_n,13,214,false,9,13,onchain,500,210,1979758,4554511,459000,532334,1636.397700,582723,1728.830600,615715,1761.015600,69626,36.320900,0x098b50423eb1b80e5a7fb520438bb4f17cbf6c9b9e6ebef7938342aa2df694fe,0x2173732b56584682acdb72c0eb05938ecaa2a2cf7d64074b54076a03bc11d903
theo_n,13,215,false,9,13,onchain,500,211,1979758,4554511,459000,532310,1652.614500,582699,1648.721400,615691,1799.698600,69626,36.418700,0x098b50423eb1b80e5a7fb520438bb4f17cbf6c9b9e6ebef7938342aa2df694fe,0x18f62f27b02c5bdf99fc82b37e136b28c8b03690f7a779e123ec15b179a41357
theo_n,13,216,false,9,13,onchain,500,212,1979758,4554511,459000,532310,1709.653300,582699,1714.896300,615691,1805.677900,69626,37.139400,0x098b50423eb1b80e5a7fb520438bb4f17cbf6c9b9e6ebef7938342aa2df694fe,0x0522989be561c3acf3d13b8ce2579c69fd82702309650aa02dc3f0f1a3aeb51e
theo_n,13,217,false,9,13,onchain,500,213,1979758,4554511,459000,532310,1945.585500,582687,1827.450300,615679,1717.832500,69614,41.618800,0x098b50423eb1b80e5a7fb520438bb4f17cbf6c9b9e6ebef7938342aa2df694fe,0x00abfd86d0b7cd3ef4c548a4842e95cd198e8c13f5984cf7744328f643ecda38
theo_n,13,218,false,9,13,onchain,500,214,1979758,4554511,459000,532226,1787.810600,582603,1875.517400,615595,1800.879300,69614,39.189800,0x098b50423eb1b80e5a7fb520438bb4f17cbf6c9b9e6ebef7938342aa2df694fe,0x00e72a74ffeafc01ff3bc87cbe9cb8991e6ddf6a62704eee18f298fb44947a54
theo_n,13,219,false,9,13,onchain,500,215,1979758,4554511,459000,532262,1740.853000,582651,1711.080100,615643,1636.226200,69626,44.353600,0x098b50423eb1b80e5a7fb520438bb4f17cbf6c9b9e6ebef7938342aa2df694fe,0x09bd4c44b0d8c3f95e85a7ea7eaad034d0bb4a071151c4602d4c25a063e655a3
theo_n,13,220,false,9,13,onchain,500,216,1979758,4554511,459000,532250,1772.731700,582627,1705.029000,615619,1840.110700,69614,39.963300,0x098b50423eb1b80e5a7fb520438bb4f17cbf6c9b9e6ebef7938342aa2df694fe,0x1da98d0d586ad726f7d6d36d081f3b5ddaff00b0e568dc30c9263430f45d0efd
theo_n,13,221,false,9,13,onchain,500,217,1979758,4554511,459000,532298,1782.004300,582675,1845.172300,615667,1817.604400,69614,44.174800,0x098b50423eb1b80e5a7fb520438bb4f17cbf6c9b9e6ebef7938342aa2df694fe,0x0d332cc6cfca7d979739d690576d83fa594a7fade7d1ed233baee5eee47c00aa
theo_n,13,222,false,9,13,onchain,500,218,1979758,4554511,459000,532370,1733.766700,582759,1708.070000,615751,1858.354900,69626,40.550800,0x098b50423eb1b80e5a7fb520438bb4f17cbf6c9b9e6ebef7938342aa2df694fe,0x04df1709421261492f4643397ca9c5a3205a57917e5467927d5d95111e631b98
theo_n,13,223,false,9,13,onchain,500,219,1979758,4554511,459000,532202,1669.048000,582591,1785.243600,615583,1706.263100,69626,44.010500,0x098b50423eb1b80e5a7fb520438bb4f17cbf6c9b9e6ebef7938342aa2df694fe,0x0ca39f899831fd4e5448e7ade10af02c0e1c50d9b33334800989497f9e26e93b
theo_n,13,224,false,9,13,onchain,500,220,1979758,4554511,459000,532394,1810.765400,582783,1751.766300,615775,1547.326500,69626,66.956400,0x098b50423eb1b80e5a7fb520438bb4f17cbf6c9b9e6ebef7938342aa2df694fe,0x17b533f22fbbd4525ea0cb1d23064c62e4d5d81c56b9f425542cd2b8500fe93f
theo_n,13,225,false,9,13,onchain,500,221,1979758,4554511,459000,532214,1541.902500,582603,1755.386700,615595,1733.985200,69626,37.037400,0x098b50423eb1b80e5a7fb520438bb4f17cbf6c9b9e6ebef7938342aa2df694fe,0x30284ab4f906ef741017b6ba866c480fe26022712c2b1f47925878df7ead3942
theo_n,13,226,false,9,13,onchain,500,222,1979758,4554511,459000,532226,1732.842800,582615,1167.924600,615607,1071.037500,69626,32.120700,0x098b50423eb1b80e5a7fb520438bb4f17cbf6c9b9e6ebef7938342aa2df694fe,0x230719c7f7508d7995106104b0fba8547e5ccbc3b2237e6c3681908b8908eb25
theo_n,13,227,false,9,13,onchain,500,223,1979758,4554511,459000,532214,1033.564700,582591,1289.007800,615583,1059.542200,69614,58.898600,0x098b50423eb1b80e5a7fb520438bb4f17cbf6c9b9e6ebef7938342aa2df694fe,0x05e321b5b73ae7dc708200813248dc8ce759f76786404cca834d23fbda676330
theo_n,13,228,false,9,13,onchain,500,224,1979758,4554511,459000,532286,1082.998500,582675,1141.382900,615667,1064.110500,69626,40.345400,0x098b50423eb1b80e5a7fb520438bb4f17cbf6c9b9e6ebef7938342aa2df694fe,0x04f16424a036c1c8b8b62ac3f6fbf1afe4161d95f2745ca23620b11c345ec204
theo_n,13,229,false,9,13,onchain,500,225,1979758,4554511,459000,532226,1143.165500,582615,1073.074900,615607,1033.725600,69626,30.663100,0x098b50423eb1b80e5a7fb520438bb4f17cbf6c9b9e6ebef7938342aa2df694fe,0x1683ef468d4cd009c3194edbbb010a088da918a0690b8a067343e416a6a4b7ff
theo_n,13,230,false,9,13,onchain,500,226,1979758,4554511,459000,532250,1071.079800,582627,1095.006700,615619,1057.883800,69614,60.899300,0x098b50423eb1b80e5a7fb520438bb4f17cbf6c9b9e6ebef7938342aa2df694fe,0x019f440d4f71344df6e4a73f4d2b76d8d021ff64e9805774b700ff240c7e6290
theo_n,13,231,false,9,13,onchain,500,227,1979758,4554511,459000,532262,1017.811500,582651,1079.622200,615643,1084.639100,69626,32.070100,0x098b50423eb1b80e5a7fb520438bb4f17cbf6c9b9e6ebef7938342aa2df694fe,0x2cd3b78cb474d98ab26e82eec456c2b501e97e323c15f190d62a4d50eccd5f21
theo_n,13,232,false,9,13,onchain,500,228,1979758,4554511,459000,532370,1044.611500,582759,1016.288600,615751,1048.808400,69626,30.940800,0x098b50423eb1b80e5a7fb520438bb4f17cbf6c9b9e6ebef7938342aa2df694fe,0x0cd75776cd07fe51cb25d1b9af220f8010d0b1b48eabf6f7c90ee35094b60e35
theo_n,13,233,false,9,13,onchain,500,229,1979758,4554511,459000,532334,1001.705000,582723,1014.121700,615715,1102.605100,69626,30.476700,0x098b50423eb1b80e5a7fb520438bb4f17cbf6c9b9e6ebef7938342aa2df694fe,0x2af48b45a7202a164a90ca6a1725e39467f70a524ea74dfae76a0a6dc0b7be0b
theo_n,13,234,false,9,13,onchain,500,230,1979758,4554511,459000,532250,1067.919000,582627,1113.220400,615619,1128.710000,69626,35.703800,0x098b50423eb1b80e5a7fb520438bb4f17cbf6c9b9e6ebef7938342aa2df694fe,0x0aa6ce31e57d744ae008aec740817366db5ec92d41d4b40a440c5b1c0eb2cd57
theo_n,13,235,false,9,13,onchain,500,231,1979758,4554511,459000,532262,1022.236900,582651,1012.956100,615643,1014.644600,69626,30.194000,0x098b50423eb1b80e5a7fb520438bb4f17cbf6c9b9e6ebef7938342aa2df694fe,0x278b7b3a14762423c4cb23f6ef2bed5f69f610ad64b09fb228de4bdd7b449931
theo_n,13,236,false,9,13,onchain,500,232,1979758,4554511,459000,532262,1231.278300,582639,1111.817400,615631,1104.007300,69614,64.161900,0x098b50423eb1b80e5a7fb520438bb4f17cbf6c9b9e6ebef7938342aa2df694fe,0x008535962f0a38daf6d8b95158c3c95e2415b4e90d11089c37356fc331072ead
theo_n,13,237,false,9,13,onchain,500,233,1979758,4554511,459000,532262,1004.380600,582651,1026.056400,615643,1094.484200,69626,30.889100,0x098b50423eb1b80e5a7fb520438bb4f17cbf6c9b9e6ebef7938342aa2df694fe,0x1f283c30d18bf09f79126ecf806edc3bf784d5e0f9725586679bfe0e9c141c4e
theo_n,13,238,false,9,13,onchain,500,234,1979758,4554511,459000,532322,1045.662500,582699,1117.226500,615691,1084.544900,69626,31.550600,0x098b50423eb1b80e5a7fb520438bb4f17cbf6c9b9e6ebef7938342aa2df694fe,0x0ca1cac7f7c4ab67a0c13fbe4385bbfcc207f7258be5b10a821c9e35368bc57c
theo_n,13,239,false,9,13,onchain,500,235,1979758,4554511,459000,532286,1052.229800,582675,1075.051300,615667,1076.429400,69626,25.944700,0x098b50423eb1b80e5a7fb520438bb4f17cbf6c9b9e6ebef7938342aa2df694fe,0x1ee64ecdb87fe16d9a0b2d0a42e45479ccd2fa4753d872229767dfbf44cdf2d9
theo_n,13,240,false,9,13,onchain,500,236,1979758,4554511,459000,532286,1068.552900,582675,1076.924300,615667,1052.946100,69626,30.780600,0x098b50423eb1b80e5a7fb520438bb4f17cbf6c9b9e6ebef7938342aa2df694fe,0x0c61a809f53d171aeb13efc2823b433ee74a4bcb86fcca2c0bbe028b9567aba6
theo_n,13,241,false,9,13,onchain,500,237,1979758,4554511,459000,532346,1041.881500,582735,1060.347400,615727,1072.983400,69626,31.380900,0x098b50423eb1b80e5a7fb520438bb4f17cbf6c9b9e6ebef7938342aa2df694fe,0x249a5db4d7eb6525105d286d5866fa9da2af5e066720dd3e559dc51efb9f1ffb
theo_n,13,242,false,9,13,onchain,500,238,1979758,4554511,459000,532310,1027.953100,582699,1211.185500,615691,1062.952800,69626,30.108300,0x098b50423eb1b80e5a7fb520438bb4f17cbf6c9b9e6ebef7938342aa2df694fe,0x0702f314a3e92da936be90effa3dcc080d999f2e509ef50c2c1d79b4fc8f6bcd
theo_n,13,243,false,9,13,onchain,500,239,1979758,4554511,459000,532250,1014.781400,582639,1137.371000,615631,1027.762700,69626,27.950000,0x098b50423eb1b80e5a7fb520438bb4f17cbf6c9b9e6ebef7938342aa2df694fe,0x0a4b98013160def93d32ab9bd72b198ed733f55b2afe206df82a3170ae024fdf
theo_n,13,244,false,9,13,onchain,500,240,1979758,4554511,459000,532334,1261.015400,582723,1067.748200,615715,1058.921500,69626,30.587500,0x098b50423eb1b80e5a7fb520438bb4f17cbf6c9b9e6ebef7938342aa2df694fe,0x06e7126768d8e8ff17cce3aab2c4804e1cbd3fe8097a56fccac32ae30136f0ca
theo_n,13,245,false,9,13,onchain,500,241,1979758,4554511,459000,532346,1032.619400,582735,1091.476000,615727,1089.116600,69626,27.956300,0x098b50423eb1b80e5a7fb520438bb4f17cbf6c9b9e6ebef7938342aa2df694fe,0x0a3decc0377e13f60cc834863b77ceedbe0fe45696b715b64b35cde307d12ba3
theo_n,13,246,false,9,13,onchain,500,242,1979758,4554511,459000,532322,1032.514100,582711,1059.481300,615703,1214.525200,69626,28.492300,0x098b50423eb1b80e5a7fb520438bb4f17cbf6c9b9e6ebef7938342aa2df694fe,0x27797a9f69d6b0d7d985d0a46cd91f3d36c9fa86cdbeaa89ce2415172e64f190
theo_n,13,247,false,9,13,onchain,500,243,1979758,4554511,459000,532298,1132.941700,582687,1105.823400,615679,1304.242700,69626,35.166500,0x098b50423eb1b80e5a7fb520438bb4f17cbf6c9b9e6ebef7938342aa2df694fe,0x12e45f07466eecaf4f209e0a6519f666d88d455427c1d676657f276d56339d2f
theo_n,13,248,false,9,13,onchain,500,244,1979758,4554511,459000,532262,1038.139500,582651,1012.415400,615643,1323.982200,69626,29.678300,0x098b50423eb1b80e5a7fb520438bb4f17cbf6c9b9e6ebef7938342aa2df694fe,0x181adf32cfe9935cd5593d715f3eddd6c12cf801141af0412b5002665fb58cf2
theo_n,13,249,false,9,13,onchain,500,245,1979758,4554511,459000,532286,1072.144400,582675,1088.974900,615667,1189.180600,69626,28.077600,0x098b50423eb1b80e5a7fb520438bb4f17cbf6c9b9e6ebef7938342aa2df694fe,0x0293847ef66f11fb996f93396f52d4a36106d51fcac611aab6fc2563d36d3847
theo_n,13,250,false,9,13,onchain,500,246,1979758,4554511,459000,532262,1063.123700,582651,1515.262200,615643,1092.587700,69626,36.335000,0x098b50423eb1b80e5a7fb520438bb4f17cbf6c9b9e6ebef7938342aa2df694fe,0x1d92e48e7b37a5203801541414b263b923580ad1025d8385894bced6f5edf1b9
theo_n,13,251,false,9,13,onchain,500,247,1979758,4554511,459000,532226,1221.063800,582615,1131.220000,615607,1094.100500,69626,38.716100,0x098b50423eb1b80e5a7fb520438bb4f17cbf6c9b9e6ebef7938342aa2df694fe,0x30131b16109882349645b305078a9fecd21cd7a7804f32b913f07d7e73239a54
theo_n,13,252,false,9,13,onchain,500,248,1979758,4554511,459000,532298,1036.970200,582687,1194.263300,615679,1091.911600,69626,26.056600,0x098b50423eb1b80e5a7fb520438bb4f17cbf6c9b9e6ebef7938342aa2df694fe,0x0fc687a2a0ff407060788cff48a8795fb72c5d5c1c5e7ace3017c12ace37d25b
theo_n,13,253,false,9,13,onchain,500,249,1979758,4554511,459000,532286,1110.612700,582675,1078.310000,615667,1083.207500,69626,28.289400,0x098b50423eb1b80e5a7fb520438bb4f17cbf6c9b9e6ebef7938342aa2df694fe,0x22883b823b1489571b9345548d36e8a954dcd025de0b04f7911cb92ddae9f0c0
theo_n,13,254,false,9,13,onchain,500,250,1979758,4554511,459000,532262,1027.032600,582651,1065.869500,615643,1153.196500,69626,29.737600,0x098b50423eb1b80e5a7fb520438bb4f17cbf6c9b9e6ebef7938342aa2df694fe,0x06aefe36889e944554c0bfba064c14099209324c84484f7cead0b0fc2721cedb
theo_n,13,255,false,9,13,onchain,500,251,1979758,4554511,459000,532310,1035.342900,582699,1068.035200,615691,1098.294600,69626,26.034700,0x098b50423eb1b80e5a7fb520438bb4f17cbf6c9b9e6ebef7938342aa2df694fe,0x145d657f21439dc6c9e2bde7ace48104cea658ee03160bb6a74dfa6f77de8aab
theo_n,13,256,false,9,13,onchain,500,252,1979758,4554511,459000,532334,1057.175100,582723,1069.049600,615715,1080.922400,69626,25.564700,0x098b50423eb1b80e5a7fb520438bb4f17cbf6c9b9e6ebef7938342aa2df694fe,0x213a5c53e8d401a727fc495f82c4f9716da4d586351dd9d2c2937aee940256b7
theo_n,13,257,false,9,13,onchain,500,253,1979758,4554511,459000,532274,1016.654700,582663,1079.235500,615655,1089.344100,69626,27.056400,0x098b50423eb1b80e5a7fb520438bb4f17cbf6c9b9e6ebef7938342aa2df694fe,0x129596920613df72f1b51a01ba2d240dde9189ba8bce571a63a1f6c061efb954
theo_n,13,258,false,9,13,onchain,500,254,1979758,4554511,459000,532214,1020.870400,582603,1089.887900,615595,1112.671400,69626,40.430300,0x098b50423eb1b80e5a7fb520438bb4f17cbf6c9b9e6ebef7938342aa2df694fe,0x09b8f8929d1692fe3d358cc25686295748c1b1fadfb7c30cbfec622f9d80fd05
theo_n,13,259,false,9,13,onchain,500,255,1979758,4554511,459000,532298,1092.619000,582687,1192.291800,615679,1126.532400,69626,39.184100,0x098b50423eb1b80e5a7fb520438bb4f17cbf6c9b9e6ebef7938342aa2df694fe,0x0bab4493bbfde736a38be14ea8fdfde66333ae2107cfb41a9ddac4a3e9abb33b
theo_n,13,260,false,9,13,onchain,500,256,1979758,4554511,459000,532250,1129.022400,582627,1218.911800,615619,1150.682500,69626,36.885600,0x098b50423eb1b80e5a7fb520438bb4f17cbf6c9b9e6ebef7938342aa2df694fe,0x0273dfe329a161d0be4c0399d8130f91715f853183f8d2686ea659408b63e85a
theo_n,13,261,false,9,13,onchain,500,257,1979758,4554511,459000,532358,1050.706700,582747,1137.720800,615739,1260.167100,69626,36.446600,0x098b50423eb1b80e5a7fb520438bb4f17cbf6c9b9e6ebef7938342aa2df694fe,0x05e37e2666d2b2839c4d81cc0598d09f164406dcbfeedc117caaf487a940f444
theo_n,13,262,false,9,13,onchain,500,258,1979758,4554511,459000,532298,1095.900800,582687,1222.243700,615679,1168.280000,69626,106.152000,0x098b50423eb1b80e5a7fb520438bb4f17cbf6c9b9e6ebef7938342aa2df694fe,0x256f742a38acf6c1a9515ef36c9e4f1eb465c1084cb78949dc4b638af40d646e
theo_n,13,263,false,9,13,onchain,500,259,1979758,4554511,459000,532322,1124.477800,582699,1250.250700,615691,1065.247800,69626,34.891000,0x098b50423eb1b80e5a7fb520438bb4f17cbf6c9b9e6ebef7938342aa2df694fe,0x22da3d99a866b36f51c982949d7239cdda27998316552d92d9f9da5f34170e9a
theo_n,13,264,false,9,13,onchain,500,260,1979758,4554511,459000,532322,1154.658900,582711,1094.185200,615703,1132.911700,69626,40.283100,0x098b50423eb1b80e5a7fb520438bb4f17cbf6c9b9e6ebef7938342aa2df694fe,0x2eeb16245d057e1c821d3d115ab4b5dfaaaa7645ac5e97c43a56a1f4a7150914
theo_n,13,265,false,9,13,onchain,500,261,1979758,4554511,459000,532310,1048.260200,582699,1274.230500,615691,1187.580900,69626,36.206100,0x098b50423eb1b80e5a7fb520438bb4f17cbf6c9b9e6ebef7938342aa2df694fe,0x050f3eb658ce524599a8aa3b8d7270a9f39f9024f520e07d9c2957bbac0dd83f
theo_n,13,266,false,9,13,onchain,500,262,1979758,4554511,459000,532298,1137.328100,582687,1314.633100,615679,1054.123000,69626,27.697700,0x098b50423eb1b80e5a7fb520438bb4f17cbf6c9b9e6ebef7938342aa2df694fe,0x2ba47ecc5714b6eb7047b965817a6105041146195243108b88a4aaef2ad003c8
theo_n,13,267,false,9,13,onchain,500,263,1979758,4554511,459000,532310,1104.991000,582699,1180.943000,615691,1149.244400,69626,34.008100,0x098b50423eb1b80e5a7fb520438bb4f17cbf6c9b9e6ebef7938342aa2df694fe,0x2e324cb62c1f9e76d2ebad95ab692d390a6dff346fcc2f8c952dd39314156fb9
theo_n,13,268,false,9,13,onchain,500,264,1979758,4554511,459000,532262,1134.106100,582651,1188.160200,615643,1076.525700,69626,34.892300,0x098b50423eb1b80e5a7fb520438bb4f17cbf6c9b9e6ebef7938342aa2df694fe,0x25f19f2ed933082d6fbbb5bfac709e94b22d54cd2a606841adea1e0f33252529
theo_n,13,269,false,9,13,onchain,500,265,1979758,4554511,459000,532310,1228.396500,582699,1079.836700,615691,1090.110000,69626,28.938700,0x098b50423eb1b80e5a7fb520438bb4f17cbf6c9b9e6ebef7938342aa2df694fe,0x1b73fd036c6904bf7a1b55a35ef8a0322d4aa1afacbdc5b1f5dadda95f2e80d9
theo_n,13,270,false,9,13,onchain,500,266,1979758,4554511,459000,532274,1223.272300,582663,1083.665600,615655,1059.446600,69626,32.666900,0x098b50423eb1b80e5a7fb520438bb4f17cbf6c9b9e6ebef7938342aa2df694fe,0x0d1a891904ce26bcee3cb9f193ef9b557a571025c13617efc5ff3fb14a736eb4
theo_n,13,271,false,9,13,onchain,500,267,1979758,4554511,459000,532226,1025.346700,582603,1069.170900,615595,1077.361100,69614,54.635700,0x098b50423eb1b80e5a7fb520438bb4f17cbf6c9b9e6ebef7938342aa2df694fe,0x07a55a2cc78db673d6ae5e20b0ea0a4dc4565731018c7ff217b15c0007aed7f2
theo_n,13,272,false,9,13,onchain,500,268,1979758,4554511,459000,532298,998.773200,582687,938.150500,615679,1042.270900,69626,27.158100,0x098b50423eb1b80e5a7fb520438bb4f17cbf6c9b9e6ebef7938342aa2df694fe,0x1b3425cd994444788f818746c2e7c494544d30a6badeb85248e6ba6f4e1a800c
theo_n,13,273,false,9,13,onchain,500,269,1979758,4554511,459000,532202,973.298400,582591,1008.920800,615583,985.769900,69626,24.756000,0x098b50423eb1b80e5a7fb520438bb4f17cbf6c9b9e6ebef7938342aa2df694fe,0x2c26f5f83ded0ff33db808a3707ddc761b49e85e1553363811613e0c2c9d3d55
theo_n,13,274,false,9,13,onchain,500,270,1979758,4554511,459000,532334,896.207500,582723,874.199700,615715,1000.048800,69626,21.894800,0x098b50423eb1b80e5a7fb520438bb4f17cbf6c9b9e6ebef7938342aa2df694fe,0x27ab6471727dff3719ef7ffc1265547db50f19af6e3dfad86ccb95714f9a5d7e
theo_n,13,275,false,9,13,onchain,500,271,1979758,4554511,459000,532238,908.730000,582627,939.892800,615619,1015.683100,69626,28.325700,0x098b50423eb1b80e5a7fb520438bb4f17cbf6c9b9e6ebef7938342aa2df694fe,0x2eb89a47bfcb01aafba101688f54b1a659eaf923abcdf6feedf40c3336f23910
theo_n,13,276,false,9,13,onchain,500,272,1979758,4554511,459000,532190,931.816900,582567,928.112800,615559,1017.792700,69626,23.262500,0x098b50423eb1b80e5a7fb520438bb4f17cbf6c9b9e6ebef7938342aa2df694fe,0x01f877af3a44c875c5ed8ce6ff874d7f2e729e436c223d071c9bab848171ec74
theo_n,13,277,false,9,13,onchain,500,273,1979758,4554511,459000,532298,906.917000,582687,885.848000,615679,1042.618500,69626,24.536000,0x098b50423eb1b80e5a7fb520438bb4f17cbf6c9b9e6ebef7938342aa2df694fe,0x1540aab8dbb6cec70f4bcd0ce7a9a9ec2d01ae732153d9b3ce0132b30e5b4b79
theo_n,13,278,false,9,13,onchain,500,274,1979758,4554511,459000,532394,847.603200,582783,1132.709500,615775,871.593200,69626,26.192100,0x098b50423eb1b80e5a7fb520438bb4f17cbf6c9b9e6ebef7938342aa2df694fe,0x2472614978251e972b800f9d3fa0c405855b30b1bf99b4d2bded5447950babd5
theo_n,13,279,false,9,13,onchain,500,275,1979758,4554511,459000,532250,909.954100,582627,904.194600,615619,952.006500,69614,22.522600,0x098b50423eb1b80e5a7fb520438bb4f17cbf6c9b9e6ebef7938342aa2df694fe,0x2ecc7b3800f519a1cdbfd4ae30504aa32c2ac390744aeef4ea5d705ec794980c
theo_n,13,280,false,9,13,onchain,500,276,1979758,4554511,459000,532214,878.549100,582603,965.016400,615595,841.903400,69626,19.413900,0x098b50423eb1b80e5a7fb520438bb4f17cbf6c9b9e6ebef7938342aa2df694fe,0x16e181e2115c35c95e67629e1e264b486e3cd2a23231458b49757292f76d6e4b
theo_n,13,281,false,9,13,onchain,500,277,1979758,4554511,459000,532322,839.370100,582711,843.292200,615703,981.924300,69626,23.577500,0x098b50423eb1b80e5a7fb520438bb4f17cbf6c9b9e6ebef7938342aa2df694fe,0x0fa08a215862bfe0e4c17fd8a7fc50c2305c2fd26baa4a1fa80b8af9f36c5d20
theo_n,13,282,false,9,13,onchain,500,278,1979758,4554511,459000,532322,820.870800,582711,929.581300,615703,764.487800,69626,24.694600,0x098b50423eb1b80e5a7fb520438bb4f17cbf6c9b9e6ebef7938342aa2df694fe,0x1b3bf5c183a4d79b4be51a4c7850892bb9bce49b7de06522e8e2a9fb90360c13
theo_n,13,283,false,9,13,onchain,500,279,1979758,4554511,459000,532262,835.616500,582651,872.526200,615643,659.497400,69626,36.163800,0x098b50423eb1b80e5a7fb520438bb4f17cbf6c9b9e6ebef7938342aa2df694fe,0x0aaaf59b863c164df792e94c16b3b8ada0c468ca3bd179729d18462393cddda0
theo_n,13,284,false,9,13,onchain,500,280,1979758,4554511,459000,532118,944.188900,582507,832.311200,615499,966.826800,69626,22.796100,0x098b50423eb1b80e5a7fb520438bb4f17cbf6c9b9e6ebef7938342aa2df694fe,0x2b2e7002b4fde9470b70626703405c69ea6084bb225ab36c13cce721e6956ef3
theo_n,13,285,false,9,13,onchain,500,281,1979758,4554511,459000,532202,844.226600,582567,881.389000,615559,1001.559300,69626,22.277300,0x098b50423eb1b80e5a7fb520438bb4f17cbf6c9b9e6ebef7938342aa2df694fe,0x1431efacf1ed954c67b3e8d4d12850b1e7a1f3d8aa3e1c579094e8e871582c83
theo_n,13,286,false,9,13,onchain,500,282,1979758,4554511,459000,532334,1041.819600,582723,805.863600,615715,1008.917200,69626,22.277800,0x098b50423eb1b80e5a7fb520438bb4f17cbf6c9b9e6ebef7938342aa2df694fe,0x0ce9a17572619681e0ae731dd40898647339b9416c0aaba7d464bf42a07f4b78
theo_n,13,287,false,9,13,onchain,500,283,1979758,4554511,459000,532310,805.483400,582699,859.757100,615691,859.478100,69626,20.850600,0x098b50423eb1b80e5a7fb520438bb4f17cbf6c9b9e6ebef7938342aa2df694fe,0x26154f6664745752deecbb5ba83bd486b93ac9c77cc804c65d16fba210fe7909
theo_n,13,288,false,9,13,onchain,500,284,1979758,4554511,459000,532346,861.296600,582735,786.439600,615727,995.945900,69626,26.945500,0x098b50423eb1b80e5a7fb520438bb4f17cbf6c9b9e6ebef7938342aa2df694fe,0x2c72121ede22164e725242e3e6d4bcfb26dc7d7f3b8da76187489274d70b8a6f
theo_n,13,289,false,9,13,onchain,500,285,1979758,4554511,459000,532238,956.645400,582627,1098.348700,615619,1061.195500,69626,23.171800,0x098b50423eb1b80e5a7fb520438bb4f17cbf6c9b9e6ebef7938342aa2df694fe,0x03b2a12c78d2b5f466ab8b3f25a12b8df133b21dc585f9274af9daf158fa8d42
theo_n,13,290,false,9,13,onchain,500,286,1979758,4554511,459000,532286,892.194700,582675,1057.572500,615667,1645.326400,69626,39.639400,0x098b50423eb1b80e5a7fb520438bb4f17cbf6c9b9e6ebef7938342aa2df694fe,0x02b78917243752d5eb913f64f02c2b30b97ca4f9d3cfc8f00da4d48c8feb2a88
theo_n,13,291,false,9,13,onchain,500,287,1979758,4554511,459000,532190,947.603600,582567,613.323300,615559,673.551900,69614,19.883100,0x098b50423eb1b80e5a7fb520438bb4f17cbf6c9b9e6ebef7938342aa2df694fe,0x1da77fd8de37566085180015fec8404cacf7a2d5cd180288bb2944142ff5bf89
theo_n,13,292,false,9,13,onchain,500,288,1979758,4554511,459000,532370,675.837300,582759,664.919500,615751,680.573100,69626,18.751100,0x098b50423eb1b80e5a7fb520438bb4f17cbf6c9b9e6ebef7938342aa2df694fe,0x1e658b47f89ceabf271c6f8f44451fbc0dcc3395e05370047bd0df20381091ef
theo_n,13,293,false,9,13,onchain,500,289,1979758,4554511,459000,532346,591.367100,582735,654.384000,615727,606.883900,69626,18.747800,0x098b50423eb1b80e5a7fb520438bb4f17cbf6c9b9e6ebef7938342aa2df694fe,0x0a195ed7a2d9704acd2e32b8077bb3309442f51b505fcf3f8155664707ce3104
theo_n,13,294,false,9,13,onchain,500,290,1979758,4554511,459000,532346,605.215200,582723,618.407800,615715,687.395700,69626,18.225600,0x098b50423eb1b80e5a7fb520438bb4f17cbf6c9b9e6ebef7938342aa2df694fe,0x1ec09be06e6c9211551e6b993af8a5c1702f96b177c3af931b079059ba0dec2e
theo_n,13,295,false,9,13,onchain,500,291,1979758,4554511,459000,532382,577.670800,582771,609.117700,615763,606.949300,69626,23.152900,0x098b50423eb1b80e5a7fb520438bb4f17cbf6c9b9e6ebef7938342aa2df694fe,0x2c6bf8a146bc421ed3017f8ae39e8f649c56c07446e96d2cc210fe45ab350309
theo_n,13,296,false,9,13,onchain,500,292,1979758,4554511,459000,532310,604.638900,582699,661.197100,615691,615.883400,69626,22.092700,0x098b50423eb1b80e5a7fb520438bb4f17cbf6c9b9e6ebef7938342aa2df694fe,0x10bc1ad8741f0d3049216725d2e3aa18850e1f0776d5b583c8d7ccf54e4e8398
theo_n,13,297,false,9,13,onchain,500,293,1979758,4554511,459000,532298,647.401700,582687,671.908700,615679,634.186400,69626,19.363700,0x098b50423eb1b80e5a7fb520438bb4f17cbf6c9b9e6ebef7938342aa2df694fe,0x25d6f87b434119b3ee033b87875c280d4a0aef30b6ddb137a39f327883387c2f
theo_n,13,298,false,9,13,onchain,500,294,1979758,4554511,459000,532334,712.197000,582723,631.965600,615715,647.336100,69626,16.925900,0x098b50423eb1b80e5a7fb520438bb4f17cbf6c9b9e6ebef7938342aa2df694fe,0x2d90252085b20aa667c2b9c9519f0815e21dfde49161c106bdbfb08b20043a84
theo_n,13,299,false,9,13,onchain,500,295,1979758,4554511,459000,532226,720.149400,582603,654.960500,615595,698.208700,69614,18.883600,0x098b50423eb1b80e5a7fb520438bb4f17cbf6c9b9e6ebef7938342aa2df694fe,0x2fba855d2dbb6f112b18c55634cfe76cf45e009e902d3bbba84ef049b87791d0
theo_n,13,300,false,9,13,onchain,500,296,1979758,4554511,459000,532274,658.519800,582663,707.933500,615655,799.792100,69626,22.949800,0x098b50423eb1b80e5a7fb520438bb4f17cbf6c9b9e6ebef7938342aa2df694fe,0x26ed0f074a95c716a837803a907ad3e7099d6f56e27020bab5828bf905560fcf
theo_n,13,301,false,9,13,onchain,500,297,1979758,4554511,459000,532226,630.736900,582615,683.258600,615607,706.043700,69626,22.070100,0x098b50423eb1b80e5a7fb520438bb4f17cbf6c9b9e6ebef7938342aa2df694fe,0x13d065a59a0f5c872fe29642c29186de6b12e548479494b95bef41be4dbc3e97
theo_n,13,302,false,9,13,onchain,500,298,1979758,4554511,459000,532250,663.076200,582627,714.339000,615619,749.358200,69614,22.590600,0x098b50423eb1b80e5a7fb520438bb4f17cbf6c9b9e6ebef7938342aa2df694fe,0x01e080677d2f1b417bd106d2d1537db95612ae997a0165701a8789b90058bd3f
theo_n,13,303,false,9,13,onchain,500,299,1979758,4554511,459000,532298,692.604300,582675,754.458400,615667,922.336500,69614,24.368400,0x098b50423eb1b80e5a7fb520438bb4f17cbf6c9b9e6ebef7938342aa2df694fe,0x0bad777ee7e53cb50bb1a34026c5b600d6b9069343a3a1ee1f82b5341284f325
theo_n,13,304,false,9,13,onchain,500,300,1979758,4554511,459000,532238,729.751200,582627,698.695800,615619,664.241400,69626,23.401800,0x098b50423eb1b80e5a7fb520438bb4f17cbf6c9b9e6ebef7938342aa2df694fe,0x29e9df1a9f6a929fb347fdd94a9a14daa7736582c5e73cdbf766d76f862b8c58
theo_n,13,305,false,9,13,onchain,500,301,1979758,4554511,459000,532262,661.690000,582651,908.676500,615643,698.750800,69626,28.637400,0x098b50423eb1b80e5a7fb520438bb4f17cbf6c9b9e6ebef7938342aa2df694fe,0x2360af7a8639854b5bf50619a49908323f70e65a2265592a8eb29257c42e46b4
theo_n,13,306,false,9,13,onchain,500,302,1979758,4554511,459000,532226,761.430000,582603,891.457300,615595,740.598100,69614,26.730300,0x098b50423eb1b80e5a7fb520438bb4f17cbf6c9b9e6ebef7938342aa2df694fe,0x28a961bf6b8ab2daac54fd3a011d9dd92fa752243b7e72901cd300e296d3d948
theo_n,13,307,false,9,13,onchain,500,303,1979758,4554511,459000,532226,681.823400,582615,736.455500,615607,724.511500,69626,20.330100,0x098b50423eb1b80e5a7fb520438bb4f17cbf6c9b9e6ebef7938342aa2df694fe,0x1dcc13891f21da1e3cc763a16afec731bb0c8988e3610b636da0b2a008d7031a
theo_n,13,308,false,9,13,onchain,500,304,1979758,4554511,459000,532202,704.577900,582591,779.788100,615583,737.032300,69626,29.326200,0x098b50423eb1b80e5a7fb520438bb4f17cbf6c9b9e6ebef7938342aa2df694fe,0x19e0202ff98298b101d39e3d4fe7f23b35f00d7c58c872115d14bcf595570357
theo_n,13,309,false,9,13,onchain,500,305,1979758,4554511,459000,532238,720.605700,582627,839.164300,615619,788.868300,69626,26.223300,0x098b50423eb1b80e5a7fb520438bb4f17cbf6c9b9e6ebef7938342aa2df694fe,0x055772e98620995bf10f5d97b951622b053e9a142ce221a2c724adcded37f455
theo_n,13,310,false,9,13,onchain,500,306,1979758,4554511,459000,532238,800.122000,582615,971.242400,615607,822.324200,69626,37.020300,0x098b50423eb1b80e5a7fb520438bb4f17cbf6c9b9e6ebef7938342aa2df694fe,0x065213b2081f56a0a24a0abf40d5812fc288f37c9abeab33898f23fd19adad1b
theo_n,13,311,false,9,13,onchain,500,307,1979758,4554511,459000,532274,774.502800,582663,879.809500,615655,811.696100,69626,24.954600,0x098b50423eb1b80e5a7fb520438bb4f17cbf6c9b9e6ebef7938342aa2df694fe,0x13deb5509b4f3f347fd99d0db5be92a5df849a1394b1a8d443ca72b5f34cf9d5
theo_n,13,312,false,9,13,onchain,500,308,1979758,4554511,459000,532226,773.181700,582615,800.322500,615607,856.719200,69626,23.816500,0x098b50423eb1b80e5a7fb520438bb4f17cbf6c9b9e6ebef7938342aa2df694fe,0x2a91370e7d4a3f84a7bbf55d3f19f42131c01e265cc5c184a50a0bf18067994f
theo_n,13,313,false,9,13,onchain,500,309,1979758,4554511,459000,532262,783.392200,582651,737.538100,615643,782.111800,69626,23.763000,0x098b50423eb1b80e5a7fb520438bb4f17cbf6c9b9e6ebef7938342aa2df694fe,0x2e9441f3b1b27ec1e9e837bf5d2e32ff106c7e6e6aea479c676958cad5fa5edf
theo_n,13,314,false,9,13,onchain,500,310,1979758,4554511,459000,532322,689.481400,582711,666.790000,615703,655.692600,69626,20.550600,0x098b50423eb1b80e5a7fb520438bb4f17cbf6c9b9e6ebef7938342aa2df694fe,0x07c71a48e349a6047c713105b236aab6c3d61b04aedf07535969e8697ad84cf1
theo_n,13,315,false,9,13,onchain,500,311,1979758,4554511,459000,532370,640.402100,582759,665.432300,615751,663.224300,69626,18.918500,0x098b50423eb1b80e5a7fb520438bb4f17cbf6c9b9e6ebef7938342aa2df694fe,0x1055ac7069959a32a5ba629e0e5a7a5817b8f3b4a69aa6abe13eff713e4aef19
theo_n,13,316,false,9,13,onchain,500,312,1979758,4554511,459000,532310,638.191100,582699,684.319800,615691,689.959200,69626,20.624300,0x098b50423eb1b80e5a7fb520438bb4f17cbf6c9b9e6ebef7938342aa2df694fe,0x095092b3da9bb6bf6c6c69e5b6819772f8288ff048b32f0c7dc3fc1c264602c0
theo_n,13,317,false,9,13,onchain,500,313,1979758,4554511,459000,532262,677.619300,582651,745.680800,615643,685.178900,69626,21.493600,0x098b50423eb1b80e5a7fb520438bb4f17cbf6c9b9e6ebef7938342aa2df694fe,0x229ff620fc9f07679db5848d8066502bdaa08314bae46156ebe6acc5610103cf
theo_n,13,318,false,9,13,onchain,500,314,1979758,4554511,459000,532286,726.229800,582675,726.970700,615667,727.734500,69626,24.512800,0x098b50423eb1b80e5a7fb520438bb4f17cbf6c9b9e6ebef7938342aa2df694fe,0x2a8c93405a03ec7df6408002ed9e3324d84c46bc227d44d3537e739d6d377147
theo_n,13,319,false,9,13,onchain,500,315,1979758,4554511,459000,532238,689.187900,582627,662.235900,615619,667.376200,69626,18.722900,0x098b50423eb1b80e5a7fb520438bb4f17cbf6c9b9e6ebef7938342aa2df694fe,0x010c0957ae5bba1a2d5d707b26a2488ef46da238b08f879be8aa979387cfd0aa
theo_n,13,320,false,9,13,onchain,500,316,1979758,4554511,459000,532358,662.058500,582747,662.511300,615739,655.124900,69626,18.617700,0x098b50423eb1b80e5a7fb520438bb4f17cbf6c9b9e6ebef7938342aa2df694fe,0x14b6fdfa8e46e3fceea1084881eee66fd9603f40bf35f4ee3af1cde8d2762175
theo_n,13,321,false,9,13,onchain,500,317,1979758,4554511,459000,532286,641.089700,582675,667.861900,615667,674.815600,69626,20.902200,0x098b50423eb1b80e5a7fb520438bb4f17cbf6c9b9e6ebef7938342aa2df694fe,0x1f2d9647f78439d922c61a320d9b727a5be6302450b9a0df32d81b8b1b3a281a
theo_n,13,322,false,9,13,onchain,500,318,1979758,4554511,459000,532226,641.305800,582615,662.872500,615607,734.570600,69626,19.038800,0x098b50423eb1b80e5a7fb520438bb4f17cbf6c9b9e6ebef7938342aa2df694fe,0x1f626d575bd1984f2eb74dcb8d863a130ac3d1af50f3efa8c845ca9b531c7e14
theo_n,13,323,false,9,13,onchain,500,319,1979758,4554511,459000,532322,637.200800,582711,656.828100,615703,635.721200,69626,19.406000,0x098b50423eb1b80e5a7fb520438bb4f17cbf6c9b9e6ebef7938342aa2df694fe,0x0dec1f0ca4dc721f9f7a8dd729be3ed84a8c9b78dc5a36a4ab24ec56990c5796
theo_n,13,324,false,9,13,onchain,500,320,1979758,4554511,459000,532286,632.487200,582663,696.906800,615655,659.422700,69614,20.542600,0x098b50423eb1b80e5a7fb520438bb4f17cbf6c9b9e6ebef7938342aa2df694fe,0x002d16b36d6de7474a2ec6ef4c2b5dfe8555d2c0fefc4b45f56f671899f39f19
theo_n,13,325,false,9,13,onchain,500,321,1979758,4554511,459000,532310,667.855000,582699,704.653200,615691,700.814800,69626,46.316100,0x098b50423eb1b80e5a7fb520438bb4f17cbf6c9b9e6ebef7938342aa2df694fe,0x2b2817bc9643603901e9ed0e7a86d1925b681e557ea4ae5f45137ad1836e0fc9
theo_n,13,326,false,9,13,onchain,500,322,1979758,4554511,459000,532274,629.293600,582651,665.207600,615643,671.337200,69626,23.423300,0x098b50423eb1b80e5a7fb520438bb4f17cbf6c9b9e6ebef7938342aa2df694fe,0x287b1719aa0e7765f94a2d4f54ee64d2bdb32bf72a0402d29106e298a0cfdf77
theo_n,13,327,false,9,13,onchain,500,323,1979758,4554511,459000,532238,641.365800,582615,742.152300,615607,663.588600,69626,21.900800,0x098b50423eb1b80e5a7fb520438bb4f17cbf6c9b9e6ebef7938342aa2df694fe,0x275fda5f4888a155da450b110d64dc9a01467d93492c05b3dcff6ab1af0e9fbf
theo_n,13,328,false,9,13,onchain,500,324,1979758,4554511,459000,532262,828.349400,582651,754.822200,615643,707.869300,69626,43.131000,0x098b50423eb1b80e5a7fb520438bb4f17cbf6c9b9e6ebef7938342aa2df694fe,0x095c6031ca7edfb03f9399642d2742f1b595290521f05f2c20339fe4df8b3931
theo_n,13,329,false,9,13,onchain,500,325,1979758,4554511,459000,532322,643.412500,582711,649.746700,615703,652.577300,69626,18.439900,0x098b50423eb1b80e5a7fb520438bb4f17cbf6c9b9e6ebef7938342aa2df694fe,0x17d3d37d5e35f46a2a3fb234d1d1652ca475755f1a07082fd11c0e3a876761a6
theo_n,13,330,false,9,13,onchain,500,326,1979758,4554511,459000,532250,664.414800,582639,701.288900,615631,708.843200,69626,21.118700,0x098b50423eb1b80e5a7fb520438bb4f17cbf6c9b9e6ebef7938342aa2df694fe,0x1ac75c6ed9f90de62f9775ff423b1ff839ac9958915851696307b7a7d6450db6
theo_n,13,331,false,9,13,onchain,500,327,1979758,4554511,459000,532310,651.333400,582699,792.703300,615691,658.480900,69626,17.822400,0x098b50423eb1b80e5a7fb520438bb4f17cbf6c9b9e6ebef7938342aa2df694fe,0x0c2d971bce31e07f0a4d4de39b5c6bac3335d5febb655089ed885cea978a0bb9
theo_n,13,332,false,9,13,onchain,500,328,1979758,4554511,459000,532286,687.903600,582675,659.059200,615667,660.415400,69626,25.095500,0x098b50423eb1b80e5a7fb520438bb4f17cbf6c9b9e6ebef7938342aa2df694fe,0x075654f1c9e5abe5fce4baccbe6da07810dffabc979728eedf550abd56074ba4
theo_n,13,333,false,9,13,onchain,500,329,1979758,4554511,459000,532322,595.561000,582711,638.869400,615703,623.831200,69626,20.507300,0x098b50423eb1b80e5a7fb520438bb4f17cbf6c9b9e6ebef7938342aa2df694fe,0x0a63eac5908ab14b7879638596b87d9140c5474707a3ad072e2f1a34645752ba
theo_n,13,334,false,9,13,onchain,500,330,1979758,4554511,459000,532226,601.551800,582615,711.662300,615607,632.331600,69626,21.384400,0x098b50423eb1b80e5a7fb520438bb4f17cbf6c9b9e6ebef7938342aa2df694fe,0x08e9b9b4e26fc3aca37bccf5629f51a451dbb6ea41a9b4882a3d78932409045a
theo_n,13,335,false,9,13,onchain,500,331,1979758,4554511,459000,532250,610.356400,582639,644.564400,615631,660.908900,69626,19.967300,0x098b50423eb1b80e5a7fb520438bb4f17cbf6c9b9e6ebef7938342aa2df694fe,0x098ff9bfabd2578b64849f372dfccc3889e8f48dd1d57d81e3d9e88fbd994c78
theo_n,13,336,false,9,13,onchain,500,332,1979758,4554511,459000,532274,614.655500,582663,720.248400,615655,623.858200,69626,21.018000,0x098b50423eb1b80e5a7fb520438bb4f17cbf6c9b9e6ebef7938342aa2df694fe,0x1db4b736a2b0ecc19a65c0c07835152665c8e62915ffa56fa7ab6503f5c9bd19
theo_n,13,337,false,9,13,onchain,500,333,1979758,4554511,459000,532274,626.601300,582651,793.383900,615643,633.283800,69614,19.716900,0x098b50423eb1b80e5a7fb520438bb4f17cbf6c9b9e6ebef7938342aa2df694fe,0x2bc5afd849a1330fc452535400ac1d4d8390ff4fc994c438f681397683bc1753
theo_n,13,338,false,9,13,onchain,500,334,1979758,4554511,459000,532346,645.679200,582735,689.266700,615727,742.825000,69626,23.060900,0x098b50423eb1b80e5a7fb520438bb4f17cbf6c9b9e6ebef7938342aa2df694fe,0x12216d0a1f27606101af6298d2b5d879870b6c64de2f8873b7fd2b23867b9935
theo_n,13,339,false,9,13,onchain,500,335,1979758,4554511,459000,532310,705.680800,582699,749.257300,615691,700.506700,69626,22.193700,0x098b50423eb1b80e5a7fb520438bb4f17cbf6c9b9e6ebef7938342aa2df694fe,0x2839f37d67552efb8cead8faa71bb56779c63441b8b5b103c3f779de4528692f
theo_n,13,340,false,9,13,onchain,500,336,1979758,4554511,459000,532310,639.762500,582687,691.467100,615679,662.596700,69614,20.009400,0x098b50423eb1b80e5a7fb520438bb4f17cbf6c9b9e6ebef7938342aa2df694fe,0x204f2b2dc108ebd91b8e8e9b95eea64bb1a6cb4f5ab54c2c0026fd7e839ae592
theo_n,13,341,false,9,13,onchain,500,337,1979758,4554511,459000,532286,660.446900,582675,655.723000,615667,609.613500,69626,20.623000,0x098b50423eb1b80e5a7fb520438bb4f17cbf6c9b9e6ebef7938342aa2df694fe,0x204d869a69ccfa457f8806504f9890bc280efc739f3f0ecf9fc1eb0fb6528c59
theo_n,13,342,false,9,13,onchain,500,338,1979758,4554511,459000,532226,693.150900,582615,620.247000,615607,666.182100,69626,28.439800,0x098b50423eb1b80e5a7fb520438bb4f17cbf6c9b9e6ebef7938342aa2df694fe,0x04b5d935609dfcb26d7a583849391abb7d04dfd1781f9026cce73dabe6b5ffc5
theo_n,13,343,false,9,13,onchain,500,339,1979758,4554511,459000,532346,607.357000,582735,809.756100,615727,691.392800,69626,27.648500,0x098b50423eb1b80e5a7fb520438bb4f17cbf6c9b9e6ebef7938342aa2df694fe,0x152536451a8e9393f717d73e334bfa8514a176570f84aacc7c013645e671935a
theo_n,13,344,false,9,13,onchain,500,340,1979758,4554511,459000,532394,640.328200,582783,645.535700,615775,715.681300,69626,21.150700,0x098b50423eb1b80e5a7fb520438bb4f17cbf6c9b9e6ebef7938342aa2df694fe,0x0457c3089a76f9a9d8acf8fc0271db28cb47b4da13a71cd9ebb0d4f85b06dc91
theo_n,13,345,false,9,13,onchain,500,341,1979758,4554511,459000,532238,617.210700,582627,648.430900,615619,654.253500,69626,22.530300,0x098b50423eb1b80e5a7fb520438bb4f17cbf6c9b9e6ebef7938342aa2df694fe,0x2efb0c793ef2952e6286b0c951664e67f457f2399d5e05fa4f0bb48c137ef7af
theo_n,13,346,false,9,13,onchain,500,342,1979758,4554511,459000,532406,684.232300,582783,654.959200,615775,672.456000,69626,20.730100,0x098b50423eb1b80e5a7fb520438bb4f17cbf6c9b9e6ebef7938342aa2df694fe,0x07c6757702a5062212213dfa130caee8e8c66080fd605f2c89c4bd459c0eb506
theo_n,13,347,false,9,13,onchain,500,343,1979758,4554511,459000,532322,631.344400,582711,573.491500,615703,593.800800,69626,16.950300,0x098b50423eb1b80e5a7fb520438bb4f17cbf6c9b9e6ebef7938342aa2df694fe,0x1f31d06804fe9d643009a57a3670fbf5708c1c3c6251624db210bc9f18177456
theo_n,13,348,false,9,13,onchain,500,344,1979758,4554511,459000,532274,571.039500,582663,687.591900,615655,582.201000,69626,20.862400,0x098b50423eb1b80e5a7fb520438bb4f17cbf6c9b9e6ebef7938342aa2df694fe,0x2e37e091fc8c192e870e9a1bc151044c6f827a9d7b31a863df824e406f8c7cd1
theo_n,13,349,false,9,13,onchain,500,345,1979758,4554511,459000,532334,575.691600,582723,616.480400,615715,591.634300,69626,20.798900,0x098b50423eb1b80e5a7fb520438bb4f17cbf6c9b9e6ebef7938342aa2df694fe,0x226079d37d6b5905b792bcf76b2799b0253b82604264870bcec2afc3472d5c73
theo_n,13,350,false,9,13,onchain,500,346,1979758,4554511,459000,532346,633.869100,582735,650.438300,615727,631.024400,69626,17.889000,0x098b50423eb1b80e5a7fb520438bb4f17cbf6c9b9e6ebef7938342aa2df694fe,0x117db97a81840683d5f0024370805bbb38977ea928586ac4f07b751d7b8585aa
theo_n,13,351,false,9,13,onchain,500,347,1979758,4554511,459000,532298,595.538700,582687,727.333400,615679,619.596600,69626,24.121300,0x098b50423eb1b80e5a7fb520438bb4f17cbf6c9b9e6ebef7938342aa2df694fe,0x254f554195b2795e198655ca2a08c0d3b52361f517bfc45abf441ff5f97cb8c0
theo_n,13,352,false,9,13,onchain,500,348,1979758,4554511,459000,532334,586.611100,582723,614.965500,615715,603.820900,69626,18.579900,0x098b50423eb1b80e5a7fb520438bb4f17cbf6c9b9e6ebef7938342aa2df694fe,0x1593770d9d55f43a7cdb36fc0fc3822fa5eb57dd09ab2b86b6688d899c0597a3
theo_n,13,353,false,9,13,onchain,500,349,1979758,4554511,459000,532274,571.257000,582663,747.267600,615655,734.894300,69626,31.115600,0x098b50423eb1b80e5a7fb520438bb4f17cbf6c9b9e6ebef7938342aa2df694fe,0x20e21d8732cbae26a5eb1e3a08fa1d385815993a3e06bf751447c239e53ebec2
theo_n,13,354,false,9,13,onchain,500,350,1979758,4554511,459000,532322,745.315600,582711,827.334700,615703,856.853500,69626,48.133700,0x098b50423eb1b80e5a7fb520438bb4f17cbf6c9b9e6ebef7938342aa2df694fe,0x0e99cfc4fe2b4260a2b9ad2ea8a798e983acf32369ddff77b9bbbfb006aea219
theo_n,13,355,false,9,13,onchain,500,351,1979758,4554511,459000,532322,726.573700,582711,607.753200,615703,678.571100,69626,17.940300,0x098b50423eb1b80e5a7fb520438bb4f17cbf6c9b9e6ebef7938342aa2df694fe,0x02561cbf09126048622749b6c4fb1d96e7c743c3ddd00c24fe36a90236a1b716
theo_n,13,356,false,9,13,onchain,500,352,1979758,4554511,459000,532346,557.971200,582735,655.474100,615727,635.730500,69626,26.569800,0x098b50423eb1b80e5a7fb520438bb4f17cbf6c9b9e6ebef7938342aa2df694fe,0x1b60a8b5553baadbaddd458ba1d262ab05296dcadb500fffc6521c0670d859de
theo_n,13,357,false,9,13,onchain,500,353,1979758,4554511,459000,532394,568.165600,582783,687.044500,615775,709.005200,69626,25.594600,0x098b50423eb1b80e5a7fb520438bb4f17cbf6c9b9e6ebef7938342aa2df694fe,0x28c3e736537efd4af55e4024deafcb55b364d5be65156ae12c48fb5d62772ff0
theo_n,13,358,false,9,13,onchain,500,354,1979758,4554511,459000,532238,699.222100,582627,675.102800,615619,769.998700,69626,25.389500,0x098b50423eb1b80e5a7fb520438bb4f17cbf6c9b9e6ebef7938342aa2df694fe,0x04b39fd3e5f335a5b634bd563ba92eb4d8fa3f7e32fe4b6a4bc9ac1fd43c19ca
theo_n,13,359,false,9,13,onchain,500,355,1979758,4554511,459000,532310,658.726100,582687,647.929300,615679,717.535800,69614,24.031900,0x098b50423eb1b80e5a7fb520438bb4f17cbf6c9b9e6ebef7938342aa2df694fe,0x0004225074508fa3022f90e37e6c870a9b686a8123ef5bbe2056904cf37642db
theo_n,13,360,false,9,13,onchain,500,356,1979758,4554511,459000,532286,649.811800,582675,661.880900,615667,637.817000,69626,22.123700,0x098b50423eb1b80e5a7fb520438bb4f17cbf6c9b9e6ebef7938342aa2df694fe,0x021bebfbfc5cca243be6d61f58c6fcfc3b49fd9f33fababe9cb255a21de6777c
theo_n,13,361,false,9,13,onchain,500,357,1979758,4554511,459000,532274,611.172400,582663,667.604100,615655,724.066500,69626,20.186400,0x098b50423eb1b80e5a7fb520438bb4f17cbf6c9b9e6ebef7938342aa2df694fe,0x050f085ab3e5f5c3eb150a35091b609b024454e337120d29ab9b71776fc7338d
theo_n,13,362,false,9,13,onchain,500,358,1979758,4554511,459000,532334,641.162500,582723,757.546300,615715,841.590500,69626,22.833500,0x098b50423eb1b80e5a7fb520438bb4f17cbf6c9b9e6ebef7938342aa2df694fe,0x222c67432c9adedc49d9236e9654816e0cf5c7e793e5f52d51452e4d94e61b34
theo_n,13,363,false,9,13,onchain,500,359,1979758,4554511,459000,532334,561.314600,582723,587.379300,615715,571.304200,69626,16.870100,0x098b50423eb1b80e5a7fb520438bb4f17cbf6c9b9e6ebef7938342aa2df694fe,0x27b239bf70d964ad2873d0a1bfdc4491651f20e30617f39306e3109f9444ae1f
theo_n,13,364,false,9,13,onchain,500,360,1979758,4554511,459000,532322,556.013700,582711,543.898000,615703,593.863700,69626,16.523300,0x098b50423eb1b80e5a7fb520438bb4f17cbf6c9b9e6ebef7938342aa2df694fe,0x1e1b5831fdf4b76d30e9b076372b1a47468a39c721bfd22182db547151d10305
theo_n,13,365,false,9,13,onchain,500,361,1979758,4554511,459000,532334,523.701600,582723,579.675400,615715,579.759800,69626,22.434700,0x098b50423eb1b80e5a7fb520438bb4f17cbf6c9b9e6ebef7938342aa2df694fe,0x0605aa46ac40963353ba3f275bdaa747c1794498b7645bbd422dbae339555c55
theo_n,13,366,false,9,13,onchain,500,362,1979758,4554511,459000,532394,551.604900,582783,588.994900,615775,581.998000,69626,22.144800,0x098b50423eb1b80e5a7fb520438bb4f17cbf6c9b9e6ebef7938342aa2df694fe,0x1851f7753135b8747d9eb910c77c916cf827ea9f2155dc9d379ef2afa367a772
theo_n,13,367,false,9,13,onchain,500,363,1979758,4554511,459000,532286,552.733200,582675,609.165000,615667,574.944400,69626,65.921900,0x098b50423eb1b80e5a7fb520438bb4f17cbf6c9b9e6ebef7938342aa2df694fe,0x16fc1f235038e480513f38e613e2d02f17b4832841d68c8ef401b09167c9ff5f
theo_n,13,368,false,9,13,onchain,500,364,1979758,4554511,459000,532322,565.489800,582711,1030.416500,615703,813.585100,69626,36.219000,0x098b50423eb1b80e5a7fb520438bb4f17cbf6c9b9e6ebef7938342aa2df694fe,0x193a1a014690b7724bf6978a4714fe2a0476d1eef7c299ca5f750f3cd17874eb
theo_n,13,369,false,9,13,onchain,500,365,1979758,4554511,459000,532226,655.632300,582615,568.847200,615607,565.816400,69626,19.012900,0x098b50423eb1b80e5a7fb520438bb4f17cbf6c9b9e6ebef7938342aa2df694fe,0x0f963c37f6669553709742d3391b6f600bb9eeee0f58acf2765960e71eb5b81c
theo_n,13,370,false,9,13,onchain,500,366,1979758,4554511,459000,532334,543.636400,582723,638.840900,615715,592.889600,69626,20.488300,0x098b50423eb1b80e5a7fb520438bb4f17cbf6c9b9e6ebef7938342aa2df694fe,0x303b6b066769651941ebaaebfcd8040f41a717542235e1f57492ed152123cff2
theo_n,13,371,false,9,13,onchain,500,367,1979758,4554511,459000,532310,617.216600,582699,600.050000,615691,659.494100,69626,36.286300,0x098b50423eb1b80e5a7fb520438bb4f17cbf6c9b9e6ebef7938342aa2df694fe,0x2ed695d8f21d493b9d35e98eaf8a93b2d7366dc343dd2584f504aa5e64116990
theo_n,13,372,false,9,13,onchain,500,368,1979758,4554511,459000,532274,554.035900,582663,572.955900,615655,634.685900,69626,17.650600,0x098b50423eb1b80e5a7fb520438bb4f17cbf6c9b9e6ebef7938342aa2df694fe,0x1ad4f7e67fe4ff1b47a8341daf54ba4cfc10c65cf1044c60def6d901a807ed46
theo_n,13,373,false,9,13,onchain,500,369,1979758,4554511,459000,532262,548.007200,582651,567.734200,615643,557.906900,69626,18.762800,0x098b50423eb1b80e5a7fb520438bb4f17cbf6c9b9e6ebef7938342aa2df694fe,0x0c5a630d9f98b120bc544c96c47eec11640c6ab4b933c80d522151a3ff6adf8a
theo_n,13,374,false,9,13,onchain,500,370,1979758,4554511,459000,532274,559.426700,582651,634.580500,615643,753.602400,69614,20.321100,0x098b50423eb1b80e5a7fb520438bb4f17cbf6c9b9e6ebef7938342aa2df694fe,0x03f5612ddf0d430300b9710c7d5770ca54ee984d0d55902c9e31fec569bca9e3
theo_n,13,375,false,9,13,onchain,500,371,1979758,4554511,459000,532250,622.498100,582639,641.997800,615631,599.647600,69626,20.551300,0x098b50423eb1b80e5a7fb520438bb4f17cbf6c9b9e6ebef7938342aa2df694fe,0x1e849df2f825791fd8ed533d294b831c090962116777818d7fe8e404e5c063fd
theo_n,13,376,false,9,13,onchain,500,372,1979758,4554511,459000,532310,556.048200,582699,699.121800,615691,629.508800,69626,31.445200,0x098b50423eb1b80e5a7fb520438bb4f17cbf6c9b9e6ebef7938342aa2df694fe,0x18cfa5c6cd646ef374aab2e94e771ad9364cf8d95486dbb632ede7bba8b9c2b8
theo_n,13,377,false,9,13,onchain,500,373,1979758,4554511,459000,532334,600.436800,582711,634.939800,615703,599.119300,69626,16.247800,0x098b50423eb1b80e5a7fb520438bb4f17cbf6c9b9e6ebef7938342aa2df694fe,0x25b65d1c3a0bc65503d9a28d15da14bdd9f67ae4de7a884deeedb518e97a9262
theo_n,13,378,false,9,13,onchain,500,374,1979758,4554511,459000,532334,546.151200,582723,671.710100,615715,667.301900,69626,18.302800,0x098b50423eb1b80e5a7fb520438bb4f17cbf6c9b9e6ebef7938342aa2df694fe,0x04814392968319dd081a9b03644408df0f13373cd048e655a8b8de0a52e23270
theo_n,13,379,false,9,13,onchain,500,375,1979758,4554511,459000,532334,573.758100,582723,590.813700,615715,582.422900,69626,19.250700,0x098b50423eb1b80e5a7fb520438bb4f17cbf6c9b9e6ebef7938342aa2df694fe,0x118f2bc8abc13248898a6bcd9a243f7ca0a998ade21b658f26f4157747c66bb1
theo_n,13,380,false,9,13,onchain,500,376,1979758,4554511,459000,532286,570.446700,582675,633.162000,615667,644.684100,69626,21.634900,0x098b50423eb1b80e5a7fb520438bb4f17cbf6c9b9e6ebef7938342aa2df694fe,0x162d42cc97848b8015e6f6973e026d6782e2a7cb2fb68038286cbc81d7508eda
theo_n,13,381,false,9,13,onchain,500,377,1979758,4554511,459000,532322,609.275800,582711,678.576400,615703,653.757900,69626,41.673100,0x098b50423eb1b80e5a7fb520438bb4f17cbf6c9b9e6ebef7938342aa2df694fe,0x157e57147367313af2ccdb0b69a90f60da885d73b45344e360fbc625f7696351
theo_n,13,382,false,9,13,onchain,500,378,1979758,4554511,459000,532142,593.857200,582519,579.450900,615511,593.324900,69614,16.509300,0x098b50423eb1b80e5a7fb520438bb4f17cbf6c9b9e6ebef7938342aa2df694fe,0x0ad9f8b60ac2b27db29f8d015c05982cd6a7f9fe5461daae00a8f8e7b10bb470
theo_n,13,383,false,9,13,onchain,500,379,1979758,4554511,459000,532394,549.076900,582783,593.205500,615775,587.294500,69626,19.921000,0x098b50423eb1b80e5a7fb520438bb4f17cbf6c9b9e6ebef7938342aa2df694fe,0x02d5dff1d08df114839ef1dc507caa525323fb9828ac5daac4983bbfb43f03ee
theo_n,13,384,false,9,13,onchain,500,380,1979758,4554511,459000,532238,595.425800,582627,742.151100,615619,637.970500,69626,22.592200,0x098b50423eb1b80e5a7fb520438bb4f17cbf6c9b9e6ebef7938342aa2df694fe,0x07e27bc2513cc928d26b30eb92d217d53a1f2efa7ec91e9f3281e5893d80ea14
theo_n,13,385,false,9,13,onchain,500,381,1979758,4554511,459000,532178,617.662000,582567,613.563000,615559,581.369300,69626,19.172300,0x098b50423eb1b80e5a7fb520438bb4f17cbf6c9b9e6ebef7938342aa2df694fe,0x17398fc5f1d2e60159ce1452da7355a2234e2843260b50b40ded9b9d1d7fc2c5
theo_n,13,386,false,9,13,onchain,500,382,1979758,4554511,459000,532310,515.323400,582699,692.141500,615691,621.401800,69626,19.258100,0x098b50423eb1b80e5a7fb520438bb4f17cbf6c9b9e6ebef7938342aa2df694fe,0x1bcd1df4387375c9e3d385db43f832b4b6fe272b45f7e52252b39bb8382252e4
theo_n,13,387,false,9,13,onchain,500,383,1979758,4554511,459000,532334,555.271200,582723,598.267700,615715,635.827700,69626,16.976800,0x098b50423eb1b80e5a7fb520438bb4f17cbf6c9b9e6ebef7938342aa2df694fe,0x28bd69fe5fd086a619856936b40121a7155f548d42a84f35bce33cd48f7c5b79
theo_n,13,388,false,9,13,onchain,500,384,1979758,4554511,459000,532262,547.001800,582639,569.189100,615631,624.999500,69614,21.084100,0x098b50423eb1b80e5a7fb520438bb4f17cbf6c9b9e6ebef7938342aa2df694fe,0x1e7e3f9f39ceb8265b464c07373a4b37a800558074e78b931da84545f6d94e6d
theo_n,13,389,false,9,13,onchain,500,385,1979758,4554511,459000,532394,523.275600,582771,717.673200,615763,847.701500,69614,19.675500,0x098b50423eb1b80e5a7fb520438bb4f17cbf6c9b9e6ebef7938342aa2df694fe,0x0de1feb02f5d7b62cce3ccea8a74c6a75a1062001c1a44cae3b015de71aba263
theo_n,13,390,false,9,13,onchain,500,386,1979758,4554511,459000,532238,575.999500,582627,616.599400,615619,603.541500,69626,16.637100,0x098b50423eb1b80e5a7fb520438bb4f17cbf6c9b9e6ebef7938342aa2df694fe,0x0ccf0155d5e5543303c4ae684ea5d6d3506eadcac2a6ce0b43d37b55f33f3ae7
theo_n,13,391,false,9,13,onchain,500,387,1979758,4554511,459000,532358,572.043200,582747,666.015500,615739,566.030400,69626,36.177200,0x098b50423eb1b80e5a7fb520438bb4f17cbf6c9b9e6ebef7938342aa2df694fe,0x092407afbdab9b40602d5946175c6668381b10d76ec0d1fc625720ab89492697
theo_n,13,392,false,9,13,onchain,500,388,1979758,4554511,459000,532286,609.720900,582675,665.564900,615667,580.479100,69626,20.501600,0x098b50423eb1b80e5a7fb520438bb4f17cbf6c9b9e6ebef7938342aa2df694fe,0x057debe0a69bdb13be5df68e059ebc5810b7a076ae38389e59938c99084ee97e
theo_n,13,393,false,9,13,onchain,500,389,1979758,4554511,459000,532226,526.914300,582615,572.999000,615607,576.525100,69626,18.034200,0x098b50423eb1b80e5a7fb520438bb4f17cbf6c9b9e6ebef7938342aa2df694fe,0x303a402911f18f755f5c1a87ec99a33b77d1c2577916758ef573ab2194af50d9
theo_n,13,394,false,9,13,onchain,500,390,1979758,4554511,459000,532262,558.178400,582639,601.254100,615631,609.472600,69614,16.449000,0x098b50423eb1b80e5a7fb520438bb4f17cbf6c9b9e6ebef7938342aa2df694fe,0x263992a8e602149f3b6505ad16e7f04e696f8125783000c71d2ecc897e2a52b7
theo_n,13,395,false,9,13,onchain,500,391,1979758,4554511,459000,532394,576.456200,582783,635.279800,615775,627.255800,69626,23.414600,0x098b50423eb1b80e5a7fb520438bb4f17cbf6c9b9e6ebef7938342aa2df694fe,0x2db9482626db14404a768c8465161d5833bab0bdd0cee894e56dce89b9eb09fd
theo_n,13,396,false,9,13,onchain,500,392,1979758,4554511,459000,532250,590.831400,582639,643.836300,615631,612.028700,69626,23.149200,0x098b50423eb1b80e5a7fb520438bb4f17cbf6c9b9e6ebef7938342aa2df694fe,0x172df5a3f063b8f4f9c1d0f322ca54fa2d5f74aaf6562a8806fdfe2ca2e0483e
theo_n,13,397,false,9,13,onchain,500,393,1979758,4554511,459000,532274,679.592200,582663,660.667700,615655,620.372000,69626,24.714100,0x098b50423eb1b80e5a7fb520438bb4f17cbf6c9b9e6ebef7938342aa2df694fe,0x12c6243e284afc10fb4414ac11753f093a708b67c527cf722831b3a7a593cb08
theo_n,13,398,false,9,13,onchain,500,394,1979758,4554511,459000,532262,659.261800,582651,655.944000,615643,636.903600,69626,18.460600,0x098b50423eb1b80e5a7fb520438bb4f17cbf6c9b9e6ebef7938342aa2df694fe,0x12096b14d65088c6387377b9d89127c1ce5a0b1f72408edea1b850e9e359aa9e
theo_n,13,399,false,9,13,onchain,500,395,1979758,4554511,459000,532238,692.067400,582627,589.862100,615619,637.607700,69626,21.243100,0x098b50423eb1b80e5a7fb520438bb4f17cbf6c9b9e6ebef7938342aa2df694fe,0x18b1832ec6179c73f03c78110ac55f45acae9d0d5117cf6c03da7814f79e5d8f
theo_n,13,400,false,9,13,onchain,500,396,1979758,4554511,459000,532334,662.285700,582723,649.487300,615715,681.860100,69626,25.443400,0x098b50423eb1b80e5a7fb520438bb4f17cbf6c9b9e6ebef7938342aa2df694fe,0x113de8491220bb5eb508d65cc8ee0e1ceb7a712b1a9b95fc93acd8856ecb28f5
theo_n,13,401,false,9,13,onchain,500,397,1979758,4554511,459000,532298,631.695900,582687,661.079300,615679,694.895100,69626,39.594400,0x098b50423eb1b80e5a7fb520438bb4f17cbf6c9b9e6ebef7938342aa2df694fe,0x27a010cf4e19c4a88e2edb7f04ac75b764b8e24719dc82dbbd0c0f7c8934be1e
theo_n,13,402,false,9,13,onchain,500,398,1979758,4554511,459000,532178,604.461100,582567,544.793700,615559,631.088600,69626,18.611800,0x098b50423eb1b80e5a7fb520438bb4f17cbf6c9b9e6ebef7938342aa2df694fe,0x0b023dd915cb016b7238b5bdd3190fe98abd3504c6dbfba463d90bb38ff29ad2
theo_n,13,403,false,9,13,onchain,500,399,1979758,4554511,459000,532178,511.623000,582567,546.193500,615559,604.370600,69626,16.578000,0x098b50423eb1b80e5a7fb520438bb4f17cbf6c9b9e6ebef7938342aa2df694fe,0x1a7e6c56f626be3e54886b792935dd23863f6915b323aa78148b70ab13ec5273
theo_n,13,404,false,9,13,onchain,500,400,1979758,4554511,459000,532298,508.128700,582687,577.692400,615679,569.868400,69626,57.203400,0x098b50423eb1b80e5a7fb520438bb4f17cbf6c9b9e6ebef7938342aa2df694fe,0x2a2bffaf3fae1687545dfd12db373e7029a50e1e72ae6a4acfcbd733129c205d
theo_n,13,405,false,9,13,onchain,500,401,1979758,4554511,459000,532274,599.026200,582663,546.963100,615655,548.711500,69626,15.692100,0x098b50423eb1b80e5a7fb520438bb4f17cbf6c9b9e6ebef7938342aa2df694fe,0x2cc4cf0733e1349358e8a570eac07ff818161987e3a18bfde63a9f0b95deca6d
theo_n,13,406,false,9,13,onchain,500,402,1979758,4554511,459000,532334,555.800900,582723,653.099100,615715,607.338700,69626,23.940300,0x098b50423eb1b80e5a7fb520438bb4f17cbf6c9b9e6ebef7938342aa2df694fe,0x1b8c0ebcb5cf1b7c144731c42fbfeebd4519c91bbe045821496f2975128cd66c
theo_n,13,407,false,9,13,onchain,500,403,1979758,4554511,459000,532442,577.007800,582831,597.648900,615823,592.582900,69626,21.181500,0x098b50423eb1b80e5a7fb520438bb4f17cbf6c9b9e6ebef7938342aa2df694fe,0x2db8f99903aebf090472808a8ea677cc1579e7aa758397d7fd28dd09d7b51280
theo_n,13,408,false,9,13,onchain,500,404,1979758,4554511,459000,532286,512.527400,582675,572.251200,615667,573.258500,69626,23.839900,0x098b50423eb1b80e5a7fb520438bb4f17cbf6c9b9e6ebef7938342aa2df694fe,0x0bf0ebb05a15be9b640ea65b8d18d6832cad86267bf6cb999ad43d7d749ad1be
theo_n,13,409,false,9,13,onchain,500,405,1979758,4554511,459000,532238,541.834100,582627,605.710700,615619,528.993000,69626,15.919100,0x098b50423eb1b80e5a7fb520438bb4f17cbf6c9b9e6ebef7938342aa2df694fe,0x1b988085e3126ddfb6a991df1c0f573fa0e6f9965ef6b3f10de414b3fdd35013
theo_n,13,410,false,9,13,onchain,500,406,1979758,4554511,459000,532298,544.613900,582687,575.711500,615679,539.972800,69626,16.039800,0x098b50423eb1b80e5a7fb520438bb4f17cbf6c9b9e6ebef7938342aa2df694fe,0x154bfdb6e90d7431315c386cc66abcbf3958bded588b405520a34f7d4f56e666
theo_n,13,411,false,9,13,onchain,500,407,1979758,4554511,459000,532286,566.619100,582675,780.133700,615667,742.586900,69626,38.608100,0x098b50423eb1b80e5a7fb520438bb4f17cbf6c9b9e6ebef7938342aa2df694fe,0x09dcc218c82397618550beef8f8255788a9ec1329b4e16b1effb79dd16db6db8
theo_n,13,412,false,9,13,onchain,500,408,1979758,4554511,459000,532274,821.247100,582663,578.892000,615655,599.490500,69626,19.227600,0x098b50423eb1b80e5a7fb520438bb4f17cbf6c9b9e6ebef7938342aa2df694fe,0x03e0e67240dac313442539b1a1241dc6465eb385b752bbfd21607f280e9ed7a8
theo_n,13,413,false,9,13,onchain,500,409,1979758,4554511,459000,532154,546.857700,582543,594.269200,615535,580.304300,69626,17.069000,0x098b50423eb1b80e5a7fb520438bb4f17cbf6c9b9e6ebef7938342aa2df694fe,0x3007bee886bfacd3ffad885814b8c4e8cceb990aa13437fa53e86c1dcd321aac
theo_n,13,414,false,9,13,onchain,500,410,1979758,4554511,459000,532214,590.632900,582603,541.305800,615595,583.673500,69626,18.095900,0x098b50423eb1b80e5a7fb520438bb4f17cbf6c9b9e6ebef7938342aa2df694fe,0x181a21556d142138a10d0d14eb5e6c5d16df78825c4945a3d09ac9823e327b17
theo_n,13,415,false,9,13,onchain,500,411,1979758,4554511,459000,532334,561.167500,582723,587.235100,615715,600.398600,69626,18.881400,0x098b50423eb1b80e5a7fb520438bb4f17cbf6c9b9e6ebef7938342aa2df694fe,0x2835faa28d27666daad62898414f35b70a6f1b36e83f6903b595b0b699a120e0
theo_n,13,416,false,9,13,onchain,500,412,1979758,4554511,459000,532286,573.837500,582675,586.974900,615667,543.027400,69626,19.437800,0x098b50423eb1b80e5a7fb520438bb4f17cbf6c9b9e6ebef7938342aa2df694fe,0x06016b8fc0cfb43fe47861f337a516e5702b812d6b62d60cb94bca0b4d6acd7c
theo_n,13,417,false,9,13,onchain,500,413,1979758,4554511,459000,532346,572.800400,582735,556.366700,615727,583.326600,69626,17.421700,0x098b50423eb1b80e5a7fb520438bb4f17cbf6c9b9e6ebef7938342aa2df694fe,0x1bed17d5deba5bed8ba9eed3242058dba5d4c9596776efeb51be6779ca0306a3
theo_n,13,418,false,9,13,onchain,500,414,1979758,4554511,459000,532334,512.302500,582723,584.184800,615715,567.631800,69626,16.289400,0x098b50423eb1b80e5a7fb520438bb4f17cbf6c9b9e6ebef7938342aa2df694fe,0x016ddbf0460e9b0e15e4f146a5a20f1fdcdc6a8561610466846c78fbc49a3d7c
theo_n,13,419,false,9,13,onchain,500,415,1979758,4554511,459000,532310,618.826200,582699,772.069400,615691,769.268800,69626,24.286400,0x098b50423eb1b80e5a7fb520438bb4f17cbf6c9b9e6ebef7938342aa2df694fe,0x0e0771a1c3bbd684257a57be0b21e69a6727489b4ddc066d53818988c039b7c6
theo_n,13,420,false,9,13,onchain,500,416,1979758,4554511,459000,532250,575.784000,582639,598.353900,615631,606.693800,69626,17.131000,0x098b50423eb1b80e5a7fb520438bb4f17cbf6c9b9e6ebef7938342aa2df694fe,0x2830fdb34c979454f9f3421f8b0574c294c79daee7ad2bc1b5dc97a95a4f9d54
theo_n,13,421,false,9,13,onchain,500,417,1979758,4554511,459000,532274,563.101800,582663,795.482400,615655,596.778600,69626,17.272600,0x098b50423eb1b80e5a7fb520438bb4f17cbf6c9b9e6ebef7938342aa2df694fe,0x13a0fb9058def92f47de48cf7aa57b8540d590214e9ee3ef4a3b4e6b1fd39fc7
theo_n,13,422,false,9,13,onchain,500,418,1979758,4554511,459000,532286,655.066700,582675,600.195300,615667,565.827000,69626,22.134200,0x098b50423eb1b80e5a7fb520438bb4f17cbf6c9b9e6ebef7938342aa2df694fe,0x0326508a2e8766b39956ca4bcb280f99a691a9091e7328ef63d81a41a3b488f5
theo_n,13,423,false,9,13,onchain,500,419,1979758,4554511,459000,532310,557.872100,582699,574.005400,615691,572.316000,69626,21.445400,0x098b50423eb1b80e5a7fb520438bb4f17cbf6c9b9e6ebef7938342aa2df694fe,0x1aad75cc6b55ef5aefca1139b211062bbb6f98191567e7e2c53e14c4ed4d2510
theo_n,13,424,false,9,13,onchain,500,420,1979758,4554511,459000,532250,548.400300,582639,684.779500,615631,598.650300,69626,28.043600,0x098b50423eb1b80e5a7fb520438bb4f17cbf6c9b9e6ebef7938342aa2df694fe,0x0762cba02d6c2fd227c1121dbbb65b1dddcd594906111c19dcb75308284fab1e
theo_n,13,425,false,9,13,onchain,500,421,1979758,4554511,459000,532286,604.300100,582675,628.858300,615667,713.712800,69626,19.843300,0x098b50423eb1b80e5a7fb520438bb4f17cbf6c9b9e6ebef7938342aa2df694fe,0x2867d18a8d13dcdcf2a610885da6d6baf390d38a0ba79aa67af91dedf2e4134f
theo_n,13,426,false,9,13,onchain,500,422,1979758,4554511,459000,532250,610.911800,582639,659.424300,615631,858.276800,69626,20.272200,0x098b50423eb1b80e5a7fb520438bb4f17cbf6c9b9e6ebef7938342aa2df694fe,0x10c107c9cda92ec6cf3e9fe22cbf7cda99fe04bfb69b44457736f08daf94178b
theo_n,13,427,false,9,13,onchain,500,423,1979758,4554511,459000,532322,619.062000,582711,857.388500,615703,681.608500,69626,26.205500,0x098b50423eb1b80e5a7fb520438bb4f17cbf6c9b9e6ebef7938342aa2df694fe,0x2581e5575f4204b4a6f3b0e08c12245c083765c1a07f32b13a96895ca1ba1425
theo_n,13,428,false,9,13,onchain,500,424,1979758,4554511,459000,532274,745.778700,582663,677.114300,615655,685.423700,69626,20.415500,0x098b50423eb1b80e5a7fb520438bb4f17cbf6c9b9e6ebef7938342aa2df694fe,0x277aac34d6c47e54cdbb5d62cfd244cec5298c9c26f6aa993fb0e26cf2f1082f
theo_n,13,429,false,9,13,onchain,500,425,1979758,4554511,459000,532310,634.252300,582699,802.181800,615691,742.437400,69626,34.533700,0x098b50423eb1b80e5a7fb520438bb4f17cbf6c9b9e6ebef7938342aa2df694fe,0x03ea32e3c967ab912ee0c86ac10303a8203c3057bba343c213f706eb718cec52
theo_n,13,430,false,9,13,onchain,500,426,1979758,4554511,459000,532298,694.384600,582687,542.698900,615679,624.484600,69626,17.041500,0x098b50423eb1b80e5a7fb520438bb4f17cbf6c9b9e6ebef7938342aa2df694fe,0x3003b73a88a8569a4f81d8beb7f720188535c7718ead6ae84dbe3c272f4f5f3b
theo_n,13,431,false,9,13,onchain,500,427,1979758,4554511,459000,532394,515.797000,582783,704.573200,615775,558.233800,69626,44.470300,0x098b50423eb1b80e5a7fb520438bb4f17cbf6c9b9e6ebef7938342aa2df694fe,0x0a05cfe41f28c738b7d5d7716c8320b06aa79e0e6625c4f3558a58dc9b7fef42
theo_n,13,432,false,9,13,onchain,500,428,1979758,4554511,459000,532346,588.421700,582723,551.676100,615715,542.655000,69614,22.963800,0x098b50423eb1b80e5a7fb520438bb4f17cbf6c9b9e6ebef7938342aa2df694fe,0x2500607ce618ef9bd30f4bc46ee16168b678de82a12629390aecc174960b46cd
theo_n,13,433,false,9,13,onchain,500,429,1979758,4554511,459000,532346,526.579800,582735,552.061100,615727,562.509400,69626,16.666400,0x098b50423eb1b80e5a7fb520438bb4f17cbf6c9b9e6ebef7938342aa2df694fe,0x01c24f87ee6d59ee391a1593ecbeb6d1fa9963826beeb11f5caf468141128f09
theo_n,13,434,false,9,13,onchain,500,430,1979758,4554511,459000,532334,530.220200,582723,566.577700,615715,600.592300,69626,19.421600,0x098b50423eb1b80e5a7fb520438bb4f17cbf6c9b9e6ebef7938342aa2df694fe,0x2082108df1e5d8328a3a52f2af197ec79b7856c8bc9c44ccf2d1d5951679a4c0
theo_n,13,435,false,9,13,onchain,500,431,1979758,4554511,459000,532274,536.496000,582663,570.454500,615655,566.777600,69626,16.586000,0x098b50423eb1b80e5a7fb520438bb4f17cbf6c9b9e6ebef7938342aa2df694fe,0x0999ffaafc0622752b26e0380a201e79e330224adc28c45d809d6203c7183765
theo_n,13,436,false,9,13,onchain,500,432,1979758,4554511,459000,532286,544.953600,582663,548.929000,615655,548.937300,69626,18.448800,0x098b50423eb1b80e5a7fb520438bb4f17cbf6c9b9e6ebef7938342aa2df694fe,0x0256f5aa2a81c65d55d7ac3351c57b3fc477bd1a5d4650020d8ac1c2cb98c320
theo_n,13,437,false,9,13,onchain,500,433,1979758,4554511,459000,532370,551.317800,582759,557.288100,615751,562.910000,69626,17.947600,0x098b50423eb1b80e5a7fb520438bb4f17cbf6c9b9e6ebef7938342aa2df694fe,0x037bc2c964784fc7e3cd2de16c3218014bc8ac4ab259c3fc47df759225c0c432
theo_n,13,438,false,9,13,onchain,500,434,1979758,4554511,459000,532322,529.220900,582699,554.718900,615691,547.244400,69614,18.298800,0x098b50423eb1b80e5a7fb520438bb4f17cbf6c9b9e6ebef7938342aa2df694fe,0x173dc3dc4e6fcdf0ebba3fd2fe4632fb42c0ceb9e4cc5e9b374dc60deb000b3f
theo_n,13,439,false,9,13,onchain,500,435,1979758,4554511,459000,532358,531.239100,582747,563.292000,615739,556.494400,69626,17.900500,0x098b50423eb1b80e5a7fb520438bb4f17cbf6c9b9e6ebef7938342aa2df694fe,0x1209c0c6094437ccf08802ad2ccd707c6033334ef0aac113035d1ba5c5d53302
theo_n,13,440,false,9,13,onchain,500,436,1979758,4554511,459000,532370,523.328200,582759,579.004700,615751,545.843500,69626,18.713000,0x098b50423eb1b80e5a7fb520438bb4f17cbf6c9b9e6ebef7938342aa2df694fe,0x11a1aa45758004aee4e35df3345be3240a16450e6c518e436a9fef029035717a
theo_n,13,441,false,9,13,onchain,500,437,1979758,4554511,459000,532298,629.363100,582675,563.515600,615667,537.264700,69614,16.452800,0x098b50423eb1b80e5a7fb520438bb4f17cbf6c9b9e6ebef7938342aa2df694fe,0x04476444e54b8d9345af11b280f951950dec019f5f9ed96cd666000cb6f8c8a4
theo_n,13,442,false,9,13,onchain,500,438,1979758,4554511,459000,532274,542.760600,582663,571.120100,615655,561.111800,69626,19.869600,0x098b50423eb1b80e5a7fb520438bb4f17cbf6c9b9e6ebef7938342aa2df694fe,0x2806a21730d85cb406c3a0c7893edf53a23bb94164481acaec92dfaacc498c43
theo_n,13,443,false,9,13,onchain,500,439,1979758,4554511,459000,532298,556.903100,582687,538.637700,615679,536.342200,69626,15.874800,0x098b50423eb1b80e5a7fb520438bb4f17cbf6c9b9e6ebef7938342aa2df694fe,0x214b13489d4f64f42e4f378022beeb428cee36c93df8f8e97b38d25222015f0e
theo_n,13,444,false,9,13,onchain,500,440,1979758,4554511,459000,532298,543.719100,582675,530.908400,615667,574.823100,69626,15.830000,0x098b50423eb1b80e5a7fb520438bb4f17cbf6c9b9e6ebef7938342aa2df694fe,0x066f9d468513da57c066c36e999991151e9f59de613bf62318b16f8c0dc85b20
theo_n,13,445,false,9,13,onchain,500,441,1979758,4554511,459000,532298,556.512000,582687,653.904000,615679,540.162000,69626,15.836100,0x098b50423eb1b80e5a7fb520438bb4f17cbf6c9b9e6ebef7938342aa2df694fe,0x2685af6105268b603a453ab4de1bcdd24c4090058d83280b15b70eb1e3493b77
theo_n,13,446,false,9,13,onchain,500,442,1979758,4554511,459000,532274,557.807000,582663,533.851300,615655,538.420400,69626,16.175000,0x098b50423eb1b80e5a7fb520438bb4f17cbf6c9b9e6ebef7938342aa2df694fe,0x1c157e5b315f744377d41988cc71c4e64d2bb77893f27acd05aad8664ce59a79
theo_n,13,447,false,9,13,onchain,500,443,1979758,4554511,459000,532298,516.054300,582687,554.025300,615679,552.693400,69626,17.678100,0x098b50423eb1b80e5a7fb520438bb4f17cbf6c9b9e6ebef7938342aa2df694fe,0x2267434a9eb55f81aff6acbc29f609c4a6cd46d4f19e735c0845e1e54dc511cf
theo_n,13,448,false,9,13,onchain,500,444,1979758,4554511,459000,532382,527.006700,582771,574.082100,615763,643.935900,69626,22.998400,0x098b50423eb1b80e5a7fb520438bb4f17cbf6c9b9e6ebef7938342aa2df694fe,0x2427edd792ee64541c9bb6a75a9554187a8b10a7730ae17241a149dd8197cb5c
theo_n,13,449,false,9,13,onchain,500,445,1979758,4554511,459000,532346,539.326700,582735,559.015800,615727,556.849000,69626,16.167800,0x098b50423eb1b80e5a7fb520438bb4f17cbf6c9b9e6ebef7938342aa2df694fe,0x0cf8a1ade649c5cea439e53e3be597c4c53290bf1c8b7f8bcb41a7ef7dea770e
theo_n,13,450,false,9,13,onchain,500,446,1979758,4554511,459000,532214,535.951900,582591,636.925500,615583,621.819600,69614,16.577400,0x098b50423eb1b80e5a7fb520438bb4f17cbf6c9b9e6ebef7938342aa2df694fe,0x129883fbbf2647002f7deacb824779cb974c9eee7bbb30bf1261998df957b8dc
theo_n,13,451,false,9,13,onchain,500,447,1979758,4554511,459000,532358,572.206500,582747,542.403600,615739,540.175500,69626,16.940300,0x098b50423eb1b80e5a7fb520438bb4f17cbf6c9b9e6ebef7938342aa2df694fe,0x0594521bbee73c066f93948e2ff7a51262787f7f3a8f16471f68ddf2a657e869
theo_n,13,452,false,9,13,onchain,500,448,1979758,4554511,459000,532322,514.719600,582711,769.696200,615703,567.189700,69626,40.500700,0x098b50423eb1b80e5a7fb520438bb4f17cbf6c9b9e6ebef7938342aa2df694fe,0x13f17dda8cb57596d85fb2110de78808017c61bc82d7b7330c51357cf8ab248e
theo_n,13,453,false,9,13,onchain,500,449,1979758,4554511,459000,532322,676.958500,582711,553.527500,615703,620.426800,69626,19.859000,0x098b50423eb1b80e5a7fb520438bb4f17cbf6c9b9e6ebef7938342aa2df694fe,0x12c9ec6c712307c39974e8ea98426582b0f316e90a50231bc1a00186bd92507e
theo_n,13,454,false,9,13,onchain,500,450,1979758,4554511,459000,532358,585.905500,582747,533.324700,615739,553.433900,69626,16.608800,0x098b50423eb1b80e5a7fb520438bb4f17cbf6c9b9e6ebef7938342aa2df694fe,0x148354c630b4862274a3c4f9627e46281b10d5ce88bc6a9f22459d0f2e6ba9a8
theo_n,13,455,false,9,13,onchain,500,451,1979758,4554511,459000,532286,571.595700,582675,871.324600,615667,754.415300,69626,21.971500,0x098b50423eb1b80e5a7fb520438bb4f17cbf6c9b9e6ebef7938342aa2df694fe,0x20281760db9fef7baf5df36729d8e86b1f03d2bfeeadec7e293627fe630e7d86
theo_n,13,456,false,9,13,onchain,500,452,1979758,4554511,459000,532190,992.017500,582579,626.380200,615571,615.641600,69626,21.922700,0x098b50423eb1b80e5a7fb520438bb4f17cbf6c9b9e6ebef7938342aa2df694fe,0x1f5d68be2c50d3e703fb116f57bfc854bce65788b7ade4c79548c288f898484f
theo_n,13,457,false,9,13,onchain,500,453,1979758,4554511,459000,532298,550.266800,582687,564.801900,615679,568.375300,69626,22.029300,0x098b50423eb1b80e5a7fb520438bb4f17cbf6c9b9e6ebef7938342aa2df694fe,0x2202cbc3666b0757b2bc1092b87ec06aaa632d9b644694c824a1a9f1402fb796
theo_n,13,458,false,9,13,onchain,500,454,1979758,4554511,459000,532322,530.818900,582711,605.722100,615703,584.811100,69626,19.731100,0x098b50423eb1b80e5a7fb520438bb4f17cbf6c9b9e6ebef7938342aa2df694fe,0x27c2dffe7874cdda7cce3b6fb243cb2ca8974f0861a27c2419bf621ed6556606
theo_n,13,459,false,9,13,onchain,500,455,1979758,4554511,459000,532298,557.455100,582675,609.814700,615667,575.346800,69626,20.762000,0x098b50423eb1b80e5a7fb520438bb4f17cbf6c9b9e6ebef7938342aa2df694fe,0x12a504725a3c750c382de4b79051869e38d03e6aa42f4505f940340f4885b7c2
theo_n,13,460,false,9,13,onchain,500,456,1979758,4554511,459000,532334,530.641200,582723,557.945500,615715,555.502500,69626,21.217300,0x098b50423eb1b80e5a7fb520438bb4f17cbf6c9b9e6ebef7938342aa2df694fe,0x2e78ab53da0c12b723f36c4ae0ce7f5b0621afa5eb0811cd6a96df8698650698
theo_n,13,461,false,9,13,onchain,500,457,1979758,4554511,459000,532370,539.165800,582759,565.693900,615751,604.882600,69626,19.811600,0x098b50423eb1b80e5a7fb520438bb4f17cbf6c9b9e6ebef7938342aa2df694fe,0x2fbda956e787d64ca8b6341cc1314e56b201281444c7bf34030a23838bc743ce
theo_n,13,462,false,9,13,onchain,500,458,1979758,4554511,459000,532286,535.372100,582663,559.976100,615655,615.392900,69626,30.526000,0x098b50423eb1b80e5a7fb520438bb4f17cbf6c9b9e6ebef7938342aa2df694fe,0x119e6e31b73d1a8836957b9bbf042afcbffe0c2a4f27f87c8be3bdf7f9a74b1f
theo_n,13,463,false,9,13,onchain,500,459,1979758,4554511,459000,532310,536.848900,582699,569.408800,615691,623.246200,69626,17.546400,0x098b50423eb1b80e5a7fb520438bb4f17cbf6c9b9e6ebef7938342aa2df694fe,0x121504fcf4f883891e0fc21eb1da196a5cc2f172e30aef5860b68086905e0aec
theo_n,13,464,false,9,13,onchain,500,460,1979758,4554511,459000,532322,586.933100,582711,561.643300,615703,560.745200,69626,19.497600,0x098b50423eb1b80e5a7fb520438bb4f17cbf6c9b9e6ebef7938342aa2df694fe,0x1c2d5c6cf07f2dbdd8f604df0337912e297989a309cd33d6dc1239fe147ab4b6
theo_n,13,465,false,9,13,onchain,500,461,1979758,4554511,459000,532298,540.190800,582675,625.968700,615667,646.912300,69614,21.765200,0x098b50423eb1b80e5a7fb520438bb4f17cbf6c9b9e6ebef7938342aa2df694fe,0x0704c0ac4a16b2c09e01e830dfc5b10d7c1b093c7c242fa8c85a1d6afc5b0059
theo_n,13,466,false,9,13,onchain,500,462,1979758,4554511,459000,532298,617.449600,582687,669.004700,615679,639.305500,69626,26.952500,0x098b50423eb1b80e5a7fb520438bb4f17cbf6c9b9e6ebef7938342aa2df694fe,0x26a19ddc2ed55c40fb8bbb487a5e35e680624c166c65eb1a17b4c49f7b963cf4
theo_n,13,467,false,9,13,onchain,500,463,1979758,4554511,459000,532202,628.157400,582591,616.465800,615583,588.733300,69626,23.471600,0x098b50423eb1b80e5a7fb520438bb4f17cbf6c9b9e6ebef7938342aa2df694fe,0x25ef2285374d0d2fb8f352c90602ea21678ab56bfa198771d120d845fd403499
theo_n,13,468,false,9,13,onchain,500,464,1979758,4554511,459000,532310,556.543400,582699,548.591800,615691,546.610500,69626,16.915300,0x098b50423eb1b80e5a7fb520438bb4f17cbf6c9b9e6ebef7938342aa2df694fe,0x2deef529266e39c647c7f8aa57f1736e372c78d3a0c62c5890613454a7c5fba8
theo_n,13,469,false,9,13,onchain,500,465,1979758,4554511,459000,532238,523.296200,582627,551.015700,615619,548.850500,69626,16.935900,0x098b50423eb1b80e5a7fb520438bb4f17cbf6c9b9e6ebef7938342aa2df694fe,0x17e4d436a99114d9778510c1ad0db88c4c9e6d9ff265191a17aec8c9bdc35b0d
theo_n,13,470,false,9,13,onchain,500,466,1979758,4554511,459000,532238,531.948000,582627,637.702500,615619,546.575700,69626,16.745100,0x098b50423eb1b80e5a7fb520438bb4f17cbf6c9b9e6ebef7938342aa2df694fe,0x194895cb66b9d54f2220b208f6d8dfdc02547c4c64f4b73bd9fbf42e3df5bce9
theo_n,13,471,false,9,13,onchain,500,467,1979758,4554511,459000,532286,538.530600,582675,548.392000,615667,539.915500,69626,19.567900,0x098b50423eb1b80e5a7fb520438bb4f17cbf6c9b9e6ebef7938342aa2df694fe,0x17b9faa51b28b1bf98a3d3650f88426d3ec0f81fc68691e2978f685c54039bdf
theo_n,13,472,false,9,13,onchain,500,468,1979758,4554511,459000,532286,525.653600,582675,587.867700,615667,542.751000,69626,18.251400,0x098b50423eb1b80e5a7fb520438bb4f17cbf6c9b9e6ebef7938342aa2df694fe,0x03557e9b7fef581c5a714eec6689e6db4162f91f8d460ae5dcca16d3b3f9e352
theo_n,13,473,false,9,13,onchain,500,469,1979758,4554511,459000,532286,567.935600,582663,634.839200,615655,541.029300,69614,18.165300,0x098b50423eb1b80e5a7fb520438bb4f17cbf6c9b9e6ebef7938342aa2df694fe,0x2c3214b8c0e8434fb6524fb4ff11e4e800a00966657e18a5d88267ae5f781abf
theo_n,13,474,false,9,13,onchain,500,470,1979758,4554511,459000,532382,533.230600,582771,546.231500,615763,546.083200,69626,19.925800,0x098b50423eb1b80e5a7fb520438bb4f17cbf6c9b9e6ebef7938342aa2df694fe,0x0642a894943cd70151604e637ce6b256aef63733dc5c514325eabd85b7873425
theo_n,13,475,false,9,13,onchain,500,471,1979758,4554511,459000,532322,524.784800,582711,612.747100,615703,552.433700,69626,17.307000,0x098b50423eb1b80e5a7fb520438bb4f17cbf6c9b9e6ebef7938342aa2df694fe,0x18552a6e21eecc017d45a61ec84e6f6dafafd85e5f3a8a1b69f6d52891467353
theo_n,13,476,false,9,13,onchain,500,472,1979758,4554511,459000,532310,548.640100,582687,568.967800,615679,549.727600,69614,17.157200,0x098b50423eb1b80e5a7fb520438bb4f17cbf6c9b9e6ebef7938342aa2df694fe,0x09d6031cbe83e6b6daf712c57cef8f8a00092aaa20ee245268c6261746fb3e6d
theo_n,13,477,false,9,13,onchain,500,473,1979758,4554511,459000,532286,553.671200,582675,586.373500,615667,569.808300,69626,16.675700,0x098b50423eb1b80e5a7fb520438bb4f17cbf6c9b9e6ebef7938342aa2df694fe,0x1d2e7002b581918e7f17fd4c88eaa1e2816dd4fceb92b04c7f1dee4714df076c
theo_n,13,478,false,9,13,onchain,500,474,1979758,4554511,459000,532238,548.621800,582627,630.565400,615619,569.464800,69626,16.498800,0x098b50423eb1b80e5a7fb520438bb4f17cbf6c9b9e6ebef7938342aa2df694fe,0x106c70cbd048ff8d859a8c2a2ac67e23ea74f80b5e9723d541592f72a9be6164
theo_n,13,479,false,9,13,onchain,500,475,1979758,4554511,459000,532202,574.989500,582591,577.305600,615583,573.213200,69626,24.393800,0x098b50423eb1b80e5a7fb520438bb4f17cbf6c9b9e6ebef7938342aa2df694fe,0x18f841147423b43a4e24f734b60a18649d2e49861e1471f1293b599ddadb5b4f
theo_n,13,480,false,9,13,onchain,500,476,1979758,4554511,459000,532286,545.059400,582675,668.996800,615667,563.625900,69626,16.890400,0x098b50423eb1b80e5a7fb520438bb4f17cbf6c9b9e6ebef7938342aa2df694fe,0x181f47596bdada82053dbd519feadb3e1decced847c3ebee5da8062170b7a1fd
theo_n,13,481,false,9,13,onchain,500,477,1979758,4554511,459000,532238,597.014500,582627,632.744100,615619,604.745200,69626,25.702200,0x098b50423eb1b80e5a7fb520438bb4f17cbf6c9b9e6ebef7938342aa2df694fe,0x19d72b93da5f25751ed0e6f5181858631c5863ceb85e9b062ae3f523c50c3823
theo_n,13,482,false,9,13,onchain,500,478,1979758,4554511,459000,532190,548.463400,582579,569.145400,615571,573.287900,69626,20.046100,0x098b50423eb1b80e5a7fb520438bb4f17cbf6c9b9e6ebef7938342aa2df694fe,0x08b9371a31a7f0b2166783304eb3dda67b5455dab4f641d34af9e809ae17f981
theo_n,13,483,false,9,13,onchain,500,479,1979758,4554511,459000,532346,539.422400,582735,545.827100,615727,641.566500,69626,16.764000,0x098b50423eb1b80e5a7fb520438bb4f17cbf6c9b9e6ebef7938342aa2df694fe,0x10acd05e15df221672ec5e25ee7ec5383df40f6a96e4be200f349008ee830ed2
theo_n,13,484,false,9,13,onchain,500,480,1979758,4554511,459000,532274,592.128800,582651,540.034800,615643,569.456500,69626,19.769200,0x098b50423eb1b80e5a7fb520438bb4f17cbf6c9b9e6ebef7938342aa2df694fe,0x3012161f3b161556cf3aa88c4d04f0e9cec22c97b7b8e848d5c7178f3e9b74fd
theo_n,13,485,false,9,13,onchain,500,481,1979758,4554511,459000,532286,532.967600,582675,723.837900,615667,798.993200,69626,32.068300,0x098b50423eb1b80e5a7fb520438bb4f17cbf6c9b9e6ebef7938342aa2df694fe,0x21472178fbf204e629d62a47c15eef10a81ccebaf9f644bd9e4e46c54d340a59
theo_n,13,486,false,9,13,onchain,500,482,1979758,4554511,459000,532250,633.626700,582627,620.945900,615619,588.969500,69614,66.046500,0x098b50423eb1b80e5a7fb520438bb4f17cbf6c9b9e6ebef7938342aa2df694fe,0x1cc81977f75add8f0fa8ffdf8e8d9dd6dc1ad4006181c677d57a5e41157e77c1
theo_n,13,487,false,9,13,onchain,500,483,1979758,4554511,459000,532202,654.835800,582579,595.279200,615571,579.119500,69614,21.330200,0x098b50423eb1b80e5a7fb520438bb4f17cbf6c9b9e6ebef7938342aa2df694fe,0x133f3b027ddf242d1e004142a313c84f951891b964cda34421c8e2199d1420c0
theo_n,13,488,false,9,13,onchain,500,484,1979758,4554511,459000,532346,598.687900,582735,687.630600,615727,691.946900,69626,21.476400,0x098b50423eb1b80e5a7fb520438bb4f17cbf6c9b9e6ebef7938342aa2df694fe,0x03c9185fd1372f0e37b4bf9a3f3dd2063edca06487f626d6d85fd838ad3008ca
theo_n,13,489,false,9,13,onchain,500,485,1979758,4554511,459000,532226,595.710100,582615,689.444000,615607,608.086500,69626,20.147300,0x098b50423eb1b80e5a7fb520438bb4f17cbf6c9b9e6ebef7938342aa2df694fe,0x25e0e7e38fef95e132acd28d6c482e384298692bcd6d0473d4a5e7270f432fb0
theo_n,13,490,false,9,13,onchain,500,486,1979758,4554511,459000,532334,607.248200,582723,801.765500,615715,667.864700,69626,46.334200,0x098b50423eb1b80e5a7fb520438bb4f17cbf6c9b9e6ebef7938342aa2df694fe,0x227d5c1302a98c79262e6fe667330fa86813e3133cf5286aa5d1aa56b4d297e4
theo_n,13,491,false,9,13,onchain,500,487,1979758,4554511,459000,532286,605.882200,582663,629.050400,615655,631.710700,69614,21.069400,0x098b50423eb1b80e5a7fb520438bb4f17cbf6c9b9e6ebef7938342aa2df694fe,0x1c00aecebc0b69341373f2e0bb29a3c24aac853fd64da87b62c5b316aeca1219
theo_n,13,492,false,9,13,onchain,500,488,1979758,4554511,459000,532310,688.181800,582699,774.251700,615691,694.198800,69626,22.947000,0x098b50423eb1b80e5a7fb520438bb4f17cbf6c9b9e6ebef7938342aa2df694fe,0x084e8cd0f0efa2d0483d3d7c58e49fc749ef77ebb1737fe33318558c56cf3427
theo_n,13,493,false,9,13,onchain,500,489,1979758,4554511,459000,532310,620.226200,582699,545.263600,615691,534.398700,69626,16.060300,0x098b50423eb1b80e5a7fb520438bb4f17cbf6c9b9e6ebef7938342aa2df694fe,0x0a043a7874d62ba138be2dc0842dd24ce6d289652d427bfd6f79e7c48c37b4f7
theo_n,13,494,false,9,13,onchain,500,490,1979758,4554511,459000,532322,530.311100,582699,551.450600,615691,548.065700,69626,16.867800,0x098b50423eb1b80e5a7fb520438bb4f17cbf6c9b9e6ebef7938342aa2df694fe,0x1a89f23a47b3613d76999e01716fb21161a281ba453f95be5b6ec1a4cd2760ff
theo_n,13,495,false,9,13,onchain,500,491,1979758,4554511,459000,532286,540.771000,582675,559.779300,615667,599.086500,69626,19.656600,0x098b50423eb1b80e5a7fb520438bb4f17cbf6c9b9e6ebef7938342aa2df694fe,0x300e9a493810956b752cdc311daa8c6888ed4496181d73e24231623198cff11e
theo_n,13,496,false,9,13,onchain,500,492,1979758,4554511,459000,532358,512.159400,582747,578.527800,615739,556.480400,69626,19.294100,0x098b50423eb1b80e5a7fb520438bb4f17cbf6c9b9e6ebef7938342aa2df694fe,0x2e66af613bd0b308ea76ce8156c11daa75c95d3f8e0ca9d7b293c31c96014b21
theo_n,13,497,false,9,13,onchain,500,493,1979758,4554511,459000,532298,737.716700,582687,757.193300,615679,671.981700,69626,20.267500,0x098b50423eb1b80e5a7fb520438bb4f17cbf6c9b9e6ebef7938342aa2df694fe,0x02dc77fb04fd69f7fab1957d3aba82ed08d25eac854c3dde2a9cade544679e2b
theo_n,13,498,false,9,13,onchain,500,494,1979758,4554511,459000,532274,594.160500,582651,613.276800,615643,600.240600,69614,21.658200,0x098b50423eb1b80e5a7fb520438bb4f17cbf6c9b9e6ebef7938342aa2df694fe,0x228653279e7e7b00992306c5edc1435c1091f5e23990f9d8e3779fd1aa32a8de
theo_n,13,499,false,9,13,onchain,500,495,1979758,4554511,459000,532310,581.045100,582699,587.942700,615691,581.469400,69626,17.570400,0x098b50423eb1b80e5a7fb520438bb4f17cbf6c9b9e6ebef7938342aa2df694fe,0x230a0a415e1e60f6e218a20cd575f16422d11c814813bb0c4546415a14659006
theo_n,13,500,false,9,13,onchain,500,496,1979758,4554511,459000,532286,594.294500,582675,830.860100,615667,889.089800,69626,18.949800,0x098b50423eb1b80e5a7fb520438bb4f17cbf6c9b9e6ebef7938342aa2df694fe,0x0975721ab977e0a4a2d19fc776c1a4212a6d048f5a988aa06d9d108845b40913
theo_n,13,501,false,9,13,onchain,500,497,1979758,4554511,459000,532382,592.979100,582771,610.664200,615763,596.967500,69626,18.525900,0x098b50423eb1b80e5a7fb520438bb4f17cbf6c9b9e6ebef7938342aa2df694fe,0x1277fe6d922e86999f40ca4cb0a82e4bbb03db29f014e42a63da54bd386146f0
theo_n,13,502,false,9,13,onchain,500,498,1979758,4554511,459000,532250,589.819600,582627,700.935800,615619,623.813700,69614,17.323200,0x098b50423eb1b80e5a7fb520438bb4f17cbf6c9b9e6ebef7938342aa2df694fe,0x0113f1fb5a35006448b95b51265b86f399805050c99ce68c7e92a1106394a4ee
theo_n,13,503,false,9,13,onchain,500,499,1979758,4554511,459000,532238,559.306400,582627,553.676700,615619,550.363000,69626,16.308800,0x098b50423eb1b80e5a7fb520438bb4f17cbf6c9b9e6ebef7938342aa2df694fe,0x0c0e1ce676ffd8704c6db547c1f554636c17d9d3da8dfce0b63543dfae4b1d6c
