thi_nghiem,run_id,iteration,warmup,d,k,mechanism,n,student_index,deploy_pool_gas,deploy_verifier_gas,update_root_gas,verify_gas,verify_onchain_ms,withdraw_gas,withdraw_ms,verify_record_gas,verify_record_ms,settle_gas,settle_ms,root,nullifier
theo_n,4,1,true,9,13,onchain,500,0,1979758,4554511,459000,532322,829.589300,582711,593.659800,615703,663.897700,69626,57.183300,0x098b50423eb1b80e5a7fb520438bb4f17cbf6c9b9e6ebef7938342aa2df694fe,0x0908cbf85e088d680fbd39fdb24b3cc3dd4a43f6c03cd816e06f24aad0ed40c9
theo_n,4,2,true,9,13,onchain,500,1,1979758,4554511,459000,532274,575.221000,582651,683.256500,615643,637.357000,69626,28.940400,0x098b50423eb1b80e5a7fb520438bb4f17cbf6c9b9e6ebef7938342aa2df694fe,0x067e06c893d9a0e4d6fd53a0046674c8f20bf84f7b70811bf473ffa211d8c6bd
theo_n,4,3,true,9,13,onchain,500,2,1979758,4554511,459000,532358,556.599600,582747,603.889600,615739,597.145000,69626,23.943900,0x098b50423eb1b80e5a7fb520438bb4f17cbf6c9b9e6ebef7938342aa2df694fe,0x0b8fe57083cdcc700c57fbcf6933cb725896572c6ab544b6f4d8e1c6ab38f07b
theo_n,4,4,false,9,13,onchain,500,0,1979758,4554511,459000,532322,588.817700,582711,718.431600,615703,627.569500,69626,29.522900,0x098b50423eb1b80e5a7fb520438bb4f17cbf6c9b9e6ebef7938342aa2df694fe,0x0908cbf85e088d680fbd39fdb24b3cc3dd4a43f6c03cd816e06f24aad0ed40c9
theo_n,4,5,false,9,13,onchain,500,1,1979758,4554511,459000,532274,572.531200,582651,558.564500,615643,539.452900,69626,37.395300,0x098b50423eb1b80e5a7fb520438bb4f17cbf6c9b9e6ebef7938342aa2df694fe,0x067e06c893d9a0e4d6fd53a0046674c8f20bf84f7b70811bf473ffa211d8c6bd
theo_n,4,6,false,9,13,onchain,500,2,1979758,4554511,459000,532358,594.175800,582747,661.948900,615739,578.694700,69626,34.812000,0x098b50423eb1b80e5a7fb520438bb4f17cbf6c9b9e6ebef7938342aa2df694fe,0x0b8fe57083cdcc700c57fbcf6933cb725896572c6ab544b6f4d8e1c6ab38f07b
theo_n,4,7,false,9,13,onchain,500,3,1979758,4554511,459000,532322,603.432100,582711,650.623000,615703,591.946400,69626,23.456600,0x098b50423eb1b80e5a7fb520438bb4f17cbf6c9b9e6ebef7938342aa2df694fe,0x107c70d191e489c806456c18cf98e286488b248a7e2ac57b6576b30dfade8db2
theo_n,4,8,false,9,13,onchain,500,4,1979758,4554511,459000,532298,616.379300,582687,578.745400,615679,687.827500,69626,29.481700,0x098b50423eb1b80e5a7fb520438bb4f17cbf6c9b9e6ebef7938342aa2df694fe,0x0a311bfe27c095e9b61eb94f9bfdc9d5e247dfd2f96271cff3d32612a2e7339a
theo_n,4,9,false,9,13,onchain,500,5,1979758,4554511,459000,532334,662.338800,582723,628.951700,615715,581.659800,69626,20.156800,0x098b50423eb1b80e5a7fb520438bb4f17cbf6c9b9e6ebef7938342aa2df694fe,0x18b6e24c33265e51a6ebce655f0c7d8cc56a336e228450d97e77a9ef874404bc
theo_n,4,10,false,9,13,onchain,500,6,1979758,4554511,459000,532334,554.961400,582723,687.765600,615715,627.119600,69626,25.081700,0x098b50423eb1b80e5a7fb520438bb4f17cbf6c9b9e6ebef7938342aa2df694fe,0x178454ab459643088f4034d21806282a31eacc6d694df8a91a76f6cadc1e4e05
theo_n,4,11,false,9,13,onchain,500,7,1979758,4554511,459000,532298,562.318500,582687,534.884200,615679,588.535400,69626,23.890600,0x098b50423eb1b80e5a7fb520438bb4f17cbf6c9b9e6ebef7938342aa2df694fe,0x156330b35df029b9ac8c5cf74cf1978f087f063d91916404df8a0984916950ac
theo_n,4,12,false,9,13,onchain,500,8,1979758,4554511,459000,532334,544.791700,582711,632.052800,615703,623.583900,69614,27.512900,0x098b50423eb1b80e5a7fb520438bb4f17cbf6c9b9e6ebef7938342aa2df694fe,0x15bf766aa145bc49955f4b440b0070cdb1823fdb1a4942a856ae7a53dd251a8a
theo_n,4,13,false,9,13,onchain,500,9,1979758,4554511,459000,532310,561.139200,582687,583.631800,615679,693.984700,69626,23.571900,0x098b50423eb1b80e5a7fb520438bb4f17cbf6c9b9e6ebef7938342aa2df694fe,0x145e23340ae3a5c2a8a430e0bd8150939cf9d3336c5a111f39801cc2a9171cea
theo_n,4,14,false,9,13,onchain,500,10,1979758,4554511,459000,532298,568.924600,582687,676.619800,615679,586.591800,69626,23.098100,0x098b50423eb1b80e5a7fb520438bb4f17cbf6c9b9e6ebef7938342aa2df694fe,0x19d8b479a4eb2ed56fc544f5f258c142afbc9733ce11579245b90f6471cc5aa2
theo_n,4,15,false,9,13,onchain,500,11,1979758,4554511,459000,532262,571.288100,582651,631.278000,615643,606.276700,69626,51.818700,0x098b50423eb1b80e5a7fb520438bb4f17cbf6c9b9e6ebef7938342aa2df694fe,0x17115cce247ab17833ce4f971544dcf98cba44f30ac3caa2b60573600696808c
theo_n,4,16,false,9,13,onchain,500,12,1979758,4554511,459000,532358,574.759000,582747,656.934300,615739,633.558100,69626,26.131600,0x098b50423eb1b80e5a7fb520438bb4f17cbf6c9b9e6ebef7938342aa2df694fe,0x12f7111f7f65e737c4608f3f8cffc3dea6a29e14af7ddcba52cac254304ecd23
theo_n,4,17,false,9,13,onchain,500,13,1979758,4554511,459000,532334,574.268300,582723,714.026400,615715,589.092500,69626,26.803500,0x098b50423eb1b80e5a7fb520438bb4f17cbf6c9b9e6ebef7938342aa2df694fe,0x146554373ef67f5de307538cfcb7e62015f4c7d7791f0be35f5897031ab12a59
theo_n,4,18,false,9,13,onchain,500,14,1979758,4554511,459000,532346,567.374200,582735,568.198800,615727,641.750300,69626,24.695000,0x098b50423eb1b80e5a7fb520438bb4f17cbf6c9b9e6ebef7938342aa2df694fe,0x298177b133ab3f68a2e47c6d74787973892a7540de8dcd16ae80701b4d1a19b5
theo_n,4,19,false,9,13,onchain,500,15,1979758,4554511,459000,532310,570.012200,582699,617.014400,615691,697.470800,69626,30.275100,0x098b50423eb1b80e5a7fb520438bb4f17cbf6c9b9e6ebef7938342aa2df694fe,0x290f20350f10923907c139526a8eeb150f99e2573a16d6916fe0f769c993f49a
theo_n,4,20,false,9,13,onchain,500,16,1979758,4554511,459000,532262,620.279800,582651,693.958000,615643,726.693500,69626,28.066200,0x098b50423eb1b80e5a7fb520438bb4f17cbf6c9b9e6ebef7938342aa2df694fe,0x171e66512384a041ca6a5f708a5b4fdda9cf24ab176412c6f6900afc3c6dedb8
theo_n,4,21,false,9,13,onchain,500,17,1979758,4554511,459000,532370,611.485700,582759,597.609000,615751,675.899200,69626,19.339700,0x098b50423eb1b80e5a7fb520438bb4f17cbf6c9b9e6ebef7938342aa2df694fe,0x1be2fe80e5029582e3f6e62f4cb2a84d401feee79f16b335d0bc369a395a0853
theo_n,4,22,false,9,13,onchain,500,18,1979758,4554511,459000,532322,574.515200,582711,571.374600,615703,644.872000,69626,20.660400,0x098b50423eb1b80e5a7fb520438bb4f17cbf6c9b9e6ebef7938342aa2df694fe,0x0bb978d615ff4f194a9934af270a428732e8174c4311c8beb31d4e0bbabbc0bc
theo_n,4,23,false,9,13,onchain,500,19,1979758,4554511,459000,532358,586.987900,582747,679.886900,615739,619.941700,69626,27.645300,0x098b50423eb1b80e5a7fb520438bb4f17cbf6c9b9e6ebef7938342aa2df694fe,0x04726770464b2bff8da321b67038b812b34fa5fa5cdf99f1314cba8589a165bc
theo_n,4,24,false,9,13,onchain,500,20,1979758,4554511,459000,532286,559.697700,582675,692.666100,615667,649.685600,69626,30.914800,0x098b50423eb1b80e5a7fb520438bb4f17cbf6c9b9e6ebef7938342aa2df694fe,0x03d6f9ca63a41aff3fb9a8fc838ab1ed3ceedc7c249c5dc4c19d5955e351be13
theo_n,4,25,false,9,13,onchain,500,21,1979758,4554511,459000,532250,577.288200,582639,620.376700,615631,635.320200,69626,75.644700,0x098b50423eb1b80e5a7fb520438bb4f17cbf6c9b9e6ebef7938342aa2df694fe,0x1686fa19ed842d8106f86663fe6e6888a8bfb3e985dcfd2bb1db169ffcda5da5
theo_n,4,26,false,9,13,onchain,500,22,1979758,4554511,459000,532370,538.676600,582759,592.369400,615751,650.677100,69626,39.952300,0x098b50423eb1b80e5a7fb520438bb4f17cbf6c9b9e6ebef7938342aa2df694fe,0x23e82ec09d717b107d77dc26eb5dc265ea1fc45985e29b8cc3cb17430ff24a0c
theo_n,4,27,false,9,13,onchain,500,23,1979758,4554511,459000,532322,642.682400,582711,661.721600,615703,613.030100,69626,22.456400,0x098b50423eb1b80e5a7fb520438bb4f17cbf6c9b9e6ebef7938342aa2df694fe,0x10b3bd195947d421c2d2b26290f8c337fd0828e5148886d256cae19c30dd3457
theo_n,4,28,false,9,13,onchain,500,24,1979758,4554511,459000,532322,528.809300,582699,837.043200,615691,554.503900,69626,21.595800,0x098b50423eb1b80e5a7fb520438bb4f17cbf6c9b9e6ebef7938342aa2df694fe,0x2a99ad2dc4636645cb03a3f8cddbcf89d41b4a9e486facca27dfee54675abb9c
theo_n,4,29,false,9,13,onchain,500,25,1979758,4554511,459000,532250,531.570900,582627,541.829900,615619,578.424000,69614,29.337100,0x098b50423eb1b80e5a7fb520438bb4f17cbf6c9b9e6ebef7938342aa2df694fe,0x1cd40d323ccd0838cfec775d1003317bf356cafeaba2b700c3af3c61def30fca
theo_n,4,30,false,9,13,onchain,500,26,1979758,4554511,459000,532274,588.112100,582663,578.189400,615655,636.303400,69626,25.800900,0x098b50423eb1b80e5a7fb520438bb4f17cbf6c9b9e6ebef7938342aa2df694fe,0x2eb42444691d4d15abfb91e44bb63be709bec40b9e54f4360f24d4480534af10
theo_n,4,31,false,9,13,onchain,500,27,1979758,4554511,459000,532358,576.255900,582747,657.764300,615739,652.078000,69626,29.703500,0x098b50423eb1b80e5a7fb520438bb4f17cbf6c9b9e6ebef7938342aa2df694fe,0x2c174593cceb5f490ba8f6ba09cd052e5c25a821a271f28bc1a25fe480d609d8
theo_n,4,32,false,9,13,onchain,500,28,1979758,4554511,459000,532358,589.796700,582747,595.622400,615739,614.987300,69626,32.204800,0x098b50423eb1b80e5a7fb520438bb4f17cbf6c9b9e6ebef7938342aa2df694fe,0x23665977a843f888d72d4f179e9f9d837be558853b6806d1436951fa322c1221
theo_n,4,33,false,9,13,onchain,500,29,1979758,4554511,459000,532298,558.576000,582687,632.699400,615679,532.100700,69626,20.408500,0x098b50423eb1b80e5a7fb520438bb4f17cbf6c9b9e6ebef7938342aa2df694fe,0x1784bc5a44d0a6e7b87bdd0fd4e563361f98a6aa39b7964e0907b239a38b84e7
theo_n,4,34,false,9,13,onchain,500,30,1979758,4554511,459000,532262,565.244500,582651,556.982200,615643,581.781500,69626,25.501600,0x098b50423eb1b80e5a7fb520438bb4f17cbf6c9b9e6ebef7938342aa2df694fe,0x202c4e9e6402e7f390a4ab85d1370541fe76c37421ce3a51ac5805c4b24b6da9
theo_n,4,35,false,9,13,onchain,500,31,1979758,4554511,459000,532334,563.796100,582723,620.532300,615715,745.087100,69626,31.697100,0x098b50423eb1b80e5a7fb520438bb4f17cbf6c9b9e6ebef7938342aa2df694fe,0x26ac62095e0835f5045ef0c786313c5c49c66bfa9a9c59a9176a5e55ca7e0d2f
theo_n,4,36,false,9,13,onchain,500,32,1979758,4554511,459000,532322,517.843600,582711,577.760900,615703,683.346100,69626,33.232500,0x098b50423eb1b80e5a7fb520438bb4f17cbf6c9b9e6ebef7938342aa2df694fe,0x0999d39078de7333e04118695737bc5efd57941984dd9136fc1c1b2063a26adc
theo_n,4,37,false,9,13,onchain,500,33,1979758,4554511,459000,532322,596.516900,582711,569.170800,615703,605.024900,69626,27.835500,0x098b50423eb1b80e5a7fb520438bb4f17cbf6c9b9e6ebef7938342aa2df694fe,0x21595eb5cbf9542bc3565fb23a44f93e50797512cb2156aa0f1bf0cccd52959e
theo_n,4,38,false,9,13,onchain,500,34,1979758,4554511,459000,532298,550.241800,582675,570.515300,615667,649.281100,69614,29.334300,0x098b50423eb1b80e5a7fb520438bb4f17cbf6c9b9e6ebef7938342aa2df694fe,0x25c79e1b2c8e7e076990cd6c719d9fad9068d6cd9b911cb567af007fd9ae9012
theo_n,4,39,false,9,13,onchain,500,35,1979758,4554511,459000,532334,550.794500,582723,660.725800,615715,527.219400,69626,24.919500,0x098b50423eb1b80e5a7fb520438bb4f17cbf6c9b9e6ebef7938342aa2df694fe,0x12b71401342adb56754a25ca9b90161c500f6d1db94481a55ff459a7aebc3185
theo_n,4,40,false,9,13,onchain,500,36,1979758,4554511,459000,532274,588.839500,582663,610.364100,615655,573.047300,69626,29.351400,0x098b50423eb1b80e5a7fb520438bb4f17cbf6c9b9e6ebef7938342aa2df694fe,0x1bf1c17e9fed35f18ad1a97d36860e5c49872e06811178e1de9764c9d878dc29
theo_n,4,41,false,9,13,onchain,500,37,1979758,4554511,459000,532274,598.702900,582663,626.876100,615655,683.297900,69626,33.395900,0x098b50423eb1b80e5a7fb520438bb4f17cbf6c9b9e6ebef7938342aa2df694fe,0x2b638435867637f2946659187916cd17968a726d781e30c6e61925210b314d02
theo_n,4,42,false,9,13,onchain,500,38,1979758,4554511,459000,532310,604.511200,582687,622.829500,615679,776.509000,69614,35.787900,0x098b50423eb1b80e5a7fb520438bb4f17cbf6c9b9e6ebef7938342aa2df694fe,0x2bdbfab8d0294126af14982e1000d41a61e11326b0ce247a7116adeeea7985cd
theo_n,4,43,false,9,13,onchain,500,39,1979758,4554511,459000,532262,668.598400,582651,657.616800,615643,620.116400,69626,28.376800,0x098b50423eb1b80e5a7fb520438bb4f17cbf6c9b9e6ebef7938342aa2df694fe,0x0aa7bf1d39d93e1954ce66d9858d1198e0ad921a4df6c1181b1ce905784fe958
theo_n,4,44,false,9,13,onchain,500,40,1979758,4554511,459000,532382,571.171900,582771,719.201500,615763,574.290700,69626,22.261100,0x098b50423eb1b80e5a7fb520438bb4f17cbf6c9b9e6ebef7938342aa2df694fe,0x10de1e3d29876f4850189c984ae73d9c11ce68b86aadc32cf461c98d54d62d23
theo_n,4,45,false,9,13,onchain,500,41,1979758,4554511,459000,532334,524.822800,582711,636.549200,615703,665.343500,69614,28.778200,0x098b50423eb1b80e5a7fb520438bb4f17cbf6c9b9e6ebef7938342aa2df694fe,0x1edba77fec60aecefcfe1abd4e72068fd9fb6184a89b43f5c3dc9a00069d74e2
theo_n,4,46,false,9,13,onchain,500,42,1979758,4554511,459000,532262,571.576100,582651,616.806600,615643,651.150100,69626,27.900100,0x098b50423eb1b80e5a7fb520438bb4f17cbf6c9b9e6ebef7938342aa2df694fe,0x15c8ab0ca8377161a0b8ea56ed9e3ae382863e927a1324317f9fa192d6188e2e
theo_n,4,47,false,9,13,onchain,500,43,1979758,4554511,459000,532310,562.856500,582699,902.773200,615691,574.993000,69626,26.309500,0x098b50423eb1b80e5a7fb520438bb4f17cbf6c9b9e6ebef7938342aa2df694fe,0x13eb1c80471a2c64b0c27128ce601b8439e0852909edea7c2fa01c5a8b0cd2a8
theo_n,4,48,false,9,13,onchain,500,44,1979758,4554511,459000,532310,834.137700,582699,535.698700,615691,645.150800,69626,28.031100,0x098b50423eb1b80e5a7fb520438bb4f17cbf6c9b9e6ebef7938342aa2df694fe,0x0231eb71e8795c4c4a35fb9db7f9d3c70fcb8e6537017b7c23770e27edb17c26
theo_n,4,49,false,9,13,onchain,500,45,1979758,4554511,459000,532346,549.606600,582735,717.957900,615727,663.531400,69626,24.859800,0x098b50423eb1b80e5a7fb520438bb4f17cbf6c9b9e6ebef7938342aa2df694fe,0x14bfb435acb7a5d37e0d29a9b6051229ed7acd9fdfc1de220c0337ce6f0f4ed8
theo_n,4,50,false,9,13,onchain,500,46,1979758,4554511,459000,532286,572.948900,582675,622.046800,615667,561.105500,69626,20.804700,0x098b50423eb1b80e5a7fb520438bb4f17cbf6c9b9e6ebef7938342aa2df694fe,0x0d91e737b2843fdf5a8d1394de46dfa3fe679927773f55ff934b561adb0b7fff
theo_n,4,51,false,9,13,onchain,500,47,1979758,4554511,459000,532274,559.801700,582651,694.423600,615643,613.203100,69626,22.508700,0x098b50423eb1b80e5a7fb520438bb4f17cbf6c9b9e6ebef7938342aa2df694fe,0x26954244b4ec45232f6c53427aaae47d6f1e18e481e8b23526e02555df48c1df
theo_n,4,52,false,9,13,onchain,500,48,1979758,4554511,459000,532310,557.957000,582699,690.008300,615691,588.833000,69626,23.487800,0x098b50423eb1b80e5a7fb520438bb4f17cbf6c9b9e6ebef7938342aa2df694fe,0x239708d53c07d61009f55c15e879487da0622eab4cc30d66f7bca4dbc4bfe44d
theo_n,4,53,false,9,13,onchain,500,49,1979758,4554511,459000,532250,544.888500,582639,582.520700,615631,604.835600,69626,28.473500,0x098b50423eb1b80e5a7fb520438bb4f17cbf6c9b9e6ebef7938342aa2df694fe,0x163233172054b52f81b9f891e2f9d5105c71e0adba76e509daa09013f949b0aa
theo_n,4,54,false,9,13,onchain,500,50,1979758,4554511,459000,532286,571.575700,582675,634.888800,615667,626.813200,69626,23.624700,0x098b50423eb1b80e5a7fb520438bb4f17cbf6c9b9e6ebef7938342aa2df694fe,0x29f882fd660b6a26a77c96e53e736aaae7aec2dcd44d93124440e2b9b84b4a38
theo_n,4,55,false,9,13,onchain,500,51,1979758,4554511,459000,532370,556.203700,582759,610.397400,615751,611.863800,69626,32.702400,0x098b50423eb1b80e5a7fb520438bb4f17cbf6c9b9e6ebef7938342aa2df694fe,0x27e66d84b49036dd0865b9da04321eba233102d93a56847b997b2096cfc0e219
theo_n,4,56,false,9,13,onchain,500,52,1979758,4554511,459000,532214,544.769700,582603,603.287600,615595,622.813100,69626,23.435000,0x098b50423eb1b80e5a7fb520438bb4f17cbf6c9b9e6ebef7938342aa2df694fe,0x041c6acccd0de4874fa535b4423d4a3ab728697b23310712e0d2d3f10927164d
theo_n,4,57,false,9,13,onchain,500,53,1979758,4554511,459000,532178,564.537600,582567,578.367500,615559,670.222600,69626,27.231900,0x098b50423eb1b80e5a7fb520438bb4f17cbf6c9b9e6ebef7938342aa2df694fe,0x1d11e9b323790b3c05df4d5364a35721616441c63f76b36a5b739e880f8fc03c
theo_n,4,58,false,9,13,onchain,500,54,1979758,4554511,459000,532286,635.023100,582675,621.983200,615667,667.599500,69626,80.712100,0x098b50423eb1b80e5a7fb520438bb4f17cbf6c9b9e6ebef7938342aa2df694fe,0x19ed930667ae813189bbaa0641e03f632bed382b9631862cf170dc2cfb08f703
theo_n,4,59,false,9,13,onchain,500,55,1979758,4554511,459000,532334,566.578600,582723,570.586000,615715,690.982100,69626,30.509900,0x098b50423eb1b80e5a7fb520438bb4f17cbf6c9b9e6ebef7938342aa2df694fe,0x286f63b2d20d219a578976c21ed9f8396a9370eb76c1692333fb49e9ffe5eddd
theo_n,4,60,false,9,13,onchain,500,56,1979758,4554511,459000,532334,616.469400,582723,656.997700,615715,639.711300,69626,70.762200,0x098b50423eb1b80e5a7fb520438bb4f17cbf6c9b9e6ebef7938342aa2df694fe,0x1f99a065f3bb98ea5433e6d81e6e27387fc8c025edc841fddcff3cbf77e66024
theo_n,4,61,false,9,13,onchain,500,57,1979758,4554511,459000,532226,631.721300,582615,599.647100,615607,582.173900,69626,23.361500,0x098b50423eb1b80e5a7fb520438bb4f17cbf6c9b9e6ebef7938342aa2df694fe,0x1feb6f0f68700be050d5e26dfd63e880937685b79efab2b075ec055912a4f5ae
theo_n,4,62,false,9,13,onchain,500,58,1979758,4554511,459000,532202,563.708000,582591,592.554900,615583,600.553900,69626,22.860300,0x098b50423eb1b80e5a7fb520438bb4f17cbf6c9b9e6ebef7938342aa2df694fe,0x0e6c34dbfd1473a1ae9710c16b88cac448410f09637490e3123197c34790a183
theo_n,4,63,false,9,13,onchain,500,59,1979758,4554511,459000,532226,614.628300,582615,611.645300,615607,597.341900,69626,21.075600,0x098b50423eb1b80e5a7fb520438bb4f17cbf6c9b9e6ebef7938342aa2df694fe,0x0bb2842f8a6e91c04573162fc7601b567d7df6749d60979ba332d7b78c328f8d
theo_n,4,64,false,9,13,onchain,500,60,1979758,4554511,459000,532370,505.803800,582759,648.213200,615751,569.167700,69626,22.921700,0x098b50423eb1b80e5a7fb520438bb4f17cbf6c9b9e6ebef7938342aa2df694fe,0x0a7220125db4c9fae9b66dda6e019f9ebbe630298376fe4b51a071b6eb9ddbcf
theo_n,4,65,false,9,13,onchain,500,61,1979758,4554511,459000,532286,552.677500,582675,585.705300,615667,644.354300,69626,28.627700,0x098b50423eb1b80e5a7fb520438bb4f17cbf6c9b9e6ebef7938342aa2df694fe,0x1abe534db0df466d693bdbb58e2e3330a7c9ce60678dcecd580bfa34a5604850
theo_n,4,66,false,9,13,onchain,500,62,1979758,4554511,459000,532334,559.367800,582723,597.996800,615715,629.086900,69626,48.529400,0x098b50423eb1b80e5a7fb520438bb4f17cbf6c9b9e6ebef7938342aa2df694fe,0x12cd93c7fe1e9691bc34c1a151550f01178da157b91296de0279ba930f04a680
theo_n,4,67,false,9,13,onchain,500,63,1979758,4554511,459000,532274,652.468900,582651,637.228600,615643,677.567600,69626,22.580800,0x098b50423eb1b80e5a7fb520438bb4f17cbf6c9b9e6ebef7938342aa2df694fe,0x1efdb02da48822560ee87f9d18dd45890f200b5829646129246afe143791a5ee
theo_n,4,68,false,9,13,onchain,500,64,1979758,4554511,459000,532298,669.548900,582687,579.997800,615679,544.470600,69626,23.253200,0x098b50423eb1b80e5a7fb520438bb4f17cbf6c9b9e6ebef7938342aa2df694fe,0x18bcb575879217dd771bf3fd110accc154f81eb964db696503ddc5cc982414f3
theo_n,4,69,false,9,13,onchain,500,65,1979758,4554511,459000,532226,541.833400,582615,641.564100,615607,592.715000,69626,22.346500,0x098b50423eb1b80e5a7fb520438bb4f17cbf6c9b9e6ebef7938342aa2df694fe,0x2e969f3908c8262e7c1ef3c63699dc0ca68c5ea634b5f0732921ce9452c32843
theo_n,4,70,false,9,13,onchain,500,66,1979758,4554511,459000,532238,573.333000,582615,599.718400,615607,558.250800,69614,30.287600,0x098b50423eb1b80e5a7fb520438bb4f17cbf6c9b9e6ebef7938342aa2df694fe,0x0088ab77acbdc069cfc9f633fed7cecb143790696b76586df6ef40df2b60952c
theo_n,4,71,false,9,13,onchain,500,67,1979758,4554511,459000,532346,650.170800,582735,615.070900,615727,590.052600,69626,32.828100,0x098b50423eb1b80e5a7fb520438bb4f17cbf6c9b9e6ebef7938342aa2df694fe,0x19266272248a559ab8943ba2d8258af531fe630f833f9241fd43a9bd449ed3a7
theo_n,4,72,false,9,13,onchain,500,68,1979758,4554511,459000,532334,644.844900,582723,607.217200,615715,691.094900,69626,27.123900,0x098b50423eb1b80e5a7fb520438bb4f17cbf6c9b9e6ebef7938342aa2df694fe,0x215eaf1d8e79c9ef4d076f165a4f634ca98f0f5ed28e045b617a86326162e4a2
theo_n,4,73,false,9,13,onchain,500,69,1979758,4554511,459000,532190,553.853300,582579,604.672900,615571,570.879100,69626,24.619200,0x098b50423eb1b80e5a7fb520438bb4f17cbf6c9b9e6ebef7938342aa2df694fe,0x0a7e4f05953ca3db4ac4061d27149a86e58e25f8abe9700123d4376accf763bf
theo_n,4,74,false,9,13,onchain,500,70,1979758,4554511,459000,532334,563.103900,582723,821.652700,615715,609.818800,69626,35.267700,0x098b50423eb1b80e5a7fb520438bb4f17cbf6c9b9e6ebef7938342aa2df694fe,0x08605ab6f0ea9feaba6887ea78431d2492628dfd59a10292fc7afe5ea2e8eece
theo_n,4,75,false,9,13,onchain,500,71,1979758,4554511,459000,532262,540.848900,582651,564.469200,615643,641.658200,69626,23.536000,0x098b50423eb1b80e5a7fb520438bb4f17cbf6c9b9e6ebef7938342aa2df694fe,0x26d317fe0299e077054be278d1f0d21206ca9c25bef0abf439a346026c390dfa
theo_n,4,76,false,9,13,onchain,500,72,1979758,4554511,459000,532214,548.437600,582603,668.391100,615595,689.327800,69626,24.326300,0x098b50423eb1b80e5a7fb520438bb4f17cbf6c9b9e6ebef7938342aa2df694fe,0x25af9ec4cff748dbaf0976a3ff1188e5b628546f7f4f5b9db9eaa477462f7869
theo_n,4,77,false,9,13,onchain,500,73,1979758,4554511,459000,532250,600.599200,582639,598.872700,615631,592.242300,69626,26.259000,0x098b50423eb1b80e5a7fb520438bb4f17cbf6c9b9e6ebef7938342aa2df694fe,0x01fb960b8f1b5d34b7f4749defb02b514c03bec096b79a9bc37ebfdeec741f2b
theo_n,4,78,false,9,13,onchain,500,74,1979758,4554511,459000,532274,707.820100,582663,624.534900,615655,600.914000,69626,16.481200,0x098b50423eb1b80e5a7fb520438bb4f17cbf6c9b9e6ebef7938342aa2df694fe,0x12e08ec57ab72cecc7a3924708902cc02c89942a36fdb660beb16561ed7ef5ce
theo_n,4,79,false,9,13,onchain,500,75,1979758,4554511,459000,532298,561.905200,582687,606.535600,615679,632.768800,69626,30.220800,0x098b50423eb1b80e5a7fb520438bb4f17cbf6c9b9e6ebef7938342aa2df694fe,0x16a729a31e033516db4de85c7111097269183918aa98a399cfd2eabaf4bc6545
theo_n,4,80,false,9,13,onchain,500,76,1979758,4554511,459000,532334,554.604100,582723,642.555400,615715,575.351400,69626,22.431800,0x098b50423eb1b80e5a7fb520438bb4f17cbf6c9b9e6ebef7938342aa2df694fe,0x0d453d4335fb2a5c16d11d4240b1166d98908cce0ead0250abff97a9868aecc8
theo_n,4,81,false,9,13,onchain,500,77,1979758,4554511,459000,532262,556.048700,582651,637.781900,615643,650.038100,69626,21.621700,0x098b50423eb1b80e5a7fb520438bb4f17cbf6c9b9e6ebef7938342aa2df694fe,0x0d4fb35507c4725529bee562d7875325d2200194fbe8fd2e917d6dd1cc23fdc2
theo_n,4,82,false,9,13,onchain,500,78,1979758,4554511,459000,532262,568.123000,582651,599.517900,615643,619.814200,69626,29.422200,0x098b50423eb1b80e5a7fb520438bb4f17cbf6c9b9e6ebef7938342aa2df694fe,0x18fd75dcd068156962b7472b26d5764df5f027a7dc6aba38d75ff522addddc25
theo_n,4,83,false,9,13,onchain,500,79,1979758,4554511,459000,532250,590.925100,582639,584.290600,615631,631.214600,69626,22.163900,0x098b50423eb1b80e5a7fb520438bb4f17cbf6c9b9e6ebef7938342aa2df694fe,0x2be77b57647a6b10a55e242f74a9ccf7e4785095dad898a23c39c7449a8a7c0c
theo_n,4,84,false,9,13,onchain,500,80,1979758,4554511,459000,532238,576.474800,582615,681.327100,615607,637.714100,69626,27.672500,0x098b50423eb1b80e5a7fb520438bb4f17cbf6c9b9e6ebef7938342aa2df694fe,0x0d9b8e94306ca021ecb938f5026044a99fb2903e768e0b859c6cb7f74c89ada6
theo_n,4,85,false,9,13,onchain,500,81,1979758,4554511,459000,532250,536.534200,582639,598.757100,615631,600.182100,69626,56.209900,0x098b50423eb1b80e5a7fb520438bb4f17cbf6c9b9e6ebef7938342aa2df694fe,0x06c0b3f5ffd3b8544f72e020c2ffde1c8399e0f7b3f5c2c98ef2d41a5b6d2a0a
theo_n,4,86,false,9,13,onchain,500,82,1979758,4554511,459000,532286,582.696300,582675,571.179200,615667,536.622200,69626,19.681600,0x098b50423eb1b80e5a7fb520438bb4f17cbf6c9b9e6ebef7938342aa2df694fe,0x0fcde5acfb3565955df8385342e3d172fc5e4376c643a3cb46cf9cada75b9277
theo_n,4,87,false,9,13,onchain,500,83,1979758,4554511,459000,532310,616.982700,582699,529.660100,615691,593.968300,69626,23.477600,0x098b50423eb1b80e5a7fb520438bb4f17cbf6c9b9e6ebef7938342aa2df694fe,0x15051a287f47c76ed7d2269998aa47f5381185b04d9f51445c39087cd8ed01de
theo_n,4,88,false,9,13,onchain,500,84,1979758,4554511,459000,532238,582.002000,582627,628.794500,615619,638.884800,69626,46.032900,0x098b50423eb1b80e5a7fb520438bb4f17cbf6c9b9e6ebef7938342aa2df694fe,0x0f7765a835070e4481f45e0827e06270383d6f9cdbd4196f283b338b9a4e3238
theo_n,4,89,false,9,13,onchain,500,85,1979758,4554511,459000,532274,613.221500,582663,668.194900,615655,595.971000,69626,32.400800,0x098b50423eb1b80e5a7fb520438bb4f17cbf6c9b9e6ebef7938342aa2df694fe,0x2b62ea88645121b88157ac06e4e3f9c3178df965566ae6496a8d6c6bb96fbded
theo_n,4,90,false,9,13,onchain,500,86,1979758,4554511,459000,532346,604.521000,582735,667.982400,615727,661.915500,69626,54.393500,0x098b50423eb1b80e5a7fb520438bb4f17cbf6c9b9e6ebef7938342aa2df694fe,0x2dd46823e0fa0e639cbb8cc928ec221105d0d9a65c31b716e52a5a52adfcfb95
theo_n,4,91,false,9,13,onchain,500,87,1979758,4554511,459000,532250,579.048200,582639,593.425900,615631,638.025300,69626,23.090600,0x098b50423eb1b80e5a7fb520438bb4f17cbf6c9b9e6ebef7938342aa2df694fe,0x28a7f749444fc4fb853eeff2d8b65c7a41abfea333797977a42f9f84eb0ea79b
theo_n,4,92,false,9,13,onchain,500,88,1979758,4554511,459000,532334,600.201500,582723,596.829600,615715,596.781500,69626,38.109000,0x098b50423eb1b80e5a7fb520438bb4f17cbf6c9b9e6ebef7938342aa2df694fe,0x1990851d8f9a1f34328e760b34b2c549764ca2e1557dde4c5f189c4e168cd5f9
theo_n,4,93,false,9,13,onchain,500,89,1979758,4554511,459000,532310,661.564500,582699,622.123600,615691,587.141700,69626,18.736200,0x098b50423eb1b80e5a7fb520438bb4f17cbf6c9b9e6ebef7938342aa2df694fe,0x2b8d45422864217488a84b2c5d353db89cdf51b5bee10eb545baef4f7381330f
theo_n,4,94,false,9,13,onchain,500,90,1979758,4554511,459000,532322,578.030600,582699,676.910200,615691,605.276600,69614,23.994700,0x098b50423eb1b80e5a7fb520438bb4f17cbf6c9b9e6ebef7938342aa2df694fe,0x00f12dbe894fc42bbde3b356e7868f42f5a9a342cfd632ff464f8fcf9e57333b
theo_n,4,95,false,9,13,onchain,500,91,1979758,4554511,459000,532226,628.110100,582615,559.463700,615607,632.621800,69626,20.729400,0x098b50423eb1b80e5a7fb520438bb4f17cbf6c9b9e6ebef7938342aa2df694fe,0x1ec83bfd5f380ef673a5af89e992e0d01715ca7d7f2967cc8316c40bb09163a9
theo_n,4,96,false,9,13,onchain,500,92,1979758,4554511,459000,532262,518.240200,582651,549.951100,615643,665.707600,69626,25.076000,0x098b50423eb1b80e5a7fb520438bb4f17cbf6c9b9e6ebef7938342aa2df694fe,0x0b07c8f3f557a462c6ef632caabdcf5fc3bf382ff18dfe46aae0dadaedd5a8d2
theo_n,4,97,false,9,13,onchain,500,93,1979758,4554511,459000,532262,558.070800,582651,659.614500,615643,713.192200,69626,27.940000,0x098b50423eb1b80e5a7fb520438bb4f17cbf6c9b9e6ebef7938342aa2df694fe,0x0d315137502a0bf670e5c74c46603131659987d14b09d74da3c36de13a608b07
theo_n,4,98,false,9,13,onchain,500,94,1979758,4554511,459000,532250,597.284100,582639,676.172800,615631,568.969900,69626,31.221600,0x098b50423eb1b80e5a7fb520438bb4f17cbf6c9b9e6ebef7938342aa2df694fe,0x2d7c0a2bf3f877b4301edfbb51e2b35bd3c86cfe1d1a492eb454d060ae7778f1
theo_n,4,99,false,9,13,onchain,500,95,1979758,4554511,459000,532274,542.795200,582663,599.372300,615655,658.172900,69626,21.992100,0x098b50423eb1b80e5a7fb520438bb4f17cbf6c9b9e6ebef7938342aa2df694fe,0x08d69a87c1f599104a063e0894e7eb48d057bdabc16119b7d07547d35fa7c8a5
theo_n,4,100,false,9,13,onchain,500,96,1979758,4554511,459000,532250,606.452800,582639,648.599500,615631,647.808300,69626,32.943200,0x098b50423eb1b80e5a7fb520438bb4f17cbf6c9b9e6ebef7938342aa2df694fe,0x1c7df0827e1080ee71d950a409a18e1518a5e3bce2da8c0ce1b24094d4994b6b
theo_n,4,101,false,9,13,onchain,500,97,1979758,4554511,459000,532346,574.901000,582735,600.699700,615727,744.107600,69626,33.655700,0x098b50423eb1b80e5a7fb520438bb4f17cbf6c9b9e6ebef7938342aa2df694fe,0x2d58a42d5d1cc2791453aaa1b78a1d4086dc79c5bae4a72518c26d1eeeaf480a
theo_n,4,102,false,9,13,onchain,500,98,1979758,4554511,459000,532334,607.965200,582723,537.218300,615715,656.338700,69626,30.898300,0x098b50423eb1b80e5a7fb520438bb4f17cbf6c9b9e6ebef7938342aa2df694fe,0x082328b47921926c3d45725c3c54adb91798ae45bbee77c57c13c78a0e127537
theo_n,4,103,false,9,13,onchain,500,99,1979758,4554511,459000,532178,567.544000,582567,668.524600,615559,609.656400,69626,35.691300,0x098b50423eb1b80e5a7fb520438bb4f17cbf6c9b9e6ebef7938342aa2df694fe,0x0346d298ca5e9ba5bc6d3e3e2e13cc63e6e4d14e53981e988e66eb8d5b87aed3
theo_n,4,104,false,9,13,onchain,500,100,1979758,4554511,459000,532262,581.664600,582651,669.246100,615643,658.748200,69626,25.264800,0x098b50423eb1b80e5a7fb520438bb4f17cbf6c9b9e6ebef7938342aa2df694fe,0x280a714b2978fcf5aba174c93ac09d948715115992029fdb917fd8374ab986bd
theo_n,4,105,false,9,13,onchain,500,101,1979758,4554511,459000,532298,542.973600,582675,620.495600,615667,576.830600,69626,25.246500,0x098b50423eb1b80e5a7fb520438bb4f17cbf6c9b9e6ebef7938342aa2df694fe,0x085cb394d60f01c45b060e3655b9680d97304f6337b86fda09f0335513c0eaf0
theo_n,4,106,false,9,13,onchain,500,102,1979758,4554511,459000,532298,599.507800,582675,694.055900,615667,592.051900,69614,30.521500,0x098b50423eb1b80e5a7fb520438bb4f17cbf6c9b9e6ebef7938342aa2df694fe,0x1527c5d2d9c656f6144be711876760da3a61cf05ed9e544600be5f4b9cfe074d
theo_n,4,107,false,9,13,onchain,500,103,1979758,4554511,459000,532346,597.902400,582735,608.521600,615727,580.942300,69626,28.072000,0x098b50423eb1b80e5a7fb520438bb4f17cbf6c9b9e6ebef7938342aa2df694fe,0x1eaec94c680ac2a6a85aa250ddf4cb5bd7a659b00b78f4b6b7c75044fad7d3bd
theo_n,4,108,false,9,13,onchain,500,104,1979758,4554511,459000,532190,570.586900,582579,691.153600,615571,689.392700,69626,43.175800,0x098b50423eb1b80e5a7fb520438bb4f17cbf6c9b9e6ebef7938342aa2df694fe,0x15d2afc485db584720f32f6198068e75f1168528ba496590a1980e0f1b270985
theo_n,4,109,false,9,13,onchain,500,105,1979758,4554511,459000,532298,633.386700,582687,574.606500,615679,588.854500,69626,21.439900,0x098b50423eb1b80e5a7fb520438bb4f17cbf6c9b9e6ebef7938342aa2df694fe,0x1a5da863997d24b5471d5d5e81070d3959dae8e5b754f8c0c15c3465fc18ca97
theo_n,4,110,false,9,13,onchain,500,106,1979758,4554511,459000,532322,548.734400,582699,659.295600,615691,574.032000,69614,18.745900,0x098b50423eb1b80e5a7fb520438bb4f17cbf6c9b9e6ebef7938342aa2df694fe,0x273edd203800914995c38c0f86697eebec9b5fe5bbf24f7e1a8008a29448420f
theo_n,4,111,false,9,13,onchain,500,107,1979758,4554511,459000,532310,579.312200,582687,602.324500,615679,582.348900,69626,22.630900,0x098b50423eb1b80e5a7fb520438bb4f17cbf6c9b9e6ebef7938342aa2df694fe,0x2d0b9fe4e87166878564917f8414cfbd31d9faba6cd878a9cbf85c615976b56f
theo_n,4,112,false,9,13,onchain,500,108,1979758,4554511,459000,532334,526.999100,582723,641.995300,615715,601.928900,69626,21.290700,0x098b50423eb1b80e5a7fb520438bb4f17cbf6c9b9e6ebef7938342aa2df694fe,0x132230c786a10fd367e92c57fe0adc7480c4617b2bfbe878a0401dfb1b72cb4f
theo_n,4,113,false,9,13,onchain,500,109,1979758,4554511,459000,532370,699.441000,582759,672.449600,615751,569.379200,69626,31.214000,0x098b50423eb1b80e5a7fb520438bb4f17cbf6c9b9e6ebef7938342aa2df694fe,0x16cd25f623714f4f1b7065482e340f09ca465af9ebcce54ad72bdc27f48342df
theo_n,4,114,false,9,13,onchain,500,110,1979758,4554511,459000,532334,564.809900,582723,549.507900,615715,653.050200,69626,31.187300,0x098b50423eb1b80e5a7fb520438bb4f17cbf6c9b9e6ebef7938342aa2df694fe,0x1bd2861c2b226ae17de48461808c1065c0f1c05fbd72069529891146436c9b34
theo_n,4,115,false,9,13,onchain,500,111,1979758,4554511,459000,532274,619.288500,582651,692.697400,615643,596.316400,69614,24.908000,0x098b50423eb1b80e5a7fb520438bb4f17cbf6c9b9e6ebef7938342aa2df694fe,0x0fae658cab7c5225312015aba3241828f57834001837fa9b2ba7a8dea2a5c6cf
theo_n,4,116,false,9,13,onchain,500,112,1979758,4554511,459000,532214,616.484100,582603,650.377100,615595,608.078000,69626,43.538500,0x098b50423eb1b80e5a7fb520438bb4f17cbf6c9b9e6ebef7938342aa2df694fe,0x1c5bd298c59b7b24b1802fdfa7c5e831f068f3b3f82ee84667b05d2945f3246e
theo_n,4,117,false,9,13,onchain,500,113,1979758,4554511,459000,532250,606.259700,582639,657.242400,615631,644.499500,69626,34.524200,0x098b50423eb1b80e5a7fb520438bb4f17cbf6c9b9e6ebef7938342aa2df694fe,0x2c99a20b86bdb461dd0a77ef1c3714daeaca35a1b808a8abba086b86b93557ce
theo_n,4,118,false,9,13,onchain,500,114,1979758,4554511,459000,532298,593.985800,582687,640.668900,615679,578.221300,69626,17.695100,0x098b50423eb1b80e5a7fb520438bb4f17cbf6c9b9e6ebef7938342aa2df694fe,0x25fd20ab6e32c5e8688735c9a2a6f33777a1d050634219f0b002c81ced1c7b5e
theo_n,4,119,false,9,13,onchain,500,115,1979758,4554511,459000,532358,569.516800,582735,596.335800,615727,595.532800,69626,62.255500,0x098b50423eb1b80e5a7fb520438bb4f17cbf6c9b9e6ebef7938342aa2df694fe,0x291280af54056c2cd9ad444ad2cdf0658fbdf5cdf12638e6ee2b4eb312a06144
theo_n,4,120,false,9,13,onchain,500,116,1979758,4554511,459000,532238,543.531700,582627,577.912200,615619,612.148200,69626,33.867200,0x098b50423eb1b80e5a7fb520438bb4f17cbf6c9b9e6ebef7938342aa2df694fe,0x062716b8ca7b91cefd14777688e1184a74ef6e5c5b6b65936db29c147c43227e
theo_n,4,121,false,9,13,onchain,500,117,1979758,4554511,459000,532418,533.959000,582807,664.897400,615799,616.777200,69626,32.383900,0x098b50423eb1b80e5a7fb520438bb4f17cbf6c9b9e6ebef7938342aa2df694fe,0x048e61258fe1e21ef0d5714d38c150dc8cabb2ab182c87524b52f5ec88e1f81f
theo_n,4,122,false,9,13,onchain,500,118,1979758,4554511,459000,532154,637.400400,582543,652.012300,615535,690.972100,69626,45.436900,0x098b50423eb1b80e5a7fb520438bb4f17cbf6c9b9e6ebef7938342aa2df694fe,0x0337077e10fc7847a1ac99ececa16ab363e8cf5ce0b82290be76dd1dc10769e8
theo_n,4,123,false,9,13,onchain,500,119,1979758,4554511,459000,532382,578.110200,582771,620.223600,615763,570.039200,69626,21.920700,0x098b50423eb1b80e5a7fb520438bb4f17cbf6c9b9e6ebef7938342aa2df694fe,0x122ac2ab494aa392fcee5dd7347129100fc0de2505d46d438da3cd8a2d32e6ea
theo_n,4,124,false,9,13,onchain,500,120,1979758,4554511,459000,532286,574.377700,582675,648.050800,615667,587.990100,69626,30.596500,0x098b50423eb1b80e5a7fb520438bb4f17cbf6c9b9e6ebef7938342aa2df694fe,0x1bb18f78f446215b3d6ac87d13f405094b21b926809bad622f625a5c4aba0aa5
theo_n,4,125,false,9,13,onchain,500,121,1979758,4554511,459000,532262,510.763200,582651,559.683200,615643,559.634600,69626,22.526400,0x098b50423eb1b80e5a7fb520438bb4f17cbf6c9b9e6ebef7938342aa2df694fe,0x11586f2d39477f1bc5e9b1d06a9fdff35e236bf3cdc4aab74f621481516d7815
theo_n,4,126,false,9,13,onchain,500,122,1979758,4554511,459000,532334,597.958400,582723,569.242500,615715,621.715700,69626,28.353700,0x098b50423eb1b80e5a7fb520438bb4f17cbf6c9b9e6ebef7938342aa2df694fe,0x1ddb223e1339f8bf0cbed084e0b0a69adf4fe7ca2c5dc312fce34c5ed9fdf094
theo_n,4,127,false,9,13,onchain,500,123,1979758,4554511,459000,532274,566.220000,582663,659.318300,615655,562.977000,69626,23.616900,0x098b50423eb1b80e5a7fb520438bb4f17cbf6c9b9e6ebef7938342aa2df694fe,0x1840a4c242fef47e8f74cd8aa8295e9b11f3bc37ee4ad16c38a5c208344b37dc
theo_n,4,128,false,9,13,onchain,500,124,1979758,4554511,459000,532274,570.067100,582663,549.915400,615655,623.183500,69626,70.212700,0x098b50423eb1b80e5a7fb520438bb4f17cbf6c9b9e6ebef7938342aa2df694fe,0x1c13441afbd44509328c5d26d85d3acf169464c8375735cbb5efd13c343ad09f
theo_n,4,129,false,9,13,onchain,500,125,1979758,4554511,459000,532310,544.794800,582699,638.911900,615691,639.139000,69626,33.898300,0x098b50423eb1b80e5a7fb520438bb4f17cbf6c9b9e6ebef7938342aa2df694fe,0x1326819b8b7b82169305219445339534c813219958aff00f2de38420d73886c2
theo_n,4,130,false,9,13,onchain,500,126,1979758,4554511,459000,532298,544.062800,582687,568.570700,615679,693.585200,69626,30.386200,0x098b50423eb1b80e5a7fb520438bb4f17cbf6c9b9e6ebef7938342aa2df694fe,0x2ca4fcbbe3622752f4aa4e3ca994d30d0c1456ecbc1cad9193430d998bc7ef6e
theo_n,4,131,false,9,13,onchain,500,127,1979758,4554511,459000,532190,675.924800,582579,637.919200,615571,596.947900,69626,32.140100,0x098b50423eb1b80e5a7fb520438bb4f17cbf6c9b9e6ebef7938342aa2df694fe,0x1b76b599cec9d9ae0690413de23fc0c9eb5a159ef05aea11a95ee8cda8592759
theo_n,4,132,false,9,13,onchain,500,128,1979758,4554511,459000,532250,542.304900,582639,671.569900,615631,656.115400,69626,32.488000,0x098b50423eb1b80e5a7fb520438bb4f17cbf6c9b9e6ebef7938342aa2df694fe,0x19fdf3e31ef4713cb2b80a9d45bb04e96c7ee09d39424729962e332821c9888a
theo_n,4,133,false,9,13,onchain,500,129,1979758,4554511,459000,532298,617.622800,582675,565.291600,615667,593.142800,69626,29.978700,0x098b50423eb1b80e5a7fb520438bb4f17cbf6c9b9e6ebef7938342aa2df694fe,0x1f4b342dcdff21fbd66fa67e11c5544bfd8929b923b2dabc1f7ac6cb5151b9b9
theo_n,4,134,false,9,13,onchain,500,130,1979758,4554511,459000,532298,587.078100,582687,595.166900,615679,643.135600,69626,42.227200,0x098b50423eb1b80e5a7fb520438bb4f17cbf6c9b9e6ebef7938342aa2df694fe,0x154b1d74c2618354b26b34c984e94e4f7d706573361930e780b8278071f43a98
theo_n,4,135,false,9,13,onchain,500,131,1979758,4554511,459000,532346,649.186000,582735,655.122100,615727,632.178900,69626,28.218800,0x098b50423eb1b80e5a7fb520438bb4f17cbf6c9b9e6ebef7938342aa2df694fe,0x1cd387bebe939deb9139dccf335cf5da302583a9ba488b7eea65b16b9f797a0d
theo_n,4,136,false,9,13,onchain,500,132,1979758,4554511,459000,532334,729.104800,582711,616.670900,615703,605.661900,69626,36.518300,0x098b50423eb1b80e5a7fb520438bb4f17cbf6c9b9e6ebef7938342aa2df694fe,0x06d6a19737ba3c27075e413dd7860d45cc20cb35ed6c608ac22acc2e5c9c54bb
theo_n,4,137,false,9,13,onchain,500,133,1979758,4554511,459000,532346,631.959200,582723,751.809000,615715,536.943000,69614,29.845600,0x098b50423eb1b80e5a7fb520438bb4f17cbf6c9b9e6ebef7938342aa2df694fe,0x29477a7a12360051ea5c87e3ca17fa0d3d2370b734d34a8bfeccbec806464239
theo_n,4,138,false,9,13,onchain,500,134,1979758,4554511,459000,532250,619.697800,582639,586.399000,615631,630.101500,69626,22.907900,0x098b50423eb1b80e5a7fb520438bb4f17cbf6c9b9e6ebef7938342aa2df694fe,0x261908540691dd3c2c92abe77a9016a9a562140b65ef5e147e1a60d0cdfc90e0
theo_n,4,139,false,9,13,onchain,500,135,1979758,4554511,459000,532322,551.793900,582711,659.784300,615703,574.835400,69626,23.679500,0x098b50423eb1b80e5a7fb520438bb4f17cbf6c9b9e6ebef7938342aa2df694fe,0x2674c02a1b2848b07db064c5a4e58662470a9da5dc7276de3c371db1c33bc5bc
theo_n,4,140,false,9,13,onchain,500,136,1979758,4554511,459000,532298,586.617800,582687,618.950600,615679,598.953300,69626,34.781000,0x098b50423eb1b80e5a7fb520438bb4f17cbf6c9b9e6ebef7938342aa2df694fe,0x19c06805eb153a95eef5e1daec5f4936cfd6b1fd84715978ae293859cf99f2f7
theo_n,4,141,false,9,13,onchain,500,137,1979758,4554511,459000,532250,553.100500,582639,710.670500,615631,728.139200,69626,35.629700,0x098b50423eb1b80e5a7fb520438bb4f17cbf6c9b9e6ebef7938342aa2df694fe,0x2b9386b34b67cca51b5f376f0d9d5825990e05d8a0663acc09cd7ef2478b99ef
theo_n,4,142,false,9,13,onchain,500,138,1979758,4554511,459000,532178,578.443200,582567,562.331000,615559,605.898100,69626,21.089500,0x098b50423eb1b80e5a7fb520438bb4f17cbf6c9b9e6ebef7938342aa2df694fe,0x1d973ebf381de252d781eee0181e4bf96f60364a6355f27faf9d88a26c6d5f74
theo_n,4,143,false,9,13,onchain,500,139,1979758,4554511,459000,532346,591.738600,582735,692.335100,615727,567.127700,69626,29.606200,0x098b50423eb1b80e5a7fb520438bb4f17cbf6c9b9e6ebef7938342aa2df694fe,0x1dbc758c2bdd3ffd4ae4900c512cfdd59aa39693c5da8541569bb1b11a7a4ff7
theo_n,4,144,false,9,13,onchain,500,140,1979758,4554511,459000,532250,569.474500,582639,620.594500,615631,584.218200,69626,19.936100,0x098b50423eb1b80e5a7fb520438bb4f17cbf6c9b9e6ebef7938342aa2df694fe,0x24fefd181e7c2a8b9c3c99e3f098e38499d6eb3748a5bec2ec08c191c32a20c9
theo_n,4,145,false,9,13,onchain,500,141,1979758,4554511,459000,532310,531.287000,582699,583.145100,615691,610.132900,69626,26.109000,0x098b50423eb1b80e5a7fb520438bb4f17cbf6c9b9e6ebef7938342aa2df694fe,0x23968c116ab2270a3af0c481a377d282fa2af22d0df2584795947071ab2e8546
theo_n,4,146,false,9,13,onchain,500,142,1979758,4554511,459000,532202,578.640400,582591,724.855600,615583,618.913400,69626,42.698200,0x098b50423eb1b80e5a7fb520438bb4f17cbf6c9b9e6ebef7938342aa2df694fe,0x1647c354c1f20bac7643c9c62e601536572c45dcedaee32d3ee30e288b2a1fee
theo_n,4,147,false,9,13,onchain,500,143,1979758,4554511,459000,532322,575.395800,582711,555.828900,615703,609.422000,69626,23.952500,0x098b50423eb1b80e5a7fb520438bb4f17cbf6c9b9e6ebef7938342aa2df694fe,0x2ea5df06e8526bce926495cfb5bcaeeded936c0d347b1f44869b740c89de802c
theo_n,4,148,false,9,13,onchain,500,144,1979758,4554511,459000,532358,527.285300,582747,720.556000,615739,592.414400,69626,32.416700,0x098b50423eb1b80e5a7fb520438bb4f17cbf6c9b9e6ebef7938342aa2df694fe,0x0583f5e4a43ff231fab22b74c1e8dc9ca7e11f908ebfec3cae568fa348641be4
theo_n,4,149,false,9,13,onchain,500,145,1979758,4554511,459000,532238,556.770100,582627,568.332800,615619,629.865300,69626,23.869500,0x098b50423eb1b80e5a7fb520438bb4f17cbf6c9b9e6ebef7938342aa2df694fe,0x14e11f8cfedbf4f8cf3085e378b3035aa5a493ea65a91f2de51f071ab1c11333
theo_n,4,150,false,9,13,onchain,500,146,1979758,4554511,459000,532298,560.142800,582663,607.385500,615655,650.447100,69614,24.868600,0x098b50423eb1b80e5a7fb520438bb4f17cbf6c9b9e6ebef7938342aa2df694fe,0x245b631ba32f9e19fd8f3d1bf8329300750d5c30e6151c849be8b7168923763d
theo_n,4,151,false,9,13,onchain,500,147,1979758,4554511,459000,532274,579.941400,582663,645.768100,615655,712.918800,69626,25.172100,0x098b50423eb1b80e5a7fb520438bb4f17cbf6c9b9e6ebef7938342aa2df694fe,0x0a4cf55b4df6d265e96388cc0abf738334a51602cc8ee10b4e6798b91c62ccf6
theo_n,4,152,false,9,13,onchain,500,148,1979758,4554511,459000,532394,537.401400,582783,614.264700,615775,640.602700,69626,22.999200,0x098b50423eb1b80e5a7fb520438bb4f17cbf6c9b9e6ebef7938342aa2df694fe,0x2980306594ba7a72b85f517f2b2217da35af687f784e3e046e7dc5d50302957d
theo_n,4,153,false,9,13,onchain,500,149,1979758,4554511,459000,532358,555.973900,582747,653.076100,615739,605.314600,69626,22.904500,0x098b50423eb1b80e5a7fb520438bb4f17cbf6c9b9e6ebef7938342aa2df694fe,0x0bae57eb5e9667ff3213947821ebf0971fbc22df8df57a3113b581d199257ff1
theo_n,4,154,false,9,13,onchain,500,150,1979758,4554511,459000,532274,609.448300,582651,600.108600,615643,556.381600,69614,23.240500,0x098b50423eb1b80e5a7fb520438bb4f17cbf6c9b9e6ebef7938342aa2df694fe,0x09df330028e60ab8f64f208ed8725b2bd088b3666a34eddd5b59cc30efa91446
theo_n,4,155,false,9,13,onchain,500,151,1979758,4554511,459000,532358,564.276400,582747,644.126600,615739,531.346600,69626,22.607600,0x098b50423eb1b80e5a7fb520438bb4f17cbf6c9b9e6ebef7938342aa2df694fe,0x0e827a40e73cd93978223bdaea2de4a3662c85d4ada215d330dd658fcde25a44
theo_n,4,156,false,9,13,onchain,500,152,1979758,4554511,459000,532262,580.178200,582639,656.803200,615631,601.025800,69614,41.168700,0x098b50423eb1b80e5a7fb520438bb4f17cbf6c9b9e6ebef7938342aa2df694fe,0x2df1bef61f31af46f7936d4d9d4c5ac1d276b7b8eaecfe888700ac1298f92267
theo_n,4,157,false,9,13,onchain,500,153,1979758,4554511,459000,532370,583.539500,582759,602.797800,615751,631.790500,69626,21.836600,0x098b50423eb1b80e5a7fb520438bb4f17cbf6c9b9e6ebef7938342aa2df694fe,0x12915572ab99b6ddc8fea60928bc7ce39caeba0d31257fc844a096476109b36f
theo_n,4,158,false,9,13,onchain,500,154,1979758,4554511,459000,532334,578.095600,582723,684.258200,615715,671.377400,69626,70.423200,0x098b50423eb1b80e5a7fb520438bb4f17cbf6c9b9e6ebef7938342aa2df694fe,0x1a9da40b6a281115b0c04c78ccf79a0177bfd4bd849e7a87b72227206ca49630
theo_n,4,159,false,9,13,onchain,500,155,1979758,4554511,459000,532274,614.203500,582651,622.680100,615643,689.779000,69614,27.280500,0x098b50423eb1b80e5a7fb520438bb4f17cbf6c9b9e6ebef7938342aa2df694fe,0x05a92e4d70718e361377004987d81958215294de37ec7adfa4ae249de133a464
theo_n,4,160,false,9,13,onchain,500,156,1979758,4554511,459000,532334,615.850200,582723,714.318400,615715,656.570200,69626,32.907200,0x098b50423eb1b80e5a7fb520438bb4f17cbf6c9b9e6ebef7938342aa2df694fe,0x011d10d516eb6795ffe1ac987326ec7b8a1bc7c6216fb37623144bce1ea511d9
theo_n,4,161,false,9,13,onchain,500,157,1979758,4554511,459000,532226,633.862400,582615,655.382700,615607,562.231200,69626,32.965800,0x098b50423eb1b80e5a7fb520438bb4f17cbf6c9b9e6ebef7938342aa2df694fe,0x07c2427f7b75d030b8add3786708a7f1ff3619698d999713baa4e3e9179ea69c
theo_n,4,162,false,9,13,onchain,500,158,1979758,4554511,459000,532382,642.235700,582759,637.033900,615751,611.008600,69614,29.440400,0x098b50423eb1b80e5a7fb520438bb4f17cbf6c9b9e6ebef7938342aa2df694fe,0x15b494b2d69d888296e4a53c9138e66b123c8700312e6b706ac66675afaf6f1e
theo_n,4,163,false,9,13,onchain,500,159,1979758,4554511,459000,532238,543.676600,582627,580.782600,615619,600.509100,69626,27.579200,0x098b50423eb1b80e5a7fb520438bb4f17cbf6c9b9e6ebef7938342aa2df694fe,0x09d28e4bc034581881ef74dcd3ef170396e570e5cdac22e022a7b681b15fa3f8
theo_n,4,164,false,9,13,onchain,500,160,1979758,4554511,459000,532298,569.687600,582675,665.044100,615667,640.867500,69626,37.757900,0x098b50423eb1b80e5a7fb520438bb4f17cbf6c9b9e6ebef7938342aa2df694fe,0x06320cda582ab69eba60cc5f2d8f98720c81076f5feb562563b2678474f0e833
theo_n,4,165,false,9,13,onchain,500,161,1979758,4554511,459000,532262,649.622300,582651,623.618800,615643,647.494400,69626,28.916500,0x098b50423eb1b80e5a7fb520438bb4f17cbf6c9b9e6ebef7938342aa2df694fe,0x1ed92eb6f52266c41b5eff71eff811783249cd3cb8dab2b6d993871737888e24
theo_n,4,166,false,9,13,onchain,500,162,1979758,4554511,459000,532214,616.841200,582603,607.225900,615595,627.928300,69626,25.163000,0x098b50423eb1b80e5a7fb520438bb4f17cbf6c9b9e6ebef7938342aa2df694fe,0x2f228f71e58a7b39a67b3c4e6272d392223b6299129403e73cd5d22ee0dd12ac
theo_n,4,167,false,9,13,onchain,500,163,1979758,4554511,459000,532322,585.750400,582711,731.579800,615703,736.041000,69626,24.645200,0x098b50423eb1b80e5a7fb520438bb4f17cbf6c9b9e6ebef7938342aa2df694fe,0x08b9ea24dacf4bb71cd1a71d186ad4a3aa0b1224036b3d5975053220811cfde2
theo_n,4,168,false,9,13,onchain,500,164,1979758,4554511,459000,532274,625.820400,582663,592.046300,615655,571.914000,69626,20.660800,0x098b50423eb1b80e5a7fb520438bb4f17cbf6c9b9e6ebef7938342aa2df694fe,0x1e916b5d46e155942cbf9bd03d57a68d6870f77dfa7a2603838d5697fc064995
theo_n,4,169,false,9,13,onchain,500,165,1979758,4554511,459000,532310,600.033700,582699,677.527100,615691,674.202900,69626,25.683000,0x098b50423eb1b80e5a7fb520438bb4f17cbf6c9b9e6ebef7938342aa2df694fe,0x2083a99ee8336b2216a949706234f1238389c5d988e1a708f1d82d2dd19a36f8
theo_n,4,170,false,9,13,onchain,500,166,1979758,4554511,459000,532322,632.225400,582699,631.396700,615691,632.742200,69614,24.318000,0x098b50423eb1b80e5a7fb520438bb4f17cbf6c9b9e6ebef7938342aa2df694fe,0x0fc49d02f286296ca6aea328cf7989ead6df46008a90ac7708b353d4d1fa50a1
theo_n,4,171,false,9,13,onchain,500,167,1979758,4554511,459000,532346,523.722000,582723,658.760100,615715,616.515200,69614,22.524600,0x098b50423eb1b80e5a7fb520438bb4f17cbf6c9b9e6ebef7938342aa2df694fe,0x01c951890bef8b00ee81b33d53ff33cabfdb08c77cd3d71cf09ae6aa9c8e6223
theo_n,4,172,false,9,13,onchain,500,168,1979758,4554511,459000,532346,630.829000,582735,705.541900,615727,568.728700,69626,40.183500,0x098b50423eb1b80e5a7fb520438bb4f17cbf6c9b9e6ebef7938342aa2df694fe,0x2e21bd7006b2fe0c1b3e8d85680b3db6b9023ae9655b981deba01610d09107ff
theo_n,4,173,false,9,13,onchain,500,169,1979758,4554511,459000,532298,668.391100,582687,626.384500,615679,590.465000,69626,18.754000,0x098b50423eb1b80e5a7fb520438bb4f17cbf6c9b9e6ebef7938342aa2df694fe,0x2dea3ace923241fb9b6cbe0f7cc54de90e793785f271579dc5ba7ed217ecf5de
theo_n,4,174,false,9,13,onchain,500,170,1979758,4554511,459000,532310,591.348800,582699,680.137500,615691,607.210200,69626,20.290800,0x098b50423eb1b80e5a7fb520438bb4f17cbf6c9b9e6ebef7938342aa2df694fe,0x10f12245982fffe007b0ecef635197a5267eb81d727d447237c3f308eeea06c5
theo_n,4,175,false,9,13,onchain,500,171,1979758,4554511,459000,532274,586.348800,582651,572.739200,615643,649.859500,69614,24.968500,0x098b50423eb1b80e5a7fb520438bb4f17cbf6c9b9e6ebef7938342aa2df694fe,0x1fde592bf80e60c3006f6357af1860d7a9c3b5f570bc0e39666b2fa0b0fa623b
theo_n,4,176,false,9,13,onchain,500,172,1979758,4554511,459000,532154,570.451300,582531,675.828800,615523,685.141000,69614,26.522200,0x098b50423eb1b80e5a7fb520438bb4f17cbf6c9b9e6ebef7938342aa2df694fe,0x03f52ca2eb1444ab17b86e0070b7cb17a6e6d8eb47ba455096f24be0ef44e64d
theo_n,4,177,false,9,13,onchain,500,173,1979758,4554511,459000,532298,591.920200,582687,575.151000,615679,592.974700,69626,29.079200,0x098b50423eb1b80e5a7fb520438bb4f17cbf6c9b9e6ebef7938342aa2df694fe,0x298aa57712a04fb53de588b8f1a0b1d1e4227d335b31773343b126bd46d6c8ce
theo_n,4,178,false,9,13,onchain,500,174,1979758,4554511,459000,532250,558.306600,582639,622.585900,615631,601.556000,69626,21.630400,0x098b50423eb1b80e5a7fb520438bb4f17cbf6c9b9e6ebef7938342aa2df694fe,0x107b857578d9cb6989ccf0f30edb97b06bc3833c39c4f2d3e3d372f481dd8023
theo_n,4,179,false,9,13,onchain,500,175,1979758,4554511,459000,532238,608.749300,582627,580.052500,615619,579.350700,69626,44.718400,0x098b50423eb1b80e5a7fb520438bb4f17cbf6c9b9e6ebef7938342aa2df694fe,0x1f04cfcb8e116dbe0f227912a09380f4e32e9e3e5f2256e919bb36f7079c5103
theo_n,4,180,false,9,13,onchain,500,176,1979758,4554511,459000,532178,552.051400,582567,621.768700,615559,602.142000,69626,30.407500,0x098b50423eb1b80e5a7fb520438bb4f17cbf6c9b9e6ebef7938342aa2df694fe,0x1e68c8b38e22bac0843fbbaa1beb99ff308287da69e2748e848701f40806de03
theo_n,4,181,false,9,13,onchain,500,177,1979758,4554511,459000,532358,633.329100,582735,707.395800,615727,624.843700,69614,35.432500,0x098b50423eb1b80e5a7fb520438bb4f17cbf6c9b9e6ebef7938342aa2df694fe,0x00273abbd77c1c843a34dd7136eb304c447c3664dec4b8a1220dfd8f7d419215
theo_n,4,182,false,9,13,onchain,500,178,1979758,4554511,459000,532274,595.223400,582663,642.760000,615655,672.618200,69626,34.189900,0x098b50423eb1b80e5a7fb520438bb4f17cbf6c9b9e6ebef7938342aa2df694fe,0x0b28f864933c885e09f83295b931650d055fc4fc29f027c7f9154c739463a145
theo_n,4,183,false,9,13,onchain,500,179,1979758,4554511,459000,532286,588.803100,582663,611.394400,615655,683.496500,69626,27.639000,0x098b50423eb1b80e5a7fb520438bb4f17cbf6c9b9e6ebef7938342aa2df694fe,0x1942c46688b94e9feac9b79485e5275cd47749110c86881a6f89b4fd673313b8
theo_n,4,184,false,9,13,onchain,500,180,1979758,4554511,459000,532310,537.850700,582699,653.342000,615691,576.611400,69626,23.824700,0x098b50423eb1b80e5a7fb520438bb4f17cbf6c9b9e6ebef7938342aa2df694fe,0x05e66e3156ee58cd9a319fc1bf021b066bb4a12dfcb4065c8fd52badd2816357
theo_n,4,185,false,9,13,onchain,500,181,1979758,4554511,459000,532262,559.962400,582651,588.055400,615643,708.664200,69626,25.136000,0x098b50423eb1b80e5a7fb520438bb4f17cbf6c9b9e6ebef7938342aa2df694fe,0x2a3c82367379ca3bc510fa7cc6292b87adeae422acaf533b481b7ab5a9b74ff8
theo_n,4,186,false,9,13,onchain,500,182,1979758,4554511,459000,532274,553.963900,582663,656.723300,615655,654.381900,69626,37.338000,0x098b50423eb1b80e5a7fb520438bb4f17cbf6c9b9e6ebef7938342aa2df694fe,0x1249bf76e23d7887ed8174d4d5ab76b45d4e883f887862e0fbb6cb1ff0ae511b
theo_n,4,187,false,9,13,onchain,500,183,1979758,4554511,459000,532310,580.485800,582699,613.551500,615691,571.857500,69626,29.396200,0x098b50423eb1b80e5a7fb520438bb4f17cbf6c9b9e6ebef7938342aa2df694fe,0x299618a39d19d4bebd969488c616703e255699e67a2120cf6f08ea875ec432c3
theo_n,4,188,false,9,13,onchain,500,184,1979758,4554511,459000,532310,592.282400,582699,593.992500,615691,727.858100,69626,27.951100,0x098b50423eb1b80e5a7fb520438bb4f17cbf6c9b9e6ebef7938342aa2df694fe,0x1c9a777a7d9c58721c7da841f525a15984b7e891da907c30cff77c20fec58449
theo_n,4,189,false,9,13,onchain,500,185,1979758,4554511,459000,532238,572.369600,582627,573.464000,615619,635.522000,69626,21.555400,0x098b50423eb1b80e5a7fb520438bb4f17cbf6c9b9e6ebef7938342aa2df694fe,0x2608a22fc17f577d6b0c737a1dae9bf3bfcada6e599a32673cc3b22aa3b6190c
theo_n,4,190,false,9,13,onchain,500,186,1979758,4554511,459000,532262,588.743800,582651,589.453800,615643,623.331400,69626,24.052700,0x098b50423eb1b80e5a7fb520438bb4f17cbf6c9b9e6ebef7938342aa2df694fe,0x21c60d25a15e9ae91c63bf274725cbd91cce20150f6968f909ed4545bf10f860
theo_n,4,191,false,9,13,onchain,500,187,1979758,4554511,459000,532322,556.503000,582711,596.136400,615703,601.648700,69626,32.876500,0x098b50423eb1b80e5a7fb520438bb4f17cbf6c9b9e6ebef7938342aa2df694fe,0x2a2d7701e0b8c21420d7b7229e667662e2cbb348c0011ae3c54b0a6ef4ddaed2
theo_n,4,192,false,9,13,onchain,500,188,1979758,4554511,459000,532250,539.049200,582639,586.333600,615631,696.553800,69626,32.435800,0x098b50423eb1b80e5a7fb520438bb4f17cbf6c9b9e6ebef7938342aa2df694fe,0x2147d5a5854e8222301664ebdea905cf2129477a5b1fa920e3b69c0ffde3fe7c
theo_n,4,193,false,9,13,onchain,500,189,1979758,4554511,459000,532322,559.792600,582711,581.045900,615703,613.644000,69626,23.995700,0x098b50423eb1b80e5a7fb520438bb4f17cbf6c9b9e6ebef7938342aa2df694fe,0x09e30c2882ee8f7a4d382ee18bfb26fd8cc97e5b71b4abf04cb6ef5c20141ee8
theo_n,4,194,false,9,13,onchain,500,190,1979758,4554511,459000,532262,541.759000,582651,695.006200,615643,583.720500,69626,21.411100,0x098b50423eb1b80e5a7fb520438bb4f17cbf6c9b9e6ebef7938342aa2df694fe,0x29659717e824040f23b91d2d273626a16f2383026d93d647e324bab659038b3b
theo_n,4,195,false,9,13,onchain,500,191,1979758,4554511,459000,532250,574.294500,582639,614.884900,615631,661.112000,69626,31.059900,0x098b50423eb1b80e5a7fb520438bb4f17cbf6c9b9e6ebef7938342aa2df694fe,0x08905947031ddfd20fdb11313343efd9b643df52a76a9d8822b84478d51ef533
theo_n,4,196,false,9,13,onchain,500,192,1979758,4554511,459000,532358,514.327800,582747,551.632500,615739,646.592000,69626,25.876500,0x098b50423eb1b80e5a7fb520438bb4f17cbf6c9b9e6ebef7938342aa2df694fe,0x2623d2f0bb27f75ed651479f235215416974c7ed687818ca2eca4ed54cb0890e
theo_n,4,197,false,9,13,onchain,500,193,1979758,4554511,459000,532358,575.597200,582747,536.628500,615739,643.832500,69626,23.046900,0x098b50423eb1b80e5a7fb520438bb4f17cbf6c9b9e6ebef7938342aa2df694fe,0x17f2a18d1c6af5fbd37c56a76f8d84a8557e3f92f46b9f10c97f07498d7a3e5e
theo_n,4,198,false,9,13,onchain,500,194,1979758,4554511,459000,532202,548.960800,582591,593.924400,615583,590.086700,69626,22.034100,0x098b50423eb1b80e5a7fb520438bb4f17cbf6c9b9e6ebef7938342aa2df694fe,0x080444fd3d681818265e4b132c34ac5d5d0913ad9cde27ae4b3bc8bec9a476aa
theo_n,4,199,false,9,13,onchain,500,195,1979758,4554511,459000,532238,561.741300,582615,601.999300,615607,634.330700,69614,54.220200,0x098b50423eb1b80e5a7fb520438bb4f17cbf6c9b9e6ebef7938342aa2df694fe,0x0650d03351bfa136d51cb721acb4868d9022e9febefe6b28499f0f004f36071e
theo_n,4,200,false,9,13,onchain,500,196,1979758,4554511,459000,532322,573.765500,582711,592.377700,615703,548.308700,69626,21.818000,0x098b50423eb1b80e5a7fb520438bb4f17cbf6c9b9e6ebef7938342aa2df694fe,0x1dce569b979e4239dd9eb95272649e1f5bc3375080e9be8f146870ec3767764c
theo_n,4,201,false,9,13,onchain,500,197,1979758,4554511,459000,532346,568.697200,582735,728.311300,615727,551.050300,69626,26.783300,0x098b50423eb1b80e5a7fb520438bb4f17cbf6c9b9e6ebef7938342aa2df694fe,0x229060fc460a01a09958347d142e63e18fac8e663a93f9c0a697618459f11091
theo_n,4,202,false,9,13,onchain,500,198,1979758,4554511,459000,532226,616.382200,582615,682.444700,615607,613.455400,69626,23.925500,0x098b50423eb1b80e5a7fb520438bb4f17cbf6c9b9e6ebef7938342aa2df694fe,0x14c6c58b860df7cf32a61fa6440107908bc1f58866b5291b6fc0266a44cc4347
theo_n,4,203,false,9,13,onchain,500,199,1979758,4554511,459000,532214,517.426900,582591,609.792000,615583,550.938400,69614,21.997800,0x098b50423eb1b80e5a7fb520438bb4f17cbf6c9b9e6ebef7938342aa2df694fe,0x2c6eca6e9dddf0c400924a7e305eebe78c57a0d68da8b8afe9343f8bb69af311
theo_n,4,204,false,9,13,onchain,500,200,1979758,4554511,459000,532262,561.421600,582651,565.463700,615643,599.536800,69626,26.526600,0x098b50423eb1b80e5a7fb520438bb4f17cbf6c9b9e6ebef7938342aa2df694fe,0x26d10e610f5a898caa541893e7c74d8b589b1bca141f9d5c12129f0ac8c2c4de
theo_n,4,205,false,9,13,onchain,500,201,1979758,4554511,459000,532310,542.373700,582687,679.221900,615679,582.001200,69614,18.588500,0x098b50423eb1b80e5a7fb520438bb4f17cbf6c9b9e6ebef7938342aa2df694fe,0x1de79d5b678871b100b2b73ad88c37f56b46d8c4d0981df6850d7f290419f46f
theo_n,4,206,false,9,13,onchain,500,202,1979758,4554511,459000,532274,554.305000,582663,659.239900,615655,581.888900,69626,31.916600,0x098b50423eb1b80e5a7fb520438bb4f17cbf6c9b9e6ebef7938342aa2df694fe,0x1e084c1e93a570dd4dd924a63074f8e4144d31f5484d14bf9e43031a1408dd37
theo_n,4,207,false,9,13,onchain,500,203,1979758,4554511,459000,532238,570.291200,582627,713.108100,615619,723.062300,69626,21.630000,0x098b50423eb1b80e5a7fb520438bb4f17cbf6c9b9e6ebef7938342aa2df694fe,0x2b491f2eb4c3f055d7784d7f4a35a5a0ffbd04a7375b5db1796d27992d6a78a4
theo_n,4,208,false,9,13,onchain,500,204,1979758,4554511,459000,532262,599.442500,582651,572.570800,615643,605.631400,69626,24.618000,0x098b50423eb1b80e5a7fb520438bb4f17cbf6c9b9e6ebef7938342aa2df694fe,0x2207f01b23ccc5d511b22b388ece1132266a457ae6354b500e3371d8b7b47b8f
theo_n,4,209,false,9,13,onchain,500,205,1979758,4554511,459000,532202,573.657000,582591,583.767600,615583,612.690000,69626,26.114500,0x098b50423eb1b80e5a7fb520438bb4f17cbf6c9b9e6ebef7938342aa2df694fe,0x2820b06f5df5d3e5eac9c631774e2ed85c977ab1010eff6d64f3fb624ad7d7a3
theo_n,4,210,false,9,13,onchain,500,206,1979758,4554511,459000,532334,613.161600,582723,596.200900,615715,652.734000,69626,24.709300,0x098b50423eb1b80e5a7fb520438bb4f17cbf6c9b9e6ebef7938342aa2df694fe,0x27a17ea0f0816d8c2987f01b465a7a7c34a96adc62fd86ae42af4cc4a760bd5b
theo_n,4,211,false,9,13,onchain,500,207,1979758,4554511,459000,532178,575.356300,582567,680.298400,615559,610.918700,69626,21.757600,0x098b50423eb1b80e5a7fb520438bb4f17cbf6c9b9e6ebef7938342aa2df694fe,0x2838bb09aca0424f32baa130c15f81e5704a68065f6de6f27979fc196863b7ae
theo_n,4,212,false,9,13,onchain,500,208,1979758,4554511,459000,532190,554.733800,582579,622.563900,615571,611.119500,69626,33.088000,0x098b50423eb1b80e5a7fb520438bb4f17cbf6c9b9e6ebef7938342aa2df694fe,0x08253658a1a878506ef21181f0975c66ef755715fd66e1573da2305eb0cd2780
theo_n,4,213,false,9,13,onchain,500,209,1979758,4554511,459000,532322,620.342600,582711,649.675100,615703,575.046400,69626,99.194100,0x098b50423eb1b80e5a7fb520438bb4f17cbf6c9b9e6ebef7938342aa2df694fe,0x10b028218147aff279afc8483c1d0f2f720bcbff9e7b277074e6f5964c6c1c75
theo_n,4,214,false,9,13,onchain,500,210,1979758,4554511,459000,532298,595.046900,582687,610.793100,615679,647.785700,69626,27.524100,0x098b50423eb1b80e5a7fb520438bb4f17cbf6c9b9e6ebef7938342aa2df694fe,0x2173732b56584682acdb72c0eb05938ecaa2a2cf7d64074b54076a03bc11d903
theo_n,4,215,false,9,13,onchain,500,211,1979758,4554511,459000,532286,598.208700,582675,604.700000,615667,573.829300,69626,32.883100,0x098b50423eb1b80e5a7fb520438bb4f17cbf6c9b9e6ebef7938342aa2df694fe,0x18f62f27b02c5bdf99fc82b37e136b28c8b03690f7a779e123ec15b179a41357
theo_n,4,216,false,9,13,onchain,500,212,1979758,4554511,459000,532346,580.927600,582735,604.206400,615727,529.030200,69626,24.270500,0x098b50423eb1b80e5a7fb520438bb4f17cbf6c9b9e6ebef7938342aa2df694fe,0x0522989be561c3acf3d13b8ce2579c69fd82702309650aa02dc3f0f1a3aeb51e
theo_n,4,217,false,9,13,onchain,500,213,1979758,4554511,459000,532250,566.782400,582627,652.216000,615619,563.032900,69614,18.068400,0x098b50423eb1b80e5a7fb520438bb4f17cbf6c9b9e6ebef7938342aa2df694fe,0x00abfd86d0b7cd3ef4c548a4842e95cd198e8c13f5984cf7744328f643ecda38
theo_n,4,218,false,9,13,onchain,500,214,1979758,4554511,459000,532298,574.341600,582675,595.878200,615667,519.046000,69614,20.168000,0x098b50423eb1b80e5a7fb520438bb4f17cbf6c9b9e6ebef7938342aa2df694fe,0x00e72a74ffeafc01ff3bc87cbe9cb8991e6ddf6a62704eee18f298fb44947a54
theo_n,4,219,false,9,13,onchain,500,215,1979758,4554511,459000,532334,553.512300,582723,591.155400,615715,534.624300,69626,19.956900,0x098b50423eb1b80e5a7fb520438bb4f17cbf6c9b9e6ebef7938342aa2df694fe,0x09bd4c44b0d8c3f95e85a7ea7eaad034d0bb4a071151c4602d4c25a063e655a3
theo_n,4,220,false,9,13,onchain,500,216,1979758,4554511,459000,532334,559.375600,582711,681.102000,615703,532.715600,69614,55.052900,0x098b50423eb1b80e5a7fb520438bb4f17cbf6c9b9e6ebef7938342aa2df694fe,0x1da98d0d586ad726f7d6d36d081f3b5ddaff00b0e568dc30c9263430f45d0efd
theo_n,4,221,false,9,13,onchain,500,217,1979758,4554511,459000,532286,545.609200,582663,570.565400,615655,648.416800,69614,26.614700,0x098b50423eb1b80e5a7fb520438bb4f17cbf6c9b9e6ebef7938342aa2df694fe,0x0d332cc6cfca7d979739d690576d83fa594a7fade7d1ed233baee5eee47c00aa
theo_n,4,222,false,9,13,onchain,500,218,1979758,4554511,459000,532334,575.889200,582723,615.972000,615715,591.482400,69626,31.526700,0x098b50423eb1b80e5a7fb520438bb4f17cbf6c9b9e6ebef7938342aa2df694fe,0x04df1709421261492f4643397ca9c5a3205a57917e5467927d5d95111e631b98
theo_n,4,223,false,9,13,onchain,500,219,1979758,4554511,459000,532334,725.659600,582723,588.415500,615715,616.731800,69626,20.729800,0x098b50423eb1b80e5a7fb520438bb4f17cbf6c9b9e6ebef7938342aa2df694fe,0x0ca39f899831fd4e5448e7ade10af02c0e1c50d9b33334800989497f9e26e93b
theo_n,4,224,false,9,13,onchain,500,220,1979758,4554511,459000,532370,521.716400,582759,610.877000,615751,585.623300,69626,23.003700,0x098b50423eb1b80e5a7fb520438bb4f17cbf6c9b9e6ebef7938342aa2df694fe,0x17b533f22fbbd4525ea0cb1d23064c62e4d5d81c56b9f425542cd2b8500fe93f
theo_n,4,225,false,9,13,onchain,500,221,1979758,4554511,459000,532298,578.904200,582687,539.723700,615679,670.120900,69626,20.157600,0x098b50423eb1b80e5a7fb520438bb4f17cbf6c9b9e6ebef7938342aa2df694fe,0x30284ab4f906ef741017b6ba866c480fe26022712c2b1f47925878df7ead3942
theo_n,4,226,false,9,13,onchain,500,222,1979758,4554511,459000,532322,611.257300,582711,680.268600,615703,559.503700,69626,21.587500,0x098b50423eb1b80e5a7fb520438bb4f17cbf6c9b9e6ebef7938342aa2df694fe,0x230719c7f7508d7995106104b0fba8547e5ccbc3b2237e6c3681908b8908eb25
theo_n,4,227,false,9,13,onchain,500,223,1979758,4554511,459000,532262,571.621400,582639,626.678700,615631,629.664700,69614,34.720400,0x098b50423eb1b80e5a7fb520438bb4f17cbf6c9b9e6ebef7938342aa2df694fe,0x05e321b5b73ae7dc708200813248dc8ce759f76786404cca834d23fbda676330
theo_n,4,228,false,9,13,onchain,500,224,1979758,4554511,459000,532250,579.163200,582639,614.462100,615631,599.911900,69626,28.611300,0x098b50423eb1b80e5a7fb520438bb4f17cbf6c9b9e6ebef7938342aa2df694fe,0x04f16424a036c1c8b8b62ac3f6fbf1afe4161d95f2745ca23620b11c345ec204
theo_n,4,229,false,9,13,onchain,500,225,1979758,4554511,459000,532310,615.167500,582699,702.200700,615691,626.536600,69626,33.658700,0x098b50423eb1b80e5a7fb520438bb4f17cbf6c9b9e6ebef7938342aa2df694fe,0x1683ef468d4cd009c3194edbbb010a088da918a0690b8a067343e416a6a4b7ff
theo_n,4,230,false,9,13,onchain,500,226,1979758,4554511,459000,532298,579.285000,582675,571.935600,615667,707.847700,69614,39.160900,0x098b50423eb1b80e5a7fb520438bb4f17cbf6c9b9e6ebef7938342aa2df694fe,0x019f440d4f71344df6e4a73f4d2b76d8d021ff64e9805774b700ff240c7e6290
theo_n,4,231,false,9,13,onchain,500,227,1979758,4554511,459000,532322,589.701100,582711,641.616400,615703,517.404500,69626,28.220700,0x098b50423eb1b80e5a7fb520438bb4f17cbf6c9b9e6ebef7938342aa2df694fe,0x2cd3b78cb474d98ab26e82eec456c2b501e97e323c15f190d62a4d50eccd5f21
theo_n,4,232,false,9,13,onchain,500,228,1979758,4554511,459000,532298,558.239800,582687,655.162400,615679,613.438700,69626,22.226900,0x098b50423eb1b80e5a7fb520438bb4f17cbf6c9b9e6ebef7938342aa2df694fe,0x0cd75776cd07fe51cb25d1b9af220f8010d0b1b48eabf6f7c90ee35094b60e35
theo_n,4,233,false,9,13,onchain,500,229,1979758,4554511,459000,532334,579.972400,582723,604.198400,615715,628.897600,69626,27.045200,0x098b50423eb1b80e5a7fb520438bb4f17cbf6c9b9e6ebef7938342aa2df694fe,0x2af48b45a7202a164a90ca6a1725e39467f70a524ea74dfae76a0a6dc0b7be0b
theo_n,4,234,false,9,13,onchain,500,230,1979758,4554511,459000,532262,579.267300,582639,729.527400,615631,671.867600,69626,20.725400,0x098b50423eb1b80e5a7fb520438bb4f17cbf6c9b9e6ebef7938342aa2df694fe,0x0aa6ce31e57d744ae008aec740817366db5ec92d41d4b40a440c5b1c0eb2cd57
theo_n,4,235,false,9,13,onchain,500,231,1979758,4554511,459000,532322,602.665900,582711,578.430200,615703,601.735700,69626,23.926600,0x098b50423eb1b80e5a7fb520438bb4f17cbf6c9b9e6ebef7938342aa2df694fe,0x278b7b3a14762423c4cb23f6ef2bed5f69f610ad64b09fb228de4bdd7b449931
theo_n,4,236,false,9,13,onchain,500,232,1979758,4554511,459000,532346,526.973000,582723,582.264000,615715,680.843400,69614,31.844100,0x098b50423eb1b80e5a7fb520438bb4f17cbf6c9b9e6ebef7938342aa2df694fe,0x008535962f0a38daf6d8b95158c3c95e2415b4e90d11089c37356fc331072ead
theo_n,4,237,false,9,13,onchain,500,233,1979758,4554511,459000,532346,556.949300,582735,590.743000,615727,595.026900,69626,22.074300,0x098b50423eb1b80e5a7fb520438bb4f17cbf6c9b9e6ebef7938342aa2df694fe,0x1f283c30d18bf09f79126ecf806edc3bf784d5e0f9725586679bfe0e9c141c4e
theo_n,4,238,false,9,13,onchain,500,234,1979758,4554511,459000,532238,554.552800,582615,650.584600,615607,603.965900,69626,22.094200,0x098b50423eb1b80e5a7fb520438bb4f17cbf6c9b9e6ebef7938342aa2df694fe,0x0ca1cac7f7c4ab67a0c13fbe4385bbfcc207f7258be5b10a821c9e35368bc57c
theo_n,4,239,false,9,13,onchain,500,235,1979758,4554511,459000,532238,555.692500,582627,572.646800,615619,735.749600,69626,19.455700,0x098b50423eb1b80e5a7fb520438bb4f17cbf6c9b9e6ebef7938342aa2df694fe,0x1ee64ecdb87fe16d9a0b2d0a42e45479ccd2fa4753d872229767dfbf44cdf2d9
theo_n,4,240,false,9,13,onchain,500,236,1979758,4554511,459000,532274,588.409400,582663,622.473700,615655,691.546300,69626,36.919900,0x098b50423eb1b80e5a7fb520438bb4f17cbf6c9b9e6ebef7938342aa2df694fe,0x0c61a809f53d171aeb13efc2823b433ee74a4bcb86fcca2c0bbe028b9567aba6
theo_n,4,241,false,9,13,onchain,500,237,1979758,4554511,459000,532190,557.658800,582579,594.278800,615571,608.792500,69626,20.933800,0x098b50423eb1b80e5a7fb520438bb4f17cbf6c9b9e6ebef7938342aa2df694fe,0x249a5db4d7eb6525105d286d5866fa9da2af5e066720dd3e559dc51efb9f1ffb
theo_n,4,242,false,9,13,onchain,500,238,1979758,4554511,459000,532226,545.812300,582615,602.714500,615607,630.291700,69626,24.141200,0x098b50423eb1b80e5a7fb520438bb4f17cbf6c9b9e6ebef7938342aa2df694fe,0x0702f314a3e92da936be90effa3dcc080d999f2e509ef50c2c1d79b4fc8f6bcd
theo_n,4,243,false,9,13,onchain,500,239,1979758,4554511,459000,532358,569.437100,582747,603.750800,615739,685.111400,69626,24.183200,0x098b50423eb1b80e5a7fb520438bb4f17cbf6c9b9e6ebef7938342aa2df694fe,0x0a4b98013160def93d32ab9bd72b198ed733f55b2afe206df82a3170ae024fdf
theo_n,4,244,false,9,13,onchain,500,240,1979758,4554511,459000,532250,612.891500,582639,743.749300,615631,596.032100,69626,25.457400,0x098b50423eb1b80e5a7fb520438bb4f17cbf6c9b9e6ebef7938342aa2df694fe,0x06e7126768d8e8ff17cce3aab2c4804e1cbd3fe8097a56fccac32ae30136f0ca
theo_n,4,245,false,9,13,onchain,500,241,1979758,4554511,459000,532226,608.227000,582615,606.593900,615607,667.498600,69626,24.713200,0x098b50423eb1b80e5a7fb520438bb4f17cbf6c9b9e6ebef7938342aa2df694fe,0x0a3decc0377e13f60cc834863b77ceedbe0fe45696b715b64b35cde307d12ba3
theo_n,4,246,false,9,13,onchain,500,242,1979758,4554511,459000,532298,552.187000,582687,585.019000,615679,621.871600,69626,24.912500,0x098b50423eb1b80e5a7fb520438bb4f17cbf6c9b9e6ebef7938342aa2df694fe,0x27797a9f69d6b0d7d985d0a46cd91f3d36c9fa86cdbeaa89ce2415172e64f190
theo_n,4,247,false,9,13,onchain,500,243,1979758,4554511,459000,532286,552.260100,582675,677.112500,615667,690.027000,69626,21.728900,0x098b50423eb1b80e5a7fb520438bb4f17cbf6c9b9e6ebef7938342aa2df694fe,0x12e45f07466eecaf4f209e0a6519f666d88d455427c1d676657f276d56339d2f
theo_n,4,248,false,9,13,onchain,500,244,1979758,4554511,459000,532274,532.107000,582663,564.155600,615655,600.914100,69626,23.361900,0x098b50423eb1b80e5a7fb520438bb4f17cbf6c9b9e6ebef7938342aa2df694fe,0x181adf32cfe9935cd5593d715f3eddd6c12cf801141af0412b5002665fb58cf2
theo_n,4,249,false,9,13,onchain,500,245,1979758,4554511,459000,532346,557.427000,582735,552.575800,615727,736.553900,69626,27.560300,0x098b50423eb1b80e5a7fb520438bb4f17cbf6c9b9e6ebef7938342aa2df694fe,0x0293847ef66f11fb996f93396f52d4a36106d51fcac611aab6fc2563d36d3847
theo_n,4,250,false,9,13,onchain,500,246,1979758,4554511,459000,532298,540.099000,582687,620.179300,615679,639.875400,69626,33.601600,0x098b50423eb1b80e5a7fb520438bb4f17cbf6c9b9e6ebef7938342aa2df694fe,0x1d92e48e7b37a5203801541414b263b923580ad1025d8385894bced6f5edf1b9
theo_n,4,251,false,9,13,onchain,500,247,1979758,4554511,459000,532226,569.215400,582615,603.670900,615607,603.310500,69626,30.185700,0x098b50423eb1b80e5a7fb520438bb4f17cbf6c9b9e6ebef7938342aa2df694fe,0x30131b16109882349645b305078a9fecd21cd7a7804f32b913f07d7e73239a54
theo_n,4,252,false,9,13,onchain,500,248,1979758,4554511,459000,532298,578.038200,582687,646.859200,615679,688.492900,69626,33.063100,0x098b50423eb1b80e5a7fb520438bb4f17cbf6c9b9e6ebef7938342aa2df694fe,0x0fc687a2a0ff407060788cff48a8795fb72c5d5c1c5e7ace3017c12ace37d25b
theo_n,4,253,false,9,13,onchain,500,249,1979758,4554511,459000,532346,546.177800,582735,619.913500,615727,535.789700,69626,18.580500,0x098b50423eb1b80e5a7fb520438bb4f17cbf6c9b9e6ebef7938342aa2df694fe,0x22883b823b1489571b9345548d36e8a954dcd025de0b04f7911cb92ddae9f0c0
theo_n,4,254,false,9,13,onchain,500,250,1979758,4554511,459000,532286,558.920700,582675,682.775600,615667,671.040100,69626,62.438300,0x098b50423eb1b80e5a7fb520438bb4f17cbf6c9b9e6ebef7938342aa2df694fe,0x06aefe36889e944554c0bfba064c14099209324c84484f7cead0b0fc2721cedb
theo_n,4,255,false,9,13,onchain,500,251,1979758,4554511,459000,532334,578.677000,582723,565.061600,615715,638.732600,69626,26.228400,0x098b50423eb1b80e5a7fb520438bb4f17cbf6c9b9e6ebef7938342aa2df694fe,0x145d657f21439dc6c9e2bde7ace48104cea658ee03160bb6a74dfa6f77de8aab
theo_n,4,256,false,9,13,onchain,500,252,1979758,4554511,459000,532322,578.802300,582711,588.115600,615703,617.425700,69626,25.188100,0x098b50423eb1b80e5a7fb520438bb4f17cbf6c9b9e6ebef7938342aa2df694fe,0x213a5c53e8d401a727fc495f82c4f9716da4d586351dd9d2c2937aee940256b7
theo_n,4,257,false,9,13,onchain,500,253,1979758,4554511,459000,532262,563.085200,582651,589.598000,615643,572.954500,69626,22.865500,0x098b50423eb1b80e5a7fb520438bb4f17cbf6c9b9e6ebef7938342aa2df694fe,0x129596920613df72f1b51a01ba2d240dde9189ba8bce571a63a1f6c061efb954
theo_n,4,258,false,9,13,onchain,500,254,1979758,4554511,459000,532250,564.304100,582639,584.162200,615631,607.727500,69626,37.916500,0x098b50423eb1b80e5a7fb520438bb4f17cbf6c9b9e6ebef7938342aa2df694fe,0x09b8f8929d1692fe3d358cc25686295748c1b1fadfb7c30cbfec622f9d80fd05
theo_n,4,259,false,9,13,onchain,500,255,1979758,4554511,459000,532238,565.340500,582627,646.115600,615619,798.135600,69626,22.286400,0x098b50423eb1b80e5a7fb520438bb4f17cbf6c9b9e6ebef7938342aa2df694fe,0x0bab4493bbfde736a38be14ea8fdfde66333ae2107cfb41a9ddac4a3e9abb33b
theo_n,4,260,false,9,13,onchain,500,256,1979758,4554511,459000,532274,527.978300,582651,633.668300,615643,591.111000,69626,33.935500,0x098b50423eb1b80e5a7fb520438bb4f17cbf6c9b9e6ebef7938342aa2df694fe,0x0273dfe329a161d0be4c0399d8130f91715f853183f8d2686ea659408b63e85a
theo_n,4,261,false,9,13,onchain,500,257,1979758,4554511,459000,532370,545.228500,582759,580.975300,615751,669.387400,69626,19.447800,0x098b50423eb1b80e5a7fb520438bb4f17cbf6c9b9e6ebef7938342aa2df694fe,0x05e37e2666d2b2839c4d81cc0598d09f164406dcbfeedc117caaf487a940f444
theo_n,4,262,false,9,13,onchain,500,258,1979758,4554511,459000,532130,529.344200,582519,751.052500,615511,641.917200,69626,25.791700,0x098b50423eb1b80e5a7fb520438bb4f17cbf6c9b9e6ebef7938342aa2df694fe,0x256f742a38acf6c1a9515ef36c9e4f1eb465c1084cb78949dc4b638af40d646e
theo_n,4,263,false,9,13,onchain,500,259,1979758,4554511,459000,532346,575.695600,582723,580.090400,615715,694.152900,69626,36.627700,0x098b50423eb1b80e5a7fb520438bb4f17cbf6c9b9e6ebef7938342aa2df694fe,0x22da3d99a866b36f51c982949d7239cdda27998316552d92d9f9da5f34170e9a
theo_n,4,264,false,9,13,onchain,500,260,1979758,4554511,459000,532310,591.844700,582699,608.372300,615691,663.844800,69626,24.313600,0x098b50423eb1b80e5a7fb520438bb4f17cbf6c9b9e6ebef7938342aa2df694fe,0x2eeb16245d057e1c821d3d115ab4b5dfaaaa7645ac5e97c43a56a1f4a7150914
theo_n,4,265,false,9,13,onchain,500,261,1979758,4554511,459000,532250,598.034700,582639,575.345000,615631,636.889400,69626,27.318500,0x098b50423eb1b80e5a7fb520438bb4f17cbf6c9b9e6ebef7938342aa2df694fe,0x050f3eb658ce524599a8aa3b8d7270a9f39f9024f520e07d9c2957bbac0dd83f
theo_n,4,266,false,9,13,onchain,500,262,1979758,4554511,459000,532130,542.675800,582519,599.979600,615511,654.397900,69626,32.692400,0x098b50423eb1b80e5a7fb520438bb4f17cbf6c9b9e6ebef7938342aa2df694fe,0x2ba47ecc5714b6eb7047b965817a6105041146195243108b88a4aaef2ad003c8
theo_n,4,267,false,9,13,onchain,500,263,1979758,4554511,459000,532298,553.007600,582687,670.467700,615679,608.232000,69626,25.771800,0x098b50423eb1b80e5a7fb520438bb4f17cbf6c9b9e6ebef7938342aa2df694fe,0x2e324cb62c1f9e76d2ebad95ab692d390a6dff346fcc2f8c952dd39314156fb9
theo_n,4,268,false,9,13,onchain,500,264,1979758,4554511,459000,532286,582.324500,582675,667.575500,615667,665.996100,69626,64.751100,0x098b50423eb1b80e5a7fb520438bb4f17cbf6c9b9e6ebef7938342aa2df694fe,0x25f19f2ed933082d6fbbb5bfac709e94b22d54cd2a606841adea1e0f33252529
theo_n,4,269,false,9,13,onchain,500,265,1979758,4554511,459000,532274,529.552100,582663,640.441600,615655,648.787400,69626,21.379700,0x098b50423eb1b80e5a7fb520438bb4f17cbf6c9b9e6ebef7938342aa2df694fe,0x1b73fd036c6904bf7a1b55a35ef8a0322d4aa1afacbdc5b1f5dadda95f2e80d9
theo_n,4,270,false,9,13,onchain,500,266,1979758,4554511,459000,532322,551.097300,582711,651.169900,615703,665.296300,69626,23.301100,0x098b50423eb1b80e5a7fb520438bb4f17cbf6c9b9e6ebef7938342aa2df694fe,0x0d1a891904ce26bcee3cb9f193ef9b557a571025c13617efc5ff3fb14a736eb4
theo_n,4,271,false,9,13,onchain,500,267,1979758,4554511,459000,532310,668.375900,582687,588.034200,615679,596.267900,69614,27.854000,0x098b50423eb1b80e5a7fb520438bb4f17cbf6c9b9e6ebef7938342aa2df694fe,0x07a55a2cc78db673d6ae5e20b0ea0a4dc4565731018c7ff217b15c0007aed7f2
theo_n,4,272,false,9,13,onchain,500,268,1979758,4554511,459000,532178,611.374400,582567,577.014400,615559,594.115100,69626,23.348500,0x098b50423eb1b80e5a7fb520438bb4f17cbf6c9b9e6ebef7938342aa2df694fe,0x1b3425cd994444788f818746c2e7c494544d30a6badeb85248e6ba6f4e1a800c
theo_n,4,273,false,9,13,onchain,500,269,1979758,4554511,459000,532286,542.620500,582675,603.494600,615667,588.664700,69626,23.955800,0x098b50423eb1b80e5a7fb520438bb4f17cbf6c9b9e6ebef7938342aa2df694fe,0x2c26f5f83ded0ff33db808a3707ddc761b49e85e1553363811613e0c2c9d3d55
theo_n,4,274,false,9,13,onchain,500,270,1979758,4554511,459000,532310,582.544900,582699,607.439600,615691,640.774500,69626,41.638200,0x098b50423eb1b80e5a7fb520438bb4f17cbf6c9b9e6ebef7938342aa2df694fe,0x27ab6471727dff3719ef7ffc1265547db50f19af6e3dfad86ccb95714f9a5d7e
theo_n,4,275,false,9,13,onchain,500,271,1979758,4554511,459000,532358,575.414000,582747,598.543500,615739,604.830700,69626,32.169000,0x098b50423eb1b80e5a7fb520438bb4f17cbf6c9b9e6ebef7938342aa2df694fe,0x2eb89a47bfcb01aafba101688f54b1a659eaf923abcdf6feedf40c3336f23910
theo_n,4,276,false,9,13,onchain,500,272,1979758,4554511,459000,532238,538.632800,582615,569.241800,615607,625.174800,69626,20.686200,0x098b50423eb1b80e5a7fb520438bb4f17cbf6c9b9e6ebef7938342aa2df694fe,0x01f877af3a44c875c5ed8ce6ff874d7f2e729e436c223d071c9bab848171ec74
theo_n,4,277,false,9,13,onchain,500,273,1979758,4554511,459000,532262,563.910800,582651,628.362100,615643,609.479200,69626,60.335300,0x098b50423eb1b80e5a7fb520438bb4f17cbf6c9b9e6ebef7938342aa2df694fe,0x1540aab8dbb6cec70f4bcd0ce7a9a9ec2d01ae732153d9b3ce0132b30e5b4b79
theo_n,4,278,false,9,13,onchain,500,274,1979758,4554511,459000,532298,614.236500,582687,556.745800,615679,744.098900,69626,36.035800,0x098b50423eb1b80e5a7fb520438bb4f17cbf6c9b9e6ebef7938342aa2df694fe,0x2472614978251e972b800f9d3fa0c405855b30b1bf99b4d2bded5447950babd5
theo_n,4,279,false,9,13,onchain,500,275,1979758,4554511,459000,532358,681.079000,582735,570.639600,615727,702.332900,69614,26.138900,0x098b50423eb1b80e5a7fb520438bb4f17cbf6c9b9e6ebef7938342aa2df694fe,0x2ecc7b3800f519a1cdbfd4ae30504aa32c2ac390744aeef4ea5d705ec794980c
theo_n,4,280,false,9,13,onchain,500,276,1979758,4554511,459000,532334,595.529300,582723,651.018700,615715,660.671500,69626,31.250900,0x098b50423eb1b80e5a7fb520438bb4f17cbf6c9b9e6ebef7938342aa2df694fe,0x16e181e2115c35c95e67629e1e264b486e3cd2a23231458b49757292f76d6e4b
theo_n,4,281,false,9,13,onchain,500,277,1979758,4554511,459000,532286,637.252800,582675,621.701900,615667,661.278400,69626,35.076400,0x098b50423eb1b80e5a7fb520438bb4f17cbf6c9b9e6ebef7938342aa2df694fe,0x0fa08a215862bfe0e4c17fd8a7fc50c2305c2fd26baa4a1fa80b8af9f36c5d20
theo_n,4,282,false,9,13,onchain,500,278,1979758,4554511,459000,532286,624.925300,582675,630.398400,615667,670.852000,69626,23.204000,0x098b50423eb1b80e5a7fb520438bb4f17cbf6c9b9e6ebef7938342aa2df694fe,0x1b3bf5c183a4d79b4be51a4c7850892bb9bce49b7de06522e8e2a9fb90360c13
theo_n,4,283,false,9,13,onchain,500,279,1979758,4554511,459000,532286,717.608100,582675,614.804500,615667,661.752500,69626,25.197200,0x098b50423eb1b80e5a7fb520438bb4f17cbf6c9b9e6ebef7938342aa2df694fe,0x0aaaf59b863c164df792e94c16b3b8ada0c468ca3bd179729d18462393cddda0
theo_n,4,284,false,9,13,onchain,500,280,1979758,4554511,459000,532334,599.740500,582723,727.397100,615715,666.541300,69626,22.133400,0x098b50423eb1b80e5a7fb520438bb4f17cbf6c9b9e6ebef7938342aa2df694fe,0x2b2e7002b4fde9470b70626703405c69ea6084bb225ab36c13cce721e6956ef3
theo_n,4,285,false,9,13,onchain,500,281,1979758,4554511,459000,532274,583.412200,582639,594.256100,615631,631.514700,69626,27.085800,0x098b50423eb1b80e5a7fb520438bb4f17cbf6c9b9e6ebef7938342aa2df694fe,0x1431efacf1ed954c67b3e8d4d12850b1e7a1f3d8aa3e1c579094e8e871582c83
theo_n,4,286,false,9,13,onchain,500,282,1979758,4554511,459000,532322,644.616800,582711,657.404800,615703,695.525500,69626,103.839900,0x098b50423eb1b80e5a7fb520438bb4f17cbf6c9b9e6ebef7938342aa2df694fe,0x0ce9a17572619681e0ae731dd40898647339b9416c0aaba7d464bf42a07f4b78
theo_n,4,287,false,9,13,onchain,500,283,1979758,4554511,459000,532274,607.077500,582663,553.555600,615655,704.529700,69626,22.428600,0x098b50423eb1b80e5a7fb520438bb4f17cbf6c9b9e6ebef7938342aa2df694fe,0x26154f6664745752deecbb5ba83bd486b93ac9c77cc804c65d16fba210fe7909
theo_n,4,288,false,9,13,onchain,500,284,1979758,4554511,459000,532298,624.575600,582687,667.889300,615679,623.426600,69626,28.278400,0x098b50423eb1b80e5a7fb520438bb4f17cbf6c9b9e6ebef7938342aa2df694fe,0x2c72121ede22164e725242e3e6d4bcfb26dc7d7f3b8da76187489274d70b8a6f
theo_n,4,289,false,9,13,onchain,500,285,1979758,4554511,459000,532238,632.260000,582627,712.282200,615619,608.157400,69626,25.484300,0x098b50423eb1b80e5a7fb520438bb4f17cbf6c9b9e6ebef7938342aa2df694fe,0x03b2a12c78d2b5f466ab8b3f25a12b8df133b21dc585f9274af9daf158fa8d42
theo_n,4,290,false,9,13,onchain,500,286,1979758,4554511,459000,532310,584.132200,582699,537.109000,615691,706.680900,69626,34.715700,0x098b50423eb1b80e5a7fb520438bb4f17cbf6c9b9e6ebef7938342aa2df694fe,0x02b78917243752d5eb913f64f02c2b30b97ca4f9d3cfc8f00da4d48c8feb2a88
theo_n,4,291,false,9,13,onchain,500,287,1979758,4554511,459000,532250,583.779600,582627,596.928400,615619,733.739200,69614,26.585500,0x098b50423eb1b80e5a7fb520438bb4f17cbf6c9b9e6ebef7938342aa2df694fe,0x1da77fd8de37566085180015fec8404cacf7a2d5cd180288bb2944142ff5bf89
theo_n,4,292,false,9,13,onchain,500,288,1979758,4554511,459000,532190,549.208500,582579,577.227500,615571,628.350000,69626,20.250300,0x098b50423eb1b80e5a7fb520438bb4f17cbf6c9b9e6ebef7938342aa2df694fe,0x1e658b47f89ceabf271c6f8f44451fbc0dcc3395e05370047bd0df20381091ef
theo_n,4,293,false,9,13,onchain,500,289,1979758,4554511,459000,532154,568.146200,582543,589.636500,615535,602.252000,69626,37.264800,0x098b50423eb1b80e5a7fb520438bb4f17cbf6c9b9e6ebef7938342aa2df694fe,0x0a195ed7a2d9704acd2e32b8077bb3309442f51b505fcf3f8155664707ce3104
theo_n,4,294,false,9,13,onchain,500,290,1979758,4554511,459000,532298,552.010500,582675,619.646900,615667,603.502400,69626,20.748600,0x098b50423eb1b80e5a7fb520438bb4f17cbf6c9b9e6ebef7938342aa2df694fe,0x1ec09be06e6c9211551e6b993af8a5c1702f96b177c3af931b079059ba0dec2e
theo_n,4,295,false,9,13,onchain,500,291,1979758,4554511,459000,532250,610.689900,582639,625.955900,615631,601.221200,69626,25.798900,0x098b50423eb1b80e5a7fb520438bb4f17cbf6c9b9e6ebef7938342aa2df694fe,0x2c6bf8a146bc421ed3017f8ae39e8f649c56c07446e96d2cc210fe45ab350309
theo_n,4,296,false,9,13,onchain,500,292,1979758,4554511,459000,532250,694.146900,582639,626.293600,615631,628.791100,69626,26.007200,0x098b50423eb1b80e5a7fb520438bb4f17cbf6c9b9e6ebef7938342aa2df694fe,0x10bc1ad8741f0d3049216725d2e3aa18850e1f0776d5b583c8d7ccf54e4e8398
theo_n,4,297,false,9,13,onchain,500,293,1979758,4554511,459000,532274,564.060100,582663,588.512400,615655,577.663500,69626,26.574200,0x098b50423eb1b80e5a7fb520438bb4f17cbf6c9b9e6ebef7938342aa2df694fe,0x25d6f87b434119b3ee033b87875c280d4a0aef30b6ddb137a39f327883387c2f
theo_n,4,298,false,9,13,onchain,500,294,1979758,4554511,459000,532238,555.298400,582627,691.730500,615619,659.251400,69626,32.929600,0x098b50423eb1b80e5a7fb520438bb4f17cbf6c9b9e6ebef7938342aa2df694fe,0x2d90252085b20aa667c2b9c9519f0815e21dfde49161c106bdbfb08b20043a84
theo_n,4,299,false,9,13,onchain,500,295,1979758,4554511,459000,532238,667.129900,582615,569.646700,615607,622.143200,69614,23.427500,0x098b50423eb1b80e5a7fb520438bb4f17cbf6c9b9e6ebef7938342aa2df694fe,0x2fba855d2dbb6f112b18c55634cfe76cf45e009e902d3bbba84ef049b87791d0
theo_n,4,300,false,9,13,onchain,500,296,1979758,4554511,459000,532334,691.087400,582723,612.273600,615715,698.841600,69626,30.695500,0x098b50423eb1b80e5a7fb520438bb4f17cbf6c9b9e6ebef7938342aa2df694fe,0x26ed0f074a95c716a837803a907ad3e7099d6f56e27020bab5828bf905560fcf
theo_n,4,301,false,9,13,onchain,500,297,1979758,4554511,459000,532298,584.266700,582687,604.071600,615679,695.214400,69626,25.176900,0x098b50423eb1b80e5a7fb520438bb4f17cbf6c9b9e6ebef7938342aa2df694fe,0x13d065a59a0f5c872fe29642c29186de6b12e548479494b95bef41be4dbc3e97
theo_n,4,302,false,9,13,onchain,500,298,1979758,4554511,459000,532274,635.166200,582651,694.428100,615643,700.940100,69614,40.325800,0x098b50423eb1b80e5a7fb520438bb4f17cbf6c9b9e6ebef7938342aa2df694fe,0x01e080677d2f1b417bd106d2d1537db95612ae997a0165701a8789b90058bd3f
theo_n,4,303,false,9,13,onchain,500,299,1979758,4554511,459000,532202,639.129200,582579,642.553000,615571,621.933500,69614,23.607800,0x098b50423eb1b80e5a7fb520438bb4f17cbf6c9b9e6ebef7938342aa2df694fe,0x0bad777ee7e53cb50bb1a34026c5b600d6b9069343a3a1ee1f82b5341284f325
theo_n,4,304,false,9,13,onchain,500,300,1979758,4554511,459000,532310,584.384200,582699,862.522600,615691,604.409500,69626,28.698900,0x098b50423eb1b80e5a7fb520438bb4f17cbf6c9b9e6ebef7938342aa2df694fe,0x29e9df1a9f6a929fb347fdd94a9a14daa7736582c5e73cdbf766d76f862b8c58
theo_n,4,305,false,9,13,onchain,500,301,1979758,4554511,459000,532262,549.584400,582651,607.902200,615643,582.021600,69626,29.517000,0x098b50423eb1b80e5a7fb520438bb4f17cbf6c9b9e6ebef7938342aa2df694fe,0x2360af7a8639854b5bf50619a49908323f70e65a2265592a8eb29257c42e46b4
theo_n,4,306,false,9,13,onchain,500,302,1979758,4554511,459000,532274,885.964900,582651,564.515700,615643,570.837600,69614,31.813000,0x098b50423eb1b80e5a7fb520438bb4f17cbf6c9b9e6ebef7938342aa2df694fe,0x28a961bf6b8ab2daac54fd3a011d9dd92fa752243b7e72901cd300e296d3d948
theo_n,4,307,false,9,13,onchain,500,303,1979758,4554511,459000,532226,567.404400,582615,576.639300,615607,634.330100,69626,21.730400,0x098b50423eb1b80e5a7fb520438bb4f17cbf6c9b9e6ebef7938342aa2df694fe,0x1dcc13891f21da1e3cc763a16afec731bb0c8988e3610b636da0b2a008d7031a
theo_n,4,308,false,9,13,onchain,500,304,1979758,4554511,459000,532310,606.037700,582699,654.066700,615691,597.359600,69626,27.354300,0x098b50423eb1b80e5a7fb520438bb4f17cbf6c9b9e6ebef7938342aa2df694fe,0x19e0202ff98298b101d39e3d4fe7f23b35f00d7c58c872115d14bcf595570357
theo_n,4,309,false,9,13,onchain,500,305,1979758,4554511,459000,532334,744.425600,582723,602.142600,615715,680.901000,69626,23.465500,0x098b50423eb1b80e5a7fb520438bb4f17cbf6c9b9e6ebef7938342aa2df694fe,0x055772e98620995bf10f5d97b951622b053e9a142ce221a2c724adcded37f455
theo_n,4,310,false,9,13,onchain,500,306,1979758,4554511,459000,532106,675.039100,582483,640.305900,615475,699.303000,69626,27.266400,0x098b50423eb1b80e5a7fb520438bb4f17cbf6c9b9e6ebef7938342aa2df694fe,0x065213b2081f56a0a24a0abf40d5812fc288f37c9abeab33898f23fd19adad1b
theo_n,4,311,false,9,13,onchain,500,307,1979758,4554511,459000,532262,575.895300,582651,669.011600,615643,758.413500,69626,32.220300,0x098b50423eb1b80e5a7fb520438bb4f17cbf6c9b9e6ebef7938342aa2df694fe,0x13deb5509b4f3f347fd99d0db5be92a5df849a1394b1a8d443ca72b5f34cf9d5
theo_n,4,312,false,9,13,onchain,500,308,1979758,4554511,459000,532274,611.783000,582663,539.713100,615655,689.956400,69626,28.318100,0x098b50423eb1b80e5a7fb520438bb4f17cbf6c9b9e6ebef7938342aa2df694fe,0x2a91370e7d4a3f84a7bbf55d3f19f42131c01e265cc5c184a50a0bf18067994f
theo_n,4,313,false,9,13,onchain,500,309,1979758,4554511,459000,532298,536.855100,582687,605.240800,615679,556.581800,69626,26.696400,0x098b50423eb1b80e5a7fb520438bb4f17cbf6c9b9e6ebef7938342aa2df694fe,0x2e9441f3b1b27ec1e9e837bf5d2e32ff106c7e6e6aea479c676958cad5fa5edf
theo_n,4,314,false,9,13,onchain,500,310,1979758,4554511,459000,532310,574.808300,582699,715.821500,615691,574.129300,69626,29.258300,0x098b50423eb1b80e5a7fb520438bb4f17cbf6c9b9e6ebef7938342aa2df694fe,0x07c71a48e349a6047c713105b236aab6c3d61b04aedf07535969e8697ad84cf1
theo_n,4,315,false,9,13,onchain,500,311,1979758,4554511,459000,532286,582.550200,582675,559.467900,615667,599.390600,69626,28.790700,0x098b50423eb1b80e5a7fb520438bb4f17cbf6c9b9e6ebef7938342aa2df694fe,0x1055ac7069959a32a5ba629e0e5a7a5817b8f3b4a69aa6abe13eff713e4aef19
theo_n,4,316,false,9,13,onchain,500,312,1979758,4554511,459000,532298,568.418600,582687,591.241600,615679,554.896500,69626,27.741200,0x098b50423eb1b80e5a7fb520438bb4f17cbf6c9b9e6ebef7938342aa2df694fe,0x095092b3da9bb6bf6c6c69e5b6819772f8288ff048b32f0c7dc3fc1c264602c0
theo_n,4,317,false,9,13,onchain,500,313,1979758,4554511,459000,532286,588.091800,582675,630.820800,615667,629.694800,69626,29.696900,0x098b50423eb1b80e5a7fb520438bb4f17cbf6c9b9e6ebef7938342aa2df694fe,0x229ff620fc9f07679db5848d8066502bdaa08314bae46156ebe6acc5610103cf
theo_n,4,318,false,9,13,onchain,500,314,1979758,4554511,459000,532322,571.909600,582711,644.544700,615703,589.556400,69626,24.732800,0x098b50423eb1b80e5a7fb520438bb4f17cbf6c9b9e6ebef7938342aa2df694fe,0x2a8c93405a03ec7df6408002ed9e3324d84c46bc227d44d3537e739d6d377147
theo_n,4,319,false,9,13,onchain,500,315,1979758,4554511,459000,532250,581.187300,582639,614.611600,615631,607.748100,69626,23.087100,0x098b50423eb1b80e5a7fb520438bb4f17cbf6c9b9e6ebef7938342aa2df694fe,0x010c0957ae5bba1a2d5d707b26a2488ef46da238b08f879be8aa979387cfd0aa
theo_n,4,320,false,9,13,onchain,500,316,1979758,4554511,459000,532214,584.945900,582603,714.985700,615595,638.184100,69626,69.225100,0x098b50423eb1b80e5a7fb520438bb4f17cbf6c9b9e6ebef7938342aa2df694fe,0x14b6fdfa8e46e3fceea1084881eee66fd9603f40bf35f4ee3af1cde8d2762175
theo_n,4,321,false,9,13,onchain,500,317,1979758,4554511,459000,532298,606.776400,582687,581.191100,615679,606.705100,69626,18.125100,0x098b50423eb1b80e5a7fb520438bb4f17cbf6c9b9e6ebef7938342aa2df694fe,0x1f2d9647f78439d922c61a320d9b727a5be6302450b9a0df32d81b8b1b3a281a
theo_n,4,322,false,9,13,onchain,500,318,1979758,4554511,459000,532298,594.209100,582687,716.347100,615679,615.562600,69626,22.496000,0x098b50423eb1b80e5a7fb520438bb4f17cbf6c9b9e6ebef7938342aa2df694fe,0x1f626d575bd1984f2eb74dcb8d863a130ac3d1af50f3efa8c845ca9b531c7e14
theo_n,4,323,false,9,13,onchain,500,319,1979758,4554511,459000,532322,573.572900,582711,594.368100,615703,610.433400,69626,20.285500,0x098b50423eb1b80e5a7fb520438bb4f17cbf6c9b9e6ebef7938342aa2df694fe,0x0dec1f0ca4dc721f9f7a8dd729be3ed84a8c9b78dc5a36a4ab24ec56990c5796
theo_n,4,324,false,9,13,onchain,500,320,1979758,4554511,459000,532334,548.720500,582711,679.337800,615703,583.772900,69614,25.622300,0x098b50423eb1b80e5a7fb520438bb4f17cbf6c9b9e6ebef7938342aa2df694fe,0x002d16b36d6de7474a2ec6ef4c2b5dfe8555d2c0fefc4b45f56f671899f39f19
theo_n,4,325,false,9,13,onchain,500,321,1979758,4554511,459000,532202,579.331000,582591,616.478900,615583,611.035900,69626,32.105300,0x098b50423eb1b80e5a7fb520438bb4f17cbf6c9b9e6ebef7938342aa2df694fe,0x2b2817bc9643603901e9ed0e7a86d1925b681e557ea4ae5f45137ad1836e0fc9
theo_n,4,326,false,9,13,onchain,500,322,1979758,4554511,459000,532286,592.421500,582663,609.938500,615655,593.425100,69626,21.755800,0x098b50423eb1b80e5a7fb520438bb4f17cbf6c9b9e6ebef7938342aa2df694fe,0x287b1719aa0e7765f94a2d4f54ee64d2bdb32bf72a0402d29106e298a0cfdf77
theo_n,4,327,false,9,13,onchain,500,323,1979758,4554511,459000,532262,627.146100,582639,605.669800,615631,585.419000,69626,18.601300,0x098b50423eb1b80e5a7fb520438bb4f17cbf6c9b9e6ebef7938342aa2df694fe,0x275fda5f4888a155da450b110d64dc9a01467d93492c05b3dcff6ab1af0e9fbf
theo_n,4,328,false,9,13,onchain,500,324,1979758,4554511,459000,532286,565.756600,582675,566.810700,615667,614.484700,69626,20.591800,0x098b50423eb1b80e5a7fb520438bb4f17cbf6c9b9e6ebef7938342aa2df694fe,0x095c6031ca7edfb03f9399642d2742f1b595290521f05f2c20339fe4df8b3931
theo_n,4,329,false,9,13,onchain,500,325,1979758,4554511,459000,532274,574.075000,582663,617.317600,615655,632.830200,69626,19.803400,0x098b50423eb1b80e5a7fb520438bb4f17cbf6c9b9e6ebef7938342aa2df694fe,0x17d3d37d5e35f46a2a3fb234d1d1652ca475755f1a07082fd11c0e3a876761a6
theo_n,4,330,false,9,13,onchain,500,326,1979758,4554511,459000,532310,575.694800,582699,622.971400,615691,588.368200,69626,46.744500,0x098b50423eb1b80e5a7fb520438bb4f17cbf6c9b9e6ebef7938342aa2df694fe,0x1ac75c6ed9f90de62f9775ff423b1ff839ac9958915851696307b7a7d6450db6
theo_n,4,331,false,9,13,onchain,500,327,1979758,4554511,459000,532370,612.551900,582759,550.002200,615751,741.776800,69626,24.747900,0x098b50423eb1b80e5a7fb520438bb4f17cbf6c9b9e6ebef7938342aa2df694fe,0x0c2d971bce31e07f0a4d4de39b5c6bac3335d5febb655089ed885cea978a0bb9
theo_n,4,332,false,9,13,onchain,500,328,1979758,4554511,459000,532238,701.981700,582627,573.199500,615619,609.793400,69626,24.511800,0x098b50423eb1b80e5a7fb520438bb4f17cbf6c9b9e6ebef7938342aa2df694fe,0x075654f1c9e5abe5fce4baccbe6da07810dffabc979728eedf550abd56074ba4
theo_n,4,333,false,9,13,onchain,500,329,1979758,4554511,459000,532262,617.760500,582651,603.098600,615643,637.147900,69626,30.098900,0x098b50423eb1b80e5a7fb520438bb4f17cbf6c9b9e6ebef7938342aa2df694fe,0x0a63eac5908ab14b7879638596b87d9140c5474707a3ad072e2f1a34645752ba
theo_n,4,334,false,9,13,onchain,500,330,1979758,4554511,459000,532346,562.377300,582735,574.018900,615727,685.989800,69626,22.798600,0x098b50423eb1b80e5a7fb520438bb4f17cbf6c9b9e6ebef7938342aa2df694fe,0x08e9b9b4e26fc3aca37bccf5629f51a451dbb6ea41a9b4882a3d78932409045a
theo_n,4,335,false,9,13,onchain,500,331,1979758,4554511,459000,532322,554.900000,582711,579.471000,615703,660.756500,69626,27.947900,0x098b50423eb1b80e5a7fb520438bb4f17cbf6c9b9e6ebef7938342aa2df694fe,0x098ff9bfabd2578b64849f372dfccc3889e8f48dd1d57d81e3d9e88fbd994c78
theo_n,4,336,false,9,13,onchain,500,332,1979758,4554511,459000,532262,585.175200,582651,589.846900,615643,590.166200,69626,17.215700,0x098b50423eb1b80e5a7fb520438bb4f17cbf6c9b9e6ebef7938342aa2df694fe,0x1db4b736a2b0ecc19a65c0c07835152665c8e62915ffa56fa7ab6503f5c9bd19
theo_n,4,337,false,9,13,onchain,500,333,1979758,4554511,459000,532310,554.348300,582687,577.790700,615679,625.280500,69614,24.399200,0x098b50423eb1b80e5a7fb520438bb4f17cbf6c9b9e6ebef7938342aa2df694fe,0x2bc5afd849a1330fc452535400ac1d4d8390ff4fc994c438f681397683bc1753
theo_n,4,338,false,9,13,onchain,500,334,1979758,4554511,459000,532250,556.696200,582639,746.079600,615631,638.702500,69626,47.477100,0x098b50423eb1b80e5a7fb520438bb4f17cbf6c9b9e6ebef7938342aa2df694fe,0x12216d0a1f27606101af6298d2b5d879870b6c64de2f8873b7fd2b23867b9935
theo_n,4,339,false,9,13,onchain,500,335,1979758,4554511,459000,532322,586.901300,582711,578.932500,615703,586.209000,69626,27.556100,0x098b50423eb1b80e5a7fb520438bb4f17cbf6c9b9e6ebef7938342aa2df694fe,0x2839f37d67552efb8cead8faa71bb56779c63441b8b5b103c3f779de4528692f
theo_n,4,340,false,9,13,onchain,500,336,1979758,4554511,459000,532274,626.692100,582651,601.606000,615643,652.247500,69614,33.823400,0x098b50423eb1b80e5a7fb520438bb4f17cbf6c9b9e6ebef7938342aa2df694fe,0x204f2b2dc108ebd91b8e8e9b95eea64bb1a6cb4f5ab54c2c0026fd7e839ae592
theo_n,4,341,false,9,13,onchain,500,337,1979758,4554511,459000,532334,626.125900,582723,622.617500,615715,576.659800,69626,37.437200,0x098b50423eb1b80e5a7fb520438bb4f17cbf6c9b9e6ebef7938342aa2df694fe,0x204d869a69ccfa457f8806504f9890bc280efc739f3f0ecf9fc1eb0fb6528c59
theo_n,4,342,false,9,13,onchain,500,338,1979758,4554511,459000,532346,645.405900,582735,645.060900,615727,609.185400,69626,26.409000,0x098b50423eb1b80e5a7fb520438bb4f17cbf6c9b9e6ebef7938342aa2df694fe,0x04b5d935609dfcb26d7a583849391abb7d04dfd1781f9026cce73dabe6b5ffc5
theo_n,4,343,false,9,13,onchain,500,339,1979758,4554511,459000,532274,612.292500,582663,593.385000,615655,719.840400,69626,34.915800,0x098b50423eb1b80e5a7fb520438bb4f17cbf6c9b9e6ebef7938342aa2df694fe,0x152536451a8e9393f717d73e334bfa8514a176570f84aacc7c013645e671935a
theo_n,4,344,false,9,13,onchain,500,340,1979758,4554511,459000,532286,640.879500,582675,600.238700,615667,559.642700,69626,29.439600,0x098b50423eb1b80e5a7fb520438bb4f17cbf6c9b9e6ebef7938342aa2df694fe,0x0457c3089a76f9a9d8acf8fc0271db28cb47b4da13a71cd9ebb0d4f85b06dc91
theo_n,4,345,false,9,13,onchain,500,341,1979758,4554511,459000,532250,556.067300,582639,582.469400,615631,638.504100,69626,27.039100,0x098b50423eb1b80e5a7fb520438bb4f17cbf6c9b9e6ebef7938342aa2df694fe,0x2efb0c793ef2952e6286b0c951664e67f457f2399d5e05fa4f0bb48c137ef7af
theo_n,4,346,false,9,13,onchain,500,342,1979758,4554511,459000,532238,561.683700,582615,633.926100,615607,576.366000,69626,58.048800,0x098b50423eb1b80e5a7fb520438bb4f17cbf6c9b9e6ebef7938342aa2df694fe,0x07c6757702a5062212213dfa130caee8e8c66080fd605f2c89c4bd459c0eb506
theo_n,4,347,false,9,13,onchain,500,343,1979758,4554511,459000,532238,557.624500,582627,654.904500,615619,588.020400,69626,26.835900,0x098b50423eb1b80e5a7fb520438bb4f17cbf6c9b9e6ebef7938342aa2df694fe,0x1f31d06804fe9d643009a57a3670fbf5708c1c3c6251624db210bc9f18177456
theo_n,4,348,false,9,13,onchain,500,344,1979758,4554511,459000,532394,660.157700,582783,584.459700,615775,581.617100,69626,22.745800,0x098b50423eb1b80e5a7fb520438bb4f17cbf6c9b9e6ebef7938342aa2df694fe,0x2e37e091fc8c192e870e9a1bc151044c6f827a9d7b31a863df824e406f8c7cd1
theo_n,4,349,false,9,13,onchain,500,345,1979758,4554511,459000,532262,525.075000,582651,588.753700,615643,631.097500,69626,21.242700,0x098b50423eb1b80e5a7fb520438bb4f17cbf6c9b9e6ebef7938342aa2df694fe,0x226079d37d6b5905b792bcf76b2799b0253b82604264870bcec2afc3472d5c73
theo_n,4,350,false,9,13,onchain,500,346,1979758,4554511,459000,532274,574.012400,582663,573.284300,615655,598.975100,69626,22.219000,0x098b50423eb1b80e5a7fb520438bb4f17cbf6c9b9e6ebef7938342aa2df694fe,0x117db97a81840683d5f0024370805bbb38977ea928586ac4f07b751d7b8585aa
theo_n,4,351,false,9,13,onchain,500,347,1979758,4554511,459000,532310,558.671700,582699,634.038000,615691,567.036900,69626,24.255500,0x098b50423eb1b80e5a7fb520438bb4f17cbf6c9b9e6ebef7938342aa2df694fe,0x254f554195b2795e198655ca2a08c0d3b52361f517bfc45abf441ff5f97cb8c0
theo_n,4,352,false,9,13,onchain,500,348,1979758,4554511,459000,532274,582.781800,582663,801.575800,615655,572.719900,69626,30.814500,0x098b50423eb1b80e5a7fb520438bb4f17cbf6c9b9e6ebef7938342aa2df694fe,0x1593770d9d55f43a7cdb36fc0fc3822fa5eb57dd09ab2b86b6688d899c0597a3
theo_n,4,353,false,9,13,onchain,500,349,1979758,4554511,459000,532346,591.890300,582735,624.861600,615727,580.433700,69626,28.753300,0x098b50423eb1b80e5a7fb520438bb4f17cbf6c9b9e6ebef7938342aa2df694fe,0x20e21d8732cbae26a5eb1e3a08fa1d385815993a3e06bf751447c239e53ebec2
theo_n,4,354,false,9,13,onchain,500,350,1979758,4554511,459000,532238,611.579000,582627,556.031700,615619,674.549600,69626,46.844300,0x098b50423eb1b80e5a7fb520438bb4f17cbf6c9b9e6ebef7938342aa2df694fe,0x0e99cfc4fe2b4260a2b9ad2ea8a798e983acf32369ddff77b9bbbfb006aea219
theo_n,4,355,false,9,13,onchain,500,351,1979758,4554511,459000,532370,684.405400,582759,710.050500,615751,610.410900,69626,23.980200,0x098b50423eb1b80e5a7fb520438bb4f17cbf6c9b9e6ebef7938342aa2df694fe,0x02561cbf09126048622749b6c4fb1d96e7c743c3ddd00c24fe36a90236a1b716
theo_n,4,356,false,9,13,onchain,500,352,1979758,4554511,459000,532334,549.784600,582723,584.277200,615715,601.262400,69626,27.485500,0x098b50423eb1b80e5a7fb520438bb4f17cbf6c9b9e6ebef7938342aa2df694fe,0x1b60a8b5553baadbaddd458ba1d262ab05296dcadb500fffc6521c0670d859de
theo_n,4,357,false,9,13,onchain,500,353,1979758,4554511,459000,532346,537.526400,582735,606.154100,615727,608.596000,69626,19.046200,0x098b50423eb1b80e5a7fb520438bb4f17cbf6c9b9e6ebef7938342aa2df694fe,0x28c3e736537efd4af55e4024deafcb55b364d5be65156ae12c48fb5d62772ff0
theo_n,4,358,false,9,13,onchain,500,354,1979758,4554511,459000,532346,562.478300,582735,581.149400,615727,583.038400,69626,22.609000,0x098b50423eb1b80e5a7fb520438bb4f17cbf6c9b9e6ebef7938342aa2df694fe,0x04b39fd3e5f335a5b634bd563ba92eb4d8fa3f7e32fe4b6a4bc9ac1fd43c19ca
theo_n,4,359,false,9,13,onchain,500,355,1979758,4554511,459000,532250,595.518500,582627,792.693000,615619,582.489100,69614,33.073400,0x098b50423eb1b80e5a7fb520438bb4f17cbf6c9b9e6ebef7938342aa2df694fe,0x0004225074508fa3022f90e37e6c870a9b686a8123ef5bbe2056904cf37642db
theo_n,4,360,false,9,13,onchain,500,356,1979758,4554511,459000,532310,547.617300,582699,583.362800,615691,593.808400,69626,25.986400,0x098b50423eb1b80e5a7fb520438bb4f17cbf6c9b9e6ebef7938342aa2df694fe,0x021bebfbfc5cca243be6d61f58c6fcfc3b49fd9f33fababe9cb255a21de6777c
theo_n,4,361,false,9,13,onchain,500,357,1979758,4554511,459000,532346,597.721600,582735,555.793600,615727,564.540600,69626,27.706800,0x098b50423eb1b80e5a7fb520438bb4f17cbf6c9b9e6ebef7938342aa2df694fe,0x050f085ab3e5f5c3eb150a35091b609b024454e337120d29ab9b71776fc7338d
theo_n,4,362,false,9,13,onchain,500,358,1979758,4554511,459000,532250,739.352000,582639,766.092700,615631,614.432600,69626,30.195400,0x098b50423eb1b80e5a7fb520438bb4f17cbf6c9b9e6ebef7938342aa2df694fe,0x222c67432c9adedc49d9236e9654816e0cf5c7e793e5f52d51452e4d94e61b34
theo_n,4,363,false,9,13,onchain,500,359,1979758,4554511,459000,532322,588.612800,582711,616.504300,615703,609.202600,69626,32.309800,0x098b50423eb1b80e5a7fb520438bb4f17cbf6c9b9e6ebef7938342aa2df694fe,0x27b239bf70d964ad2873d0a1bfdc4491651f20e30617f39306e3109f9444ae1f
theo_n,4,364,false,9,13,onchain,500,360,1979758,4554511,459000,532334,569.266900,582723,650.697400,615715,676.527400,69626,20.917000,0x098b50423eb1b80e5a7fb520438bb4f17cbf6c9b9e6ebef7938342aa2df694fe,0x1e1b5831fdf4b76d30e9b076372b1a47468a39c721bfd22182db547151d10305
theo_n,4,365,false,9,13,onchain,500,361,1979758,4554511,459000,532322,570.098200,582711,588.092200,615703,579.111500,69626,23.585300,0x098b50423eb1b80e5a7fb520438bb4f17cbf6c9b9e6ebef7938342aa2df694fe,0x0605aa46ac40963353ba3f275bdaa747c1794498b7645bbd422dbae339555c55
theo_n,4,366,false,9,13,onchain,500,362,1979758,4554511,459000,532262,565.965600,582651,586.122700,615643,714.411900,69626,22.296600,0x098b50423eb1b80e5a7fb520438bb4f17cbf6c9b9e6ebef7938342aa2df694fe,0x1851f7753135b8747d9eb910c77c916cf827ea9f2155dc9d379ef2afa367a772
theo_n,4,367,false,9,13,onchain,500,363,1979758,4554511,459000,532250,545.220900,582639,551.944200,615631,632.799100,69626,26.616300,0x098b50423eb1b80e5a7fb520438bb4f17cbf6c9b9e6ebef7938342aa2df694fe,0x16fc1f235038e480513f38e613e2d02f17b4832841d68c8ef401b09167c9ff5f
theo_n,4,368,false,9,13,onchain,500,364,1979758,4554511,459000,532310,571.317800,582699,627.451900,615691,573.077900,69626,30.895500,0x098b50423eb1b80e5a7fb520438bb4f17cbf6c9b9e6ebef7938342aa2df694fe,0x193a1a014690b7724bf6978a4714fe2a0476d1eef7c299ca5f750f3cd17874eb
theo_n,4,369,false,9,13,onchain,500,365,1979758,4554511,459000,532286,534.837800,582675,629.547400,615667,622.992500,69626,26.969800,0x098b50423eb1b80e5a7fb520438bb4f17cbf6c9b9e6ebef7938342aa2df694fe,0x0f963c37f6669553709742d3391b6f600bb9eeee0f58acf2765960e71eb5b81c
theo_n,4,370,false,9,13,onchain,500,366,1979758,4554511,459000,532310,604.161100,582699,708.657800,615691,568.487600,69626,55.351500,0x098b50423eb1b80e5a7fb520438bb4f17cbf6c9b9e6ebef7938342aa2df694fe,0x303b6b066769651941ebaaebfcd8040f41a717542235e1f57492ed152123cff2
theo_n,4,371,false,9,13,onchain,500,367,1979758,4554511,459000,532274,638.554900,582663,663.256800,615655,592.102900,69626,33.730900,0x098b50423eb1b80e5a7fb520438bb4f17cbf6c9b9e6ebef7938342aa2df694fe,0x2ed695d8f21d493b9d35e98eaf8a93b2d7366dc343dd2584f504aa5e64116990
theo_n,4,372,false,9,13,onchain,500,368,1979758,4554511,459000,532214,571.000800,582603,637.379900,615595,590.616400,69626,17.997000,0x098b50423eb1b80e5a7fb520438bb4f17cbf6c9b9e6ebef7938342aa2df694fe,0x1ad4f7e67fe4ff1b47a8341daf54ba4cfc10c65cf1044c60def6d901a807ed46
theo_n,4,373,false,9,13,onchain,500,369,1979758,4554511,459000,532406,558.276100,582795,585.710400,615787,663.952000,69626,20.242700,0x098b50423eb1b80e5a7fb520438bb4f17cbf6c9b9e6ebef7938342aa2df694fe,0x0c5a630d9f98b120bc544c96c47eec11640c6ab4b933c80d522151a3ff6adf8a
theo_n,4,374,false,9,13,onchain,500,370,1979758,4554511,459000,532334,551.159200,582711,697.427400,615703,630.692500,69614,36.722600,0x098b50423eb1b80e5a7fb520438bb4f17cbf6c9b9e6ebef7938342aa2df694fe,0x03f5612ddf0d430300b9710c7d5770ca54ee984d0d55902c9e31fec569bca9e3
theo_n,4,375,false,9,13,onchain,500,371,1979758,4554511,459000,532238,550.406500,582627,653.896900,615619,610.966600,69626,22.897700,0x098b50423eb1b80e5a7fb520438bb4f17cbf6c9b9e6ebef7938342aa2df694fe,0x1e849df2f825791fd8ed533d294b831c090962116777818d7fe8e404e5c063fd
theo_n,4,376,false,9,13,onchain,500,372,1979758,4554511,459000,532250,657.315100,582639,595.526200,615631,603.193700,69626,29.994900,0x098b50423eb1b80e5a7fb520438bb4f17cbf6c9b9e6ebef7938342aa2df694fe,0x18cfa5c6cd646ef374aab2e94e771ad9364cf8d95486dbb632ede7bba8b9c2b8
theo_n,4,377,false,9,13,onchain,500,373,1979758,4554511,459000,532322,519.452800,582699,598.227200,615691,621.069400,69626,18.321600,0x098b50423eb1b80e5a7fb520438bb4f17cbf6c9b9e6ebef7938342aa2df694fe,0x25b65d1c3a0bc65503d9a28d15da14bdd9f67ae4de7a884deeedb518e97a9262
theo_n,4,378,false,9,13,onchain,500,374,1979758,4554511,459000,532346,539.742500,582735,621.038100,615727,568.129300,69626,58.324000,0x098b50423eb1b80e5a7fb520438bb4f17cbf6c9b9e6ebef7938342aa2df694fe,0x04814392968319dd081a9b03644408df0f13373cd048e655a8b8de0a52e23270
theo_n,4,379,false,9,13,onchain,500,375,1979758,4554511,459000,532250,581.969600,582639,673.163900,615631,663.961400,69626,31.554000,0x098b50423eb1b80e5a7fb520438bb4f17cbf6c9b9e6ebef7938342aa2df694fe,0x118f2bc8abc13248898a6bcd9a243f7ca0a998ade21b658f26f4157747c66bb1
theo_n,4,380,false,9,13,onchain,500,376,1979758,4554511,459000,532346,547.550400,582735,567.616900,615727,553.533100,69626,21.773400,0x098b50423eb1b80e5a7fb520438bb4f17cbf6c9b9e6ebef7938342aa2df694fe,0x162d42cc97848b8015e6f6973e026d6782e2a7cb2fb68038286cbc81d7508eda
theo_n,4,381,false,9,13,onchain,500,377,1979758,4554511,459000,532310,528.157200,582699,656.278800,615691,572.734000,69626,20.622000,0x098b50423eb1b80e5a7fb520438bb4f17cbf6c9b9e6ebef7938342aa2df694fe,0x157e57147367313af2ccdb0b69a90f60da885d73b45344e360fbc625f7696351
theo_n,4,382,false,9,13,onchain,500,378,1979758,4554511,459000,532262,560.048600,582639,600.848600,615631,723.235000,69614,28.023000,0x098b50423eb1b80e5a7fb520438bb4f17cbf6c9b9e6ebef7938342aa2df694fe,0x0ad9f8b60ac2b27db29f8d015c05982cd6a7f9fe5461daae00a8f8e7b10bb470
theo_n,4,383,false,9,13,onchain,500,379,1979758,4554511,459000,532238,575.538000,582627,592.440900,615619,580.206400,69626,25.011000,0x098b50423eb1b80e5a7fb520438bb4f17cbf6c9b9e6ebef7938342aa2df694fe,0x02d5dff1d08df114839ef1dc507caa525323fb9828ac5daac4983bbfb43f03ee
theo_n,4,384,false,9,13,onchain,500,380,1979758,4554511,459000,532286,580.834900,582675,622.158000,615667,644.139300,69626,22.968800,0x098b50423eb1b80e5a7fb520438bb4f17cbf6c9b9e6ebef7938342aa2df694fe,0x07e27bc2513cc928d26b30eb92d217d53a1f2efa7ec91e9f3281e5893d80ea14
theo_n,4,385,false,9,13,onchain,500,381,1979758,4554511,459000,532334,540.031700,582723,632.084100,615715,573.734400,69626,25.450200,0x098b50423eb1b80e5a7fb520438bb4f17cbf6c9b9e6ebef7938342aa2df694fe,0x17398fc5f1d2e60159ce1452da7355a2234e2843260b50b40ded9b9d1d7fc2c5
theo_n,4,386,false,9,13,onchain,500,382,1979758,4554511,459000,532346,766.984300,582735,630.512000,615727,670.656800,69626,32.197300,0x098b50423eb1b80e5a7fb520438bb4f17cbf6c9b9e6ebef7938342aa2df694fe,0x1bcd1df4387375c9e3d385db43f832b4b6fe272b45f7e52252b39bb8382252e4
theo_n,4,387,false,9,13,onchain,500,383,1979758,4554511,459000,532214,559.638500,582603,614.138300,615595,542.682400,69626,39.195000,0x098b50423eb1b80e5a7fb520438bb4f17cbf6c9b9e6ebef7938342aa2df694fe,0x28bd69fe5fd086a619856936b40121a7155f548d42a84f35bce33cd48f7c5b79
theo_n,4,388,false,9,13,onchain,500,384,1979758,4554511,459000,532370,613.960800,582747,555.638000,615739,670.656800,69614,33.283800,0x098b50423eb1b80e5a7fb520438bb4f17cbf6c9b9e6ebef7938342aa2df694fe,0x1e7e3f9f39ceb8265b464c07373a4b37a800558074e78b931da84545f6d94e6d
theo_n,4,389,false,9,13,onchain,500,385,1979758,4554511,459000,532238,566.064200,582615,546.837500,615607,726.918600,69614,24.101900,0x098b50423eb1b80e5a7fb520438bb4f17cbf6c9b9e6ebef7938342aa2df694fe,0x0de1feb02f5d7b62cce3ccea8a74c6a75a1062001c1a44cae3b015de71aba263
theo_n,4,390,false,9,13,onchain,500,386,1979758,4554511,459000,532250,626.113000,582639,546.571700,615631,561.845000,69626,26.396200,0x098b50423eb1b80e5a7fb520438bb4f17cbf6c9b9e6ebef7938342aa2df694fe,0x0ccf0155d5e5543303c4ae684ea5d6d3506eadcac2a6ce0b43d37b55f33f3ae7
theo_n,4,391,false,9,13,onchain,500,387,1979758,4554511,459000,532190,538.377800,582579,742.595900,615571,576.107700,69626,19.354000,0x098b50423eb1b80e5a7fb520438bb4f17cbf6c9b9e6ebef7938342aa2df694fe,0x092407afbdab9b40602d5946175c6668381b10d76ec0d1fc625720ab89492697
theo_n,4,392,false,9,13,onchain,500,388,1979758,4554511,459000,532310,591.159500,582699,840.072400,615691,559.408400,69626,19.381900,0x098b50423eb1b80e5a7fb520438bb4f17cbf6c9b9e6ebef7938342aa2df694fe,0x057debe0a69bdb13be5df68e059ebc5810b7a076ae38389e59938c99084ee97e
theo_n,4,393,false,9,13,onchain,500,389,1979758,4554511,459000,532262,635.065500,582651,575.777500,615643,675.901700,69626,28.073000,0x098b50423eb1b80e5a7fb520438bb4f17cbf6c9b9e6ebef7938342aa2df694fe,0x303a402911f18f755f5c1a87ec99a33b77d1c2577916758ef573ab2194af50d9
theo_n,4,394,false,9,13,onchain,500,390,1979758,4554511,459000,532238,623.489600,582615,699.891500,615607,520.769200,69614,21.444300,0x098b50423eb1b80e5a7fb520438bb4f17cbf6c9b9e6ebef7938342aa2df694fe,0x263992a8e602149f3b6505ad16e7f04e696f8125783000c71d2ecc897e2a52b7
theo_n,4,395,false,9,13,onchain,500,391,1979758,4554511,459000,532346,643.787600,582735,567.241500,615727,667.096200,69626,25.616300,0x098b50423eb1b80e5a7fb520438bb4f17cbf6c9b9e6ebef7938342aa2df694fe,0x2db9482626db14404a768c8465161d5833bab0bdd0cee894e56dce89b9eb09fd
theo_n,4,396,false,9,13,onchain,500,392,1979758,4554511,459000,532274,541.211400,582663,662.730000,615655,602.916500,69626,29.273100,0x098b50423eb1b80e5a7fb520438bb4f17cbf6c9b9e6ebef7938342aa2df694fe,0x172df5a3f063b8f4f9c1d0f322ca54fa2d5f74aaf6562a8806fdfe2ca2e0483e
theo_n,4,397,false,9,13,onchain,500,393,1979758,4554511,459000,532226,558.873900,582615,671.122700,615607,609.864000,69626,29.791300,0x098b50423eb1b80e5a7fb520438bb4f17cbf6c9b9e6ebef7938342aa2df694fe,0x12c6243e284afc10fb4414ac11753f093a708b67c527cf722831b3a7a593cb08
theo_n,4,398,false,9,13,onchain,500,394,1979758,4554511,459000,532274,700.476200,582663,655.327600,615655,781.992000,69626,120.466500,0x098b50423eb1b80e5a7fb520438bb4f17cbf6c9b9e6ebef7938342aa2df694fe,0x12096b14d65088c6387377b9d89127c1ce5a0b1f72408edea1b850e9e359aa9e
theo_n,4,399,false,9,13,onchain,500,395,1979758,4554511,459000,532310,545.282500,582699,612.221100,615691,584.867500,69626,30.168200,0x098b50423eb1b80e5a7fb520438bb4f17cbf6c9b9e6ebef7938342aa2df694fe,0x18b1832ec6179c73f03c78110ac55f45acae9d0d5117cf6c03da7814f79e5d8f
theo_n,4,400,false,9,13,onchain,500,396,1979758,4554511,459000,532322,565.599100,582711,629.914900,615703,581.863700,69626,84.525700,0x098b50423eb1b80e5a7fb520438bb4f17cbf6c9b9e6ebef7938342aa2df694fe,0x113de8491220bb5eb508d65cc8ee0e1ceb7a712b1a9b95fc93acd8856ecb28f5
theo_n,4,401,false,9,13,onchain,500,397,1979758,4554511,459000,532274,600.202000,582663,598.022300,615655,587.200500,69626,22.185700,0x098b50423eb1b80e5a7fb520438bb4f17cbf6c9b9e6ebef7938342aa2df694fe,0x27a010cf4e19c4a88e2edb7f04ac75b764b8e24719dc82dbbd0c0f7c8934be1e
theo_n,4,402,false,9,13,onchain,500,398,1979758,4554511,459000,532346,554.144100,582735,665.364100,615727,641.225300,69626,32.677100,0x098b50423eb1b80e5a7fb520438bb4f17cbf6c9b9e6ebef7938342aa2df694fe,0x0b023dd915cb016b7238b5bdd3190fe98abd3504c6dbfba463d90bb38ff29ad2
theo_n,4,403,false,9,13,onchain,500,399,1979758,4554511,459000,532346,607.416100,582735,626.048300,615727,575.537700,69626,23.267800,0x098b50423eb1b80e5a7fb520438bb4f17cbf6c9b9e6ebef7938342aa2df694fe,0x1a7e6c56f626be3e54886b792935dd23863f6915b323aa78148b70ab13ec5273
theo_n,4,404,false,9,13,onchain,500,400,1979758,4554511,459000,532274,546.674600,582663,582.542700,615655,645.422600,69626,29.727000,0x098b50423eb1b80e5a7fb520438bb4f17cbf6c9b9e6ebef7938342aa2df694fe,0x2a2bffaf3fae1687545dfd12db373e7029a50e1e72ae6a4acfcbd733129c205d
theo_n,4,405,false,9,13,onchain,500,401,1979758,4554511,459000,532274,671.315100,582663,544.911500,615655,629.284400,69626,21.909300,0x098b50423eb1b80e5a7fb520438bb4f17cbf6c9b9e6ebef7938342aa2df694fe,0x2cc4cf0733e1349358e8a570eac07ff818161987e3a18bfde63a9f0b95deca6d
theo_n,4,406,false,9,13,onchain,500,402,1979758,4554511,459000,532202,597.103800,582591,643.208400,615583,655.808700,69626,22.862200,0x098b50423eb1b80e5a7fb520438bb4f17cbf6c9b9e6ebef7938342aa2df694fe,0x1b8c0ebcb5cf1b7c144731c42fbfeebd4519c91bbe045821496f2975128cd66c
theo_n,4,407,false,9,13,onchain,500,403,1979758,4554511,459000,532274,530.327200,582663,650.907700,615655,650.575900,69626,26.430900,0x098b50423eb1b80e5a7fb520438bb4f17cbf6c9b9e6ebef7938342aa2df694fe,0x2db8f99903aebf090472808a8ea677cc1579e7aa758397d7fd28dd09d7b51280
theo_n,4,408,false,9,13,onchain,500,404,1979758,4554511,459000,532346,560.184600,582735,589.860200,615727,596.429200,69626,26.861400,0x098b50423eb1b80e5a7fb520438bb4f17cbf6c9b9e6ebef7938342aa2df694fe,0x0bf0ebb05a15be9b640ea65b8d18d6832cad86267bf6cb999ad43d7d749ad1be
theo_n,4,409,false,9,13,onchain,500,405,1979758,4554511,459000,532334,565.026400,582723,596.109200,615715,579.245500,69626,56.346500,0x098b50423eb1b80e5a7fb520438bb4f17cbf6c9b9e6ebef7938342aa2df694fe,0x1b988085e3126ddfb6a991df1c0f573fa0e6f9965ef6b3f10de414b3fdd35013
theo_n,4,410,false,9,13,onchain,500,406,1979758,4554511,459000,532286,585.212200,582675,747.771100,615667,556.019900,69626,20.823600,0x098b50423eb1b80e5a7fb520438bb4f17cbf6c9b9e6ebef7938342aa2df694fe,0x154bfdb6e90d7431315c386cc66abcbf3958bded588b405520a34f7d4f56e666
theo_n,4,411,false,9,13,onchain,500,407,1979758,4554511,459000,532286,543.107600,582675,606.524500,615667,559.521400,69626,28.665900,0x098b50423eb1b80e5a7fb520438bb4f17cbf6c9b9e6ebef7938342aa2df694fe,0x09dcc218c82397618550beef8f8255788a9ec1329b4e16b1effb79dd16db6db8
theo_n,4,412,false,9,13,onchain,500,408,1979758,4554511,459000,532334,553.202900,582723,553.927500,615715,682.853400,69626,29.473300,0x098b50423eb1b80e5a7fb520438bb4f17cbf6c9b9e6ebef7938342aa2df694fe,0x03e0e67240dac313442539b1a1241dc6465eb385b752bbfd21607f280e9ed7a8
theo_n,4,413,false,9,13,onchain,500,409,1979758,4554511,459000,532250,599.157700,582639,616.761100,615631,615.049900,69626,20.818600,0x098b50423eb1b80e5a7fb520438bb4f17cbf6c9b9e6ebef7938342aa2df694fe,0x3007bee886bfacd3ffad885814b8c4e8cceb990aa13437fa53e86c1dcd321aac
theo_n,4,414,false,9,13,onchain,500,410,1979758,4554511,459000,532166,564.641300,582555,581.492700,615547,678.564800,69626,26.749800,0x098b50423eb1b80e5a7fb520438bb4f17cbf6c9b9e6ebef7938342aa2df694fe,0x181a21556d142138a10d0d14eb5e6c5d16df78825c4945a3d09ac9823e327b17
theo_n,4,415,false,9,13,onchain,500,411,1979758,4554511,459000,532238,560.829400,582627,613.203800,615619,627.580500,69626,31.309200,0x098b50423eb1b80e5a7fb520438bb4f17cbf6c9b9e6ebef7938342aa2df694fe,0x2835faa28d27666daad62898414f35b70a6f1b36e83f6903b595b0b699a120e0
theo_n,4,416,false,9,13,onchain,500,412,1979758,4554511,459000,532202,581.131900,582591,677.112400,615583,572.011500,69626,23.482900,0x098b50423eb1b80e5a7fb520438bb4f17cbf6c9b9e6ebef7938342aa2df694fe,0x06016b8fc0cfb43fe47861f337a516e5702b812d6b62d60cb94bca0b4d6acd7c
theo_n,4,417,false,9,13,onchain,500,413,1979758,4554511,459000,532286,551.429200,582675,610.086900,615667,636.090400,69626,21.924100,0x098b50423eb1b80e5a7fb520438bb4f17cbf6c9b9e6ebef7938342aa2df694fe,0x1bed17d5deba5bed8ba9eed3242058dba5d4c9596776efeb51be6779ca0306a3
theo_n,4,418,false,9,13,onchain,500,414,1979758,4554511,459000,532214,562.492000,582603,744.147000,615595,620.430800,69626,18.026600,0x098b50423eb1b80e5a7fb520438bb4f17cbf6c9b9e6ebef7938342aa2df694fe,0x016ddbf0460e9b0e15e4f146a5a20f1fdcdc6a8561610466846c78fbc49a3d7c
theo_n,4,419,false,9,13,onchain,500,415,1979758,4554511,459000,532310,582.495700,582699,609.240200,615691,565.596700,69626,39.751200,0x098b50423eb1b80e5a7fb520438bb4f17cbf6c9b9e6ebef7938342aa2df694fe,0x0e0771a1c3bbd684257a57be0b21e69a6727489b4ddc066d53818988c039b7c6
theo_n,4,420,false,9,13,onchain,500,416,1979758,4554511,459000,532406,577.666900,582795,577.104900,615787,606.945000,69626,30.071300,0x098b50423eb1b80e5a7fb520438bb4f17cbf6c9b9e6ebef7938342aa2df694fe,0x2830fdb34c979454f9f3421f8b0574c294c79daee7ad2bc1b5dc97a95a4f9d54
theo_n,4,421,false,9,13,onchain,500,417,1979758,4554511,459000,532286,559.403000,582675,618.130400,615667,731.797300,69626,27.564800,0x098b50423eb1b80e5a7fb520438bb4f17cbf6c9b9e6ebef7938342aa2df694fe,0x13a0fb9058def92f47de48cf7aa57b8540d590214e9ee3ef4a3b4e6b1fd39fc7
theo_n,4,422,false,9,13,onchain,500,418,1979758,4554511,459000,532286,623.012100,582675,594.336600,615667,584.382400,69626,25.281600,0x098b50423eb1b80e5a7fb520438bb4f17cbf6c9b9e6ebef7938342aa2df694fe,0x0326508a2e8766b39956ca4bcb280f99a691a9091e7328ef63d81a41a3b488f5
theo_n,4,423,false,9,13,onchain,500,419,1979758,4554511,459000,532322,586.896400,582711,705.978100,615703,657.560700,69626,27.032400,0x098b50423eb1b80e5a7fb520438bb4f17cbf6c9b9e6ebef7938342aa2df694fe,0x1aad75cc6b55ef5aefca1139b211062bbb6f98191567e7e2c53e14c4ed4d2510
theo_n,4,424,false,9,13,onchain,500,420,1979758,4554511,459000,532346,617.022800,582735,620.708500,615727,681.742400,69626,34.132000,0x098b50423eb1b80e5a7fb520438bb4f17cbf6c9b9e6ebef7938342aa2df694fe,0x0762cba02d6c2fd227c1121dbbb65b1dddcd594906111c19dcb75308284fab1e
theo_n,4,425,false,9,13,onchain,500,421,1979758,4554511,459000,532250,596.792800,582639,558.289900,615631,727.197600,69626,31.426600,0x098b50423eb1b80e5a7fb520438bb4f17cbf6c9b9e6ebef7938342aa2df694fe,0x2867d18a8d13dcdcf2a610885da6d6baf390d38a0ba79aa67af91dedf2e4134f
theo_n,4,426,false,9,13,onchain,500,422,1979758,4554511,459000,532274,692.860500,582663,696.894900,615655,614.553400,69626,32.670500,0x098b50423eb1b80e5a7fb520438bb4f17cbf6c9b9e6ebef7938342aa2df694fe,0x10c107c9cda92ec6cf3e9fe22cbf7cda99fe04bfb69b44457736f08daf94178b
theo_n,4,427,false,9,13,onchain,500,423,1979758,4554511,459000,532250,613.844800,582639,618.699600,615631,617.888100,69626,22.142000,0x098b50423eb1b80e5a7fb520438bb4f17cbf6c9b9e6ebef7938342aa2df694fe,0x2581e5575f4204b4a6f3b0e08c12245c083765c1a07f32b13a96895ca1ba1425
theo_n,4,428,false,9,13,onchain,500,424,1979758,4554511,459000,532346,535.389200,582735,587.163100,615727,574.495800,69626,26.281500,0x098b50423eb1b80e5a7fb520438bb4f17cbf6c9b9e6ebef7938342aa2df694fe,0x277aac34d6c47e54cdbb5d62cfd244cec5298c9c26f6aa993fb0e26cf2f1082f
theo_n,4,429,false,9,13,onchain,500,425,1979758,4554511,459000,532274,579.197800,582663,701.417200,615655,606.676100,69626,31.600600,0x098b50423eb1b80e5a7fb520438bb4f17cbf6c9b9e6ebef7938342aa2df694fe,0x03ea32e3c967ab912ee0c86ac10303a8203c3057bba343c213f706eb718cec52
theo_n,4,430,false,9,13,onchain,500,426,1979758,4554511,459000,532310,552.333000,582699,659.873200,615691,767.333300,69626,24.576500,0x098b50423eb1b80e5a7fb520438bb4f17cbf6c9b9e6ebef7938342aa2df694fe,0x3003b73a88a8569a4f81d8beb7f720188535c7718ead6ae84dbe3c272f4f5f3b
theo_n,4,431,false,9,13,onchain,500,427,1979758,4554511,459000,532334,547.822000,582723,614.142700,615715,601.293800,69626,22.213500,0x098b50423eb1b80e5a7fb520438bb4f17cbf6c9b9e6ebef7938342aa2df694fe,0x0a05cfe41f28c738b7d5d7716c8320b06aa79e0e6625c4f3558a58dc9b7fef42
theo_n,4,432,false,9,13,onchain,500,428,1979758,4554511,459000,532226,582.957000,582603,597.901100,615595,729.267600,69614,28.158600,0x098b50423eb1b80e5a7fb520438bb4f17cbf6c9b9e6ebef7938342aa2df694fe,0x2500607ce618ef9bd30f4bc46ee16168b678de82a12629390aecc174960b46cd
theo_n,4,433,false,9,13,onchain,500,429,1979758,4554511,459000,532226,750.500200,582615,648.279900,615607,613.943800,69626,34.420500,0x098b50423eb1b80e5a7fb520438bb4f17cbf6c9b9e6ebef7938342aa2df694fe,0x01c24f87ee6d59ee391a1593ecbeb6d1fa9963826beeb11f5caf468141128f09
theo_n,4,434,false,9,13,onchain,500,430,1979758,4554511,459000,532322,592.832500,582711,710.954300,615703,646.320500,69626,24.093800,0x098b50423eb1b80e5a7fb520438bb4f17cbf6c9b9e6ebef7938342aa2df694fe,0x2082108df1e5d8328a3a52f2af197ec79b7856c8bc9c44ccf2d1d5951679a4c0
theo_n,4,435,false,9,13,onchain,500,431,1979758,4554511,459000,532226,660.757200,582615,656.502800,615607,690.192900,69626,26.204000,0x098b50423eb1b80e5a7fb520438bb4f17cbf6c9b9e6ebef7938342aa2df694fe,0x0999ffaafc0622752b26e0380a201e79e330224adc28c45d809d6203c7183765
theo_n,4,436,false,9,13,onchain,500,432,1979758,4554511,459000,532250,580.616100,582627,630.997100,615619,632.732600,69626,28.079300,0x098b50423eb1b80e5a7fb520438bb4f17cbf6c9b9e6ebef7938342aa2df694fe,0x0256f5aa2a81c65d55d7ac3351c57b3fc477bd1a5d4650020d8ac1c2cb98c320
theo_n,4,437,false,9,13,onchain,500,433,1979758,4554511,459000,532202,615.534000,582591,697.665900,615583,644.079200,69626,33.840900,0x098b50423eb1b80e5a7fb520438bb4f17cbf6c9b9e6ebef7938342aa2df694fe,0x037bc2c964784fc7e3cd2de16c3218014bc8ac4ab259c3fc47df759225c0c432
theo_n,4,438,false,9,13,onchain,500,434,1979758,4554511,459000,532250,580.970400,582627,646.025400,615619,642.413400,69614,25.798600,0x098b50423eb1b80e5a7fb520438bb4f17cbf6c9b9e6ebef7938342aa2df694fe,0x173dc3dc4e6fcdf0ebba3fd2fe4632fb42c0ceb9e4cc5e9b374dc60deb000b3f
theo_n,4,439,false,9,13,onchain,500,435,1979758,4554511,459000,532214,660.039100,582603,672.468700,615595,661.356400,69626,33.381400,0x098b50423eb1b80e5a7fb520438bb4f17cbf6c9b9e6ebef7938342aa2df694fe,0x1209c0c6094437ccf08802ad2ccd707c6033334ef0aac113035d1ba5c5d53302
theo_n,4,440,false,9,13,onchain,500,436,1979758,4554511,459000,532286,622.245200,582675,589.056700,615667,636.412000,69626,19.041800,0x098b50423eb1b80e5a7fb520438bb4f17cbf6c9b9e6ebef7938342aa2df694fe,0x11a1aa45758004aee4e35df3345be3240a16450e6c518e436a9fef029035717a
theo_n,4,441,false,9,13,onchain,500,437,1979758,4554511,459000,532310,544.583700,582687,697.041200,615679,712.380900,69614,43.167400,0x098b50423eb1b80e5a7fb520438bb4f17cbf6c9b9e6ebef7938342aa2df694fe,0x04476444e54b8d9345af11b280f951950dec019f5f9ed96cd666000cb6f8c8a4
theo_n,4,442,false,9,13,onchain,500,438,1979758,4554511,459000,532370,630.857200,582759,743.964600,615751,728.260100,69626,27.340400,0x098b50423eb1b80e5a7fb520438bb4f17cbf6c9b9e6ebef7938342aa2df694fe,0x2806a21730d85cb406c3a0c7893edf53a23bb94164481acaec92dfaacc498c43
theo_n,4,443,false,9,13,onchain,500,439,1979758,4554511,459000,532358,604.537300,582747,695.837100,615739,752.786600,69626,20.163500,0x098b50423eb1b80e5a7fb520438bb4f17cbf6c9b9e6ebef7938342aa2df694fe,0x214b13489d4f64f42e4f378022beeb428cee36c93df8f8e97b38d25222015f0e
theo_n,4,444,false,9,13,onchain,500,440,1979758,4554511,459000,532250,608.657100,582627,747.358500,615619,760.226100,69626,25.625900,0x098b50423eb1b80e5a7fb520438bb4f17cbf6c9b9e6ebef7938342aa2df694fe,0x066f9d468513da57c066c36e999991151e9f59de613bf62318b16f8c0dc85b20
theo_n,4,445,false,9,13,onchain,500,441,1979758,4554511,459000,532274,644.077600,582663,642.916400,615655,643.889400,69626,33.843100,0x098b50423eb1b80e5a7fb520438bb4f17cbf6c9b9e6ebef7938342aa2df694fe,0x2685af6105268b603a453ab4de1bcdd24c4090058d83280b15b70eb1e3493b77
theo_n,4,446,false,9,13,onchain,500,442,1979758,4554511,459000,532286,615.169200,582675,581.688300,615667,678.812500,69626,27.342000,0x098b50423eb1b80e5a7fb520438bb4f17cbf6c9b9e6ebef7938342aa2df694fe,0x1c157e5b315f744377d41988cc71c4e64d2bb77893f27acd05aad8664ce59a79
theo_n,4,447,false,9,13,onchain,500,443,1979758,4554511,459000,532238,521.543200,582627,603.788000,615619,691.492700,69626,62.977100,0x098b50423eb1b80e5a7fb520438bb4f17cbf6c9b9e6ebef7938342aa2df694fe,0x2267434a9eb55f81aff6acbc29f609c4a6cd46d4f19e735c0845e1e54dc511cf
theo_n,4,448,false,9,13,onchain,500,444,1979758,4554511,459000,532250,661.543100,582639,645.542500,615631,706.092000,69626,24.475700,0x098b50423eb1b80e5a7fb520438bb4f17cbf6c9b9e6ebef7938342aa2df694fe,0x2427edd792ee64541c9bb6a75a9554187a8b10a7730ae17241a149dd8197cb5c
theo_n,4,449,false,9,13,onchain,500,445,1979758,4554511,459000,532322,559.079800,582711,705.938800,615703,550.271900,69626,29.190400,0x098b50423eb1b80e5a7fb520438bb4f17cbf6c9b9e6ebef7938342aa2df694fe,0x0cf8a1ade649c5cea439e53e3be597c4c53290bf1c8b7f8bcb41a7ef7dea770e
theo_n,4,450,false,9,13,onchain,500,446,1979758,4554511,459000,532250,621.091000,582627,701.996800,615619,590.707700,69614,29.338400,0x098b50423eb1b80e5a7fb520438bb4f17cbf6c9b9e6ebef7938342aa2df694fe,0x129883fbbf2647002f7deacb824779cb974c9eee7bbb30bf1261998df957b8dc
theo_n,4,451,false,9,13,onchain,500,447,1979758,4554511,459000,532334,580.838100,582723,627.204600,615715,663.797300,69626,25.689800,0x098b50423eb1b80e5a7fb520438bb4f17cbf6c9b9e6ebef7938342aa2df694fe,0x0594521bbee73c066f93948e2ff7a51262787f7f3a8f16471f68ddf2a657e869
theo_n,4,452,false,9,13,onchain,500,448,1979758,4554511,459000,532322,589.354600,582711,597.467000,615703,752.336200,69626,31.012900,0x098b50423eb1b80e5a7fb520438bb4f17cbf6c9b9e6ebef7938342aa2df694fe,0x13f17dda8cb57596d85fb2110de78808017c61bc82d7b7330c51357cf8ab248e
theo_n,4,453,false,9,13,onchain,500,449,1979758,4554511,459000,532310,552.690600,582699,597.324400,615691,594.246900,69626,35.111500,0x098b50423eb1b80e5a7fb520438bb4f17cbf6c9b9e6ebef7938342aa2df694fe,0x12c9ec6c712307c39974e8ea98426582b0f316e90a50231bc1a00186bd92507e
theo_n,4,454,false,9,13,onchain,500,450,1979758,4554511,459000,532334,657.352200,582723,591.697900,615715,664.730100,69626,28.912600,0x098b50423eb1b80e5a7fb520438bb4f17cbf6c9b9e6ebef7938342aa2df694fe,0x148354c630b4862274a3c4f9627e46281b10d5ce88bc6a9f22459d0f2e6ba9a8
theo_n,4,455,false,9,13,onchain,500,451,1979758,4554511,459000,532274,579.705900,582663,588.658400,615655,637.798000,69626,31.973600,0x098b50423eb1b80e5a7fb520438bb4f17cbf6c9b9e6ebef7938342aa2df694fe,0x20281760db9fef7baf5df36729d8e86b1f03d2bfeeadec7e293627fe630e7d86
theo_n,4,456,false,9,13,onchain,500,452,1979758,4554511,459000,532394,558.709900,582783,566.775700,615775,720.086000,69626,25.974500,0x098b50423eb1b80e5a7fb520438bb4f17cbf6c9b9e6ebef7938342aa2df694fe,0x1f5d68be2c50d3e703fb116f57bfc854bce65788b7ade4c79548c288f898484f
theo_n,4,457,false,9,13,onchain,500,453,1979758,4554511,459000,532286,639.124000,582675,588.069200,615667,549.949300,69626,22.086100,0x098b50423eb1b80e5a7fb520438bb4f17cbf6c9b9e6ebef7938342aa2df694fe,0x2202cbc3666b0757b2bc1092b87ec06aaa632d9b644694c824a1a9f1402fb796
theo_n,4,458,false,9,13,onchain,500,454,1979758,4554511,459000,532310,615.820500,582699,606.459900,615691,643.919800,69626,25.888100,0x098b50423eb1b80e5a7fb520438bb4f17cbf6c9b9e6ebef7938342aa2df694fe,0x27c2dffe7874cdda7cce3b6fb243cb2ca8974f0861a27c2419bf621ed6556606
theo_n,4,459,false,9,13,onchain,500,455,1979758,4554511,459000,532286,616.641800,582663,608.502800,615655,617.346100,69626,29.787400,0x098b50423eb1b80e5a7fb520438bb4f17cbf6c9b9e6ebef7938342aa2df694fe,0x12a504725a3c750c382de4b79051869e38d03e6aa42f4505f940340f4885b7c2
theo_n,4,460,false,9,13,onchain,500,456,1979758,4554511,459000,532274,546.471600,582663,658.244400,615655,634.358600,69626,35.667900,0x098b50423eb1b80e5a7fb520438bb4f17cbf6c9b9e6ebef7938342aa2df694fe,0x2e78ab53da0c12b723f36c4ae0ce7f5b0621afa5eb0811cd6a96df8698650698
theo_n,4,461,false,9,13,onchain,500,457,1979758,4554511,459000,532214,575.733000,582603,830.361600,615595,614.163000,69626,27.840200,0x098b50423eb1b80e5a7fb520438bb4f17cbf6c9b9e6ebef7938342aa2df694fe,0x2fbda956e787d64ca8b6341cc1314e56b201281444c7bf34030a23838bc743ce
theo_n,4,462,false,9,13,onchain,500,458,1979758,4554511,459000,532310,570.155800,582687,588.756500,615679,597.669200,69626,20.524800,0x098b50423eb1b80e5a7fb520438bb4f17cbf6c9b9e6ebef7938342aa2df694fe,0x119e6e31b73d1a8836957b9bbf042afcbffe0c2a4f27f87c8be3bdf7f9a74b1f
theo_n,4,463,false,9,13,onchain,500,459,1979758,4554511,459000,532322,616.982100,582711,641.153500,615703,615.164200,69626,23.795700,0x098b50423eb1b80e5a7fb520438bb4f17cbf6c9b9e6ebef7938342aa2df694fe,0x121504fcf4f883891e0fc21eb1da196a5cc2f172e30aef5860b68086905e0aec
theo_n,4,464,false,9,13,onchain,500,460,1979758,4554511,459000,532274,594.420000,582663,628.199200,615655,691.259600,69626,26.244900,0x098b50423eb1b80e5a7fb520438bb4f17cbf6c9b9e6ebef7938342aa2df694fe,0x1c2d5c6cf07f2dbdd8f604df0337912e297989a309cd33d6dc1239fe147ab4b6
theo_n,4,465,false,9,13,onchain,500,461,1979758,4554511,459000,532310,541.250300,582687,668.820700,615679,568.870900,69614,18.205200,0x098b50423eb1b80e5a7fb520438bb4f17cbf6c9b9e6ebef7938342aa2df694fe,0x0704c0ac4a16b2c09e01e830dfc5b10d7c1b093c7c242fa8c85a1d6afc5b0059
theo_n,4,466,false,9,13,onchain,500,462,1979758,4554511,459000,532214,564.246600,582603,615.099200,615595,570.933700,69626,24.316600,0x098b50423eb1b80e5a7fb520438bb4f17cbf6c9b9e6ebef7938342aa2df694fe,0x26a19ddc2ed55c40fb8bbb487a5e35e680624c166c65eb1a17b4c49f7b963cf4
theo_n,4,467,false,9,13,onchain,500,463,1979758,4554511,459000,532346,546.097700,582735,545.254300,615727,709.441900,69626,31.930100,0x098b50423eb1b80e5a7fb520438bb4f17cbf6c9b9e6ebef7938342aa2df694fe,0x25ef2285374d0d2fb8f352c90602ea21678ab56bfa198771d120d845fd403499
theo_n,4,468,false,9,13,onchain,500,464,1979758,4554511,459000,532322,536.087600,582711,557.149700,615703,640.676900,69626,28.779800,0x098b50423eb1b80e5a7fb520438bb4f17cbf6c9b9e6ebef7938342aa2df694fe,0x2deef529266e39c647c7f8aa57f1736e372c78d3a0c62c5890613454a7c5fba8
theo_n,4,469,false,9,13,onchain,500,465,1979758,4554511,459000,532286,565.011700,582675,664.094100,615667,618.162100,69626,103.847000,0x098b50423eb1b80e5a7fb520438bb4f17cbf6c9b9e6ebef7938342aa2df694fe,0x17e4d436a99114d9778510c1ad0db88c4c9e6d9ff265191a17aec8c9bdc35b0d
theo_n,4,470,false,9,13,onchain,500,466,1979758,4554511,459000,532274,542.825600,582663,608.292800,615655,689.486200,69626,21.363200,0x098b50423eb1b80e5a7fb520438bb4f17cbf6c9b9e6ebef7938342aa2df694fe,0x194895cb66b9d54f2220b208f6d8dfdc02547c4c64f4b73bd9fbf42e3df5bce9
theo_n,4,471,false,9,13,onchain,500,467,1979758,4554511,459000,532370,517.848300,582759,603.847600,615751,567.463100,69626,26.126800,0x098b50423eb1b80e5a7fb520438bb4f17cbf6c9b9e6ebef7938342aa2df694fe,0x17b9faa51b28b1bf98a3d3650f88426d3ec0f81fc68691e2978f685c54039bdf
theo_n,4,472,false,9,13,onchain,500,468,1979758,4554511,459000,532262,680.490800,582651,729.174300,615643,543.995800,69626,23.030600,0x098b50423eb1b80e5a7fb520438bb4f17cbf6c9b9e6ebef7938342aa2df694fe,0x03557e9b7fef581c5a714eec6689e6db4162f91f8d460ae5dcca16d3b3f9e352
theo_n,4,473,false,9,13,onchain,500,469,1979758,4554511,459000,532250,584.440100,582627,576.113800,615619,570.032900,69614,26.146500,0x098b50423eb1b80e5a7fb520438bb4f17cbf6c9b9e6ebef7938342aa2df694fe,0x2c3214b8c0e8434fb6524fb4ff11e4e800a00966657e18a5d88267ae5f781abf
theo_n,4,474,false,9,13,onchain,500,470,1979758,4554511,459000,532226,574.972500,582615,603.393400,615607,601.120100,69626,21.454300,0x098b50423eb1b80e5a7fb520438bb4f17cbf6c9b9e6ebef7938342aa2df694fe,0x0642a894943cd70151604e637ce6b256aef63733dc5c514325eabd85b7873425
theo_n,4,475,false,9,13,onchain,500,471,1979758,4554511,459000,532310,536.265100,582699,582.231800,615691,639.205700,69626,31.753900,0x098b50423eb1b80e5a7fb520438bb4f17cbf6c9b9e6ebef7938342aa2df694fe,0x18552a6e21eecc017d45a61ec84e6f6dafafd85e5f3a8a1b69f6d52891467353
theo_n,4,476,false,9,13,onchain,500,472,1979758,4554511,459000,532250,557.537100,582627,610.376600,615619,679.989900,69614,21.542600,0x098b50423eb1b80e5a7fb520438bb4f17cbf6c9b9e6ebef7938342aa2df694fe,0x09d6031cbe83e6b6daf712c57cef8f8a00092aaa20ee245268c6261746fb3e6d
theo_n,4,477,false,9,13,onchain,500,473,1979758,4554511,459000,532250,569.461200,582639,627.225700,615631,629.492500,69626,27.183000,0x098b50423eb1b80e5a7fb520438bb4f17cbf6c9b9e6ebef7938342aa2df694fe,0x1d2e7002b581918e7f17fd4c88eaa1e2816dd4fceb92b04c7f1dee4714df076c
theo_n,4,478,false,9,13,onchain,500,474,1979758,4554511,459000,532346,628.914100,582735,710.317400,615727,612.150200,69626,25.774700,0x098b50423eb1b80e5a7fb520438bb4f17cbf6c9b9e6ebef7938342aa2df694fe,0x106c70cbd048ff8d859a8c2a2ac67e23ea74f80b5e9723d541592f72a9be6164
theo_n,4,479,false,9,13,onchain,500,475,1979758,4554511,459000,532298,589.667900,582687,562.594600,615679,638.585000,69626,20.568900,0x098b50423eb1b80e5a7fb520438bb4f17cbf6c9b9e6ebef7938342aa2df694fe,0x18f841147423b43a4e24f734b60a18649d2e49861e1471f1293b599ddadb5b4f
theo_n,4,480,false,9,13,onchain,500,476,1979758,4554511,459000,532334,572.734900,582723,581.546300,615715,599.121100,69626,29.942400,0x098b50423eb1b80e5a7fb520438bb4f17cbf6c9b9e6ebef7938342aa2df694fe,0x181f47596bdada82053dbd519feadb3e1decced847c3ebee5da8062170b7a1fd
theo_n,4,481,false,9,13,onchain,500,477,1979758,4554511,459000,532274,551.999500,582663,583.291900,615655,590.661500,69626,24.991400,0x098b50423eb1b80e5a7fb520438bb4f17cbf6c9b9e6ebef7938342aa2df694fe,0x19d72b93da5f25751ed0e6f5181858631c5863ceb85e9b062ae3f523c50c3823
theo_n,4,482,false,9,13,onchain,500,478,1979758,4554511,459000,532298,556.714500,582687,608.279000,615679,580.762800,69626,32.432200,0x098b50423eb1b80e5a7fb520438bb4f17cbf6c9b9e6ebef7938342aa2df694fe,0x08b9371a31a7f0b2166783304eb3dda67b5455dab4f641d34af9e809ae17f981
theo_n,4,483,false,9,13,onchain,500,479,1979758,4554511,459000,532322,582.472100,582711,765.774500,615703,651.086800,69626,23.537500,0x098b50423eb1b80e5a7fb520438bb4f17cbf6c9b9e6ebef7938342aa2df694fe,0x10acd05e15df221672ec5e25ee7ec5383df40f6a96e4be200f349008ee830ed2
theo_n,4,484,false,9,13,onchain,500,480,1979758,4554511,459000,532262,606.244900,582639,612.484400,615631,662.077700,69626,20.770800,0x098b50423eb1b80e5a7fb520438bb4f17cbf6c9b9e6ebef7938342aa2df694fe,0x3012161f3b161556cf3aa88c4d04f0e9cec22c97b7b8e848d5c7178f3e9b74fd
theo_n,4,485,false,9,13,onchain,500,481,1979758,4554511,459000,532250,546.918300,582639,642.129000,615631,561.110400,69626,22.393400,0x098b50423eb1b80e5a7fb520438bb4f17cbf6c9b9e6ebef7938342aa2df694fe,0x21472178fbf204e629d62a47c15eef10a81ccebaf9f644bd9e4e46c54d340a59
theo_n,4,486,false,9,13,onchain,500,482,1979758,4554511,459000,532286,606.789000,582663,598.923700,615655,725.978100,69614,30.192600,0x098b50423eb1b80e5a7fb520438bb4f17cbf6c9b9e6ebef7938342aa2df694fe,0x1cc81977f75add8f0fa8ffdf8e8d9dd6dc1ad4006181c677d57a5e41157e77c1
theo_n,4,487,false,9,13,onchain,500,483,1979758,4554511,459000,532250,543.684300,582627,632.177400,615619,639.632200,69614,28.019700,0x098b50423eb1b80e5a7fb520438bb4f17cbf6c9b9e6ebef7938342aa2df694fe,0x133f3b027ddf242d1e004142a313c84f951891b964cda34421c8e2199d1420c0
theo_n,4,488,false,9,13,onchain,500,484,1979758,4554511,459000,532286,546.952900,582675,715.578300,615667,557.928400,69626,27.478200,0x098b50423eb1b80e5a7fb520438bb4f17cbf6c9b9e6ebef7938342aa2df694fe,0x03c9185fd1372f0e37b4bf9a3f3dd2063edca06487f626d6d85fd838ad3008ca
theo_n,4,489,false,9,13,onchain,500,485,1979758,4554511,459000,532298,578.837800,582687,578.988100,615679,634.552900,69626,31.838400,0x098b50423eb1b80e5a7fb520438bb4f17cbf6c9b9e6ebef7938342aa2df694fe,0x25e0e7e38fef95e132acd28d6c482e384298692bcd6d0473d4a5e7270f432fb0
theo_n,4,490,false,9,13,onchain,500,486,1979758,4554511,459000,532298,550.042400,582687,648.368100,615679,656.540800,69626,30.866100,0x098b50423eb1b80e5a7fb520438bb4f17cbf6c9b9e6ebef7938342aa2df694fe,0x227d5c1302a98c79262e6fe667330fa86813e3133cf5286aa5d1aa56b4d297e4
theo_n,4,491,false,9,13,onchain,500,487,1979758,4554511,459000,532274,595.171700,582651,591.562200,615643,702.611700,69614,19.252400,0x098b50423eb1b80e5a7fb520438bb4f17cbf6c9b9e6ebef7938342aa2df694fe,0x1c00aecebc0b69341373f2e0bb29a3c24aac853fd64da87b62c5b316aeca1219
theo_n,4,492,false,9,13,onchain,500,488,1979758,4554511,459000,532238,519.486200,582627,624.496100,615619,599.181700,69626,23.156600,0x098b50423eb1b80e5a7fb520438bb4f17cbf6c9b9e6ebef7938342aa2df694fe,0x084e8cd0f0efa2d0483d3d7c58e49fc749ef77ebb1737fe33318558c56cf3427
theo_n,4,493,false,9,13,onchain,500,489,1979758,4554511,459000,532286,539.881800,582675,578.299900,615667,608.762200,69626,30.455600,0x098b50423eb1b80e5a7fb520438bb4f17cbf6c9b9e6ebef7938342aa2df694fe,0x0a043a7874d62ba138be2dc0842dd24ce6d289652d427bfd6f79e7c48c37b4f7
theo_n,4,494,false,9,13,onchain,500,490,1979758,4554511,459000,532262,553.685600,582639,625.403700,615631,580.378900,69626,31.944700,0x098b50423eb1b80e5a7fb520438bb4f17cbf6c9b9e6ebef7938342aa2df694fe,0x1a89f23a47b3613d76999e01716fb21161a281ba453f95be5b6ec1a4cd2760ff
theo_n,4,495,false,9,13,onchain,500,491,1979758,4554511,459000,532202,652.424200,582591,570.898500,615583,656.676600,69626,20.921300,0x098b50423eb1b80e5a7fb520438bb4f17cbf6c9b9e6ebef7938342aa2df694fe,0x300e9a493810956b752cdc311daa8c6888ed4496181d73e24231623198cff11e
theo_n,4,496,false,9,13,onchain,500,492,1979758,4554511,459000,532298,575.723800,582687,557.495500,615679,661.950000,69626,29.759200,0x098b50423eb1b80e5a7fb520438bb4f17cbf6c9b9e6ebef7938342aa2df694fe,0x2e66af613bd0b308ea76ce8156c11daa75c95d3f8e0ca9d7b293c31c96014b21
theo_n,4,497,false,9,13,onchain,500,493,1979758,4554511,459000,532262,560.137700,582651,568.062900,615643,692.893300,69626,30.696300,0x098b50423eb1b80e5a7fb520438bb4f17cbf6c9b9e6ebef7938342aa2df694fe,0x02dc77fb04fd69f7fab1957d3aba82ed08d25eac854c3dde2a9cade544679e2b
theo_n,4,498,false,9,13,onchain,500,494,1979758,4554511,459000,532262,561.696000,582639,668.831700,615631,672.019200,69614,24.557700,0x098b50423eb1b80e5a7fb520438bb4f17cbf6c9b9e6ebef7938342aa2df694fe,0x228653279e7e7b00992306c5edc1435c1091f5e23990f9d8e3779fd1aa32a8de
theo_n,4,499,false,9,13,onchain,500,495,1979758,4554511,459000,532202,565.347500,582591,588.431900,615583,577.289600,69626,18.584600,0x098b50423eb1b80e5a7fb520438bb4f17cbf6c9b9e6ebef7938342aa2df694fe,0x230a0a415e1e60f6e218a20cd575f16422d11c814813bb0c4546415a14659006
theo_n,4,500,false,9,13,onchain,500,496,1979758,4554511,459000,532334,574.874700,582723,588.168000,615715,627.552400,69626,26.855900,0x098b50423eb1b80e5a7fb520438bb4f17cbf6c9b9e6ebef7938342aa2df694fe,0x0975721ab977e0a4a2d19fc776c1a4212a6d048f5a988aa06d9d108845b40913
theo_n,4,501,false,9,13,onchain,500,497,1979758,4554511,459000,532262,594.104600,582651,613.930900,615643,604.826900,69626,31.312600,0x098b50423eb1b80e5a7fb520438bb4f17cbf6c9b9e6ebef7938342aa2df694fe,0x1277fe6d922e86999f40ca4cb0a82e4bbb03db29f014e42a63da54bd386146f0
theo_n,4,502,false,9,13,onchain,500,498,1979758,4554511,459000,532238,614.091600,582615,601.770900,615607,678.608500,69614,20.667300,0x098b50423eb1b80e5a7fb520438bb4f17cbf6c9b9e6ebef7938342aa2df694fe,0x0113f1fb5a35006448b95b51265b86f399805050c99ce68c7e92a1106394a4ee
theo_n,4,503,false,9,13,onchain,500,499,1979758,4554511,459000,532262,582.353000,582651,547.462000,615643,594.968100,69626,21.731300,0x098b50423eb1b80e5a7fb520438bb4f17cbf6c9b9e6ebef7938342aa2df694fe,0x0c0e1ce676ffd8704c6db547c1f554636c17d9d3da8dfce0b63543dfae4b1d6c
