thi_nghiem,run_id,iteration,warmup,d,k,mechanism,n,student_index,deploy_pool_gas,deploy_verifier_gas,update_root_gas,verify_gas,verify_onchain_ms,withdraw_gas,withdraw_ms,verify_record_gas,verify_record_ms,settle_gas,settle_ms,root,nullifier
theo_n,2,1,true,9,13,onchain,500,0,1979758,4554511,459000,532286,1601.488600,582675,650.881600,615667,658.287100,69626,37.465700,0x098b50423eb1b80e5a7fb520438bb4f17cbf6c9b9e6ebef7938342aa2df694fe,0x0908cbf85e088d680fbd39fdb24b3cc3dd4a43f6c03cd816e06f24aad0ed40c9
theo_n,2,2,true,9,13,onchain,500,1,1979758,4554511,459000,532334,689.910100,582711,665.994000,615703,661.200900,69626,44.850700,0x098b50423eb1b80e5a7fb520438bb4f17cbf6c9b9e6ebef7938342aa2df694fe,0x067e06c893d9a0e4d6fd53a0046674c8f20bf84f7b70811bf473ffa211d8c6bd
theo_n,2,3,true,9,13,onchain,500,2,1979758,4554511,459000,532202,597.189800,582591,634.293000,615583,676.497100,69626,27.876200,0x098b50423eb1b80e5a7fb520438bb4f17cbf6c9b9e6ebef7938342aa2df694fe,0x0b8fe57083cdcc700c57fbcf6933cb725896572c6ab544b6f4d8e1c6ab38f07b
theo_n,2,4,false,9,13,onchain,500,0,1979758,4554511,459000,532286,611.135600,582675,651.685200,615667,697.833400,69626,38.513100,0x098b50423eb1b80e5a7fb520438bb4f17cbf6c9b9e6ebef7938342aa2df694fe,0x0908cbf85e088d680fbd39fdb24b3cc3dd4a43f6c03cd816e06f24aad0ed40c9
theo_n,2,5,false,9,13,onchain,500,1,1979758,4554511,459000,532334,644.076100,582711,723.351100,615703,730.581200,69626,33.874800,0x098b50423eb1b80e5a7fb520438bb4f17cbf6c9b9e6ebef7938342aa2df694fe,0x067e06c893d9a0e4d6fd53a0046674c8f20bf84f7b70811bf473ffa211d8c6bd
theo_n,2,6,false,9,13,onchain,500,2,1979758,4554511,459000,532202,893.446900,582591,671.676400,615583,698.036500,69626,30.921700,0x098b50423eb1b80e5a7fb520438bb4f17cbf6c9b9e6ebef7938342aa2df694fe,0x0b8fe57083cdcc700c57fbcf6933cb725896572c6ab544b6f4d8e1c6ab38f07b
theo_n,2,7,false,9,13,onchain,500,3,1979758,4554511,459000,532322,669.159500,582711,668.058200,615703,752.059700,69626,30.272400,0x098b50423eb1b80e5a7fb520438bb4f17cbf6c9b9e6ebef7938342aa2df694fe,0x107c70d191e489c806456c18cf98e286488b248a7e2ac57b6576b30dfade8db2
theo_n,2,8,false,9,13,onchain,500,4,1979758,4554511,459000,532310,628.254600,582699,631.237100,615691,672.597900,69626,40.522500,0x098b50423eb1b80e5a7fb520438bb4f17cbf6c9b9e6ebef7938342aa2df694fe,0x0a311bfe27c095e9b61eb94f9bfdc9d5e247dfd2f96271cff3d32612a2e7339a
theo_n,2,9,false,9,13,onchain,500,5,1979758,4554511,459000,532298,685.017600,582687,684.929900,615679,735.066900,69626,27.831100,0x098b50423eb1b80e5a7fb520438bb4f17cbf6c9b9e6ebef7938342aa2df694fe,0x18b6e24c33265e51a6ebce655f0c7d8cc56a336e228450d97e77a9ef874404bc
theo_n,2,10,false,9,13,onchain,500,6,1979758,4554511,459000,532298,604.545600,582687,709.658100,615679,740.521300,69626,31.817700,0x098b50423eb1b80e5a7fb520438bb4f17cbf6c9b9e6ebef7938342aa2df694fe,0x178454ab459643088f4034d21806282a31eacc6d694df8a91a76f6cadc1e4e05
theo_n,2,11,false,9,13,onchain,500,7,1979758,4554511,459000,532202,594.771800,582591,664.428400,615583,678.294300,69626,36.732700,0x098b50423eb1b80e5a7fb520438bb4f17cbf6c9b9e6ebef7938342aa2df694fe,0x156330b35df029b9ac8c5cf74cf1978f087f063d91916404df8a0984916950ac
theo_n,2,12,false,9,13,onchain,500,8,1979758,4554511,459000,532238,636.940600,582615,684.569000,615607,722.697400,69614,23.270100,0x098b50423eb1b80e5a7fb520438bb4f17cbf6c9b9e6ebef7938342aa2df694fe,0x15bf766aa145bc49955f4b440b0070cdb1823fdb1a4942a856ae7a53dd251a8a
theo_n,2,13,false,9,13,onchain,500,9,1979758,4554511,459000,532358,641.768000,582735,690.876900,615727,785.194500,69626,40.983000,0x098b50423eb1b80e5a7fb520438bb4f17cbf6c9b9e6ebef7938342aa2df694fe,0x145e23340ae3a5c2a8a430e0bd8150939cf9d3336c5a111f39801cc2a9171cea
theo_n,2,14,false,9,13,onchain,500,10,1979758,4554511,459000,532394,627.551300,582783,666.164800,615775,730.333400,69626,32.596800,0x098b50423eb1b80e5a7fb520438bb4f17cbf6c9b9e6ebef7938342aa2df694fe,0x19d8b479a4eb2ed56fc544f5f258c142afbc9733ce11579245b90f6471cc5aa2
theo_n,2,15,false,9,13,onchain,500,11,1979758,4554511,459000,532130,693.525000,582519,691.952800,615511,722.620300,69626,31.705900,0x098b50423eb1b80e5a7fb520438bb4f17cbf6c9b9e6ebef7938342aa2df694fe,0x17115cce247ab17833ce4f971544dcf98cba44f30ac3caa2b60573600696808c
theo_n,2,16,false,9,13,onchain,500,12,1979758,4554511,459000,532286,618.720400,582675,653.729700,615667,696.666400,69626,25.084900,0x098b50423eb1b80e5a7fb520438bb4f17cbf6c9b9e6ebef7938342aa2df694fe,0x12f7111f7f65e737c4608f3f8cffc3dea6a29e14af7ddcba52cac254304ecd23
theo_n,2,17,false,9,13,onchain,500,13,1979758,4554511,459000,532310,687.624900,582699,691.315700,615691,697.657900,69626,23.099700,0x098b50423eb1b80e5a7fb520438bb4f17cbf6c9b9e6ebef7938342aa2df694fe,0x146554373ef67f5de307538cfcb7e62015f4c7d7791f0be35f5897031ab12a59
theo_n,2,18,false,9,13,onchain,500,14,1979758,4554511,459000,532178,642.484300,582567,674.146600,615559,695.248000,69626,25.011300,0x098b50423eb1b80e5a7fb520438bb4f17cbf6c9b9e6ebef7938342aa2df694fe,0x298177b133ab3f68a2e47c6d74787973892a7540de8dcd16ae80701b4d1a19b5
theo_n,2,19,false,9,13,onchain,500,15,1979758,4554511,459000,532274,658.517700,582663,720.422000,615655,698.376500,69626,30.715400,0x098b50423eb1b80e5a7fb520438bb4f17cbf6c9b9e6ebef7938342aa2df694fe,0x290f20350f10923907c139526a8eeb150f99e2573a16d6916fe0f769c993f49a
theo_n,2,20,false,9,13,onchain,500,16,1979758,4554511,459000,532298,630.912700,582687,630.431500,615679,689.905000,69626,37.741800,0x098b50423eb1b80e5a7fb520438bb4f17cbf6c9b9e6ebef7938342aa2df694fe,0x171e66512384a041ca6a5f708a5b4fdda9cf24ab176412c6f6900afc3c6dedb8
theo_n,2,21,false,9,13,onchain,500,17,1979758,4554511,459000,532358,668.051300,582747,990.466200,615739,754.641500,69626,32.734200,0x098b50423eb1b80e5a7fb520438bb4f17cbf6c9b9e6ebef7938342aa2df694fe,0x1be2fe80e5029582e3f6e62f4cb2a84d401feee79f16b335d0bc369a395a0853
theo_n,2,22,false,9,13,onchain,500,18,1979758,4554511,459000,532298,1125.658500,582687,804.571200,615679,807.600100,69626,34.503900,0x098b50423eb1b80e5a7fb520438bb4f17cbf6c9b9e6ebef7938342aa2df694fe,0x0bb978d615ff4f194a9934af270a428732e8174c4311c8beb31d4e0bbabbc0bc
theo_n,2,23,false,9,13,onchain,500,19,1979758,4554511,459000,532334,805.145000,582723,603.670800,615715,664.839500,69626,21.993900,0x098b50423eb1b80e5a7fb520438bb4f17cbf6c9b9e6ebef7938342aa2df694fe,0x04726770464b2bff8da321b67038b812b34fa5fa5cdf99f1314cba8589a165bc
theo_n,2,24,false,9,13,onchain,500,20,1979758,4554511,459000,532322,572.656000,582711,666.699700,615703,655.248300,69626,26.213500,0x098b50423eb1b80e5a7fb520438bb4f17cbf6c9b9e6ebef7938342aa2df694fe,0x03d6f9ca63a41aff3fb9a8fc838ab1ed3ceedc7c249c5dc4c19d5955e351be13
theo_n,2,25,false,9,13,onchain,500,21,1979758,4554511,459000,532250,648.354600,582639,586.017000,615631,633.115900,69626,20.862500,0x098b50423eb1b80e5a7fb520438bb4f17cbf6c9b9e6ebef7938342aa2df694fe,0x1686fa19ed842d8106f86663fe6e6888a8bfb3e985dcfd2bb1db169ffcda5da5
theo_n,2,26,false,9,13,onchain,500,22,1979758,4554511,459000,532274,546.961900,582663,565.975100,615655,526.740000,69626,23.716900,0x098b50423eb1b80e5a7fb520438bb4f17cbf6c9b9e6ebef7938342aa2df694fe,0x23e82ec09d717b107d77dc26eb5dc265ea1fc45985e29b8cc3cb17430ff24a0c
theo_n,2,27,false,9,13,onchain,500,23,1979758,4554511,459000,532262,620.261800,582651,528.690700,615643,512.998000,69626,23.262500,0x098b50423eb1b80e5a7fb520438bb4f17cbf6c9b9e6ebef7938342aa2df694fe,0x10b3bd195947d421c2d2b26290f8c337fd0828e5148886d256cae19c30dd3457
theo_n,2,28,false,9,13,onchain,500,24,1979758,4554511,459000,532166,519.699600,582543,557.330300,615535,532.172500,69626,22.064300,0x098b50423eb1b80e5a7fb520438bb4f17cbf6c9b9e6ebef7938342aa2df694fe,0x2a99ad2dc4636645cb03a3f8cddbcf89d41b4a9e486facca27dfee54675abb9c
theo_n,2,29,false,9,13,onchain,500,25,1979758,4554511,459000,532262,546.022700,582639,532.982400,615631,571.413100,69614,24.680600,0x098b50423eb1b80e5a7fb520438bb4f17cbf6c9b9e6ebef7938342aa2df694fe,0x1cd40d323ccd0838cfec775d1003317bf356cafeaba2b700c3af3c61def30fca
theo_n,2,30,false,9,13,onchain,500,26,1979758,4554511,459000,532334,496.551300,582723,512.067200,615715,563.746600,69626,30.526800,0x098b50423eb1b80e5a7fb520438bb4f17cbf6c9b9e6ebef7938342aa2df694fe,0x2eb42444691d4d15abfb91e44bb63be709bec40b9e54f4360f24d4480534af10
theo_n,2,31,false,9,13,onchain,500,27,1979758,4554511,459000,532370,495.646900,582759,555.103900,615751,490.597500,69626,65.567800,0x098b50423eb1b80e5a7fb520438bb4f17cbf6c9b9e6ebef7938342aa2df694fe,0x2c174593cceb5f490ba8f6ba09cd052e5c25a821a271f28bc1a25fe480d609d8
theo_n,2,32,false,9,13,onchain,500,28,1979758,4554511,459000,532226,513.442800,582615,646.303700,615607,592.721000,69626,29.854700,0x098b50423eb1b80e5a7fb520438bb4f17cbf6c9b9e6ebef7938342aa2df694fe,0x23665977a843f888d72d4f179e9f9d837be558853b6806d1436951fa322c1221
theo_n,2,33,false,9,13,onchain,500,29,1979758,4554511,459000,532286,574.407400,582675,679.673300,615667,582.272700,69626,30.731200,0x098b50423eb1b80e5a7fb520438bb4f17cbf6c9b9e6ebef7938342aa2df694fe,0x1784bc5a44d0a6e7b87bdd0fd4e563361f98a6aa39b7964e0907b239a38b84e7
theo_n,2,34,false,9,13,onchain,500,30,1979758,4554511,459000,532322,641.676200,582711,616.603200,615703,597.617100,69626,31.740400,0x098b50423eb1b80e5a7fb520438bb4f17cbf6c9b9e6ebef7938342aa2df694fe,0x202c4e9e6402e7f390a4ab85d1370541fe76c37421ce3a51ac5805c4b24b6da9
theo_n,2,35,false,9,13,onchain,500,31,1979758,4554511,459000,532286,559.257600,582675,605.420400,615667,550.227000,69626,24.860800,0x098b50423eb1b80e5a7fb520438bb4f17cbf6c9b9e6ebef7938342aa2df694fe,0x26ac62095e0835f5045ef0c786313c5c49c66bfa9a9c59a9176a5e55ca7e0d2f
theo_n,2,36,false,9,13,onchain,500,32,1979758,4554511,459000,532298,532.518900,582687,601.721900,615679,593.250500,69626,23.290400,0x098b50423eb1b80e5a7fb520438bb4f17cbf6c9b9e6ebef7938342aa2df694fe,0x0999d39078de7333e04118695737bc5efd57941984dd9136fc1c1b2063a26adc
theo_n,2,37,false,9,13,onchain,500,33,1979758,4554511,459000,532298,580.744500,582687,580.324200,615679,569.239300,69626,21.898200,0x098b50423eb1b80e5a7fb520438bb4f17cbf6c9b9e6ebef7938342aa2df694fe,0x21595eb5cbf9542bc3565fb23a44f93e50797512cb2156aa0f1bf0cccd52959e
theo_n,2,38,false,9,13,onchain,500,34,1979758,4554511,459000,532358,559.083400,582735,605.281700,615727,631.556000,69614,26.069500,0x098b50423eb1b80e5a7fb520438bb4f17cbf6c9b9e6ebef7938342aa2df694fe,0x25c79e1b2c8e7e076990cd6c719d9fad9068d6cd9b911cb567af007fd9ae9012
theo_n,2,39,false,9,13,onchain,500,35,1979758,4554511,459000,532154,570.497100,582543,580.410600,615535,581.965900,69626,23.886900,0x098b50423eb1b80e5a7fb520438bb4f17cbf6c9b9e6ebef7938342aa2df694fe,0x12b71401342adb56754a25ca9b90161c500f6d1db94481a55ff459a7aebc3185
theo_n,2,40,false,9,13,onchain,500,36,1979758,4554511,459000,532310,549.877400,582699,560.717800,615691,679.632900,69626,22.546600,0x098b50423eb1b80e5a7fb520438bb4f17cbf6c9b9e6ebef7938342aa2df694fe,0x1bf1c17e9fed35f18ad1a97d36860e5c49872e06811178e1de9764c9d878dc29
theo_n,2,41,false,9,13,onchain,500,37,1979758,4554511,459000,532298,598.213200,582687,618.329800,615679,607.672000,69626,46.509900,0x098b50423eb1b80e5a7fb520438bb4f17cbf6c9b9e6ebef7938342aa2df694fe,0x2b638435867637f2946659187916cd17968a726d781e30c6e61925210b314d02
theo_n,2,42,false,9,13,onchain,500,38,1979758,4554511,459000,532334,525.344900,582711,609.197800,615703,576.293200,69614,67.316600,0x098b50423eb1b80e5a7fb520438bb4f17cbf6c9b9e6ebef7938342aa2df694fe,0x2bdbfab8d0294126af14982e1000d41a61e11326b0ce247a7116adeeea7985cd
theo_n,2,43,false,9,13,onchain,500,39,1979758,4554511,459000,532274,559.270800,582663,547.296100,615655,570.476300,69626,23.574100,0x098b50423eb1b80e5a7fb520438bb4f17cbf6c9b9e6ebef7938342aa2df694fe,0x0aa7bf1d39d93e1954ce66d9858d1198e0ad921a4df6c1181b1ce905784fe958
theo_n,2,44,false,9,13,onchain,500,40,1979758,4554511,459000,532262,544.555500,582651,620.851500,615643,567.541400,69626,29.349000,0x098b50423eb1b80e5a7fb520438bb4f17cbf6c9b9e6ebef7938342aa2df694fe,0x10de1e3d29876f4850189c984ae73d9c11ce68b86aadc32cf461c98d54d62d23
theo_n,2,45,false,9,13,onchain,500,41,1979758,4554511,459000,532310,544.189400,582687,578.062600,615679,569.636600,69614,23.699600,0x098b50423eb1b80e5a7fb520438bb4f17cbf6c9b9e6ebef7938342aa2df694fe,0x1edba77fec60aecefcfe1abd4e72068fd9fb6184a89b43f5c3dc9a00069d74e2
theo_n,2,46,false,9,13,onchain,500,42,1979758,4554511,459000,532226,546.688500,582615,606.227900,615607,558.976800,69626,21.808800,0x098b50423eb1b80e5a7fb520438bb4f17cbf6c9b9e6ebef7938342aa2df694fe,0x15c8ab0ca8377161a0b8ea56ed9e3ae382863e927a1324317f9fa192d6188e2e
theo_n,2,47,false,9,13,onchain,500,43,1979758,4554511,459000,532262,610.454600,582651,569.240000,615643,576.404800,69626,23.648400,0x098b50423eb1b80e5a7fb520438bb4f17cbf6c9b9e6ebef7938342aa2df694fe,0x13eb1c80471a2c64b0c27128ce601b8439e0852909edea7c2fa01c5a8b0cd2a8
theo_n,2,48,false,9,13,onchain,500,44,1979758,4554511,459000,532286,548.407200,582675,596.093500,615667,642.551400,69626,23.964900,0x098b50423eb1b80e5a7fb520438bb4f17cbf6c9b9e6ebef7938342aa2df694fe,0x0231eb71e8795c4c4a35fb9db7f9d3c70fcb8e6537017b7c23770e27edb17c26
theo_n,2,49,false,9,13,onchain,500,45,1979758,4554511,459000,532286,546.210300,582675,624.013100,615667,583.329600,69626,38.388100,0x098b50423eb1b80e5a7fb520438bb4f17cbf6c9b9e6ebef7938342aa2df694fe,0x14bfb435acb7a5d37e0d29a9b6051229ed7acd9fdfc1de220c0337ce6f0f4ed8
theo_n,2,50,false,9,13,onchain,500,46,1979758,4554511,459000,532322,559.636000,582711,578.725400,615703,570.071100,69626,25.211900,0x098b50423eb1b80e5a7fb520438bb4f17cbf6c9b9e6ebef7938342aa2df694fe,0x0d91e737b2843fdf5a8d1394de46dfa3fe679927773f55ff934b561adb0b7fff
theo_n,2,51,false,9,13,onchain,500,47,1979758,4554511,459000,532262,549.073700,582639,636.035900,615631,623.287600,69626,26.498600,0x098b50423eb1b80e5a7fb520438bb4f17cbf6c9b9e6ebef7938342aa2df694fe,0x26954244b4ec45232f6c53427aaae47d6f1e18e481e8b23526e02555df48c1df
theo_n,2,52,false,9,13,onchain,500,48,1979758,4554511,459000,532226,596.455300,582615,622.531900,615607,583.811400,69626,33.680000,0x098b50423eb1b80e5a7fb520438bb4f17cbf6c9b9e6ebef7938342aa2df694fe,0x239708d53c07d61009f55c15e879487da0622eab4cc30d66f7bca4dbc4bfe44d
theo_n,2,53,false,9,13,onchain,500,49,1979758,4554511,459000,532310,525.782100,582699,595.498200,615691,601.012800,69626,91.562500,0x098b50423eb1b80e5a7fb520438bb4f17cbf6c9b9e6ebef7938342aa2df694fe,0x163233172054b52f81b9f891e2f9d5105c71e0adba76e509daa09013f949b0aa
theo_n,2,54,false,9,13,onchain,500,50,1979758,4554511,459000,532238,579.100300,582627,580.383100,615619,570.343200,69626,27.932600,0x098b50423eb1b80e5a7fb520438bb4f17cbf6c9b9e6ebef7938342aa2df694fe,0x29f882fd660b6a26a77c96e53e736aaae7aec2dcd44d93124440e2b9b84b4a38
theo_n,2,55,false,9,13,onchain,500,51,1979758,4554511,459000,532394,544.469900,582783,690.481100,615775,572.381600,69626,29.496700,0x098b50423eb1b80e5a7fb520438bb4f17cbf6c9b9e6ebef7938342aa2df694fe,0x27e66d84b49036dd0865b9da04321eba233102d93a56847b997b2096cfc0e219
theo_n,2,56,false,9,13,onchain,500,52,1979758,4554511,459000,532310,556.974600,582699,598.976600,615691,582.488400,69626,27.857100,0x098b50423eb1b80e5a7fb520438bb4f17cbf6c9b9e6ebef7938342aa2df694fe,0x041c6acccd0de4874fa535b4423d4a3ab728697b23310712e0d2d3f10927164d
theo_n,2,57,false,9,13,onchain,500,53,1979758,4554511,459000,532358,547.141100,582747,569.061800,615739,565.744800,69626,21.858300,0x098b50423eb1b80e5a7fb520438bb4f17cbf6c9b9e6ebef7938342aa2df694fe,0x1d11e9b323790b3c05df4d5364a35721616441c63f76b36a5b739e880f8fc03c
theo_n,2,58,false,9,13,onchain,500,54,1979758,4554511,459000,532394,551.644000,582783,553.586900,615775,610.734300,69626,23.748800,0x098b50423eb1b80e5a7fb520438bb4f17cbf6c9b9e6ebef7938342aa2df694fe,0x19ed930667ae813189bbaa0641e03f632bed382b9631862cf170dc2cfb08f703
theo_n,2,59,false,9,13,onchain,500,55,1979758,4554511,459000,532250,597.682000,582639,633.735700,615631,573.485900,69626,21.926500,0x098b50423eb1b80e5a7fb520438bb4f17cbf6c9b9e6ebef7938342aa2df694fe,0x286f63b2d20d219a578976c21ed9f8396a9370eb76c1692333fb49e9ffe5eddd
theo_n,2,60,false,9,13,onchain,500,56,1979758,4554511,459000,532274,554.510800,582663,604.383000,615655,609.860000,69626,28.344400,0x098b50423eb1b80e5a7fb520438bb4f17cbf6c9b9e6ebef7938342aa2df694fe,0x1f99a065f3bb98ea5433e6d81e6e27387fc8c025edc841fddcff3cbf77e66024
theo_n,2,61,false,9,13,onchain,500,57,1979758,4554511,459000,532334,562.082500,582723,571.081300,615715,591.292600,69626,23.998600,0x098b50423eb1b80e5a7fb520438bb4f17cbf6c9b9e6ebef7938342aa2df694fe,0x1feb6f0f68700be050d5e26dfd63e880937685b79efab2b075ec055912a4f5ae
theo_n,2,62,false,9,13,onchain,500,58,1979758,4554511,459000,532274,511.467600,582663,591.368500,615655,696.709600,69626,24.411800,0x098b50423eb1b80e5a7fb520438bb4f17cbf6c9b9e6ebef7938342aa2df694fe,0x0e6c34dbfd1473a1ae9710c16b88cac448410f09637490e3123197c34790a183
theo_n,2,63,false,9,13,onchain,500,59,1979758,4554511,459000,532310,562.009300,582699,569.850600,615691,579.816600,69626,23.000700,0x098b50423eb1b80e5a7fb520438bb4f17cbf6c9b9e6ebef7938342aa2df694fe,0x0bb2842f8a6e91c04573162fc7601b567d7df6749d60979ba332d7b78c328f8d
theo_n,2,64,false,9,13,onchain,500,60,1979758,4554511,459000,532334,569.534800,582723,620.138100,615715,576.057900,69626,68.521700,0x098b50423eb1b80e5a7fb520438bb4f17cbf6c9b9e6ebef7938342aa2df694fe,0x0a7220125db4c9fae9b66dda6e019f9ebbe630298376fe4b51a071b6eb9ddbcf
theo_n,2,65,false,9,13,onchain,500,61,1979758,4554511,459000,532322,572.568100,582711,595.117700,615703,599.819900,69626,30.556700,0x098b50423eb1b80e5a7fb520438bb4f17cbf6c9b9e6ebef7938342aa2df694fe,0x1abe534db0df466d693bdbb58e2e3330a7c9ce60678dcecd580bfa34a5604850
theo_n,2,66,false,9,13,onchain,500,62,1979758,4554511,459000,532334,575.184500,582723,608.828600,615715,572.829900,69626,27.477400,0x098b50423eb1b80e5a7fb520438bb4f17cbf6c9b9e6ebef7938342aa2df694fe,0x12cd93c7fe1e9691bc34c1a151550f01178da157b91296de0279ba930f04a680
theo_n,2,67,false,9,13,onchain,500,63,1979758,4554511,459000,532238,576.642100,582615,783.139400,615607,645.852400,69626,54.515400,0x098b50423eb1b80e5a7fb520438bb4f17cbf6c9b9e6ebef7938342aa2df694fe,0x1efdb02da48822560ee87f9d18dd45890f200b5829646129246afe143791a5ee
theo_n,2,68,false,9,13,onchain,500,64,1979758,4554511,459000,532166,777.979600,582555,569.204500,615547,566.328200,69626,25.294000,0x098b50423eb1b80e5a7fb520438bb4f17cbf6c9b9e6ebef7938342aa2df694fe,0x18bcb575879217dd771bf3fd110accc154f81eb964db696503ddc5cc982414f3
theo_n,2,69,false,9,13,onchain,500,65,1979758,4554511,459000,532298,535.878600,582687,670.827300,615679,574.610300,69626,21.587000,0x098b50423eb1b80e5a7fb520438bb4f17cbf6c9b9e6ebef7938342aa2df694fe,0x2e969f3908c8262e7c1ef3c63699dc0ca68c5ea634b5f0732921ce9452c32843
theo_n,2,70,false,9,13,onchain,500,66,1979758,4554511,459000,532322,553.140800,582699,631.054000,615691,656.858200,69614,25.839500,0x098b50423eb1b80e5a7fb520438bb4f17cbf6c9b9e6ebef7938342aa2df694fe,0x0088ab77acbdc069cfc9f633fed7cecb143790696b76586df6ef40df2b60952c
theo_n,2,71,false,9,13,onchain,500,67,1979758,4554511,459000,532286,564.608600,582675,634.839600,615667,664.848500,69626,25.638200,0x098b50423eb1b80e5a7fb520438bb4f17cbf6c9b9e6ebef7938342aa2df694fe,0x19266272248a559ab8943ba2d8258af531fe630f833f9241fd43a9bd449ed3a7
theo_n,2,72,false,9,13,onchain,500,68,1979758,4554511,459000,532310,581.613400,582699,559.318100,615691,578.277000,69626,22.750600,0x098b50423eb1b80e5a7fb520438bb4f17cbf6c9b9e6ebef7938342aa2df694fe,0x215eaf1d8e79c9ef4d076f165a4f634ca98f0f5ed28e045b617a86326162e4a2
theo_n,2,73,false,9,13,onchain,500,69,1979758,4554511,459000,532310,540.355600,582699,548.749900,615691,555.012000,69626,21.376500,0x098b50423eb1b80e5a7fb520438bb4f17cbf6c9b9e6ebef7938342aa2df694fe,0x0a7e4f05953ca3db4ac4061d27149a86e58e25f8abe9700123d4376accf763bf
theo_n,2,74,false,9,13,onchain,500,70,1979758,4554511,459000,532214,539.252400,582603,566.259200,615595,574.219400,69626,22.152100,0x098b50423eb1b80e5a7fb520438bb4f17cbf6c9b9e6ebef7938342aa2df694fe,0x08605ab6f0ea9feaba6887ea78431d2492628dfd59a10292fc7afe5ea2e8eece
theo_n,2,75,false,9,13,onchain,500,71,1979758,4554511,459000,532274,550.585100,582663,600.260400,615655,574.044300,69626,36.534500,0x098b50423eb1b80e5a7fb520438bb4f17cbf6c9b9e6ebef7938342aa2df694fe,0x26d317fe0299e077054be278d1f0d21206ca9c25bef0abf439a346026c390dfa
theo_n,2,76,false,9,13,onchain,500,72,1979758,4554511,459000,532346,559.123800,582735,586.768900,615727,593.246300,69626,26.691100,0x098b50423eb1b80e5a7fb520438bb4f17cbf6c9b9e6ebef7938342aa2df694fe,0x25af9ec4cff748dbaf0976a3ff1188e5b628546f7f4f5b9db9eaa477462f7869
theo_n,2,77,false,9,13,onchain,500,73,1979758,4554511,459000,532310,548.130500,582699,596.852000,615691,590.824800,69626,24.225600,0x098b50423eb1b80e5a7fb520438bb4f17cbf6c9b9e6ebef7938342aa2df694fe,0x01fb960b8f1b5d34b7f4749defb02b514c03bec096b79a9bc37ebfdeec741f2b
theo_n,2,78,false,9,13,onchain,500,74,1979758,4554511,459000,532322,549.533900,582711,549.282700,615703,661.066100,69626,21.859100,0x098b50423eb1b80e5a7fb520438bb4f17cbf6c9b9e6ebef7938342aa2df694fe,0x12e08ec57ab72cecc7a3924708902cc02c89942a36fdb660beb16561ed7ef5ce
theo_n,2,79,false,9,13,onchain,500,75,1979758,4554511,459000,532322,518.505000,582711,571.005400,615703,573.836500,69626,24.220200,0x098b50423eb1b80e5a7fb520438bb4f17cbf6c9b9e6ebef7938342aa2df694fe,0x16a729a31e033516db4de85c7111097269183918aa98a399cfd2eabaf4bc6545
theo_n,2,80,false,9,13,onchain,500,76,1979758,4554511,459000,532310,553.785200,582699,631.711200,615691,576.190600,69626,23.012300,0x098b50423eb1b80e5a7fb520438bb4f17cbf6c9b9e6ebef7938342aa2df694fe,0x0d453d4335fb2a5c16d11d4240b1166d98908cce0ead0250abff97a9868aecc8
theo_n,2,81,false,9,13,onchain,500,77,1979758,4554511,459000,532238,551.828000,582627,734.460500,615619,748.142900,69626,26.914900,0x098b50423eb1b80e5a7fb520438bb4f17cbf6c9b9e6ebef7938342aa2df694fe,0x0d4fb35507c4725529bee562d7875325d2200194fbe8fd2e917d6dd1cc23fdc2
theo_n,2,82,false,9,13,onchain,500,78,1979758,4554511,459000,532322,605.621500,582711,604.950600,615703,666.660200,69626,26.729300,0x098b50423eb1b80e5a7fb520438bb4f17cbf6c9b9e6ebef7938342aa2df694fe,0x18fd75dcd068156962b7472b26d5764df5f027a7dc6aba38d75ff522addddc25
theo_n,2,83,false,9,13,onchain,500,79,1979758,4554511,459000,532262,572.356900,582651,641.380100,615643,601.529600,69626,55.416900,0x098b50423eb1b80e5a7fb520438bb4f17cbf6c9b9e6ebef7938342aa2df694fe,0x2be77b57647a6b10a55e242f74a9ccf7e4785095dad898a23c39c7449a8a7c0c
theo_n,2,84,false,9,13,onchain,500,80,1979758,4554511,459000,532298,570.982900,582675,701.614900,615667,545.304000,69626,22.263500,0x098b50423eb1b80e5a7fb520438bb4f17cbf6c9b9e6ebef7938342aa2df694fe,0x0d9b8e94306ca021ecb938f5026044a99fb2903e768e0b859c6cb7f74c89ada6
theo_n,2,85,false,9,13,onchain,500,81,1979758,4554511,459000,532322,534.084500,582711,605.924800,615703,587.684900,69626,24.284600,0x098b50423eb1b80e5a7fb520438bb4f17cbf6c9b9e6ebef7938342aa2df694fe,0x06c0b3f5ffd3b8544f72e020c2ffde1c8399e0f7b3f5c2c98ef2d41a5b6d2a0a
theo_n,2,86,false,9,13,onchain,500,82,1979758,4554511,459000,532262,610.584900,582651,578.663700,615643,594.548200,69626,21.123600,0x098b50423eb1b80e5a7fb520438bb4f17cbf6c9b9e6ebef7938342aa2df694fe,0x0fcde5acfb3565955df8385342e3d172fc5e4376c643a3cb46cf9cada75b9277
theo_n,2,87,false,9,13,onchain,500,83,1979758,4554511,459000,532238,631.090700,582627,598.183400,615619,596.219100,69626,21.802200,0x098b50423eb1b80e5a7fb520438bb4f17cbf6c9b9e6ebef7938342aa2df694fe,0x15051a287f47c76ed7d2269998aa47f5381185b04d9f51445c39087cd8ed01de
theo_n,2,88,false,9,13,onchain,500,84,1979758,4554511,459000,532226,574.433700,582615,582.747100,615607,642.325600,69626,20.099200,0x098b50423eb1b80e5a7fb520438bb4f17cbf6c9b9e6ebef7938342aa2df694fe,0x0f7765a835070e4481f45e0827e06270383d6f9cdbd4196f283b338b9a4e3238
theo_n,2,89,false,9,13,onchain,500,85,1979758,4554511,459000,532262,563.447800,582651,604.472800,615643,619.241100,69626,27.465600,0x098b50423eb1b80e5a7fb520438bb4f17cbf6c9b9e6ebef7938342aa2df694fe,0x2b62ea88645121b88157ac06e4e3f9c3178df965566ae6496a8d6c6bb96fbded
theo_n,2,90,false,9,13,onchain,500,86,1979758,4554511,459000,532238,563.239800,582627,590.315300,615619,598.372800,69626,23.938400,0x098b50423eb1b80e5a7fb520438bb4f17cbf6c9b9e6ebef7938342aa2df694fe,0x2dd46823e0fa0e639cbb8cc928ec221105d0d9a65c31b716e52a5a52adfcfb95
theo_n,2,91,false,9,13,onchain,500,87,1979758,4554511,459000,532298,562.400100,582687,618.413400,615679,680.571600,69626,44.390600,0x098b50423eb1b80e5a7fb520438bb4f17cbf6c9b9e6ebef7938342aa2df694fe,0x28a7f749444fc4fb853eeff2d8b65c7a41abfea333797977a42f9f84eb0ea79b
theo_n,2,92,false,9,13,onchain,500,88,1979758,4554511,459000,532250,616.274300,582639,587.607500,615631,590.429900,69626,20.409700,0x098b50423eb1b80e5a7fb520438bb4f17cbf6c9b9e6ebef7938342aa2df694fe,0x1990851d8f9a1f34328e760b34b2c549764ca2e1557dde4c5f189c4e168cd5f9
theo_n,2,93,false,9,13,onchain,500,89,1979758,4554511,459000,532274,605.328900,582663,635.405600,615655,583.481000,69626,25.014800,0x098b50423eb1b80e5a7fb520438bb4f17cbf6c9b9e6ebef7938342aa2df694fe,0x2b8d45422864217488a84b2c5d353db89cdf51b5bee10eb545baef4f7381330f
theo_n,2,94,false,9,13,onchain,500,90,1979758,4554511,459000,532298,564.231000,582675,553.332800,615667,594.221300,69614,20.132200,0x098b50423eb1b80e5a7fb520438bb4f17cbf6c9b9e6ebef7938342aa2df694fe,0x00f12dbe894fc42bbde3b356e7868f42f5a9a342cfd632ff464f8fcf9e57333b
theo_n,2,95,false,9,13,onchain,500,91,1979758,4554511,459000,532310,574.452700,582699,552.919000,615691,557.890500,69626,17.253400,0x098b50423eb1b80e5a7fb520438bb4f17cbf6c9b9e6ebef7938342aa2df694fe,0x1ec83bfd5f380ef673a5af89e992e0d01715ca7d7f2967cc8316c40bb09163a9
theo_n,2,96,false,9,13,onchain,500,92,1979758,4554511,459000,532226,587.938100,582615,653.305300,615607,639.377500,69626,26.398700,0x098b50423eb1b80e5a7fb520438bb4f17cbf6c9b9e6ebef7938342aa2df694fe,0x0b07c8f3f557a462c6ef632caabdcf5fc3bf382ff18dfe46aae0dadaedd5a8d2
theo_n,2,97,false,9,13,onchain,500,93,1979758,4554511,459000,532346,544.636200,582735,614.330300,615727,584.778100,69626,30.010300,0x098b50423eb1b80e5a7fb520438bb4f17cbf6c9b9e6ebef7938342aa2df694fe,0x0d315137502a0bf670e5c74c46603131659987d14b09d74da3c36de13a608b07
theo_n,2,98,false,9,13,onchain,500,94,1979758,4554511,459000,532334,651.671000,582723,582.018400,615715,588.256400,69626,25.619200,0x098b50423eb1b80e5a7fb520438bb4f17cbf6c9b9e6ebef7938342aa2df694fe,0x2d7c0a2bf3f877b4301edfbb51e2b35bd3c86cfe1d1a492eb454d060ae7778f1
theo_n,2,99,false,9,13,onchain,500,95,1979758,4554511,459000,532310,550.627600,582699,613.787400,615691,659.343100,69626,29.421400,0x098b50423eb1b80e5a7fb520438bb4f17cbf6c9b9e6ebef7938342aa2df694fe,0x08d69a87c1f599104a063e0894e7eb48d057bdabc16119b7d07547d35fa7c8a5
theo_n,2,100,false,9,13,onchain,500,96,1979758,4554511,459000,532274,571.535600,582663,564.568400,615655,568.751400,69626,23.468500,0x098b50423eb1b80e5a7fb520438bb4f17cbf6c9b9e6ebef7938342aa2df694fe,0x1c7df0827e1080ee71d950a409a18e1518a5e3bce2da8c0ce1b24094d4994b6b
theo_n,2,101,false,9,13,onchain,500,97,1979758,4554511,459000,532310,540.969000,582699,705.273300,615691,805.694000,69626,35.467600,0x098b50423eb1b80e5a7fb520438bb4f17cbf6c9b9e6ebef7938342aa2df694fe,0x2d58a42d5d1cc2791453aaa1b78a1d4086dc79c5bae4a72518c26d1eeeaf480a
theo_n,2,102,false,9,13,onchain,500,98,1979758,4554511,459000,532286,963.360500,582675,638.547700,615667,562.112000,69626,39.612400,0x098b50423eb1b80e5a7fb520438bb4f17cbf6c9b9e6ebef7938342aa2df694fe,0x082328b47921926c3d45725c3c54adb91798ae45bbee77c57c13c78a0e127537
theo_n,2,103,false,9,13,onchain,500,99,1979758,4554511,459000,532334,586.394300,582723,592.686700,615715,601.088500,69626,21.314700,0x098b50423eb1b80e5a7fb520438bb4f17cbf6c9b9e6ebef7938342aa2df694fe,0x0346d298ca5e9ba5bc6d3e3e2e13cc63e6e4d14e53981e988e66eb8d5b87aed3
theo_n,2,104,false,9,13,onchain,500,100,1979758,4554511,459000,532274,596.388400,582663,608.531100,615655,697.576900,69626,19.847300,0x098b50423eb1b80e5a7fb520438bb4f17cbf6c9b9e6ebef7938342aa2df694fe,0x280a714b2978fcf5aba174c93ac09d948715115992029fdb917fd8374ab986bd
theo_n,2,105,false,9,13,onchain,500,101,1979758,4554511,459000,532322,531.609100,582699,623.963600,615691,641.234900,69626,22.128500,0x098b50423eb1b80e5a7fb520438bb4f17cbf6c9b9e6ebef7938342aa2df694fe,0x085cb394d60f01c45b060e3655b9680d97304f6337b86fda09f0335513c0eaf0
theo_n,2,106,false,9,13,onchain,500,102,1979758,4554511,459000,532274,590.345300,582651,689.176500,615643,605.852600,69614,37.044900,0x098b50423eb1b80e5a7fb520438bb4f17cbf6c9b9e6ebef7938342aa2df694fe,0x1527c5d2d9c656f6144be711876760da3a61cf05ed9e544600be5f4b9cfe074d
theo_n,2,107,false,9,13,onchain,500,103,1979758,4554511,459000,532238,621.462100,582627,593.921300,615619,609.587800,69626,37.250900,0x098b50423eb1b80e5a7fb520438bb4f17cbf6c9b9e6ebef7938342aa2df694fe,0x1eaec94c680ac2a6a85aa250ddf4cb5bd7a659b00b78f4b6b7c75044fad7d3bd
theo_n,2,108,false,9,13,onchain,500,104,1979758,4554511,459000,532286,581.955100,582675,614.299500,615667,658.566800,69626,29.275900,0x098b50423eb1b80e5a7fb520438bb4f17cbf6c9b9e6ebef7938342aa2df694fe,0x15d2afc485db584720f32f6198068e75f1168528ba496590a1980e0f1b270985
theo_n,2,109,false,9,13,onchain,500,105,1979758,4554511,459000,532346,559.967600,582735,636.667800,615727,591.354900,69626,23.006200,0x098b50423eb1b80e5a7fb520438bb4f17cbf6c9b9e6ebef7938342aa2df694fe,0x1a5da863997d24b5471d5d5e81070d3959dae8e5b754f8c0c15c3465fc18ca97
theo_n,2,110,false,9,13,onchain,500,106,1979758,4554511,459000,532286,628.082200,582663,645.587100,615655,631.456600,69614,20.462900,0x098b50423eb1b80e5a7fb520438bb4f17cbf6c9b9e6ebef7938342aa2df694fe,0x273edd203800914995c38c0f86697eebec9b5fe5bbf24f7e1a8008a29448420f
theo_n,2,111,false,9,13,onchain,500,107,1979758,4554511,459000,532262,573.181100,582639,638.368500,615631,574.928900,69626,23.557800,0x098b50423eb1b80e5a7fb520438bb4f17cbf6c9b9e6ebef7938342aa2df694fe,0x2d0b9fe4e87166878564917f8414cfbd31d9faba6cd878a9cbf85c615976b56f
theo_n,2,112,false,9,13,onchain,500,108,1979758,4554511,459000,532370,557.281900,582759,608.991100,615751,681.583500,69626,21.988300,0x098b50423eb1b80e5a7fb520438bb4f17cbf6c9b9e6ebef7938342aa2df694fe,0x132230c786a10fd367e92c57fe0adc7480c4617b2bfbe878a0401dfb1b72cb4f
theo_n,2,113,false,9,13,onchain,500,109,1979758,4554511,459000,532310,639.149400,582699,725.896600,615691,665.786300,69626,26.676000,0x098b50423eb1b80e5a7fb520438bb4f17cbf6c9b9e6ebef7938342aa2df694fe,0x16cd25f623714f4f1b7065482e340f09ca465af9ebcce54ad72bdc27f48342df
theo_n,2,114,false,9,13,onchain,500,110,1979758,4554511,459000,532358,601.822500,582747,641.507600,615739,652.762700,69626,28.307600,0x098b50423eb1b80e5a7fb520438bb4f17cbf6c9b9e6ebef7938342aa2df694fe,0x1bd2861c2b226ae17de48461808c1065c0f1c05fbd72069529891146436c9b34
theo_n,2,115,false,9,13,onchain,500,111,1979758,4554511,459000,532250,645.162800,582627,668.294000,615619,649.474400,69614,38.872800,0x098b50423eb1b80e5a7fb520438bb4f17cbf6c9b9e6ebef7938342aa2df694fe,0x0fae658cab7c5225312015aba3241828f57834001837fa9b2ba7a8dea2a5c6cf
theo_n,2,116,false,9,13,onchain,500,112,1979758,4554511,459000,532346,621.171500,582735,606.805200,615727,613.575500,69626,19.176100,0x098b50423eb1b80e5a7fb520438bb4f17cbf6c9b9e6ebef7938342aa2df694fe,0x1c5bd298c59b7b24b1802fdfa7c5e831f068f3b3f82ee84667b05d2945f3246e
theo_n,2,117,false,9,13,onchain,500,113,1979758,4554511,459000,532322,586.777100,582711,634.729800,615703,591.221300,69626,31.521700,0x098b50423eb1b80e5a7fb520438bb4f17cbf6c9b9e6ebef7938342aa2df694fe,0x2c99a20b86bdb461dd0a77ef1c3714daeaca35a1b808a8abba086b86b93557ce
theo_n,2,118,false,9,13,onchain,500,114,1979758,4554511,459000,532214,573.094700,582603,561.719800,615595,671.334700,69626,24.124100,0x098b50423eb1b80e5a7fb520438bb4f17cbf6c9b9e6ebef7938342aa2df694fe,0x25fd20ab6e32c5e8688735c9a2a6f33777a1d050634219f0b002c81ced1c7b5e
theo_n,2,119,false,9,13,onchain,500,115,1979758,4554511,459000,532286,558.085400,582663,597.678100,615655,599.505600,69626,34.647800,0x098b50423eb1b80e5a7fb520438bb4f17cbf6c9b9e6ebef7938342aa2df694fe,0x291280af54056c2cd9ad444ad2cdf0658fbdf5cdf12638e6ee2b4eb312a06144
theo_n,2,120,false,9,13,onchain,500,116,1979758,4554511,459000,532250,629.848800,582639,876.902800,615631,892.886700,69626,30.246000,0x098b50423eb1b80e5a7fb520438bb4f17cbf6c9b9e6ebef7938342aa2df694fe,0x062716b8ca7b91cefd14777688e1184a74ef6e5c5b6b65936db29c147c43227e
theo_n,2,121,false,9,13,onchain,500,117,1979758,4554511,459000,532286,546.957000,582675,588.875400,615667,637.518500,69626,26.037500,0x098b50423eb1b80e5a7fb520438bb4f17cbf6c9b9e6ebef7938342aa2df694fe,0x048e61258fe1e21ef0d5714d38c150dc8cabb2ab182c87524b52f5ec88e1f81f
theo_n,2,122,false,9,13,onchain,500,118,1979758,4554511,459000,532214,568.840700,582603,588.723100,615595,673.070200,69626,28.505700,0x098b50423eb1b80e5a7fb520438bb4f17cbf6c9b9e6ebef7938342aa2df694fe,0x0337077e10fc7847a1ac99ececa16ab363e8cf5ce0b82290be76dd1dc10769e8
theo_n,2,123,false,9,13,onchain,500,119,1979758,4554511,459000,532310,592.702000,582699,618.504800,615691,671.820800,69626,47.513000,0x098b50423eb1b80e5a7fb520438bb4f17cbf6c9b9e6ebef7938342aa2df694fe,0x122ac2ab494aa392fcee5dd7347129100fc0de2505d46d438da3cd8a2d32e6ea
theo_n,2,124,false,9,13,onchain,500,120,1979758,4554511,459000,532298,603.228400,582687,602.374700,615679,615.761200,69626,33.022800,0x098b50423eb1b80e5a7fb520438bb4f17cbf6c9b9e6ebef7938342aa2df694fe,0x1bb18f78f446215b3d6ac87d13f405094b21b926809bad622f625a5c4aba0aa5
theo_n,2,125,false,9,13,onchain,500,121,1979758,4554511,459000,532226,578.794400,582615,677.061300,615607,674.932500,69626,31.908800,0x098b50423eb1b80e5a7fb520438bb4f17cbf6c9b9e6ebef7938342aa2df694fe,0x11586f2d39477f1bc5e9b1d06a9fdff35e236bf3cdc4aab74f621481516d7815
theo_n,2,126,false,9,13,onchain,500,122,1979758,4554511,459000,532238,586.370400,582627,594.127600,615619,593.723100,69626,39.211100,0x098b50423eb1b80e5a7fb520438bb4f17cbf6c9b9e6ebef7938342aa2df694fe,0x1ddb223e1339f8bf0cbed084e0b0a69adf4fe7ca2c5dc312fce34c5ed9fdf094
theo_n,2,127,false,9,13,onchain,500,123,1979758,4554511,459000,532382,596.966700,582771,848.008600,615763,694.983100,69626,27.569400,0x098b50423eb1b80e5a7fb520438bb4f17cbf6c9b9e6ebef7938342aa2df694fe,0x1840a4c242fef47e8f74cd8aa8295e9b11f3bc37ee4ad16c38a5c208344b37dc
theo_n,2,128,false,9,13,onchain,500,124,1979758,4554511,459000,532274,634.586400,582663,639.746700,615655,643.934700,69626,33.349000,0x098b50423eb1b80e5a7fb520438bb4f17cbf6c9b9e6ebef7938342aa2df694fe,0x1c13441afbd44509328c5d26d85d3acf169464c8375735cbb5efd13c343ad09f
theo_n,2,129,false,9,13,onchain,500,125,1979758,4554511,459000,532250,589.360200,582639,697.591200,615631,689.960000,69626,33.061800,0x098b50423eb1b80e5a7fb520438bb4f17cbf6c9b9e6ebef7938342aa2df694fe,0x1326819b8b7b82169305219445339534c813219958aff00f2de38420d73886c2
theo_n,2,130,false,9,13,onchain,500,126,1979758,4554511,459000,532250,622.078100,582639,577.244300,615631,627.408500,69626,21.320700,0x098b50423eb1b80e5a7fb520438bb4f17cbf6c9b9e6ebef7938342aa2df694fe,0x2ca4fcbbe3622752f4aa4e3ca994d30d0c1456ecbc1cad9193430d998bc7ef6e
theo_n,2,131,false,9,13,onchain,500,127,1979758,4554511,459000,532298,569.812000,582687,698.647300,615679,640.582100,69626,27.160700,0x098b50423eb1b80e5a7fb520438bb4f17cbf6c9b9e6ebef7938342aa2df694fe,0x1b76b599cec9d9ae0690413de23fc0c9eb5a159ef05aea11a95ee8cda8592759
theo_n,2,132,false,9,13,onchain,500,128,1979758,4554511,459000,532310,621.053000,582699,604.281000,615691,632.217100,69626,30.159700,0x098b50423eb1b80e5a7fb520438bb4f17cbf6c9b9e6ebef7938342aa2df694fe,0x19fdf3e31ef4713cb2b80a9d45bb04e96c7ee09d39424729962e332821c9888a
theo_n,2,133,false,9,13,onchain,500,129,1979758,4554511,459000,532310,602.811300,582687,614.484000,615679,637.443200,69626,27.474300,0x098b50423eb1b80e5a7fb520438bb4f17cbf6c9b9e6ebef7938342aa2df694fe,0x1f4b342dcdff21fbd66fa67e11c5544bfd8929b923b2dabc1f7ac6cb5151b9b9
theo_n,2,134,false,9,13,onchain,500,130,1979758,4554511,459000,532214,622.228900,582603,617.113600,615595,650.818500,69626,30.463700,0x098b50423eb1b80e5a7fb520438bb4f17cbf6c9b9e6ebef7938342aa2df694fe,0x154b1d74c2618354b26b34c984e94e4f7d706573361930e780b8278071f43a98
theo_n,2,135,false,9,13,onchain,500,131,1979758,4554511,459000,532274,599.233900,582663,618.659200,615655,575.809200,69626,19.456900,0x098b50423eb1b80e5a7fb520438bb4f17cbf6c9b9e6ebef7938342aa2df694fe,0x1cd387bebe939deb9139dccf335cf5da302583a9ba488b7eea65b16b9f797a0d
theo_n,2,136,false,9,13,onchain,500,132,1979758,4554511,459000,532322,647.671600,582699,647.034900,615691,687.204800,69626,25.165000,0x098b50423eb1b80e5a7fb520438bb4f17cbf6c9b9e6ebef7938342aa2df694fe,0x06d6a19737ba3c27075e413dd7860d45cc20cb35ed6c608ac22acc2e5c9c54bb
theo_n,2,137,false,9,13,onchain,500,133,1979758,4554511,459000,532250,575.921200,582627,613.164900,615619,632.171400,69614,22.129900,0x098b50423eb1b80e5a7fb520438bb4f17cbf6c9b9e6ebef7938342aa2df694fe,0x29477a7a12360051ea5c87e3ca17fa0d3d2370b734d34a8bfeccbec806464239
theo_n,2,138,false,9,13,onchain,500,134,1979758,4554511,459000,532310,591.651600,582699,594.629100,615691,622.746400,69626,27.652000,0x098b50423eb1b80e5a7fb520438bb4f17cbf6c9b9e6ebef7938342aa2df694fe,0x261908540691dd3c2c92abe77a9016a9a562140b65ef5e147e1a60d0cdfc90e0
theo_n,2,139,false,9,13,onchain,500,135,1979758,4554511,459000,532214,619.893500,582603,644.019600,615595,634.964900,69626,31.884200,0x098b50423eb1b80e5a7fb520438bb4f17cbf6c9b9e6ebef7938342aa2df694fe,0x2674c02a1b2848b07db064c5a4e58662470a9da5dc7276de3c371db1c33bc5bc
theo_n,2,140,false,9,13,onchain,500,136,1979758,4554511,459000,532274,596.146600,582663,633.358200,615655,639.129900,69626,32.594200,0x098b50423eb1b80e5a7fb520438bb4f17cbf6c9b9e6ebef7938342aa2df694fe,0x19c06805eb153a95eef5e1daec5f4936cfd6b1fd84715978ae293859cf99f2f7
theo_n,2,141,false,9,13,onchain,500,137,1979758,4554511,459000,532346,616.749400,582735,676.356500,615727,691.654800,69626,21.527500,0x098b50423eb1b80e5a7fb520438bb4f17cbf6c9b9e6ebef7938342aa2df694fe,0x2b9386b34b67cca51b5f376f0d9d5825990e05d8a0663acc09cd7ef2478b99ef
theo_n,2,142,false,9,13,onchain,500,138,1979758,4554511,459000,532286,618.163700,582675,645.216000,615667,690.999100,69626,31.236200,0x098b50423eb1b80e5a7fb520438bb4f17cbf6c9b9e6ebef7938342aa2df694fe,0x1d973ebf381de252d781eee0181e4bf96f60364a6355f27faf9d88a26c6d5f74
theo_n,2,143,false,9,13,onchain,500,139,1979758,4554511,459000,532394,633.720800,582783,631.391500,615775,703.151900,69626,25.199600,0x098b50423eb1b80e5a7fb520438bb4f17cbf6c9b9e6ebef7938342aa2df694fe,0x1dbc758c2bdd3ffd4ae4900c512cfdd59aa39693c5da8541569bb1b11a7a4ff7
theo_n,2,144,false,9,13,onchain,500,140,1979758,4554511,459000,532334,624.969900,582723,663.857400,615715,688.924400,69626,31.347000,0x098b50423eb1b80e5a7fb520438bb4f17cbf6c9b9e6ebef7938342aa2df694fe,0x24fefd181e7c2a8b9c3c99e3f098e38499d6eb3748a5bec2ec08c191c32a20c9
theo_n,2,145,false,9,13,onchain,500,141,1979758,4554511,459000,532298,611.020700,582687,682.329700,615679,646.859700,69626,29.650500,0x098b50423eb1b80e5a7fb520438bb4f17cbf6c9b9e6ebef7938342aa2df694fe,0x23968c116ab2270a3af0c481a377d282fa2af22d0df2584795947071ab2e8546
theo_n,2,146,false,9,13,onchain,500,142,1979758,4554511,459000,532298,590.571400,582687,622.911900,615679,660.690900,69626,24.040400,0x098b50423eb1b80e5a7fb520438bb4f17cbf6c9b9e6ebef7938342aa2df694fe,0x1647c354c1f20bac7643c9c62e601536572c45dcedaee32d3ee30e288b2a1fee
theo_n,2,147,false,9,13,onchain,500,143,1979758,4554511,459000,532298,594.254000,582687,639.880000,615679,656.049300,69626,28.848500,0x098b50423eb1b80e5a7fb520438bb4f17cbf6c9b9e6ebef7938342aa2df694fe,0x2ea5df06e8526bce926495cfb5bcaeeded936c0d347b1f44869b740c89de802c
theo_n,2,148,false,9,13,onchain,500,144,1979758,4554511,459000,532346,590.933600,582735,678.247800,615727,638.742100,69626,40.575000,0x098b50423eb1b80e5a7fb520438bb4f17cbf6c9b9e6ebef7938342aa2df694fe,0x0583f5e4a43ff231fab22b74c1e8dc9ca7e11f908ebfec3cae568fa348641be4
theo_n,2,149,false,9,13,onchain,500,145,1979758,4554511,459000,532346,604.419700,582735,654.972500,615727,653.619500,69626,22.915200,0x098b50423eb1b80e5a7fb520438bb4f17cbf6c9b9e6ebef7938342aa2df694fe,0x14e11f8cfedbf4f8cf3085e378b3035aa5a493ea65a91f2de51f071ab1c11333
theo_n,2,150,false,9,13,onchain,500,146,1979758,4554511,459000,532190,597.433900,582555,691.039600,615547,687.829000,69614,31.861200,0x098b50423eb1b80e5a7fb520438bb4f17cbf6c9b9e6ebef7938342aa2df694fe,0x245b631ba32f9e19fd8f3d1bf8329300750d5c30e6151c849be8b7168923763d
theo_n,2,151,false,9,13,onchain,500,147,1979758,4554511,459000,532262,613.070000,582651,626.152900,615643,668.250800,69626,30.503600,0x098b50423eb1b80e5a7fb520438bb4f17cbf6c9b9e6ebef7938342aa2df694fe,0x0a4cf55b4df6d265e96388cc0abf738334a51602cc8ee10b4e6798b91c62ccf6
theo_n,2,152,false,9,13,onchain,500,148,1979758,4554511,459000,532286,623.969200,582675,624.582300,615667,767.594100,69626,21.678900,0x098b50423eb1b80e5a7fb520438bb4f17cbf6c9b9e6ebef7938342aa2df694fe,0x2980306594ba7a72b85f517f2b2217da35af687f784e3e046e7dc5d50302957d
theo_n,2,153,false,9,13,onchain,500,149,1979758,4554511,459000,532286,649.886400,582675,684.892700,615667,600.170700,69626,26.089800,0x098b50423eb1b80e5a7fb520438bb4f17cbf6c9b9e6ebef7938342aa2df694fe,0x0bae57eb5e9667ff3213947821ebf0971fbc22df8df57a3113b581d199257ff1
theo_n,2,154,false,9,13,onchain,500,150,1979758,4554511,459000,532202,585.468200,582579,628.127700,615571,630.552700,69614,65.716700,0x098b50423eb1b80e5a7fb520438bb4f17cbf6c9b9e6ebef7938342aa2df694fe,0x09df330028e60ab8f64f208ed8725b2bd088b3666a34eddd5b59cc30efa91446
theo_n,2,155,false,9,13,onchain,500,151,1979758,4554511,459000,532298,623.327200,582687,638.585300,615679,715.428700,69626,37.705600,0x098b50423eb1b80e5a7fb520438bb4f17cbf6c9b9e6ebef7938342aa2df694fe,0x0e827a40e73cd93978223bdaea2de4a3662c85d4ada215d330dd658fcde25a44
theo_n,2,156,false,9,13,onchain,500,152,1979758,4554511,459000,532202,635.752800,582579,712.028000,615571,643.030700,69614,32.557800,0x098b50423eb1b80e5a7fb520438bb4f17cbf6c9b9e6ebef7938342aa2df694fe,0x2df1bef61f31af46f7936d4d9d4c5ac1d276b7b8eaecfe888700ac1298f92267
theo_n,2,157,false,9,13,onchain,500,153,1979758,4554511,459000,532286,615.807600,582675,678.047600,615667,654.695200,69626,21.967100,0x098b50423eb1b80e5a7fb520438bb4f17cbf6c9b9e6ebef7938342aa2df694fe,0x12915572ab99b6ddc8fea60928bc7ce39caeba0d31257fc844a096476109b36f
theo_n,2,158,false,9,13,onchain,500,154,1979758,4554511,459000,532250,610.016400,582639,611.657700,615631,711.150300,69626,30.682700,0x098b50423eb1b80e5a7fb520438bb4f17cbf6c9b9e6ebef7938342aa2df694fe,0x1a9da40b6a281115b0c04c78ccf79a0177bfd4bd849e7a87b72227206ca49630
theo_n,2,159,false,9,13,onchain,500,155,1979758,4554511,459000,532370,689.331500,582747,625.053000,615739,716.272000,69614,23.135800,0x098b50423eb1b80e5a7fb520438bb4f17cbf6c9b9e6ebef7938342aa2df694fe,0x05a92e4d70718e361377004987d81958215294de37ec7adfa4ae249de133a464
theo_n,2,160,false,9,13,onchain,500,156,1979758,4554511,459000,532406,623.090400,582795,656.597300,615787,702.925500,69626,28.513300,0x098b50423eb1b80e5a7fb520438bb4f17cbf6c9b9e6ebef7938342aa2df694fe,0x011d10d516eb6795ffe1ac987326ec7b8a1bc7c6216fb37623144bce1ea511d9
theo_n,2,161,false,9,13,onchain,500,157,1979758,4554511,459000,532262,721.358300,582651,643.671000,615643,682.161600,69626,28.016200,0x098b50423eb1b80e5a7fb520438bb4f17cbf6c9b9e6ebef7938342aa2df694fe,0x07c2427f7b75d030b8add3786708a7f1ff3619698d999713baa4e3e9179ea69c
theo_n,2,162,false,9,13,onchain,500,158,1979758,4554511,459000,532298,599.854500,582675,648.940700,615667,681.475400,69614,19.465700,0x098b50423eb1b80e5a7fb520438bb4f17cbf6c9b9e6ebef7938342aa2df694fe,0x15b494b2d69d888296e4a53c9138e66b123c8700312e6b706ac66675afaf6f1e
theo_n,2,163,false,9,13,onchain,500,159,1979758,4554511,459000,532250,665.660600,582639,678.851300,615631,593.790100,69626,36.789700,0x098b50423eb1b80e5a7fb520438bb4f17cbf6c9b9e6ebef7938342aa2df694fe,0x09d28e4bc034581881ef74dcd3ef170396e570e5cdac22e022a7b681b15fa3f8
theo_n,2,164,false,9,13,onchain,500,160,1979758,4554511,459000,532202,632.137200,582579,654.044500,615571,647.935400,69626,31.544400,0x098b50423eb1b80e5a7fb520438bb4f17cbf6c9b9e6ebef7938342aa2df694fe,0x06320cda582ab69eba60cc5f2d8f98720c81076f5feb562563b2678474f0e833
theo_n,2,165,false,9,13,onchain,500,161,1979758,4554511,459000,532286,650.844000,582675,651.818200,615667,723.518900,69626,20.517300,0x098b50423eb1b80e5a7fb520438bb4f17cbf6c9b9e6ebef7938342aa2df694fe,0x1ed92eb6f52266c41b5eff71eff811783249cd3cb8dab2b6d993871737888e24
theo_n,2,166,false,9,13,onchain,500,162,1979758,4554511,459000,532394,678.132600,582783,670.543100,615775,725.434600,69626,22.959100,0x098b50423eb1b80e5a7fb520438bb4f17cbf6c9b9e6ebef7938342aa2df694fe,0x2f228f71e58a7b39a67b3c4e6272d392223b6299129403e73cd5d22ee0dd12ac
theo_n,2,167,false,9,13,onchain,500,163,1979758,4554511,459000,532250,637.747300,582639,699.455000,615631,669.167200,69626,68.376500,0x098b50423eb1b80e5a7fb520438bb4f17cbf6c9b9e6ebef7938342aa2df694fe,0x08b9ea24dacf4bb71cd1a71d186ad4a3aa0b1224036b3d5975053220811cfde2
theo_n,2,168,false,9,13,onchain,500,164,1979758,4554511,459000,532262,715.140700,582651,633.193300,615643,705.958800,69626,23.945700,0x098b50423eb1b80e5a7fb520438bb4f17cbf6c9b9e6ebef7938342aa2df694fe,0x1e916b5d46e155942cbf9bd03d57a68d6870f77dfa7a2603838d5697fc064995
theo_n,2,169,false,9,13,onchain,500,165,1979758,4554511,459000,532310,642.044200,582699,695.933900,615691,666.889400,69626,22.091000,0x098b50423eb1b80e5a7fb520438bb4f17cbf6c9b9e6ebef7938342aa2df694fe,0x2083a99ee8336b2216a949706234f1238389c5d988e1a708f1d82d2dd19a36f8
theo_n,2,170,false,9,13,onchain,500,166,1979758,4554511,459000,532238,598.372300,582615,636.789500,615607,720.094700,69614,23.567600,0x098b50423eb1b80e5a7fb520438bb4f17cbf6c9b9e6ebef7938342aa2df694fe,0x0fc49d02f286296ca6aea328cf7989ead6df46008a90ac7708b353d4d1fa50a1
theo_n,2,171,false,9,13,onchain,500,167,1979758,4554511,459000,532262,628.651600,582639,656.787800,615631,643.422100,69614,42.051500,0x098b50423eb1b80e5a7fb520438bb4f17cbf6c9b9e6ebef7938342aa2df694fe,0x01c951890bef8b00ee81b33d53ff33cabfdb08c77cd3d71cf09ae6aa9c8e6223
theo_n,2,172,false,9,13,onchain,500,168,1979758,4554511,459000,532286,720.900400,582675,660.417900,615667,680.304400,69626,48.870400,0x098b50423eb1b80e5a7fb520438bb4f17cbf6c9b9e6ebef7938342aa2df694fe,0x2e21bd7006b2fe0c1b3e8d85680b3db6b9023ae9655b981deba01610d09107ff
theo_n,2,173,false,9,13,onchain,500,169,1979758,4554511,459000,532310,593.027100,582699,647.499900,615691,620.294500,69626,26.430600,0x098b50423eb1b80e5a7fb520438bb4f17cbf6c9b9e6ebef7938342aa2df694fe,0x2dea3ace923241fb9b6cbe0f7cc54de90e793785f271579dc5ba7ed217ecf5de
theo_n,2,174,false,9,13,onchain,500,170,1979758,4554511,459000,532262,669.678400,582651,665.663700,615643,655.995100,69626,23.504000,0x098b50423eb1b80e5a7fb520438bb4f17cbf6c9b9e6ebef7938342aa2df694fe,0x10f12245982fffe007b0ecef635197a5267eb81d727d447237c3f308eeea06c5
theo_n,2,175,false,9,13,onchain,500,171,1979758,4554511,459000,532334,665.846000,582711,628.955000,615703,605.218600,69614,30.194800,0x098b50423eb1b80e5a7fb520438bb4f17cbf6c9b9e6ebef7938342aa2df694fe,0x1fde592bf80e60c3006f6357af1860d7a9c3b5f570bc0e39666b2fa0b0fa623b
theo_n,2,176,false,9,13,onchain,500,172,1979758,4554511,459000,532298,594.874600,582675,618.690100,615667,666.122300,69614,19.689500,0x098b50423eb1b80e5a7fb520438bb4f17cbf6c9b9e6ebef7938342aa2df694fe,0x03f52ca2eb1444ab17b86e0070b7cb17a6e6d8eb47ba455096f24be0ef44e64d
theo_n,2,177,false,9,13,onchain,500,173,1979758,4554511,459000,532274,628.850900,582663,623.747400,615655,658.611400,69626,20.448100,0x098b50423eb1b80e5a7fb520438bb4f17cbf6c9b9e6ebef7938342aa2df694fe,0x298aa57712a04fb53de588b8f1a0b1d1e4227d335b31773343b126bd46d6c8ce
theo_n,2,178,false,9,13,onchain,500,174,1979758,4554511,459000,532346,608.300000,582735,708.860500,615727,723.812500,69626,25.570400,0x098b50423eb1b80e5a7fb520438bb4f17cbf6c9b9e6ebef7938342aa2df694fe,0x107b857578d9cb6989ccf0f30edb97b06bc3833c39c4f2d3e3d372f481dd8023
theo_n,2,179,false,9,13,onchain,500,175,1979758,4554511,459000,532322,675.227200,582711,623.766300,615703,661.964300,69626,30.629800,0x098b50423eb1b80e5a7fb520438bb4f17cbf6c9b9e6ebef7938342aa2df694fe,0x1f04cfcb8e116dbe0f227912a09380f4e32e9e3e5f2256e919bb36f7079c5103
theo_n,2,180,false,9,13,onchain,500,176,1979758,4554511,459000,532262,622.072600,582651,601.189100,615643,692.607400,69626,115.285800,0x098b50423eb1b80e5a7fb520438bb4f17cbf6c9b9e6ebef7938342aa2df694fe,0x1e68c8b38e22bac0843fbbaa1beb99ff308287da69e2748e848701f40806de03
theo_n,2,181,false,9,13,onchain,500,177,1979758,4554511,459000,532262,601.078600,582639,679.981200,615631,702.283300,69614,31.843800,0x098b50423eb1b80e5a7fb520438bb4f17cbf6c9b9e6ebef7938342aa2df694fe,0x00273abbd77c1c843a34dd7136eb304c447c3664dec4b8a1220dfd8f7d419215
theo_n,2,182,false,9,13,onchain,500,178,1979758,4554511,459000,532382,612.485700,582771,637.936100,615763,747.514600,69626,34.502900,0x098b50423eb1b80e5a7fb520438bb4f17cbf6c9b9e6ebef7938342aa2df694fe,0x0b28f864933c885e09f83295b931650d055fc4fc29f027c7f9154c739463a145
theo_n,2,183,false,9,13,onchain,500,179,1979758,4554511,459000,532286,656.549800,582663,648.766100,615655,678.604400,69626,23.638000,0x098b50423eb1b80e5a7fb520438bb4f17cbf6c9b9e6ebef7938342aa2df694fe,0x1942c46688b94e9feac9b79485e5275cd47749110c86881a6f89b4fd673313b8
theo_n,2,184,false,9,13,onchain,500,180,1979758,4554511,459000,532334,583.686700,582723,729.363100,615715,681.603300,69626,58.040400,0x098b50423eb1b80e5a7fb520438bb4f17cbf6c9b9e6ebef7938342aa2df694fe,0x05e66e3156ee58cd9a319fc1bf021b066bb4a12dfcb4065c8fd52badd2816357
theo_n,2,185,false,9,13,onchain,500,181,1979758,4554511,459000,532334,606.164600,582723,691.159600,615715,680.418900,69626,30.268500,0x098b50423eb1b80e5a7fb520438bb4f17cbf6c9b9e6ebef7938342aa2df694fe,0x2a3c82367379ca3bc510fa7cc6292b87adeae422acaf533b481b7ab5a9b74ff8
theo_n,2,186,false,9,13,onchain,500,182,1979758,4554511,459000,532370,603.716900,582759,745.528100,615751,685.158900,69626,27.780300,0x098b50423eb1b80e5a7fb520438bb4f17cbf6c9b9e6ebef7938342aa2df694fe,0x1249bf76e23d7887ed8174d4d5ab76b45d4e883f887862e0fbb6cb1ff0ae511b
theo_n,2,187,false,9,13,onchain,500,183,1979758,4554511,459000,532358,638.378700,582747,721.989700,615739,678.719200,69626,33.533200,0x098b50423eb1b80e5a7fb520438bb4f17cbf6c9b9e6ebef7938342aa2df694fe,0x299618a39d19d4bebd969488c616703e255699e67a2120cf6f08ea875ec432c3
theo_n,2,188,false,9,13,onchain,500,184,1979758,4554511,459000,532346,619.731300,582735,639.217400,615727,703.527000,69626,27.114100,0x098b50423eb1b80e5a7fb520438bb4f17cbf6c9b9e6ebef7938342aa2df694fe,0x1c9a777a7d9c58721c7da841f525a15984b7e891da907c30cff77c20fec58449
theo_n,2,189,false,9,13,onchain,500,185,1979758,4554511,459000,532286,602.696800,582675,653.643100,615667,660.553800,69626,30.411900,0x098b50423eb1b80e5a7fb520438bb4f17cbf6c9b9e6ebef7938342aa2df694fe,0x2608a22fc17f577d6b0c737a1dae9bf3bfcada6e599a32673cc3b22aa3b6190c
theo_n,2,190,false,9,13,onchain,500,186,1979758,4554511,459000,532370,610.599800,582759,654.417000,615751,695.087200,69626,29.881000,0x098b50423eb1b80e5a7fb520438bb4f17cbf6c9b9e6ebef7938342aa2df694fe,0x21c60d25a15e9ae91c63bf274725cbd91cce20150f6968f909ed4545bf10f860
theo_n,2,191,false,9,13,onchain,500,187,1979758,4554511,459000,532382,618.696100,582771,681.332300,615763,676.465900,69626,23.375000,0x098b50423eb1b80e5a7fb520438bb4f17cbf6c9b9e6ebef7938342aa2df694fe,0x2a2d7701e0b8c21420d7b7229e667662e2cbb348c0011ae3c54b0a6ef4ddaed2
theo_n,2,192,false,9,13,onchain,500,188,1979758,4554511,459000,532262,647.122600,582651,699.821000,615643,608.737700,69626,23.776800,0x098b50423eb1b80e5a7fb520438bb4f17cbf6c9b9e6ebef7938342aa2df694fe,0x2147d5a5854e8222301664ebdea905cf2129477a5b1fa920e3b69c0ffde3fe7c
theo_n,2,193,false,9,13,onchain,500,189,1979758,4554511,459000,532382,624.078700,582771,651.563000,615763,640.235600,69626,26.709700,0x098b50423eb1b80e5a7fb520438bb4f17cbf6c9b9e6ebef7938342aa2df694fe,0x09e30c2882ee8f7a4d382ee18bfb26fd8cc97e5b71b4abf04cb6ef5c20141ee8
theo_n,2,194,false,9,13,onchain,500,190,1979758,4554511,459000,532310,654.458000,582699,730.780700,615691,686.060800,69626,23.129200,0x098b50423eb1b80e5a7fb520438bb4f17cbf6c9b9e6ebef7938342aa2df694fe,0x29659717e824040f23b91d2d273626a16f2383026d93d647e324bab659038b3b
theo_n,2,195,false,9,13,onchain,500,191,1979758,4554511,459000,532178,596.050600,582567,626.370600,615559,738.193000,69626,22.548400,0x098b50423eb1b80e5a7fb520438bb4f17cbf6c9b9e6ebef7938342aa2df694fe,0x08905947031ddfd20fdb11313343efd9b643df52a76a9d8822b84478d51ef533
theo_n,2,196,false,9,13,onchain,500,192,1979758,4554511,459000,532346,652.001100,582735,701.373200,615727,671.647300,69626,29.436800,0x098b50423eb1b80e5a7fb520438bb4f17cbf6c9b9e6ebef7938342aa2df694fe,0x2623d2f0bb27f75ed651479f235215416974c7ed687818ca2eca4ed54cb0890e
theo_n,2,197,false,9,13,onchain,500,193,1979758,4554511,459000,532322,654.854400,582711,642.953600,615703,650.389500,69626,59.442100,0x098b50423eb1b80e5a7fb520438bb4f17cbf6c9b9e6ebef7938342aa2df694fe,0x17f2a18d1c6af5fbd37c56a76f8d84a8557e3f92f46b9f10c97f07498d7a3e5e
theo_n,2,198,false,9,13,onchain,500,194,1979758,4554511,459000,532394,687.870800,582783,682.769800,615775,670.937500,69626,27.403700,0x098b50423eb1b80e5a7fb520438bb4f17cbf6c9b9e6ebef7938342aa2df694fe,0x080444fd3d681818265e4b132c34ac5d5d0913ad9cde27ae4b3bc8bec9a476aa
theo_n,2,199,false,9,13,onchain,500,195,1979758,4554511,459000,532226,614.274300,582603,718.312300,615595,761.530200,69614,27.816900,0x098b50423eb1b80e5a7fb520438bb4f17cbf6c9b9e6ebef7938342aa2df694fe,0x0650d03351bfa136d51cb721acb4868d9022e9febefe6b28499f0f004f36071e
theo_n,2,200,false,9,13,onchain,500,196,1979758,4554511,459000,532274,652.222400,582663,727.909000,615655,701.112200,69626,28.122100,0x098b50423eb1b80e5a7fb520438bb4f17cbf6c9b9e6ebef7938342aa2df694fe,0x1dce569b979e4239dd9eb95272649e1f5bc3375080e9be8f146870ec3767764c
theo_n,2,201,false,9,13,onchain,500,197,1979758,4554511,459000,532310,620.892000,582699,687.105200,615691,659.882800,69626,22.797300,0x098b50423eb1b80e5a7fb520438bb4f17cbf6c9b9e6ebef7938342aa2df694fe,0x229060fc460a01a09958347d142e63e18fac8e663a93f9c0a697618459f11091
theo_n,2,202,false,9,13,onchain,500,198,1979758,4554511,459000,532286,601.556800,582675,705.468800,615667,660.024000,69626,24.415800,0x098b50423eb1b80e5a7fb520438bb4f17cbf6c9b9e6ebef7938342aa2df694fe,0x14c6c58b860df7cf32a61fa6440107908bc1f58866b5291b6fc0266a44cc4347
theo_n,2,203,false,9,13,onchain,500,199,1979758,4554511,459000,532262,688.065300,582639,654.002500,615631,666.388200,69614,31.740500,0x098b50423eb1b80e5a7fb520438bb4f17cbf6c9b9e6ebef7938342aa2df694fe,0x2c6eca6e9dddf0c400924a7e305eebe78c57a0d68da8b8afe9343f8bb69af311
theo_n,2,204,false,9,13,onchain,500,200,1979758,4554511,459000,532250,637.405100,582639,727.264100,615631,721.264800,69626,22.434700,0x098b50423eb1b80e5a7fb520438bb4f17cbf6c9b9e6ebef7938342aa2df694fe,0x26d10e610f5a898caa541893e7c74d8b589b1bca141f9d5c12129f0ac8c2c4de
theo_n,2,205,false,9,13,onchain,500,201,1979758,4554511,459000,532262,700.579300,582639,765.942900,615631,703.986300,69614,24.788800,0x098b50423eb1b80e5a7fb520438bb4f17cbf6c9b9e6ebef7938342aa2df694fe,0x1de79d5b678871b100b2b73ad88c37f56b46d8c4d0981df6850d7f290419f46f
theo_n,2,206,false,9,13,onchain,500,202,1979758,4554511,459000,532334,735.267300,582723,666.572300,615715,670.032700,69626,26.826600,0x098b50423eb1b80e5a7fb520438bb4f17cbf6c9b9e6ebef7938342aa2df694fe,0x1e084c1e93a570dd4dd924a63074f8e4144d31f5484d14bf9e43031a1408dd37
theo_n,2,207,false,9,13,onchain,500,203,1979758,4554511,459000,532202,649.917100,582591,635.373500,615583,640.006300,69626,36.708300,0x098b50423eb1b80e5a7fb520438bb4f17cbf6c9b9e6ebef7938342aa2df694fe,0x2b491f2eb4c3f055d7784d7f4a35a5a0ffbd04a7375b5db1796d27992d6a78a4
theo_n,2,208,false,9,13,onchain,500,204,1979758,4554511,459000,532358,596.737000,582747,669.159100,615739,716.885400,69626,27.873900,0x098b50423eb1b80e5a7fb520438bb4f17cbf6c9b9e6ebef7938342aa2df694fe,0x2207f01b23ccc5d511b22b388ece1132266a457ae6354b500e3371d8b7b47b8f
theo_n,2,209,false,9,13,onchain,500,205,1979758,4554511,459000,532226,661.357300,582615,706.833100,615607,689.101000,69626,21.583400,0x098b50423eb1b80e5a7fb520438bb4f17cbf6c9b9e6ebef7938342aa2df694fe,0x2820b06f5df5d3e5eac9c631774e2ed85c977ab1010eff6d64f3fb624ad7d7a3
theo_n,2,210,false,9,13,onchain,500,206,1979758,4554511,459000,532322,641.698600,582711,687.439800,615703,697.466800,69626,64.281900,0x098b50423eb1b80e5a7fb520438bb4f17cbf6c9b9e6ebef7938342aa2df694fe,0x27a17ea0f0816d8c2987f01b465a7a7c34a96adc62fd86ae42af4cc4a760bd5b
theo_n,2,211,false,9,13,onchain,500,207,1979758,4554511,459000,532274,623.640900,582663,666.648400,615655,788.183600,69626,25.242200,0x098b50423eb1b80e5a7fb520438bb4f17cbf6c9b9e6ebef7938342aa2df694fe,0x2838bb09aca0424f32baa130c15f81e5704a68065f6de6f27979fc196863b7ae
theo_n,2,212,false,9,13,onchain,500,208,1979758,4554511,459000,532358,634.462000,582747,688.920800,615739,687.881100,69626,31.805200,0x098b50423eb1b80e5a7fb520438bb4f17cbf6c9b9e6ebef7938342aa2df694fe,0x08253658a1a878506ef21181f0975c66ef755715fd66e1573da2305eb0cd2780
theo_n,2,213,false,9,13,onchain,500,209,1979758,4554511,459000,532274,635.684700,582663,648.826100,615655,739.204000,69626,21.044900,0x098b50423eb1b80e5a7fb520438bb4f17cbf6c9b9e6ebef7938342aa2df694fe,0x10b028218147aff279afc8483c1d0f2f720bcbff9e7b277074e6f5964c6c1c75
theo_n,2,214,false,9,13,onchain,500,210,1979758,4554511,459000,532262,647.413100,582651,673.679500,615643,777.998800,69626,38.647600,0x098b50423eb1b80e5a7fb520438bb4f17cbf6c9b9e6ebef7938342aa2df694fe,0x2173732b56584682acdb72c0eb05938ecaa2a2cf7d64074b54076a03bc11d903
theo_n,2,215,false,9,13,onchain,500,211,1979758,4554511,459000,532298,686.905200,582687,681.263900,615679,694.375900,69626,23.633600,0x098b50423eb1b80e5a7fb520438bb4f17cbf6c9b9e6ebef7938342aa2df694fe,0x18f62f27b02c5bdf99fc82b37e136b28c8b03690f7a779e123ec15b179a41357
theo_n,2,216,false,9,13,onchain,500,212,1979758,4554511,459000,532322,608.794800,582711,635.553400,615703,762.973800,69626,22.339400,0x098b50423eb1b80e5a7fb520438bb4f17cbf6c9b9e6ebef7938342aa2df694fe,0x0522989be561c3acf3d13b8ce2579c69fd82702309650aa02dc3f0f1a3aeb51e
theo_n,2,217,false,9,13,onchain,500,213,1979758,4554511,459000,532154,648.744600,582531,680.184200,615523,741.508900,69614,24.663100,0x098b50423eb1b80e5a7fb520438bb4f17cbf6c9b9e6ebef7938342aa2df694fe,0x00abfd86d0b7cd3ef4c548a4842e95cd198e8c13f5984cf7744328f643ecda38
theo_n,2,218,false,9,13,onchain,500,214,1979758,4554511,459000,532334,622.904300,582711,692.714400,615703,690.390000,69614,32.670400,0x098b50423eb1b80e5a7fb520438bb4f17cbf6c9b9e6ebef7938342aa2df694fe,0x00e72a74ffeafc01ff3bc87cbe9cb8991e6ddf6a62704eee18f298fb44947a54
theo_n,2,219,false,9,13,onchain,500,215,1979758,4554511,459000,532310,637.685800,582699,596.322300,615691,622.190100,69626,46.981000,0x098b50423eb1b80e5a7fb520438bb4f17cbf6c9b9e6ebef7938342aa2df694fe,0x09bd4c44b0d8c3f95e85a7ea7eaad034d0bb4a071151c4602d4c25a063e655a3
theo_n,2,220,false,9,13,onchain,500,216,1979758,4554511,459000,532322,575.542100,582699,624.499600,615691,624.193500,69614,26.401300,0x098b50423eb1b80e5a7fb520438bb4f17cbf6c9b9e6ebef7938342aa2df694fe,0x1da98d0d586ad726f7d6d36d081f3b5ddaff00b0e568dc30c9263430f45d0efd
theo_n,2,221,false,9,13,onchain,500,217,1979758,4554511,459000,532346,622.848800,582723,611.115600,615715,635.986100,69614,27.334700,0x098b50423eb1b80e5a7fb520438bb4f17cbf6c9b9e6ebef7938342aa2df694fe,0x0d332cc6cfca7d979739d690576d83fa594a7fade7d1ed233baee5eee47c00aa
theo_n,2,222,false,9,13,onchain,500,218,1979758,4554511,459000,532214,569.869200,582603,602.710200,615595,628.973800,69626,25.599500,0x098b50423eb1b80e5a7fb520438bb4f17cbf6c9b9e6ebef7938342aa2df694fe,0x04df1709421261492f4643397ca9c5a3205a57917e5467927d5d95111e631b98
theo_n,2,223,false,9,13,onchain,500,219,1979758,4554511,459000,532286,653.015600,582675,601.313200,615667,619.688200,69626,22.257200,0x098b50423eb1b80e5a7fb520438bb4f17cbf6c9b9e6ebef7938342aa2df694fe,0x0ca39f899831fd4e5448e7ade10af02c0e1c50d9b33334800989497f9e26e93b
theo_n,2,224,false,9,13,onchain,500,220,1979758,4554511,459000,532238,621.745500,582627,560.379400,615619,538.412100,69626,22.728000,0x098b50423eb1b80e5a7fb520438bb4f17cbf6c9b9e6ebef7938342aa2df694fe,0x17b533f22fbbd4525ea0cb1d23064c62e4d5d81c56b9f425542cd2b8500fe93f
theo_n,2,225,false,9,13,onchain,500,221,1979758,4554511,459000,532214,536.111400,582603,637.834200,615595,588.513600,69626,32.649300,0x098b50423eb1b80e5a7fb520438bb4f17cbf6c9b9e6ebef7938342aa2df694fe,0x30284ab4f906ef741017b6ba866c480fe26022712c2b1f47925878df7ead3942
theo_n,2,226,false,9,13,onchain,500,222,1979758,4554511,459000,532286,548.395600,582675,584.257400,615667,617.188400,69626,39.618400,0x098b50423eb1b80e5a7fb520438bb4f17cbf6c9b9e6ebef7938342aa2df694fe,0x230719c7f7508d7995106104b0fba8547e5ccbc3b2237e6c3681908b8908eb25
theo_n,2,227,false,9,13,onchain,500,223,1979758,4554511,459000,532250,574.091200,582627,599.287700,615619,578.250900,69614,33.462200,0x098b50423eb1b80e5a7fb520438bb4f17cbf6c9b9e6ebef7938342aa2df694fe,0x05e321b5b73ae7dc708200813248dc8ce759f76786404cca834d23fbda676330
theo_n,2,228,false,9,13,onchain,500,224,1979758,4554511,459000,532358,529.609700,582747,651.062900,615739,627.092500,69626,30.342800,0x098b50423eb1b80e5a7fb520438bb4f17cbf6c9b9e6ebef7938342aa2df694fe,0x04f16424a036c1c8b8b62ac3f6fbf1afe4161d95f2745ca23620b11c345ec204
theo_n,2,229,false,9,13,onchain,500,225,1979758,4554511,459000,532274,598.556500,582663,597.553600,615655,673.867200,69626,30.109900,0x098b50423eb1b80e5a7fb520438bb4f17cbf6c9b9e6ebef7938342aa2df694fe,0x1683ef468d4cd009c3194edbbb010a088da918a0690b8a067343e416a6a4b7ff
theo_n,2,230,false,9,13,onchain,500,226,1979758,4554511,459000,532334,680.803800,582711,632.676000,615703,583.893700,69614,29.098700,0x098b50423eb1b80e5a7fb520438bb4f17cbf6c9b9e6ebef7938342aa2df694fe,0x019f440d4f71344df6e4a73f4d2b76d8d021ff64e9805774b700ff240c7e6290
theo_n,2,231,false,9,13,onchain,500,227,1979758,4554511,459000,532298,640.866400,582687,634.892400,615679,646.940500,69626,25.442900,0x098b50423eb1b80e5a7fb520438bb4f17cbf6c9b9e6ebef7938342aa2df694fe,0x2cd3b78cb474d98ab26e82eec456c2b501e97e323c15f190d62a4d50eccd5f21
theo_n,2,232,false,9,13,onchain,500,228,1979758,4554511,459000,532346,561.264300,582735,617.183000,615727,664.487000,69626,24.887000,0x098b50423eb1b80e5a7fb520438bb4f17cbf6c9b9e6ebef7938342aa2df694fe,0x0cd75776cd07fe51cb25d1b9af220f8010d0b1b48eabf6f7c90ee35094b60e35
theo_n,2,233,false,9,13,onchain,500,229,1979758,4554511,459000,532214,585.834600,582603,698.085500,615595,593.472800,69626,26.923200,0x098b50423eb1b80e5a7fb520438bb4f17cbf6c9b9e6ebef7938342aa2df694fe,0x2af48b45a7202a164a90ca6a1725e39467f70a524ea74dfae76a0a6dc0b7be0b
theo_n,2,234,false,9,13,onchain,500,230,1979758,4554511,459000,532298,585.285600,582675,731.019100,615667,627.340300,69626,26.792600,0x098b50423eb1b80e5a7fb520438bb4f17cbf6c9b9e6ebef7938342aa2df694fe,0x0aa6ce31e57d744ae008aec740817366db5ec92d41d4b40a440c5b1c0eb2cd57
theo_n,2,235,false,9,13,onchain,500,231,1979758,4554511,459000,532298,605.329400,582687,559.492800,615679,767.290100,69626,22.993900,0x098b50423eb1b80e5a7fb520438bb4f17cbf6c9b9e6ebef7938342aa2df694fe,0x278b7b3a14762423c4cb23f6ef2bed5f69f610ad64b09fb228de4bdd7b449931
theo_n,2,236,false,9,13,onchain,500,232,1979758,4554511,459000,532370,634.559400,582747,614.696300,615739,633.274700,69614,25.163300,0x098b50423eb1b80e5a7fb520438bb4f17cbf6c9b9e6ebef7938342aa2df694fe,0x008535962f0a38daf6d8b95158c3c95e2415b4e90d11089c37356fc331072ead
theo_n,2,237,false,9,13,onchain,500,233,1979758,4554511,459000,532334,654.871100,582723,694.153400,615715,721.244300,69626,34.816500,0x098b50423eb1b80e5a7fb520438bb4f17cbf6c9b9e6ebef7938342aa2df694fe,0x1f283c30d18bf09f79126ecf806edc3bf784d5e0f9725586679bfe0e9c141c4e
theo_n,2,238,false,9,13,onchain,500,234,1979758,4554511,459000,532382,626.946100,582759,623.096400,615751,662.914200,69626,22.799600,0x098b50423eb1b80e5a7fb520438bb4f17cbf6c9b9e6ebef7938342aa2df694fe,0x0ca1cac7f7c4ab67a0c13fbe4385bbfcc207f7258be5b10a821c9e35368bc57c
theo_n,2,239,false,9,13,onchain,500,235,1979758,4554511,459000,532286,618.714300,582675,745.957100,615667,590.496100,69626,21.582500,0x098b50423eb1b80e5a7fb520438bb4f17cbf6c9b9e6ebef7938342aa2df694fe,0x1ee64ecdb87fe16d9a0b2d0a42e45479ccd2fa4753d872229767dfbf44cdf2d9
theo_n,2,240,false,9,13,onchain,500,236,1979758,4554511,459000,532346,543.192700,582735,561.764200,615727,631.617100,69626,27.656100,0x098b50423eb1b80e5a7fb520438bb4f17cbf6c9b9e6ebef7938342aa2df694fe,0x0c61a809f53d171aeb13efc2823b433ee74a4bcb86fcca2c0bbe028b9567aba6
theo_n,2,241,false,9,13,onchain,500,237,1979758,4554511,459000,532310,575.878400,582699,717.171700,615691,690.243200,69626,30.584300,0x098b50423eb1b80e5a7fb520438bb4f17cbf6c9b9e6ebef7938342aa2df694fe,0x249a5db4d7eb6525105d286d5866fa9da2af5e066720dd3e559dc51efb9f1ffb
theo_n,2,242,false,9,13,onchain,500,238,1979758,4554511,459000,532334,766.551400,582723,629.786400,615715,639.613300,69626,29.636400,0x098b50423eb1b80e5a7fb520438bb4f17cbf6c9b9e6ebef7938342aa2df694fe,0x0702f314a3e92da936be90effa3dcc080d999f2e509ef50c2c1d79b4fc8f6bcd
theo_n,2,243,false,9,13,onchain,500,239,1979758,4554511,459000,532250,603.868600,582639,568.079800,615631,580.393300,69626,21.251700,0x098b50423eb1b80e5a7fb520438bb4f17cbf6c9b9e6ebef7938342aa2df694fe,0x0a4b98013160def93d32ab9bd72b198ed733f55b2afe206df82a3170ae024fdf
theo_n,2,244,false,9,13,onchain,500,240,1979758,4554511,459000,532370,679.291000,582759,604.871000,615751,648.196200,69626,34.401300,0x098b50423eb1b80e5a7fb520438bb4f17cbf6c9b9e6ebef7938342aa2df694fe,0x06e7126768d8e8ff17cce3aab2c4804e1cbd3fe8097a56fccac32ae30136f0ca
theo_n,2,245,false,9,13,onchain,500,241,1979758,4554511,459000,532250,569.478400,582639,614.591400,615631,620.423900,69626,40.136900,0x098b50423eb1b80e5a7fb520438bb4f17cbf6c9b9e6ebef7938342aa2df694fe,0x0a3decc0377e13f60cc834863b77ceedbe0fe45696b715b64b35cde307d12ba3
theo_n,2,246,false,9,13,onchain,500,242,1979758,4554511,459000,532346,640.238700,582735,592.348300,615727,682.270000,69626,34.010000,0x098b50423eb1b80e5a7fb520438bb4f17cbf6c9b9e6ebef7938342aa2df694fe,0x27797a9f69d6b0d7d985d0a46cd91f3d36c9fa86cdbeaa89ce2415172e64f190
theo_n,2,247,false,9,13,onchain,500,243,1979758,4554511,459000,532202,638.251200,582591,610.852000,615583,648.973900,69626,23.295600,0x098b50423eb1b80e5a7fb520438bb4f17cbf6c9b9e6ebef7938342aa2df694fe,0x12e45f07466eecaf4f209e0a6519f666d88d455427c1d676657f276d56339d2f
theo_n,2,248,false,9,13,onchain,500,244,1979758,4554511,459000,532346,611.184300,582735,586.910800,615727,611.099800,69626,28.024200,0x098b50423eb1b80e5a7fb520438bb4f17cbf6c9b9e6ebef7938342aa2df694fe,0x181adf32cfe9935cd5593d715f3eddd6c12cf801141af0412b5002665fb58cf2
theo_n,2,249,false,9,13,onchain,500,245,1979758,4554511,459000,532250,637.937300,582639,735.863700,615631,622.613600,69626,25.477400,0x098b50423eb1b80e5a7fb520438bb4f17cbf6c9b9e6ebef7938342aa2df694fe,0x0293847ef66f11fb996f93396f52d4a36106d51fcac611aab6fc2563d36d3847
theo_n,2,250,false,9,13,onchain,500,246,1979758,4554511,459000,532334,624.637300,582723,676.790800,615715,608.396400,69626,24.066600,0x098b50423eb1b80e5a7fb520438bb4f17cbf6c9b9e6ebef7938342aa2df694fe,0x1d92e48e7b37a5203801541414b263b923580ad1025d8385894bced6f5edf1b9
theo_n,2,251,false,9,13,onchain,500,247,1979758,4554511,459000,532250,607.086200,582639,631.176500,615631,740.888700,69626,32.734300,0x098b50423eb1b80e5a7fb520438bb4f17cbf6c9b9e6ebef7938342aa2df694fe,0x30131b16109882349645b305078a9fecd21cd7a7804f32b913f07d7e73239a54
theo_n,2,252,false,9,13,onchain,500,248,1979758,4554511,459000,532286,572.057600,582675,576.776200,615667,645.648500,69626,28.701000,0x098b50423eb1b80e5a7fb520438bb4f17cbf6c9b9e6ebef7938342aa2df694fe,0x0fc687a2a0ff407060788cff48a8795fb72c5d5c1c5e7ace3017c12ace37d25b
theo_n,2,253,false,9,13,onchain,500,249,1979758,4554511,459000,532298,586.683700,582687,671.590200,615679,657.495800,69626,35.408900,0x098b50423eb1b80e5a7fb520438bb4f17cbf6c9b9e6ebef7938342aa2df694fe,0x22883b823b1489571b9345548d36e8a954dcd025de0b04f7911cb92ddae9f0c0
theo_n,2,254,false,9,13,onchain,500,250,1979758,4554511,459000,532358,581.677600,582747,617.573500,615739,615.845100,69626,16.409200,0x098b50423eb1b80e5a7fb520438bb4f17cbf6c9b9e6ebef7938342aa2df694fe,0x06aefe36889e944554c0bfba064c14099209324c84484f7cead0b0fc2721cedb
theo_n,2,255,false,9,13,onchain,500,251,1979758,4554511,459000,532322,532.271900,582711,596.598200,615703,581.995000,69626,26.406700,0x098b50423eb1b80e5a7fb520438bb4f17cbf6c9b9e6ebef7938342aa2df694fe,0x145d657f21439dc6c9e2bde7ace48104cea658ee03160bb6a74dfa6f77de8aab
theo_n,2,256,false,9,13,onchain,500,252,1979758,4554511,459000,532358,532.305600,582747,677.111400,615739,616.500700,69626,47.054900,0x098b50423eb1b80e5a7fb520438bb4f17cbf6c9b9e6ebef7938342aa2df694fe,0x213a5c53e8d401a727fc495f82c4f9716da4d586351dd9d2c2937aee940256b7
theo_n,2,257,false,9,13,onchain,500,253,1979758,4554511,459000,532334,559.169800,582723,655.103700,615715,579.928200,69626,28.057400,0x098b50423eb1b80e5a7fb520438bb4f17cbf6c9b9e6ebef7938342aa2df694fe,0x129596920613df72f1b51a01ba2d240dde9189ba8bce571a63a1f6c061efb954
theo_n,2,258,false,9,13,onchain,500,254,1979758,4554511,459000,532274,608.418000,582663,715.372700,615655,636.426900,69626,24.604700,0x098b50423eb1b80e5a7fb520438bb4f17cbf6c9b9e6ebef7938342aa2df694fe,0x09b8f8929d1692fe3d358cc25686295748c1b1fadfb7c30cbfec622f9d80fd05
theo_n,2,259,false,9,13,onchain,500,255,1979758,4554511,459000,532358,566.402800,582747,597.187900,615739,559.055000,69626,21.293000,0x098b50423eb1b80e5a7fb520438bb4f17cbf6c9b9e6ebef7938342aa2df694fe,0x0bab4493bbfde736a38be14ea8fdfde66333ae2107cfb41a9ddac4a3e9abb33b
theo_n,2,260,false,9,13,onchain,500,256,1979758,4554511,459000,532346,569.958800,582723,594.614400,615715,632.437500,69626,26.896000,0x098b50423eb1b80e5a7fb520438bb4f17cbf6c9b9e6ebef7938342aa2df694fe,0x0273dfe329a161d0be4c0399d8130f91715f853183f8d2686ea659408b63e85a
theo_n,2,261,false,9,13,onchain,500,257,1979758,4554511,459000,532370,662.174500,582759,594.311500,615751,635.339600,69626,32.836300,0x098b50423eb1b80e5a7fb520438bb4f17cbf6c9b9e6ebef7938342aa2df694fe,0x05e37e2666d2b2839c4d81cc0598d09f164406dcbfeedc117caaf487a940f444
theo_n,2,262,false,9,13,onchain,500,258,1979758,4554511,459000,532262,617.393700,582651,589.789300,615643,567.807100,69626,19.521400,0x098b50423eb1b80e5a7fb520438bb4f17cbf6c9b9e6ebef7938342aa2df694fe,0x256f742a38acf6c1a9515ef36c9e4f1eb465c1084cb78949dc4b638af40d646e
theo_n,2,263,false,9,13,onchain,500,259,1979758,4554511,459000,532298,566.923600,582675,675.440500,615667,749.657500,69626,36.172000,0x098b50423eb1b80e5a7fb520438bb4f17cbf6c9b9e6ebef7938342aa2df694fe,0x22da3d99a866b36f51c982949d7239cdda27998316552d92d9f9da5f34170e9a
theo_n,2,264,false,9,13,onchain,500,260,1979758,4554511,459000,532250,585.481900,582639,603.831500,615631,652.743200,69626,25.327700,0x098b50423eb1b80e5a7fb520438bb4f17cbf6c9b9e6ebef7938342aa2df694fe,0x2eeb16245d057e1c821d3d115ab4b5dfaaaa7645ac5e97c43a56a1f4a7150914
theo_n,2,265,false,9,13,onchain,500,261,1979758,4554511,459000,532382,558.634500,582771,592.548300,615763,610.317400,69626,23.072400,0x098b50423eb1b80e5a7fb520438bb4f17cbf6c9b9e6ebef7938342aa2df694fe,0x050f3eb658ce524599a8aa3b8d7270a9f39f9024f520e07d9c2957bbac0dd83f
theo_n,2,266,false,9,13,onchain,500,262,1979758,4554511,459000,532286,558.011800,582675,560.131500,615667,640.597000,69626,30.679200,0x098b50423eb1b80e5a7fb520438bb4f17cbf6c9b9e6ebef7938342aa2df694fe,0x2ba47ecc5714b6eb7047b965817a6105041146195243108b88a4aaef2ad003c8
theo_n,2,267,false,9,13,onchain,500,263,1979758,4554511,459000,532298,545.157300,582687,576.742100,615679,751.152100,69626,31.965800,0x098b50423eb1b80e5a7fb520438bb4f17cbf6c9b9e6ebef7938342aa2df694fe,0x2e324cb62c1f9e76d2ebad95ab692d390a6dff346fcc2f8c952dd39314156fb9
theo_n,2,268,false,9,13,onchain,500,264,1979758,4554511,459000,532298,623.612400,582687,619.014200,615679,583.735300,69626,25.652400,0x098b50423eb1b80e5a7fb520438bb4f17cbf6c9b9e6ebef7938342aa2df694fe,0x25f19f2ed933082d6fbbb5bfac709e94b22d54cd2a606841adea1e0f33252529
theo_n,2,269,false,9,13,onchain,500,265,1979758,4554511,459000,532286,558.500600,582675,708.169100,615667,577.465500,69626,39.510800,0x098b50423eb1b80e5a7fb520438bb4f17cbf6c9b9e6ebef7938342aa2df694fe,0x1b73fd036c6904bf7a1b55a35ef8a0322d4aa1afacbdc5b1f5dadda95f2e80d9
theo_n,2,270,false,9,13,onchain,500,266,1979758,4554511,459000,532310,574.402100,582699,569.080900,615691,575.743900,69626,28.490600,0x098b50423eb1b80e5a7fb520438bb4f17cbf6c9b9e6ebef7938342aa2df694fe,0x0d1a891904ce26bcee3cb9f193ef9b557a571025c13617efc5ff3fb14a736eb4
theo_n,2,271,false,9,13,onchain,500,267,1979758,4554511,459000,532250,560.668000,582627,597.530700,615619,695.274200,69614,31.821000,0x098b50423eb1b80e5a7fb520438bb4f17cbf6c9b9e6ebef7938342aa2df694fe,0x07a55a2cc78db673d6ae5e20b0ea0a4dc4565731018c7ff217b15c0007aed7f2
theo_n,2,272,false,9,13,onchain,500,268,1979758,4554511,459000,532286,628.083000,582675,578.522500,615667,608.572700,69626,21.083800,0x098b50423eb1b80e5a7fb520438bb4f17cbf6c9b9e6ebef7938342aa2df694fe,0x1b3425cd994444788f818746c2e7c494544d30a6badeb85248e6ba6f4e1a800c
theo_n,2,273,false,9,13,onchain,500,269,1979758,4554511,459000,532274,552.623600,582663,707.066200,615655,649.403300,69626,20.638700,0x098b50423eb1b80e5a7fb520438bb4f17cbf6c9b9e6ebef7938342aa2df694fe,0x2c26f5f83ded0ff33db808a3707ddc761b49e85e1553363811613e0c2c9d3d55
theo_n,2,274,false,9,13,onchain,500,270,1979758,4554511,459000,532238,553.644200,582627,683.434700,615619,613.944200,69626,28.216400,0x098b50423eb1b80e5a7fb520438bb4f17cbf6c9b9e6ebef7938342aa2df694fe,0x27ab6471727dff3719ef7ffc1265547db50f19af6e3dfad86ccb95714f9a5d7e
theo_n,2,275,false,9,13,onchain,500,271,1979758,4554511,459000,532286,617.342300,582675,569.805900,615667,673.875400,69626,27.876800,0x098b50423eb1b80e5a7fb520438bb4f17cbf6c9b9e6ebef7938342aa2df694fe,0x2eb89a47bfcb01aafba101688f54b1a659eaf923abcdf6feedf40c3336f23910
theo_n,2,276,false,9,13,onchain,500,272,1979758,4554511,459000,532238,566.874000,582615,572.886400,615607,619.670700,69626,30.765800,0x098b50423eb1b80e5a7fb520438bb4f17cbf6c9b9e6ebef7938342aa2df694fe,0x01f877af3a44c875c5ed8ce6ff874d7f2e729e436c223d071c9bab848171ec74
theo_n,2,277,false,9,13,onchain,500,273,1979758,4554511,459000,532226,570.935900,582615,580.783800,615607,599.265300,69626,27.854600,0x098b50423eb1b80e5a7fb520438bb4f17cbf6c9b9e6ebef7938342aa2df694fe,0x1540aab8dbb6cec70f4bcd0ce7a9a9ec2d01ae732153d9b3ce0132b30e5b4b79
theo_n,2,278,false,9,13,onchain,500,274,1979758,4554511,459000,532274,575.402000,582663,559.825500,615655,586.630500,69626,26.115500,0x098b50423eb1b80e5a7fb520438bb4f17cbf6c9b9e6ebef7938342aa2df694fe,0x2472614978251e972b800f9d3fa0c405855b30b1bf99b4d2bded5447950babd5
theo_n,2,279,false,9,13,onchain,500,275,1979758,4554511,459000,532226,542.595600,582603,580.017500,615595,655.462200,69614,25.706100,0x098b50423eb1b80e5a7fb520438bb4f17cbf6c9b9e6ebef7938342aa2df694fe,0x2ecc7b3800f519a1cdbfd4ae30504aa32c2ac390744aeef4ea5d705ec794980c
theo_n,2,280,false,9,13,onchain,500,276,1979758,4554511,459000,532346,529.441900,582735,552.084800,615727,584.858500,69626,24.201900,0x098b50423eb1b80e5a7fb520438bb4f17cbf6c9b9e6ebef7938342aa2df694fe,0x16e181e2115c35c95e67629e1e264b486e3cd2a23231458b49757292f76d6e4b
theo_n,2,281,false,9,13,onchain,500,277,1979758,4554511,459000,532274,535.588000,582663,594.698900,615655,596.895700,69626,36.089700,0x098b50423eb1b80e5a7fb520438bb4f17cbf6c9b9e6ebef7938342aa2df694fe,0x0fa08a215862bfe0e4c17fd8a7fc50c2305c2fd26baa4a1fa80b8af9f36c5d20
theo_n,2,282,false,9,13,onchain,500,278,1979758,4554511,459000,532250,578.505900,582639,613.843400,615631,603.927900,69626,54.630800,0x098b50423eb1b80e5a7fb520438bb4f17cbf6c9b9e6ebef7938342aa2df694fe,0x1b3bf5c183a4d79b4be51a4c7850892bb9bce49b7de06522e8e2a9fb90360c13
theo_n,2,283,false,9,13,onchain,500,279,1979758,4554511,459000,532370,573.157900,582759,630.601600,615751,577.309500,69626,19.208500,0x098b50423eb1b80e5a7fb520438bb4f17cbf6c9b9e6ebef7938342aa2df694fe,0x0aaaf59b863c164df792e94c16b3b8ada0c468ca3bd179729d18462393cddda0
theo_n,2,284,false,9,13,onchain,500,280,1979758,4554511,459000,532286,539.587000,582675,605.717200,615667,613.208900,69626,22.648500,0x098b50423eb1b80e5a7fb520438bb4f17cbf6c9b9e6ebef7938342aa2df694fe,0x2b2e7002b4fde9470b70626703405c69ea6084bb225ab36c13cce721e6956ef3
theo_n,2,285,false,9,13,onchain,500,281,1979758,4554511,459000,532202,551.194800,582567,594.763700,615559,602.589900,69626,25.186100,0x098b50423eb1b80e5a7fb520438bb4f17cbf6c9b9e6ebef7938342aa2df694fe,0x1431efacf1ed954c67b3e8d4d12850b1e7a1f3d8aa3e1c579094e8e871582c83
theo_n,2,286,false,9,13,onchain,500,282,1979758,4554511,459000,532226,541.664500,582615,651.772300,615607,587.476500,69626,19.718300,0x098b50423eb1b80e5a7fb520438bb4f17cbf6c9b9e6ebef7938342aa2df694fe,0x0ce9a17572619681e0ae731dd40898647339b9416c0aaba7d464bf42a07f4b78
theo_n,2,287,false,9,13,onchain,500,283,1979758,4554511,459000,532286,552.950600,582675,609.299800,615667,665.436700,69626,24.877100,0x098b50423eb1b80e5a7fb520438bb4f17cbf6c9b9e6ebef7938342aa2df694fe,0x26154f6664745752deecbb5ba83bd486b93ac9c77cc804c65d16fba210fe7909
theo_n,2,288,false,9,13,onchain,500,284,1979758,4554511,459000,532154,566.529500,582543,567.563800,615535,611.584100,69626,30.545900,0x098b50423eb1b80e5a7fb520438bb4f17cbf6c9b9e6ebef7938342aa2df694fe,0x2c72121ede22164e725242e3e6d4bcfb26dc7d7f3b8da76187489274d70b8a6f
theo_n,2,289,false,9,13,onchain,500,285,1979758,4554511,459000,532322,610.399900,582711,619.946700,615703,711.369500,69626,29.970300,0x098b50423eb1b80e5a7fb520438bb4f17cbf6c9b9e6ebef7938342aa2df694fe,0x03b2a12c78d2b5f466ab8b3f25a12b8df133b21dc585f9274af9daf158fa8d42
theo_n,2,290,false,9,13,onchain,500,286,1979758,4554511,459000,532394,572.258500,582783,562.401000,615775,609.882000,69626,25.354600,0x098b50423eb1b80e5a7fb520438bb4f17cbf6c9b9e6ebef7938342aa2df694fe,0x02b78917243752d5eb913f64f02c2b30b97ca4f9d3cfc8f00da4d48c8feb2a88
theo_n,2,291,false,9,13,onchain,500,287,1979758,4554511,459000,532226,557.356300,582603,623.663800,615595,618.996800,69614,47.213200,0x098b50423eb1b80e5a7fb520438bb4f17cbf6c9b9e6ebef7938342aa2df694fe,0x1da77fd8de37566085180015fec8404cacf7a2d5cd180288bb2944142ff5bf89
theo_n,2,292,false,9,13,onchain,500,288,1979758,4554511,459000,532274,627.904900,582663,612.231300,615655,607.046200,69626,28.150400,0x098b50423eb1b80e5a7fb520438bb4f17cbf6c9b9e6ebef7938342aa2df694fe,0x1e658b47f89ceabf271c6f8f44451fbc0dcc3395e05370047bd0df20381091ef
theo_n,2,293,false,9,13,onchain,500,289,1979758,4554511,459000,532262,582.719400,582651,628.749700,615643,567.255700,69626,33.854700,0x098b50423eb1b80e5a7fb520438bb4f17cbf6c9b9e6ebef7938342aa2df694fe,0x0a195ed7a2d9704acd2e32b8077bb3309442f51b505fcf3f8155664707ce3104
theo_n,2,294,false,9,13,onchain,500,290,1979758,4554511,459000,532238,535.942600,582615,615.680100,615607,689.215100,69626,20.924700,0x098b50423eb1b80e5a7fb520438bb4f17cbf6c9b9e6ebef7938342aa2df694fe,0x1ec09be06e6c9211551e6b993af8a5c1702f96b177c3af931b079059ba0dec2e
theo_n,2,295,false,9,13,onchain,500,291,1979758,4554511,459000,532274,530.424500,582663,652.725300,615655,646.158600,69626,19.046900,0x098b50423eb1b80e5a7fb520438bb4f17cbf6c9b9e6ebef7938342aa2df694fe,0x2c6bf8a146bc421ed3017f8ae39e8f649c56c07446e96d2cc210fe45ab350309
theo_n,2,296,false,9,13,onchain,500,292,1979758,4554511,459000,532262,548.184000,582651,600.619000,615643,571.601300,69626,21.510600,0x098b50423eb1b80e5a7fb520438bb4f17cbf6c9b9e6ebef7938342aa2df694fe,0x10bc1ad8741f0d3049216725d2e3aa18850e1f0776d5b583c8d7ccf54e4e8398
theo_n,2,297,false,9,13,onchain,500,293,1979758,4554511,459000,532286,570.530700,582675,596.660100,615667,598.638900,69626,30.593200,0x098b50423eb1b80e5a7fb520438bb4f17cbf6c9b9e6ebef7938342aa2df694fe,0x25d6f87b434119b3ee033b87875c280d4a0aef30b6ddb137a39f327883387c2f
theo_n,2,298,false,9,13,onchain,500,294,1979758,4554511,459000,532334,575.904400,582723,975.602500,615715,716.542800,69626,29.647200,0x098b50423eb1b80e5a7fb520438bb4f17cbf6c9b9e6ebef7938342aa2df694fe,0x2d90252085b20aa667c2b9c9519f0815e21dfde49161c106bdbfb08b20043a84
theo_n,2,299,false,9,13,onchain,500,295,1979758,4554511,459000,532262,753.562700,582639,635.783300,615631,586.787500,69614,22.011600,0x098b50423eb1b80e5a7fb520438bb4f17cbf6c9b9e6ebef7938342aa2df694fe,0x2fba855d2dbb6f112b18c55634cfe76cf45e009e902d3bbba84ef049b87791d0
theo_n,2,300,false,9,13,onchain,500,296,1979758,4554511,459000,532334,541.404000,582723,641.170300,615715,641.488200,69626,29.297500,0x098b50423eb1b80e5a7fb520438bb4f17cbf6c9b9e6ebef7938342aa2df694fe,0x26ed0f074a95c716a837803a907ad3e7099d6f56e27020bab5828bf905560fcf
theo_n,2,301,false,9,13,onchain,500,297,1979758,4554511,459000,532322,587.932700,582711,526.726500,615703,672.583000,69626,28.788800,0x098b50423eb1b80e5a7fb520438bb4f17cbf6c9b9e6ebef7938342aa2df694fe,0x13d065a59a0f5c872fe29642c29186de6b12e548479494b95bef41be4dbc3e97
theo_n,2,302,false,9,13,onchain,500,298,1979758,4554511,459000,532274,619.685800,582651,623.506500,615643,642.601000,69614,32.529500,0x098b50423eb1b80e5a7fb520438bb4f17cbf6c9b9e6ebef7938342aa2df694fe,0x01e080677d2f1b417bd106d2d1537db95612ae997a0165701a8789b90058bd3f
theo_n,2,303,false,9,13,onchain,500,299,1979758,4554511,459000,532226,651.377700,582603,590.728900,615595,755.158500,69614,28.550200,0x098b50423eb1b80e5a7fb520438bb4f17cbf6c9b9e6ebef7938342aa2df694fe,0x0bad777ee7e53cb50bb1a34026c5b600d6b9069343a3a1ee1f82b5341284f325
theo_n,2,304,false,9,13,onchain,500,300,1979758,4554511,459000,532322,566.825100,582711,590.679200,615703,662.411200,69626,24.926300,0x098b50423eb1b80e5a7fb520438bb4f17cbf6c9b9e6ebef7938342aa2df694fe,0x29e9df1a9f6a929fb347fdd94a9a14daa7736582c5e73cdbf766d76f862b8c58
theo_n,2,305,false,9,13,onchain,500,301,1979758,4554511,459000,532262,599.527800,582651,548.475800,615643,664.295900,69626,30.437600,0x098b50423eb1b80e5a7fb520438bb4f17cbf6c9b9e6ebef7938342aa2df694fe,0x2360af7a8639854b5bf50619a49908323f70e65a2265592a8eb29257c42e46b4
theo_n,2,306,false,9,13,onchain,500,302,1979758,4554511,459000,532274,612.054700,582651,681.448700,615643,607.946300,69614,60.618300,0x098b50423eb1b80e5a7fb520438bb4f17cbf6c9b9e6ebef7938342aa2df694fe,0x28a961bf6b8ab2daac54fd3a011d9dd92fa752243b7e72901cd300e296d3d948
theo_n,2,307,false,9,13,onchain,500,303,1979758,4554511,459000,532262,611.893100,582651,595.674600,615643,551.138700,69626,29.850500,0x098b50423eb1b80e5a7fb520438bb4f17cbf6c9b9e6ebef7938342aa2df694fe,0x1dcc13891f21da1e3cc763a16afec731bb0c8988e3610b636da0b2a008d7031a
theo_n,2,308,false,9,13,onchain,500,304,1979758,4554511,459000,532226,585.102400,582615,599.089700,615607,583.608500,69626,21.227200,0x098b50423eb1b80e5a7fb520438bb4f17cbf6c9b9e6ebef7938342aa2df694fe,0x19e0202ff98298b101d39e3d4fe7f23b35f00d7c58c872115d14bcf595570357
theo_n,2,309,false,9,13,onchain,500,305,1979758,4554511,459000,532346,634.302300,582735,614.913800,615727,558.183500,69626,27.552300,0x098b50423eb1b80e5a7fb520438bb4f17cbf6c9b9e6ebef7938342aa2df694fe,0x055772e98620995bf10f5d97b951622b053e9a142ce221a2c724adcded37f455
theo_n,2,310,false,9,13,onchain,500,306,1979758,4554511,459000,532322,592.648800,582699,585.598800,615691,558.323900,69626,38.692500,0x098b50423eb1b80e5a7fb520438bb4f17cbf6c9b9e6ebef7938342aa2df694fe,0x065213b2081f56a0a24a0abf40d5812fc288f37c9abeab33898f23fd19adad1b
theo_n,2,311,false,9,13,onchain,500,307,1979758,4554511,459000,532322,546.954400,582711,602.385900,615703,610.334700,69626,20.832900,0x098b50423eb1b80e5a7fb520438bb4f17cbf6c9b9e6ebef7938342aa2df694fe,0x13deb5509b4f3f347fd99d0db5be92a5df849a1394b1a8d443ca72b5f34cf9d5
theo_n,2,312,false,9,13,onchain,500,308,1979758,4554511,459000,532286,579.875400,582675,542.575000,615667,711.406800,69626,21.860500,0x098b50423eb1b80e5a7fb520438bb4f17cbf6c9b9e6ebef7938342aa2df694fe,0x2a91370e7d4a3f84a7bbf55d3f19f42131c01e265cc5c184a50a0bf18067994f
theo_n,2,313,false,9,13,onchain,500,309,1979758,4554511,459000,532370,640.666700,582759,632.720100,615751,566.493000,69626,27.361900,0x098b50423eb1b80e5a7fb520438bb4f17cbf6c9b9e6ebef7938342aa2df694fe,0x2e9441f3b1b27ec1e9e837bf5d2e32ff106c7e6e6aea479c676958cad5fa5edf
theo_n,2,314,false,9,13,onchain,500,310,1979758,4554511,459000,532286,600.948200,582675,611.636000,615667,569.853000,69626,21.082700,0x098b50423eb1b80e5a7fb520438bb4f17cbf6c9b9e6ebef7938342aa2df694fe,0x07c71a48e349a6047c713105b236aab6c3d61b04aedf07535969e8697ad84cf1
theo_n,2,315,false,9,13,onchain,500,311,1979758,4554511,459000,532262,564.789500,582651,611.594900,615643,634.323200,69626,35.063500,0x098b50423eb1b80e5a7fb520438bb4f17cbf6c9b9e6ebef7938342aa2df694fe,0x1055ac7069959a32a5ba629e0e5a7a5817b8f3b4a69aa6abe13eff713e4aef19
theo_n,2,316,false,9,13,onchain,500,312,1979758,4554511,459000,532382,549.569800,582771,633.215500,615763,638.319100,69626,29.088900,0x098b50423eb1b80e5a7fb520438bb4f17cbf6c9b9e6ebef7938342aa2df694fe,0x095092b3da9bb6bf6c6c69e5b6819772f8288ff048b32f0c7dc3fc1c264602c0
theo_n,2,317,false,9,13,onchain,500,313,1979758,4554511,459000,532298,589.652100,582687,599.913000,615679,685.263600,69626,36.755700,0x098b50423eb1b80e5a7fb520438bb4f17cbf6c9b9e6ebef7938342aa2df694fe,0x229ff620fc9f07679db5848d8066502bdaa08314bae46156ebe6acc5610103cf
theo_n,2,318,false,9,13,onchain,500,314,1979758,4554511,459000,532274,542.605700,582663,722.759300,615655,673.418600,69626,39.353600,0x098b50423eb1b80e5a7fb520438bb4f17cbf6c9b9e6ebef7938342aa2df694fe,0x2a8c93405a03ec7df6408002ed9e3324d84c46bc227d44d3537e739d6d377147
theo_n,2,319,false,9,13,onchain,500,315,1979758,4554511,459000,532166,580.493800,582555,598.974600,615547,600.212000,69626,27.484500,0x098b50423eb1b80e5a7fb520438bb4f17cbf6c9b9e6ebef7938342aa2df694fe,0x010c0957ae5bba1a2d5d707b26a2488ef46da238b08f879be8aa979387cfd0aa
theo_n,2,320,false,9,13,onchain,500,316,1979758,4554511,459000,532358,561.323800,582747,648.064500,615739,645.807300,69626,36.511600,0x098b50423eb1b80e5a7fb520438bb4f17cbf6c9b9e6ebef7938342aa2df694fe,0x14b6fdfa8e46e3fceea1084881eee66fd9603f40bf35f4ee3af1cde8d2762175
theo_n,2,321,false,9,13,onchain,500,317,1979758,4554511,459000,532346,605.787600,582735,536.776200,615727,738.634100,69626,32.527500,0x098b50423eb1b80e5a7fb520438bb4f17cbf6c9b9e6ebef7938342aa2df694fe,0x1f2d9647f78439d922c61a320d9b727a5be6302450b9a0df32d81b8b1b3a281a
theo_n,2,322,false,9,13,onchain,500,318,1979758,4554511,459000,532322,602.007000,582711,603.160900,615703,596.193200,69626,36.948400,0x098b50423eb1b80e5a7fb520438bb4f17cbf6c9b9e6ebef7938342aa2df694fe,0x1f626d575bd1984f2eb74dcb8d863a130ac3d1af50f3efa8c845ca9b531c7e14
theo_n,2,323,false,9,13,onchain,500,319,1979758,4554511,459000,532274,540.490100,582663,601.577700,615655,577.574200,69626,21.283700,0x098b50423eb1b80e5a7fb520438bb4f17cbf6c9b9e6ebef7938342aa2df694fe,0x0dec1f0ca4dc721f9f7a8dd729be3ed84a8c9b78dc5a36a4ab24ec56990c5796
theo_n,2,324,false,9,13,onchain,500,320,1979758,4554511,459000,532214,795.064900,582591,600.365100,615583,644.435800,69614,22.514200,0x098b50423eb1b80e5a7fb520438bb4f17cbf6c9b9e6ebef7938342aa2df694fe,0x002d16b36d6de7474a2ec6ef4c2b5dfe8555d2c0fefc4b45f56f671899f39f19
theo_n,2,325,false,9,13,onchain,500,321,1979758,4554511,459000,532202,569.866500,582591,581.103800,615583,632.327800,69626,31.076800,0x098b50423eb1b80e5a7fb520438bb4f17cbf6c9b9e6ebef7938342aa2df694fe,0x2b2817bc9643603901e9ed0e7a86d1925b681e557ea4ae5f45137ad1836e0fc9
theo_n,2,326,false,9,13,onchain,500,322,1979758,4554511,459000,532262,578.510000,582639,629.598500,615631,613.429100,69626,18.856700,0x098b50423eb1b80e5a7fb520438bb4f17cbf6c9b9e6ebef7938342aa2df694fe,0x287b1719aa0e7765f94a2d4f54ee64d2bdb32bf72a0402d29106e298a0cfdf77
theo_n,2,327,false,9,13,onchain,500,323,1979758,4554511,459000,532298,558.025400,582675,622.807600,615667,645.880300,69626,23.830100,0x098b50423eb1b80e5a7fb520438bb4f17cbf6c9b9e6ebef7938342aa2df694fe,0x275fda5f4888a155da450b110d64dc9a01467d93492c05b3dcff6ab1af0e9fbf
theo_n,2,328,false,9,13,onchain,500,324,1979758,4554511,459000,532262,563.497100,582651,617.833800,615643,615.620200,69626,52.674700,0x098b50423eb1b80e5a7fb520438bb4f17cbf6c9b9e6ebef7938342aa2df694fe,0x095c6031ca7edfb03f9399642d2742f1b595290521f05f2c20339fe4df8b3931
theo_n,2,329,false,9,13,onchain,500,325,1979758,4554511,459000,532298,560.554000,582687,594.276000,615679,617.475700,69626,24.382800,0x098b50423eb1b80e5a7fb520438bb4f17cbf6c9b9e6ebef7938342aa2df694fe,0x17d3d37d5e35f46a2a3fb234d1d1652ca475755f1a07082fd11c0e3a876761a6
theo_n,2,330,false,9,13,onchain,500,326,1979758,4554511,459000,532274,547.171400,582663,646.931500,615655,543.977700,69626,25.004400,0x098b50423eb1b80e5a7fb520438bb4f17cbf6c9b9e6ebef7938342aa2df694fe,0x1ac75c6ed9f90de62f9775ff423b1ff839ac9958915851696307b7a7d6450db6
theo_n,2,331,false,9,13,onchain,500,327,1979758,4554511,459000,532274,561.151500,582663,588.999900,615655,601.423700,69626,19.313700,0x098b50423eb1b80e5a7fb520438bb4f17cbf6c9b9e6ebef7938342aa2df694fe,0x0c2d971bce31e07f0a4d4de39b5c6bac3335d5febb655089ed885cea978a0bb9
theo_n,2,332,false,9,13,onchain,500,328,1979758,4554511,459000,532250,552.476400,582639,598.148400,615631,588.494700,69626,30.927800,0x098b50423eb1b80e5a7fb520438bb4f17cbf6c9b9e6ebef7938342aa2df694fe,0x075654f1c9e5abe5fce4baccbe6da07810dffabc979728eedf550abd56074ba4
theo_n,2,333,false,9,13,onchain,500,329,1979758,4554511,459000,532226,560.751000,582615,576.863100,615607,715.927300,69626,35.767800,0x098b50423eb1b80e5a7fb520438bb4f17cbf6c9b9e6ebef7938342aa2df694fe,0x0a63eac5908ab14b7879638596b87d9140c5474707a3ad072e2f1a34645752ba
theo_n,2,334,false,9,13,onchain,500,330,1979758,4554511,459000,532214,567.702500,582603,580.408900,615595,589.758500,69626,24.277700,0x098b50423eb1b80e5a7fb520438bb4f17cbf6c9b9e6ebef7938342aa2df694fe,0x08e9b9b4e26fc3aca37bccf5629f51a451dbb6ea41a9b4882a3d78932409045a
theo_n,2,335,false,9,13,onchain,500,331,1979758,4554511,459000,532274,593.531400,582663,571.187600,615655,722.558200,69626,22.329000,0x098b50423eb1b80e5a7fb520438bb4f17cbf6c9b9e6ebef7938342aa2df694fe,0x098ff9bfabd2578b64849f372dfccc3889e8f48dd1d57d81e3d9e88fbd994c78
theo_n,2,336,false,9,13,onchain,500,332,1979758,4554511,459000,532346,572.355800,582735,582.283000,615727,700.665900,69626,25.382100,0x098b50423eb1b80e5a7fb520438bb4f17cbf6c9b9e6ebef7938342aa2df694fe,0x1db4b736a2b0ecc19a65c0c07835152665c8e62915ffa56fa7ab6503f5c9bd19
theo_n,2,337,false,9,13,onchain,500,333,1979758,4554511,459000,532370,574.650000,582747,616.977200,615739,641.996800,69614,23.414900,0x098b50423eb1b80e5a7fb520438bb4f17cbf6c9b9e6ebef7938342aa2df694fe,0x2bc5afd849a1330fc452535400ac1d4d8390ff4fc994c438f681397683bc1753
theo_n,2,338,false,9,13,onchain,500,334,1979758,4554511,459000,532334,631.160900,582723,600.505400,615715,621.462600,69626,24.422100,0x098b50423eb1b80e5a7fb520438bb4f17cbf6c9b9e6ebef7938342aa2df694fe,0x12216d0a1f27606101af6298d2b5d879870b6c64de2f8873b7fd2b23867b9935
theo_n,2,339,false,9,13,onchain,500,335,1979758,4554511,459000,532250,557.067500,582639,558.628400,615631,687.550300,69626,26.121200,0x098b50423eb1b80e5a7fb520438bb4f17cbf6c9b9e6ebef7938342aa2df694fe,0x2839f37d67552efb8cead8faa71bb56779c63441b8b5b103c3f779de4528692f
theo_n,2,340,false,9,13,onchain,500,336,1979758,4554511,459000,532286,588.051000,582663,726.705100,615655,643.131600,69614,31.144500,0x098b50423eb1b80e5a7fb520438bb4f17cbf6c9b9e6ebef7938342aa2df694fe,0x204f2b2dc108ebd91b8e8e9b95eea64bb1a6cb4f5ab54c2c0026fd7e839ae592
theo_n,2,341,false,9,13,onchain,500,337,1979758,4554511,459000,532310,525.283400,582699,611.074700,615691,566.687300,69626,22.507100,0x098b50423eb1b80e5a7fb520438bb4f17cbf6c9b9e6ebef7938342aa2df694fe,0x204d869a69ccfa457f8806504f9890bc280efc739f3f0ecf9fc1eb0fb6528c59
theo_n,2,342,false,9,13,onchain,500,338,1979758,4554511,459000,532286,558.125600,582675,645.015900,615667,575.371500,69626,22.814800,0x098b50423eb1b80e5a7fb520438bb4f17cbf6c9b9e6ebef7938342aa2df694fe,0x04b5d935609dfcb26d7a583849391abb7d04dfd1781f9026cce73dabe6b5ffc5
theo_n,2,343,false,9,13,onchain,500,339,1979758,4554511,459000,532238,537.700600,582627,677.379800,615619,565.321200,69626,23.119900,0x098b50423eb1b80e5a7fb520438bb4f17cbf6c9b9e6ebef7938342aa2df694fe,0x152536451a8e9393f717d73e334bfa8514a176570f84aacc7c013645e671935a
theo_n,2,344,false,9,13,onchain,500,340,1979758,4554511,459000,532310,646.596700,582699,603.498300,615691,666.202400,69626,20.934000,0x098b50423eb1b80e5a7fb520438bb4f17cbf6c9b9e6ebef7938342aa2df694fe,0x0457c3089a76f9a9d8acf8fc0271db28cb47b4da13a71cd9ebb0d4f85b06dc91
theo_n,2,345,false,9,13,onchain,500,341,1979758,4554511,459000,532178,580.050100,582567,663.785000,615559,613.610700,69626,29.372200,0x098b50423eb1b80e5a7fb520438bb4f17cbf6c9b9e6ebef7938342aa2df694fe,0x2efb0c793ef2952e6286b0c951664e67f457f2399d5e05fa4f0bb48c137ef7af
theo_n,2,346,false,9,13,onchain,500,342,1979758,4554511,459000,532334,589.464800,582711,604.167200,615703,579.368100,69626,23.464300,0x098b50423eb1b80e5a7fb520438bb4f17cbf6c9b9e6ebef7938342aa2df694fe,0x07c6757702a5062212213dfa130caee8e8c66080fd605f2c89c4bd459c0eb506
theo_n,2,347,false,9,13,onchain,500,343,1979758,4554511,459000,532262,563.468200,582651,626.598500,615643,553.777900,69626,34.517400,0x098b50423eb1b80e5a7fb520438bb4f17cbf6c9b9e6ebef7938342aa2df694fe,0x1f31d06804fe9d643009a57a3670fbf5708c1c3c6251624db210bc9f18177456
theo_n,2,348,false,9,13,onchain,500,344,1979758,4554511,459000,532346,566.563500,582735,601.651900,615727,627.806400,69626,26.428000,0x098b50423eb1b80e5a7fb520438bb4f17cbf6c9b9e6ebef7938342aa2df694fe,0x2e37e091fc8c192e870e9a1bc151044c6f827a9d7b31a863df824e406f8c7cd1
theo_n,2,349,false,9,13,onchain,500,345,1979758,4554511,459000,532262,581.399800,582651,616.021200,615643,625.927300,69626,28.150400,0x098b50423eb1b80e5a7fb520438bb4f17cbf6c9b9e6ebef7938342aa2df694fe,0x226079d37d6b5905b792bcf76b2799b0253b82604264870bcec2afc3472d5c73
theo_n,2,350,false,9,13,onchain,500,346,1979758,4554511,459000,532310,543.675600,582699,573.574600,615691,599.128500,69626,19.176700,0x098b50423eb1b80e5a7fb520438bb4f17cbf6c9b9e6ebef7938342aa2df694fe,0x117db97a81840683d5f0024370805bbb38977ea928586ac4f07b751d7b8585aa
theo_n,2,351,false,9,13,onchain,500,347,1979758,4554511,459000,532394,567.014600,582783,749.885900,615775,625.228800,69626,34.519000,0x098b50423eb1b80e5a7fb520438bb4f17cbf6c9b9e6ebef7938342aa2df694fe,0x254f554195b2795e198655ca2a08c0d3b52361f517bfc45abf441ff5f97cb8c0
theo_n,2,352,false,9,13,onchain,500,348,1979758,4554511,459000,532274,609.021100,582663,629.576000,615655,707.669900,69626,18.332300,0x098b50423eb1b80e5a7fb520438bb4f17cbf6c9b9e6ebef7938342aa2df694fe,0x1593770d9d55f43a7cdb36fc0fc3822fa5eb57dd09ab2b86b6688d899c0597a3
theo_n,2,353,false,9,13,onchain,500,349,1979758,4554511,459000,532382,541.994500,582771,606.094600,615763,678.550800,69626,26.688600,0x098b50423eb1b80e5a7fb520438bb4f17cbf6c9b9e6ebef7938342aa2df694fe,0x20e21d8732cbae26a5eb1e3a08fa1d385815993a3e06bf751447c239e53ebec2
theo_n,2,354,false,9,13,onchain,500,350,1979758,4554511,459000,532262,597.951700,582651,623.941700,615643,577.600600,69626,21.757000,0x098b50423eb1b80e5a7fb520438bb4f17cbf6c9b9e6ebef7938342aa2df694fe,0x0e99cfc4fe2b4260a2b9ad2ea8a798e983acf32369ddff77b9bbbfb006aea219
theo_n,2,355,false,9,13,onchain,500,351,1979758,4554511,459000,532202,571.096300,582591,592.902700,615583,578.958100,69626,20.271300,0x098b50423eb1b80e5a7fb520438bb4f17cbf6c9b9e6ebef7938342aa2df694fe,0x02561cbf09126048622749b6c4fb1d96e7c743c3ddd00c24fe36a90236a1b716
theo_n,2,356,false,9,13,onchain,500,352,1979758,4554511,459000,532358,640.357700,582747,564.232800,615739,637.322100,69626,26.105900,0x098b50423eb1b80e5a7fb520438bb4f17cbf6c9b9e6ebef7938342aa2df694fe,0x1b60a8b5553baadbaddd458ba1d262ab05296dcadb500fffc6521c0670d859de
theo_n,2,357,false,9,13,onchain,500,353,1979758,4554511,459000,532286,606.224700,582675,575.135100,615667,553.901900,69626,22.568000,0x098b50423eb1b80e5a7fb520438bb4f17cbf6c9b9e6ebef7938342aa2df694fe,0x28c3e736537efd4af55e4024deafcb55b364d5be65156ae12c48fb5d62772ff0
theo_n,2,358,false,9,13,onchain,500,354,1979758,4554511,459000,532310,597.473800,582699,538.000400,615691,626.417100,69626,31.584900,0x098b50423eb1b80e5a7fb520438bb4f17cbf6c9b9e6ebef7938342aa2df694fe,0x04b39fd3e5f335a5b634bd563ba92eb4d8fa3f7e32fe4b6a4bc9ac1fd43c19ca
theo_n,2,359,false,9,13,onchain,500,355,1979758,4554511,459000,532250,549.696900,582627,639.443100,615619,614.130500,69614,42.803300,0x098b50423eb1b80e5a7fb520438bb4f17cbf6c9b9e6ebef7938342aa2df694fe,0x0004225074508fa3022f90e37e6c870a9b686a8123ef5bbe2056904cf37642db
theo_n,2,360,false,9,13,onchain,500,356,1979758,4554511,459000,532202,576.916400,582591,595.045700,615583,659.015500,69626,24.377200,0x098b50423eb1b80e5a7fb520438bb4f17cbf6c9b9e6ebef7938342aa2df694fe,0x021bebfbfc5cca243be6d61f58c6fcfc3b49fd9f33fababe9cb255a21de6777c
theo_n,2,361,false,9,13,onchain,500,357,1979758,4554511,459000,532238,567.959500,582627,630.203500,615619,568.935700,69626,28.436000,0x098b50423eb1b80e5a7fb520438bb4f17cbf6c9b9e6ebef7938342aa2df694fe,0x050f085ab3e5f5c3eb150a35091b609b024454e337120d29ab9b71776fc7338d
theo_n,2,362,false,9,13,onchain,500,358,1979758,4554511,459000,532238,598.791200,582627,658.059500,615619,664.750200,69626,30.438700,0x098b50423eb1b80e5a7fb520438bb4f17cbf6c9b9e6ebef7938342aa2df694fe,0x222c67432c9adedc49d9236e9654816e0cf5c7e793e5f52d51452e4d94e61b34
theo_n,2,363,false,9,13,onchain,500,359,1979758,4554511,459000,532262,696.884600,582651,769.505700,615643,664.698400,69626,20.691900,0x098b50423eb1b80e5a7fb520438bb4f17cbf6c9b9e6ebef7938342aa2df694fe,0x27b239bf70d964ad2873d0a1bfdc4491651f20e30617f39306e3109f9444ae1f
theo_n,2,364,false,9,13,onchain,500,360,1979758,4554511,459000,532310,601.168400,582699,541.538900,615691,710.640000,69626,37.729200,0x098b50423eb1b80e5a7fb520438bb4f17cbf6c9b9e6ebef7938342aa2df694fe,0x1e1b5831fdf4b76d30e9b076372b1a47468a39c721bfd22182db547151d10305
theo_n,2,365,false,9,13,onchain,500,361,1979758,4554511,459000,532226,601.870300,582615,630.029500,615607,596.735700,69626,21.080000,0x098b50423eb1b80e5a7fb520438bb4f17cbf6c9b9e6ebef7938342aa2df694fe,0x0605aa46ac40963353ba3f275bdaa747c1794498b7645bbd422dbae339555c55
theo_n,2,366,false,9,13,onchain,500,362,1979758,4554511,459000,532370,600.031800,582759,558.022500,615751,655.566200,69626,27.862600,0x098b50423eb1b80e5a7fb520438bb4f17cbf6c9b9e6ebef7938342aa2df694fe,0x1851f7753135b8747d9eb910c77c916cf827ea9f2155dc9d379ef2afa367a772
theo_n,2,367,false,9,13,onchain,500,363,1979758,4554511,459000,532346,568.062500,582735,787.812600,615727,622.948900,69626,101.276200,0x098b50423eb1b80e5a7fb520438bb4f17cbf6c9b9e6ebef7938342aa2df694fe,0x16fc1f235038e480513f38e613e2d02f17b4832841d68c8ef401b09167c9ff5f
theo_n,2,368,false,9,13,onchain,500,364,1979758,4554511,459000,532190,624.789900,582579,635.349300,615571,666.328700,69626,30.651000,0x098b50423eb1b80e5a7fb520438bb4f17cbf6c9b9e6ebef7938342aa2df694fe,0x193a1a014690b7724bf6978a4714fe2a0476d1eef7c299ca5f750f3cd17874eb
theo_n,2,369,false,9,13,onchain,500,365,1979758,4554511,459000,532286,531.260300,582675,679.390200,615667,663.188000,69626,18.521400,0x098b50423eb1b80e5a7fb520438bb4f17cbf6c9b9e6ebef7938342aa2df694fe,0x0f963c37f6669553709742d3391b6f600bb9eeee0f58acf2765960e71eb5b81c
theo_n,2,370,false,9,13,onchain,500,366,1979758,4554511,459000,532226,606.882900,582615,603.844700,615607,650.156900,69626,25.103900,0x098b50423eb1b80e5a7fb520438bb4f17cbf6c9b9e6ebef7938342aa2df694fe,0x303b6b066769651941ebaaebfcd8040f41a717542235e1f57492ed152123cff2
theo_n,2,371,false,9,13,onchain,500,367,1979758,4554511,459000,532370,574.094200,582759,626.303900,615751,705.157300,69626,20.366100,0x098b50423eb1b80e5a7fb520438bb4f17cbf6c9b9e6ebef7938342aa2df694fe,0x2ed695d8f21d493b9d35e98eaf8a93b2d7366dc343dd2584f504aa5e64116990
theo_n,2,372,false,9,13,onchain,500,368,1979758,4554511,459000,532202,558.512700,582591,606.299300,615583,605.175800,69626,20.277400,0x098b50423eb1b80e5a7fb520438bb4f17cbf6c9b9e6ebef7938342aa2df694fe,0x1ad4f7e67fe4ff1b47a8341daf54ba4cfc10c65cf1044c60def6d901a807ed46
theo_n,2,373,false,9,13,onchain,500,369,1979758,4554511,459000,532346,609.026100,582735,623.839100,615727,627.075700,69626,24.822800,0x098b50423eb1b80e5a7fb520438bb4f17cbf6c9b9e6ebef7938342aa2df694fe,0x0c5a630d9f98b120bc544c96c47eec11640c6ab4b933c80d522151a3ff6adf8a
theo_n,2,374,false,9,13,onchain,500,370,1979758,4554511,459000,532310,628.766100,582687,596.838600,615679,613.605100,69614,28.505000,0x098b50423eb1b80e5a7fb520438bb4f17cbf6c9b9e6ebef7938342aa2df694fe,0x03f5612ddf0d430300b9710c7d5770ca54ee984d0d55902c9e31fec569bca9e3
theo_n,2,375,false,9,13,onchain,500,371,1979758,4554511,459000,532382,588.776900,582771,613.572500,615763,719.147600,69626,29.809700,0x098b50423eb1b80e5a7fb520438bb4f17cbf6c9b9e6ebef7938342aa2df694fe,0x1e849df2f825791fd8ed533d294b831c090962116777818d7fe8e404e5c063fd
theo_n,2,376,false,9,13,onchain,500,372,1979758,4554511,459000,532238,588.478400,582627,621.228400,615619,639.174500,69626,30.356000,0x098b50423eb1b80e5a7fb520438bb4f17cbf6c9b9e6ebef7938342aa2df694fe,0x18cfa5c6cd646ef374aab2e94e771ad9364cf8d95486dbb632ede7bba8b9c2b8
theo_n,2,377,false,9,13,onchain,500,373,1979758,4554511,459000,532274,578.802900,582651,632.608800,615643,619.674300,69626,18.414000,0x098b50423eb1b80e5a7fb520438bb4f17cbf6c9b9e6ebef7938342aa2df694fe,0x25b65d1c3a0bc65503d9a28d15da14bdd9f67ae4de7a884deeedb518e97a9262
theo_n,2,378,false,9,13,onchain,500,374,1979758,4554511,459000,532214,549.582700,582603,590.392100,615595,667.041900,69626,22.474500,0x098b50423eb1b80e5a7fb520438bb4f17cbf6c9b9e6ebef7938342aa2df694fe,0x04814392968319dd081a9b03644408df0f13373cd048e655a8b8de0a52e23270
theo_n,2,379,false,9,13,onchain,500,375,1979758,4554511,459000,532334,537.102300,582723,618.244600,615715,580.677100,69626,22.437600,0x098b50423eb1b80e5a7fb520438bb4f17cbf6c9b9e6ebef7938342aa2df694fe,0x118f2bc8abc13248898a6bcd9a243f7ca0a998ade21b658f26f4157747c66bb1
theo_n,2,380,false,9,13,onchain,500,376,1979758,4554511,459000,532286,571.558500,582675,572.165200,615667,600.621900,69626,26.287200,0x098b50423eb1b80e5a7fb520438bb4f17cbf6c9b9e6ebef7938342aa2df694fe,0x162d42cc97848b8015e6f6973e026d6782e2a7cb2fb68038286cbc81d7508eda
theo_n,2,381,false,9,13,onchain,500,377,1979758,4554511,459000,532202,568.053600,582591,616.531400,615583,579.271600,69626,28.120600,0x098b50423eb1b80e5a7fb520438bb4f17cbf6c9b9e6ebef7938342aa2df694fe,0x157e57147367313af2ccdb0b69a90f60da885d73b45344e360fbc625f7696351
theo_n,2,382,false,9,13,onchain,500,378,1979758,4554511,459000,532382,581.447300,582759,571.740200,615751,770.095300,69614,21.169700,0x098b50423eb1b80e5a7fb520438bb4f17cbf6c9b9e6ebef7938342aa2df694fe,0x0ad9f8b60ac2b27db29f8d015c05982cd6a7f9fe5461daae00a8f8e7b10bb470
theo_n,2,383,false,9,13,onchain,500,379,1979758,4554511,459000,532202,653.431200,582591,602.616800,615583,592.539600,69626,23.708200,0x098b50423eb1b80e5a7fb520438bb4f17cbf6c9b9e6ebef7938342aa2df694fe,0x02d5dff1d08df114839ef1dc507caa525323fb9828ac5daac4983bbfb43f03ee
theo_n,2,384,false,9,13,onchain,500,380,1979758,4554511,459000,532322,577.554700,582711,707.499400,615703,603.644200,69626,55.841200,0x098b50423eb1b80e5a7fb520438bb4f17cbf6c9b9e6ebef7938342aa2df694fe,0x07e27bc2513cc928d26b30eb92d217d53a1f2efa7ec91e9f3281e5893d80ea14
theo_n,2,385,false,9,13,onchain,500,381,1979758,4554511,459000,532274,591.526000,582663,603.483800,615655,645.306500,69626,29.457800,0x098b50423eb1b80e5a7fb520438bb4f17cbf6c9b9e6ebef7938342aa2df694fe,0x17398fc5f1d2e60159ce1452da7355a2234e2843260b50b40ded9b9d1d7fc2c5
theo_n,2,386,false,9,13,onchain,500,382,1979758,4554511,459000,532346,559.365200,582735,588.333500,615727,728.121400,69626,26.135600,0x098b50423eb1b80e5a7fb520438bb4f17cbf6c9b9e6ebef7938342aa2df694fe,0x1bcd1df4387375c9e3d385db43f832b4b6fe272b45f7e52252b39bb8382252e4
theo_n,2,387,false,9,13,onchain,500,383,1979758,4554511,459000,532298,630.507500,582687,567.909000,615679,630.407700,69626,28.619800,0x098b50423eb1b80e5a7fb520438bb4f17cbf6c9b9e6ebef7938342aa2df694fe,0x28bd69fe5fd086a619856936b40121a7155f548d42a84f35bce33cd48f7c5b79
theo_n,2,388,false,9,13,onchain,500,384,1979758,4554511,459000,532238,593.914600,582615,600.616400,615607,581.328300,69614,20.721800,0x098b50423eb1b80e5a7fb520438bb4f17cbf6c9b9e6ebef7938342aa2df694fe,0x1e7e3f9f39ceb8265b464c07373a4b37a800558074e78b931da84545f6d94e6d
theo_n,2,389,false,9,13,onchain,500,385,1979758,4554511,459000,532166,563.404200,582543,624.513900,615535,655.893900,69614,27.780000,0x098b50423eb1b80e5a7fb520438bb4f17cbf6c9b9e6ebef7938342aa2df694fe,0x0de1feb02f5d7b62cce3ccea8a74c6a75a1062001c1a44cae3b015de71aba263
theo_n,2,390,false,9,13,onchain,500,386,1979758,4554511,459000,532190,553.660600,582579,653.723500,615571,649.405800,69626,25.819100,0x098b50423eb1b80e5a7fb520438bb4f17cbf6c9b9e6ebef7938342aa2df694fe,0x0ccf0155d5e5543303c4ae684ea5d6d3506eadcac2a6ce0b43d37b55f33f3ae7
theo_n,2,391,false,9,13,onchain,500,387,1979758,4554511,459000,532238,654.960000,582627,637.595400,615619,706.292800,69626,20.858900,0x098b50423eb1b80e5a7fb520438bb4f17cbf6c9b9e6ebef7938342aa2df694fe,0x092407afbdab9b40602d5946175c6668381b10d76ec0d1fc625720ab89492697
theo_n,2,392,false,9,13,onchain,500,388,1979758,4554511,459000,532358,582.821400,582747,590.659200,615739,572.039600,69626,29.389400,0x098b50423eb1b80e5a7fb520438bb4f17cbf6c9b9e6ebef7938342aa2df694fe,0x057debe0a69bdb13be5df68e059ebc5810b7a076ae38389e59938c99084ee97e
theo_n,2,393,false,9,13,onchain,500,389,1979758,4554511,459000,532286,598.604900,582675,632.662600,615667,699.498600,69626,23.610500,0x098b50423eb1b80e5a7fb520438bb4f17cbf6c9b9e6ebef7938342aa2df694fe,0x303a402911f18f755f5c1a87ec99a33b77d1c2577916758ef573ab2194af50d9
theo_n,2,394,false,9,13,onchain,500,390,1979758,4554511,459000,532310,535.535100,582687,588.805800,615679,620.436100,69614,31.446100,0x098b50423eb1b80e5a7fb520438bb4f17cbf6c9b9e6ebef7938342aa2df694fe,0x263992a8e602149f3b6505ad16e7f04e696f8125783000c71d2ecc897e2a52b7
theo_n,2,395,false,9,13,onchain,500,391,1979758,4554511,459000,532334,575.133200,582723,612.772700,615715,609.760500,69626,23.744200,0x098b50423eb1b80e5a7fb520438bb4f17cbf6c9b9e6ebef7938342aa2df694fe,0x2db9482626db14404a768c8465161d5833bab0bdd0cee894e56dce89b9eb09fd
theo_n,2,396,false,9,13,onchain,500,392,1979758,4554511,459000,532346,649.394400,582735,553.804300,615727,720.949600,69626,32.156100,0x098b50423eb1b80e5a7fb520438bb4f17cbf6c9b9e6ebef7938342aa2df694fe,0x172df5a3f063b8f4f9c1d0f322ca54fa2d5f74aaf6562a8806fdfe2ca2e0483e
theo_n,2,397,false,9,13,onchain,500,393,1979758,4554511,459000,532262,540.928600,582651,598.639700,615643,586.658100,69626,26.534300,0x098b50423eb1b80e5a7fb520438bb4f17cbf6c9b9e6ebef7938342aa2df694fe,0x12c6243e284afc10fb4414ac11753f093a708b67c527cf722831b3a7a593cb08
theo_n,2,398,false,9,13,onchain,500,394,1979758,4554511,459000,532334,572.902400,582723,612.520600,615715,583.199800,69626,24.863600,0x098b50423eb1b80e5a7fb520438bb4f17cbf6c9b9e6ebef7938342aa2df694fe,0x12096b14d65088c6387377b9d89127c1ce5a0b1f72408edea1b850e9e359aa9e
theo_n,2,399,false,9,13,onchain,500,395,1979758,4554511,459000,532286,534.233400,582675,557.319500,615667,574.185700,69626,24.388200,0x098b50423eb1b80e5a7fb520438bb4f17cbf6c9b9e6ebef7938342aa2df694fe,0x18b1832ec6179c73f03c78110ac55f45acae9d0d5117cf6c03da7814f79e5d8f
theo_n,2,400,false,9,13,onchain,500,396,1979758,4554511,459000,532226,560.379000,582615,592.671300,615607,622.492300,69626,21.480000,0x098b50423eb1b80e5a7fb520438bb4f17cbf6c9b9e6ebef7938342aa2df694fe,0x113de8491220bb5eb508d65cc8ee0e1ceb7a712b1a9b95fc93acd8856ecb28f5
theo_n,2,401,false,9,13,onchain,500,397,1979758,4554511,459000,532286,553.209700,582675,600.824000,615667,601.613100,69626,22.433900,0x098b50423eb1b80e5a7fb520438bb4f17cbf6c9b9e6ebef7938342aa2df694fe,0x27a010cf4e19c4a88e2edb7f04ac75b764b8e24719dc82dbbd0c0f7c8934be1e
theo_n,2,402,false,9,13,onchain,500,398,1979758,4554511,459000,532274,588.509900,582663,592.977300,615655,622.783900,69626,84.938700,0x098b50423eb1b80e5a7fb520438bb4f17cbf6c9b9e6ebef7938342aa2df694fe,0x0b023dd915cb016b7238b5bdd3190fe98abd3504c6dbfba463d90bb38ff29ad2
theo_n,2,403,false,9,13,onchain,500,399,1979758,4554511,459000,532334,578.589100,582723,648.910300,615715,631.445900,69626,23.400700,0x098b50423eb1b80e5a7fb520438bb4f17cbf6c9b9e6ebef7938342aa2df694fe,0x1a7e6c56f626be3e54886b792935dd23863f6915b323aa78148b70ab13ec5273
theo_n,2,404,false,9,13,onchain,500,400,1979758,4554511,459000,532334,604.361500,582723,618.621600,615715,640.737200,69626,27.644700,0x098b50423eb1b80e5a7fb520438bb4f17cbf6c9b9e6ebef7938342aa2df694fe,0x2a2bffaf3fae1687545dfd12db373e7029a50e1e72ae6a4acfcbd733129c205d
theo_n,2,405,false,9,13,onchain,500,401,1979758,4554511,459000,532262,654.632300,582651,605.820100,615643,570.379400,69626,27.397400,0x098b50423eb1b80e5a7fb520438bb4f17cbf6c9b9e6ebef7938342aa2df694fe,0x2cc4cf0733e1349358e8a570eac07ff818161987e3a18bfde63a9f0b95deca6d
theo_n,2,406,false,9,13,onchain,500,402,1979758,4554511,459000,532346,552.106900,582735,650.537800,615727,671.788800,69626,30.445900,0x098b50423eb1b80e5a7fb520438bb4f17cbf6c9b9e6ebef7938342aa2df694fe,0x1b8c0ebcb5cf1b7c144731c42fbfeebd4519c91bbe045821496f2975128cd66c
theo_n,2,407,false,9,13,onchain,500,403,1979758,4554511,459000,532298,589.996700,582687,593.505200,615679,641.975700,69626,23.392700,0x098b50423eb1b80e5a7fb520438bb4f17cbf6c9b9e6ebef7938342aa2df694fe,0x2db8f99903aebf090472808a8ea677cc1579e7aa758397d7fd28dd09d7b51280
theo_n,2,408,false,9,13,onchain,500,404,1979758,4554511,459000,532274,554.888000,582663,669.414400,615655,621.860600,69626,40.557500,0x098b50423eb1b80e5a7fb520438bb4f17cbf6c9b9e6ebef7938342aa2df694fe,0x0bf0ebb05a15be9b640ea65b8d18d6832cad86267bf6cb999ad43d7d749ad1be
theo_n,2,409,false,9,13,onchain,500,405,1979758,4554511,459000,532334,697.054000,582723,631.608300,615715,643.011000,69626,34.706700,0x098b50423eb1b80e5a7fb520438bb4f17cbf6c9b9e6ebef7938342aa2df694fe,0x1b988085e3126ddfb6a991df1c0f573fa0e6f9965ef6b3f10de414b3fdd35013
theo_n,2,410,false,9,13,onchain,500,406,1979758,4554511,459000,532286,626.270300,582675,579.353500,615667,555.131300,69626,28.813400,0x098b50423eb1b80e5a7fb520438bb4f17cbf6c9b9e6ebef7938342aa2df694fe,0x154bfdb6e90d7431315c386cc66abcbf3958bded588b405520a34f7d4f56e666
theo_n,2,411,false,9,13,onchain,500,407,1979758,4554511,459000,532274,551.800000,582663,616.281900,615655,644.062800,69626,25.445400,0x098b50423eb1b80e5a7fb520438bb4f17cbf6c9b9e6ebef7938342aa2df694fe,0x09dcc218c82397618550beef8f8255788a9ec1329b4e16b1effb79dd16db6db8
theo_n,2,412,false,9,13,onchain,500,408,1979758,4554511,459000,532430,578.614800,582819,590.137300,615811,716.852000,69626,32.896600,0x098b50423eb1b80e5a7fb520438bb4f17cbf6c9b9e6ebef7938342aa2df694fe,0x03e0e67240dac313442539b1a1241dc6465eb385b752bbfd21607f280e9ed7a8
theo_n,2,413,false,9,13,onchain,500,409,1979758,4554511,459000,532298,618.505100,582687,590.307800,615679,590.234600,69626,24.499500,0x098b50423eb1b80e5a7fb520438bb4f17cbf6c9b9e6ebef7938342aa2df694fe,0x3007bee886bfacd3ffad885814b8c4e8cceb990aa13437fa53e86c1dcd321aac
theo_n,2,414,false,9,13,onchain,500,410,1979758,4554511,459000,532202,559.807200,582591,575.147100,615583,662.090300,69626,29.376400,0x098b50423eb1b80e5a7fb520438bb4f17cbf6c9b9e6ebef7938342aa2df694fe,0x181a21556d142138a10d0d14eb5e6c5d16df78825c4945a3d09ac9823e327b17
theo_n,2,415,false,9,13,onchain,500,411,1979758,4554511,459000,532358,542.561100,582747,602.727600,615739,672.002400,69626,21.054400,0x098b50423eb1b80e5a7fb520438bb4f17cbf6c9b9e6ebef7938342aa2df694fe,0x2835faa28d27666daad62898414f35b70a6f1b36e83f6903b595b0b699a120e0
theo_n,2,416,false,9,13,onchain,500,412,1979758,4554511,459000,532214,577.229700,582603,661.456500,615595,604.147300,69626,24.869300,0x098b50423eb1b80e5a7fb520438bb4f17cbf6c9b9e6ebef7938342aa2df694fe,0x06016b8fc0cfb43fe47861f337a516e5702b812d6b62d60cb94bca0b4d6acd7c
theo_n,2,417,false,9,13,onchain,500,413,1979758,4554511,459000,532286,531.641700,582675,639.098200,615667,625.029100,69626,36.869100,0x098b50423eb1b80e5a7fb520438bb4f17cbf6c9b9e6ebef7938342aa2df694fe,0x1bed17d5deba5bed8ba9eed3242058dba5d4c9596776efeb51be6779ca0306a3
theo_n,2,418,false,9,13,onchain,500,414,1979758,4554511,459000,532286,569.354400,582675,577.437800,615667,619.932400,69626,26.252400,0x098b50423eb1b80e5a7fb520438bb4f17cbf6c9b9e6ebef7938342aa2df694fe,0x016ddbf0460e9b0e15e4f146a5a20f1fdcdc6a8561610466846c78fbc49a3d7c
theo_n,2,419,false,9,13,onchain,500,415,1979758,4554511,459000,532250,553.413500,582639,565.944100,615631,599.518300,69626,31.846100,0x098b50423eb1b80e5a7fb520438bb4f17cbf6c9b9e6ebef7938342aa2df694fe,0x0e0771a1c3bbd684257a57be0b21e69a6727489b4ddc066d53818988c039b7c6
theo_n,2,420,false,9,13,onchain,500,416,1979758,4554511,459000,532262,632.670100,582651,537.656400,615643,720.576400,69626,34.458200,0x098b50423eb1b80e5a7fb520438bb4f17cbf6c9b9e6ebef7938342aa2df694fe,0x2830fdb34c979454f9f3421f8b0574c294c79daee7ad2bc1b5dc97a95a4f9d54
theo_n,2,421,false,9,13,onchain,500,417,1979758,4554511,459000,532262,604.803000,582651,577.191400,615643,610.593900,69626,19.990400,0x098b50423eb1b80e5a7fb520438bb4f17cbf6c9b9e6ebef7938342aa2df694fe,0x13a0fb9058def92f47de48cf7aa57b8540d590214e9ee3ef4a3b4e6b1fd39fc7
theo_n,2,422,false,9,13,onchain,500,418,1979758,4554511,459000,532286,551.622800,582675,620.388800,615667,550.704000,69626,29.561700,0x098b50423eb1b80e5a7fb520438bb4f17cbf6c9b9e6ebef7938342aa2df694fe,0x0326508a2e8766b39956ca4bcb280f99a691a9091e7328ef63d81a41a3b488f5
theo_n,2,423,false,9,13,onchain,500,419,1979758,4554511,459000,532310,563.925700,582699,551.026500,615691,555.150100,69626,27.795400,0x098b50423eb1b80e5a7fb520438bb4f17cbf6c9b9e6ebef7938342aa2df694fe,0x1aad75cc6b55ef5aefca1139b211062bbb6f98191567e7e2c53e14c4ed4d2510
theo_n,2,424,false,9,13,onchain,500,420,1979758,4554511,459000,532370,559.368600,582759,628.742400,615751,687.305000,69626,32.385500,0x098b50423eb1b80e5a7fb520438bb4f17cbf6c9b9e6ebef7938342aa2df694fe,0x0762cba02d6c2fd227c1121dbbb65b1dddcd594906111c19dcb75308284fab1e
theo_n,2,425,false,9,13,onchain,500,421,1979758,4554511,459000,532298,570.543500,582687,574.013800,615679,623.268000,69626,20.001400,0x098b50423eb1b80e5a7fb520438bb4f17cbf6c9b9e6ebef7938342aa2df694fe,0x2867d18a8d13dcdcf2a610885da6d6baf390d38a0ba79aa67af91dedf2e4134f
theo_n,2,426,false,9,13,onchain,500,422,1979758,4554511,459000,532238,629.941100,582627,631.131600,615619,677.700600,69626,32.823300,0x098b50423eb1b80e5a7fb520438bb4f17cbf6c9b9e6ebef7938342aa2df694fe,0x10c107c9cda92ec6cf3e9fe22cbf7cda99fe04bfb69b44457736f08daf94178b
theo_n,2,427,false,9,13,onchain,500,423,1979758,4554511,459000,532418,582.746400,582807,619.939500,615799,612.369000,69626,20.291200,0x098b50423eb1b80e5a7fb520438bb4f17cbf6c9b9e6ebef7938342aa2df694fe,0x2581e5575f4204b4a6f3b0e08c12245c083765c1a07f32b13a96895ca1ba1425
theo_n,2,428,false,9,13,onchain,500,424,1979758,4554511,459000,532382,575.531700,582771,624.918200,615763,636.584500,69626,32.116300,0x098b50423eb1b80e5a7fb520438bb4f17cbf6c9b9e6ebef7938342aa2df694fe,0x277aac34d6c47e54cdbb5d62cfd244cec5298c9c26f6aa993fb0e26cf2f1082f
theo_n,2,429,false,9,13,onchain,500,425,1979758,4554511,459000,532262,578.646500,582651,528.910100,615643,708.638900,69626,27.531700,0x098b50423eb1b80e5a7fb520438bb4f17cbf6c9b9e6ebef7938342aa2df694fe,0x03ea32e3c967ab912ee0c86ac10303a8203c3057bba343c213f706eb718cec52
theo_n,2,430,false,9,13,onchain,500,426,1979758,4554511,459000,532322,636.207400,582711,527.995500,615703,631.611000,69626,20.674600,0x098b50423eb1b80e5a7fb520438bb4f17cbf6c9b9e6ebef7938342aa2df694fe,0x3003b73a88a8569a4f81d8beb7f720188535c7718ead6ae84dbe3c272f4f5f3b
theo_n,2,431,false,9,13,onchain,500,427,1979758,4554511,459000,532298,613.289500,582687,650.394400,615679,569.327100,69626,30.123600,0x098b50423eb1b80e5a7fb520438bb4f17cbf6c9b9e6ebef7938342aa2df694fe,0x0a05cfe41f28c738b7d5d7716c8320b06aa79e0e6625c4f3558a58dc9b7fef42
theo_n,2,432,false,9,13,onchain,500,428,1979758,4554511,459000,532262,552.847100,582639,657.300300,615631,581.446700,69614,31.413400,0x098b50423eb1b80e5a7fb520438bb4f17cbf6c9b9e6ebef7938342aa2df694fe,0x2500607ce618ef9bd30f4bc46ee16168b678de82a12629390aecc174960b46cd
theo_n,2,433,false,9,13,onchain,500,429,1979758,4554511,459000,532298,567.911900,582687,663.898500,615679,613.342300,69626,22.233700,0x098b50423eb1b80e5a7fb520438bb4f17cbf6c9b9e6ebef7938342aa2df694fe,0x01c24f87ee6d59ee391a1593ecbeb6d1fa9963826beeb11f5caf468141128f09
theo_n,2,434,false,9,13,onchain,500,430,1979758,4554511,459000,532190,633.341500,582579,596.896600,615571,624.159400,69626,27.966600,0x098b50423eb1b80e5a7fb520438bb4f17cbf6c9b9e6ebef7938342aa2df694fe,0x2082108df1e5d8328a3a52f2af197ec79b7856c8bc9c44ccf2d1d5951679a4c0
theo_n,2,435,false,9,13,onchain,500,431,1979758,4554511,459000,532310,532.640200,582699,608.837300,615691,708.327900,69626,33.362400,0x098b50423eb1b80e5a7fb520438bb4f17cbf6c9b9e6ebef7938342aa2df694fe,0x0999ffaafc0622752b26e0380a201e79e330224adc28c45d809d6203c7183765
theo_n,2,436,false,9,13,onchain,500,432,1979758,4554511,459000,532322,625.345600,582699,589.488000,615691,579.530500,69626,21.130200,0x098b50423eb1b80e5a7fb520438bb4f17cbf6c9b9e6ebef7938342aa2df694fe,0x0256f5aa2a81c65d55d7ac3351c57b3fc477bd1a5d4650020d8ac1c2cb98c320
theo_n,2,437,false,9,13,onchain,500,433,1979758,4554511,459000,532250,552.391600,582639,726.154500,615631,563.616700,69626,22.616900,0x098b50423eb1b80e5a7fb520438bb4f17cbf6c9b9e6ebef7938342aa2df694fe,0x037bc2c964784fc7e3cd2de16c3218014bc8ac4ab259c3fc47df759225c0c432
theo_n,2,438,false,9,13,onchain,500,434,1979758,4554511,459000,532310,601.035300,582687,592.444900,615679,605.626400,69614,29.315600,0x098b50423eb1b80e5a7fb520438bb4f17cbf6c9b9e6ebef7938342aa2df694fe,0x173dc3dc4e6fcdf0ebba3fd2fe4632fb42c0ceb9e4cc5e9b374dc60deb000b3f
theo_n,2,439,false,9,13,onchain,500,435,1979758,4554511,459000,532322,578.542800,582711,632.438900,615703,587.595300,69626,33.920800,0x098b50423eb1b80e5a7fb520438bb4f17cbf6c9b9e6ebef7938342aa2df694fe,0x1209c0c6094437ccf08802ad2ccd707c6033334ef0aac113035d1ba5c5d53302
theo_n,2,440,false,9,13,onchain,500,436,1979758,4554511,459000,532298,636.097900,582687,607.444000,615679,669.645200,69626,41.490900,0x098b50423eb1b80e5a7fb520438bb4f17cbf6c9b9e6ebef7938342aa2df694fe,0x11a1aa45758004aee4e35df3345be3240a16450e6c518e436a9fef029035717a
theo_n,2,441,false,9,13,onchain,500,437,1979758,4554511,459000,532334,627.013300,582711,588.423300,615703,586.874200,69614,23.360400,0x098b50423eb1b80e5a7fb520438bb4f17cbf6c9b9e6ebef7938342aa2df694fe,0x04476444e54b8d9345af11b280f951950dec019f5f9ed96cd666000cb6f8c8a4
theo_n,2,442,false,9,13,onchain,500,438,1979758,4554511,459000,532370,539.374600,582759,656.825200,615751,617.590500,69626,21.551500,0x098b50423eb1b80e5a7fb520438bb4f17cbf6c9b9e6ebef7938342aa2df694fe,0x2806a21730d85cb406c3a0c7893edf53a23bb94164481acaec92dfaacc498c43
theo_n,2,443,false,9,13,onchain,500,439,1979758,4554511,459000,532286,553.447900,582675,593.331400,615667,616.090500,69626,27.041200,0x098b50423eb1b80e5a7fb520438bb4f17cbf6c9b9e6ebef7938342aa2df694fe,0x214b13489d4f64f42e4f378022beeb428cee36c93df8f8e97b38d25222015f0e
theo_n,2,444,false,9,13,onchain,500,440,1979758,4554511,459000,532298,541.759300,582675,695.501800,615667,573.666900,69626,26.920900,0x098b50423eb1b80e5a7fb520438bb4f17cbf6c9b9e6ebef7938342aa2df694fe,0x066f9d468513da57c066c36e999991151e9f59de613bf62318b16f8c0dc85b20
theo_n,2,445,false,9,13,onchain,500,441,1979758,4554511,459000,532274,572.170800,582663,593.042000,615655,590.937900,69626,25.230400,0x098b50423eb1b80e5a7fb520438bb4f17cbf6c9b9e6ebef7938342aa2df694fe,0x2685af6105268b603a453ab4de1bcdd24c4090058d83280b15b70eb1e3493b77
theo_n,2,446,false,9,13,onchain,500,442,1979758,4554511,459000,532274,622.859800,582663,638.694300,615655,586.753900,69626,24.763300,0x098b50423eb1b80e5a7fb520438bb4f17cbf6c9b9e6ebef7938342aa2df694fe,0x1c157e5b315f744377d41988cc71c4e64d2bb77893f27acd05aad8664ce59a79
theo_n,2,447,false,9,13,onchain,500,443,1979758,4554511,459000,532274,552.294800,582663,560.550400,615655,578.954400,69626,22.357700,0x098b50423eb1b80e5a7fb520438bb4f17cbf6c9b9e6ebef7938342aa2df694fe,0x2267434a9eb55f81aff6acbc29f609c4a6cd46d4f19e735c0845e1e54dc511cf
theo_n,2,448,false,9,13,onchain,500,444,1979758,4554511,459000,532310,595.647900,582699,606.647600,615691,577.551400,69626,35.682700,0x098b50423eb1b80e5a7fb520438bb4f17cbf6c9b9e6ebef7938342aa2df694fe,0x2427edd792ee64541c9bb6a75a9554187a8b10a7730ae17241a149dd8197cb5c
theo_n,2,449,false,9,13,onchain,500,445,1979758,4554511,459000,532214,582.634200,582603,598.912300,615595,558.844500,69626,23.776200,0x098b50423eb1b80e5a7fb520438bb4f17cbf6c9b9e6ebef7938342aa2df694fe,0x0cf8a1ade649c5cea439e53e3be597c4c53290bf1c8b7f8bcb41a7ef7dea770e
theo_n,2,450,false,9,13,onchain,500,446,1979758,4554511,459000,532274,604.668600,582651,652.035500,615643,669.753800,69614,35.710500,0x098b50423eb1b80e5a7fb520438bb4f17cbf6c9b9e6ebef7938342aa2df694fe,0x129883fbbf2647002f7deacb824779cb974c9eee7bbb30bf1261998df957b8dc
theo_n,2,451,false,9,13,onchain,500,447,1979758,4554511,459000,532250,584.545500,582639,551.225600,615631,723.352600,69626,38.202600,0x098b50423eb1b80e5a7fb520438bb4f17cbf6c9b9e6ebef7938342aa2df694fe,0x0594521bbee73c066f93948e2ff7a51262787f7f3a8f16471f68ddf2a657e869
theo_n,2,452,false,9,13,onchain,500,448,1979758,4554511,459000,532286,622.412500,582675,655.216900,615667,623.069800,69626,28.643500,0x098b50423eb1b80e5a7fb520438bb4f17cbf6c9b9e6ebef7938342aa2df694fe,0x13f17dda8cb57596d85fb2110de78808017c61bc82d7b7330c51357cf8ab248e
theo_n,2,453,false,9,13,onchain,500,449,1979758,4554511,459000,532334,613.701200,582723,651.747000,615715,631.948700,69626,26.795100,0x098b50423eb1b80e5a7fb520438bb4f17cbf6c9b9e6ebef7938342aa2df694fe,0x12c9ec6c712307c39974e8ea98426582b0f316e90a50231bc1a00186bd92507e
theo_n,2,454,false,9,13,onchain,500,450,1979758,4554511,459000,532286,534.911700,582675,736.427000,615667,731.002100,69626,30.371200,0x098b50423eb1b80e5a7fb520438bb4f17cbf6c9b9e6ebef7938342aa2df694fe,0x148354c630b4862274a3c4f9627e46281b10d5ce88bc6a9f22459d0f2e6ba9a8
theo_n,2,455,false,9,13,onchain,500,451,1979758,4554511,459000,532262,581.481500,582651,635.892100,615643,633.645100,69626,28.037000,0x098b50423eb1b80e5a7fb520438bb4f17cbf6c9b9e6ebef7938342aa2df694fe,0x20281760db9fef7baf5df36729d8e86b1f03d2bfeeadec7e293627fe630e7d86
theo_n,2,456,false,9,13,onchain,500,452,1979758,4554511,459000,532310,567.462400,582699,600.791200,615691,582.105500,69626,22.235600,0x098b50423eb1b80e5a7fb520438bb4f17cbf6c9b9e6ebef7938342aa2df694fe,0x1f5d68be2c50d3e703fb116f57bfc854bce65788b7ade4c79548c288f898484f
theo_n,2,457,false,9,13,onchain,500,453,1979758,4554511,459000,532262,567.644600,582651,687.280300,615643,557.182000,69626,23.943200,0x098b50423eb1b80e5a7fb520438bb4f17cbf6c9b9e6ebef7938342aa2df694fe,0x2202cbc3666b0757b2bc1092b87ec06aaa632d9b644694c824a1a9f1402fb796
theo_n,2,458,false,9,13,onchain,500,454,1979758,4554511,459000,532310,618.698800,582699,599.104400,615691,637.529200,69626,27.786700,0x098b50423eb1b80e5a7fb520438bb4f17cbf6c9b9e6ebef7938342aa2df694fe,0x27c2dffe7874cdda7cce3b6fb243cb2ca8974f0861a27c2419bf621ed6556606
theo_n,2,459,false,9,13,onchain,500,455,1979758,4554511,459000,532310,564.777100,582687,741.960200,615679,903.446500,69626,27.119000,0x098b50423eb1b80e5a7fb520438bb4f17cbf6c9b9e6ebef7938342aa2df694fe,0x12a504725a3c750c382de4b79051869e38d03e6aa42f4505f940340f4885b7c2
theo_n,2,460,false,9,13,onchain,500,456,1979758,4554511,459000,532358,629.750600,582747,586.410000,615739,607.765400,69626,28.343100,0x098b50423eb1b80e5a7fb520438bb4f17cbf6c9b9e6ebef7938342aa2df694fe,0x2e78ab53da0c12b723f36c4ae0ce7f5b0621afa5eb0811cd6a96df8698650698
theo_n,2,461,false,9,13,onchain,500,457,1979758,4554511,459000,532166,547.456300,582555,586.342800,615547,567.390200,69626,22.889700,0x098b50423eb1b80e5a7fb520438bb4f17cbf6c9b9e6ebef7938342aa2df694fe,0x2fbda956e787d64ca8b6341cc1314e56b201281444c7bf34030a23838bc743ce
theo_n,2,462,false,9,13,onchain,500,458,1979758,4554511,459000,532274,631.128400,582651,635.190300,615643,595.846700,69626,27.208100,0x098b50423eb1b80e5a7fb520438bb4f17cbf6c9b9e6ebef7938342aa2df694fe,0x119e6e31b73d1a8836957b9bbf042afcbffe0c2a4f27f87c8be3bdf7f9a74b1f
theo_n,2,463,false,9,13,onchain,500,459,1979758,4554511,459000,532298,612.131900,582687,613.246300,615679,591.243900,69626,24.486800,0x098b50423eb1b80e5a7fb520438bb4f17cbf6c9b9e6ebef7938342aa2df694fe,0x121504fcf4f883891e0fc21eb1da196a5cc2f172e30aef5860b68086905e0aec
theo_n,2,464,false,9,13,onchain,500,460,1979758,4554511,459000,532286,566.381100,582675,602.887500,615667,564.741200,69626,19.686500,0x098b50423eb1b80e5a7fb520438bb4f17cbf6c9b9e6ebef7938342aa2df694fe,0x1c2d5c6cf07f2dbdd8f604df0337912e297989a309cd33d6dc1239fe147ab4b6
theo_n,2,465,false,9,13,onchain,500,461,1979758,4554511,459000,532286,552.303300,582663,573.570300,615655,565.360000,69614,23.693900,0x098b50423eb1b80e5a7fb520438bb4f17cbf6c9b9e6ebef7938342aa2df694fe,0x0704c0ac4a16b2c09e01e830dfc5b10d7c1b093c7c242fa8c85a1d6afc5b0059
theo_n,2,466,false,9,13,onchain,500,462,1979758,4554511,459000,532298,550.726300,582687,580.920200,615679,734.168900,69626,19.704200,0x098b50423eb1b80e5a7fb520438bb4f17cbf6c9b9e6ebef7938342aa2df694fe,0x26a19ddc2ed55c40fb8bbb487a5e35e680624c166c65eb1a17b4c49f7b963cf4
theo_n,2,467,false,9,13,onchain,500,463,1979758,4554511,459000,532298,563.649700,582687,618.919700,615679,545.347300,69626,24.500200,0x098b50423eb1b80e5a7fb520438bb4f17cbf6c9b9e6ebef7938342aa2df694fe,0x25ef2285374d0d2fb8f352c90602ea21678ab56bfa198771d120d845fd403499
theo_n,2,468,false,9,13,onchain,500,464,1979758,4554511,459000,532250,545.664600,582639,697.414600,615631,628.643100,69626,27.126400,0x098b50423eb1b80e5a7fb520438bb4f17cbf6c9b9e6ebef7938342aa2df694fe,0x2deef529266e39c647c7f8aa57f1736e372c78d3a0c62c5890613454a7c5fba8
theo_n,2,469,false,9,13,onchain,500,465,1979758,4554511,459000,532262,584.801600,582651,617.850400,615643,585.958600,69626,28.451500,0x098b50423eb1b80e5a7fb520438bb4f17cbf6c9b9e6ebef7938342aa2df694fe,0x17e4d436a99114d9778510c1ad0db88c4c9e6d9ff265191a17aec8c9bdc35b0d
theo_n,2,470,false,9,13,onchain,500,466,1979758,4554511,459000,532442,612.504400,582831,618.101300,615823,717.546700,69626,32.973600,0x098b50423eb1b80e5a7fb520438bb4f17cbf6c9b9e6ebef7938342aa2df694fe,0x194895cb66b9d54f2220b208f6d8dfdc02547c4c64f4b73bd9fbf42e3df5bce9
theo_n,2,471,false,9,13,onchain,500,467,1979758,4554511,459000,532322,644.429000,582711,587.085000,615703,653.674300,69626,20.625300,0x098b50423eb1b80e5a7fb520438bb4f17cbf6c9b9e6ebef7938342aa2df694fe,0x17b9faa51b28b1bf98a3d3650f88426d3ec0f81fc68691e2978f685c54039bdf
theo_n,2,472,false,9,13,onchain,500,468,1979758,4554511,459000,532346,631.832200,582735,600.264800,615727,596.424900,69626,19.765300,0x098b50423eb1b80e5a7fb520438bb4f17cbf6c9b9e6ebef7938342aa2df694fe,0x03557e9b7fef581c5a714eec6689e6db4162f91f8d460ae5dcca16d3b3f9e352
theo_n,2,473,false,9,13,onchain,500,469,1979758,4554511,459000,532262,546.797300,582639,680.701900,615631,592.430300,69614,37.459900,0x098b50423eb1b80e5a7fb520438bb4f17cbf6c9b9e6ebef7938342aa2df694fe,0x2c3214b8c0e8434fb6524fb4ff11e4e800a00966657e18a5d88267ae5f781abf
theo_n,2,474,false,9,13,onchain,500,470,1979758,4554511,459000,532322,580.025300,582711,614.400200,615703,600.927700,69626,22.225100,0x098b50423eb1b80e5a7fb520438bb4f17cbf6c9b9e6ebef7938342aa2df694fe,0x0642a894943cd70151604e637ce6b256aef63733dc5c514325eabd85b7873425
theo_n,2,475,false,9,13,onchain,500,471,1979758,4554511,459000,532358,615.314600,582747,593.917800,615739,677.052200,69626,24.200800,0x098b50423eb1b80e5a7fb520438bb4f17cbf6c9b9e6ebef7938342aa2df694fe,0x18552a6e21eecc017d45a61ec84e6f6dafafd85e5f3a8a1b69f6d52891467353
theo_n,2,476,false,9,13,onchain,500,472,1979758,4554511,459000,532250,561.830000,582627,544.098600,615619,691.579900,69614,31.227200,0x098b50423eb1b80e5a7fb520438bb4f17cbf6c9b9e6ebef7938342aa2df694fe,0x09d6031cbe83e6b6daf712c57cef8f8a00092aaa20ee245268c6261746fb3e6d
theo_n,2,477,false,9,13,onchain,500,473,1979758,4554511,459000,532322,578.879700,582711,643.938400,615703,722.680500,69626,26.288900,0x098b50423eb1b80e5a7fb520438bb4f17cbf6c9b9e6ebef7938342aa2df694fe,0x1d2e7002b581918e7f17fd4c88eaa1e2816dd4fceb92b04c7f1dee4714df076c
theo_n,2,478,false,9,13,onchain,500,474,1979758,4554511,459000,532202,588.928100,582591,600.401900,615583,602.512800,69626,27.795700,0x098b50423eb1b80e5a7fb520438bb4f17cbf6c9b9e6ebef7938342aa2df694fe,0x106c70cbd048ff8d859a8c2a2ac67e23ea74f80b5e9723d541592f72a9be6164
theo_n,2,479,false,9,13,onchain,500,475,1979758,4554511,459000,532322,539.912900,582711,614.880900,615703,623.923300,69626,32.617100,0x098b50423eb1b80e5a7fb520438bb4f17cbf6c9b9e6ebef7938342aa2df694fe,0x18f841147423b43a4e24f734b60a18649d2e49861e1471f1293b599ddadb5b4f
theo_n,2,480,false,9,13,onchain,500,476,1979758,4554511,459000,532274,588.672200,582663,710.290600,615655,566.970600,69626,25.081000,0x098b50423eb1b80e5a7fb520438bb4f17cbf6c9b9e6ebef7938342aa2df694fe,0x181f47596bdada82053dbd519feadb3e1decced847c3ebee5da8062170b7a1fd
theo_n,2,481,false,9,13,onchain,500,477,1979758,4554511,459000,532262,572.707400,582651,673.045400,615643,543.082000,69626,27.663300,0x098b50423eb1b80e5a7fb520438bb4f17cbf6c9b9e6ebef7938342aa2df694fe,0x19d72b93da5f25751ed0e6f5181858631c5863ceb85e9b062ae3f523c50c3823
theo_n,2,482,false,9,13,onchain,500,478,1979758,4554511,459000,532334,567.048400,582723,567.797200,615715,645.203000,69626,20.721200,0x098b50423eb1b80e5a7fb520438bb4f17cbf6c9b9e6ebef7938342aa2df694fe,0x08b9371a31a7f0b2166783304eb3dda67b5455dab4f641d34af9e809ae17f981
theo_n,2,483,false,9,13,onchain,500,479,1979758,4554511,459000,532322,551.980500,582711,569.995000,615703,628.235800,69626,25.454200,0x098b50423eb1b80e5a7fb520438bb4f17cbf6c9b9e6ebef7938342aa2df694fe,0x10acd05e15df221672ec5e25ee7ec5383df40f6a96e4be200f349008ee830ed2
theo_n,2,484,false,9,13,onchain,500,480,1979758,4554511,459000,532322,568.803900,582699,568.423100,615691,679.808200,69626,39.941200,0x098b50423eb1b80e5a7fb520438bb4f17cbf6c9b9e6ebef7938342aa2df694fe,0x3012161f3b161556cf3aa88c4d04f0e9cec22c97b7b8e848d5c7178f3e9b74fd
theo_n,2,485,false,9,13,onchain,500,481,1979758,4554511,459000,532262,544.817000,582651,580.059100,615643,556.921200,69626,22.146300,0x098b50423eb1b80e5a7fb520438bb4f17cbf6c9b9e6ebef7938342aa2df694fe,0x21472178fbf204e629d62a47c15eef10a81ccebaf9f644bd9e4e46c54d340a59
theo_n,2,486,false,9,13,onchain,500,482,1979758,4554511,459000,532214,615.504700,582591,599.347000,615583,565.962800,69614,58.888300,0x098b50423eb1b80e5a7fb520438bb4f17cbf6c9b9e6ebef7938342aa2df694fe,0x1cc81977f75add8f0fa8ffdf8e8d9dd6dc1ad4006181c677d57a5e41157e77c1
theo_n,2,487,false,9,13,onchain,500,483,1979758,4554511,459000,532238,574.371400,582615,631.881100,615607,681.143900,69614,25.235700,0x098b50423eb1b80e5a7fb520438bb4f17cbf6c9b9e6ebef7938342aa2df694fe,0x133f3b027ddf242d1e004142a313c84f951891b964cda34421c8e2199d1420c0
theo_n,2,488,false,9,13,onchain,500,484,1979758,4554511,459000,532310,603.750700,582699,622.378600,615691,532.579800,69626,24.987700,0x098b50423eb1b80e5a7fb520438bb4f17cbf6c9b9e6ebef7938342aa2df694fe,0x03c9185fd1372f0e37b4bf9a3f3dd2063edca06487f626d6d85fd838ad3008ca
theo_n,2,489,false,9,13,onchain,500,485,1979758,4554511,459000,532274,539.267400,582663,621.194200,615655,528.491000,69626,35.440400,0x098b50423eb1b80e5a7fb520438bb4f17cbf6c9b9e6ebef7938342aa2df694fe,0x25e0e7e38fef95e132acd28d6c482e384298692bcd6d0473d4a5e7270f432fb0
theo_n,2,490,false,9,13,onchain,500,486,1979758,4554511,459000,532358,610.179000,582747,563.432500,615739,545.683600,69626,25.891000,0x098b50423eb1b80e5a7fb520438bb4f17cbf6c9b9e6ebef7938342aa2df694fe,0x227d5c1302a98c79262e6fe667330fa86813e3133cf5286aa5d1aa56b4d297e4
theo_n,2,491,false,9,13,onchain,500,487,1979758,4554511,459000,532346,605.874800,582723,609.195600,615715,585.679100,69614,19.213700,0x098b50423eb1b80e5a7fb520438bb4f17cbf6c9b9e6ebef7938342aa2df694fe,0x1c00aecebc0b69341373f2e0bb29a3c24aac853fd64da87b62c5b316aeca1219
theo_n,2,492,false,9,13,onchain,500,488,1979758,4554511,459000,532322,559.918000,582711,552.951000,615703,573.111400,69626,29.681500,0x098b50423eb1b80e5a7fb520438bb4f17cbf6c9b9e6ebef7938342aa2df694fe,0x084e8cd0f0efa2d0483d3d7c58e49fc749ef77ebb1737fe33318558c56cf3427
theo_n,2,493,false,9,13,onchain,500,489,1979758,4554511,459000,532322,619.084900,582711,611.224100,615703,640.833200,69626,24.416100,0x098b50423eb1b80e5a7fb520438bb4f17cbf6c9b9e6ebef7938342aa2df694fe,0x0a043a7874d62ba138be2dc0842dd24ce6d289652d427bfd6f79e7c48c37b4f7
theo_n,2,494,false,9,13,onchain,500,490,1979758,4554511,459000,532322,568.699000,582699,585.080000,615691,575.884500,69626,28.955800,0x098b50423eb1b80e5a7fb520438bb4f17cbf6c9b9e6ebef7938342aa2df694fe,0x1a89f23a47b3613d76999e01716fb21161a281ba453f95be5b6ec1a4cd2760ff
theo_n,2,495,false,9,13,onchain,500,491,1979758,4554511,459000,532298,576.497300,582687,587.451700,615679,576.145400,69626,28.312100,0x098b50423eb1b80e5a7fb520438bb4f17cbf6c9b9e6ebef7938342aa2df694fe,0x300e9a493810956b752cdc311daa8c6888ed4496181d73e24231623198cff11e
theo_n,2,496,false,9,13,onchain,500,492,1979758,4554511,459000,532322,651.674200,582711,578.996500,615703,593.148400,69626,31.245400,0x098b50423eb1b80e5a7fb520438bb4f17cbf6c9b9e6ebef7938342aa2df694fe,0x2e66af613bd0b308ea76ce8156c11daa75c95d3f8e0ca9d7b293c31c96014b21
theo_n,2,497,false,9,13,onchain,500,493,1979758,4554511,459000,532226,636.726000,582615,595.773700,615607,548.847100,69626,30.045400,0x098b50423eb1b80e5a7fb520438bb4f17cbf6c9b9e6ebef7938342aa2df694fe,0x02dc77fb04fd69f7fab1957d3aba82ed08d25eac854c3dde2a9cade544679e2b
theo_n,2,498,false,9,13,onchain,500,494,1979758,4554511,459000,532250,560.753900,582627,599.097000,615619,630.565500,69614,21.220700,0x098b50423eb1b80e5a7fb520438bb4f17cbf6c9b9e6ebef7938342aa2df694fe,0x228653279e7e7b00992306c5edc1435c1091f5e23990f9d8e3779fd1aa32a8de
theo_n,2,499,false,9,13,onchain,500,495,1979758,4554511,459000,532262,572.717600,582651,611.823100,615643,578.944700,69626,32.500400,0x098b50423eb1b80e5a7fb520438bb4f17cbf6c9b9e6ebef7938342aa2df694fe,0x230a0a415e1e60f6e218a20cd575f16422d11c814813bb0c4546415a14659006
theo_n,2,500,false,9,13,onchain,500,496,1979758,4554511,459000,532250,568.209200,582639,651.552800,615631,643.918700,69626,25.323800,0x098b50423eb1b80e5a7fb520438bb4f17cbf6c9b9e6ebef7938342aa2df694fe,0x0975721ab977e0a4a2d19fc776c1a4212a6d048f5a988aa06d9d108845b40913
theo_n,2,501,false,9,13,onchain,500,497,1979758,4554511,459000,532310,566.953900,582699,667.687800,615691,681.120400,69626,23.563600,0x098b50423eb1b80e5a7fb520438bb4f17cbf6c9b9e6ebef7938342aa2df694fe,0x1277fe6d922e86999f40ca4cb0a82e4bbb03db29f014e42a63da54bd386146f0
theo_n,2,502,false,9,13,onchain,500,498,1979758,4554511,459000,532310,510.958700,582687,604.784000,615679,626.893000,69614,19.299600,0x098b50423eb1b80e5a7fb520438bb4f17cbf6c9b9e6ebef7938342aa2df694fe,0x0113f1fb5a35006448b95b51265b86f399805050c99ce68c7e92a1106394a4ee
theo_n,2,503,false,9,13,onchain,500,499,1979758,4554511,459000,532334,563.393800,582723,656.705400,615715,632.254900,69626,21.274600,0x098b50423eb1b80e5a7fb520438bb4f17cbf6c9b9e6ebef7938342aa2df694fe,0x0c0e1ce676ffd8704c6db547c1f554636c17d9d3da8dfce0b63543dfae4b1d6c
