thi_nghiem,run_id,iteration,warmup,d,k,mechanism,n,student_index,witness_ms,setup_ms,prove_ms,proof_generation_ms,verify_native_ms,verified,proof_bytes,calldata_bytes,root,nullifier
theo_n,11,1,true,9,13,onchain,500,0,23.979800,1419.344100,900.165200,924.145000,4.852500,true,4224,4352,0x098b50423eb1b80e5a7fb520438bb4f17cbf6c9b9e6ebef7938342aa2df694fe,0x0908cbf85e088d680fbd39fdb24b3cc3dd4a43f6c03cd816e06f24aad0ed40c9
theo_n,11,2,true,9,13,onchain,500,1,50.505300,1419.344100,1119.130800,1169.636100,6.230900,true,4224,4352,0x098b50423eb1b80e5a7fb520438bb4f17cbf6c9b9e6ebef7938342aa2df694fe,0x067e06c893d9a0e4d6fd53a0046674c8f20bf84f7b70811bf473ffa211d8c6bd
theo_n,11,3,true,9,13,onchain,500,2,66.029100,1419.344100,1253.199700,1319.228800,6.646000,true,4224,4352,0x098b50423eb1b80e5a7fb520438bb4f17cbf6c9b9e6ebef7938342aa2df694fe,0x0b8fe57083cdcc700c57fbcf6933cb725896572c6ab544b6f4d8e1c6ab38f07b
theo_n,11,4,false,9,13,onchain,500,0,60.604700,1419.344100,1272.985000,1333.589700,6.324700,true,4224,4352,0x098b50423eb1b80e5a7fb520438bb4f17cbf6c9b9e6ebef7938342aa2df694fe,0x0908cbf85e088d680fbd39fdb24b3cc3dd4a43f6c03cd816e06f24aad0ed40c9
theo_n,11,5,false,9,13,onchain,500,1,69.249100,1419.344100,1239.021100,1308.270200,5.999200,true,4224,4352,0x098b50423eb1b80e5a7fb520438bb4f17cbf6c9b9e6ebef7938342aa2df694fe,0x067e06c893d9a0e4d6fd53a0046674c8f20bf84f7b70811bf473ffa211d8c6bd
theo_n,11,6,false,9,13,onchain,500,2,65.916400,1419.344100,1198.562800,1264.479200,6.234100,true,4224,4352,0x098b50423eb1b80e5a7fb520438bb4f17cbf6c9b9e6ebef7938342aa2df694fe,0x0b8fe57083cdcc700c57fbcf6933cb725896572c6ab544b6f4d8e1c6ab38f07b
theo_n,11,7,false,9,13,onchain,500,3,62.208000,1419.344100,1231.717200,1293.925200,6.496800,true,4224,4352,0x098b50423eb1b80e5a7fb520438bb4f17cbf6c9b9e6ebef7938342aa2df694fe,0x107c70d191e489c806456c18cf98e286488b248a7e2ac57b6576b30dfade8db2
theo_n,11,8,false,9,13,onchain,500,4,61.960100,1419.344100,1200.772800,1262.732900,6.914800,true,4224,4352,0x098b50423eb1b80e5a7fb520438bb4f17cbf6c9b9e6ebef7938342aa2df694fe,0x0a311bfe27c095e9b61eb94f9bfdc9d5e247dfd2f96271cff3d32612a2e7339a
theo_n,11,9,false,9,13,onchain,500,5,63.221900,1419.344100,1203.020600,1266.242500,6.278600,true,4224,4352,0x098b50423eb1b80e5a7fb520438bb4f17cbf6c9b9e6ebef7938342aa2df694fe,0x18b6e24c33265e51a6ebce655f0c7d8cc56a336e228450d97e77a9ef874404bc
theo_n,11,10,false,9,13,onchain,500,6,61.079200,1419.344100,1217.961800,1279.041000,7.559900,true,4224,4352,0x098b50423eb1b80e5a7fb520438bb4f17cbf6c9b9e6ebef7938342aa2df694fe,0x178454ab459643088f4034d21806282a31eacc6d694df8a91a76f6cadc1e4e05
theo_n,11,11,false,9,13,onchain,500,7,70.334500,1419.344100,1225.521700,1295.856200,7.537000,true,4224,4352,0x098b50423eb1b80e5a7fb520438bb4f17cbf6c9b9e6ebef7938342aa2df694fe,0x156330b35df029b9ac8c5cf74cf1978f087f063d91916404df8a0984916950ac
theo_n,11,12,false,9,13,onchain,500,8,66.065700,1419.344100,1197.421200,1263.486900,7.176500,true,4224,4352,0x098b50423eb1b80e5a7fb520438bb4f17cbf6c9b9e6ebef7938342aa2df694fe,0x15bf766aa145bc49955f4b440b0070cdb1823fdb1a4942a856ae7a53dd251a8a
theo_n,11,13,false,9,13,onchain,500,9,64.377400,1419.344100,1174.097100,1238.474500,6.695000,true,4224,4352,0x098b50423eb1b80e5a7fb520438bb4f17cbf6c9b9e6ebef7938342aa2df694fe,0x145e23340ae3a5c2a8a430e0bd8150939cf9d3336c5a111f39801cc2a9171cea
theo_n,11,14,false,9,13,onchain,500,10,65.255800,1419.344100,1193.516100,1258.771900,6.435500,true,4224,4352,0x098b50423eb1b80e5a7fb520438bb4f17cbf6c9b9e6ebef7938342aa2df694fe,0x19d8b479a4eb2ed56fc544f5f258c142afbc9733ce11579245b90f6471cc5aa2
theo_n,11,15,false,9,13,onchain,500,11,62.700100,1419.344100,1252.879400,1315.579500,7.206400,true,4224,4352,0x098b50423eb1b80e5a7fb520438bb4f17cbf6c9b9e6ebef7938342aa2df694fe,0x17115cce247ab17833ce4f971544dcf98cba44f30ac3caa2b60573600696808c
theo_n,11,16,false,9,13,onchain,500,12,64.624600,1419.344100,1266.890400,1331.515000,7.115800,true,4224,4352,0x098b50423eb1b80e5a7fb520438bb4f17cbf6c9b9e6ebef7938342aa2df694fe,0x12f7111f7f65e737c4608f3f8cffc3dea6a29e14af7ddcba52cac254304ecd23
theo_n,11,17,false,9,13,onchain,500,13,63.989800,1419.344100,1175.079600,1239.069400,6.261800,true,4224,4352,0x098b50423eb1b80e5a7fb520438bb4f17cbf6c9b9e6ebef7938342aa2df694fe,0x146554373ef67f5de307538cfcb7e62015f4c7d7791f0be35f5897031ab12a59
theo_n,11,18,false,9,13,onchain,500,14,70.389800,1419.344100,1196.773800,1267.163600,7.143500,true,4224,4352,0x098b50423eb1b80e5a7fb520438bb4f17cbf6c9b9e6ebef7938342aa2df694fe,0x298177b133ab3f68a2e47c6d74787973892a7540de8dcd16ae80701b4d1a19b5
theo_n,11,19,false,9,13,onchain,500,15,67.311000,1419.344100,1189.462700,1256.773700,6.233100,true,4224,4352,0x098b50423eb1b80e5a7fb520438bb4f17cbf6c9b9e6ebef7938342aa2df694fe,0x290f20350f10923907c139526a8eeb150f99e2573a16d6916fe0f769c993f49a
theo_n,11,20,false,9,13,onchain,500,16,74.207400,1419.344100,1312.762900,1386.970300,7.345500,true,4224,4352,0x098b50423eb1b80e5a7fb520438bb4f17cbf6c9b9e6ebef7938342aa2df694fe,0x171e66512384a041ca6a5f708a5b4fdda9cf24ab176412c6f6900afc3c6dedb8
theo_n,11,21,false,9,13,onchain,500,17,66.258400,1419.344100,1194.917600,1261.176000,6.392400,true,4224,4352,0x098b50423eb1b80e5a7fb520438bb4f17cbf6c9b9e6ebef7938342aa2df694fe,0x1be2fe80e5029582e3f6e62f4cb2a84d401feee79f16b335d0bc369a395a0853
theo_n,11,22,false,9,13,onchain,500,18,61.896800,1419.344100,1207.246000,1269.142800,6.047900,true,4224,4352,0x098b50423eb1b80e5a7fb520438bb4f17cbf6c9b9e6ebef7938342aa2df694fe,0x0bb978d615ff4f194a9934af270a428732e8174c4311c8beb31d4e0bbabbc0bc
theo_n,11,23,false,9,13,onchain,500,19,64.062200,1419.344100,1276.566000,1340.628200,6.776000,true,4224,4352,0x098b50423eb1b80e5a7fb520438bb4f17cbf6c9b9e6ebef7938342aa2df694fe,0x04726770464b2bff8da321b67038b812b34fa5fa5cdf99f1314cba8589a165bc
theo_n,11,24,false,9,13,onchain,500,20,67.890300,1419.344100,1236.917500,1304.807800,6.368000,true,4224,4352,0x098b50423eb1b80e5a7fb520438bb4f17cbf6c9b9e6ebef7938342aa2df694fe,0x03d6f9ca63a41aff3fb9a8fc838ab1ed3ceedc7c249c5dc4c19d5955e351be13
theo_n,11,25,false,9,13,onchain,500,21,69.472400,1419.344100,1214.327000,1283.799400,5.901100,true,4224,4352,0x098b50423eb1b80e5a7fb520438bb4f17cbf6c9b9e6ebef7938342aa2df694fe,0x1686fa19ed842d8106f86663fe6e6888a8bfb3e985dcfd2bb1db169ffcda5da5
theo_n,11,26,false,9,13,onchain,500,22,64.367000,1419.344100,1213.506900,1277.873900,7.049900,true,4224,4352,0x098b50423eb1b80e5a7fb520438bb4f17cbf6c9b9e6ebef7938342aa2df694fe,0x23e82ec09d717b107d77dc26eb5dc265ea1fc45985e29b8cc3cb17430ff24a0c
theo_n,11,27,false,9,13,onchain,500,23,69.489600,1419.344100,1209.970500,1279.460100,6.941900,true,4224,4352,0x098b50423eb1b80e5a7fb520438bb4f17cbf6c9b9e6ebef7938342aa2df694fe,0x10b3bd195947d421c2d2b26290f8c337fd0828e5148886d256cae19c30dd3457
theo_n,11,28,false,9,13,onchain,500,24,65.564900,1419.344100,1179.861200,1245.426100,6.135100,true,4224,4352,0x098b50423eb1b80e5a7fb520438bb4f17cbf6c9b9e6ebef7938342aa2df694fe,0x2a99ad2dc4636645cb03a3f8cddbcf89d41b4a9e486facca27dfee54675abb9c
theo_n,11,29,false,9,13,onchain,500,25,60.729400,1419.344100,1200.106900,1260.836300,7.322300,true,4224,4352,0x098b50423eb1b80e5a7fb520438bb4f17cbf6c9b9e6ebef7938342aa2df694fe,0x1cd40d323ccd0838cfec775d1003317bf356cafeaba2b700c3af3c61def30fca
theo_n,11,30,false,9,13,onchain,500,26,54.251900,1419.344100,1201.529200,1255.781100,7.206200,true,4224,4352,0x098b50423eb1b80e5a7fb520438bb4f17cbf6c9b9e6ebef7938342aa2df694fe,0x2eb42444691d4d15abfb91e44bb63be709bec40b9e54f4360f24d4480534af10
theo_n,11,31,false,9,13,onchain,500,27,63.482200,1419.344100,1223.956100,1287.438300,6.353300,true,4224,4352,0x098b50423eb1b80e5a7fb520438bb4f17cbf6c9b9e6ebef7938342aa2df694fe,0x2c174593cceb5f490ba8f6ba09cd052e5c25a821a271f28bc1a25fe480d609d8
theo_n,11,32,false,9,13,onchain,500,28,74.987000,1419.344100,1282.254500,1357.241500,6.166300,true,4224,4352,0x098b50423eb1b80e5a7fb520438bb4f17cbf6c9b9e6ebef7938342aa2df694fe,0x23665977a843f888d72d4f179e9f9d837be558853b6806d1436951fa322c1221
theo_n,11,33,false,9,13,onchain,500,29,67.479400,1419.344100,1213.046800,1280.526200,6.902000,true,4224,4352,0x098b50423eb1b80e5a7fb520438bb4f17cbf6c9b9e6ebef7938342aa2df694fe,0x1784bc5a44d0a6e7b87bdd0fd4e563361f98a6aa39b7964e0907b239a38b84e7
theo_n,11,34,false,9,13,onchain,500,30,66.769200,1419.344100,1210.805800,1277.575000,6.001700,true,4224,4352,0x098b50423eb1b80e5a7fb520438bb4f17cbf6c9b9e6ebef7938342aa2df694fe,0x202c4e9e6402e7f390a4ab85d1370541fe76c37421ce3a51ac5805c4b24b6da9
theo_n,11,35,false,9,13,onchain,500,31,61.651300,1419.344100,1233.302900,1294.954200,6.719700,true,4224,4352,0x098b50423eb1b80e5a7fb520438bb4f17cbf6c9b9e6ebef7938342aa2df694fe,0x26ac62095e0835f5045ef0c786313c5c49c66bfa9a9c59a9176a5e55ca7e0d2f
theo_n,11,36,false,9,13,onchain,500,32,64.833800,1419.344100,1302.533200,1367.367000,6.115500,true,4224,4352,0x098b50423eb1b80e5a7fb520438bb4f17cbf6c9b9e6ebef7938342aa2df694fe,0x0999d39078de7333e04118695737bc5efd57941984dd9136fc1c1b2063a26adc
theo_n,11,37,false,9,13,onchain,500,33,59.680300,1419.344100,1231.770000,1291.450300,7.563200,true,4224,4352,0x098b50423eb1b80e5a7fb520438bb4f17cbf6c9b9e6ebef7938342aa2df694fe,0x21595eb5cbf9542bc3565fb23a44f93e50797512cb2156aa0f1bf0cccd52959e
theo_n,11,38,false,9,13,onchain,500,34,66.690000,1419.344100,1225.425800,1292.115800,6.190700,true,4224,4352,0x098b50423eb1b80e5a7fb520438bb4f17cbf6c9b9e6ebef7938342aa2df694fe,0x25c79e1b2c8e7e076990cd6c719d9fad9068d6cd9b911cb567af007fd9ae9012
theo_n,11,39,false,9,13,onchain,500,35,60.577200,1419.344100,1236.383000,1296.960200,7.973600,true,4224,4352,0x098b50423eb1b80e5a7fb520438bb4f17cbf6c9b9e6ebef7938342aa2df694fe,0x12b71401342adb56754a25ca9b90161c500f6d1db94481a55ff459a7aebc3185
theo_n,11,40,false,9,13,onchain,500,36,70.517300,1419.344100,1565.425300,1635.942600,7.981600,true,4224,4352,0x098b50423eb1b80e5a7fb520438bb4f17cbf6c9b9e6ebef7938342aa2df694fe,0x1bf1c17e9fed35f18ad1a97d36860e5c49872e06811178e1de9764c9d878dc29
theo_n,11,41,false,9,13,onchain,500,37,69.436000,1419.344100,1301.668900,1371.104900,6.324800,true,4224,4352,0x098b50423eb1b80e5a7fb520438bb4f17cbf6c9b9e6ebef7938342aa2df694fe,0x2b638435867637f2946659187916cd17968a726d781e30c6e61925210b314d02
theo_n,11,42,false,9,13,onchain,500,38,72.986800,1419.344100,1389.542100,1462.528900,7.636900,true,4224,4352,0x098b50423eb1b80e5a7fb520438bb4f17cbf6c9b9e6ebef7938342aa2df694fe,0x2bdbfab8d0294126af14982e1000d41a61e11326b0ce247a7116adeeea7985cd
theo_n,11,43,false,9,13,onchain,500,39,64.574400,1419.344100,1303.678800,1368.253200,7.353700,true,4224,4352,0x098b50423eb1b80e5a7fb520438bb4f17cbf6c9b9e6ebef7938342aa2df694fe,0x0aa7bf1d39d93e1954ce66d9858d1198e0ad921a4df6c1181b1ce905784fe958
theo_n,11,44,false,9,13,onchain,500,40,74.369900,1419.344100,1205.320400,1279.690300,7.041800,true,4224,4352,0x098b50423eb1b80e5a7fb520438bb4f17cbf6c9b9e6ebef7938342aa2df694fe,0x10de1e3d29876f4850189c984ae73d9c11ce68b86aadc32cf461c98d54d62d23
theo_n,11,45,false,9,13,onchain,500,41,65.248900,1419.344100,1211.917900,1277.166800,6.064300,true,4224,4352,0x098b50423eb1b80e5a7fb520438bb4f17cbf6c9b9e6ebef7938342aa2df694fe,0x1edba77fec60aecefcfe1abd4e72068fd9fb6184a89b43f5c3dc9a00069d74e2
theo_n,11,46,false,9,13,onchain,500,42,55.508300,1419.344100,1222.476100,1277.984400,5.576700,true,4224,4352,0x098b50423eb1b80e5a7fb520438bb4f17cbf6c9b9e6ebef7938342aa2df694fe,0x15c8ab0ca8377161a0b8ea56ed9e3ae382863e927a1324317f9fa192d6188e2e
theo_n,11,47,false,9,13,onchain,500,43,61.735900,1419.344100,1271.501900,1333.237800,6.176700,true,4224,4352,0x098b50423eb1b80e5a7fb520438bb4f17cbf6c9b9e6ebef7938342aa2df694fe,0x13eb1c80471a2c64b0c27128ce601b8439e0852909edea7c2fa01c5a8b0cd2a8
theo_n,11,48,false,9,13,onchain,500,44,69.139000,1419.344100,1175.798300,1244.937300,7.363300,true,4224,4352,0x098b50423eb1b80e5a7fb520438bb4f17cbf6c9b9e6ebef7938342aa2df694fe,0x0231eb71e8795c4c4a35fb9db7f9d3c70fcb8e6537017b7c23770e27edb17c26
theo_n,11,49,false,9,13,onchain,500,45,67.194800,1419.344100,1299.566300,1366.761100,6.168300,true,4224,4352,0x098b50423eb1b80e5a7fb520438bb4f17cbf6c9b9e6ebef7938342aa2df694fe,0x14bfb435acb7a5d37e0d29a9b6051229ed7acd9fdfc1de220c0337ce6f0f4ed8
theo_n,11,50,false,9,13,onchain,500,46,75.972600,1419.344100,1208.449800,1284.422400,6.275900,true,4224,4352,0x098b50423eb1b80e5a7fb520438bb4f17cbf6c9b9e6ebef7938342aa2df694fe,0x0d91e737b2843fdf5a8d1394de46dfa3fe679927773f55ff934b561adb0b7fff
theo_n,11,51,false,9,13,onchain,500,47,68.672400,1419.344100,1223.082100,1291.754500,6.625800,true,4224,4352,0x098b50423eb1b80e5a7fb520438bb4f17cbf6c9b9e6ebef7938342aa2df694fe,0x26954244b4ec45232f6c53427aaae47d6f1e18e481e8b23526e02555df48c1df
theo_n,11,52,false,9,13,onchain,500,48,64.215100,1419.344100,1194.609100,1258.824200,6.708600,true,4224,4352,0x098b50423eb1b80e5a7fb520438bb4f17cbf6c9b9e6ebef7938342aa2df694fe,0x239708d53c07d61009f55c15e879487da0622eab4cc30d66f7bca4dbc4bfe44d
theo_n,11,53,false,9,13,onchain,500,49,64.232500,1419.344100,1221.759900,1285.992400,6.004100,true,4224,4352,0x098b50423eb1b80e5a7fb520438bb4f17cbf6c9b9e6ebef7938342aa2df694fe,0x163233172054b52f81b9f891e2f9d5105c71e0adba76e509daa09013f949b0aa
theo_n,11,54,false,9,13,onchain,500,50,55.204400,1419.344100,1210.354200,1265.558600,7.185300,true,4224,4352,0x098b50423eb1b80e5a7fb520438bb4f17cbf6c9b9e6ebef7938342aa2df694fe,0x29f882fd660b6a26a77c96e53e736aaae7aec2dcd44d93124440e2b9b84b4a38
theo_n,11,55,false,9,13,onchain,500,51,67.515900,1419.344100,1188.926000,1256.441900,6.204900,true,4224,4352,0x098b50423eb1b80e5a7fb520438bb4f17cbf6c9b9e6ebef7938342aa2df694fe,0x27e66d84b49036dd0865b9da04321eba233102d93a56847b997b2096cfc0e219
theo_n,11,56,false,9,13,onchain,500,52,66.992900,1419.344100,1228.495400,1295.488300,6.016500,true,4224,4352,0x098b50423eb1b80e5a7fb520438bb4f17cbf6c9b9e6ebef7938342aa2df694fe,0x041c6acccd0de4874fa535b4423d4a3ab728697b23310712e0d2d3f10927164d
theo_n,11,57,false,9,13,onchain,500,53,60.815800,1419.344100,1238.516100,1299.331900,7.645400,true,4224,4352,0x098b50423eb1b80e5a7fb520438bb4f17cbf6c9b9e6ebef7938342aa2df694fe,0x1d11e9b323790b3c05df4d5364a35721616441c63f76b36a5b739e880f8fc03c
theo_n,11,58,false,9,13,onchain,500,54,73.220200,1419.344100,1231.840400,1305.060600,7.461700,true,4224,4352,0x098b50423eb1b80e5a7fb520438bb4f17cbf6c9b9e6ebef7938342aa2df694fe,0x19ed930667ae813189bbaa0641e03f632bed382b9631862cf170dc2cfb08f703
theo_n,11,59,false,9,13,onchain,500,55,65.265900,1419.344100,1206.271600,1271.537500,7.233800,true,4224,4352,0x098b50423eb1b80e5a7fb520438bb4f17cbf6c9b9e6ebef7938342aa2df694fe,0x286f63b2d20d219a578976c21ed9f8396a9370eb76c1692333fb49e9ffe5eddd
theo_n,11,60,false,9,13,onchain,500,56,62.215400,1419.344100,1269.422200,1331.637600,5.999600,true,4224,4352,0x098b50423eb1b80e5a7fb520438bb4f17cbf6c9b9e6ebef7938342aa2df694fe,0x1f99a065f3bb98ea5433e6d81e6e27387fc8c025edc841fddcff3cbf77e66024
theo_n,11,61,false,9,13,onchain,500,57,66.370500,1419.344100,1200.910900,1267.281400,5.569200,true,4224,4352,0x098b50423eb1b80e5a7fb520438bb4f17cbf6c9b9e6ebef7938342aa2df694fe,0x1feb6f0f68700be050d5e26dfd63e880937685b79efab2b075ec055912a4f5ae
theo_n,11,62,false,9,13,onchain,500,58,63.540000,1419.344100,1225.576400,1289.116400,6.705200,true,4224,4352,0x098b50423eb1b80e5a7fb520438bb4f17cbf6c9b9e6ebef7938342aa2df694fe,0x0e6c34dbfd1473a1ae9710c16b88cac448410f09637490e3123197c34790a183
theo_n,11,63,false,9,13,onchain,500,59,57.707900,1419.344100,1221.659600,1279.367500,6.813100,true,4224,4352,0x098b50423eb1b80e5a7fb520438bb4f17cbf6c9b9e6ebef7938342aa2df694fe,0x0bb2842f8a6e91c04573162fc7601b567d7df6749d60979ba332d7b78c328f8d
theo_n,11,64,false,9,13,onchain,500,60,69.769400,1419.344100,1226.311200,1296.080600,6.469300,true,4224,4352,0x098b50423eb1b80e5a7fb520438bb4f17cbf6c9b9e6ebef7938342aa2df694fe,0x0a7220125db4c9fae9b66dda6e019f9ebbe630298376fe4b51a071b6eb9ddbcf
theo_n,11,65,false,9,13,onchain,500,61,67.072800,1419.344100,1263.327400,1330.400200,6.460600,true,4224,4352,0x098b50423eb1b80e5a7fb520438bb4f17cbf6c9b9e6ebef7938342aa2df694fe,0x1abe534db0df466d693bdbb58e2e3330a7c9ce60678dcecd580bfa34a5604850
theo_n,11,66,false,9,13,onchain,500,62,86.321000,1419.344100,1335.424200,1421.745200,6.196500,true,4224,4352,0x098b50423eb1b80e5a7fb520438bb4f17cbf6c9b9e6ebef7938342aa2df694fe,0x12cd93c7fe1e9691bc34c1a151550f01178da157b91296de0279ba930f04a680
theo_n,11,67,false,9,13,onchain,500,63,64.916600,1419.344100,1200.069900,1264.986500,6.992400,true,4224,4352,0x098b50423eb1b80e5a7fb520438bb4f17cbf6c9b9e6ebef7938342aa2df694fe,0x1efdb02da48822560ee87f9d18dd45890f200b5829646129246afe143791a5ee
theo_n,11,68,false,9,13,onchain,500,64,66.203200,1419.344100,1254.062800,1320.266000,7.616800,true,4224,4352,0x098b50423eb1b80e5a7fb520438bb4f17cbf6c9b9e6ebef7938342aa2df694fe,0x18bcb575879217dd771bf3fd110accc154f81eb964db696503ddc5cc982414f3
theo_n,11,69,false,9,13,onchain,500,65,67.621800,1419.344100,1185.548300,1253.170100,6.906200,true,4224,4352,0x098b50423eb1b80e5a7fb520438bb4f17cbf6c9b9e6ebef7938342aa2df694fe,0x2e969f3908c8262e7c1ef3c63699dc0ca68c5ea634b5f0732921ce9452c32843
theo_n,11,70,false,9,13,onchain,500,66,67.792900,1419.344100,1216.005200,1283.798100,6.767500,true,4224,4352,0x098b50423eb1b80e5a7fb520438bb4f17cbf6c9b9e6ebef7938342aa2df694fe,0x0088ab77acbdc069cfc9f633fed7cecb143790696b76586df6ef40df2b60952c
theo_n,11,71,false,9,13,onchain,500,67,64.479800,1419.344100,1235.495600,1299.975400,5.939800,true,4224,4352,0x098b50423eb1b80e5a7fb520438bb4f17cbf6c9b9e6ebef7938342aa2df694fe,0x19266272248a559ab8943ba2d8258af531fe630f833f9241fd43a9bd449ed3a7
theo_n,11,72,false,9,13,onchain,500,68,65.175700,1419.344100,1313.407500,1378.583200,6.907800,true,4224,4352,0x098b50423eb1b80e5a7fb520438bb4f17cbf6c9b9e6ebef7938342aa2df694fe,0x215eaf1d8e79c9ef4d076f165a4f634ca98f0f5ed28e045b617a86326162e4a2
theo_n,11,73,false,9,13,onchain,500,69,52.255000,1419.344100,1247.031800,1299.286800,7.807000,true,4224,4352,0x098b50423eb1b80e5a7fb520438bb4f17cbf6c9b9e6ebef7938342aa2df694fe,0x0a7e4f05953ca3db4ac4061d27149a86e58e25f8abe9700123d4376accf763bf
theo_n,11,74,false,9,13,onchain,500,70,65.845800,1419.344100,1211.882000,1277.727800,6.369000,true,4224,4352,0x098b50423eb1b80e5a7fb520438bb4f17cbf6c9b9e6ebef7938342aa2df694fe,0x08605ab6f0ea9feaba6887ea78431d2492628dfd59a10292fc7afe5ea2e8eece
theo_n,11,75,false,9,13,onchain,500,71,57.767900,1419.344100,1208.594700,1266.362600,6.788500,true,4224,4352,0x098b50423eb1b80e5a7fb520438bb4f17cbf6c9b9e6ebef7938342aa2df694fe,0x26d317fe0299e077054be278d1f0d21206ca9c25bef0abf439a346026c390dfa
theo_n,11,76,false,9,13,onchain,500,72,64.397200,1419.344100,1192.884000,1257.281200,7.967300,true,4224,4352,0x098b50423eb1b80e5a7fb520438bb4f17cbf6c9b9e6ebef7938342aa2df694fe,0x25af9ec4cff748dbaf0976a3ff1188e5b628546f7f4f5b9db9eaa477462f7869
theo_n,11,77,false,9,13,onchain,500,73,66.019700,1419.344100,1175.324300,1241.344000,7.690000,true,4224,4352,0x098b50423eb1b80e5a7fb520438bb4f17cbf6c9b9e6ebef7938342aa2df694fe,0x01fb960b8f1b5d34b7f4749defb02b514c03bec096b79a9bc37ebfdeec741f2b
theo_n,11,78,false,9,13,onchain,500,74,65.718000,1419.344100,1192.557200,1258.275200,6.350900,true,4224,4352,0x098b50423eb1b80e5a7fb520438bb4f17cbf6c9b9e6ebef7938342aa2df694fe,0x12e08ec57ab72cecc7a3924708902cc02c89942a36fdb660beb16561ed7ef5ce
theo_n,11,79,false,9,13,onchain,500,75,62.978900,1419.344100,1200.852200,1263.831100,7.155000,true,4224,4352,0x098b50423eb1b80e5a7fb520438bb4f17cbf6c9b9e6ebef7938342aa2df694fe,0x16a729a31e033516db4de85c7111097269183918aa98a399cfd2eabaf4bc6545
theo_n,11,80,false,9,13,onchain,500,76,65.701800,1419.344100,1185.170300,1250.872100,6.408100,true,4224,4352,0x098b50423eb1b80e5a7fb520438bb4f17cbf6c9b9e6ebef7938342aa2df694fe,0x0d453d4335fb2a5c16d11d4240b1166d98908cce0ead0250abff97a9868aecc8
theo_n,11,81,false,9,13,onchain,500,77,54.366400,1419.344100,1179.136400,1233.502800,6.141500,true,4224,4352,0x098b50423eb1b80e5a7fb520438bb4f17cbf6c9b9e6ebef7938342aa2df694fe,0x0d4fb35507c4725529bee562d7875325d2200194fbe8fd2e917d6dd1cc23fdc2
theo_n,11,82,false,9,13,onchain,500,78,63.546100,1419.344100,1170.730100,1234.276200,6.402800,true,4224,4352,0x098b50423eb1b80e5a7fb520438bb4f17cbf6c9b9e6ebef7938342aa2df694fe,0x18fd75dcd068156962b7472b26d5764df5f027a7dc6aba38d75ff522addddc25
theo_n,11,83,false,9,13,onchain,500,79,60.280800,1419.344100,1187.494400,1247.775200,7.244700,true,4224,4352,0x098b50423eb1b80e5a7fb520438bb4f17cbf6c9b9e6ebef7938342aa2df694fe,0x2be77b57647a6b10a55e242f74a9ccf7e4785095dad898a23c39c7449a8a7c0c
theo_n,11,84,false,9,13,onchain,500,80,68.989900,1419.344100,1167.097700,1236.087600,7.443700,true,4224,4352,0x098b50423eb1b80e5a7fb520438bb4f17cbf6c9b9e6ebef7938342aa2df694fe,0x0d9b8e94306ca021ecb938f5026044a99fb2903e768e0b859c6cb7f74c89ada6
theo_n,11,85,false,9,13,onchain,500,81,65.370300,1419.344100,1189.105400,1254.475700,6.357000,true,4224,4352,0x098b50423eb1b80e5a7fb520438bb4f17cbf6c9b9e6ebef7938342aa2df694fe,0x06c0b3f5ffd3b8544f72e020c2ffde1c8399e0f7b3f5c2c98ef2d41a5b6d2a0a
theo_n,11,86,false,9,13,onchain,500,82,63.471200,1419.344100,1162.815200,1226.286400,6.470400,true,4224,4352,0x098b50423eb1b80e5a7fb520438bb4f17cbf6c9b9e6ebef7938342aa2df694fe,0x0fcde5acfb3565955df8385342e3d172fc5e4376c643a3cb46cf9cada75b9277
theo_n,11,87,false,9,13,onchain,500,83,64.904300,1419.344100,1156.079300,1220.983600,6.040500,true,4224,4352,0x098b50423eb1b80e5a7fb520438bb4f17cbf6c9b9e6ebef7938342aa2df694fe,0x15051a287f47c76ed7d2269998aa47f5381185b04d9f51445c39087cd8ed01de
theo_n,11,88,false,9,13,onchain,500,84,65.868900,1419.344100,1134.295500,1200.164400,6.885700,true,4224,4352,0x098b50423eb1b80e5a7fb520438bb4f17cbf6c9b9e6ebef7938342aa2df694fe,0x0f7765a835070e4481f45e0827e06270383d6f9cdbd4196f283b338b9a4e3238
theo_n,11,89,false,9,13,onchain,500,85,66.295900,1419.344100,1157.217700,1223.513600,5.284100,true,4224,4352,0x098b50423eb1b80e5a7fb520438bb4f17cbf6c9b9e6ebef7938342aa2df694fe,0x2b62ea88645121b88157ac06e4e3f9c3178df965566ae6496a8d6c6bb96fbded
theo_n,11,90,false,9,13,onchain,500,86,63.498000,1419.344100,1164.397900,1227.895900,6.346700,true,4224,4352,0x098b50423eb1b80e5a7fb520438bb4f17cbf6c9b9e6ebef7938342aa2df694fe,0x2dd46823e0fa0e639cbb8cc928ec221105d0d9a65c31b716e52a5a52adfcfb95
theo_n,11,91,false,9,13,onchain,500,87,65.895400,1419.344100,1168.457300,1234.352700,6.304900,true,4224,4352,0x098b50423eb1b80e5a7fb520438bb4f17cbf6c9b9e6ebef7938342aa2df694fe,0x28a7f749444fc4fb853eeff2d8b65c7a41abfea333797977a42f9f84eb0ea79b
theo_n,11,92,false,9,13,onchain,500,88,67.702700,1419.344100,1172.845600,1240.548300,6.484100,true,4224,4352,0x098b50423eb1b80e5a7fb520438bb4f17cbf6c9b9e6ebef7938342aa2df694fe,0x1990851d8f9a1f34328e760b34b2c549764ca2e1557dde4c5f189c4e168cd5f9
theo_n,11,93,false,9,13,onchain,500,89,66.760800,1419.344100,1151.874100,1218.634900,6.231400,true,4224,4352,0x098b50423eb1b80e5a7fb520438bb4f17cbf6c9b9e6ebef7938342aa2df694fe,0x2b8d45422864217488a84b2c5d353db89cdf51b5bee10eb545baef4f7381330f
theo_n,11,94,false,9,13,onchain,500,90,55.780000,1419.344100,1154.179700,1209.959700,6.885900,true,4224,4352,0x098b50423eb1b80e5a7fb520438bb4f17cbf6c9b9e6ebef7938342aa2df694fe,0x00f12dbe894fc42bbde3b356e7868f42f5a9a342cfd632ff464f8fcf9e57333b
theo_n,11,95,false,9,13,onchain,500,91,65.142600,1419.344100,1174.595100,1239.737700,7.135400,true,4224,4352,0x098b50423eb1b80e5a7fb520438bb4f17cbf6c9b9e6ebef7938342aa2df694fe,0x1ec83bfd5f380ef673a5af89e992e0d01715ca7d7f2967cc8316c40bb09163a9
theo_n,11,96,false,9,13,onchain,500,92,39.359400,1419.344100,1160.897300,1200.256700,6.930800,true,4224,4352,0x098b50423eb1b80e5a7fb520438bb4f17cbf6c9b9e6ebef7938342aa2df694fe,0x0b07c8f3f557a462c6ef632caabdcf5fc3bf382ff18dfe46aae0dadaedd5a8d2
theo_n,11,97,false,9,13,onchain,500,93,62.677200,1419.344100,1139.391500,1202.068700,6.445400,true,4224,4352,0x098b50423eb1b80e5a7fb520438bb4f17cbf6c9b9e6ebef7938342aa2df694fe,0x0d315137502a0bf670e5c74c46603131659987d14b09d74da3c36de13a608b07
theo_n,11,98,false,9,13,onchain,500,94,66.624600,1419.344100,1143.635400,1210.260000,5.814900,true,4224,4352,0x098b50423eb1b80e5a7fb520438bb4f17cbf6c9b9e6ebef7938342aa2df694fe,0x2d7c0a2bf3f877b4301edfbb51e2b35bd3c86cfe1d1a492eb454d060ae7778f1
theo_n,11,99,false,9,13,onchain,500,95,62.335500,1419.344100,1135.687000,1198.022500,6.588500,true,4224,4352,0x098b50423eb1b80e5a7fb520438bb4f17cbf6c9b9e6ebef7938342aa2df694fe,0x08d69a87c1f599104a063e0894e7eb48d057bdabc16119b7d07547d35fa7c8a5
theo_n,11,100,false,9,13,onchain,500,96,61.146700,1419.344100,1168.359700,1229.506400,6.432000,true,4224,4352,0x098b50423eb1b80e5a7fb520438bb4f17cbf6c9b9e6ebef7938342aa2df694fe,0x1c7df0827e1080ee71d950a409a18e1518a5e3bce2da8c0ce1b24094d4994b6b
theo_n,11,101,false,9,13,onchain,500,97,60.211700,1419.344100,1157.616000,1217.827700,6.892700,true,4224,4352,0x098b50423eb1b80e5a7fb520438bb4f17cbf6c9b9e6ebef7938342aa2df694fe,0x2d58a42d5d1cc2791453aaa1b78a1d4086dc79c5bae4a72518c26d1eeeaf480a
theo_n,11,102,false,9,13,onchain,500,98,66.733600,1419.344100,1169.207200,1235.940800,6.268900,true,4224,4352,0x098b50423eb1b80e5a7fb520438bb4f17cbf6c9b9e6ebef7938342aa2df694fe,0x082328b47921926c3d45725c3c54adb91798ae45bbee77c57c13c78a0e127537
theo_n,11,103,false,9,13,onchain,500,99,64.847600,1419.344100,1137.429800,1202.277400,5.995600,true,4224,4352,0x098b50423eb1b80e5a7fb520438bb4f17cbf6c9b9e6ebef7938342aa2df694fe,0x0346d298ca5e9ba5bc6d3e3e2e13cc63e6e4d14e53981e988e66eb8d5b87aed3
theo_n,11,104,false,9,13,onchain,500,100,60.234600,1419.344100,1178.632400,1238.867000,6.378700,true,4224,4352,0x098b50423eb1b80e5a7fb520438bb4f17cbf6c9b9e6ebef7938342aa2df694fe,0x280a714b2978fcf5aba174c93ac09d948715115992029fdb917fd8374ab986bd
theo_n,11,105,false,9,13,onchain,500,101,61.323500,1419.344100,1173.748000,1235.071500,6.175300,true,4224,4352,0x098b50423eb1b80e5a7fb520438bb4f17cbf6c9b9e6ebef7938342aa2df694fe,0x085cb394d60f01c45b060e3655b9680d97304f6337b86fda09f0335513c0eaf0
theo_n,11,106,false,9,13,onchain,500,102,64.671000,1419.344100,1170.741100,1235.412100,7.446600,true,4224,4352,0x098b50423eb1b80e5a7fb520438bb4f17cbf6c9b9e6ebef7938342aa2df694fe,0x1527c5d2d9c656f6144be711876760da3a61cf05ed9e544600be5f4b9cfe074d
theo_n,11,107,false,9,13,onchain,500,103,64.572300,1419.344100,1138.651900,1203.224200,5.877600,true,4224,4352,0x098b50423eb1b80e5a7fb520438bb4f17cbf6c9b9e6ebef7938342aa2df694fe,0x1eaec94c680ac2a6a85aa250ddf4cb5bd7a659b00b78f4b6b7c75044fad7d3bd
theo_n,11,108,false,9,13,onchain,500,104,61.075200,1419.344100,1177.688600,1238.763800,9.098500,true,4224,4352,0x098b50423eb1b80e5a7fb520438bb4f17cbf6c9b9e6ebef7938342aa2df694fe,0x15d2afc485db584720f32f6198068e75f1168528ba496590a1980e0f1b270985
theo_n,11,109,false,9,13,onchain,500,105,61.112100,1419.344100,1172.020400,1233.132500,6.046600,true,4224,4352,0x098b50423eb1b80e5a7fb520438bb4f17cbf6c9b9e6ebef7938342aa2df694fe,0x1a5da863997d24b5471d5d5e81070d3959dae8e5b754f8c0c15c3465fc18ca97
theo_n,11,110,false,9,13,onchain,500,106,66.066400,1419.344100,1176.288300,1242.354700,6.104800,true,4224,4352,0x098b50423eb1b80e5a7fb520438bb4f17cbf6c9b9e6ebef7938342aa2df694fe,0x273edd203800914995c38c0f86697eebec9b5fe5bbf24f7e1a8008a29448420f
theo_n,11,111,false,9,13,onchain,500,107,64.279300,1419.344100,1187.430500,1251.709800,6.354800,true,4224,4352,0x098b50423eb1b80e5a7fb520438bb4f17cbf6c9b9e6ebef7938342aa2df694fe,0x2d0b9fe4e87166878564917f8414cfbd31d9faba6cd878a9cbf85c615976b56f
theo_n,11,112,false,9,13,onchain,500,108,58.140300,1419.344100,1180.488800,1238.629100,6.512500,true,4224,4352,0x098b50423eb1b80e5a7fb520438bb4f17cbf6c9b9e6ebef7938342aa2df694fe,0x132230c786a10fd367e92c57fe0adc7480c4617b2bfbe878a0401dfb1b72cb4f
theo_n,11,113,false,9,13,onchain,500,109,66.833200,1419.344100,1290.488500,1357.321700,7.012200,true,4224,4352,0x098b50423eb1b80e5a7fb520438bb4f17cbf6c9b9e6ebef7938342aa2df694fe,0x16cd25f623714f4f1b7065482e340f09ca465af9ebcce54ad72bdc27f48342df
theo_n,11,114,false,9,13,onchain,500,110,65.632500,1419.344100,1180.760700,1246.393200,6.263700,true,4224,4352,0x098b50423eb1b80e5a7fb520438bb4f17cbf6c9b9e6ebef7938342aa2df694fe,0x1bd2861c2b226ae17de48461808c1065c0f1c05fbd72069529891146436c9b34
theo_n,11,115,false,9,13,onchain,500,111,61.266700,1419.344100,1151.029600,1212.296300,5.986500,true,4224,4352,0x098b50423eb1b80e5a7fb520438bb4f17cbf6c9b9e6ebef7938342aa2df694fe,0x0fae658cab7c5225312015aba3241828f57834001837fa9b2ba7a8dea2a5c6cf
theo_n,11,116,false,9,13,onchain,500,112,59.872000,1419.344100,1228.211600,1288.083600,5.636700,true,4224,4352,0x098b50423eb1b80e5a7fb520438bb4f17cbf6c9b9e6ebef7938342aa2df694fe,0x1c5bd298c59b7b24b1802fdfa7c5e831f068f3b3f82ee84667b05d2945f3246e
theo_n,11,117,false,9,13,onchain,500,113,63.747300,1419.344100,1269.158700,1332.906000,8.898500,true,4224,4352,0x098b50423eb1b80e5a7fb520438bb4f17cbf6c9b9e6ebef7938342aa2df694fe,0x2c99a20b86bdb461dd0a77ef1c3714daeaca35a1b808a8abba086b86b93557ce
theo_n,11,118,false,9,13,onchain,500,114,84.885500,1419.344100,1335.223700,1420.109200,6.142000,true,4224,4352,0x098b50423eb1b80e5a7fb520438bb4f17cbf6c9b9e6ebef7938342aa2df694fe,0x25fd20ab6e32c5e8688735c9a2a6f33777a1d050634219f0b002c81ced1c7b5e
theo_n,11,119,false,9,13,onchain,500,115,63.718400,1419.344100,1177.796100,1241.514500,7.701800,true,4224,4352,0x098b50423eb1b80e5a7fb520438bb4f17cbf6c9b9e6ebef7938342aa2df694fe,0x291280af54056c2cd9ad444ad2cdf0658fbdf5cdf12638e6ee2b4eb312a06144
theo_n,11,120,false,9,13,onchain,500,116,67.978800,1419.344100,1201.770700,1269.749500,6.817200,true,4224,4352,0x098b50423eb1b80e5a7fb520438bb4f17cbf6c9b9e6ebef7938342aa2df694fe,0x062716b8ca7b91cefd14777688e1184a74ef6e5c5b6b65936db29c147c43227e
theo_n,11,121,false,9,13,onchain,500,117,66.661300,1419.344100,1195.041400,1261.702700,6.084000,true,4224,4352,0x098b50423eb1b80e5a7fb520438bb4f17cbf6c9b9e6ebef7938342aa2df694fe,0x048e61258fe1e21ef0d5714d38c150dc8cabb2ab182c87524b52f5ec88e1f81f
theo_n,11,122,false,9,13,onchain,500,118,72.315300,1419.344100,1177.513200,1249.828500,6.124000,true,4224,4352,0x098b50423eb1b80e5a7fb520438bb4f17cbf6c9b9e6ebef7938342aa2df694fe,0x0337077e10fc7847a1ac99ececa16ab363e8cf5ce0b82290be76dd1dc10769e8
theo_n,11,123,false,9,13,onchain,500,119,67.192400,1419.344100,1162.612400,1229.804800,5.459900,true,4224,4352,0x098b50423eb1b80e5a7fb520438bb4f17cbf6c9b9e6ebef7938342aa2df694fe,0x122ac2ab494aa392fcee5dd7347129100fc0de2505d46d438da3cd8a2d32e6ea
theo_n,11,124,false,9,13,onchain,500,120,62.763500,1419.344100,1175.409000,1238.172500,6.319300,true,4224,4352,0x098b50423eb1b80e5a7fb520438bb4f17cbf6c9b9e6ebef7938342aa2df694fe,0x1bb18f78f446215b3d6ac87d13f405094b21b926809bad622f625a5c4aba0aa5
theo_n,11,125,false,9,13,onchain,500,121,69.331600,1419.344100,1168.879900,1238.211500,6.258400,true,4224,4352,0x098b50423eb1b80e5a7fb520438bb4f17cbf6c9b9e6ebef7938342aa2df694fe,0x11586f2d39477f1bc5e9b1d06a9fdff35e236bf3cdc4aab74f621481516d7815
theo_n,11,126,false,9,13,onchain,500,122,66.808000,1419.344100,1165.867700,1232.675700,6.349700,true,4224,4352,0x098b50423eb1b80e5a7fb520438bb4f17cbf6c9b9e6ebef7938342aa2df694fe,0x1ddb223e1339f8bf0cbed084e0b0a69adf4fe7ca2c5dc312fce34c5ed9fdf094
theo_n,11,127,false,9,13,onchain,500,123,57.464100,1419.344100,1139.959700,1197.423800,6.349900,true,4224,4352,0x098b50423eb1b80e5a7fb520438bb4f17cbf6c9b9e6ebef7938342aa2df694fe,0x1840a4c242fef47e8f74cd8aa8295e9b11f3bc37ee4ad16c38a5c208344b37dc
theo_n,11,128,false,9,13,onchain,500,124,63.748400,1419.344100,1179.151100,1242.899500,5.973600,true,4224,4352,0x098b50423eb1b80e5a7fb520438bb4f17cbf6c9b9e6ebef7938342aa2df694fe,0x1c13441afbd44509328c5d26d85d3acf169464c8375735cbb5efd13c343ad09f
theo_n,11,129,false,9,13,onchain,500,125,64.814300,1419.344100,1171.075700,1235.890000,6.523200,true,4224,4352,0x098b50423eb1b80e5a7fb520438bb4f17cbf6c9b9e6ebef7938342aa2df694fe,0x1326819b8b7b82169305219445339534c813219958aff00f2de38420d73886c2
theo_n,11,130,false,9,13,onchain,500,126,71.770100,1419.344100,1143.952300,1215.722400,5.924400,true,4224,4352,0x098b50423eb1b80e5a7fb520438bb4f17cbf6c9b9e6ebef7938342aa2df694fe,0x2ca4fcbbe3622752f4aa4e3ca994d30d0c1456ecbc1cad9193430d998bc7ef6e
theo_n,11,131,false,9,13,onchain,500,127,69.016200,1419.344100,1151.818500,1220.834700,5.964200,true,4224,4352,0x098b50423eb1b80e5a7fb520438bb4f17cbf6c9b9e6ebef7938342aa2df694fe,0x1b76b599cec9d9ae0690413de23fc0c9eb5a159ef05aea11a95ee8cda8592759
theo_n,11,132,false,9,13,onchain,500,128,64.676400,1419.344100,1165.806800,1230.483200,5.588600,true,4224,4352,0x098b50423eb1b80e5a7fb520438bb4f17cbf6c9b9e6ebef7938342aa2df694fe,0x19fdf3e31ef4713cb2b80a9d45bb04e96c7ee09d39424729962e332821c9888a
theo_n,11,133,false,9,13,onchain,500,129,68.474400,1419.344100,1162.669900,1231.144300,6.617400,true,4224,4352,0x098b50423eb1b80e5a7fb520438bb4f17cbf6c9b9e6ebef7938342aa2df694fe,0x1f4b342dcdff21fbd66fa67e11c5544bfd8929b923b2dabc1f7ac6cb5151b9b9
theo_n,11,134,false,9,13,onchain,500,130,59.149700,1419.344100,1158.336600,1217.486300,6.000200,true,4224,4352,0x098b50423eb1b80e5a7fb520438bb4f17cbf6c9b9e6ebef7938342aa2df694fe,0x154b1d74c2618354b26b34c984e94e4f7d706573361930e780b8278071f43a98
theo_n,11,135,false,9,13,onchain,500,131,63.636400,1419.344100,1167.244900,1230.881300,6.340500,true,4224,4352,0x098b50423eb1b80e5a7fb520438bb4f17cbf6c9b9e6ebef7938342aa2df694fe,0x1cd387bebe939deb9139dccf335cf5da302583a9ba488b7eea65b16b9f797a0d
theo_n,11,136,false,9,13,onchain,500,132,66.465900,1419.344100,1143.699000,1210.164900,5.986600,true,4224,4352,0x098b50423eb1b80e5a7fb520438bb4f17cbf6c9b9e6ebef7938342aa2df694fe,0x06d6a19737ba3c27075e413dd7860d45cc20cb35ed6c608ac22acc2e5c9c54bb
theo_n,11,137,false,9,13,onchain,500,133,65.170000,1419.344100,1163.647800,1228.817800,5.644300,true,4224,4352,0x098b50423eb1b80e5a7fb520438bb4f17cbf6c9b9e6ebef7938342aa2df694fe,0x29477a7a12360051ea5c87e3ca17fa0d3d2370b734d34a8bfeccbec806464239
theo_n,11,138,false,9,13,onchain,500,134,68.228200,1419.344100,1137.469600,1205.697800,5.911300,true,4224,4352,0x098b50423eb1b80e5a7fb520438bb4f17cbf6c9b9e6ebef7938342aa2df694fe,0x261908540691dd3c2c92abe77a9016a9a562140b65ef5e147e1a60d0cdfc90e0
theo_n,11,139,false,9,13,onchain,500,135,60.990700,1419.344100,1172.233800,1233.224500,5.415300,true,4224,4352,0x098b50423eb1b80e5a7fb520438bb4f17cbf6c9b9e6ebef7938342aa2df694fe,0x2674c02a1b2848b07db064c5a4e58662470a9da5dc7276de3c371db1c33bc5bc
theo_n,11,140,false,9,13,onchain,500,136,58.566500,1419.344100,1178.995300,1237.561800,5.542800,true,4224,4352,0x098b50423eb1b80e5a7fb520438bb4f17cbf6c9b9e6ebef7938342aa2df694fe,0x19c06805eb153a95eef5e1daec5f4936cfd6b1fd84715978ae293859cf99f2f7
theo_n,11,141,false,9,13,onchain,500,137,68.427600,1419.344100,1137.656800,1206.084400,5.682500,true,4224,4352,0x098b50423eb1b80e5a7fb520438bb4f17cbf6c9b9e6ebef7938342aa2df694fe,0x2b9386b34b67cca51b5f376f0d9d5825990e05d8a0663acc09cd7ef2478b99ef
theo_n,11,142,false,9,13,onchain,500,138,64.171300,1419.344100,1201.668200,1265.839500,6.132300,true,4224,4352,0x098b50423eb1b80e5a7fb520438bb4f17cbf6c9b9e6ebef7938342aa2df694fe,0x1d973ebf381de252d781eee0181e4bf96f60364a6355f27faf9d88a26c6d5f74
theo_n,11,143,false,9,13,onchain,500,139,67.017700,1419.344100,1139.442400,1206.460100,5.714200,true,4224,4352,0x098b50423eb1b80e5a7fb520438bb4f17cbf6c9b9e6ebef7938342aa2df694fe,0x1dbc758c2bdd3ffd4ae4900c512cfdd59aa39693c5da8541569bb1b11a7a4ff7
theo_n,11,144,false,9,13,onchain,500,140,62.851400,1419.344100,1163.917100,1226.768500,7.257600,true,4224,4352,0x098b50423eb1b80e5a7fb520438bb4f17cbf6c9b9e6ebef7938342aa2df694fe,0x24fefd181e7c2a8b9c3c99e3f098e38499d6eb3748a5bec2ec08c191c32a20c9
theo_n,11,145,false,9,13,onchain,500,141,64.553000,1419.344100,1160.144900,1224.697900,7.232300,true,4224,4352,0x098b50423eb1b80e5a7fb520438bb4f17cbf6c9b9e6ebef7938342aa2df694fe,0x23968c116ab2270a3af0c481a377d282fa2af22d0df2584795947071ab2e8546
theo_n,11,146,false,9,13,onchain,500,142,68.184200,1419.344100,1131.012700,1199.196900,7.013800,true,4224,4352,0x098b50423eb1b80e5a7fb520438bb4f17cbf6c9b9e6ebef7938342aa2df694fe,0x1647c354c1f20bac7643c9c62e601536572c45dcedaee32d3ee30e288b2a1fee
theo_n,11,147,false,9,13,onchain,500,143,68.792800,1419.344100,1155.488700,1224.281500,5.418900,true,4224,4352,0x098b50423eb1b80e5a7fb520438bb4f17cbf6c9b9e6ebef7938342aa2df694fe,0x2ea5df06e8526bce926495cfb5bcaeeded936c0d347b1f44869b740c89de802c
theo_n,11,148,false,9,13,onchain,500,144,54.213500,1419.344100,1173.099100,1227.312600,6.392500,true,4224,4352,0x098b50423eb1b80e5a7fb520438bb4f17cbf6c9b9e6ebef7938342aa2df694fe,0x0583f5e4a43ff231fab22b74c1e8dc9ca7e11f908ebfec3cae568fa348641be4
theo_n,11,149,false,9,13,onchain,500,145,47.625900,1419.344100,1177.756600,1225.382500,5.721800,true,4224,4352,0x098b50423eb1b80e5a7fb520438bb4f17cbf6c9b9e6ebef7938342aa2df694fe,0x14e11f8cfedbf4f8cf3085e378b3035aa5a493ea65a91f2de51f071ab1c11333
theo_n,11,150,false,9,13,onchain,500,146,65.148800,1419.344100,1183.370900,1248.519700,5.803300,true,4224,4352,0x098b50423eb1b80e5a7fb520438bb4f17cbf6c9b9e6ebef7938342aa2df694fe,0x245b631ba32f9e19fd8f3d1bf8329300750d5c30e6151c849be8b7168923763d
theo_n,11,151,false,9,13,onchain,500,147,53.933200,1419.344100,1236.094000,1290.027200,5.414200,true,4224,4352,0x098b50423eb1b80e5a7fb520438bb4f17cbf6c9b9e6ebef7938342aa2df694fe,0x0a4cf55b4df6d265e96388cc0abf738334a51602cc8ee10b4e6798b91c62ccf6
theo_n,11,152,false,9,13,onchain,500,148,69.391600,1419.344100,1142.823800,1212.215400,5.610500,true,4224,4352,0x098b50423eb1b80e5a7fb520438bb4f17cbf6c9b9e6ebef7938342aa2df694fe,0x2980306594ba7a72b85f517f2b2217da35af687f784e3e046e7dc5d50302957d
theo_n,11,153,false,9,13,onchain,500,149,66.978200,1419.344100,1165.892900,1232.871100,5.432900,true,4224,4352,0x098b50423eb1b80e5a7fb520438bb4f17cbf6c9b9e6ebef7938342aa2df694fe,0x0bae57eb5e9667ff3213947821ebf0971fbc22df8df57a3113b581d199257ff1
theo_n,11,154,false,9,13,onchain,500,150,62.809200,1419.344100,1168.687200,1231.496400,5.406400,true,4224,4352,0x098b50423eb1b80e5a7fb520438bb4f17cbf6c9b9e6ebef7938342aa2df694fe,0x09df330028e60ab8f64f208ed8725b2bd088b3666a34eddd5b59cc30efa91446
theo_n,11,155,false,9,13,onchain,500,151,64.661100,1419.344100,1162.322000,1226.983100,5.351800,true,4224,4352,0x098b50423eb1b80e5a7fb520438bb4f17cbf6c9b9e6ebef7938342aa2df694fe,0x0e827a40e73cd93978223bdaea2de4a3662c85d4ada215d330dd658fcde25a44
theo_n,11,156,false,9,13,onchain,500,152,55.038300,1419.344100,1143.505100,1198.543400,7.616200,true,4224,4352,0x098b50423eb1b80e5a7fb520438bb4f17cbf6c9b9e6ebef7938342aa2df694fe,0x2df1bef61f31af46f7936d4d9d4c5ac1d276b7b8eaecfe888700ac1298f92267
theo_n,11,157,false,9,13,onchain,500,153,66.631500,1419.344100,1163.620400,1230.251900,6.375600,true,4224,4352,0x098b50423eb1b80e5a7fb520438bb4f17cbf6c9b9e6ebef7938342aa2df694fe,0x12915572ab99b6ddc8fea60928bc7ce39caeba0d31257fc844a096476109b36f
theo_n,11,158,false,9,13,onchain,500,154,62.532700,1419.344100,1172.576600,1235.109300,5.914100,true,4224,4352,0x098b50423eb1b80e5a7fb520438bb4f17cbf6c9b9e6ebef7938342aa2df694fe,0x1a9da40b6a281115b0c04c78ccf79a0177bfd4bd849e7a87b72227206ca49630
theo_n,11,159,false,9,13,onchain,500,155,56.381000,1419.344100,1153.578600,1209.959600,5.636800,true,4224,4352,0x098b50423eb1b80e5a7fb520438bb4f17cbf6c9b9e6ebef7938342aa2df694fe,0x05a92e4d70718e361377004987d81958215294de37ec7adfa4ae249de133a464
theo_n,11,160,false,9,13,onchain,500,156,51.870000,1419.344100,1170.521600,1222.391600,5.964600,true,4224,4352,0x098b50423eb1b80e5a7fb520438bb4f17cbf6c9b9e6ebef7938342aa2df694fe,0x011d10d516eb6795ffe1ac987326ec7b8a1bc7c6216fb37623144bce1ea511d9
theo_n,11,161,false,9,13,onchain,500,157,67.717800,1419.344100,1247.146900,1314.864700,5.855200,true,4224,4352,0x098b50423eb1b80e5a7fb520438bb4f17cbf6c9b9e6ebef7938342aa2df694fe,0x07c2427f7b75d030b8add3786708a7f1ff3619698d999713baa4e3e9179ea69c
theo_n,11,162,false,9,13,onchain,500,158,59.518700,1419.344100,1204.010400,1263.529100,7.538600,true,4224,4352,0x098b50423eb1b80e5a7fb520438bb4f17cbf6c9b9e6ebef7938342aa2df694fe,0x15b494b2d69d888296e4a53c9138e66b123c8700312e6b706ac66675afaf6f1e
theo_n,11,163,false,9,13,onchain,500,159,61.264100,1419.344100,1182.599100,1243.863200,5.493100,true,4224,4352,0x098b50423eb1b80e5a7fb520438bb4f17cbf6c9b9e6ebef7938342aa2df694fe,0x09d28e4bc034581881ef74dcd3ef170396e570e5cdac22e022a7b681b15fa3f8
theo_n,11,164,false,9,13,onchain,500,160,54.133300,1419.344100,1163.641600,1217.774900,5.554600,true,4224,4352,0x098b50423eb1b80e5a7fb520438bb4f17cbf6c9b9e6ebef7938342aa2df694fe,0x06320cda582ab69eba60cc5f2d8f98720c81076f5feb562563b2678474f0e833
theo_n,11,165,false,9,13,onchain,500,161,62.168300,1419.344100,1167.683800,1229.852100,6.484500,true,4224,4352,0x098b50423eb1b80e5a7fb520438bb4f17cbf6c9b9e6ebef7938342aa2df694fe,0x1ed92eb6f52266c41b5eff71eff811783249cd3cb8dab2b6d993871737888e24
theo_n,11,166,false,9,13,onchain,500,162,65.571900,1419.344100,1185.869900,1251.441800,5.635400,true,4224,4352,0x098b50423eb1b80e5a7fb520438bb4f17cbf6c9b9e6ebef7938342aa2df694fe,0x2f228f71e58a7b39a67b3c4e6272d392223b6299129403e73cd5d22ee0dd12ac
theo_n,11,167,false,9,13,onchain,500,163,84.191700,1419.344100,1212.089400,1296.281100,6.095500,true,4224,4352,0x098b50423eb1b80e5a7fb520438bb4f17cbf6c9b9e6ebef7938342aa2df694fe,0x08b9ea24dacf4bb71cd1a71d186ad4a3aa0b1224036b3d5975053220811cfde2
theo_n,11,168,false,9,13,onchain,500,164,62.665200,1419.344100,1177.766600,1240.431800,6.660600,true,4224,4352,0x098b50423eb1b80e5a7fb520438bb4f17cbf6c9b9e6ebef7938342aa2df694fe,0x1e916b5d46e155942cbf9bd03d57a68d6870f77dfa7a2603838d5697fc064995
theo_n,11,169,false,9,13,onchain,500,165,65.706900,1419.344100,1175.788700,1241.495600,5.512200,true,4224,4352,0x098b50423eb1b80e5a7fb520438bb4f17cbf6c9b9e6ebef7938342aa2df694fe,0x2083a99ee8336b2216a949706234f1238389c5d988e1a708f1d82d2dd19a36f8
theo_n,11,170,false,9,13,onchain,500,166,59.984200,1419.344100,1154.851300,1214.835500,5.812800,true,4224,4352,0x098b50423eb1b80e5a7fb520438bb4f17cbf6c9b9e6ebef7938342aa2df694fe,0x0fc49d02f286296ca6aea328cf7989ead6df46008a90ac7708b353d4d1fa50a1
theo_n,11,171,false,9,13,onchain,500,167,57.410300,1419.344100,1159.050800,1216.461100,6.652200,true,4224,4352,0x098b50423eb1b80e5a7fb520438bb4f17cbf6c9b9e6ebef7938342aa2df694fe,0x01c951890bef8b00ee81b33d53ff33cabfdb08c77cd3d71cf09ae6aa9c8e6223
theo_n,11,172,false,9,13,onchain,500,168,64.134700,1419.344100,1148.321300,1212.456000,6.838000,true,4224,4352,0x098b50423eb1b80e5a7fb520438bb4f17cbf6c9b9e6ebef7938342aa2df694fe,0x2e21bd7006b2fe0c1b3e8d85680b3db6b9023ae9655b981deba01610d09107ff
theo_n,11,173,false,9,13,onchain,500,169,66.934000,1419.344100,1179.193800,1246.127800,6.233100,true,4224,4352,0x098b50423eb1b80e5a7fb520438bb4f17cbf6c9b9e6ebef7938342aa2df694fe,0x2dea3ace923241fb9b6cbe0f7cc54de90e793785f271579dc5ba7ed217ecf5de
theo_n,11,174,false,9,13,onchain,500,170,59.830300,1419.344100,1193.445500,1253.275800,7.076500,true,4224,4352,0x098b50423eb1b80e5a7fb520438bb4f17cbf6c9b9e6ebef7938342aa2df694fe,0x10f12245982fffe007b0ecef635197a5267eb81d727d447237c3f308eeea06c5
theo_n,11,175,false,9,13,onchain,500,171,66.501600,1419.344100,1176.529700,1243.031300,6.803400,true,4224,4352,0x098b50423eb1b80e5a7fb520438bb4f17cbf6c9b9e6ebef7938342aa2df694fe,0x1fde592bf80e60c3006f6357af1860d7a9c3b5f570bc0e39666b2fa0b0fa623b
theo_n,11,176,false,9,13,onchain,500,172,61.576400,1419.344100,1165.513300,1227.089700,5.982600,true,4224,4352,0x098b50423eb1b80e5a7fb520438bb4f17cbf6c9b9e6ebef7938342aa2df694fe,0x03f52ca2eb1444ab17b86e0070b7cb17a6e6d8eb47ba455096f24be0ef44e64d
theo_n,11,177,false,9,13,onchain,500,173,67.864700,1419.344100,1165.204900,1233.069600,7.108200,true,4224,4352,0x098b50423eb1b80e5a7fb520438bb4f17cbf6c9b9e6ebef7938342aa2df694fe,0x298aa57712a04fb53de588b8f1a0b1d1e4227d335b31773343b126bd46d6c8ce
theo_n,11,178,false,9,13,onchain,500,174,60.135200,1419.344100,1169.022500,1229.157700,6.621300,true,4224,4352,0x098b50423eb1b80e5a7fb520438bb4f17cbf6c9b9e6ebef7938342aa2df694fe,0x107b857578d9cb6989ccf0f30edb97b06bc3833c39c4f2d3e3d372f481dd8023
theo_n,11,179,false,9,13,onchain,500,175,65.807500,1419.344100,1206.113500,1271.921000,6.722200,true,4224,4352,0x098b50423eb1b80e5a7fb520438bb4f17cbf6c9b9e6ebef7938342aa2df694fe,0x1f04cfcb8e116dbe0f227912a09380f4e32e9e3e5f2256e919bb36f7079c5103
theo_n,11,180,false,9,13,onchain,500,176,48.157000,1419.344100,1210.026900,1258.183900,6.137200,true,4224,4352,0x098b50423eb1b80e5a7fb520438bb4f17cbf6c9b9e6ebef7938342aa2df694fe,0x1e68c8b38e22bac0843fbbaa1beb99ff308287da69e2748e848701f40806de03
theo_n,11,181,false,9,13,onchain,500,177,62.347900,1419.344100,1166.806200,1229.154100,6.899700,true,4224,4352,0x098b50423eb1b80e5a7fb520438bb4f17cbf6c9b9e6ebef7938342aa2df694fe,0x00273abbd77c1c843a34dd7136eb304c447c3664dec4b8a1220dfd8f7d419215
theo_n,11,182,false,9,13,onchain,500,178,66.422500,1419.344100,1202.022900,1268.445400,6.267800,true,4224,4352,0x098b50423eb1b80e5a7fb520438bb4f17cbf6c9b9e6ebef7938342aa2df694fe,0x0b28f864933c885e09f83295b931650d055fc4fc29f027c7f9154c739463a145
theo_n,11,183,false,9,13,onchain,500,179,66.015600,1419.344100,1176.787600,1242.803200,5.415000,true,4224,4352,0x098b50423eb1b80e5a7fb520438bb4f17cbf6c9b9e6ebef7938342aa2df694fe,0x1942c46688b94e9feac9b79485e5275cd47749110c86881a6f89b4fd673313b8
theo_n,11,184,false,9,13,onchain,500,180,57.351600,1419.344100,1160.300900,1217.652500,5.727300,true,4224,4352,0x098b50423eb1b80e5a7fb520438bb4f17cbf6c9b9e6ebef7938342aa2df694fe,0x05e66e3156ee58cd9a319fc1bf021b066bb4a12dfcb4065c8fd52badd2816357
theo_n,11,185,false,9,13,onchain,500,181,67.030300,1419.344100,1216.437300,1283.467600,6.685100,true,4224,4352,0x098b50423eb1b80e5a7fb520438bb4f17cbf6c9b9e6ebef7938342aa2df694fe,0x2a3c82367379ca3bc510fa7cc6292b87adeae422acaf533b481b7ab5a9b74ff8
theo_n,11,186,false,9,13,onchain,500,182,80.735800,1419.344100,1425.022800,1505.758600,6.728800,true,4224,4352,0x098b50423eb1b80e5a7fb520438bb4f17cbf6c9b9e6ebef7938342aa2df694fe,0x1249bf76e23d7887ed8174d4d5ab76b45d4e883f887862e0fbb6cb1ff0ae511b
theo_n,11,187,false,9,13,onchain,500,183,68.602600,1419.344100,1230.806200,1299.408800,7.010800,true,4224,4352,0x098b50423eb1b80e5a7fb520438bb4f17cbf6c9b9e6ebef7938342aa2df694fe,0x299618a39d19d4bebd969488c616703e255699e67a2120cf6f08ea875ec432c3
theo_n,11,188,false,9,13,onchain,500,184,66.279600,1419.344100,1246.821800,1313.101400,6.322100,true,4224,4352,0x098b50423eb1b80e5a7fb520438bb4f17cbf6c9b9e6ebef7938342aa2df694fe,0x1c9a777a7d9c58721c7da841f525a15984b7e891da907c30cff77c20fec58449
theo_n,11,189,false,9,13,onchain,500,185,62.397500,1419.344100,1206.981100,1269.378600,7.548700,true,4224,4352,0x098b50423eb1b80e5a7fb520438bb4f17cbf6c9b9e6ebef7938342aa2df694fe,0x2608a22fc17f577d6b0c737a1dae9bf3bfcada6e599a32673cc3b22aa3b6190c
theo_n,11,190,false,9,13,onchain,500,186,67.675900,1419.344100,1195.982200,1263.658100,6.579900,true,4224,4352,0x098b50423eb1b80e5a7fb520438bb4f17cbf6c9b9e6ebef7938342aa2df694fe,0x21c60d25a15e9ae91c63bf274725cbd91cce20150f6968f909ed4545bf10f860
theo_n,11,191,false,9,13,onchain,500,187,61.623700,1419.344100,1169.048200,1230.671900,5.940300,true,4224,4352,0x098b50423eb1b80e5a7fb520438bb4f17cbf6c9b9e6ebef7938342aa2df694fe,0x2a2d7701e0b8c21420d7b7229e667662e2cbb348c0011ae3c54b0a6ef4ddaed2
theo_n,11,192,false,9,13,onchain,500,188,64.189700,1419.344100,1168.498000,1232.687700,6.794600,true,4224,4352,0x098b50423eb1b80e5a7fb520438bb4f17cbf6c9b9e6ebef7938342aa2df694fe,0x2147d5a5854e8222301664ebdea905cf2129477a5b1fa920e3b69c0ffde3fe7c
theo_n,11,193,false,9,13,onchain,500,189,83.207100,1419.344100,1159.633000,1242.840100,6.367200,true,4224,4352,0x098b50423eb1b80e5a7fb520438bb4f17cbf6c9b9e6ebef7938342aa2df694fe,0x09e30c2882ee8f7a4d382ee18bfb26fd8cc97e5b71b4abf04cb6ef5c20141ee8
theo_n,11,194,false,9,13,onchain,500,190,65.839700,1419.344100,1134.020800,1199.860500,6.513600,true,4224,4352,0x098b50423eb1b80e5a7fb520438bb4f17cbf6c9b9e6ebef7938342aa2df694fe,0x29659717e824040f23b91d2d273626a16f2383026d93d647e324bab659038b3b
theo_n,11,195,false,9,13,onchain,500,191,59.989100,1419.344100,1129.272800,1189.261900,5.904200,true,4224,4352,0x098b50423eb1b80e5a7fb520438bb4f17cbf6c9b9e6ebef7938342aa2df694fe,0x08905947031ddfd20fdb11313343efd9b643df52a76a9d8822b84478d51ef533
theo_n,11,196,false,9,13,onchain,500,192,66.817400,1419.344100,1166.914300,1233.731700,7.229100,true,4224,4352,0x098b50423eb1b80e5a7fb520438bb4f17cbf6c9b9e6ebef7938342aa2df694fe,0x2623d2f0bb27f75ed651479f235215416974c7ed687818ca2eca4ed54cb0890e
theo_n,11,197,false,9,13,onchain,500,193,64.525200,1419.344100,1156.747200,1221.272400,7.103800,true,4224,4352,0x098b50423eb1b80e5a7fb520438bb4f17cbf6c9b9e6ebef7938342aa2df694fe,0x17f2a18d1c6af5fbd37c56a76f8d84a8557e3f92f46b9f10c97f07498d7a3e5e
theo_n,11,198,false,9,13,onchain,500,194,65.142700,1419.344100,1164.461600,1229.604300,7.074500,true,4224,4352,0x098b50423eb1b80e5a7fb520438bb4f17cbf6c9b9e6ebef7938342aa2df694fe,0x080444fd3d681818265e4b132c34ac5d5d0913ad9cde27ae4b3bc8bec9a476aa
theo_n,11,199,false,9,13,onchain,500,195,61.510700,1419.344100,1165.135300,1226.646000,5.691900,true,4224,4352,0x098b50423eb1b80e5a7fb520438bb4f17cbf6c9b9e6ebef7938342aa2df694fe,0x0650d03351bfa136d51cb721acb4868d9022e9febefe6b28499f0f004f36071e
theo_n,11,200,false,9,13,onchain,500,196,64.082900,1419.344100,1167.157200,1231.240100,6.153800,true,4224,4352,0x098b50423eb1b80e5a7fb520438bb4f17cbf6c9b9e6ebef7938342aa2df694fe,0x1dce569b979e4239dd9eb95272649e1f5bc3375080e9be8f146870ec3767764c
theo_n,11,201,false,9,13,onchain,500,197,50.349200,1419.344100,1132.504500,1182.853700,6.959800,true,4224,4352,0x098b50423eb1b80e5a7fb520438bb4f17cbf6c9b9e6ebef7938342aa2df694fe,0x229060fc460a01a09958347d142e63e18fac8e663a93f9c0a697618459f11091
theo_n,11,202,false,9,13,onchain,500,198,65.690100,1419.344100,1193.656300,1259.346400,5.630100,true,4224,4352,0x098b50423eb1b80e5a7fb520438bb4f17cbf6c9b9e6ebef7938342aa2df694fe,0x14c6c58b860df7cf32a61fa6440107908bc1f58866b5291b6fc0266a44cc4347
theo_n,11,203,false,9,13,onchain,500,199,74.151400,1419.344100,1155.279000,1229.430400,7.853900,true,4224,4352,0x098b50423eb1b80e5a7fb520438bb4f17cbf6c9b9e6ebef7938342aa2df694fe,0x2c6eca6e9dddf0c400924a7e305eebe78c57a0d68da8b8afe9343f8bb69af311
theo_n,11,204,false,9,13,onchain,500,200,62.002600,1419.344100,1166.711000,1228.713600,5.646700,true,4224,4352,0x098b50423eb1b80e5a7fb520438bb4f17cbf6c9b9e6ebef7938342aa2df694fe,0x26d10e610f5a898caa541893e7c74d8b589b1bca141f9d5c12129f0ac8c2c4de
theo_n,11,205,false,9,13,onchain,500,201,65.683100,1419.344100,1171.914500,1237.597600,6.898900,true,4224,4352,0x098b50423eb1b80e5a7fb520438bb4f17cbf6c9b9e6ebef7938342aa2df694fe,0x1de79d5b678871b100b2b73ad88c37f56b46d8c4d0981df6850d7f290419f46f
theo_n,11,206,false,9,13,onchain,500,202,66.219900,1419.344100,1568.410700,1634.630600,6.257400,true,4224,4352,0x098b50423eb1b80e5a7fb520438bb4f17cbf6c9b9e6ebef7938342aa2df694fe,0x1e084c1e93a570dd4dd924a63074f8e4144d31f5484d14bf9e43031a1408dd37
theo_n,11,207,false,9,13,onchain,500,203,44.630700,1419.344100,1185.736100,1230.366800,7.446700,true,4224,4352,0x098b50423eb1b80e5a7fb520438bb4f17cbf6c9b9e6ebef7938342aa2df694fe,0x2b491f2eb4c3f055d7784d7f4a35a5a0ffbd04a7375b5db1796d27992d6a78a4
theo_n,11,208,false,9,13,onchain,500,204,66.153900,1419.344100,1169.005600,1235.159500,5.592000,true,4224,4352,0x098b50423eb1b80e5a7fb520438bb4f17cbf6c9b9e6ebef7938342aa2df694fe,0x2207f01b23ccc5d511b22b388ece1132266a457ae6354b500e3371d8b7b47b8f
theo_n,11,209,false,9,13,onchain,500,205,64.457800,1419.344100,1356.580600,1421.038400,6.761100,true,4224,4352,0x098b50423eb1b80e5a7fb520438bb4f17cbf6c9b9e6ebef7938342aa2df694fe,0x2820b06f5df5d3e5eac9c631774e2ed85c977ab1010eff6d64f3fb624ad7d7a3
theo_n,11,210,false,9,13,onchain,500,206,68.855800,1419.344100,1241.345900,1310.201700,7.820800,true,4224,4352,0x098b50423eb1b80e5a7fb520438bb4f17cbf6c9b9e6ebef7938342aa2df694fe,0x27a17ea0f0816d8c2987f01b465a7a7c34a96adc62fd86ae42af4cc4a760bd5b
theo_n,11,211,false,9,13,onchain,500,207,67.149700,1419.344100,1285.985400,1353.135100,9.393400,true,4224,4352,0x098b50423eb1b80e5a7fb520438bb4f17cbf6c9b9e6ebef7938342aa2df694fe,0x2838bb09aca0424f32baa130c15f81e5704a68065f6de6f27979fc196863b7ae
theo_n,11,212,false,9,13,onchain,500,208,75.310900,1419.344100,1308.278100,1383.589000,5.952300,true,4224,4352,0x098b50423eb1b80e5a7fb520438bb4f17cbf6c9b9e6ebef7938342aa2df694fe,0x08253658a1a878506ef21181f0975c66ef755715fd66e1573da2305eb0cd2780
theo_n,11,213,false,9,13,onchain,500,209,65.549600,1419.344100,1170.112900,1235.662500,6.318100,true,4224,4352,0x098b50423eb1b80e5a7fb520438bb4f17cbf6c9b9e6ebef7938342aa2df694fe,0x10b028218147aff279afc8483c1d0f2f720bcbff9e7b277074e6f5964c6c1c75
theo_n,11,214,false,9,13,onchain,500,210,69.039000,1419.344100,1175.611200,1244.650200,5.682500,true,4224,4352,0x098b50423eb1b80e5a7fb520438bb4f17cbf6c9b9e6ebef7938342aa2df694fe,0x2173732b56584682acdb72c0eb05938ecaa2a2cf7d64074b54076a03bc11d903
theo_n,11,215,false,9,13,onchain,500,211,87.291800,1419.344100,1163.135500,1250.427300,7.084000,true,4224,4352,0x098b50423eb1b80e5a7fb520438bb4f17cbf6c9b9e6ebef7938342aa2df694fe,0x18f62f27b02c5bdf99fc82b37e136b28c8b03690f7a779e123ec15b179a41357
theo_n,11,216,false,9,13,onchain,500,212,76.838000,1419.344100,1168.768500,1245.606500,5.615600,true,4224,4352,0x098b50423eb1b80e5a7fb520438bb4f17cbf6c9b9e6ebef7938342aa2df694fe,0x0522989be561c3acf3d13b8ce2579c69fd82702309650aa02dc3f0f1a3aeb51e
theo_n,11,217,false,9,13,onchain,500,213,67.892800,1419.344100,1154.557800,1222.450600,6.051400,true,4224,4352,0x098b50423eb1b80e5a7fb520438bb4f17cbf6c9b9e6ebef7938342aa2df694fe,0x00abfd86d0b7cd3ef4c548a4842e95cd198e8c13f5984cf7744328f643ecda38
theo_n,11,218,false,9,13,onchain,500,214,61.023500,1419.344100,1157.346000,1218.369500,5.957600,true,4224,4352,0x098b50423eb1b80e5a7fb520438bb4f17cbf6c9b9e6ebef7938342aa2df694fe,0x00e72a74ffeafc01ff3bc87cbe9cb8991e6ddf6a62704eee18f298fb44947a54
theo_n,11,219,false,9,13,onchain,500,215,64.611300,1419.344100,1160.821000,1225.432300,6.521000,true,4224,4352,0x098b50423eb1b80e5a7fb520438bb4f17cbf6c9b9e6ebef7938342aa2df694fe,0x09bd4c44b0d8c3f95e85a7ea7eaad034d0bb4a071151c4602d4c25a063e655a3
theo_n,11,220,false,9,13,onchain,500,216,66.206300,1419.344100,1145.568000,1211.774300,6.212900,true,4224,4352,0x098b50423eb1b80e5a7fb520438bb4f17cbf6c9b9e6ebef7938342aa2df694fe,0x1da98d0d586ad726f7d6d36d081f3b5ddaff00b0e568dc30c9263430f45d0efd
theo_n,11,221,false,9,13,onchain,500,217,45.656500,1419.344100,1180.155100,1225.811600,6.863200,true,4224,4352,0x098b50423eb1b80e5a7fb520438bb4f17cbf6c9b9e6ebef7938342aa2df694fe,0x0d332cc6cfca7d979739d690576d83fa594a7fade7d1ed233baee5eee47c00aa
theo_n,11,222,false,9,13,onchain,500,218,67.515900,1419.344100,1160.603300,1228.119200,6.845600,true,4224,4352,0x098b50423eb1b80e5a7fb520438bb4f17cbf6c9b9e6ebef7938342aa2df694fe,0x04df1709421261492f4643397ca9c5a3205a57917e5467927d5d95111e631b98
theo_n,11,223,false,9,13,onchain,500,219,67.135400,1419.344100,1176.201600,1243.337000,6.900600,true,4224,4352,0x098b50423eb1b80e5a7fb520438bb4f17cbf6c9b9e6ebef7938342aa2df694fe,0x0ca39f899831fd4e5448e7ade10af02c0e1c50d9b33334800989497f9e26e93b
theo_n,11,224,false,9,13,onchain,500,220,65.647800,1419.344100,1142.960500,1208.608300,7.020700,true,4224,4352,0x098b50423eb1b80e5a7fb520438bb4f17cbf6c9b9e6ebef7938342aa2df694fe,0x17b533f22fbbd4525ea0cb1d23064c62e4d5d81c56b9f425542cd2b8500fe93f
theo_n,11,225,false,9,13,onchain,500,221,68.577500,1419.344100,1156.828000,1225.405500,5.397500,true,4224,4352,0x098b50423eb1b80e5a7fb520438bb4f17cbf6c9b9e6ebef7938342aa2df694fe,0x30284ab4f906ef741017b6ba866c480fe26022712c2b1f47925878df7ead3942
theo_n,11,226,false,9,13,onchain,500,222,60.798400,1419.344100,1135.923300,1196.721700,6.137700,true,4224,4352,0x098b50423eb1b80e5a7fb520438bb4f17cbf6c9b9e6ebef7938342aa2df694fe,0x230719c7f7508d7995106104b0fba8547e5ccbc3b2237e6c3681908b8908eb25
theo_n,11,227,false,9,13,onchain,500,223,67.547200,1419.344100,1157.249500,1224.796700,6.856300,true,4224,4352,0x098b50423eb1b80e5a7fb520438bb4f17cbf6c9b9e6ebef7938342aa2df694fe,0x05e321b5b73ae7dc708200813248dc8ce759f76786404cca834d23fbda676330
theo_n,11,228,false,9,13,onchain,500,224,69.645900,1419.344100,1167.077200,1236.723100,6.483300,true,4224,4352,0x098b50423eb1b80e5a7fb520438bb4f17cbf6c9b9e6ebef7938342aa2df694fe,0x04f16424a036c1c8b8b62ac3f6fbf1afe4161d95f2745ca23620b11c345ec204
theo_n,11,229,false,9,13,onchain,500,225,47.115900,1419.344100,1164.761100,1211.877000,5.747100,true,4224,4352,0x098b50423eb1b80e5a7fb520438bb4f17cbf6c9b9e6ebef7938342aa2df694fe,0x1683ef468d4cd009c3194edbbb010a088da918a0690b8a067343e416a6a4b7ff
theo_n,11,230,false,9,13,onchain,500,226,65.699100,1419.344100,1149.625200,1215.324300,5.735000,true,4224,4352,0x098b50423eb1b80e5a7fb520438bb4f17cbf6c9b9e6ebef7938342aa2df694fe,0x019f440d4f71344df6e4a73f4d2b76d8d021ff64e9805774b700ff240c7e6290
theo_n,11,231,false,9,13,onchain,500,227,55.606500,1419.344100,1233.888500,1289.495000,6.586800,true,4224,4352,0x098b50423eb1b80e5a7fb520438bb4f17cbf6c9b9e6ebef7938342aa2df694fe,0x2cd3b78cb474d98ab26e82eec456c2b501e97e323c15f190d62a4d50eccd5f21
theo_n,11,232,false,9,13,onchain,500,228,77.707900,1419.344100,1225.599900,1303.307800,7.763900,true,4224,4352,0x098b50423eb1b80e5a7fb520438bb4f17cbf6c9b9e6ebef7938342aa2df694fe,0x0cd75776cd07fe51cb25d1b9af220f8010d0b1b48eabf6f7c90ee35094b60e35
theo_n,11,233,false,9,13,onchain,500,229,65.700200,1419.344100,1159.868200,1225.568400,6.543200,true,4224,4352,0x098b50423eb1b80e5a7fb520438bb4f17cbf6c9b9e6ebef7938342aa2df694fe,0x2af48b45a7202a164a90ca6a1725e39467f70a524ea74dfae76a0a6dc0b7be0b
theo_n,11,234,false,9,13,onchain,500,230,65.478100,1419.344100,1181.883700,1247.361800,5.983900,true,4224,4352,0x098b50423eb1b80e5a7fb520438bb4f17cbf6c9b9e6ebef7938342aa2df694fe,0x0aa6ce31e57d744ae008aec740817366db5ec92d41d4b40a440c5b1c0eb2cd57
theo_n,11,235,false,9,13,onchain,500,231,59.004700,1419.344100,1157.081000,1216.085700,8.306900,true,4224,4352,0x098b50423eb1b80e5a7fb520438bb4f17cbf6c9b9e6ebef7938342aa2df694fe,0x278b7b3a14762423c4cb23f6ef2bed5f69f610ad64b09fb228de4bdd7b449931
theo_n,11,236,false,9,13,onchain,500,232,66.554300,1419.344100,1169.801600,1236.355900,7.184900,true,4224,4352,0x098b50423eb1b80e5a7fb520438bb4f17cbf6c9b9e6ebef7938342aa2df694fe,0x008535962f0a38daf6d8b95158c3c95e2415b4e90d11089c37356fc331072ead
theo_n,11,237,false,9,13,onchain,500,233,68.093100,1419.344100,1145.223000,1213.316100,6.144700,true,4224,4352,0x098b50423eb1b80e5a7fb520438bb4f17cbf6c9b9e6ebef7938342aa2df694fe,0x1f283c30d18bf09f79126ecf806edc3bf784d5e0f9725586679bfe0e9c141c4e
theo_n,11,238,false,9,13,onchain,500,234,56.971700,1419.344100,1153.235400,1210.207100,6.211300,true,4224,4352,0x098b50423eb1b80e5a7fb520438bb4f17cbf6c9b9e6ebef7938342aa2df694fe,0x0ca1cac7f7c4ab67a0c13fbe4385bbfcc207f7258be5b10a821c9e35368bc57c
theo_n,11,239,false,9,13,onchain,500,235,65.718000,1419.344100,1131.604300,1197.322300,5.862400,true,4224,4352,0x098b50423eb1b80e5a7fb520438bb4f17cbf6c9b9e6ebef7938342aa2df694fe,0x1ee64ecdb87fe16d9a0b2d0a42e45479ccd2fa4753d872229767dfbf44cdf2d9
theo_n,11,240,false,9,13,onchain,500,236,64.177900,1419.344100,1175.531700,1239.709600,6.365700,true,4224,4352,0x098b50423eb1b80e5a7fb520438bb4f17cbf6c9b9e6ebef7938342aa2df694fe,0x0c61a809f53d171aeb13efc2823b433ee74a4bcb86fcca2c0bbe028b9567aba6
theo_n,11,241,false,9,13,onchain,500,237,58.869300,1419.344100,1151.384100,1210.253400,6.093300,true,4224,4352,0x098b50423eb1b80e5a7fb520438bb4f17cbf6c9b9e6ebef7938342aa2df694fe,0x249a5db4d7eb6525105d286d5866fa9da2af5e066720dd3e559dc51efb9f1ffb
theo_n,11,242,false,9,13,onchain,500,238,58.546600,1419.344100,1154.641000,1213.187600,5.720900,true,4224,4352,0x098b50423eb1b80e5a7fb520438bb4f17cbf6c9b9e6ebef7938342aa2df694fe,0x0702f314a3e92da936be90effa3dcc080d999f2e509ef50c2c1d79b4fc8f6bcd
theo_n,11,243,false,9,13,onchain,500,239,66.318000,1419.344100,1151.267000,1217.585000,5.768200,true,4224,4352,0x098b50423eb1b80e5a7fb520438bb4f17cbf6c9b9e6ebef7938342aa2df694fe,0x0a4b98013160def93d32ab9bd72b198ed733f55b2afe206df82a3170ae024fdf
theo_n,11,244,false,9,13,onchain,500,240,44.692600,1419.344100,1172.411400,1217.104000,6.409900,true,4224,4352,0x098b50423eb1b80e5a7fb520438bb4f17cbf6c9b9e6ebef7938342aa2df694fe,0x06e7126768d8e8ff17cce3aab2c4804e1cbd3fe8097a56fccac32ae30136f0ca
theo_n,11,245,false,9,13,onchain,500,241,67.060600,1419.344100,1161.193600,1228.254200,5.985900,true,4224,4352,0x098b50423eb1b80e5a7fb520438bb4f17cbf6c9b9e6ebef7938342aa2df694fe,0x0a3decc0377e13f60cc834863b77ceedbe0fe45696b715b64b35cde307d12ba3
theo_n,11,246,false,9,13,onchain,500,242,52.916300,1419.344100,1183.869800,1236.786100,5.957000,true,4224,4352,0x098b50423eb1b80e5a7fb520438bb4f17cbf6c9b9e6ebef7938342aa2df694fe,0x27797a9f69d6b0d7d985d0a46cd91f3d36c9fa86cdbeaa89ce2415172e64f190
theo_n,11,247,false,9,13,onchain,500,243,62.071300,1419.344100,1169.782500,1231.853800,6.747300,true,4224,4352,0x098b50423eb1b80e5a7fb520438bb4f17cbf6c9b9e6ebef7938342aa2df694fe,0x12e45f07466eecaf4f209e0a6519f666d88d455427c1d676657f276d56339d2f
theo_n,11,248,false,9,13,onchain,500,244,64.074200,1419.344100,1144.706200,1208.780400,6.578400,true,4224,4352,0x098b50423eb1b80e5a7fb520438bb4f17cbf6c9b9e6ebef7938342aa2df694fe,0x181adf32cfe9935cd5593d715f3eddd6c12cf801141af0412b5002665fb58cf2
theo_n,11,249,false,9,13,onchain,500,245,58.373700,1419.344100,1146.266200,1204.639900,6.746700,true,4224,4352,0x098b50423eb1b80e5a7fb520438bb4f17cbf6c9b9e6ebef7938342aa2df694fe,0x0293847ef66f11fb996f93396f52d4a36106d51fcac611aab6fc2563d36d3847
theo_n,11,250,false,9,13,onchain,500,246,58.894300,1419.344100,1169.359200,1228.253500,6.119300,true,4224,4352,0x098b50423eb1b80e5a7fb520438bb4f17cbf6c9b9e6ebef7938342aa2df694fe,0x1d92e48e7b37a5203801541414b263b923580ad1025d8385894bced6f5edf1b9
theo_n,11,251,false,9,13,onchain,500,247,58.362400,1419.344100,1150.858800,1209.221200,6.312400,true,4224,4352,0x098b50423eb1b80e5a7fb520438bb4f17cbf6c9b9e6ebef7938342aa2df694fe,0x30131b16109882349645b305078a9fecd21cd7a7804f32b913f07d7e73239a54
theo_n,11,252,false,9,13,onchain,500,248,47.698000,1419.344100,1165.435600,1213.133600,6.064900,true,4224,4352,0x098b50423eb1b80e5a7fb520438bb4f17cbf6c9b9e6ebef7938342aa2df694fe,0x0fc687a2a0ff407060788cff48a8795fb72c5d5c1c5e7ace3017c12ace37d25b
theo_n,11,253,false,9,13,onchain,500,249,58.173300,1419.344100,1172.538200,1230.711500,7.162200,true,4224,4352,0x098b50423eb1b80e5a7fb520438bb4f17cbf6c9b9e6ebef7938342aa2df694fe,0x22883b823b1489571b9345548d36e8a954dcd025de0b04f7911cb92ddae9f0c0
theo_n,11,254,false,9,13,onchain,500,250,64.470200,1419.344100,1215.122800,1279.593000,6.400200,true,4224,4352,0x098b50423eb1b80e5a7fb520438bb4f17cbf6c9b9e6ebef7938342aa2df694fe,0x06aefe36889e944554c0bfba064c14099209324c84484f7cead0b0fc2721cedb
theo_n,11,255,false,9,13,onchain,500,251,60.686600,1419.344100,1135.200900,1195.887500,6.078800,true,4224,4352,0x098b50423eb1b80e5a7fb520438bb4f17cbf6c9b9e6ebef7938342aa2df694fe,0x145d657f21439dc6c9e2bde7ace48104cea658ee03160bb6a74dfa6f77de8aab
theo_n,11,256,false,9,13,onchain,500,252,63.499100,1419.344100,1144.206700,1207.705800,5.522300,true,4224,4352,0x098b50423eb1b80e5a7fb520438bb4f17cbf6c9b9e6ebef7938342aa2df694fe,0x213a5c53e8d401a727fc495f82c4f9716da4d586351dd9d2c2937aee940256b7
theo_n,11,257,false,9,13,onchain,500,253,46.780200,1419.344100,1260.070200,1306.850400,6.539700,true,4224,4352,0x098b50423eb1b80e5a7fb520438bb4f17cbf6c9b9e6ebef7938342aa2df694fe,0x129596920613df72f1b51a01ba2d240dde9189ba8bce571a63a1f6c061efb954
theo_n,11,258,false,9,13,onchain,500,254,55.027800,1419.344100,1172.759100,1227.786900,6.841800,true,4224,4352,0x098b50423eb1b80e5a7fb520438bb4f17cbf6c9b9e6ebef7938342aa2df694fe,0x09b8f8929d1692fe3d358cc25686295748c1b1fadfb7c30cbfec622f9d80fd05
theo_n,11,259,false,9,13,onchain,500,255,65.900300,1419.344100,1164.765600,1230.665900,6.865600,true,4224,4352,0x098b50423eb1b80e5a7fb520438bb4f17cbf6c9b9e6ebef7938342aa2df694fe,0x0bab4493bbfde736a38be14ea8fdfde66333ae2107cfb41a9ddac4a3e9abb33b
theo_n,11,260,false,9,13,onchain,500,256,74.899600,1419.344100,1148.619900,1223.519500,6.584900,true,4224,4352,0x098b50423eb1b80e5a7fb520438bb4f17cbf6c9b9e6ebef7938342aa2df694fe,0x0273dfe329a161d0be4c0399d8130f91715f853183f8d2686ea659408b63e85a
theo_n,11,261,false,9,13,onchain,500,257,65.950200,1419.344100,1154.196800,1220.147000,6.093100,true,4224,4352,0x098b50423eb1b80e5a7fb520438bb4f17cbf6c9b9e6ebef7938342aa2df694fe,0x05e37e2666d2b2839c4d81cc0598d09f164406dcbfeedc117caaf487a940f444
theo_n,11,262,false,9,13,onchain,500,258,69.001500,1419.344100,1191.662900,1260.664400,6.664600,true,4224,4352,0x098b50423eb1b80e5a7fb520438bb4f17cbf6c9b9e6ebef7938342aa2df694fe,0x256f742a38acf6c1a9515ef36c9e4f1eb465c1084cb78949dc4b638af40d646e
theo_n,11,263,false,9,13,onchain,500,259,57.113900,1419.344100,1132.216600,1189.330500,6.355400,true,4224,4352,0x098b50423eb1b80e5a7fb520438bb4f17cbf6c9b9e6ebef7938342aa2df694fe,0x22da3d99a866b36f51c982949d7239cdda27998316552d92d9f9da5f34170e9a
theo_n,11,264,false,9,13,onchain,500,260,65.532300,1419.344100,1151.748000,1217.280300,8.085700,true,4224,4352,0x098b50423eb1b80e5a7fb520438bb4f17cbf6c9b9e6ebef7938342aa2df694fe,0x2eeb16245d057e1c821d3d115ab4b5dfaaaa7645ac5e97c43a56a1f4a7150914
theo_n,11,265,false,9,13,onchain,500,261,53.144000,1419.344100,1168.381100,1221.525100,6.315500,true,4224,4352,0x098b50423eb1b80e5a7fb520438bb4f17cbf6c9b9e6ebef7938342aa2df694fe,0x050f3eb658ce524599a8aa3b8d7270a9f39f9024f520e07d9c2957bbac0dd83f
theo_n,11,266,false,9,13,onchain,500,262,55.719500,1419.344100,1141.343700,1197.063200,6.352000,true,4224,4352,0x098b50423eb1b80e5a7fb520438bb4f17cbf6c9b9e6ebef7938342aa2df694fe,0x2ba47ecc5714b6eb7047b965817a6105041146195243108b88a4aaef2ad003c8
theo_n,11,267,false,9,13,onchain,500,263,51.667000,1419.344100,1171.572200,1223.239200,6.848800,true,4224,4352,0x098b50423eb1b80e5a7fb520438bb4f17cbf6c9b9e6ebef7938342aa2df694fe,0x2e324cb62c1f9e76d2ebad95ab692d390a6dff346fcc2f8c952dd39314156fb9
theo_n,11,268,false,9,13,onchain,500,264,66.246800,1419.344100,1179.464300,1245.711100,6.192800,true,4224,4352,0x098b50423eb1b80e5a7fb520438bb4f17cbf6c9b9e6ebef7938342aa2df694fe,0x25f19f2ed933082d6fbbb5bfac709e94b22d54cd2a606841adea1e0f33252529
theo_n,11,269,false,9,13,onchain,500,265,51.040500,1419.344100,1144.614200,1195.654700,5.826900,true,4224,4352,0x098b50423eb1b80e5a7fb520438bb4f17cbf6c9b9e6ebef7938342aa2df694fe,0x1b73fd036c6904bf7a1b55a35ef8a0322d4aa1afacbdc5b1f5dadda95f2e80d9
theo_n,11,270,false,9,13,onchain,500,266,61.584800,1419.344100,1180.950600,1242.535400,6.117100,true,4224,4352,0x098b50423eb1b80e5a7fb520438bb4f17cbf6c9b9e6ebef7938342aa2df694fe,0x0d1a891904ce26bcee3cb9f193ef9b557a571025c13617efc5ff3fb14a736eb4
theo_n,11,271,false,9,13,onchain,500,267,56.246900,1419.344100,1163.500900,1219.747800,6.182300,true,4224,4352,0x098b50423eb1b80e5a7fb520438bb4f17cbf6c9b9e6ebef7938342aa2df694fe,0x07a55a2cc78db673d6ae5e20b0ea0a4dc4565731018c7ff217b15c0007aed7f2
theo_n,11,272,false,9,13,onchain,500,268,48.622300,1419.344100,1188.555300,1237.177600,7.839900,true,4224,4352,0x098b50423eb1b80e5a7fb520438bb4f17cbf6c9b9e6ebef7938342aa2df694fe,0x1b3425cd994444788f818746c2e7c494544d30a6badeb85248e6ba6f4e1a800c
theo_n,11,273,false,9,13,onchain,500,269,46.486100,1419.344100,1187.573100,1234.059200,8.005200,true,4224,4352,0x098b50423eb1b80e5a7fb520438bb4f17cbf6c9b9e6ebef7938342aa2df694fe,0x2c26f5f83ded0ff33db808a3707ddc761b49e85e1553363811613e0c2c9d3d55
theo_n,11,274,false,9,13,onchain,500,270,63.540700,1419.344100,1198.404500,1261.945200,5.570300,true,4224,4352,0x098b50423eb1b80e5a7fb520438bb4f17cbf6c9b9e6ebef7938342aa2df694fe,0x27ab6471727dff3719ef7ffc1265547db50f19af6e3dfad86ccb95714f9a5d7e
theo_n,11,275,false,9,13,onchain,500,271,57.733200,1419.344100,1148.792200,1206.525400,6.468100,true,4224,4352,0x098b50423eb1b80e5a7fb520438bb4f17cbf6c9b9e6ebef7938342aa2df694fe,0x2eb89a47bfcb01aafba101688f54b1a659eaf923abcdf6feedf40c3336f23910
theo_n,11,276,false,9,13,onchain,500,272,51.826800,1419.344100,1199.617200,1251.444000,6.960300,true,4224,4352,0x098b50423eb1b80e5a7fb520438bb4f17cbf6c9b9e6ebef7938342aa2df694fe,0x01f877af3a44c875c5ed8ce6ff874d7f2e729e436c223d071c9bab848171ec74
theo_n,11,277,false,9,13,onchain,500,273,58.849600,1419.344100,1178.704100,1237.553700,6.025200,true,4224,4352,0x098b50423eb1b80e5a7fb520438bb4f17cbf6c9b9e6ebef7938342aa2df694fe,0x1540aab8dbb6cec70f4bcd0ce7a9a9ec2d01ae732153d9b3ce0132b30e5b4b79
theo_n,11,278,false,9,13,onchain,500,274,66.969800,1419.344100,1153.870600,1220.840400,5.824800,true,4224,4352,0x098b50423eb1b80e5a7fb520438bb4f17cbf6c9b9e6ebef7938342aa2df694fe,0x2472614978251e972b800f9d3fa0c405855b30b1bf99b4d2bded5447950babd5
theo_n,11,279,false,9,13,onchain,500,275,69.177200,1419.344100,1156.147500,1225.324700,6.216400,true,4224,4352,0x098b50423eb1b80e5a7fb520438bb4f17cbf6c9b9e6ebef7938342aa2df694fe,0x2ecc7b3800f519a1cdbfd4ae30504aa32c2ac390744aeef4ea5d705ec794980c
theo_n,11,280,false,9,13,onchain,500,276,59.005200,1419.344100,1272.664100,1331.669300,6.242700,true,4224,4352,0x098b50423eb1b80e5a7fb520438bb4f17cbf6c9b9e6ebef7938342aa2df694fe,0x16e181e2115c35c95e67629e1e264b486e3cd2a23231458b49757292f76d6e4b
theo_n,11,281,false,9,13,onchain,500,277,84.207900,1419.344100,1194.328900,1278.536800,6.565700,true,4224,4352,0x098b50423eb1b80e5a7fb520438bb4f17cbf6c9b9e6ebef7938342aa2df694fe,0x0fa08a215862bfe0e4c17fd8a7fc50c2305c2fd26baa4a1fa80b8af9f36c5d20
theo_n,11,282,false,9,13,onchain,500,278,64.351400,1419.344100,1148.510100,1212.861500,6.125500,true,4224,4352,0x098b50423eb1b80e5a7fb520438bb4f17cbf6c9b9e6ebef7938342aa2df694fe,0x1b3bf5c183a4d79b4be51a4c7850892bb9bce49b7de06522e8e2a9fb90360c13
theo_n,11,283,false,9,13,onchain,500,279,66.371200,1419.344100,1154.363800,1220.735000,6.561000,true,4224,4352,0x098b50423eb1b80e5a7fb520438bb4f17cbf6c9b9e6ebef7938342aa2df694fe,0x0aaaf59b863c164df792e94c16b3b8ada0c468ca3bd179729d18462393cddda0
theo_n,11,284,false,9,13,onchain,500,280,65.682700,1419.344100,1164.306600,1229.989300,5.633800,true,4224,4352,0x098b50423eb1b80e5a7fb520438bb4f17cbf6c9b9e6ebef7938342aa2df694fe,0x2b2e7002b4fde9470b70626703405c69ea6084bb225ab36c13cce721e6956ef3
theo_n,11,285,false,9,13,onchain,500,281,60.765700,1419.344100,1158.383900,1219.149600,6.839300,true,4224,4352,0x098b50423eb1b80e5a7fb520438bb4f17cbf6c9b9e6ebef7938342aa2df694fe,0x1431efacf1ed954c67b3e8d4d12850b1e7a1f3d8aa3e1c579094e8e871582c83
theo_n,11,286,false,9,13,onchain,500,282,63.483900,1419.344100,1171.636700,1235.120600,6.105900,true,4224,4352,0x098b50423eb1b80e5a7fb520438bb4f17cbf6c9b9e6ebef7938342aa2df694fe,0x0ce9a17572619681e0ae731dd40898647339b9416c0aaba7d464bf42a07f4b78
theo_n,11,287,false,9,13,onchain,500,283,64.729900,1419.344100,1159.316300,1224.046200,6.108300,true,4224,4352,0x098b50423eb1b80e5a7fb520438bb4f17cbf6c9b9e6ebef7938342aa2df694fe,0x26154f6664745752deecbb5ba83bd486b93ac9c77cc804c65d16fba210fe7909
theo_n,11,288,false,9,13,onchain,500,284,63.963300,1419.344100,1178.093200,1242.056500,6.123500,true,4224,4352,0x098b50423eb1b80e5a7fb520438bb4f17cbf6c9b9e6ebef7938342aa2df694fe,0x2c72121ede22164e725242e3e6d4bcfb26dc7d7f3b8da76187489274d70b8a6f
theo_n,11,289,false,9,13,onchain,500,285,60.484100,1419.344100,1190.290300,1250.774400,6.803600,true,4224,4352,0x098b50423eb1b80e5a7fb520438bb4f17cbf6c9b9e6ebef7938342aa2df694fe,0x03b2a12c78d2b5f466ab8b3f25a12b8df133b21dc585f9274af9daf158fa8d42
theo_n,11,290,false,9,13,onchain,500,286,67.286600,1419.344100,1162.699100,1229.985700,6.427300,true,4224,4352,0x098b50423eb1b80e5a7fb520438bb4f17cbf6c9b9e6ebef7938342aa2df694fe,0x02b78917243752d5eb913f64f02c2b30b97ca4f9d3cfc8f00da4d48c8feb2a88
theo_n,11,291,false,9,13,onchain,500,287,64.304200,1419.344100,1159.516300,1223.820500,5.877900,true,4224,4352,0x098b50423eb1b80e5a7fb520438bb4f17cbf6c9b9e6ebef7938342aa2df694fe,0x1da77fd8de37566085180015fec8404cacf7a2d5cd180288bb2944142ff5bf89
theo_n,11,292,false,9,13,onchain,500,288,44.898900,1419.344100,1160.817300,1205.716200,6.518900,true,4224,4352,0x098b50423eb1b80e5a7fb520438bb4f17cbf6c9b9e6ebef7938342aa2df694fe,0x1e658b47f89ceabf271c6f8f44451fbc0dcc3395e05370047bd0df20381091ef
theo_n,11,293,false,9,13,onchain,500,289,65.357600,1419.344100,1177.688100,1243.045700,6.816400,true,4224,4352,0x098b50423eb1b80e5a7fb520438bb4f17cbf6c9b9e6ebef7938342aa2df694fe,0x0a195ed7a2d9704acd2e32b8077bb3309442f51b505fcf3f8155664707ce3104
theo_n,11,294,false,9,13,onchain,500,290,63.802000,1419.344100,1174.682800,1238.484800,7.644100,true,4224,4352,0x098b50423eb1b80e5a7fb520438bb4f17cbf6c9b9e6ebef7938342aa2df694fe,0x1ec09be06e6c9211551e6b993af8a5c1702f96b177c3af931b079059ba0dec2e
theo_n,11,295,false,9,13,onchain,500,291,66.145800,1419.344100,1160.216900,1226.362700,6.501000,true,4224,4352,0x098b50423eb1b80e5a7fb520438bb4f17cbf6c9b9e6ebef7938342aa2df694fe,0x2c6bf8a146bc421ed3017f8ae39e8f649c56c07446e96d2cc210fe45ab350309
theo_n,11,296,false,9,13,onchain,500,292,63.210200,1419.344100,1146.814700,1210.024900,7.096900,true,4224,4352,0x098b50423eb1b80e5a7fb520438bb4f17cbf6c9b9e6ebef7938342aa2df694fe,0x10bc1ad8741f0d3049216725d2e3aa18850e1f0776d5b583c8d7ccf54e4e8398
theo_n,11,297,false,9,13,onchain,500,293,66.294700,1419.344100,1169.902300,1236.197000,5.624400,true,4224,4352,0x098b50423eb1b80e5a7fb520438bb4f17cbf6c9b9e6ebef7938342aa2df694fe,0x25d6f87b434119b3ee033b87875c280d4a0aef30b6ddb137a39f327883387c2f
theo_n,11,298,false,9,13,onchain,500,294,66.072800,1419.344100,1134.918500,1200.991300,6.202300,true,4224,4352,0x098b50423eb1b80e5a7fb520438bb4f17cbf6c9b9e6ebef7938342aa2df694fe,0x2d90252085b20aa667c2b9c9519f0815e21dfde49161c106bdbfb08b20043a84
theo_n,11,299,false,9,13,onchain,500,295,57.611000,1419.344100,1184.438400,1242.049400,9.756900,true,4224,4352,0x098b50423eb1b80e5a7fb520438bb4f17cbf6c9b9e6ebef7938342aa2df694fe,0x2fba855d2dbb6f112b18c55634cfe76cf45e009e902d3bbba84ef049b87791d0
theo_n,11,300,false,9,13,onchain,500,296,68.194300,1419.344100,1156.013000,1224.207300,6.644000,true,4224,4352,0x098b50423eb1b80e5a7fb520438bb4f17cbf6c9b9e6ebef7938342aa2df694fe,0x26ed0f074a95c716a837803a907ad3e7099d6f56e27020bab5828bf905560fcf
theo_n,11,301,false,9,13,onchain,500,297,57.284600,1419.344100,1183.912800,1241.197400,6.296700,true,4224,4352,0x098b50423eb1b80e5a7fb520438bb4f17cbf6c9b9e6ebef7938342aa2df694fe,0x13d065a59a0f5c872fe29642c29186de6b12e548479494b95bef41be4dbc3e97
theo_n,11,302,false,9,13,onchain,500,298,59.063000,1419.344100,1164.057200,1223.120200,5.507200,true,4224,4352,0x098b50423eb1b80e5a7fb520438bb4f17cbf6c9b9e6ebef7938342aa2df694fe,0x01e080677d2f1b417bd106d2d1537db95612ae997a0165701a8789b90058bd3f
theo_n,11,303,false,9,13,onchain,500,299,70.065000,1419.344100,1231.360300,1301.425300,6.874900,true,4224,4352,0x098b50423eb1b80e5a7fb520438bb4f17cbf6c9b9e6ebef7938342aa2df694fe,0x0bad777ee7e53cb50bb1a34026c5b600d6b9069343a3a1ee1f82b5341284f325
theo_n,11,304,false,9,13,onchain,500,300,62.223600,1419.344100,1163.079800,1225.303400,5.485500,true,4224,4352,0x098b50423eb1b80e5a7fb520438bb4f17cbf6c9b9e6ebef7938342aa2df694fe,0x29e9df1a9f6a929fb347fdd94a9a14daa7736582c5e73cdbf766d76f862b8c58
theo_n,11,305,false,9,13,onchain,500,301,55.322600,1419.344100,1198.681100,1254.003700,7.508100,true,4224,4352,0x098b50423eb1b80e5a7fb520438bb4f17cbf6c9b9e6ebef7938342aa2df694fe,0x2360af7a8639854b5bf50619a49908323f70e65a2265592a8eb29257c42e46b4
theo_n,11,306,false,9,13,onchain,500,302,66.739200,1419.344100,1275.529100,1342.268300,6.190800,true,4224,4352,0x098b50423eb1b80e5a7fb520438bb4f17cbf6c9b9e6ebef7938342aa2df694fe,0x28a961bf6b8ab2daac54fd3a011d9dd92fa752243b7e72901cd300e296d3d948
theo_n,11,307,false,9,13,onchain,500,303,66.123900,1419.344100,1170.204900,1236.328800,6.020200,true,4224,4352,0x098b50423eb1b80e5a7fb520438bb4f17cbf6c9b9e6ebef7938342aa2df694fe,0x1dcc13891f21da1e3cc763a16afec731bb0c8988e3610b636da0b2a008d7031a
theo_n,11,308,false,9,13,onchain,500,304,62.481700,1419.344100,1152.174400,1214.656100,5.927600,true,4224,4352,0x098b50423eb1b80e5a7fb520438bb4f17cbf6c9b9e6ebef7938342aa2df694fe,0x19e0202ff98298b101d39e3d4fe7f23b35f00d7c58c872115d14bcf595570357
theo_n,11,309,false,9,13,onchain,500,305,57.685800,1419.344100,1152.970300,1210.656100,6.409600,true,4224,4352,0x098b50423eb1b80e5a7fb520438bb4f17cbf6c9b9e6ebef7938342aa2df694fe,0x055772e98620995bf10f5d97b951622b053e9a142ce221a2c724adcded37f455
theo_n,11,310,false,9,13,onchain,500,306,65.645900,1419.344100,1156.504800,1222.150700,5.745000,true,4224,4352,0x098b50423eb1b80e5a7fb520438bb4f17cbf6c9b9e6ebef7938342aa2df694fe,0x065213b2081f56a0a24a0abf40d5812fc288f37c9abeab33898f23fd19adad1b
theo_n,11,311,false,9,13,onchain,500,307,66.141300,1419.344100,1162.582200,1228.723500,5.671100,true,4224,4352,0x098b50423eb1b80e5a7fb520438bb4f17cbf6c9b9e6ebef7938342aa2df694fe,0x13deb5509b4f3f347fd99d0db5be92a5df849a1394b1a8d443ca72b5f34cf9d5
theo_n,11,312,false,9,13,onchain,500,308,86.734300,1419.344100,1224.373400,1311.107700,6.699300,true,4224,4352,0x098b50423eb1b80e5a7fb520438bb4f17cbf6c9b9e6ebef7938342aa2df694fe,0x2a91370e7d4a3f84a7bbf55d3f19f42131c01e265cc5c184a50a0bf18067994f
theo_n,11,313,false,9,13,onchain,500,309,55.081900,1419.344100,1168.985400,1224.067300,5.750100,true,4224,4352,0x098b50423eb1b80e5a7fb520438bb4f17cbf6c9b9e6ebef7938342aa2df694fe,0x2e9441f3b1b27ec1e9e837bf5d2e32ff106c7e6e6aea479c676958cad5fa5edf
theo_n,11,314,false,9,13,onchain,500,310,63.585800,1419.344100,1153.074500,1216.660300,6.456500,true,4224,4352,0x098b50423eb1b80e5a7fb520438bb4f17cbf6c9b9e6ebef7938342aa2df694fe,0x07c71a48e349a6047c713105b236aab6c3d61b04aedf07535969e8697ad84cf1
theo_n,11,315,false,9,13,onchain,500,311,66.212400,1419.344100,1161.676000,1227.888400,6.146200,true,4224,4352,0x098b50423eb1b80e5a7fb520438bb4f17cbf6c9b9e6ebef7938342aa2df694fe,0x1055ac7069959a32a5ba629e0e5a7a5817b8f3b4a69aa6abe13eff713e4aef19
theo_n,11,316,false,9,13,onchain,500,312,65.121900,1419.344100,1163.862200,1228.984100,5.783000,true,4224,4352,0x098b50423eb1b80e5a7fb520438bb4f17cbf6c9b9e6ebef7938342aa2df694fe,0x095092b3da9bb6bf6c6c69e5b6819772f8288ff048b32f0c7dc3fc1c264602c0
theo_n,11,317,false,9,13,onchain,500,313,61.636700,1419.344100,1165.004300,1226.641000,6.462700,true,4224,4352,0x098b50423eb1b80e5a7fb520438bb4f17cbf6c9b9e6ebef7938342aa2df694fe,0x229ff620fc9f07679db5848d8066502bdaa08314bae46156ebe6acc5610103cf
theo_n,11,318,false,9,13,onchain,500,314,62.138100,1419.344100,1160.849000,1222.987100,5.710700,true,4224,4352,0x098b50423eb1b80e5a7fb520438bb4f17cbf6c9b9e6ebef7938342aa2df694fe,0x2a8c93405a03ec7df6408002ed9e3324d84c46bc227d44d3537e739d6d377147
theo_n,11,319,false,9,13,onchain,500,315,62.407200,1419.344100,1172.917100,1235.324300,6.957000,true,4224,4352,0x098b50423eb1b80e5a7fb520438bb4f17cbf6c9b9e6ebef7938342aa2df694fe,0x010c0957ae5bba1a2d5d707b26a2488ef46da238b08f879be8aa979387cfd0aa
theo_n,11,320,false,9,13,onchain,500,316,61.376100,1419.344100,1175.860600,1237.236700,6.390100,true,4224,4352,0x098b50423eb1b80e5a7fb520438bb4f17cbf6c9b9e6ebef7938342aa2df694fe,0x14b6fdfa8e46e3fceea1084881eee66fd9603f40bf35f4ee3af1cde8d2762175
theo_n,11,321,false,9,13,onchain,500,317,59.685900,1419.344100,1161.309100,1220.995000,6.880500,true,4224,4352,0x098b50423eb1b80e5a7fb520438bb4f17cbf6c9b9e6ebef7938342aa2df694fe,0x1f2d9647f78439d922c61a320d9b727a5be6302450b9a0df32d81b8b1b3a281a
theo_n,11,322,false,9,13,onchain,500,318,65.881500,1419.344100,1137.634500,1203.516000,6.370200,true,4224,4352,0x098b50423eb1b80e5a7fb520438bb4f17cbf6c9b9e6ebef7938342aa2df694fe,0x1f626d575bd1984f2eb74dcb8d863a130ac3d1af50f3efa8c845ca9b531c7e14
theo_n,11,323,false,9,13,onchain,500,319,63.486600,1419.344100,1148.743000,1212.229600,6.056300,true,4224,4352,0x098b50423eb1b80e5a7fb520438bb4f17cbf6c9b9e6ebef7938342aa2df694fe,0x0dec1f0ca4dc721f9f7a8dd729be3ed84a8c9b78dc5a36a4ab24ec56990c5796
theo_n,11,324,false,9,13,onchain,500,320,59.593700,1419.344100,1180.483300,1240.077000,6.105400,true,4224,4352,0x098b50423eb1b80e5a7fb520438bb4f17cbf6c9b9e6ebef7938342aa2df694fe,0x002d16b36d6de7474a2ec6ef4c2b5dfe8555d2c0fefc4b45f56f671899f39f19
theo_n,11,325,false,9,13,onchain,500,321,53.068900,1419.344100,1150.464700,1203.533600,6.541600,true,4224,4352,0x098b50423eb1b80e5a7fb520438bb4f17cbf6c9b9e6ebef7938342aa2df694fe,0x2b2817bc9643603901e9ed0e7a86d1925b681e557ea4ae5f45137ad1836e0fc9
theo_n,11,326,false,9,13,onchain,500,322,64.536300,1419.344100,1168.525000,1233.061300,6.356800,true,4224,4352,0x098b50423eb1b80e5a7fb520438bb4f17cbf6c9b9e6ebef7938342aa2df694fe,0x287b1719aa0e7765f94a2d4f54ee64d2bdb32bf72a0402d29106e298a0cfdf77
theo_n,11,327,false,9,13,onchain,500,323,64.205300,1419.344100,1138.680700,1202.886000,7.628700,true,4224,4352,0x098b50423eb1b80e5a7fb520438bb4f17cbf6c9b9e6ebef7938342aa2df694fe,0x275fda5f4888a155da450b110d64dc9a01467d93492c05b3dcff6ab1af0e9fbf
theo_n,11,328,false,9,13,onchain,500,324,65.504300,1419.344100,1199.064700,1264.569000,7.030500,true,4224,4352,0x098b50423eb1b80e5a7fb520438bb4f17cbf6c9b9e6ebef7938342aa2df694fe,0x095c6031ca7edfb03f9399642d2742f1b595290521f05f2c20339fe4df8b3931
theo_n,11,329,false,9,13,onchain,500,325,60.613800,1419.344100,1162.736500,1223.350300,6.737100,true,4224,4352,0x098b50423eb1b80e5a7fb520438bb4f17cbf6c9b9e6ebef7938342aa2df694fe,0x17d3d37d5e35f46a2a3fb234d1d1652ca475755f1a07082fd11c0e3a876761a6
theo_n,11,330,false,9,13,onchain,500,326,58.932000,1419.344100,1158.327500,1217.259500,5.667700,true,4224,4352,0x098b50423eb1b80e5a7fb520438bb4f17cbf6c9b9e6ebef7938342aa2df694fe,0x1ac75c6ed9f90de62f9775ff423b1ff839ac9958915851696307b7a7d6450db6
theo_n,11,331,false,9,13,onchain,500,327,60.528400,1419.344100,1137.394500,1197.922900,6.637600,true,4224,4352,0x098b50423eb1b80e5a7fb520438bb4f17cbf6c9b9e6ebef7938342aa2df694fe,0x0c2d971bce31e07f0a4d4de39b5c6bac3335d5febb655089ed885cea978a0bb9
theo_n,11,332,false,9,13,onchain,500,328,60.204400,1419.344100,1178.674700,1238.879100,5.710800,true,4224,4352,0x098b50423eb1b80e5a7fb520438bb4f17cbf6c9b9e6ebef7938342aa2df694fe,0x075654f1c9e5abe5fce4baccbe6da07810dffabc979728eedf550abd56074ba4
theo_n,11,333,false,9,13,onchain,500,329,62.082800,1419.344100,1173.212900,1235.295700,5.943200,true,4224,4352,0x098b50423eb1b80e5a7fb520438bb4f17cbf6c9b9e6ebef7938342aa2df694fe,0x0a63eac5908ab14b7879638596b87d9140c5474707a3ad072e2f1a34645752ba
theo_n,11,334,false,9,13,onchain,500,330,52.272700,1419.344100,1164.268600,1216.541300,7.228800,true,4224,4352,0x098b50423eb1b80e5a7fb520438bb4f17cbf6c9b9e6ebef7938342aa2df694fe,0x08e9b9b4e26fc3aca37bccf5629f51a451dbb6ea41a9b4882a3d78932409045a
theo_n,11,335,false,9,13,onchain,500,331,63.808100,1419.344100,1133.739400,1197.547500,5.455400,true,4224,4352,0x098b50423eb1b80e5a7fb520438bb4f17cbf6c9b9e6ebef7938342aa2df694fe,0x098ff9bfabd2578b64849f372dfccc3889e8f48dd1d57d81e3d9e88fbd994c78
theo_n,11,336,false,9,13,onchain,500,332,58.690900,1419.344100,1171.665100,1230.356000,6.536100,true,4224,4352,0x098b50423eb1b80e5a7fb520438bb4f17cbf6c9b9e6ebef7938342aa2df694fe,0x1db4b736a2b0ecc19a65c0c07835152665c8e62915ffa56fa7ab6503f5c9bd19
theo_n,11,337,false,9,13,onchain,500,333,62.343600,1419.344100,1163.065800,1225.409400,5.550300,true,4224,4352,0x098b50423eb1b80e5a7fb520438bb4f17cbf6c9b9e6ebef7938342aa2df694fe,0x2bc5afd849a1330fc452535400ac1d4d8390ff4fc994c438f681397683bc1753
theo_n,11,338,false,9,13,onchain,500,334,63.202100,1419.344100,1182.552500,1245.754600,6.079600,true,4224,4352,0x098b50423eb1b80e5a7fb520438bb4f17cbf6c9b9e6ebef7938342aa2df694fe,0x12216d0a1f27606101af6298d2b5d879870b6c64de2f8873b7fd2b23867b9935
theo_n,11,339,false,9,13,onchain,500,335,59.910200,1419.344100,1179.358700,1239.268900,7.377300,true,4224,4352,0x098b50423eb1b80e5a7fb520438bb4f17cbf6c9b9e6ebef7938342aa2df694fe,0x2839f37d67552efb8cead8faa71bb56779c63441b8b5b103c3f779de4528692f
theo_n,11,340,false,9,13,onchain,500,336,66.045200,1419.344100,1172.116600,1238.161800,5.613700,true,4224,4352,0x098b50423eb1b80e5a7fb520438bb4f17cbf6c9b9e6ebef7938342aa2df694fe,0x204f2b2dc108ebd91b8e8e9b95eea64bb1a6cb4f5ab54c2c0026fd7e839ae592
theo_n,11,341,false,9,13,onchain,500,337,63.153100,1419.344100,1158.448900,1221.602000,6.127500,true,4224,4352,0x098b50423eb1b80e5a7fb520438bb4f17cbf6c9b9e6ebef7938342aa2df694fe,0x204d869a69ccfa457f8806504f9890bc280efc739f3f0ecf9fc1eb0fb6528c59
theo_n,11,342,false,9,13,onchain,500,338,64.269900,1419.344100,1178.552800,1242.822700,7.877400,true,4224,4352,0x098b50423eb1b80e5a7fb520438bb4f17cbf6c9b9e6ebef7938342aa2df694fe,0x04b5d935609dfcb26d7a583849391abb7d04dfd1781f9026cce73dabe6b5ffc5
theo_n,11,343,false,9,13,onchain,500,339,64.757600,1419.344100,1126.425100,1191.182700,6.156100,true,4224,4352,0x098b50423eb1b80e5a7fb520438bb4f17cbf6c9b9e6ebef7938342aa2df694fe,0x152536451a8e9393f717d73e334bfa8514a176570f84aacc7c013645e671935a
theo_n,11,344,false,9,13,onchain,500,340,55.701200,1419.344100,1164.609700,1220.310900,8.837000,true,4224,4352,0x098b50423eb1b80e5a7fb520438bb4f17cbf6c9b9e6ebef7938342aa2df694fe,0x0457c3089a76f9a9d8acf8fc0271db28cb47b4da13a71cd9ebb0d4f85b06dc91
theo_n,11,345,false,9,13,onchain,500,341,65.362600,1419.344100,1166.508400,1231.871000,7.566600,true,4224,4352,0x098b50423eb1b80e5a7fb520438bb4f17cbf6c9b9e6ebef7938342aa2df694fe,0x2efb0c793ef2952e6286b0c951664e67f457f2399d5e05fa4f0bb48c137ef7af
theo_n,11,346,false,9,13,onchain,500,342,55.111100,1419.344100,1183.192500,1238.303600,6.738900,true,4224,4352,0x098b50423eb1b80e5a7fb520438bb4f17cbf6c9b9e6ebef7938342aa2df694fe,0x07c6757702a5062212213dfa130caee8e8c66080fd605f2c89c4bd459c0eb506
theo_n,11,347,false,9,13,onchain,500,343,61.506400,1419.344100,1163.513000,1225.019400,6.176700,true,4224,4352,0x098b50423eb1b80e5a7fb520438bb4f17cbf6c9b9e6ebef7938342aa2df694fe,0x1f31d06804fe9d643009a57a3670fbf5708c1c3c6251624db210bc9f18177456
theo_n,11,348,false,9,13,onchain,500,344,63.886800,1419.344100,1172.779800,1236.666600,7.771800,true,4224,4352,0x098b50423eb1b80e5a7fb520438bb4f17cbf6c9b9e6ebef7938342aa2df694fe,0x2e37e091fc8c192e870e9a1bc151044c6f827a9d7b31a863df824e406f8c7cd1
theo_n,11,349,false,9,13,onchain,500,345,64.858200,1419.344100,1140.056300,1204.914500,7.562100,true,4224,4352,0x098b50423eb1b80e5a7fb520438bb4f17cbf6c9b9e6ebef7938342aa2df694fe,0x226079d37d6b5905b792bcf76b2799b0253b82604264870bcec2afc3472d5c73
theo_n,11,350,false,9,13,onchain,500,346,66.688100,1419.344100,1164.820900,1231.509000,5.856400,true,4224,4352,0x098b50423eb1b80e5a7fb520438bb4f17cbf6c9b9e6ebef7938342aa2df694fe,0x117db97a81840683d5f0024370805bbb38977ea928586ac4f07b751d7b8585aa
theo_n,11,351,false,9,13,onchain,500,347,67.814600,1419.344100,1144.465500,1212.280100,5.883300,true,4224,4352,0x098b50423eb1b80e5a7fb520438bb4f17cbf6c9b9e6ebef7938342aa2df694fe,0x254f554195b2795e198655ca2a08c0d3b52361f517bfc45abf441ff5f97cb8c0
theo_n,11,352,false,9,13,onchain,500,348,66.897800,1419.344100,1177.130200,1244.028000,5.880900,true,4224,4352,0x098b50423eb1b80e5a7fb520438bb4f17cbf6c9b9e6ebef7938342aa2df694fe,0x1593770d9d55f43a7cdb36fc0fc3822fa5eb57dd09ab2b86b6688d899c0597a3
theo_n,11,353,false,9,13,onchain,500,349,64.505600,1419.344100,1176.024600,1240.530200,6.375700,true,4224,4352,0x098b50423eb1b80e5a7fb520438bb4f17cbf6c9b9e6ebef7938342aa2df694fe,0x20e21d8732cbae26a5eb1e3a08fa1d385815993a3e06bf751447c239e53ebec2
theo_n,11,354,false,9,13,onchain,500,350,62.181500,1419.344100,1303.420200,1365.601700,5.693500,true,4224,4352,0x098b50423eb1b80e5a7fb520438bb4f17cbf6c9b9e6ebef7938342aa2df694fe,0x0e99cfc4fe2b4260a2b9ad2ea8a798e983acf32369ddff77b9bbbfb006aea219
theo_n,11,355,false,9,13,onchain,500,351,60.654400,1419.344100,1163.385400,1224.039800,6.277100,true,4224,4352,0x098b50423eb1b80e5a7fb520438bb4f17cbf6c9b9e6ebef7938342aa2df694fe,0x02561cbf09126048622749b6c4fb1d96e7c743c3ddd00c24fe36a90236a1b716
theo_n,11,356,false,9,13,onchain,500,352,57.057900,1419.344100,1188.454200,1245.512100,7.316700,true,4224,4352,0x098b50423eb1b80e5a7fb520438bb4f17cbf6c9b9e6ebef7938342aa2df694fe,0x1b60a8b5553baadbaddd458ba1d262ab05296dcadb500fffc6521c0670d859de
theo_n,11,357,false,9,13,onchain,500,353,65.270500,1419.344100,1145.171600,1210.442100,6.123900,true,4224,4352,0x098b50423eb1b80e5a7fb520438bb4f17cbf6c9b9e6ebef7938342aa2df694fe,0x28c3e736537efd4af55e4024deafcb55b364d5be65156ae12c48fb5d62772ff0
theo_n,11,358,false,9,13,onchain,500,354,66.578800,1419.344100,1145.816600,1212.395400,6.094600,true,4224,4352,0x098b50423eb1b80e5a7fb520438bb4f17cbf6c9b9e6ebef7938342aa2df694fe,0x04b39fd3e5f335a5b634bd563ba92eb4d8fa3f7e32fe4b6a4bc9ac1fd43c19ca
theo_n,11,359,false,9,13,onchain,500,355,59.264700,1419.344100,1172.416900,1231.681600,6.163800,true,4224,4352,0x098b50423eb1b80e5a7fb520438bb4f17cbf6c9b9e6ebef7938342aa2df694fe,0x0004225074508fa3022f90e37e6c870a9b686a8123ef5bbe2056904cf37642db
theo_n,11,360,false,9,13,onchain,500,356,64.723400,1419.344100,1140.376500,1205.099900,6.955700,true,4224,4352,0x098b50423eb1b80e5a7fb520438bb4f17cbf6c9b9e6ebef7938342aa2df694fe,0x021bebfbfc5cca243be6d61f58c6fcfc3b49fd9f33fababe9cb255a21de6777c
theo_n,11,361,false,9,13,onchain,500,357,66.205400,1419.344100,1192.748600,1258.954000,7.193600,true,4224,4352,0x098b50423eb1b80e5a7fb520438bb4f17cbf6c9b9e6ebef7938342aa2df694fe,0x050f085ab3e5f5c3eb150a35091b609b024454e337120d29ab9b71776fc7338d
theo_n,11,362,false,9,13,onchain,500,358,62.742500,1419.344100,1197.485200,1260.227700,6.491500,true,4224,4352,0x098b50423eb1b80e5a7fb520438bb4f17cbf6c9b9e6ebef7938342aa2df694fe,0x222c67432c9adedc49d9236e9654816e0cf5c7e793e5f52d51452e4d94e61b34
theo_n,11,363,false,9,13,onchain,500,359,61.987400,1419.344100,1134.242700,1196.230100,6.196800,true,4224,4352,0x098b50423eb1b80e5a7fb520438bb4f17cbf6c9b9e6ebef7938342aa2df694fe,0x27b239bf70d964ad2873d0a1bfdc4491651f20e30617f39306e3109f9444ae1f
theo_n,11,364,false,9,13,onchain,500,360,64.598700,1419.344100,1162.768600,1227.367300,5.869100,true,4224,4352,0x098b50423eb1b80e5a7fb520438bb4f17cbf6c9b9e6ebef7938342aa2df694fe,0x1e1b5831fdf4b76d30e9b076372b1a47468a39c721bfd22182db547151d10305
theo_n,11,365,false,9,13,onchain,500,361,66.668500,1419.344100,1203.211400,1269.879900,6.321400,true,4224,4352,0x098b50423eb1b80e5a7fb520438bb4f17cbf6c9b9e6ebef7938342aa2df694fe,0x0605aa46ac40963353ba3f275bdaa747c1794498b7645bbd422dbae339555c55
theo_n,11,366,false,9,13,onchain,500,362,48.706900,1419.344100,1148.261800,1196.968700,6.159300,true,4224,4352,0x098b50423eb1b80e5a7fb520438bb4f17cbf6c9b9e6ebef7938342aa2df694fe,0x1851f7753135b8747d9eb910c77c916cf827ea9f2155dc9d379ef2afa367a772
theo_n,11,367,false,9,13,onchain,500,363,65.694000,1419.344100,1152.252700,1217.946700,6.910400,true,4224,4352,0x098b50423eb1b80e5a7fb520438bb4f17cbf6c9b9e6ebef7938342aa2df694fe,0x16fc1f235038e480513f38e613e2d02f17b4832841d68c8ef401b09167c9ff5f
theo_n,11,368,false,9,13,onchain,500,364,61.955200,1419.344100,1155.164700,1217.119900,5.891700,true,4224,4352,0x098b50423eb1b80e5a7fb520438bb4f17cbf6c9b9e6ebef7938342aa2df694fe,0x193a1a014690b7724bf6978a4714fe2a0476d1eef7c299ca5f750f3cd17874eb
theo_n,11,369,false,9,13,onchain,500,365,64.290300,1419.344100,1187.284300,1251.574600,7.124600,true,4224,4352,0x098b50423eb1b80e5a7fb520438bb4f17cbf6c9b9e6ebef7938342aa2df694fe,0x0f963c37f6669553709742d3391b6f600bb9eeee0f58acf2765960e71eb5b81c
theo_n,11,370,false,9,13,onchain,500,366,65.222700,1419.344100,1166.727000,1231.949700,7.085000,true,4224,4352,0x098b50423eb1b80e5a7fb520438bb4f17cbf6c9b9e6ebef7938342aa2df694fe,0x303b6b066769651941ebaaebfcd8040f41a717542235e1f57492ed152123cff2
theo_n,11,371,false,9,13,onchain,500,367,57.382300,1419.344100,1164.443000,1221.825300,7.128800,true,4224,4352,0x098b50423eb1b80e5a7fb520438bb4f17cbf6c9b9e6ebef7938342aa2df694fe,0x2ed695d8f21d493b9d35e98eaf8a93b2d7366dc343dd2584f504aa5e64116990
theo_n,11,372,false,9,13,onchain,500,368,42.149000,1419.344100,1173.976800,1216.125800,5.402900,true,4224,4352,0x098b50423eb1b80e5a7fb520438bb4f17cbf6c9b9e6ebef7938342aa2df694fe,0x1ad4f7e67fe4ff1b47a8341daf54ba4cfc10c65cf1044c60def6d901a807ed46
theo_n,11,373,false,9,13,onchain,500,369,75.926600,1419.344100,1152.747000,1228.673600,7.003000,true,4224,4352,0x098b50423eb1b80e5a7fb520438bb4f17cbf6c9b9e6ebef7938342aa2df694fe,0x0c5a630d9f98b120bc544c96c47eec11640c6ab4b933c80d522151a3ff6adf8a
theo_n,11,374,false,9,13,onchain,500,370,68.744000,1419.344100,1159.229200,1227.973200,7.115800,true,4224,4352,0x098b50423eb1b80e5a7fb520438bb4f17cbf6c9b9e6ebef7938342aa2df694fe,0x03f5612ddf0d430300b9710c7d5770ca54ee984d0d55902c9e31fec569bca9e3
theo_n,11,375,false,9,13,onchain,500,371,66.833100,1419.344100,1154.038400,1220.871500,6.491200,true,4224,4352,0x098b50423eb1b80e5a7fb520438bb4f17cbf6c9b9e6ebef7938342aa2df694fe,0x1e849df2f825791fd8ed533d294b831c090962116777818d7fe8e404e5c063fd
theo_n,11,376,false,9,13,onchain,500,372,66.010700,1419.344100,1150.171100,1216.181800,6.128100,true,4224,4352,0x098b50423eb1b80e5a7fb520438bb4f17cbf6c9b9e6ebef7938342aa2df694fe,0x18cfa5c6cd646ef374aab2e94e771ad9364cf8d95486dbb632ede7bba8b9c2b8
theo_n,11,377,false,9,13,onchain,500,373,66.648000,1419.344100,1267.901900,1334.549900,6.368900,true,4224,4352,0x098b50423eb1b80e5a7fb520438bb4f17cbf6c9b9e6ebef7938342aa2df694fe,0x25b65d1c3a0bc65503d9a28d15da14bdd9f67ae4de7a884deeedb518e97a9262
theo_n,11,378,false,9,13,onchain,500,374,85.357000,1419.344100,1227.971500,1313.328500,6.229600,true,4224,4352,0x098b50423eb1b80e5a7fb520438bb4f17cbf6c9b9e6ebef7938342aa2df694fe,0x04814392968319dd081a9b03644408df0f13373cd048e655a8b8de0a52e23270
theo_n,11,379,false,9,13,onchain,500,375,63.122900,1419.344100,1151.655100,1214.778000,7.153400,true,4224,4352,0x098b50423eb1b80e5a7fb520438bb4f17cbf6c9b9e6ebef7938342aa2df694fe,0x118f2bc8abc13248898a6bcd9a243f7ca0a998ade21b658f26f4157747c66bb1
theo_n,11,380,false,9,13,onchain,500,376,65.021600,1419.344100,1143.745700,1208.767300,5.671500,true,4224,4352,0x098b50423eb1b80e5a7fb520438bb4f17cbf6c9b9e6ebef7938342aa2df694fe,0x162d42cc97848b8015e6f6973e026d6782e2a7cb2fb68038286cbc81d7508eda
theo_n,11,381,false,9,13,onchain,500,377,67.575000,1419.344100,1171.782600,1239.357600,6.228900,true,4224,4352,0x098b50423eb1b80e5a7fb520438bb4f17cbf6c9b9e6ebef7938342aa2df694fe,0x157e57147367313af2ccdb0b69a90f60da885d73b45344e360fbc625f7696351
theo_n,11,382,false,9,13,onchain,500,378,61.465400,1419.344100,1168.333200,1229.798600,6.598600,true,4224,4352,0x098b50423eb1b80e5a7fb520438bb4f17cbf6c9b9e6ebef7938342aa2df694fe,0x0ad9f8b60ac2b27db29f8d015c05982cd6a7f9fe5461daae00a8f8e7b10bb470
theo_n,11,383,false,9,13,onchain,500,379,62.210800,1419.344100,1168.647700,1230.858500,6.290300,true,4224,4352,0x098b50423eb1b80e5a7fb520438bb4f17cbf6c9b9e6ebef7938342aa2df694fe,0x02d5dff1d08df114839ef1dc507caa525323fb9828ac5daac4983bbfb43f03ee
theo_n,11,384,false,9,13,onchain,500,380,59.783400,1419.344100,1153.851500,1213.634900,6.189300,true,4224,4352,0x098b50423eb1b80e5a7fb520438bb4f17cbf6c9b9e6ebef7938342aa2df694fe,0x07e27bc2513cc928d26b30eb92d217d53a1f2efa7ec91e9f3281e5893d80ea14
theo_n,11,385,false,9,13,onchain,500,381,64.868900,1419.344100,1154.459500,1219.328400,6.158600,true,4224,4352,0x098b50423eb1b80e5a7fb520438bb4f17cbf6c9b9e6ebef7938342aa2df694fe,0x17398fc5f1d2e60159ce1452da7355a2234e2843260b50b40ded9b9d1d7fc2c5
theo_n,11,386,false,9,13,onchain,500,382,63.927900,1419.344100,1191.786700,1255.714600,6.625700,true,4224,4352,0x098b50423eb1b80e5a7fb520438bb4f17cbf6c9b9e6ebef7938342aa2df694fe,0x1bcd1df4387375c9e3d385db43f832b4b6fe272b45f7e52252b39bb8382252e4
theo_n,11,387,false,9,13,onchain,500,383,63.038400,1419.344100,1147.110400,1210.148800,6.244300,true,4224,4352,0x098b50423eb1b80e5a7fb520438bb4f17cbf6c9b9e6ebef7938342aa2df694fe,0x28bd69fe5fd086a619856936b40121a7155f548d42a84f35bce33cd48f7c5b79
theo_n,11,388,false,9,13,onchain,500,384,45.444800,1419.344100,1135.873700,1181.318500,6.414200,true,4224,4352,0x098b50423eb1b80e5a7fb520438bb4f17cbf6c9b9e6ebef7938342aa2df694fe,0x1e7e3f9f39ceb8265b464c07373a4b37a800558074e78b931da84545f6d94e6d
theo_n,11,389,false,9,13,onchain,500,385,65.034200,1419.344100,1154.601300,1219.635500,6.915400,true,4224,4352,0x098b50423eb1b80e5a7fb520438bb4f17cbf6c9b9e6ebef7938342aa2df694fe,0x0de1feb02f5d7b62cce3ccea8a74c6a75a1062001c1a44cae3b015de71aba263
theo_n,11,390,false,9,13,onchain,500,386,65.470300,1419.344100,1158.764500,1224.234800,5.723000,true,4224,4352,0x098b50423eb1b80e5a7fb520438bb4f17cbf6c9b9e6ebef7938342aa2df694fe,0x0ccf0155d5e5543303c4ae684ea5d6d3506eadcac2a6ce0b43d37b55f33f3ae7
theo_n,11,391,false,9,13,onchain,500,387,43.263600,1419.344100,1179.845600,1223.109200,7.356200,true,4224,4352,0x098b50423eb1b80e5a7fb520438bb4f17cbf6c9b9e6ebef7938342aa2df694fe,0x092407afbdab9b40602d5946175c6668381b10d76ec0d1fc625720ab89492697
theo_n,11,392,false,9,13,onchain,500,388,65.323300,1419.344100,1132.087100,1197.410400,5.823700,true,4224,4352,0x098b50423eb1b80e5a7fb520438bb4f17cbf6c9b9e6ebef7938342aa2df694fe,0x057debe0a69bdb13be5df68e059ebc5810b7a076ae38389e59938c99084ee97e
theo_n,11,393,false,9,13,onchain,500,389,62.216700,1419.344100,1168.875400,1231.092100,7.247800,true,4224,4352,0x098b50423eb1b80e5a7fb520438bb4f17cbf6c9b9e6ebef7938342aa2df694fe,0x303a402911f18f755f5c1a87ec99a33b77d1c2577916758ef573ab2194af50d9
theo_n,11,394,false,9,13,onchain,500,390,59.184700,1419.344100,1151.776700,1210.961400,7.070500,true,4224,4352,0x098b50423eb1b80e5a7fb520438bb4f17cbf6c9b9e6ebef7938342aa2df694fe,0x263992a8e602149f3b6505ad16e7f04e696f8125783000c71d2ecc897e2a52b7
theo_n,11,395,false,9,13,onchain,500,391,67.271200,1419.344100,1172.087600,1239.358800,6.732300,true,4224,4352,0x098b50423eb1b80e5a7fb520438bb4f17cbf6c9b9e6ebef7938342aa2df694fe,0x2db9482626db14404a768c8465161d5833bab0bdd0cee894e56dce89b9eb09fd
theo_n,11,396,false,9,13,onchain,500,392,64.953800,1419.344100,1160.121400,1225.075200,5.661800,true,4224,4352,0x098b50423eb1b80e5a7fb520438bb4f17cbf6c9b9e6ebef7938342aa2df694fe,0x172df5a3f063b8f4f9c1d0f322ca54fa2d5f74aaf6562a8806fdfe2ca2e0483e
theo_n,11,397,false,9,13,onchain,500,393,62.590000,1419.344100,1180.192300,1242.782300,6.557200,true,4224,4352,0x098b50423eb1b80e5a7fb520438bb4f17cbf6c9b9e6ebef7938342aa2df694fe,0x12c6243e284afc10fb4414ac11753f093a708b67c527cf722831b3a7a593cb08
theo_n,11,398,false,9,13,onchain,500,394,64.530500,1419.344100,1179.673300,1244.203800,7.088900,true,4224,4352,0x098b50423eb1b80e5a7fb520438bb4f17cbf6c9b9e6ebef7938342aa2df694fe,0x12096b14d65088c6387377b9d89127c1ce5a0b1f72408edea1b850e9e359aa9e
theo_n,11,399,false,9,13,onchain,500,395,65.873400,1419.344100,1170.962500,1236.835900,5.601900,true,4224,4352,0x098b50423eb1b80e5a7fb520438bb4f17cbf6c9b9e6ebef7938342aa2df694fe,0x18b1832ec6179c73f03c78110ac55f45acae9d0d5117cf6c03da7814f79e5d8f
theo_n,11,400,false,9,13,onchain,500,396,63.692300,1419.344100,1145.359700,1209.052000,6.471100,true,4224,4352,0x098b50423eb1b80e5a7fb520438bb4f17cbf6c9b9e6ebef7938342aa2df694fe,0x113de8491220bb5eb508d65cc8ee0e1ceb7a712b1a9b95fc93acd8856ecb28f5
theo_n,11,401,false,9,13,onchain,500,397,63.902500,1419.344100,1154.794900,1218.697400,5.923800,true,4224,4352,0x098b50423eb1b80e5a7fb520438bb4f17cbf6c9b9e6ebef7938342aa2df694fe,0x27a010cf4e19c4a88e2edb7f04ac75b764b8e24719dc82dbbd0c0f7c8934be1e
theo_n,11,402,false,9,13,onchain,500,398,58.888700,1419.344100,1199.975800,1258.864500,8.067700,true,4224,4352,0x098b50423eb1b80e5a7fb520438bb4f17cbf6c9b9e6ebef7938342aa2df694fe,0x0b023dd915cb016b7238b5bdd3190fe98abd3504c6dbfba463d90bb38ff29ad2
theo_n,11,403,false,9,13,onchain,500,399,74.872800,1419.344100,1241.984100,1316.856900,6.166200,true,4224,4352,0x098b50423eb1b80e5a7fb520438bb4f17cbf6c9b9e6ebef7938342aa2df694fe,0x1a7e6c56f626be3e54886b792935dd23863f6915b323aa78148b70ab13ec5273
theo_n,11,404,false,9,13,onchain,500,400,60.494700,1419.344100,1153.721000,1214.215700,8.542900,true,4224,4352,0x098b50423eb1b80e5a7fb520438bb4f17cbf6c9b9e6ebef7938342aa2df694fe,0x2a2bffaf3fae1687545dfd12db373e7029a50e1e72ae6a4acfcbd733129c205d
theo_n,11,405,false,9,13,onchain,500,401,64.533700,1419.344100,1166.988100,1231.521800,7.358200,true,4224,4352,0x098b50423eb1b80e5a7fb520438bb4f17cbf6c9b9e6ebef7938342aa2df694fe,0x2cc4cf0733e1349358e8a570eac07ff818161987e3a18bfde63a9f0b95deca6d
theo_n,11,406,false,9,13,onchain,500,402,65.858000,1419.344100,1125.212300,1191.070300,5.844400,true,4224,4352,0x098b50423eb1b80e5a7fb520438bb4f17cbf6c9b9e6ebef7938342aa2df694fe,0x1b8c0ebcb5cf1b7c144731c42fbfeebd4519c91bbe045821496f2975128cd66c
theo_n,11,407,false,9,13,onchain,500,403,65.707200,1419.344100,1167.610200,1233.317400,7.072900,true,4224,4352,0x098b50423eb1b80e5a7fb520438bb4f17cbf6c9b9e6ebef7938342aa2df694fe,0x2db8f99903aebf090472808a8ea677cc1579e7aa758397d7fd28dd09d7b51280
theo_n,11,408,false,9,13,onchain,500,404,62.732600,1419.344100,1132.966800,1195.699400,6.501900,true,4224,4352,0x098b50423eb1b80e5a7fb520438bb4f17cbf6c9b9e6ebef7938342aa2df694fe,0x0bf0ebb05a15be9b640ea65b8d18d6832cad86267bf6cb999ad43d7d749ad1be
theo_n,11,409,false,9,13,onchain,500,405,67.105800,1419.344100,1168.728100,1235.833900,6.149200,true,4224,4352,0x098b50423eb1b80e5a7fb520438bb4f17cbf6c9b9e6ebef7938342aa2df694fe,0x1b988085e3126ddfb6a991df1c0f573fa0e6f9965ef6b3f10de414b3fdd35013
theo_n,11,410,false,9,13,onchain,500,406,65.212400,1419.344100,1157.725700,1222.938100,7.283400,true,4224,4352,0x098b50423eb1b80e5a7fb520438bb4f17cbf6c9b9e6ebef7938342aa2df694fe,0x154bfdb6e90d7431315c386cc66abcbf3958bded588b405520a34f7d4f56e666
theo_n,11,411,false,9,13,onchain,500,407,66.091000,1419.344100,1172.219000,1238.310000,5.994300,true,4224,4352,0x098b50423eb1b80e5a7fb520438bb4f17cbf6c9b9e6ebef7938342aa2df694fe,0x09dcc218c82397618550beef8f8255788a9ec1329b4e16b1effb79dd16db6db8
theo_n,11,412,false,9,13,onchain,500,408,55.999000,1419.344100,1161.686800,1217.685800,6.501800,true,4224,4352,0x098b50423eb1b80e5a7fb520438bb4f17cbf6c9b9e6ebef7938342aa2df694fe,0x03e0e67240dac313442539b1a1241dc6465eb385b752bbfd21607f280e9ed7a8
theo_n,11,413,false,9,13,onchain,500,409,66.165100,1419.344100,1159.392100,1225.557200,5.669600,true,4224,4352,0x098b50423eb1b80e5a7fb520438bb4f17cbf6c9b9e6ebef7938342aa2df694fe,0x3007bee886bfacd3ffad885814b8c4e8cceb990aa13437fa53e86c1dcd321aac
theo_n,11,414,false,9,13,onchain,500,410,58.561000,1419.344100,1162.915200,1221.476200,7.141000,true,4224,4352,0x098b50423eb1b80e5a7fb520438bb4f17cbf6c9b9e6ebef7938342aa2df694fe,0x181a21556d142138a10d0d14eb5e6c5d16df78825c4945a3d09ac9823e327b17
theo_n,11,415,false,9,13,onchain,500,411,64.193800,1419.344100,1170.067100,1234.260900,6.513000,true,4224,4352,0x098b50423eb1b80e5a7fb520438bb4f17cbf6c9b9e6ebef7938342aa2df694fe,0x2835faa28d27666daad62898414f35b70a6f1b36e83f6903b595b0b699a120e0
theo_n,11,416,false,9,13,onchain,500,412,60.532400,1419.344100,1173.505200,1234.037600,6.684600,true,4224,4352,0x098b50423eb1b80e5a7fb520438bb4f17cbf6c9b9e6ebef7938342aa2df694fe,0x06016b8fc0cfb43fe47861f337a516e5702b812d6b62d60cb94bca0b4d6acd7c
theo_n,11,417,false,9,13,onchain,500,413,60.032200,1419.344100,1176.372100,1236.404300,6.691800,true,4224,4352,0x098b50423eb1b80e5a7fb520438bb4f17cbf6c9b9e6ebef7938342aa2df694fe,0x1bed17d5deba5bed8ba9eed3242058dba5d4c9596776efeb51be6779ca0306a3
theo_n,11,418,false,9,13,onchain,500,414,63.152700,1419.344100,1149.718100,1212.870800,6.992600,true,4224,4352,0x098b50423eb1b80e5a7fb520438bb4f17cbf6c9b9e6ebef7938342aa2df694fe,0x016ddbf0460e9b0e15e4f146a5a20f1fdcdc6a8561610466846c78fbc49a3d7c
theo_n,11,419,false,9,13,onchain,500,415,65.149900,1419.344100,1148.588000,1213.737900,6.053100,true,4224,4352,0x098b50423eb1b80e5a7fb520438bb4f17cbf6c9b9e6ebef7938342aa2df694fe,0x0e0771a1c3bbd684257a57be0b21e69a6727489b4ddc066d53818988c039b7c6
theo_n,11,420,false,9,13,onchain,500,416,60.709000,1419.344100,1158.970700,1219.679700,6.050400,true,4224,4352,0x098b50423eb1b80e5a7fb520438bb4f17cbf6c9b9e6ebef7938342aa2df694fe,0x2830fdb34c979454f9f3421f8b0574c294c79daee7ad2bc1b5dc97a95a4f9d54
theo_n,11,421,false,9,13,onchain,500,417,61.719900,1419.344100,1159.234700,1220.954600,7.305300,true,4224,4352,0x098b50423eb1b80e5a7fb520438bb4f17cbf6c9b9e6ebef7938342aa2df694fe,0x13a0fb9058def92f47de48cf7aa57b8540d590214e9ee3ef4a3b4e6b1fd39fc7
theo_n,11,422,false,9,13,onchain,500,418,65.404400,1419.344100,1180.696200,1246.100600,6.455100,true,4224,4352,0x098b50423eb1b80e5a7fb520438bb4f17cbf6c9b9e6ebef7938342aa2df694fe,0x0326508a2e8766b39956ca4bcb280f99a691a9091e7328ef63d81a41a3b488f5
theo_n,11,423,false,9,13,onchain,500,419,60.301200,1419.344100,1173.213900,1233.515100,6.263600,true,4224,4352,0x098b50423eb1b80e5a7fb520438bb4f17cbf6c9b9e6ebef7938342aa2df694fe,0x1aad75cc6b55ef5aefca1139b211062bbb6f98191567e7e2c53e14c4ed4d2510
theo_n,11,424,false,9,13,onchain,500,420,55.239300,1419.344100,1229.583900,1284.823200,7.363800,true,4224,4352,0x098b50423eb1b80e5a7fb520438bb4f17cbf6c9b9e6ebef7938342aa2df694fe,0x0762cba02d6c2fd227c1121dbbb65b1dddcd594906111c19dcb75308284fab1e
theo_n,11,425,false,9,13,onchain,500,421,60.286200,1419.344100,1189.683300,1249.969500,6.639200,true,4224,4352,0x098b50423eb1b80e5a7fb520438bb4f17cbf6c9b9e6ebef7938342aa2df694fe,0x2867d18a8d13dcdcf2a610885da6d6baf390d38a0ba79aa67af91dedf2e4134f
theo_n,11,426,false,9,13,onchain,500,422,65.062000,1419.344100,1275.235000,1340.297000,7.278700,true,4224,4352,0x098b50423eb1b80e5a7fb520438bb4f17cbf6c9b9e6ebef7938342aa2df694fe,0x10c107c9cda92ec6cf3e9fe22cbf7cda99fe04bfb69b44457736f08daf94178b
theo_n,11,427,false,9,13,onchain,500,423,76.954900,1419.344100,1194.577100,1271.532000,6.184300,true,4224,4352,0x098b50423eb1b80e5a7fb520438bb4f17cbf6c9b9e6ebef7938342aa2df694fe,0x2581e5575f4204b4a6f3b0e08c12245c083765c1a07f32b13a96895ca1ba1425
theo_n,11,428,false,9,13,onchain,500,424,55.908700,1419.344100,1213.860000,1269.768700,6.549100,true,4224,4352,0x098b50423eb1b80e5a7fb520438bb4f17cbf6c9b9e6ebef7938342aa2df694fe,0x277aac34d6c47e54cdbb5d62cfd244cec5298c9c26f6aa993fb0e26cf2f1082f
theo_n,11,429,false,9,13,onchain,500,425,61.495000,1419.344100,1147.169600,1208.664600,6.933000,true,4224,4352,0x098b50423eb1b80e5a7fb520438bb4f17cbf6c9b9e6ebef7938342aa2df694fe,0x03ea32e3c967ab912ee0c86ac10303a8203c3057bba343c213f706eb718cec52
theo_n,11,430,false,9,13,onchain,500,426,61.902900,1419.344100,1140.400700,1202.303600,6.826400,true,4224,4352,0x098b50423eb1b80e5a7fb520438bb4f17cbf6c9b9e6ebef7938342aa2df694fe,0x3003b73a88a8569a4f81d8beb7f720188535c7718ead6ae84dbe3c272f4f5f3b
theo_n,11,431,false,9,13,onchain,500,427,61.379600,1419.344100,1181.790900,1243.170500,6.111900,true,4224,4352,0x098b50423eb1b80e5a7fb520438bb4f17cbf6c9b9e6ebef7938342aa2df694fe,0x0a05cfe41f28c738b7d5d7716c8320b06aa79e0e6625c4f3558a58dc9b7fef42
theo_n,11,432,false,9,13,onchain,500,428,63.639200,1419.344100,1149.477000,1213.116200,7.402400,true,4224,4352,0x098b50423eb1b80e5a7fb520438bb4f17cbf6c9b9e6ebef7938342aa2df694fe,0x2500607ce618ef9bd30f4bc46ee16168b678de82a12629390aecc174960b46cd
theo_n,11,433,false,9,13,onchain,500,429,64.064500,1419.344100,1176.330800,1240.395300,8.682300,true,4224,4352,0x098b50423eb1b80e5a7fb520438bb4f17cbf6c9b9e6ebef7938342aa2df694fe,0x01c24f87ee6d59ee391a1593ecbeb6d1fa9963826beeb11f5caf468141128f09
theo_n,11,434,false,9,13,onchain,500,430,63.583200,1419.344100,1170.701900,1234.285100,6.263800,true,4224,4352,0x098b50423eb1b80e5a7fb520438bb4f17cbf6c9b9e6ebef7938342aa2df694fe,0x2082108df1e5d8328a3a52f2af197ec79b7856c8bc9c44ccf2d1d5951679a4c0
theo_n,11,435,false,9,13,onchain,500,431,65.493500,1419.344100,1149.173700,1214.667200,6.991500,true,4224,4352,0x098b50423eb1b80e5a7fb520438bb4f17cbf6c9b9e6ebef7938342aa2df694fe,0x0999ffaafc0622752b26e0380a201e79e330224adc28c45d809d6203c7183765
theo_n,11,436,false,9,13,onchain,500,432,54.448900,1419.344100,1153.142900,1207.591800,6.108700,true,4224,4352,0x098b50423eb1b80e5a7fb520438bb4f17cbf6c9b9e6ebef7938342aa2df694fe,0x0256f5aa2a81c65d55d7ac3351c57b3fc477bd1a5d4650020d8ac1c2cb98c320
theo_n,11,437,false,9,13,onchain,500,433,64.830800,1419.344100,1203.896800,1268.727600,5.919000,true,4224,4352,0x098b50423eb1b80e5a7fb520438bb4f17cbf6c9b9e6ebef7938342aa2df694fe,0x037bc2c964784fc7e3cd2de16c3218014bc8ac4ab259c3fc47df759225c0c432
theo_n,11,438,false,9,13,onchain,500,434,59.974800,1419.344100,1132.033400,1192.008200,6.589200,true,4224,4352,0x098b50423eb1b80e5a7fb520438bb4f17cbf6c9b9e6ebef7938342aa2df694fe,0x173dc3dc4e6fcdf0ebba3fd2fe4632fb42c0ceb9e4cc5e9b374dc60deb000b3f
theo_n,11,439,false,9,13,onchain,500,435,66.119900,1419.344100,1163.435400,1229.555300,6.723200,true,4224,4352,0x098b50423eb1b80e5a7fb520438bb4f17cbf6c9b9e6ebef7938342aa2df694fe,0x1209c0c6094437ccf08802ad2ccd707c6033334ef0aac113035d1ba5c5d53302
theo_n,11,440,false,9,13,onchain,500,436,66.186200,1419.344100,1145.770100,1211.956300,5.548000,true,4224,4352,0x098b50423eb1b80e5a7fb520438bb4f17cbf6c9b9e6ebef7938342aa2df694fe,0x11a1aa45758004aee4e35df3345be3240a16450e6c518e436a9fef029035717a
theo_n,11,441,false,9,13,onchain,500,437,62.698600,1419.344100,1148.772200,1211.470800,6.014400,true,4224,4352,0x098b50423eb1b80e5a7fb520438bb4f17cbf6c9b9e6ebef7938342aa2df694fe,0x04476444e54b8d9345af11b280f951950dec019f5f9ed96cd666000cb6f8c8a4
theo_n,11,442,false,9,13,onchain,500,438,62.873700,1419.344100,1144.748400,1207.622100,6.529100,true,4224,4352,0x098b50423eb1b80e5a7fb520438bb4f17cbf6c9b9e6ebef7938342aa2df694fe,0x2806a21730d85cb406c3a0c7893edf53a23bb94164481acaec92dfaacc498c43
theo_n,11,443,false,9,13,onchain,500,439,55.803600,1419.344100,1157.140200,1212.943800,6.183800,true,4224,4352,0x098b50423eb1b80e5a7fb520438bb4f17cbf6c9b9e6ebef7938342aa2df694fe,0x214b13489d4f64f42e4f378022beeb428cee36c93df8f8e97b38d25222015f0e
theo_n,11,444,false,9,13,onchain,500,440,59.393400,1419.344100,1181.231100,1240.624500,6.440700,true,4224,4352,0x098b50423eb1b80e5a7fb520438bb4f17cbf6c9b9e6ebef7938342aa2df694fe,0x066f9d468513da57c066c36e999991151e9f59de613bf62318b16f8c0dc85b20
theo_n,11,445,false,9,13,onchain,500,441,62.817900,1419.344100,1157.384900,1220.202800,7.262200,true,4224,4352,0x098b50423eb1b80e5a7fb520438bb4f17cbf6c9b9e6ebef7938342aa2df694fe,0x2685af6105268b603a453ab4de1bcdd24c4090058d83280b15b70eb1e3493b77
theo_n,11,446,false,9,13,onchain,500,442,64.850500,1419.344100,1142.582000,1207.432500,6.140500,true,4224,4352,0x098b50423eb1b80e5a7fb520438bb4f17cbf6c9b9e6ebef7938342aa2df694fe,0x1c157e5b315f744377d41988cc71c4e64d2bb77893f27acd05aad8664ce59a79
theo_n,11,447,false,9,13,onchain,500,443,61.842900,1419.344100,1155.325500,1217.168400,6.940200,true,4224,4352,0x098b50423eb1b80e5a7fb520438bb4f17cbf6c9b9e6ebef7938342aa2df694fe,0x2267434a9eb55f81aff6acbc29f609c4a6cd46d4f19e735c0845e1e54dc511cf
theo_n,11,448,false,9,13,onchain,500,444,65.522400,1419.344100,1132.901000,1198.423400,6.018500,true,4224,4352,0x098b50423eb1b80e5a7fb520438bb4f17cbf6c9b9e6ebef7938342aa2df694fe,0x2427edd792ee64541c9bb6a75a9554187a8b10a7730ae17241a149dd8197cb5c
theo_n,11,449,false,9,13,onchain,500,445,66.327700,1419.344100,1156.914600,1223.242300,5.920000,true,4224,4352,0x098b50423eb1b80e5a7fb520438bb4f17cbf6c9b9e6ebef7938342aa2df694fe,0x0cf8a1ade649c5cea439e53e3be597c4c53290bf1c8b7f8bcb41a7ef7dea770e
theo_n,11,450,false,9,13,onchain,500,446,61.967200,1419.344100,1161.715300,1223.682500,5.872000,true,4224,4352,0x098b50423eb1b80e5a7fb520438bb4f17cbf6c9b9e6ebef7938342aa2df694fe,0x129883fbbf2647002f7deacb824779cb974c9eee7bbb30bf1261998df957b8dc
theo_n,11,451,false,9,13,onchain,500,447,71.480100,1419.344100,1277.223000,1348.703100,5.562500,true,4224,4352,0x098b50423eb1b80e5a7fb520438bb4f17cbf6c9b9e6ebef7938342aa2df694fe,0x0594521bbee73c066f93948e2ff7a51262787f7f3a8f16471f68ddf2a657e869
theo_n,11,452,false,9,13,onchain,500,448,66.019600,1419.344100,1178.587400,1244.607000,6.530100,true,4224,4352,0x098b50423eb1b80e5a7fb520438bb4f17cbf6c9b9e6ebef7938342aa2df694fe,0x13f17dda8cb57596d85fb2110de78808017c61bc82d7b7330c51357cf8ab248e
theo_n,11,453,false,9,13,onchain,500,449,58.044900,1419.344100,1161.034900,1219.079800,6.351100,true,4224,4352,0x098b50423eb1b80e5a7fb520438bb4f17cbf6c9b9e6ebef7938342aa2df694fe,0x12c9ec6c712307c39974e8ea98426582b0f316e90a50231bc1a00186bd92507e
theo_n,11,454,false,9,13,onchain,500,450,61.233000,1419.344100,1165.570100,1226.803100,6.404100,true,4224,4352,0x098b50423eb1b80e5a7fb520438bb4f17cbf6c9b9e6ebef7938342aa2df694fe,0x148354c630b4862274a3c4f9627e46281b10d5ce88bc6a9f22459d0f2e6ba9a8
theo_n,11,455,false,9,13,onchain,500,451,55.810800,1419.344100,1170.385300,1226.196100,6.114300,true,4224,4352,0x098b50423eb1b80e5a7fb520438bb4f17cbf6c9b9e6ebef7938342aa2df694fe,0x20281760db9fef7baf5df36729d8e86b1f03d2bfeeadec7e293627fe630e7d86
theo_n,11,456,false,9,13,onchain,500,452,65.597500,1419.344100,1157.805700,1223.403200,6.546400,true,4224,4352,0x098b50423eb1b80e5a7fb520438bb4f17cbf6c9b9e6ebef7938342aa2df694fe,0x1f5d68be2c50d3e703fb116f57bfc854bce65788b7ade4c79548c288f898484f
theo_n,11,457,false,9,13,onchain,500,453,51.144600,1419.344100,1158.977900,1210.122500,7.060200,true,4224,4352,0x098b50423eb1b80e5a7fb520438bb4f17cbf6c9b9e6ebef7938342aa2df694fe,0x2202cbc3666b0757b2bc1092b87ec06aaa632d9b644694c824a1a9f1402fb796
theo_n,11,458,false,9,13,onchain,500,454,59.740200,1419.344100,1175.915200,1235.655400,6.563500,true,4224,4352,0x098b50423eb1b80e5a7fb520438bb4f17cbf6c9b9e6ebef7938342aa2df694fe,0x27c2dffe7874cdda7cce3b6fb243cb2ca8974f0861a27c2419bf621ed6556606
theo_n,11,459,false,9,13,onchain,500,455,62.669300,1419.344100,1178.270300,1240.939600,7.590700,true,4224,4352,0x098b50423eb1b80e5a7fb520438bb4f17cbf6c9b9e6ebef7938342aa2df694fe,0x12a504725a3c750c382de4b79051869e38d03e6aa42f4505f940340f4885b7c2
theo_n,11,460,false,9,13,onchain,500,456,56.181900,1419.344100,1149.421200,1205.603100,6.120900,true,4224,4352,0x098b50423eb1b80e5a7fb520438bb4f17cbf6c9b9e6ebef7938342aa2df694fe,0x2e78ab53da0c12b723f36c4ae0ce7f5b0621afa5eb0811cd6a96df8698650698
theo_n,11,461,false,9,13,onchain,500,457,64.310100,1419.344100,1144.020000,1208.330100,6.539900,true,4224,4352,0x098b50423eb1b80e5a7fb520438bb4f17cbf6c9b9e6ebef7938342aa2df694fe,0x2fbda956e787d64ca8b6341cc1314e56b201281444c7bf34030a23838bc743ce
theo_n,11,462,false,9,13,onchain,500,458,65.185100,1419.344100,1172.995500,1238.180600,6.339300,true,4224,4352,0x098b50423eb1b80e5a7fb520438bb4f17cbf6c9b9e6ebef7938342aa2df694fe,0x119e6e31b73d1a8836957b9bbf042afcbffe0c2a4f27f87c8be3bdf7f9a74b1f
theo_n,11,463,false,9,13,onchain,500,459,61.046200,1419.344100,1168.637700,1229.683900,7.093200,true,4224,4352,0x098b50423eb1b80e5a7fb520438bb4f17cbf6c9b9e6ebef7938342aa2df694fe,0x121504fcf4f883891e0fc21eb1da196a5cc2f172e30aef5860b68086905e0aec
theo_n,11,464,false,9,13,onchain,500,460,52.540500,1419.344100,1204.344300,1256.884800,7.639400,true,4224,4352,0x098b50423eb1b80e5a7fb520438bb4f17cbf6c9b9e6ebef7938342aa2df694fe,0x1c2d5c6cf07f2dbdd8f604df0337912e297989a309cd33d6dc1239fe147ab4b6
theo_n,11,465,false,9,13,onchain,500,461,64.783400,1419.344100,1152.362100,1217.145500,6.595000,true,4224,4352,0x098b50423eb1b80e5a7fb520438bb4f17cbf6c9b9e6ebef7938342aa2df694fe,0x0704c0ac4a16b2c09e01e830dfc5b10d7c1b093c7c242fa8c85a1d6afc5b0059
theo_n,11,466,false,9,13,onchain,500,462,60.342500,1419.344100,1177.773700,1238.116200,6.505700,true,4224,4352,0x098b50423eb1b80e5a7fb520438bb4f17cbf6c9b9e6ebef7938342aa2df694fe,0x26a19ddc2ed55c40fb8bbb487a5e35e680624c166c65eb1a17b4c49f7b963cf4
theo_n,11,467,false,9,13,onchain,500,463,65.857900,1419.344100,1222.028500,1287.886400,8.144000,true,4224,4352,0x098b50423eb1b80e5a7fb520438bb4f17cbf6c9b9e6ebef7938342aa2df694fe,0x25ef2285374d0d2fb8f352c90602ea21678ab56bfa198771d120d845fd403499
theo_n,11,468,false,9,13,onchain,500,464,64.601200,1419.344100,1149.121500,1213.722700,6.889300,true,4224,4352,0x098b50423eb1b80e5a7fb520438bb4f17cbf6c9b9e6ebef7938342aa2df694fe,0x2deef529266e39c647c7f8aa57f1736e372c78d3a0c62c5890613454a7c5fba8
theo_n,11,469,false,9,13,onchain,500,465,64.177600,1419.344100,1223.577000,1287.754600,6.622300,true,4224,4352,0x098b50423eb1b80e5a7fb520438bb4f17cbf6c9b9e6ebef7938342aa2df694fe,0x17e4d436a99114d9778510c1ad0db88c4c9e6d9ff265191a17aec8c9bdc35b0d
theo_n,11,470,false,9,13,onchain,500,466,67.142200,1419.344100,1183.278500,1250.420700,6.700400,true,4224,4352,0x098b50423eb1b80e5a7fb520438bb4f17cbf6c9b9e6ebef7938342aa2df694fe,0x194895cb66b9d54f2220b208f6d8dfdc02547c4c64f4b73bd9fbf42e3df5bce9
theo_n,11,471,false,9,13,onchain,500,467,67.354600,1419.344100,1190.675400,1258.030000,6.761300,true,4224,4352,0x098b50423eb1b80e5a7fb520438bb4f17cbf6c9b9e6ebef7938342aa2df694fe,0x17b9faa51b28b1bf98a3d3650f88426d3ec0f81fc68691e2978f685c54039bdf
theo_n,11,472,false,9,13,onchain,500,468,64.380900,1419.344100,1212.687800,1277.068700,6.771900,true,4224,4352,0x098b50423eb1b80e5a7fb520438bb4f17cbf6c9b9e6ebef7938342aa2df694fe,0x03557e9b7fef581c5a714eec6689e6db4162f91f8d460ae5dcca16d3b3f9e352
theo_n,11,473,false,9,13,onchain,500,469,65.784100,1419.344100,1171.744600,1237.528700,6.438400,true,4224,4352,0x098b50423eb1b80e5a7fb520438bb4f17cbf6c9b9e6ebef7938342aa2df694fe,0x2c3214b8c0e8434fb6524fb4ff11e4e800a00966657e18a5d88267ae5f781abf
theo_n,11,474,false,9,13,onchain,500,470,65.664600,1419.344100,1176.430000,1242.094600,7.061400,true,4224,4352,0x098b50423eb1b80e5a7fb520438bb4f17cbf6c9b9e6ebef7938342aa2df694fe,0x0642a894943cd70151604e637ce6b256aef63733dc5c514325eabd85b7873425
theo_n,11,475,false,9,13,onchain,500,471,65.848500,1419.344100,1177.873600,1243.722100,6.204000,true,4224,4352,0x098b50423eb1b80e5a7fb520438bb4f17cbf6c9b9e6ebef7938342aa2df694fe,0x18552a6e21eecc017d45a61ec84e6f6dafafd85e5f3a8a1b69f6d52891467353
theo_n,11,476,false,9,13,onchain,500,472,58.832000,1419.344100,1152.829100,1211.661100,6.091400,true,4224,4352,0x098b50423eb1b80e5a7fb520438bb4f17cbf6c9b9e6ebef7938342aa2df694fe,0x09d6031cbe83e6b6daf712c57cef8f8a00092aaa20ee245268c6261746fb3e6d
theo_n,11,477,false,9,13,onchain,500,473,62.334300,1419.344100,1230.304800,1292.639100,6.798800,true,4224,4352,0x098b50423eb1b80e5a7fb520438bb4f17cbf6c9b9e6ebef7938342aa2df694fe,0x1d2e7002b581918e7f17fd4c88eaa1e2816dd4fceb92b04c7f1dee4714df076c
theo_n,11,478,false,9,13,onchain,500,474,76.570700,1419.344100,1336.682000,1413.252700,7.916000,true,4224,4352,0x098b50423eb1b80e5a7fb520438bb4f17cbf6c9b9e6ebef7938342aa2df694fe,0x106c70cbd048ff8d859a8c2a2ac67e23ea74f80b5e9723d541592f72a9be6164
theo_n,11,479,false,9,13,onchain,500,475,69.991400,1419.344100,1242.818700,1312.810100,6.749900,true,4224,4352,0x098b50423eb1b80e5a7fb520438bb4f17cbf6c9b9e6ebef7938342aa2df694fe,0x18f841147423b43a4e24f734b60a18649d2e49861e1471f1293b599ddadb5b4f
theo_n,11,480,false,9,13,onchain,500,476,67.618500,1419.344100,1210.014600,1277.633100,6.546800,true,4224,4352,0x098b50423eb1b80e5a7fb520438bb4f17cbf6c9b9e6ebef7938342aa2df694fe,0x181f47596bdada82053dbd519feadb3e1decced847c3ebee5da8062170b7a1fd
theo_n,11,481,false,9,13,onchain,500,477,64.600500,1419.344100,1164.592500,1229.193000,5.749700,true,4224,4352,0x098b50423eb1b80e5a7fb520438bb4f17cbf6c9b9e6ebef7938342aa2df694fe,0x19d72b93da5f25751ed0e6f5181858631c5863ceb85e9b062ae3f523c50c3823
theo_n,11,482,false,9,13,onchain,500,478,53.823000,1419.344100,1179.160700,1232.983700,7.228800,true,4224,4352,0x098b50423eb1b80e5a7fb520438bb4f17cbf6c9b9e6ebef7938342aa2df694fe,0x08b9371a31a7f0b2166783304eb3dda67b5455dab4f641d34af9e809ae17f981
theo_n,11,483,false,9,13,onchain,500,479,59.857600,1419.344100,1204.493100,1264.350700,8.068900,true,4224,4352,0x098b50423eb1b80e5a7fb520438bb4f17cbf6c9b9e6ebef7938342aa2df694fe,0x10acd05e15df221672ec5e25ee7ec5383df40f6a96e4be200f349008ee830ed2
theo_n,11,484,false,9,13,onchain,500,480,64.020000,1419.344100,1174.627900,1238.647900,6.552200,true,4224,4352,0x098b50423eb1b80e5a7fb520438bb4f17cbf6c9b9e6ebef7938342aa2df694fe,0x3012161f3b161556cf3aa88c4d04f0e9cec22c97b7b8e848d5c7178f3e9b74fd
theo_n,11,485,false,9,13,onchain,500,481,63.390200,1419.344100,1161.587200,1224.977400,6.406300,true,4224,4352,0x098b50423eb1b80e5a7fb520438bb4f17cbf6c9b9e6ebef7938342aa2df694fe,0x21472178fbf204e629d62a47c15eef10a81ccebaf9f644bd9e4e46c54d340a59
theo_n,11,486,false,9,13,onchain,500,482,61.811500,1419.344100,1190.408100,1252.219600,6.062300,true,4224,4352,0x098b50423eb1b80e5a7fb520438bb4f17cbf6c9b9e6ebef7938342aa2df694fe,0x1cc81977f75add8f0fa8ffdf8e8d9dd6dc1ad4006181c677d57a5e41157e77c1
theo_n,11,487,false,9,13,onchain,500,483,65.187000,1419.344100,1180.911100,1246.098100,6.062700,true,4224,4352,0x098b50423eb1b80e5a7fb520438bb4f17cbf6c9b9e6ebef7938342aa2df694fe,0x133f3b027ddf242d1e004142a313c84f951891b964cda34421c8e2199d1420c0
theo_n,11,488,false,9,13,onchain,500,484,65.808600,1419.344100,1207.728400,1273.537000,7.001900,true,4224,4352,0x098b50423eb1b80e5a7fb520438bb4f17cbf6c9b9e6ebef7938342aa2df694fe,0x03c9185fd1372f0e37b4bf9a3f3dd2063edca06487f626d6d85fd838ad3008ca
theo_n,11,489,false,9,13,onchain,500,485,65.502800,1419.344100,1187.917000,1253.419800,6.466000,true,4224,4352,0x098b50423eb1b80e5a7fb520438bb4f17cbf6c9b9e6ebef7938342aa2df694fe,0x25e0e7e38fef95e132acd28d6c482e384298692bcd6d0473d4a5e7270f432fb0
theo_n,11,490,false,9,13,onchain,500,486,66.764100,1419.344100,1176.118200,1242.882300,6.543800,true,4224,4352,0x098b50423eb1b80e5a7fb520438bb4f17cbf6c9b9e6ebef7938342aa2df694fe,0x227d5c1302a98c79262e6fe667330fa86813e3133cf5286aa5d1aa56b4d297e4
theo_n,11,491,false,9,13,onchain,500,487,59.508100,1419.344100,1184.723500,1244.231600,5.854900,true,4224,4352,0x098b50423eb1b80e5a7fb520438bb4f17cbf6c9b9e6ebef7938342aa2df694fe,0x1c00aecebc0b69341373f2e0bb29a3c24aac853fd64da87b62c5b316aeca1219
theo_n,11,492,false,9,13,onchain,500,488,57.718500,1419.344100,1152.740300,1210.458800,6.549400,true,4224,4352,0x098b50423eb1b80e5a7fb520438bb4f17cbf6c9b9e6ebef7938342aa2df694fe,0x084e8cd0f0efa2d0483d3d7c58e49fc749ef77ebb1737fe33318558c56cf3427
theo_n,11,493,false,9,13,onchain,500,489,61.124100,1419.344100,1156.252800,1217.376900,5.668400,true,4224,4352,0x098b50423eb1b80e5a7fb520438bb4f17cbf6c9b9e6ebef7938342aa2df694fe,0x0a043a7874d62ba138be2dc0842dd24ce6d289652d427bfd6f79e7c48c37b4f7
theo_n,11,494,false,9,13,onchain,500,490,47.293200,1419.344100,1183.366300,1230.659500,6.273600,true,4224,4352,0x098b50423eb1b80e5a7fb520438bb4f17cbf6c9b9e6ebef7938342aa2df694fe,0x1a89f23a47b3613d76999e01716fb21161a281ba453f95be5b6ec1a4cd2760ff
theo_n,11,495,false,9,13,onchain,500,491,66.666600,1419.344100,1242.896900,1309.563500,5.999000,true,4224,4352,0x098b50423eb1b80e5a7fb520438bb4f17cbf6c9b9e6ebef7938342aa2df694fe,0x300e9a493810956b752cdc311daa8c6888ed4496181d73e24231623198cff11e
theo_n,11,496,false,9,13,onchain,500,492,67.056600,1419.344100,1274.677000,1341.733600,6.780200,true,4224,4352,0x098b50423eb1b80e5a7fb520438bb4f17cbf6c9b9e6ebef7938342aa2df694fe,0x2e66af613bd0b308ea76ce8156c11daa75c95d3f8e0ca9d7b293c31c96014b21
theo_n,11,497,false,9,13,onchain,500,493,69.881500,1419.344100,1218.405000,1288.286500,7.443200,true,4224,4352,0x098b50423eb1b80e5a7fb520438bb4f17cbf6c9b9e6ebef7938342aa2df694fe,0x02dc77fb04fd69f7fab1957d3aba82ed08d25eac854c3dde2a9cade544679e2b
theo_n,11,498,false,9,13,onchain,500,494,61.764900,1419.344100,1208.257800,1270.022700,8.714300,true,4224,4352,0x098b50423eb1b80e5a7fb520438bb4f17cbf6c9b9e6ebef7938342aa2df694fe,0x228653279e7e7b00992306c5edc1435c1091f5e23990f9d8e3779fd1aa32a8de
theo_n,11,499,false,9,13,onchain,500,495,74.775000,1419.344100,1348.468600,1423.243600,5.808800,true,4224,4352,0x098b50423eb1b80e5a7fb520438bb4f17cbf6c9b9e6ebef7938342aa2df694fe,0x230a0a415e1e60f6e218a20cd575f16422d11c814813bb0c4546415a14659006
theo_n,11,500,false,9,13,onchain,500,496,65.474500,1419.344100,1286.591100,1352.065600,5.894600,true,4224,4352,0x098b50423eb1b80e5a7fb520438bb4f17cbf6c9b9e6ebef7938342aa2df694fe,0x0975721ab977e0a4a2d19fc776c1a4212a6d048f5a988aa06d9d108845b40913
theo_n,11,501,false,9,13,onchain,500,497,84.173800,1419.344100,1148.748800,1232.922600,6.459900,true,4224,4352,0x098b50423eb1b80e5a7fb520438bb4f17cbf6c9b9e6ebef7938342aa2df694fe,0x1277fe6d922e86999f40ca4cb0a82e4bbb03db29f014e42a63da54bd386146f0
theo_n,11,502,false,9,13,onchain,500,498,58.772100,1419.344100,1224.212400,1282.984500,7.494800,true,4224,4352,0x098b50423eb1b80e5a7fb520438bb4f17cbf6c9b9e6ebef7938342aa2df694fe,0x0113f1fb5a35006448b95b51265b86f399805050c99ce68c7e92a1106394a4ee
theo_n,11,503,false,9,13,onchain,500,499,69.514800,1419.344100,1198.046700,1267.561500,6.760100,true,4224,4352,0x098b50423eb1b80e5a7fb520438bb4f17cbf6c9b9e6ebef7938342aa2df694fe,0x0c0e1ce676ffd8704c6db547c1f554636c17d9d3da8dfce0b63543dfae4b1d6c
