thi_nghiem,run_id,iteration,warmup,d,k,mechanism,n,student_index,witness_ms,setup_ms,prove_ms,proof_generation_ms,verify_native_ms,verified,proof_bytes,calldata_bytes,root,nullifier
theo_n,16,1,true,9,13,onchain,500,0,30.990300,1408.840100,913.661100,944.651400,5.009000,true,4224,4352,0x098b50423eb1b80e5a7fb520438bb4f17cbf6c9b9e6ebef7938342aa2df694fe,0x0908cbf85e088d680fbd39fdb24b3cc3dd4a43f6c03cd816e06f24aad0ed40c9
theo_n,16,2,true,9,13,onchain,500,1,49.995700,1408.840100,1125.650200,1175.645900,7.124200,true,4224,4352,0x098b50423eb1b80e5a7fb520438bb4f17cbf6c9b9e6ebef7938342aa2df694fe,0x067e06c893d9a0e4d6fd53a0046674c8f20bf84f7b70811bf473ffa211d8c6bd
theo_n,16,3,true,9,13,onchain,500,2,58.340300,1408.840100,1202.033000,1260.373300,6.926100,true,4224,4352,0x098b50423eb1b80e5a7fb520438bb4f17cbf6c9b9e6ebef7938342aa2df694fe,0x0b8fe57083cdcc700c57fbcf6933cb725896572c6ab544b6f4d8e1c6ab38f07b
theo_n,16,4,false,9,13,onchain,500,0,54.780600,1408.840100,1218.323500,1273.104100,7.222100,true,4224,4352,0x098b50423eb1b80e5a7fb520438bb4f17cbf6c9b9e6ebef7938342aa2df694fe,0x0908cbf85e088d680fbd39fdb24b3cc3dd4a43f6c03cd816e06f24aad0ed40c9
theo_n,16,5,false,9,13,onchain,500,1,68.513400,1408.840100,1201.620500,1270.133900,7.918500,true,4224,4352,0x098b50423eb1b80e5a7fb520438bb4f17cbf6c9b9e6ebef7938342aa2df694fe,0x067e06c893d9a0e4d6fd53a0046674c8f20bf84f7b70811bf473ffa211d8c6bd
theo_n,16,6,false,9,13,onchain,500,2,67.080400,1408.840100,1155.374000,1222.454400,6.380400,true,4224,4352,0x098b50423eb1b80e5a7fb520438bb4f17cbf6c9b9e6ebef7938342aa2df694fe,0x0b8fe57083cdcc700c57fbcf6933cb725896572c6ab544b6f4d8e1c6ab38f07b
theo_n,16,7,false,9,13,onchain,500,3,63.792000,1408.840100,1178.354900,1242.146900,7.200800,true,4224,4352,0x098b50423eb1b80e5a7fb520438bb4f17cbf6c9b9e6ebef7938342aa2df694fe,0x107c70d191e489c806456c18cf98e286488b248a7e2ac57b6576b30dfade8db2
theo_n,16,8,false,9,13,onchain,500,4,64.189200,1408.840100,1260.198700,1324.387900,7.165600,true,4224,4352,0x098b50423eb1b80e5a7fb520438bb4f17cbf6c9b9e6ebef7938342aa2df694fe,0x0a311bfe27c095e9b61eb94f9bfdc9d5e247dfd2f96271cff3d32612a2e7339a
theo_n,16,9,false,9,13,onchain,500,5,67.823900,1408.840100,1187.925100,1255.749000,5.994000,true,4224,4352,0x098b50423eb1b80e5a7fb520438bb4f17cbf6c9b9e6ebef7938342aa2df694fe,0x18b6e24c33265e51a6ebce655f0c7d8cc56a336e228450d97e77a9ef874404bc
theo_n,16,10,false,9,13,onchain,500,6,63.698200,1408.840100,1170.939000,1234.637200,6.015600,true,4224,4352,0x098b50423eb1b80e5a7fb520438bb4f17cbf6c9b9e6ebef7938342aa2df694fe,0x178454ab459643088f4034d21806282a31eacc6d694df8a91a76f6cadc1e4e05
theo_n,16,11,false,9,13,onchain,500,7,65.944100,1408.840100,1169.645500,1235.589600,7.377200,true,4224,4352,0x098b50423eb1b80e5a7fb520438bb4f17cbf6c9b9e6ebef7938342aa2df694fe,0x156330b35df029b9ac8c5cf74cf1978f087f063d91916404df8a0984916950ac
theo_n,16,12,false,9,13,onchain,500,8,63.151800,1408.840100,1172.273500,1235.425300,6.335400,true,4224,4352,0x098b50423eb1b80e5a7fb520438bb4f17cbf6c9b9e6ebef7938342aa2df694fe,0x15bf766aa145bc49955f4b440b0070cdb1823fdb1a4942a856ae7a53dd251a8a
theo_n,16,13,false,9,13,onchain,500,9,62.404500,1408.840100,1163.671100,1226.075600,7.272800,true,4224,4352,0x098b50423eb1b80e5a7fb520438bb4f17cbf6c9b9e6ebef7938342aa2df694fe,0x145e23340ae3a5c2a8a430e0bd8150939cf9d3336c5a111f39801cc2a9171cea
theo_n,16,14,false,9,13,onchain,500,10,66.047700,1408.840100,1181.374200,1247.421900,5.953700,true,4224,4352,0x098b50423eb1b80e5a7fb520438bb4f17cbf6c9b9e6ebef7938342aa2df694fe,0x19d8b479a4eb2ed56fc544f5f258c142afbc9733ce11579245b90f6471cc5aa2
theo_n,16,15,false,9,13,onchain,500,11,48.945800,1408.840100,1149.430800,1198.376600,5.832400,true,4224,4352,0x098b50423eb1b80e5a7fb520438bb4f17cbf6c9b9e6ebef7938342aa2df694fe,0x17115cce247ab17833ce4f971544dcf98cba44f30ac3caa2b60573600696808c
theo_n,16,16,false,9,13,onchain,500,12,64.992200,1408.840100,1146.173600,1211.165800,6.974900,true,4224,4352,0x098b50423eb1b80e5a7fb520438bb4f17cbf6c9b9e6ebef7938342aa2df694fe,0x12f7111f7f65e737c4608f3f8cffc3dea6a29e14af7ddcba52cac254304ecd23
theo_n,16,17,false,9,13,onchain,500,13,65.765100,1408.840100,1170.521500,1236.286600,5.978700,true,4224,4352,0x098b50423eb1b80e5a7fb520438bb4f17cbf6c9b9e6ebef7938342aa2df694fe,0x146554373ef67f5de307538cfcb7e62015f4c7d7791f0be35f5897031ab12a59
theo_n,16,18,false,9,13,onchain,500,14,59.868600,1408.840100,1152.684600,1212.553200,5.565500,true,4224,4352,0x098b50423eb1b80e5a7fb520438bb4f17cbf6c9b9e6ebef7938342aa2df694fe,0x298177b133ab3f68a2e47c6d74787973892a7540de8dcd16ae80701b4d1a19b5
theo_n,16,19,false,9,13,onchain,500,15,57.720100,1408.840100,1147.947000,1205.667100,7.400000,true,4224,4352,0x098b50423eb1b80e5a7fb520438bb4f17cbf6c9b9e6ebef7938342aa2df694fe,0x290f20350f10923907c139526a8eeb150f99e2573a16d6916fe0f769c993f49a
theo_n,16,20,false,9,13,onchain,500,16,64.078600,1408.840100,1143.174500,1207.253100,5.587100,true,4224,4352,0x098b50423eb1b80e5a7fb520438bb4f17cbf6c9b9e6ebef7938342aa2df694fe,0x171e66512384a041ca6a5f708a5b4fdda9cf24ab176412c6f6900afc3c6dedb8
theo_n,16,21,false,9,13,onchain,500,17,59.917200,1408.840100,1152.112100,1212.029300,7.352300,true,4224,4352,0x098b50423eb1b80e5a7fb520438bb4f17cbf6c9b9e6ebef7938342aa2df694fe,0x1be2fe80e5029582e3f6e62f4cb2a84d401feee79f16b335d0bc369a395a0853
theo_n,16,22,false,9,13,onchain,500,18,60.335100,1408.840100,1157.128500,1217.463600,6.097500,true,4224,4352,0x098b50423eb1b80e5a7fb520438bb4f17cbf6c9b9e6ebef7938342aa2df694fe,0x0bb978d615ff4f194a9934af270a428732e8174c4311c8beb31d4e0bbabbc0bc
theo_n,16,23,false,9,13,onchain,500,19,56.256800,1408.840100,1221.619100,1277.875900,6.222100,true,4224,4352,0x098b50423eb1b80e5a7fb520438bb4f17cbf6c9b9e6ebef7938342aa2df694fe,0x04726770464b2bff8da321b67038b812b34fa5fa5cdf99f1314cba8589a165bc
theo_n,16,24,false,9,13,onchain,500,20,63.939600,1408.840100,1176.704400,1240.644000,6.710700,true,4224,4352,0x098b50423eb1b80e5a7fb520438bb4f17cbf6c9b9e6ebef7938342aa2df694fe,0x03d6f9ca63a41aff3fb9a8fc838ab1ed3ceedc7c249c5dc4c19d5955e351be13
theo_n,16,25,false,9,13,onchain,500,21,61.106300,1408.840100,1181.490900,1242.597200,5.622900,true,4224,4352,0x098b50423eb1b80e5a7fb520438bb4f17cbf6c9b9e6ebef7938342aa2df694fe,0x1686fa19ed842d8106f86663fe6e6888a8bfb3e985dcfd2bb1db169ffcda5da5
theo_n,16,26,false,9,13,onchain,500,22,64.784600,1408.840100,1161.150700,1225.935300,7.668200,true,4224,4352,0x098b50423eb1b80e5a7fb520438bb4f17cbf6c9b9e6ebef7938342aa2df694fe,0x23e82ec09d717b107d77dc26eb5dc265ea1fc45985e29b8cc3cb17430ff24a0c
theo_n,16,27,false,9,13,onchain,500,23,64.545400,1408.840100,1155.665000,1220.210400,6.322400,true,4224,4352,0x098b50423eb1b80e5a7fb520438bb4f17cbf6c9b9e6ebef7938342aa2df694fe,0x10b3bd195947d421c2d2b26290f8c337fd0828e5148886d256cae19c30dd3457
theo_n,16,28,false,9,13,onchain,500,24,54.603000,1408.840100,1211.411000,1266.014000,6.345300,true,4224,4352,0x098b50423eb1b80e5a7fb520438bb4f17cbf6c9b9e6ebef7938342aa2df694fe,0x2a99ad2dc4636645cb03a3f8cddbcf89d41b4a9e486facca27dfee54675abb9c
theo_n,16,29,false,9,13,onchain,500,25,66.044800,1408.840100,1148.350300,1214.395100,7.127700,true,4224,4352,0x098b50423eb1b80e5a7fb520438bb4f17cbf6c9b9e6ebef7938342aa2df694fe,0x1cd40d323ccd0838cfec775d1003317bf356cafeaba2b700c3af3c61def30fca
theo_n,16,30,false,9,13,onchain,500,26,56.537100,1408.840100,1155.267700,1211.804800,6.115000,true,4224,4352,0x098b50423eb1b80e5a7fb520438bb4f17cbf6c9b9e6ebef7938342aa2df694fe,0x2eb42444691d4d15abfb91e44bb63be709bec40b9e54f4360f24d4480534af10
theo_n,16,31,false,9,13,onchain,500,27,65.068900,1408.840100,1146.833400,1211.902300,6.658600,true,4224,4352,0x098b50423eb1b80e5a7fb520438bb4f17cbf6c9b9e6ebef7938342aa2df694fe,0x2c174593cceb5f490ba8f6ba09cd052e5c25a821a271f28bc1a25fe480d609d8
theo_n,16,32,false,9,13,onchain,500,28,61.627500,1408.840100,1142.686700,1204.314200,5.652400,true,4224,4352,0x098b50423eb1b80e5a7fb520438bb4f17cbf6c9b9e6ebef7938342aa2df694fe,0x23665977a843f888d72d4f179e9f9d837be558853b6806d1436951fa322c1221
theo_n,16,33,false,9,13,onchain,500,29,57.884700,1408.840100,1160.406100,1218.290800,5.534100,true,4224,4352,0x098b50423eb1b80e5a7fb520438bb4f17cbf6c9b9e6ebef7938342aa2df694fe,0x1784bc5a44d0a6e7b87bdd0fd4e563361f98a6aa39b7964e0907b239a38b84e7
theo_n,16,34,false,9,13,onchain,500,30,62.013500,1408.840100,1160.989000,1223.002500,5.765700,true,4224,4352,0x098b50423eb1b80e5a7fb520438bb4f17cbf6c9b9e6ebef7938342aa2df694fe,0x202c4e9e6402e7f390a4ab85d1370541fe76c37421ce3a51ac5805c4b24b6da9
theo_n,16,35,false,9,13,onchain,500,31,65.621700,1408.840100,1231.078400,1296.700100,5.865500,true,4224,4352,0x098b50423eb1b80e5a7fb520438bb4f17cbf6c9b9e6ebef7938342aa2df694fe,0x26ac62095e0835f5045ef0c786313c5c49c66bfa9a9c59a9176a5e55ca7e0d2f
theo_n,16,36,false,9,13,onchain,500,32,58.012900,1408.840100,1149.166600,1207.179500,5.812700,true,4224,4352,0x098b50423eb1b80e5a7fb520438bb4f17cbf6c9b9e6ebef7938342aa2df694fe,0x0999d39078de7333e04118695737bc5efd57941984dd9136fc1c1b2063a26adc
theo_n,16,37,false,9,13,onchain,500,33,60.382500,1408.840100,1161.010900,1221.393400,6.736800,true,4224,4352,0x098b50423eb1b80e5a7fb520438bb4f17cbf6c9b9e6ebef7938342aa2df694fe,0x21595eb5cbf9542bc3565fb23a44f93e50797512cb2156aa0f1bf0cccd52959e
theo_n,16,38,false,9,13,onchain,500,34,64.277600,1408.840100,1174.123700,1238.401300,6.421500,true,4224,4352,0x098b50423eb1b80e5a7fb520438bb4f17cbf6c9b9e6ebef7938342aa2df694fe,0x25c79e1b2c8e7e076990cd6c719d9fad9068d6cd9b911cb567af007fd9ae9012
theo_n,16,39,false,9,13,onchain,500,35,59.915700,1408.840100,1154.701700,1214.617400,6.320100,true,4224,4352,0x098b50423eb1b80e5a7fb520438bb4f17cbf6c9b9e6ebef7938342aa2df694fe,0x12b71401342adb56754a25ca9b90161c500f6d1db94481a55ff459a7aebc3185
theo_n,16,40,false,9,13,onchain,500,36,47.949500,1408.840100,1156.887900,1204.837400,6.634000,true,4224,4352,0x098b50423eb1b80e5a7fb520438bb4f17cbf6c9b9e6ebef7938342aa2df694fe,0x1bf1c17e9fed35f18ad1a97d36860e5c49872e06811178e1de9764c9d878dc29
theo_n,16,41,false,9,13,onchain,500,37,63.822100,1408.840100,1141.263800,1205.085900,5.436500,true,4224,4352,0x098b50423eb1b80e5a7fb520438bb4f17cbf6c9b9e6ebef7938342aa2df694fe,0x2b638435867637f2946659187916cd17968a726d781e30c6e61925210b314d02
theo_n,16,42,false,9,13,onchain,500,38,57.431500,1408.840100,1158.541500,1215.973000,7.256000,true,4224,4352,0x098b50423eb1b80e5a7fb520438bb4f17cbf6c9b9e6ebef7938342aa2df694fe,0x2bdbfab8d0294126af14982e1000d41a61e11326b0ce247a7116adeeea7985cd
theo_n,16,43,false,9,13,onchain,500,39,74.257600,1408.840100,1173.036100,1247.293700,6.415300,true,4224,4352,0x098b50423eb1b80e5a7fb520438bb4f17cbf6c9b9e6ebef7938342aa2df694fe,0x0aa7bf1d39d93e1954ce66d9858d1198e0ad921a4df6c1181b1ce905784fe958
theo_n,16,44,false,9,13,onchain,500,40,63.501300,1408.840100,1164.041200,1227.542500,6.480300,true,4224,4352,0x098b50423eb1b80e5a7fb520438bb4f17cbf6c9b9e6ebef7938342aa2df694fe,0x10de1e3d29876f4850189c984ae73d9c11ce68b86aadc32cf461c98d54d62d23
theo_n,16,45,false,9,13,onchain,500,41,63.973000,1408.840100,1163.627700,1227.600700,5.462200,true,4224,4352,0x098b50423eb1b80e5a7fb520438bb4f17cbf6c9b9e6ebef7938342aa2df694fe,0x1edba77fec60aecefcfe1abd4e72068fd9fb6184a89b43f5c3dc9a00069d74e2
theo_n,16,46,false,9,13,onchain,500,42,63.126400,1408.840100,1150.849300,1213.975700,6.395200,true,4224,4352,0x098b50423eb1b80e5a7fb520438bb4f17cbf6c9b9e6ebef7938342aa2df694fe,0x15c8ab0ca8377161a0b8ea56ed9e3ae382863e927a1324317f9fa192d6188e2e
theo_n,16,47,false,9,13,onchain,500,43,60.020200,1408.840100,1143.862000,1203.882200,7.107100,true,4224,4352,0x098b50423eb1b80e5a7fb520438bb4f17cbf6c9b9e6ebef7938342aa2df694fe,0x13eb1c80471a2c64b0c27128ce601b8439e0852909edea7c2fa01c5a8b0cd2a8
theo_n,16,48,false,9,13,onchain,500,44,64.868900,1408.840100,1134.759900,1199.628800,6.436400,true,4224,4352,0x098b50423eb1b80e5a7fb520438bb4f17cbf6c9b9e6ebef7938342aa2df694fe,0x0231eb71e8795c4c4a35fb9db7f9d3c70fcb8e6537017b7c23770e27edb17c26
theo_n,16,49,false,9,13,onchain,500,45,58.588900,1408.840100,1137.162700,1195.751600,5.887400,true,4224,4352,0x098b50423eb1b80e5a7fb520438bb4f17cbf6c9b9e6ebef7938342aa2df694fe,0x14bfb435acb7a5d37e0d29a9b6051229ed7acd9fdfc1de220c0337ce6f0f4ed8
theo_n,16,50,false,9,13,onchain,500,46,60.967000,1408.840100,1160.570400,1221.537400,6.531100,true,4224,4352,0x098b50423eb1b80e5a7fb520438bb4f17cbf6c9b9e6ebef7938342aa2df694fe,0x0d91e737b2843fdf5a8d1394de46dfa3fe679927773f55ff934b561adb0b7fff
theo_n,16,51,false,9,13,onchain,500,47,62.507000,1408.840100,1193.006600,1255.513600,6.726900,true,4224,4352,0x098b50423eb1b80e5a7fb520438bb4f17cbf6c9b9e6ebef7938342aa2df694fe,0x26954244b4ec45232f6c53427aaae47d6f1e18e481e8b23526e02555df48c1df
theo_n,16,52,false,9,13,onchain,500,48,84.554800,1408.840100,1199.684600,1284.239400,5.948300,true,4224,4352,0x098b50423eb1b80e5a7fb520438bb4f17cbf6c9b9e6ebef7938342aa2df694fe,0x239708d53c07d61009f55c15e879487da0622eab4cc30d66f7bca4dbc4bfe44d
theo_n,16,53,false,9,13,onchain,500,49,56.065300,1408.840100,1198.820000,1254.885300,6.753400,true,4224,4352,0x098b50423eb1b80e5a7fb520438bb4f17cbf6c9b9e6ebef7938342aa2df694fe,0x163233172054b52f81b9f891e2f9d5105c71e0adba76e509daa09013f949b0aa
theo_n,16,54,false,9,13,onchain,500,50,63.785000,1408.840100,1173.768500,1237.553500,6.109700,true,4224,4352,0x098b50423eb1b80e5a7fb520438bb4f17cbf6c9b9e6ebef7938342aa2df694fe,0x29f882fd660b6a26a77c96e53e736aaae7aec2dcd44d93124440e2b9b84b4a38
theo_n,16,55,false,9,13,onchain,500,51,53.202000,1408.840100,1152.068900,1205.270900,6.838200,true,4224,4352,0x098b50423eb1b80e5a7fb520438bb4f17cbf6c9b9e6ebef7938342aa2df694fe,0x27e66d84b49036dd0865b9da04321eba233102d93a56847b997b2096cfc0e219
theo_n,16,56,false,9,13,onchain,500,52,65.610200,1408.840100,1168.861800,1234.472000,6.103800,true,4224,4352,0x098b50423eb1b80e5a7fb520438bb4f17cbf6c9b9e6ebef7938342aa2df694fe,0x041c6acccd0de4874fa535b4423d4a3ab728697b23310712e0d2d3f10927164d
theo_n,16,57,false,9,13,onchain,500,53,61.888700,1408.840100,1181.218700,1243.107400,6.145300,true,4224,4352,0x098b50423eb1b80e5a7fb520438bb4f17cbf6c9b9e6ebef7938342aa2df694fe,0x1d11e9b323790b3c05df4d5364a35721616441c63f76b36a5b739e880f8fc03c
theo_n,16,58,false,9,13,onchain,500,54,59.735400,1408.840100,1149.797400,1209.532800,6.590000,true,4224,4352,0x098b50423eb1b80e5a7fb520438bb4f17cbf6c9b9e6ebef7938342aa2df694fe,0x19ed930667ae813189bbaa0641e03f632bed382b9631862cf170dc2cfb08f703
theo_n,16,59,false,9,13,onchain,500,55,55.132600,1408.840100,1177.993000,1233.125600,6.937100,true,4224,4352,0x098b50423eb1b80e5a7fb520438bb4f17cbf6c9b9e6ebef7938342aa2df694fe,0x286f63b2d20d219a578976c21ed9f8396a9370eb76c1692333fb49e9ffe5eddd
theo_n,16,60,false,9,13,onchain,500,56,63.687300,1408.840100,1177.527800,1241.215100,6.123300,true,4224,4352,0x098b50423eb1b80e5a7fb520438bb4f17cbf6c9b9e6ebef7938342aa2df694fe,0x1f99a065f3bb98ea5433e6d81e6e27387fc8c025edc841fddcff3cbf77e66024
theo_n,16,61,false,9,13,onchain,500,57,47.185000,1408.840100,1139.040500,1186.225500,6.580600,true,4224,4352,0x098b50423eb1b80e5a7fb520438bb4f17cbf6c9b9e6ebef7938342aa2df694fe,0x1feb6f0f68700be050d5e26dfd63e880937685b79efab2b075ec055912a4f5ae
theo_n,16,62,false,9,13,onchain,500,58,64.729200,1408.840100,1150.565100,1215.294300,5.892300,true,4224,4352,0x098b50423eb1b80e5a7fb520438bb4f17cbf6c9b9e6ebef7938342aa2df694fe,0x0e6c34dbfd1473a1ae9710c16b88cac448410f09637490e3123197c34790a183
theo_n,16,63,false,9,13,onchain,500,59,59.668400,1408.840100,1200.236300,1259.904700,5.951600,true,4224,4352,0x098b50423eb1b80e5a7fb520438bb4f17cbf6c9b9e6ebef7938342aa2df694fe,0x0bb2842f8a6e91c04573162fc7601b567d7df6749d60979ba332d7b78c328f8d
theo_n,16,64,false,9,13,onchain,500,60,67.774400,1408.840100,1176.034100,1243.808500,6.495700,true,4224,4352,0x098b50423eb1b80e5a7fb520438bb4f17cbf6c9b9e6ebef7938342aa2df694fe,0x0a7220125db4c9fae9b66dda6e019f9ebbe630298376fe4b51a071b6eb9ddbcf
theo_n,16,65,false,9,13,onchain,500,61,65.705300,1408.840100,1185.147700,1250.853000,5.827700,true,4224,4352,0x098b50423eb1b80e5a7fb520438bb4f17cbf6c9b9e6ebef7938342aa2df694fe,0x1abe534db0df466d693bdbb58e2e3330a7c9ce60678dcecd580bfa34a5604850
theo_n,16,66,false,9,13,onchain,500,62,58.970300,1408.840100,1227.738500,1286.708800,7.532200,true,4224,4352,0x098b50423eb1b80e5a7fb520438bb4f17cbf6c9b9e6ebef7938342aa2df694fe,0x12cd93c7fe1e9691bc34c1a151550f01178da157b91296de0279ba930f04a680
theo_n,16,67,false,9,13,onchain,500,63,69.018100,1408.840100,1581.634600,1650.652700,6.227400,true,4224,4352,0x098b50423eb1b80e5a7fb520438bb4f17cbf6c9b9e6ebef7938342aa2df694fe,0x1efdb02da48822560ee87f9d18dd45890f200b5829646129246afe143791a5ee
theo_n,16,68,false,9,13,onchain,500,64,60.282400,1408.840100,1235.491000,1295.773400,5.771200,true,4224,4352,0x098b50423eb1b80e5a7fb520438bb4f17cbf6c9b9e6ebef7938342aa2df694fe,0x18bcb575879217dd771bf3fd110accc154f81eb964db696503ddc5cc982414f3
theo_n,16,69,false,9,13,onchain,500,65,62.787900,1408.840100,1212.962400,1275.750300,6.513400,true,4224,4352,0x098b50423eb1b80e5a7fb520438bb4f17cbf6c9b9e6ebef7938342aa2df694fe,0x2e969f3908c8262e7c1ef3c63699dc0ca68c5ea634b5f0732921ce9452c32843
theo_n,16,70,false,9,13,onchain,500,66,68.322500,1408.840100,1217.351400,1285.673900,7.212500,true,4224,4352,0x098b50423eb1b80e5a7fb520438bb4f17cbf6c9b9e6ebef7938342aa2df694fe,0x0088ab77acbdc069cfc9f633fed7cecb143790696b76586df6ef40df2b60952c
theo_n,16,71,false,9,13,onchain,500,67,62.960600,1408.840100,1287.312600,1350.273200,7.386300,true,4224,4352,0x098b50423eb1b80e5a7fb520438bb4f17cbf6c9b9e6ebef7938342aa2df694fe,0x19266272248a559ab8943ba2d8258af531fe630f833f9241fd43a9bd449ed3a7
theo_n,16,72,false,9,13,onchain,500,68,72.842400,1408.840100,1242.645800,1315.488200,5.877800,true,4224,4352,0x098b50423eb1b80e5a7fb520438bb4f17cbf6c9b9e6ebef7938342aa2df694fe,0x215eaf1d8e79c9ef4d076f165a4f634ca98f0f5ed28e045b617a86326162e4a2
theo_n,16,73,false,9,13,onchain,500,69,65.310900,1408.840100,1159.932300,1225.243200,6.661400,true,4224,4352,0x098b50423eb1b80e5a7fb520438bb4f17cbf6c9b9e6ebef7938342aa2df694fe,0x0a7e4f05953ca3db4ac4061d27149a86e58e25f8abe9700123d4376accf763bf
theo_n,16,74,false,9,13,onchain,500,70,54.515500,1408.840100,1204.334900,1258.850400,7.470800,true,4224,4352,0x098b50423eb1b80e5a7fb520438bb4f17cbf6c9b9e6ebef7938342aa2df694fe,0x08605ab6f0ea9feaba6887ea78431d2492628dfd59a10292fc7afe5ea2e8eece
theo_n,16,75,false,9,13,onchain,500,71,62.925600,1408.840100,1161.711500,1224.637100,7.494500,true,4224,4352,0x098b50423eb1b80e5a7fb520438bb4f17cbf6c9b9e6ebef7938342aa2df694fe,0x26d317fe0299e077054be278d1f0d21206ca9c25bef0abf439a346026c390dfa
theo_n,16,76,false,9,13,onchain,500,72,62.880200,1408.840100,1169.942900,1232.823100,6.121000,true,4224,4352,0x098b50423eb1b80e5a7fb520438bb4f17cbf6c9b9e6ebef7938342aa2df694fe,0x25af9ec4cff748dbaf0976a3ff1188e5b628546f7f4f5b9db9eaa477462f7869
theo_n,16,77,false,9,13,onchain,500,73,59.555900,1408.840100,1148.748100,1208.304000,5.700800,true,4224,4352,0x098b50423eb1b80e5a7fb520438bb4f17cbf6c9b9e6ebef7938342aa2df694fe,0x01fb960b8f1b5d34b7f4749defb02b514c03bec096b79a9bc37ebfdeec741f2b
theo_n,16,78,false,9,13,onchain,500,74,61.112700,1408.840100,1191.213500,1252.326200,7.316800,true,4224,4352,0x098b50423eb1b80e5a7fb520438bb4f17cbf6c9b9e6ebef7938342aa2df694fe,0x12e08ec57ab72cecc7a3924708902cc02c89942a36fdb660beb16561ed7ef5ce
theo_n,16,79,false,9,13,onchain,500,75,66.530000,1408.840100,1206.619400,1273.149400,5.663600,true,4224,4352,0x098b50423eb1b80e5a7fb520438bb4f17cbf6c9b9e6ebef7938342aa2df694fe,0x16a729a31e033516db4de85c7111097269183918aa98a399cfd2eabaf4bc6545
theo_n,16,80,false,9,13,onchain,500,76,64.940500,1408.840100,1201.903800,1266.844300,6.261900,true,4224,4352,0x098b50423eb1b80e5a7fb520438bb4f17cbf6c9b9e6ebef7938342aa2df694fe,0x0d453d4335fb2a5c16d11d4240b1166d98908cce0ead0250abff97a9868aecc8
theo_n,16,81,false,9,13,onchain,500,77,57.832300,1408.840100,1198.913100,1256.745400,5.999700,true,4224,4352,0x098b50423eb1b80e5a7fb520438bb4f17cbf6c9b9e6ebef7938342aa2df694fe,0x0d4fb35507c4725529bee562d7875325d2200194fbe8fd2e917d6dd1cc23fdc2
theo_n,16,82,false,9,13,onchain,500,78,58.456400,1408.840100,1193.738000,1252.194400,6.708900,true,4224,4352,0x098b50423eb1b80e5a7fb520438bb4f17cbf6c9b9e6ebef7938342aa2df694fe,0x18fd75dcd068156962b7472b26d5764df5f027a7dc6aba38d75ff522addddc25
theo_n,16,83,false,9,13,onchain,500,79,74.248600,1408.840100,1159.371200,1233.619800,7.833500,true,4224,4352,0x098b50423eb1b80e5a7fb520438bb4f17cbf6c9b9e6ebef7938342aa2df694fe,0x2be77b57647a6b10a55e242f74a9ccf7e4785095dad898a23c39c7449a8a7c0c
theo_n,16,84,false,9,13,onchain,500,80,63.751400,1408.840100,1144.088500,1207.839900,5.995200,true,4224,4352,0x098b50423eb1b80e5a7fb520438bb4f17cbf6c9b9e6ebef7938342aa2df694fe,0x0d9b8e94306ca021ecb938f5026044a99fb2903e768e0b859c6cb7f74c89ada6
theo_n,16,85,false,9,13,onchain,500,81,63.746800,1408.840100,1159.190700,1222.937500,5.831300,true,4224,4352,0x098b50423eb1b80e5a7fb520438bb4f17cbf6c9b9e6ebef7938342aa2df694fe,0x06c0b3f5ffd3b8544f72e020c2ffde1c8399e0f7b3f5c2c98ef2d41a5b6d2a0a
theo_n,16,86,false,9,13,onchain,500,82,60.886900,1408.840100,1168.294800,1229.181700,5.736400,true,4224,4352,0x098b50423eb1b80e5a7fb520438bb4f17cbf6c9b9e6ebef7938342aa2df694fe,0x0fcde5acfb3565955df8385342e3d172fc5e4376c643a3cb46cf9cada75b9277
theo_n,16,87,false,9,13,onchain,500,83,57.162300,1408.840100,1158.007100,1215.169400,5.778300,true,4224,4352,0x098b50423eb1b80e5a7fb520438bb4f17cbf6c9b9e6ebef7938342aa2df694fe,0x15051a287f47c76ed7d2269998aa47f5381185b04d9f51445c39087cd8ed01de
theo_n,16,88,false,9,13,onchain,500,84,57.852200,1408.840100,1159.019700,1216.871900,5.804100,true,4224,4352,0x098b50423eb1b80e5a7fb520438bb4f17cbf6c9b9e6ebef7938342aa2df694fe,0x0f7765a835070e4481f45e0827e06270383d6f9cdbd4196f283b338b9a4e3238
theo_n,16,89,false,9,13,onchain,500,85,53.855200,1408.840100,1167.321300,1221.176500,5.849000,true,4224,4352,0x098b50423eb1b80e5a7fb520438bb4f17cbf6c9b9e6ebef7938342aa2df694fe,0x2b62ea88645121b88157ac06e4e3f9c3178df965566ae6496a8d6c6bb96fbded
theo_n,16,90,false,9,13,onchain,500,86,57.934800,1408.840100,1208.818700,1266.753500,6.607800,true,4224,4352,0x098b50423eb1b80e5a7fb520438bb4f17cbf6c9b9e6ebef7938342aa2df694fe,0x2dd46823e0fa0e639cbb8cc928ec221105d0d9a65c31b716e52a5a52adfcfb95
theo_n,16,91,false,9,13,onchain,500,87,61.042700,1408.840100,1146.656300,1207.699000,6.199400,true,4224,4352,0x098b50423eb1b80e5a7fb520438bb4f17cbf6c9b9e6ebef7938342aa2df694fe,0x28a7f749444fc4fb853eeff2d8b65c7a41abfea333797977a42f9f84eb0ea79b
theo_n,16,92,false,9,13,onchain,500,88,65.439900,1408.840100,1192.834300,1258.274200,7.952900,true,4224,4352,0x098b50423eb1b80e5a7fb520438bb4f17cbf6c9b9e6ebef7938342aa2df694fe,0x1990851d8f9a1f34328e760b34b2c549764ca2e1557dde4c5f189c4e168cd5f9
theo_n,16,93,false,9,13,onchain,500,89,65.527800,1408.840100,1171.768500,1237.296300,6.003000,true,4224,4352,0x098b50423eb1b80e5a7fb520438bb4f17cbf6c9b9e6ebef7938342aa2df694fe,0x2b8d45422864217488a84b2c5d353db89cdf51b5bee10eb545baef4f7381330f
theo_n,16,94,false,9,13,onchain,500,90,60.543600,1408.840100,1166.568700,1227.112300,7.810500,true,4224,4352,0x098b50423eb1b80e5a7fb520438bb4f17cbf6c9b9e6ebef7938342aa2df694fe,0x00f12dbe894fc42bbde3b356e7868f42f5a9a342cfd632ff464f8fcf9e57333b
theo_n,16,95,false,9,13,onchain,500,91,66.998300,1408.840100,1172.453200,1239.451500,5.396100,true,4224,4352,0x098b50423eb1b80e5a7fb520438bb4f17cbf6c9b9e6ebef7938342aa2df694fe,0x1ec83bfd5f380ef673a5af89e992e0d01715ca7d7f2967cc8316c40bb09163a9
theo_n,16,96,false,9,13,onchain,500,92,58.630700,1408.840100,1159.186100,1217.816800,7.616700,true,4224,4352,0x098b50423eb1b80e5a7fb520438bb4f17cbf6c9b9e6ebef7938342aa2df694fe,0x0b07c8f3f557a462c6ef632caabdcf5fc3bf382ff18dfe46aae0dadaedd5a8d2
theo_n,16,97,false,9,13,onchain,500,93,63.931700,1408.840100,1176.124800,1240.056500,6.077700,true,4224,4352,0x098b50423eb1b80e5a7fb520438bb4f17cbf6c9b9e6ebef7938342aa2df694fe,0x0d315137502a0bf670e5c74c46603131659987d14b09d74da3c36de13a608b07
theo_n,16,98,false,9,13,onchain,500,94,63.303800,1408.840100,1219.153800,1282.457600,6.416900,true,4224,4352,0x098b50423eb1b80e5a7fb520438bb4f17cbf6c9b9e6ebef7938342aa2df694fe,0x2d7c0a2bf3f877b4301edfbb51e2b35bd3c86cfe1d1a492eb454d060ae7778f1
theo_n,16,99,false,9,13,onchain,500,95,67.894100,1408.840100,1163.646500,1231.540600,6.313400,true,4224,4352,0x098b50423eb1b80e5a7fb520438bb4f17cbf6c9b9e6ebef7938342aa2df694fe,0x08d69a87c1f599104a063e0894e7eb48d057bdabc16119b7d07547d35fa7c8a5
theo_n,16,100,false,9,13,onchain,500,96,62.897300,1408.840100,1162.056800,1224.954100,5.987800,true,4224,4352,0x098b50423eb1b80e5a7fb520438bb4f17cbf6c9b9e6ebef7938342aa2df694fe,0x1c7df0827e1080ee71d950a409a18e1518a5e3bce2da8c0ce1b24094d4994b6b
theo_n,16,101,false,9,13,onchain,500,97,66.147800,1408.840100,1151.682800,1217.830600,6.318600,true,4224,4352,0x098b50423eb1b80e5a7fb520438bb4f17cbf6c9b9e6ebef7938342aa2df694fe,0x2d58a42d5d1cc2791453aaa1b78a1d4086dc79c5bae4a72518c26d1eeeaf480a
theo_n,16,102,false,9,13,onchain,500,98,56.105800,1408.840100,1149.880300,1205.986100,6.110100,true,4224,4352,0x098b50423eb1b80e5a7fb520438bb4f17cbf6c9b9e6ebef7938342aa2df694fe,0x082328b47921926c3d45725c3c54adb91798ae45bbee77c57c13c78a0e127537
theo_n,16,103,false,9,13,onchain,500,99,64.860200,1408.840100,1146.167100,1211.027300,6.678800,true,4224,4352,0x098b50423eb1b80e5a7fb520438bb4f17cbf6c9b9e6ebef7938342aa2df694fe,0x0346d298ca5e9ba5bc6d3e3e2e13cc63e6e4d14e53981e988e66eb8d5b87aed3
theo_n,16,104,false,9,13,onchain,500,100,63.545000,1408.840100,1169.721800,1233.266800,5.598300,true,4224,4352,0x098b50423eb1b80e5a7fb520438bb4f17cbf6c9b9e6ebef7938342aa2df694fe,0x280a714b2978fcf5aba174c93ac09d948715115992029fdb917fd8374ab986bd
theo_n,16,105,false,9,13,onchain,500,101,63.492000,1408.840100,1159.177700,1222.669700,6.760500,true,4224,4352,0x098b50423eb1b80e5a7fb520438bb4f17cbf6c9b9e6ebef7938342aa2df694fe,0x085cb394d60f01c45b060e3655b9680d97304f6337b86fda09f0335513c0eaf0
theo_n,16,106,false,9,13,onchain,500,102,63.470000,1408.840100,1206.768900,1270.238900,6.586500,true,4224,4352,0x098b50423eb1b80e5a7fb520438bb4f17cbf6c9b9e6ebef7938342aa2df694fe,0x1527c5d2d9c656f6144be711876760da3a61cf05ed9e544600be5f4b9cfe074d
theo_n,16,107,false,9,13,onchain,500,103,59.663700,1408.840100,1149.502000,1209.165700,7.602600,true,4224,4352,0x098b50423eb1b80e5a7fb520438bb4f17cbf6c9b9e6ebef7938342aa2df694fe,0x1eaec94c680ac2a6a85aa250ddf4cb5bd7a659b00b78f4b6b7c75044fad7d3bd
theo_n,16,108,false,9,13,onchain,500,104,60.437100,1408.840100,1137.398900,1197.836000,6.020000,true,4224,4352,0x098b50423eb1b80e5a7fb520438bb4f17cbf6c9b9e6ebef7938342aa2df694fe,0x15d2afc485db584720f32f6198068e75f1168528ba496590a1980e0f1b270985
theo_n,16,109,false,9,13,onchain,500,105,63.322200,1408.840100,1156.593700,1219.915900,6.055700,true,4224,4352,0x098b50423eb1b80e5a7fb520438bb4f17cbf6c9b9e6ebef7938342aa2df694fe,0x1a5da863997d24b5471d5d5e81070d3959dae8e5b754f8c0c15c3465fc18ca97
theo_n,16,110,false,9,13,onchain,500,106,59.897700,1408.840100,1141.932700,1201.830400,6.527700,true,4224,4352,0x098b50423eb1b80e5a7fb520438bb4f17cbf6c9b9e6ebef7938342aa2df694fe,0x273edd203800914995c38c0f86697eebec9b5fe5bbf24f7e1a8008a29448420f
theo_n,16,111,false,9,13,onchain,500,107,64.413900,1408.840100,1141.857200,1206.271100,5.738700,true,4224,4352,0x098b50423eb1b80e5a7fb520438bb4f17cbf6c9b9e6ebef7938342aa2df694fe,0x2d0b9fe4e87166878564917f8414cfbd31d9faba6cd878a9cbf85c615976b56f
theo_n,16,112,false,9,13,onchain,500,108,61.211000,1408.840100,1166.433300,1227.644300,6.673900,true,4224,4352,0x098b50423eb1b80e5a7fb520438bb4f17cbf6c9b9e6ebef7938342aa2df694fe,0x132230c786a10fd367e92c57fe0adc7480c4617b2bfbe878a0401dfb1b72cb4f
theo_n,16,113,false,9,13,onchain,500,109,63.114900,1408.840100,1150.646800,1213.761700,5.868900,true,4224,4352,0x098b50423eb1b80e5a7fb520438bb4f17cbf6c9b9e6ebef7938342aa2df694fe,0x16cd25f623714f4f1b7065482e340f09ca465af9ebcce54ad72bdc27f48342df
theo_n,16,114,false,9,13,onchain,500,110,61.121000,1408.840100,1152.235700,1213.356700,6.329600,true,4224,4352,0x098b50423eb1b80e5a7fb520438bb4f17cbf6c9b9e6ebef7938342aa2df694fe,0x1bd2861c2b226ae17de48461808c1065c0f1c05fbd72069529891146436c9b34
theo_n,16,115,false,9,13,onchain,500,111,63.241400,1408.840100,1153.705800,1216.947200,5.574700,true,4224,4352,0x098b50423eb1b80e5a7fb520438bb4f17cbf6c9b9e6ebef7938342aa2df694fe,0x0fae658cab7c5225312015aba3241828f57834001837fa9b2ba7a8dea2a5c6cf
theo_n,16,116,false,9,13,onchain,500,112,56.966400,1408.840100,1143.518400,1200.484800,6.153300,true,4224,4352,0x098b50423eb1b80e5a7fb520438bb4f17cbf6c9b9e6ebef7938342aa2df694fe,0x1c5bd298c59b7b24b1802fdfa7c5e831f068f3b3f82ee84667b05d2945f3246e
theo_n,16,117,false,9,13,onchain,500,113,56.847100,1408.840100,1136.257600,1193.104700,5.765100,true,4224,4352,0x098b50423eb1b80e5a7fb520438bb4f17cbf6c9b9e6ebef7938342aa2df694fe,0x2c99a20b86bdb461dd0a77ef1c3714daeaca35a1b808a8abba086b86b93557ce
theo_n,16,118,false,9,13,onchain,500,114,63.894000,1408.840100,1164.196400,1228.090400,5.991400,true,4224,4352,0x098b50423eb1b80e5a7fb520438bb4f17cbf6c9b9e6ebef7938342aa2df694fe,0x25fd20ab6e32c5e8688735c9a2a6f33777a1d050634219f0b002c81ced1c7b5e
theo_n,16,119,false,9,13,onchain,500,115,62.343400,1408.840100,1153.958200,1216.301600,6.604300,true,4224,4352,0x098b50423eb1b80e5a7fb520438bb4f17cbf6c9b9e6ebef7938342aa2df694fe,0x291280af54056c2cd9ad444ad2cdf0658fbdf5cdf12638e6ee2b4eb312a06144
theo_n,16,120,false,9,13,onchain,500,116,58.765900,1408.840100,1299.279100,1358.045000,6.480200,true,4224,4352,0x098b50423eb1b80e5a7fb520438bb4f17cbf6c9b9e6ebef7938342aa2df694fe,0x062716b8ca7b91cefd14777688e1184a74ef6e5c5b6b65936db29c147c43227e
theo_n,16,121,false,9,13,onchain,500,117,50.497800,1408.840100,1184.631100,1235.128900,7.551800,true,4224,4352,0x098b50423eb1b80e5a7fb520438bb4f17cbf6c9b9e6ebef7938342aa2df694fe,0x048e61258fe1e21ef0d5714d38c150dc8cabb2ab182c87524b52f5ec88e1f81f
theo_n,16,122,false,9,13,onchain,500,118,60.835700,1408.840100,1149.831900,1210.667600,7.137500,true,4224,4352,0x098b50423eb1b80e5a7fb520438bb4f17cbf6c9b9e6ebef7938342aa2df694fe,0x0337077e10fc7847a1ac99ececa16ab363e8cf5ce0b82290be76dd1dc10769e8
theo_n,16,123,false,9,13,onchain,500,119,63.218500,1408.840100,1167.475600,1230.694100,5.396500,true,4224,4352,0x098b50423eb1b80e5a7fb520438bb4f17cbf6c9b9e6ebef7938342aa2df694fe,0x122ac2ab494aa392fcee5dd7347129100fc0de2505d46d438da3cd8a2d32e6ea
theo_n,16,124,false,9,13,onchain,500,120,63.225500,1408.840100,1137.665000,1200.890500,6.430400,true,4224,4352,0x098b50423eb1b80e5a7fb520438bb4f17cbf6c9b9e6ebef7938342aa2df694fe,0x1bb18f78f446215b3d6ac87d13f405094b21b926809bad622f625a5c4aba0aa5
theo_n,16,125,false,9,13,onchain,500,121,66.664400,1408.840100,1161.924000,1228.588400,6.544000,true,4224,4352,0x098b50423eb1b80e5a7fb520438bb4f17cbf6c9b9e6ebef7938342aa2df694fe,0x11586f2d39477f1bc5e9b1d06a9fdff35e236bf3cdc4aab74f621481516d7815
theo_n,16,126,false,9,13,onchain,500,122,61.403400,1408.840100,1168.306100,1229.709500,5.888900,true,4224,4352,0x098b50423eb1b80e5a7fb520438bb4f17cbf6c9b9e6ebef7938342aa2df694fe,0x1ddb223e1339f8bf0cbed084e0b0a69adf4fe7ca2c5dc312fce34c5ed9fdf094
theo_n,16,127,false,9,13,onchain,500,123,61.356100,1408.840100,1134.409000,1195.765100,5.937900,true,4224,4352,0x098b50423eb1b80e5a7fb520438bb4f17cbf6c9b9e6ebef7938342aa2df694fe,0x1840a4c242fef47e8f74cd8aa8295e9b11f3bc37ee4ad16c38a5c208344b37dc
theo_n,16,128,false,9,13,onchain,500,124,64.179000,1408.840100,1152.208200,1216.387200,5.998800,true,4224,4352,0x098b50423eb1b80e5a7fb520438bb4f17cbf6c9b9e6ebef7938342aa2df694fe,0x1c13441afbd44509328c5d26d85d3acf169464c8375735cbb5efd13c343ad09f
theo_n,16,129,false,9,13,onchain,500,125,60.226400,1408.840100,1157.494600,1217.721000,7.605600,true,4224,4352,0x098b50423eb1b80e5a7fb520438bb4f17cbf6c9b9e6ebef7938342aa2df694fe,0x1326819b8b7b82169305219445339534c813219958aff00f2de38420d73886c2
theo_n,16,130,false,9,13,onchain,500,126,63.788100,1408.840100,1148.129000,1211.917100,5.640200,true,4224,4352,0x098b50423eb1b80e5a7fb520438bb4f17cbf6c9b9e6ebef7938342aa2df694fe,0x2ca4fcbbe3622752f4aa4e3ca994d30d0c1456ecbc1cad9193430d998bc7ef6e
theo_n,16,131,false,9,13,onchain,500,127,54.756700,1408.840100,1179.154000,1233.910700,6.528900,true,4224,4352,0x098b50423eb1b80e5a7fb520438bb4f17cbf6c9b9e6ebef7938342aa2df694fe,0x1b76b599cec9d9ae0690413de23fc0c9eb5a159ef05aea11a95ee8cda8592759
theo_n,16,132,false,9,13,onchain,500,128,64.379500,1408.840100,1158.509000,1222.888500,7.054400,true,4224,4352,0x098b50423eb1b80e5a7fb520438bb4f17cbf6c9b9e6ebef7938342aa2df694fe,0x19fdf3e31ef4713cb2b80a9d45bb04e96c7ee09d39424729962e332821c9888a
theo_n,16,133,false,9,13,onchain,500,129,59.414300,1408.840100,1138.658700,1198.073000,5.608700,true,4224,4352,0x098b50423eb1b80e5a7fb520438bb4f17cbf6c9b9e6ebef7938342aa2df694fe,0x1f4b342dcdff21fbd66fa67e11c5544bfd8929b923b2dabc1f7ac6cb5151b9b9
theo_n,16,134,false,9,13,onchain,500,130,60.058200,1408.840100,1153.592100,1213.650300,5.922400,true,4224,4352,0x098b50423eb1b80e5a7fb520438bb4f17cbf6c9b9e6ebef7938342aa2df694fe,0x154b1d74c2618354b26b34c984e94e4f7d706573361930e780b8278071f43a98
theo_n,16,135,false,9,13,onchain,500,131,61.738200,1408.840100,1134.591600,1196.329800,6.286400,true,4224,4352,0x098b50423eb1b80e5a7fb520438bb4f17cbf6c9b9e6ebef7938342aa2df694fe,0x1cd387bebe939deb9139dccf335cf5da302583a9ba488b7eea65b16b9f797a0d
theo_n,16,136,false,9,13,onchain,500,132,58.898100,1408.840100,1159.758900,1218.657000,5.898500,true,4224,4352,0x098b50423eb1b80e5a7fb520438bb4f17cbf6c9b9e6ebef7938342aa2df694fe,0x06d6a19737ba3c27075e413dd7860d45cc20cb35ed6c608ac22acc2e5c9c54bb
theo_n,16,137,false,9,13,onchain,500,133,64.576400,1408.840100,1148.862900,1213.439300,5.786900,true,4224,4352,0x098b50423eb1b80e5a7fb520438bb4f17cbf6c9b9e6ebef7938342aa2df694fe,0x29477a7a12360051ea5c87e3ca17fa0d3d2370b734d34a8bfeccbec806464239
theo_n,16,138,false,9,13,onchain,500,134,46.044400,1408.840100,1169.132300,1215.176700,5.582900,true,4224,4352,0x098b50423eb1b80e5a7fb520438bb4f17cbf6c9b9e6ebef7938342aa2df694fe,0x261908540691dd3c2c92abe77a9016a9a562140b65ef5e147e1a60d0cdfc90e0
theo_n,16,139,false,9,13,onchain,500,135,52.952100,1408.840100,1171.770900,1224.723000,6.404500,true,4224,4352,0x098b50423eb1b80e5a7fb520438bb4f17cbf6c9b9e6ebef7938342aa2df694fe,0x2674c02a1b2848b07db064c5a4e58662470a9da5dc7276de3c371db1c33bc5bc
theo_n,16,140,false,9,13,onchain,500,136,68.977000,1408.840100,1146.932000,1215.909000,6.210500,true,4224,4352,0x098b50423eb1b80e5a7fb520438bb4f17cbf6c9b9e6ebef7938342aa2df694fe,0x19c06805eb153a95eef5e1daec5f4936cfd6b1fd84715978ae293859cf99f2f7
theo_n,16,141,false,9,13,onchain,500,137,64.381900,1408.840100,1181.349400,1245.731300,5.760700,true,4224,4352,0x098b50423eb1b80e5a7fb520438bb4f17cbf6c9b9e6ebef7938342aa2df694fe,0x2b9386b34b67cca51b5f376f0d9d5825990e05d8a0663acc09cd7ef2478b99ef
theo_n,16,142,false,9,13,onchain,500,138,64.119200,1408.840100,1152.777100,1216.896300,7.316700,true,4224,4352,0x098b50423eb1b80e5a7fb520438bb4f17cbf6c9b9e6ebef7938342aa2df694fe,0x1d973ebf381de252d781eee0181e4bf96f60364a6355f27faf9d88a26c6d5f74
theo_n,16,143,false,9,13,onchain,500,139,64.791500,1408.840100,1139.100800,1203.892300,6.889900,true,4224,4352,0x098b50423eb1b80e5a7fb520438bb4f17cbf6c9b9e6ebef7938342aa2df694fe,0x1dbc758c2bdd3ffd4ae4900c512cfdd59aa39693c5da8541569bb1b11a7a4ff7
theo_n,16,144,false,9,13,onchain,500,140,56.560100,1408.840100,1162.818300,1219.378400,6.572200,true,4224,4352,0x098b50423eb1b80e5a7fb520438bb4f17cbf6c9b9e6ebef7938342aa2df694fe,0x24fefd181e7c2a8b9c3c99e3f098e38499d6eb3748a5bec2ec08c191c32a20c9
theo_n,16,145,false,9,13,onchain,500,141,50.609800,1408.840100,1161.543200,1212.153000,6.754100,true,4224,4352,0x098b50423eb1b80e5a7fb520438bb4f17cbf6c9b9e6ebef7938342aa2df694fe,0x23968c116ab2270a3af0c481a377d282fa2af22d0df2584795947071ab2e8546
theo_n,16,146,false,9,13,onchain,500,142,65.196400,1408.840100,1161.150500,1226.346900,6.255400,true,4224,4352,0x098b50423eb1b80e5a7fb520438bb4f17cbf6c9b9e6ebef7938342aa2df694fe,0x1647c354c1f20bac7643c9c62e601536572c45dcedaee32d3ee30e288b2a1fee
theo_n,16,147,false,9,13,onchain,500,143,62.714200,1408.840100,1148.296700,1211.010900,7.764300,true,4224,4352,0x098b50423eb1b80e5a7fb520438bb4f17cbf6c9b9e6ebef7938342aa2df694fe,0x2ea5df06e8526bce926495cfb5bcaeeded936c0d347b1f44869b740c89de802c
theo_n,16,148,false,9,13,onchain,500,144,65.343600,1408.840100,1154.803000,1220.146600,7.092200,true,4224,4352,0x098b50423eb1b80e5a7fb520438bb4f17cbf6c9b9e6ebef7938342aa2df694fe,0x0583f5e4a43ff231fab22b74c1e8dc9ca7e11f908ebfec3cae568fa348641be4
theo_n,16,149,false,9,13,onchain,500,145,57.986100,1408.840100,1159.899700,1217.885800,5.703600,true,4224,4352,0x098b50423eb1b80e5a7fb520438bb4f17cbf6c9b9e6ebef7938342aa2df694fe,0x14e11f8cfedbf4f8cf3085e378b3035aa5a493ea65a91f2de51f071ab1c11333
theo_n,16,150,false,9,13,onchain,500,146,57.619400,1408.840100,1155.678700,1213.298100,6.080300,true,4224,4352,0x098b50423eb1b80e5a7fb520438bb4f17cbf6c9b9e6ebef7938342aa2df694fe,0x245b631ba32f9e19fd8f3d1bf8329300750d5c30e6151c849be8b7168923763d
theo_n,16,151,false,9,13,onchain,500,147,59.843800,1408.840100,1158.960100,1218.803900,5.968200,true,4224,4352,0x098b50423eb1b80e5a7fb520438bb4f17cbf6c9b9e6ebef7938342aa2df694fe,0x0a4cf55b4df6d265e96388cc0abf738334a51602cc8ee10b4e6798b91c62ccf6
theo_n,16,152,false,9,13,onchain,500,148,54.034700,1408.840100,1182.792500,1236.827200,6.490500,true,4224,4352,0x098b50423eb1b80e5a7fb520438bb4f17cbf6c9b9e6ebef7938342aa2df694fe,0x2980306594ba7a72b85f517f2b2217da35af687f784e3e046e7dc5d50302957d
theo_n,16,153,false,9,13,onchain,500,149,59.769000,1408.840100,1166.745900,1226.514900,6.007500,true,4224,4352,0x098b50423eb1b80e5a7fb520438bb4f17cbf6c9b9e6ebef7938342aa2df694fe,0x0bae57eb5e9667ff3213947821ebf0971fbc22df8df57a3113b581d199257ff1
theo_n,16,154,false,9,13,onchain,500,150,63.422400,1408.840100,1156.207500,1219.629900,6.315700,true,4224,4352,0x098b50423eb1b80e5a7fb520438bb4f17cbf6c9b9e6ebef7938342aa2df694fe,0x09df330028e60ab8f64f208ed8725b2bd088b3666a34eddd5b59cc30efa91446
theo_n,16,155,false,9,13,onchain,500,151,82.054200,1408.840100,1171.551100,1253.605300,6.653100,true,4224,4352,0x098b50423eb1b80e5a7fb520438bb4f17cbf6c9b9e6ebef7938342aa2df694fe,0x0e827a40e73cd93978223bdaea2de4a3662c85d4ada215d330dd658fcde25a44
theo_n,16,156,false,9,13,onchain,500,152,63.590400,1408.840100,1159.644500,1223.234900,6.375400,true,4224,4352,0x098b50423eb1b80e5a7fb520438bb4f17cbf6c9b9e6ebef7938342aa2df694fe,0x2df1bef61f31af46f7936d4d9d4c5ac1d276b7b8eaecfe888700ac1298f92267
theo_n,16,157,false,9,13,onchain,500,153,58.921500,1408.840100,1162.032600,1220.954100,6.261400,true,4224,4352,0x098b50423eb1b80e5a7fb520438bb4f17cbf6c9b9e6ebef7938342aa2df694fe,0x12915572ab99b6ddc8fea60928bc7ce39caeba0d31257fc844a096476109b36f
theo_n,16,158,false,9,13,onchain,500,154,54.672600,1408.840100,1158.318300,1212.990900,6.960800,true,4224,4352,0x098b50423eb1b80e5a7fb520438bb4f17cbf6c9b9e6ebef7938342aa2df694fe,0x1a9da40b6a281115b0c04c78ccf79a0177bfd4bd849e7a87b72227206ca49630
theo_n,16,159,false,9,13,onchain,500,155,75.179200,1408.840100,1163.352400,1238.531600,6.026500,true,4224,4352,0x098b50423eb1b80e5a7fb520438bb4f17cbf6c9b9e6ebef7938342aa2df694fe,0x05a92e4d70718e361377004987d81958215294de37ec7adfa4ae249de133a464
theo_n,16,160,false,9,13,onchain,500,156,63.503600,1408.840100,1154.895900,1218.399500,6.996800,true,4224,4352,0x098b50423eb1b80e5a7fb520438bb4f17cbf6c9b9e6ebef7938342aa2df694fe,0x011d10d516eb6795ffe1ac987326ec7b8a1bc7c6216fb37623144bce1ea511d9
theo_n,16,161,false,9,13,onchain,500,157,56.735100,1408.840100,1201.370600,1258.105700,6.862500,true,4224,4352,0x098b50423eb1b80e5a7fb520438bb4f17cbf6c9b9e6ebef7938342aa2df694fe,0x07c2427f7b75d030b8add3786708a7f1ff3619698d999713baa4e3e9179ea69c
theo_n,16,162,false,9,13,onchain,500,158,50.423700,1408.840100,1232.396100,1282.819800,6.079000,true,4224,4352,0x098b50423eb1b80e5a7fb520438bb4f17cbf6c9b9e6ebef7938342aa2df694fe,0x15b494b2d69d888296e4a53c9138e66b123c8700312e6b706ac66675afaf6f1e
theo_n,16,163,false,9,13,onchain,500,159,60.367700,1408.840100,1157.437200,1217.804900,5.716200,true,4224,4352,0x098b50423eb1b80e5a7fb520438bb4f17cbf6c9b9e6ebef7938342aa2df694fe,0x09d28e4bc034581881ef74dcd3ef170396e570e5cdac22e022a7b681b15fa3f8
theo_n,16,164,false,9,13,onchain,500,160,45.776800,1408.840100,1159.322700,1205.099500,6.025600,true,4224,4352,0x098b50423eb1b80e5a7fb520438bb4f17cbf6c9b9e6ebef7938342aa2df694fe,0x06320cda582ab69eba60cc5f2d8f98720c81076f5feb562563b2678474f0e833
theo_n,16,165,false,9,13,onchain,500,161,53.086800,1408.840100,1175.397000,1228.483800,6.744300,true,4224,4352,0x098b50423eb1b80e5a7fb520438bb4f17cbf6c9b9e6ebef7938342aa2df694fe,0x1ed92eb6f52266c41b5eff71eff811783249cd3cb8dab2b6d993871737888e24
theo_n,16,166,false,9,13,onchain,500,162,65.289300,1408.840100,1127.020700,1192.310000,5.878200,true,4224,4352,0x098b50423eb1b80e5a7fb520438bb4f17cbf6c9b9e6ebef7938342aa2df694fe,0x2f228f71e58a7b39a67b3c4e6272d392223b6299129403e73cd5d22ee0dd12ac
theo_n,16,167,false,9,13,onchain,500,163,56.504000,1408.840100,1175.442600,1231.946600,6.300000,true,4224,4352,0x098b50423eb1b80e5a7fb520438bb4f17cbf6c9b9e6ebef7938342aa2df694fe,0x08b9ea24dacf4bb71cd1a71d186ad4a3aa0b1224036b3d5975053220811cfde2
theo_n,16,168,false,9,13,onchain,500,164,60.236400,1408.840100,1218.711600,1278.948000,16.762000,true,4224,4352,0x098b50423eb1b80e5a7fb520438bb4f17cbf6c9b9e6ebef7938342aa2df694fe,0x1e916b5d46e155942cbf9bd03d57a68d6870f77dfa7a2603838d5697fc064995
theo_n,16,169,false,9,13,onchain,500,165,84.138100,1408.840100,1221.552200,1305.690300,5.958500,true,4224,4352,0x098b50423eb1b80e5a7fb520438bb4f17cbf6c9b9e6ebef7938342aa2df694fe,0x2083a99ee8336b2216a949706234f1238389c5d988e1a708f1d82d2dd19a36f8
theo_n,16,170,false,9,13,onchain,500,166,82.060500,1408.840100,1173.767100,1255.827600,7.201700,true,4224,4352,0x098b50423eb1b80e5a7fb520438bb4f17cbf6c9b9e6ebef7938342aa2df694fe,0x0fc49d02f286296ca6aea328cf7989ead6df46008a90ac7708b353d4d1fa50a1
theo_n,16,171,false,9,13,onchain,500,167,66.467500,1408.840100,1167.188400,1233.655900,6.361500,true,4224,4352,0x098b50423eb1b80e5a7fb520438bb4f17cbf6c9b9e6ebef7938342aa2df694fe,0x01c951890bef8b00ee81b33d53ff33cabfdb08c77cd3d71cf09ae6aa9c8e6223
theo_n,16,172,false,9,13,onchain,500,168,64.767300,1408.840100,1141.072200,1205.839500,6.434600,true,4224,4352,0x098b50423eb1b80e5a7fb520438bb4f17cbf6c9b9e6ebef7938342aa2df694fe,0x2e21bd7006b2fe0c1b3e8d85680b3db6b9023ae9655b981deba01610d09107ff
theo_n,16,173,false,9,13,onchain,500,169,64.326100,1408.840100,1137.833200,1202.159300,7.396800,true,4224,4352,0x098b50423eb1b80e5a7fb520438bb4f17cbf6c9b9e6ebef7938342aa2df694fe,0x2dea3ace923241fb9b6cbe0f7cc54de90e793785f271579dc5ba7ed217ecf5de
theo_n,16,174,false,9,13,onchain,500,170,65.388300,1408.840100,1141.239000,1206.627300,6.114200,true,4224,4352,0x098b50423eb1b80e5a7fb520438bb4f17cbf6c9b9e6ebef7938342aa2df694fe,0x10f12245982fffe007b0ecef635197a5267eb81d727d447237c3f308eeea06c5
theo_n,16,175,false,9,13,onchain,500,171,41.093200,1408.840100,1169.084100,1210.177300,6.721400,true,4224,4352,0x098b50423eb1b80e5a7fb520438bb4f17cbf6c9b9e6ebef7938342aa2df694fe,0x1fde592bf80e60c3006f6357af1860d7a9c3b5f570bc0e39666b2fa0b0fa623b
theo_n,16,176,false,9,13,onchain,500,172,64.558100,1408.840100,1146.721100,1211.279200,5.809500,true,4224,4352,0x098b50423eb1b80e5a7fb520438bb4f17cbf6c9b9e6ebef7938342aa2df694fe,0x03f52ca2eb1444ab17b86e0070b7cb17a6e6d8eb47ba455096f24be0ef44e64d
theo_n,16,177,false,9,13,onchain,500,173,42.402500,1408.840100,1148.269000,1190.671500,5.997000,true,4224,4352,0x098b50423eb1b80e5a7fb520438bb4f17cbf6c9b9e6ebef7938342aa2df694fe,0x298aa57712a04fb53de588b8f1a0b1d1e4227d335b31773343b126bd46d6c8ce
theo_n,16,178,false,9,13,onchain,500,174,61.660900,1408.840100,1158.912800,1220.573700,6.018400,true,4224,4352,0x098b50423eb1b80e5a7fb520438bb4f17cbf6c9b9e6ebef7938342aa2df694fe,0x107b857578d9cb6989ccf0f30edb97b06bc3833c39c4f2d3e3d372f481dd8023
theo_n,16,179,false,9,13,onchain,500,175,59.662000,1408.840100,1157.432000,1217.094000,8.012200,true,4224,4352,0x098b50423eb1b80e5a7fb520438bb4f17cbf6c9b9e6ebef7938342aa2df694fe,0x1f04cfcb8e116dbe0f227912a09380f4e32e9e3e5f2256e919bb36f7079c5103
theo_n,16,180,false,9,13,onchain,500,176,71.160500,1408.840100,1416.746300,1487.906800,6.901900,true,4224,4352,0x098b50423eb1b80e5a7fb520438bb4f17cbf6c9b9e6ebef7938342aa2df694fe,0x1e68c8b38e22bac0843fbbaa1beb99ff308287da69e2748e848701f40806de03
theo_n,16,181,false,9,13,onchain,500,177,68.081300,1408.840100,1162.064400,1230.145700,6.151700,true,4224,4352,0x098b50423eb1b80e5a7fb520438bb4f17cbf6c9b9e6ebef7938342aa2df694fe,0x00273abbd77c1c843a34dd7136eb304c447c3664dec4b8a1220dfd8f7d419215
theo_n,16,182,false,9,13,onchain,500,178,59.168300,1408.840100,1154.451900,1213.620200,6.415300,true,4224,4352,0x098b50423eb1b80e5a7fb520438bb4f17cbf6c9b9e6ebef7938342aa2df694fe,0x0b28f864933c885e09f83295b931650d055fc4fc29f027c7f9154c739463a145
theo_n,16,183,false,9,13,onchain,500,179,38.396600,1408.840100,1164.391500,1202.788100,7.068000,true,4224,4352,0x098b50423eb1b80e5a7fb520438bb4f17cbf6c9b9e6ebef7938342aa2df694fe,0x1942c46688b94e9feac9b79485e5275cd47749110c86881a6f89b4fd673313b8
theo_n,16,184,false,9,13,onchain,500,180,63.204700,1408.840100,1156.594700,1219.799400,6.478500,true,4224,4352,0x098b50423eb1b80e5a7fb520438bb4f17cbf6c9b9e6ebef7938342aa2df694fe,0x05e66e3156ee58cd9a319fc1bf021b066bb4a12dfcb4065c8fd52badd2816357
theo_n,16,185,false,9,13,onchain,500,181,59.537500,1408.840100,1126.986800,1186.524300,5.680800,true,4224,4352,0x098b50423eb1b80e5a7fb520438bb4f17cbf6c9b9e6ebef7938342aa2df694fe,0x2a3c82367379ca3bc510fa7cc6292b87adeae422acaf533b481b7ab5a9b74ff8
theo_n,16,186,false,9,13,onchain,500,182,66.028200,1408.840100,1135.483700,1201.511900,5.926600,true,4224,4352,0x098b50423eb1b80e5a7fb520438bb4f17cbf6c9b9e6ebef7938342aa2df694fe,0x1249bf76e23d7887ed8174d4d5ab76b45d4e883f887862e0fbb6cb1ff0ae511b
theo_n,16,187,false,9,13,onchain,500,183,63.692000,1408.840100,1149.398300,1213.090300,6.803700,true,4224,4352,0x098b50423eb1b80e5a7fb520438bb4f17cbf6c9b9e6ebef7938342aa2df694fe,0x299618a39d19d4bebd969488c616703e255699e67a2120cf6f08ea875ec432c3
theo_n,16,188,false,9,13,onchain,500,184,59.166500,1408.840100,1118.114500,1177.281000,6.319000,true,4224,4352,0x098b50423eb1b80e5a7fb520438bb4f17cbf6c9b9e6ebef7938342aa2df694fe,0x1c9a777a7d9c58721c7da841f525a15984b7e891da907c30cff77c20fec58449
theo_n,16,189,false,9,13,onchain,500,185,62.679800,1408.840100,1166.191700,1228.871500,6.985100,true,4224,4352,0x098b50423eb1b80e5a7fb520438bb4f17cbf6c9b9e6ebef7938342aa2df694fe,0x2608a22fc17f577d6b0c737a1dae9bf3bfcada6e599a32673cc3b22aa3b6190c
theo_n,16,190,false,9,13,onchain,500,186,52.220900,1408.840100,1164.265500,1216.486400,6.387700,true,4224,4352,0x098b50423eb1b80e5a7fb520438bb4f17cbf6c9b9e6ebef7938342aa2df694fe,0x21c60d25a15e9ae91c63bf274725cbd91cce20150f6968f909ed4545bf10f860
theo_n,16,191,false,9,13,onchain,500,187,62.127200,1408.840100,1151.326800,1213.454000,6.317300,true,4224,4352,0x098b50423eb1b80e5a7fb520438bb4f17cbf6c9b9e6ebef7938342aa2df694fe,0x2a2d7701e0b8c21420d7b7229e667662e2cbb348c0011ae3c54b0a6ef4ddaed2
theo_n,16,192,false,9,13,onchain,500,188,62.494000,1408.840100,1131.729300,1194.223300,6.032200,true,4224,4352,0x098b50423eb1b80e5a7fb520438bb4f17cbf6c9b9e6ebef7938342aa2df694fe,0x2147d5a5854e8222301664ebdea905cf2129477a5b1fa920e3b69c0ffde3fe7c
theo_n,16,193,false,9,13,onchain,500,189,55.555500,1408.840100,1197.985700,1253.541200,5.937800,true,4224,4352,0x098b50423eb1b80e5a7fb520438bb4f17cbf6c9b9e6ebef7938342aa2df694fe,0x09e30c2882ee8f7a4d382ee18bfb26fd8cc97e5b71b4abf04cb6ef5c20141ee8
theo_n,16,194,false,9,13,onchain,500,190,60.011900,1408.840100,1246.004400,1306.016300,6.122100,true,4224,4352,0x098b50423eb1b80e5a7fb520438bb4f17cbf6c9b9e6ebef7938342aa2df694fe,0x29659717e824040f23b91d2d273626a16f2383026d93d647e324bab659038b3b
theo_n,16,195,false,9,13,onchain,500,191,66.181400,1408.840100,1158.782800,1224.964200,5.713400,true,4224,4352,0x098b50423eb1b80e5a7fb520438bb4f17cbf6c9b9e6ebef7938342aa2df694fe,0x08905947031ddfd20fdb11313343efd9b643df52a76a9d8822b84478d51ef533
theo_n,16,196,false,9,13,onchain,500,192,62.916100,1408.840100,1145.231200,1208.147300,6.772600,true,4224,4352,0x098b50423eb1b80e5a7fb520438bb4f17cbf6c9b9e6ebef7938342aa2df694fe,0x2623d2f0bb27f75ed651479f235215416974c7ed687818ca2eca4ed54cb0890e
theo_n,16,197,false,9,13,onchain,500,193,65.579700,1408.840100,1165.936700,1231.516400,7.365000,true,4224,4352,0x098b50423eb1b80e5a7fb520438bb4f17cbf6c9b9e6ebef7938342aa2df694fe,0x17f2a18d1c6af5fbd37c56a76f8d84a8557e3f92f46b9f10c97f07498d7a3e5e
theo_n,16,198,false,9,13,onchain,500,194,47.577400,1408.840100,1160.766300,1208.343700,6.847400,true,4224,4352,0x098b50423eb1b80e5a7fb520438bb4f17cbf6c9b9e6ebef7938342aa2df694fe,0x080444fd3d681818265e4b132c34ac5d5d0913ad9cde27ae4b3bc8bec9a476aa
theo_n,16,199,false,9,13,onchain,500,195,65.125700,1408.840100,1141.297600,1206.423300,5.651500,true,4224,4352,0x098b50423eb1b80e5a7fb520438bb4f17cbf6c9b9e6ebef7938342aa2df694fe,0x0650d03351bfa136d51cb721acb4868d9022e9febefe6b28499f0f004f36071e
theo_n,16,200,false,9,13,onchain,500,196,66.091900,1408.840100,1131.462100,1197.554000,6.398600,true,4224,4352,0x098b50423eb1b80e5a7fb520438bb4f17cbf6c9b9e6ebef7938342aa2df694fe,0x1dce569b979e4239dd9eb95272649e1f5bc3375080e9be8f146870ec3767764c
theo_n,16,201,false,9,13,onchain,500,197,54.784700,1408.840100,1163.676700,1218.461400,6.019900,true,4224,4352,0x098b50423eb1b80e5a7fb520438bb4f17cbf6c9b9e6ebef7938342aa2df694fe,0x229060fc460a01a09958347d142e63e18fac8e663a93f9c0a697618459f11091
theo_n,16,202,false,9,13,onchain,500,198,63.654700,1408.840100,1130.937200,1194.591900,5.645700,true,4224,4352,0x098b50423eb1b80e5a7fb520438bb4f17cbf6c9b9e6ebef7938342aa2df694fe,0x14c6c58b860df7cf32a61fa6440107908bc1f58866b5291b6fc0266a44cc4347
theo_n,16,203,false,9,13,onchain,500,199,63.377200,1408.840100,1133.815000,1197.192200,6.021300,true,4224,4352,0x098b50423eb1b80e5a7fb520438bb4f17cbf6c9b9e6ebef7938342aa2df694fe,0x2c6eca6e9dddf0c400924a7e305eebe78c57a0d68da8b8afe9343f8bb69af311
theo_n,16,204,false,9,13,onchain,500,200,50.787300,1408.840100,1150.196800,1200.984100,6.806700,true,4224,4352,0x098b50423eb1b80e5a7fb520438bb4f17cbf6c9b9e6ebef7938342aa2df694fe,0x26d10e610f5a898caa541893e7c74d8b589b1bca141f9d5c12129f0ac8c2c4de
theo_n,16,205,false,9,13,onchain,500,201,50.235600,1408.840100,1145.617800,1195.853400,6.760700,true,4224,4352,0x098b50423eb1b80e5a7fb520438bb4f17cbf6c9b9e6ebef7938342aa2df694fe,0x1de79d5b678871b100b2b73ad88c37f56b46d8c4d0981df6850d7f290419f46f
theo_n,16,206,false,9,13,onchain,500,202,92.572900,1408.840100,1143.812500,1236.385400,5.499300,true,4224,4352,0x098b50423eb1b80e5a7fb520438bb4f17cbf6c9b9e6ebef7938342aa2df694fe,0x1e084c1e93a570dd4dd924a63074f8e4144d31f5484d14bf9e43031a1408dd37
theo_n,16,207,false,9,13,onchain,500,203,53.900800,1408.840100,1125.197100,1179.097900,5.758500,true,4224,4352,0x098b50423eb1b80e5a7fb520438bb4f17cbf6c9b9e6ebef7938342aa2df694fe,0x2b491f2eb4c3f055d7784d7f4a35a5a0ffbd04a7375b5db1796d27992d6a78a4
theo_n,16,208,false,9,13,onchain,500,204,66.043600,1408.840100,1131.138200,1197.181800,7.222600,true,4224,4352,0x098b50423eb1b80e5a7fb520438bb4f17cbf6c9b9e6ebef7938342aa2df694fe,0x2207f01b23ccc5d511b22b388ece1132266a457ae6354b500e3371d8b7b47b8f
theo_n,16,209,false,9,13,onchain,500,205,59.792700,1408.840100,1137.466200,1197.258900,7.324500,true,4224,4352,0x098b50423eb1b80e5a7fb520438bb4f17cbf6c9b9e6ebef7938342aa2df694fe,0x2820b06f5df5d3e5eac9c631774e2ed85c977ab1010eff6d64f3fb624ad7d7a3
theo_n,16,210,false,9,13,onchain,500,206,60.630900,1408.840100,1123.072800,1183.703700,6.279600,true,4224,4352,0x098b50423eb1b80e5a7fb520438bb4f17cbf6c9b9e6ebef7938342aa2df694fe,0x27a17ea0f0816d8c2987f01b465a7a7c34a96adc62fd86ae42af4cc4a760bd5b
theo_n,16,211,false,9,13,onchain,500,207,63.493500,1408.840100,1152.304100,1215.797600,5.881300,true,4224,4352,0x098b50423eb1b80e5a7fb520438bb4f17cbf6c9b9e6ebef7938342aa2df694fe,0x2838bb09aca0424f32baa130c15f81e5704a68065f6de6f27979fc196863b7ae
theo_n,16,212,false,9,13,onchain,500,208,60.921800,1408.840100,1165.049500,1225.971300,5.465300,true,4224,4352,0x098b50423eb1b80e5a7fb520438bb4f17cbf6c9b9e6ebef7938342aa2df694fe,0x08253658a1a878506ef21181f0975c66ef755715fd66e1573da2305eb0cd2780
theo_n,16,213,false,9,13,onchain,500,209,63.460300,1408.840100,1170.025500,1233.485800,9.243400,true,4224,4352,0x098b50423eb1b80e5a7fb520438bb4f17cbf6c9b9e6ebef7938342aa2df694fe,0x10b028218147aff279afc8483c1d0f2f720bcbff9e7b277074e6f5964c6c1c75
theo_n,16,214,false,9,13,onchain,500,210,63.841800,1408.840100,1132.031500,1195.873300,7.555900,true,4224,4352,0x098b50423eb1b80e5a7fb520438bb4f17cbf6c9b9e6ebef7938342aa2df694fe,0x2173732b56584682acdb72c0eb05938ecaa2a2cf7d64074b54076a03bc11d903
theo_n,16,215,false,9,13,onchain,500,211,77.419500,1408.840100,1243.777800,1321.197300,5.801800,true,4224,4352,0x098b50423eb1b80e5a7fb520438bb4f17cbf6c9b9e6ebef7938342aa2df694fe,0x18f62f27b02c5bdf99fc82b37e136b28c8b03690f7a779e123ec15b179a41357
theo_n,16,216,false,9,13,onchain,500,212,64.856800,1408.840100,1153.502100,1218.358900,5.949600,true,4224,4352,0x098b50423eb1b80e5a7fb520438bb4f17cbf6c9b9e6ebef7938342aa2df694fe,0x0522989be561c3acf3d13b8ce2579c69fd82702309650aa02dc3f0f1a3aeb51e
theo_n,16,217,false,9,13,onchain,500,213,57.615500,1408.840100,1312.524600,1370.140100,6.355800,true,4224,4352,0x098b50423eb1b80e5a7fb520438bb4f17cbf6c9b9e6ebef7938342aa2df694fe,0x00abfd86d0b7cd3ef4c548a4842e95cd198e8c13f5984cf7744328f643ecda38
theo_n,16,218,false,9,13,onchain,500,214,56.663900,1408.840100,1175.378000,1232.041900,6.219600,true,4224,4352,0x098b50423eb1b80e5a7fb520438bb4f17cbf6c9b9e6ebef7938342aa2df694fe,0x00e72a74ffeafc01ff3bc87cbe9cb8991e6ddf6a62704eee18f298fb44947a54
theo_n,16,219,false,9,13,onchain,500,215,65.499900,1408.840100,1167.438700,1232.938600,6.356900,true,4224,4352,0x098b50423eb1b80e5a7fb520438bb4f17cbf6c9b9e6ebef7938342aa2df694fe,0x09bd4c44b0d8c3f95e85a7ea7eaad034d0bb4a071151c4602d4c25a063e655a3
theo_n,16,220,false,9,13,onchain,500,216,61.774200,1408.840100,1150.601400,1212.375600,6.182800,true,4224,4352,0x098b50423eb1b80e5a7fb520438bb4f17cbf6c9b9e6ebef7938342aa2df694fe,0x1da98d0d586ad726f7d6d36d081f3b5ddaff00b0e568dc30c9263430f45d0efd
theo_n,16,221,false,9,13,onchain,500,217,59.400900,1408.840100,1314.163000,1373.563900,7.630400,true,4224,4352,0x098b50423eb1b80e5a7fb520438bb4f17cbf6c9b9e6ebef7938342aa2df694fe,0x0d332cc6cfca7d979739d690576d83fa594a7fade7d1ed233baee5eee47c00aa
theo_n,16,222,false,9,13,onchain,500,218,65.369000,1408.840100,1245.915600,1311.284600,7.224300,true,4224,4352,0x098b50423eb1b80e5a7fb520438bb4f17cbf6c9b9e6ebef7938342aa2df694fe,0x04df1709421261492f4643397ca9c5a3205a57917e5467927d5d95111e631b98
theo_n,16,223,false,9,13,onchain,500,219,70.861300,1408.840100,1177.135800,1247.997100,5.816800,true,4224,4352,0x098b50423eb1b80e5a7fb520438bb4f17cbf6c9b9e6ebef7938342aa2df694fe,0x0ca39f899831fd4e5448e7ade10af02c0e1c50d9b33334800989497f9e26e93b
theo_n,16,224,false,9,13,onchain,500,220,39.759700,1408.840100,1217.899900,1257.659600,6.787900,true,4224,4352,0x098b50423eb1b80e5a7fb520438bb4f17cbf6c9b9e6ebef7938342aa2df694fe,0x17b533f22fbbd4525ea0cb1d23064c62e4d5d81c56b9f425542cd2b8500fe93f
theo_n,16,225,false,9,13,onchain,500,221,65.779000,1408.840100,1155.087100,1220.866100,6.190700,true,4224,4352,0x098b50423eb1b80e5a7fb520438bb4f17cbf6c9b9e6ebef7938342aa2df694fe,0x30284ab4f906ef741017b6ba866c480fe26022712c2b1f47925878df7ead3942
theo_n,16,226,false,9,13,onchain,500,222,53.637300,1408.840100,1146.704400,1200.341700,7.421000,true,4224,4352,0x098b50423eb1b80e5a7fb520438bb4f17cbf6c9b9e6ebef7938342aa2df694fe,0x230719c7f7508d7995106104b0fba8547e5ccbc3b2237e6c3681908b8908eb25
theo_n,16,227,false,9,13,onchain,500,223,65.125100,1408.840100,1122.513100,1187.638200,6.457800,true,4224,4352,0x098b50423eb1b80e5a7fb520438bb4f17cbf6c9b9e6ebef7938342aa2df694fe,0x05e321b5b73ae7dc708200813248dc8ce759f76786404cca834d23fbda676330
theo_n,16,228,false,9,13,onchain,500,224,47.158600,1408.840100,1164.891100,1212.049700,6.367800,true,4224,4352,0x098b50423eb1b80e5a7fb520438bb4f17cbf6c9b9e6ebef7938342aa2df694fe,0x04f16424a036c1c8b8b62ac3f6fbf1afe4161d95f2745ca23620b11c345ec204
theo_n,16,229,false,9,13,onchain,500,225,59.840800,1408.840100,1117.291800,1177.132600,6.714700,true,4224,4352,0x098b50423eb1b80e5a7fb520438bb4f17cbf6c9b9e6ebef7938342aa2df694fe,0x1683ef468d4cd009c3194edbbb010a088da918a0690b8a067343e416a6a4b7ff
theo_n,16,230,false,9,13,onchain,500,226,62.083900,1408.840100,1153.124700,1215.208600,5.714600,true,4224,4352,0x098b50423eb1b80e5a7fb520438bb4f17cbf6c9b9e6ebef7938342aa2df694fe,0x019f440d4f71344df6e4a73f4d2b76d8d021ff64e9805774b700ff240c7e6290
theo_n,16,231,false,9,13,onchain,500,227,46.138700,1408.840100,1195.043500,1241.182200,7.957900,true,4224,4352,0x098b50423eb1b80e5a7fb520438bb4f17cbf6c9b9e6ebef7938342aa2df694fe,0x2cd3b78cb474d98ab26e82eec456c2b501e97e323c15f190d62a4d50eccd5f21
theo_n,16,232,false,9,13,onchain,500,228,66.542800,1408.840100,1156.466200,1223.009000,6.425000,true,4224,4352,0x098b50423eb1b80e5a7fb520438bb4f17cbf6c9b9e6ebef7938342aa2df694fe,0x0cd75776cd07fe51cb25d1b9af220f8010d0b1b48eabf6f7c90ee35094b60e35
theo_n,16,233,false,9,13,onchain,500,229,66.370800,1408.840100,1197.782500,1264.153300,5.526600,true,4224,4352,0x098b50423eb1b80e5a7fb520438bb4f17cbf6c9b9e6ebef7938342aa2df694fe,0x2af48b45a7202a164a90ca6a1725e39467f70a524ea74dfae76a0a6dc0b7be0b
theo_n,16,234,false,9,13,onchain,500,230,60.228800,1408.840100,1219.279700,1279.508500,6.050600,true,4224,4352,0x098b50423eb1b80e5a7fb520438bb4f17cbf6c9b9e6ebef7938342aa2df694fe,0x0aa6ce31e57d744ae008aec740817366db5ec92d41d4b40a440c5b1c0eb2cd57
theo_n,16,235,false,9,13,onchain,500,231,66.660500,1408.840100,1124.264900,1190.925400,6.740400,true,4224,4352,0x098b50423eb1b80e5a7fb520438bb4f17cbf6c9b9e6ebef7938342aa2df694fe,0x278b7b3a14762423c4cb23f6ef2bed5f69f610ad64b09fb228de4bdd7b449931
theo_n,16,236,false,9,13,onchain,500,232,66.925800,1408.840100,1157.671700,1224.597500,6.486900,true,4224,4352,0x098b50423eb1b80e5a7fb520438bb4f17cbf6c9b9e6ebef7938342aa2df694fe,0x008535962f0a38daf6d8b95158c3c95e2415b4e90d11089c37356fc331072ead
theo_n,16,237,false,9,13,onchain,500,233,58.778500,1408.840100,1131.368700,1190.147200,6.954100,true,4224,4352,0x098b50423eb1b80e5a7fb520438bb4f17cbf6c9b9e6ebef7938342aa2df694fe,0x1f283c30d18bf09f79126ecf806edc3bf784d5e0f9725586679bfe0e9c141c4e
theo_n,16,238,false,9,13,onchain,500,234,66.072100,1408.840100,1626.352300,1692.424400,7.310800,true,4224,4352,0x098b50423eb1b80e5a7fb520438bb4f17cbf6c9b9e6ebef7938342aa2df694fe,0x0ca1cac7f7c4ab67a0c13fbe4385bbfcc207f7258be5b10a821c9e35368bc57c
theo_n,16,239,false,9,13,onchain,500,235,74.494300,1408.840100,1212.204200,1286.698500,7.198700,true,4224,4352,0x098b50423eb1b80e5a7fb520438bb4f17cbf6c9b9e6ebef7938342aa2df694fe,0x1ee64ecdb87fe16d9a0b2d0a42e45479ccd2fa4753d872229767dfbf44cdf2d9
theo_n,16,240,false,9,13,onchain,500,236,53.020300,1408.840100,1154.929700,1207.950000,6.281700,true,4224,4352,0x098b50423eb1b80e5a7fb520438bb4f17cbf6c9b9e6ebef7938342aa2df694fe,0x0c61a809f53d171aeb13efc2823b433ee74a4bcb86fcca2c0bbe028b9567aba6
theo_n,16,241,false,9,13,onchain,500,237,54.410000,1408.840100,1135.555500,1189.965500,5.964100,true,4224,4352,0x098b50423eb1b80e5a7fb520438bb4f17cbf6c9b9e6ebef7938342aa2df694fe,0x249a5db4d7eb6525105d286d5866fa9da2af5e066720dd3e559dc51efb9f1ffb
theo_n,16,242,false,9,13,onchain,500,238,56.859700,1408.840100,1159.941200,1216.800900,6.186700,true,4224,4352,0x098b50423eb1b80e5a7fb520438bb4f17cbf6c9b9e6ebef7938342aa2df694fe,0x0702f314a3e92da936be90effa3dcc080d999f2e509ef50c2c1d79b4fc8f6bcd
theo_n,16,243,false,9,13,onchain,500,239,62.782000,1408.840100,1168.370300,1231.152300,6.322000,true,4224,4352,0x098b50423eb1b80e5a7fb520438bb4f17cbf6c9b9e6ebef7938342aa2df694fe,0x0a4b98013160def93d32ab9bd72b198ed733f55b2afe206df82a3170ae024fdf
theo_n,16,244,false,9,13,onchain,500,240,57.772100,1408.840100,1155.743900,1213.516000,6.198200,true,4224,4352,0x098b50423eb1b80e5a7fb520438bb4f17cbf6c9b9e6ebef7938342aa2df694fe,0x06e7126768d8e8ff17cce3aab2c4804e1cbd3fe8097a56fccac32ae30136f0ca
theo_n,16,245,false,9,13,onchain,500,241,71.306800,1408.840100,1151.796300,1223.103100,5.500900,true,4224,4352,0x098b50423eb1b80e5a7fb520438bb4f17cbf6c9b9e6ebef7938342aa2df694fe,0x0a3decc0377e13f60cc834863b77ceedbe0fe45696b715b64b35cde307d12ba3
theo_n,16,246,false,9,13,onchain,500,242,58.099400,1408.840100,1163.911700,1222.011100,6.804000,true,4224,4352,0x098b50423eb1b80e5a7fb520438bb4f17cbf6c9b9e6ebef7938342aa2df694fe,0x27797a9f69d6b0d7d985d0a46cd91f3d36c9fa86cdbeaa89ce2415172e64f190
theo_n,16,247,false,9,13,onchain,500,243,50.394400,1408.840100,1146.319900,1196.714300,6.160000,true,4224,4352,0x098b50423eb1b80e5a7fb520438bb4f17cbf6c9b9e6ebef7938342aa2df694fe,0x12e45f07466eecaf4f209e0a6519f666d88d455427c1d676657f276d56339d2f
theo_n,16,248,false,9,13,onchain,500,244,59.340600,1408.840100,1145.649900,1204.990500,5.672900,true,4224,4352,0x098b50423eb1b80e5a7fb520438bb4f17cbf6c9b9e6ebef7938342aa2df694fe,0x181adf32cfe9935cd5593d715f3eddd6c12cf801141af0412b5002665fb58cf2
theo_n,16,249,false,9,13,onchain,500,245,57.282500,1408.840100,1144.597500,1201.880000,7.201000,true,4224,4352,0x098b50423eb1b80e5a7fb520438bb4f17cbf6c9b9e6ebef7938342aa2df694fe,0x0293847ef66f11fb996f93396f52d4a36106d51fcac611aab6fc2563d36d3847
theo_n,16,250,false,9,13,onchain,500,246,65.828300,1408.840100,1200.977400,1266.805700,6.161900,true,4224,4352,0x098b50423eb1b80e5a7fb520438bb4f17cbf6c9b9e6ebef7938342aa2df694fe,0x1d92e48e7b37a5203801541414b263b923580ad1025d8385894bced6f5edf1b9
theo_n,16,251,false,9,13,onchain,500,247,51.804200,1408.840100,1166.062200,1217.866400,5.672000,true,4224,4352,0x098b50423eb1b80e5a7fb520438bb4f17cbf6c9b9e6ebef7938342aa2df694fe,0x30131b16109882349645b305078a9fecd21cd7a7804f32b913f07d7e73239a54
theo_n,16,252,false,9,13,onchain,500,248,61.809100,1408.840100,1160.447500,1222.256600,6.262500,true,4224,4352,0x098b50423eb1b80e5a7fb520438bb4f17cbf6c9b9e6ebef7938342aa2df694fe,0x0fc687a2a0ff407060788cff48a8795fb72c5d5c1c5e7ace3017c12ace37d25b
theo_n,16,253,false,9,13,onchain,500,249,60.636000,1408.840100,1129.064500,1189.700500,7.171100,true,4224,4352,0x098b50423eb1b80e5a7fb520438bb4f17cbf6c9b9e6ebef7938342aa2df694fe,0x22883b823b1489571b9345548d36e8a954dcd025de0b04f7911cb92ddae9f0c0
theo_n,16,254,false,9,13,onchain,500,250,63.396700,1408.840100,1159.406000,1222.802700,7.161500,true,4224,4352,0x098b50423eb1b80e5a7fb520438bb4f17cbf6c9b9e6ebef7938342aa2df694fe,0x06aefe36889e944554c0bfba064c14099209324c84484f7cead0b0fc2721cedb
theo_n,16,255,false,9,13,onchain,500,251,63.862500,1408.840100,1142.673100,1206.535600,6.531300,true,4224,4352,0x098b50423eb1b80e5a7fb520438bb4f17cbf6c9b9e6ebef7938342aa2df694fe,0x145d657f21439dc6c9e2bde7ace48104cea658ee03160bb6a74dfa6f77de8aab
theo_n,16,256,false,9,13,onchain,500,252,66.398800,1408.840100,1194.825600,1261.224400,5.879300,true,4224,4352,0x098b50423eb1b80e5a7fb520438bb4f17cbf6c9b9e6ebef7938342aa2df694fe,0x213a5c53e8d401a727fc495f82c4f9716da4d586351dd9d2c2937aee940256b7
theo_n,16,257,false,9,13,onchain,500,253,65.282900,1408.840100,1171.358700,1236.641600,6.590900,true,4224,4352,0x098b50423eb1b80e5a7fb520438bb4f17cbf6c9b9e6ebef7938342aa2df694fe,0x129596920613df72f1b51a01ba2d240dde9189ba8bce571a63a1f6c061efb954
theo_n,16,258,false,9,13,onchain,500,254,63.318000,1408.840100,1160.717800,1224.035800,6.162300,true,4224,4352,0x098b50423eb1b80e5a7fb520438bb4f17cbf6c9b9e6ebef7938342aa2df694fe,0x09b8f8929d1692fe3d358cc25686295748c1b1fadfb7c30cbfec622f9d80fd05
theo_n,16,259,false,9,13,onchain,500,255,66.108200,1408.840100,1241.473300,1307.581500,6.066200,true,4224,4352,0x098b50423eb1b80e5a7fb520438bb4f17cbf6c9b9e6ebef7938342aa2df694fe,0x0bab4493bbfde736a38be14ea8fdfde66333ae2107cfb41a9ddac4a3e9abb33b
theo_n,16,260,false,9,13,onchain,500,256,66.632100,1408.840100,1214.023400,1280.655500,7.057600,true,4224,4352,0x098b50423eb1b80e5a7fb520438bb4f17cbf6c9b9e6ebef7938342aa2df694fe,0x0273dfe329a161d0be4c0399d8130f91715f853183f8d2686ea659408b63e85a
theo_n,16,261,false,9,13,onchain,500,257,64.775500,1408.840100,1187.774100,1252.549600,6.176900,true,4224,4352,0x098b50423eb1b80e5a7fb520438bb4f17cbf6c9b9e6ebef7938342aa2df694fe,0x05e37e2666d2b2839c4d81cc0598d09f164406dcbfeedc117caaf487a940f444
theo_n,16,262,false,9,13,onchain,500,258,62.992100,1408.840100,1192.828300,1255.820400,7.849200,true,4224,4352,0x098b50423eb1b80e5a7fb520438bb4f17cbf6c9b9e6ebef7938342aa2df694fe,0x256f742a38acf6c1a9515ef36c9e4f1eb465c1084cb78949dc4b638af40d646e
theo_n,16,263,false,9,13,onchain,500,259,67.171700,1408.840100,1222.679600,1289.851300,6.733700,true,4224,4352,0x098b50423eb1b80e5a7fb520438bb4f17cbf6c9b9e6ebef7938342aa2df694fe,0x22da3d99a866b36f51c982949d7239cdda27998316552d92d9f9da5f34170e9a
theo_n,16,264,false,9,13,onchain,500,260,64.748600,1408.840100,1186.576900,1251.325500,6.451100,true,4224,4352,0x098b50423eb1b80e5a7fb520438bb4f17cbf6c9b9e6ebef7938342aa2df694fe,0x2eeb16245d057e1c821d3d115ab4b5dfaaaa7645ac5e97c43a56a1f4a7150914
theo_n,16,265,false,9,13,onchain,500,261,65.138200,1408.840100,1262.754800,1327.893000,7.040600,true,4224,4352,0x098b50423eb1b80e5a7fb520438bb4f17cbf6c9b9e6ebef7938342aa2df694fe,0x050f3eb658ce524599a8aa3b8d7270a9f39f9024f520e07d9c2957bbac0dd83f
theo_n,16,266,false,9,13,onchain,500,262,67.425300,1408.840100,1213.130400,1280.555700,7.988200,true,4224,4352,0x098b50423eb1b80e5a7fb520438bb4f17cbf6c9b9e6ebef7938342aa2df694fe,0x2ba47ecc5714b6eb7047b965817a6105041146195243108b88a4aaef2ad003c8
theo_n,16,267,false,9,13,onchain,500,263,65.339900,1408.840100,1197.557800,1262.897700,5.762600,true,4224,4352,0x098b50423eb1b80e5a7fb520438bb4f17cbf6c9b9e6ebef7938342aa2df694fe,0x2e324cb62c1f9e76d2ebad95ab692d390a6dff346fcc2f8c952dd39314156fb9
theo_n,16,268,false,9,13,onchain,500,264,67.825000,1408.840100,1279.558100,1347.383100,7.889800,true,4224,4352,0x098b50423eb1b80e5a7fb520438bb4f17cbf6c9b9e6ebef7938342aa2df694fe,0x25f19f2ed933082d6fbbb5bfac709e94b22d54cd2a606841adea1e0f33252529
theo_n,16,269,false,9,13,onchain,500,265,65.849700,1408.840100,1224.129800,1289.979500,7.339600,true,4224,4352,0x098b50423eb1b80e5a7fb520438bb4f17cbf6c9b9e6ebef7938342aa2df694fe,0x1b73fd036c6904bf7a1b55a35ef8a0322d4aa1afacbdc5b1f5dadda95f2e80d9
theo_n,16,270,false,9,13,onchain,500,266,68.736300,1408.840100,1202.936100,1271.672400,6.371500,true,4224,4352,0x098b50423eb1b80e5a7fb520438bb4f17cbf6c9b9e6ebef7938342aa2df694fe,0x0d1a891904ce26bcee3cb9f193ef9b557a571025c13617efc5ff3fb14a736eb4
theo_n,16,271,false,9,13,onchain,500,267,67.171600,1408.840100,1179.989900,1247.161500,7.120300,true,4224,4352,0x098b50423eb1b80e5a7fb520438bb4f17cbf6c9b9e6ebef7938342aa2df694fe,0x07a55a2cc78db673d6ae5e20b0ea0a4dc4565731018c7ff217b15c0007aed7f2
theo_n,16,272,false,9,13,onchain,500,268,62.665800,1408.840100,1136.846500,1199.512300,7.172400,true,4224,4352,0x098b50423eb1b80e5a7fb520438bb4f17cbf6c9b9e6ebef7938342aa2df694fe,0x1b3425cd994444788f818746c2e7c494544d30a6badeb85248e6ba6f4e1a800c
theo_n,16,273,false,9,13,onchain,500,269,66.320300,1408.840100,1163.395200,1229.715500,6.645500,true,4224,4352,0x098b50423eb1b80e5a7fb520438bb4f17cbf6c9b9e6ebef7938342aa2df694fe,0x2c26f5f83ded0ff33db808a3707ddc761b49e85e1553363811613e0c2c9d3d55
theo_n,16,274,false,9,13,onchain,500,270,61.036800,1408.840100,1170.163000,1231.199800,7.407000,true,4224,4352,0x098b50423eb1b80e5a7fb520438bb4f17cbf6c9b9e6ebef7938342aa2df694fe,0x27ab6471727dff3719ef7ffc1265547db50f19af6e3dfad86ccb95714f9a5d7e
theo_n,16,275,false,9,13,onchain,500,271,69.012600,1408.840100,1279.200600,1348.213200,7.296200,true,4224,4352,0x098b50423eb1b80e5a7fb520438bb4f17cbf6c9b9e6ebef7938342aa2df694fe,0x2eb89a47bfcb01aafba101688f54b1a659eaf923abcdf6feedf40c3336f23910
theo_n,16,276,false,9,13,onchain,500,272,72.031100,1408.840100,1220.469800,1292.500900,7.694500,true,4224,4352,0x098b50423eb1b80e5a7fb520438bb4f17cbf6c9b9e6ebef7938342aa2df694fe,0x01f877af3a44c875c5ed8ce6ff874d7f2e729e436c223d071c9bab848171ec74
theo_n,16,277,false,9,13,onchain,500,273,64.793900,1408.840100,1187.918000,1252.711900,7.494500,true,4224,4352,0x098b50423eb1b80e5a7fb520438bb4f17cbf6c9b9e6ebef7938342aa2df694fe,0x1540aab8dbb6cec70f4bcd0ce7a9a9ec2d01ae732153d9b3ce0132b30e5b4b79
theo_n,16,278,false,9,13,onchain,500,274,73.196800,1408.840100,1192.909900,1266.106700,8.184200,true,4224,4352,0x098b50423eb1b80e5a7fb520438bb4f17cbf6c9b9e6ebef7938342aa2df694fe,0x2472614978251e972b800f9d3fa0c405855b30b1bf99b4d2bded5447950babd5
theo_n,16,279,false,9,13,onchain,500,275,79.381000,1408.840100,1457.276700,1536.657700,6.572600,true,4224,4352,0x098b50423eb1b80e5a7fb520438bb4f17cbf6c9b9e6ebef7938342aa2df694fe,0x2ecc7b3800f519a1cdbfd4ae30504aa32c2ac390744aeef4ea5d705ec794980c
theo_n,16,280,false,9,13,onchain,500,276,68.215800,1408.840100,1219.788500,1288.004300,5.945300,true,4224,4352,0x098b50423eb1b80e5a7fb520438bb4f17cbf6c9b9e6ebef7938342aa2df694fe,0x16e181e2115c35c95e67629e1e264b486e3cd2a23231458b49757292f76d6e4b
theo_n,16,281,false,9,13,onchain,500,277,59.595900,1408.840100,1482.138200,1541.734100,7.966800,true,4224,4352,0x098b50423eb1b80e5a7fb520438bb4f17cbf6c9b9e6ebef7938342aa2df694fe,0x0fa08a215862bfe0e4c17fd8a7fc50c2305c2fd26baa4a1fa80b8af9f36c5d20
theo_n,16,282,false,9,13,onchain,500,278,72.302300,1408.840100,1432.565300,1504.867600,7.397100,true,4224,4352,0x098b50423eb1b80e5a7fb520438bb4f17cbf6c9b9e6ebef7938342aa2df694fe,0x1b3bf5c183a4d79b4be51a4c7850892bb9bce49b7de06522e8e2a9fb90360c13
theo_n,16,283,false,9,13,onchain,500,279,76.322100,1408.840100,1252.042300,1328.364400,6.563500,true,4224,4352,0x098b50423eb1b80e5a7fb520438bb4f17cbf6c9b9e6ebef7938342aa2df694fe,0x0aaaf59b863c164df792e94c16b3b8ada0c468ca3bd179729d18462393cddda0
theo_n,16,284,false,9,13,onchain,500,280,66.375400,1408.840100,1153.410100,1219.785500,6.228300,true,4224,4352,0x098b50423eb1b80e5a7fb520438bb4f17cbf6c9b9e6ebef7938342aa2df694fe,0x2b2e7002b4fde9470b70626703405c69ea6084bb225ab36c13cce721e6956ef3
theo_n,16,285,false,9,13,onchain,500,281,66.271900,1408.840100,1153.651500,1219.923400,6.486600,true,4224,4352,0x098b50423eb1b80e5a7fb520438bb4f17cbf6c9b9e6ebef7938342aa2df694fe,0x1431efacf1ed954c67b3e8d4d12850b1e7a1f3d8aa3e1c579094e8e871582c83
theo_n,16,286,false,9,13,onchain,500,282,55.621100,1408.840100,1202.466700,1258.087800,6.879800,true,4224,4352,0x098b50423eb1b80e5a7fb520438bb4f17cbf6c9b9e6ebef7938342aa2df694fe,0x0ce9a17572619681e0ae731dd40898647339b9416c0aaba7d464bf42a07f4b78
theo_n,16,287,false,9,13,onchain,500,283,60.596000,1408.840100,1331.148900,1391.744900,6.257700,true,4224,4352,0x098b50423eb1b80e5a7fb520438bb4f17cbf6c9b9e6ebef7938342aa2df694fe,0x26154f6664745752deecbb5ba83bd486b93ac9c77cc804c65d16fba210fe7909
theo_n,16,288,false,9,13,onchain,500,284,59.631900,1408.840100,1176.263700,1235.895600,7.235000,true,4224,4352,0x098b50423eb1b80e5a7fb520438bb4f17cbf6c9b9e6ebef7938342aa2df694fe,0x2c72121ede22164e725242e3e6d4bcfb26dc7d7f3b8da76187489274d70b8a6f
theo_n,16,289,false,9,13,onchain,500,285,67.631200,1408.840100,1226.569800,1294.201000,6.442200,true,4224,4352,0x098b50423eb1b80e5a7fb520438bb4f17cbf6c9b9e6ebef7938342aa2df694fe,0x03b2a12c78d2b5f466ab8b3f25a12b8df133b21dc585f9274af9daf158fa8d42
theo_n,16,290,false,9,13,onchain,500,286,64.817900,1408.840100,1195.898500,1260.716400,6.592800,true,4224,4352,0x098b50423eb1b80e5a7fb520438bb4f17cbf6c9b9e6ebef7938342aa2df694fe,0x02b78917243752d5eb913f64f02c2b30b97ca4f9d3cfc8f00da4d48c8feb2a88
theo_n,16,291,false,9,13,onchain,500,287,73.322800,1408.840100,1214.991700,1288.314500,7.139600,true,4224,4352,0x098b50423eb1b80e5a7fb520438bb4f17cbf6c9b9e6ebef7938342aa2df694fe,0x1da77fd8de37566085180015fec8404cacf7a2d5cd180288bb2944142ff5bf89
theo_n,16,292,false,9,13,onchain,500,288,65.674000,1408.840100,1213.139900,1278.813900,5.549200,true,4224,4352,0x098b50423eb1b80e5a7fb520438bb4f17cbf6c9b9e6ebef7938342aa2df694fe,0x1e658b47f89ceabf271c6f8f44451fbc0dcc3395e05370047bd0df20381091ef
theo_n,16,293,false,9,13,onchain,500,289,59.901000,1408.840100,1225.663300,1285.564300,7.954900,true,4224,4352,0x098b50423eb1b80e5a7fb520438bb4f17cbf6c9b9e6ebef7938342aa2df694fe,0x0a195ed7a2d9704acd2e32b8077bb3309442f51b505fcf3f8155664707ce3104
theo_n,16,294,false,9,13,onchain,500,290,59.877500,1408.840100,1253.627300,1313.504800,6.329600,true,4224,4352,0x098b50423eb1b80e5a7fb520438bb4f17cbf6c9b9e6ebef7938342aa2df694fe,0x1ec09be06e6c9211551e6b993af8a5c1702f96b177c3af931b079059ba0dec2e
theo_n,16,295,false,9,13,onchain,500,291,64.055100,1408.840100,1202.070800,1266.125900,6.819000,true,4224,4352,0x098b50423eb1b80e5a7fb520438bb4f17cbf6c9b9e6ebef7938342aa2df694fe,0x2c6bf8a146bc421ed3017f8ae39e8f649c56c07446e96d2cc210fe45ab350309
theo_n,16,296,false,9,13,onchain,500,292,65.679000,1408.840100,1225.604900,1291.283900,6.957500,true,4224,4352,0x098b50423eb1b80e5a7fb520438bb4f17cbf6c9b9e6ebef7938342aa2df694fe,0x10bc1ad8741f0d3049216725d2e3aa18850e1f0776d5b583c8d7ccf54e4e8398
theo_n,16,297,false,9,13,onchain,500,293,68.158700,1408.840100,1197.367600,1265.526300,6.513200,true,4224,4352,0x098b50423eb1b80e5a7fb520438bb4f17cbf6c9b9e6ebef7938342aa2df694fe,0x25d6f87b434119b3ee033b87875c280d4a0aef30b6ddb137a39f327883387c2f
theo_n,16,298,false,9,13,onchain,500,294,59.173100,1408.840100,1147.980200,1207.153300,5.963300,true,4224,4352,0x098b50423eb1b80e5a7fb520438bb4f17cbf6c9b9e6ebef7938342aa2df694fe,0x2d90252085b20aa667c2b9c9519f0815e21dfde49161c106bdbfb08b20043a84
theo_n,16,299,false,9,13,onchain,500,295,64.364100,1408.840100,1190.001000,1254.365100,5.716200,true,4224,4352,0x098b50423eb1b80e5a7fb520438bb4f17cbf6c9b9e6ebef7938342aa2df694fe,0x2fba855d2dbb6f112b18c55634cfe76cf45e009e902d3bbba84ef049b87791d0
theo_n,16,300,false,9,13,onchain,500,296,64.063100,1408.840100,1189.796300,1253.859400,6.275700,true,4224,4352,0x098b50423eb1b80e5a7fb520438bb4f17cbf6c9b9e6ebef7938342aa2df694fe,0x26ed0f074a95c716a837803a907ad3e7099d6f56e27020bab5828bf905560fcf
theo_n,16,301,false,9,13,onchain,500,297,68.248000,1408.840100,1186.481600,1254.729600,5.979300,true,4224,4352,0x098b50423eb1b80e5a7fb520438bb4f17cbf6c9b9e6ebef7938342aa2df694fe,0x13d065a59a0f5c872fe29642c29186de6b12e548479494b95bef41be4dbc3e97
theo_n,16,302,false,9,13,onchain,500,298,68.470800,1408.840100,1199.310900,1267.781700,6.640100,true,4224,4352,0x098b50423eb1b80e5a7fb520438bb4f17cbf6c9b9e6ebef7938342aa2df694fe,0x01e080677d2f1b417bd106d2d1537db95612ae997a0165701a8789b90058bd3f
theo_n,16,303,false,9,13,onchain,500,299,69.328400,1408.840100,1216.768000,1286.096400,6.518900,true,4224,4352,0x098b50423eb1b80e5a7fb520438bb4f17cbf6c9b9e6ebef7938342aa2df694fe,0x0bad777ee7e53cb50bb1a34026c5b600d6b9069343a3a1ee1f82b5341284f325
theo_n,16,304,false,9,13,onchain,500,300,65.862200,1408.840100,1188.846300,1254.708500,5.752700,true,4224,4352,0x098b50423eb1b80e5a7fb520438bb4f17cbf6c9b9e6ebef7938342aa2df694fe,0x29e9df1a9f6a929fb347fdd94a9a14daa7736582c5e73cdbf766d76f862b8c58
theo_n,16,305,false,9,13,onchain,500,301,66.417100,1408.840100,1157.527300,1223.944400,6.238100,true,4224,4352,0x098b50423eb1b80e5a7fb520438bb4f17cbf6c9b9e6ebef7938342aa2df694fe,0x2360af7a8639854b5bf50619a49908323f70e65a2265592a8eb29257c42e46b4
theo_n,16,306,false,9,13,onchain,500,302,64.685100,1408.840100,1142.499200,1207.184300,5.843000,true,4224,4352,0x098b50423eb1b80e5a7fb520438bb4f17cbf6c9b9e6ebef7938342aa2df694fe,0x28a961bf6b8ab2daac54fd3a011d9dd92fa752243b7e72901cd300e296d3d948
theo_n,16,307,false,9,13,onchain,500,303,67.502200,1408.840100,1217.409900,1284.912100,7.645700,true,4224,4352,0x098b50423eb1b80e5a7fb520438bb4f17cbf6c9b9e6ebef7938342aa2df694fe,0x1dcc13891f21da1e3cc763a16afec731bb0c8988e3610b636da0b2a008d7031a
theo_n,16,308,false,9,13,onchain,500,304,64.650000,1408.840100,1198.589200,1263.239200,8.232200,true,4224,4352,0x098b50423eb1b80e5a7fb520438bb4f17cbf6c9b9e6ebef7938342aa2df694fe,0x19e0202ff98298b101d39e3d4fe7f23b35f00d7c58c872115d14bcf595570357
theo_n,16,309,false,9,13,onchain,500,305,68.880100,1408.840100,1191.088300,1259.968400,6.681200,true,4224,4352,0x098b50423eb1b80e5a7fb520438bb4f17cbf6c9b9e6ebef7938342aa2df694fe,0x055772e98620995bf10f5d97b951622b053e9a142ce221a2c724adcded37f455
theo_n,16,310,false,9,13,onchain,500,306,63.994800,1408.840100,1215.576000,1279.570800,6.868800,true,4224,4352,0x098b50423eb1b80e5a7fb520438bb4f17cbf6c9b9e6ebef7938342aa2df694fe,0x065213b2081f56a0a24a0abf40d5812fc288f37c9abeab33898f23fd19adad1b
theo_n,16,311,false,9,13,onchain,500,307,59.741200,1408.840100,1255.179800,1314.921000,7.925200,true,4224,4352,0x098b50423eb1b80e5a7fb520438bb4f17cbf6c9b9e6ebef7938342aa2df694fe,0x13deb5509b4f3f347fd99d0db5be92a5df849a1394b1a8d443ca72b5f34cf9d5
theo_n,16,312,false,9,13,onchain,500,308,83.492000,1408.840100,1208.588200,1292.080200,7.347800,true,4224,4352,0x098b50423eb1b80e5a7fb520438bb4f17cbf6c9b9e6ebef7938342aa2df694fe,0x2a91370e7d4a3f84a7bbf55d3f19f42131c01e265cc5c184a50a0bf18067994f
theo_n,16,313,false,9,13,onchain,500,309,49.340300,1408.840100,1209.580600,1258.920900,6.812700,true,4224,4352,0x098b50423eb1b80e5a7fb520438bb4f17cbf6c9b9e6ebef7938342aa2df694fe,0x2e9441f3b1b27ec1e9e837bf5d2e32ff106c7e6e6aea479c676958cad5fa5edf
theo_n,16,314,false,9,13,onchain,500,310,71.214000,1408.840100,1189.695800,1260.909800,7.708700,true,4224,4352,0x098b50423eb1b80e5a7fb520438bb4f17cbf6c9b9e6ebef7938342aa2df694fe,0x07c71a48e349a6047c713105b236aab6c3d61b04aedf07535969e8697ad84cf1
theo_n,16,315,false,9,13,onchain,500,311,65.754200,1408.840100,1217.093000,1282.847200,6.429300,true,4224,4352,0x098b50423eb1b80e5a7fb520438bb4f17cbf6c9b9e6ebef7938342aa2df694fe,0x1055ac7069959a32a5ba629e0e5a7a5817b8f3b4a69aa6abe13eff713e4aef19
theo_n,16,316,false,9,13,onchain,500,312,60.540700,1408.840100,1165.997900,1226.538600,6.372300,true,4224,4352,0x098b50423eb1b80e5a7fb520438bb4f17cbf6c9b9e6ebef7938342aa2df694fe,0x095092b3da9bb6bf6c6c69e5b6819772f8288ff048b32f0c7dc3fc1c264602c0
theo_n,16,317,false,9,13,onchain,500,313,48.195700,1408.840100,1163.869100,1212.064800,5.425900,true,4224,4352,0x098b50423eb1b80e5a7fb520438bb4f17cbf6c9b9e6ebef7938342aa2df694fe,0x229ff620fc9f07679db5848d8066502bdaa08314bae46156ebe6acc5610103cf
theo_n,16,318,false,9,13,onchain,500,314,66.263600,1408.840100,1217.067200,1283.330800,6.244500,true,4224,4352,0x098b50423eb1b80e5a7fb520438bb4f17cbf6c9b9e6ebef7938342aa2df694fe,0x2a8c93405a03ec7df6408002ed9e3324d84c46bc227d44d3537e739d6d377147
theo_n,16,319,false,9,13,onchain,500,315,65.355800,1408.840100,1204.330600,1269.686400,6.870700,true,4224,4352,0x098b50423eb1b80e5a7fb520438bb4f17cbf6c9b9e6ebef7938342aa2df694fe,0x010c0957ae5bba1a2d5d707b26a2488ef46da238b08f879be8aa979387cfd0aa
theo_n,16,320,false,9,13,onchain,500,316,63.648500,1408.840100,1176.356100,1240.004600,6.130800,true,4224,4352,0x098b50423eb1b80e5a7fb520438bb4f17cbf6c9b9e6ebef7938342aa2df694fe,0x14b6fdfa8e46e3fceea1084881eee66fd9603f40bf35f4ee3af1cde8d2762175
theo_n,16,321,false,9,13,onchain,500,317,64.689400,1408.840100,1146.600300,1211.289700,6.274000,true,4224,4352,0x098b50423eb1b80e5a7fb520438bb4f17cbf6c9b9e6ebef7938342aa2df694fe,0x1f2d9647f78439d922c61a320d9b727a5be6302450b9a0df32d81b8b1b3a281a
theo_n,16,322,false,9,13,onchain,500,318,44.806900,1408.840100,1190.915300,1235.722200,7.008900,true,4224,4352,0x098b50423eb1b80e5a7fb520438bb4f17cbf6c9b9e6ebef7938342aa2df694fe,0x1f626d575bd1984f2eb74dcb8d863a130ac3d1af50f3efa8c845ca9b531c7e14
theo_n,16,323,false,9,13,onchain,500,319,66.023400,1408.840100,1159.037600,1225.061000,5.366600,true,4224,4352,0x098b50423eb1b80e5a7fb520438bb4f17cbf6c9b9e6ebef7938342aa2df694fe,0x0dec1f0ca4dc721f9f7a8dd729be3ed84a8c9b78dc5a36a4ab24ec56990c5796
theo_n,16,324,false,9,13,onchain,500,320,60.158800,1408.840100,1155.487300,1215.646100,6.191200,true,4224,4352,0x098b50423eb1b80e5a7fb520438bb4f17cbf6c9b9e6ebef7938342aa2df694fe,0x002d16b36d6de7474a2ec6ef4c2b5dfe8555d2c0fefc4b45f56f671899f39f19
theo_n,16,325,false,9,13,onchain,500,321,57.702300,1408.840100,1165.498300,1223.200600,5.881700,true,4224,4352,0x098b50423eb1b80e5a7fb520438bb4f17cbf6c9b9e6ebef7938342aa2df694fe,0x2b2817bc9643603901e9ed0e7a86d1925b681e557ea4ae5f45137ad1836e0fc9
theo_n,16,326,false,9,13,onchain,500,322,57.717800,1408.840100,1201.193400,1258.911200,6.388600,true,4224,4352,0x098b50423eb1b80e5a7fb520438bb4f17cbf6c9b9e6ebef7938342aa2df694fe,0x287b1719aa0e7765f94a2d4f54ee64d2bdb32bf72a0402d29106e298a0cfdf77
theo_n,16,327,false,9,13,onchain,500,323,62.847300,1408.840100,1186.253500,1249.100800,6.905700,true,4224,4352,0x098b50423eb1b80e5a7fb520438bb4f17cbf6c9b9e6ebef7938342aa2df694fe,0x275fda5f4888a155da450b110d64dc9a01467d93492c05b3dcff6ab1af0e9fbf
theo_n,16,328,false,9,13,onchain,500,324,66.612500,1408.840100,1150.547300,1217.159800,6.156900,true,4224,4352,0x098b50423eb1b80e5a7fb520438bb4f17cbf6c9b9e6ebef7938342aa2df694fe,0x095c6031ca7edfb03f9399642d2742f1b595290521f05f2c20339fe4df8b3931
theo_n,16,329,false,9,13,onchain,500,325,64.920000,1408.840100,1158.540100,1223.460100,8.696400,true,4224,4352,0x098b50423eb1b80e5a7fb520438bb4f17cbf6c9b9e6ebef7938342aa2df694fe,0x17d3d37d5e35f46a2a3fb234d1d1652ca475755f1a07082fd11c0e3a876761a6
theo_n,16,330,false,9,13,onchain,500,326,60.746100,1408.840100,1176.000000,1236.746100,6.357700,true,4224,4352,0x098b50423eb1b80e5a7fb520438bb4f17cbf6c9b9e6ebef7938342aa2df694fe,0x1ac75c6ed9f90de62f9775ff423b1ff839ac9958915851696307b7a7d6450db6
theo_n,16,331,false,9,13,onchain,500,327,65.402500,1408.840100,1148.266200,1213.668700,5.733200,true,4224,4352,0x098b50423eb1b80e5a7fb520438bb4f17cbf6c9b9e6ebef7938342aa2df694fe,0x0c2d971bce31e07f0a4d4de39b5c6bac3335d5febb655089ed885cea978a0bb9
theo_n,16,332,false,9,13,onchain,500,328,50.195600,1408.840100,1129.447900,1179.643500,6.594300,true,4224,4352,0x098b50423eb1b80e5a7fb520438bb4f17cbf6c9b9e6ebef7938342aa2df694fe,0x075654f1c9e5abe5fce4baccbe6da07810dffabc979728eedf550abd56074ba4
theo_n,16,333,false,9,13,onchain,500,329,50.399900,1408.840100,1146.828000,1197.227900,6.426100,true,4224,4352,0x098b50423eb1b80e5a7fb520438bb4f17cbf6c9b9e6ebef7938342aa2df694fe,0x0a63eac5908ab14b7879638596b87d9140c5474707a3ad072e2f1a34645752ba
theo_n,16,334,false,9,13,onchain,500,330,54.474100,1408.840100,1129.732000,1184.206100,6.172300,true,4224,4352,0x098b50423eb1b80e5a7fb520438bb4f17cbf6c9b9e6ebef7938342aa2df694fe,0x08e9b9b4e26fc3aca37bccf5629f51a451dbb6ea41a9b4882a3d78932409045a
theo_n,16,335,false,9,13,onchain,500,331,58.889300,1408.840100,1179.393200,1238.282500,6.062200,true,4224,4352,0x098b50423eb1b80e5a7fb520438bb4f17cbf6c9b9e6ebef7938342aa2df694fe,0x098ff9bfabd2578b64849f372dfccc3889e8f48dd1d57d81e3d9e88fbd994c78
theo_n,16,336,false,9,13,onchain,500,332,60.488000,1408.840100,1163.257000,1223.745000,6.413000,true,4224,4352,0x098b50423eb1b80e5a7fb520438bb4f17cbf6c9b9e6ebef7938342aa2df694fe,0x1db4b736a2b0ecc19a65c0c07835152665c8e62915ffa56fa7ab6503f5c9bd19
theo_n,16,337,false,9,13,onchain,500,333,48.151900,1408.840100,1128.705900,1176.857800,6.810500,true,4224,4352,0x098b50423eb1b80e5a7fb520438bb4f17cbf6c9b9e6ebef7938342aa2df694fe,0x2bc5afd849a1330fc452535400ac1d4d8390ff4fc994c438f681397683bc1753
theo_n,16,338,false,9,13,onchain,500,334,61.717600,1408.840100,1160.419700,1222.137300,6.303500,true,4224,4352,0x098b50423eb1b80e5a7fb520438bb4f17cbf6c9b9e6ebef7938342aa2df694fe,0x12216d0a1f27606101af6298d2b5d879870b6c64de2f8873b7fd2b23867b9935
theo_n,16,339,false,9,13,onchain,500,335,66.696900,1408.840100,1177.870200,1244.567100,7.310800,true,4224,4352,0x098b50423eb1b80e5a7fb520438bb4f17cbf6c9b9e6ebef7938342aa2df694fe,0x2839f37d67552efb8cead8faa71bb56779c63441b8b5b103c3f779de4528692f
theo_n,16,340,false,9,13,onchain,500,336,62.296200,1408.840100,1163.761700,1226.057900,6.552800,true,4224,4352,0x098b50423eb1b80e5a7fb520438bb4f17cbf6c9b9e6ebef7938342aa2df694fe,0x204f2b2dc108ebd91b8e8e9b95eea64bb1a6cb4f5ab54c2c0026fd7e839ae592
theo_n,16,341,false,9,13,onchain,500,337,67.324500,1408.840100,1141.367300,1208.691800,7.542900,true,4224,4352,0x098b50423eb1b80e5a7fb520438bb4f17cbf6c9b9e6ebef7938342aa2df694fe,0x204d869a69ccfa457f8806504f9890bc280efc739f3f0ecf9fc1eb0fb6528c59
theo_n,16,342,false,9,13,onchain,500,338,66.748700,1408.840100,1151.350500,1218.099200,5.993900,true,4224,4352,0x098b50423eb1b80e5a7fb520438bb4f17cbf6c9b9e6ebef7938342aa2df694fe,0x04b5d935609dfcb26d7a583849391abb7d04dfd1781f9026cce73dabe6b5ffc5
theo_n,16,343,false,9,13,onchain,500,339,55.953200,1408.840100,1126.528600,1182.481800,5.763700,true,4224,4352,0x098b50423eb1b80e5a7fb520438bb4f17cbf6c9b9e6ebef7938342aa2df694fe,0x152536451a8e9393f717d73e334bfa8514a176570f84aacc7c013645e671935a
theo_n,16,344,false,9,13,onchain,500,340,59.675800,1408.840100,1148.794100,1208.469900,6.501400,true,4224,4352,0x098b50423eb1b80e5a7fb520438bb4f17cbf6c9b9e6ebef7938342aa2df694fe,0x0457c3089a76f9a9d8acf8fc0271db28cb47b4da13a71cd9ebb0d4f85b06dc91
theo_n,16,345,false,9,13,onchain,500,341,45.409100,1408.840100,1136.472400,1181.881500,6.205700,true,4224,4352,0x098b50423eb1b80e5a7fb520438bb4f17cbf6c9b9e6ebef7938342aa2df694fe,0x2efb0c793ef2952e6286b0c951664e67f457f2399d5e05fa4f0bb48c137ef7af
theo_n,16,346,false,9,13,onchain,500,342,51.300000,1408.840100,1167.013900,1218.313900,6.061900,true,4224,4352,0x098b50423eb1b80e5a7fb520438bb4f17cbf6c9b9e6ebef7938342aa2df694fe,0x07c6757702a5062212213dfa130caee8e8c66080fd605f2c89c4bd459c0eb506
theo_n,16,347,false,9,13,onchain,500,343,61.673300,1408.840100,1165.625600,1227.298900,6.785600,true,4224,4352,0x098b50423eb1b80e5a7fb520438bb4f17cbf6c9b9e6ebef7938342aa2df694fe,0x1f31d06804fe9d643009a57a3670fbf5708c1c3c6251624db210bc9f18177456
theo_n,16,348,false,9,13,onchain,500,344,64.969500,1408.840100,1154.025800,1218.995300,5.518000,true,4224,4352,0x098b50423eb1b80e5a7fb520438bb4f17cbf6c9b9e6ebef7938342aa2df694fe,0x2e37e091fc8c192e870e9a1bc151044c6f827a9d7b31a863df824e406f8c7cd1
theo_n,16,349,false,9,13,onchain,500,345,57.542800,1408.840100,1163.934400,1221.477200,5.707300,true,4224,4352,0x098b50423eb1b80e5a7fb520438bb4f17cbf6c9b9e6ebef7938342aa2df694fe,0x226079d37d6b5905b792bcf76b2799b0253b82604264870bcec2afc3472d5c73
theo_n,16,350,false,9,13,onchain,500,346,62.667900,1408.840100,1150.453900,1213.121800,6.294400,true,4224,4352,0x098b50423eb1b80e5a7fb520438bb4f17cbf6c9b9e6ebef7938342aa2df694fe,0x117db97a81840683d5f0024370805bbb38977ea928586ac4f07b751d7b8585aa
theo_n,16,351,false,9,13,onchain,500,347,64.858500,1408.840100,1149.681100,1214.539600,6.210400,true,4224,4352,0x098b50423eb1b80e5a7fb520438bb4f17cbf6c9b9e6ebef7938342aa2df694fe,0x254f554195b2795e198655ca2a08c0d3b52361f517bfc45abf441ff5f97cb8c0
theo_n,16,352,false,9,13,onchain,500,348,63.840100,1408.840100,1147.323100,1211.163200,7.000600,true,4224,4352,0x098b50423eb1b80e5a7fb520438bb4f17cbf6c9b9e6ebef7938342aa2df694fe,0x1593770d9d55f43a7cdb36fc0fc3822fa5eb57dd09ab2b86b6688d899c0597a3
theo_n,16,353,false,9,13,onchain,500,349,65.326200,1408.840100,1150.844100,1216.170300,7.192000,true,4224,4352,0x098b50423eb1b80e5a7fb520438bb4f17cbf6c9b9e6ebef7938342aa2df694fe,0x20e21d8732cbae26a5eb1e3a08fa1d385815993a3e06bf751447c239e53ebec2
theo_n,16,354,false,9,13,onchain,500,350,64.614000,1408.840100,1142.583000,1207.197000,6.412700,true,4224,4352,0x098b50423eb1b80e5a7fb520438bb4f17cbf6c9b9e6ebef7938342aa2df694fe,0x0e99cfc4fe2b4260a2b9ad2ea8a798e983acf32369ddff77b9bbbfb006aea219
theo_n,16,355,false,9,13,onchain,500,351,59.948300,1408.840100,1145.143500,1205.091800,8.448200,true,4224,4352,0x098b50423eb1b80e5a7fb520438bb4f17cbf6c9b9e6ebef7938342aa2df694fe,0x02561cbf09126048622749b6c4fb1d96e7c743c3ddd00c24fe36a90236a1b716
theo_n,16,356,false,9,13,onchain,500,352,65.701300,1408.840100,1152.523200,1218.224500,7.373200,true,4224,4352,0x098b50423eb1b80e5a7fb520438bb4f17cbf6c9b9e6ebef7938342aa2df694fe,0x1b60a8b5553baadbaddd458ba1d262ab05296dcadb500fffc6521c0670d859de
theo_n,16,357,false,9,13,onchain,500,353,66.951500,1408.840100,1191.748700,1258.700200,6.498100,true,4224,4352,0x098b50423eb1b80e5a7fb520438bb4f17cbf6c9b9e6ebef7938342aa2df694fe,0x28c3e736537efd4af55e4024deafcb55b364d5be65156ae12c48fb5d62772ff0
theo_n,16,358,false,9,13,onchain,500,354,65.911000,1408.840100,1170.692100,1236.603100,6.646500,true,4224,4352,0x098b50423eb1b80e5a7fb520438bb4f17cbf6c9b9e6ebef7938342aa2df694fe,0x04b39fd3e5f335a5b634bd563ba92eb4d8fa3f7e32fe4b6a4bc9ac1fd43c19ca
theo_n,16,359,false,9,13,onchain,500,355,64.304400,1408.840100,1143.688900,1207.993300,5.929300,true,4224,4352,0x098b50423eb1b80e5a7fb520438bb4f17cbf6c9b9e6ebef7938342aa2df694fe,0x0004225074508fa3022f90e37e6c870a9b686a8123ef5bbe2056904cf37642db
theo_n,16,360,false,9,13,onchain,500,356,65.562800,1408.840100,1259.122500,1324.685300,6.057300,true,4224,4352,0x098b50423eb1b80e5a7fb520438bb4f17cbf6c9b9e6ebef7938342aa2df694fe,0x021bebfbfc5cca243be6d61f58c6fcfc3b49fd9f33fababe9cb255a21de6777c
theo_n,16,361,false,9,13,onchain,500,357,62.980900,1408.840100,1127.756900,1190.737800,6.348700,true,4224,4352,0x098b50423eb1b80e5a7fb520438bb4f17cbf6c9b9e6ebef7938342aa2df694fe,0x050f085ab3e5f5c3eb150a35091b609b024454e337120d29ab9b71776fc7338d
theo_n,16,362,false,9,13,onchain,500,358,62.546900,1408.840100,1154.192500,1216.739400,7.604600,true,4224,4352,0x098b50423eb1b80e5a7fb520438bb4f17cbf6c9b9e6ebef7938342aa2df694fe,0x222c67432c9adedc49d9236e9654816e0cf5c7e793e5f52d51452e4d94e61b34
theo_n,16,363,false,9,13,onchain,500,359,64.003100,1408.840100,1152.353200,1216.356300,6.634400,true,4224,4352,0x098b50423eb1b80e5a7fb520438bb4f17cbf6c9b9e6ebef7938342aa2df694fe,0x27b239bf70d964ad2873d0a1bfdc4491651f20e30617f39306e3109f9444ae1f
theo_n,16,364,false,9,13,onchain,500,360,64.478000,1408.840100,1154.925500,1219.403500,6.734400,true,4224,4352,0x098b50423eb1b80e5a7fb520438bb4f17cbf6c9b9e6ebef7938342aa2df694fe,0x1e1b5831fdf4b76d30e9b076372b1a47468a39c721bfd22182db547151d10305
theo_n,16,365,false,9,13,onchain,500,361,60.477800,1408.840100,1144.590500,1205.068300,7.387000,true,4224,4352,0x098b50423eb1b80e5a7fb520438bb4f17cbf6c9b9e6ebef7938342aa2df694fe,0x0605aa46ac40963353ba3f275bdaa747c1794498b7645bbd422dbae339555c55
theo_n,16,366,false,9,13,onchain,500,362,73.747900,1408.840100,1193.189900,1266.937800,6.871000,true,4224,4352,0x098b50423eb1b80e5a7fb520438bb4f17cbf6c9b9e6ebef7938342aa2df694fe,0x1851f7753135b8747d9eb910c77c916cf827ea9f2155dc9d379ef2afa367a772
theo_n,16,367,false,9,13,onchain,500,363,55.774800,1408.840100,1142.897500,1198.672300,6.190700,true,4224,4352,0x098b50423eb1b80e5a7fb520438bb4f17cbf6c9b9e6ebef7938342aa2df694fe,0x16fc1f235038e480513f38e613e2d02f17b4832841d68c8ef401b09167c9ff5f
theo_n,16,368,false,9,13,onchain,500,364,55.922900,1408.840100,1163.218400,1219.141300,6.363000,true,4224,4352,0x098b50423eb1b80e5a7fb520438bb4f17cbf6c9b9e6ebef7938342aa2df694fe,0x193a1a014690b7724bf6978a4714fe2a0476d1eef7c299ca5f750f3cd17874eb
theo_n,16,369,false,9,13,onchain,500,365,63.538800,1408.840100,1144.742900,1208.281700,6.512000,true,4224,4352,0x098b50423eb1b80e5a7fb520438bb4f17cbf6c9b9e6ebef7938342aa2df694fe,0x0f963c37f6669553709742d3391b6f600bb9eeee0f58acf2765960e71eb5b81c
theo_n,16,370,false,9,13,onchain,500,366,58.602400,1408.840100,1147.803300,1206.405700,5.747700,true,4224,4352,0x098b50423eb1b80e5a7fb520438bb4f17cbf6c9b9e6ebef7938342aa2df694fe,0x303b6b066769651941ebaaebfcd8040f41a717542235e1f57492ed152123cff2
theo_n,16,371,false,9,13,onchain,500,367,48.814700,1408.840100,1146.713800,1195.528500,5.930100,true,4224,4352,0x098b50423eb1b80e5a7fb520438bb4f17cbf6c9b9e6ebef7938342aa2df694fe,0x2ed695d8f21d493b9d35e98eaf8a93b2d7366dc343dd2584f504aa5e64116990
theo_n,16,372,false,9,13,onchain,500,368,55.835100,1408.840100,1149.631300,1205.466400,6.006900,true,4224,4352,0x098b50423eb1b80e5a7fb520438bb4f17cbf6c9b9e6ebef7938342aa2df694fe,0x1ad4f7e67fe4ff1b47a8341daf54ba4cfc10c65cf1044c60def6d901a807ed46
theo_n,16,373,false,9,13,onchain,500,369,63.552800,1408.840100,1137.811000,1201.363800,6.092900,true,4224,4352,0x098b50423eb1b80e5a7fb520438bb4f17cbf6c9b9e6ebef7938342aa2df694fe,0x0c5a630d9f98b120bc544c96c47eec11640c6ab4b933c80d522151a3ff6adf8a
theo_n,16,374,false,9,13,onchain,500,370,50.017500,1408.840100,1137.364000,1187.381500,5.828000,true,4224,4352,0x098b50423eb1b80e5a7fb520438bb4f17cbf6c9b9e6ebef7938342aa2df694fe,0x03f5612ddf0d430300b9710c7d5770ca54ee984d0d55902c9e31fec569bca9e3
theo_n,16,375,false,9,13,onchain,500,371,56.537500,1408.840100,1150.967600,1207.505100,6.421700,true,4224,4352,0x098b50423eb1b80e5a7fb520438bb4f17cbf6c9b9e6ebef7938342aa2df694fe,0x1e849df2f825791fd8ed533d294b831c090962116777818d7fe8e404e5c063fd
theo_n,16,376,false,9,13,onchain,500,372,58.434900,1408.840100,1141.788500,1200.223400,5.774400,true,4224,4352,0x098b50423eb1b80e5a7fb520438bb4f17cbf6c9b9e6ebef7938342aa2df694fe,0x18cfa5c6cd646ef374aab2e94e771ad9364cf8d95486dbb632ede7bba8b9c2b8
theo_n,16,377,false,9,13,onchain,500,373,60.595400,1408.840100,1145.137900,1205.733300,5.442700,true,4224,4352,0x098b50423eb1b80e5a7fb520438bb4f17cbf6c9b9e6ebef7938342aa2df694fe,0x25b65d1c3a0bc65503d9a28d15da14bdd9f67ae4de7a884deeedb518e97a9262
theo_n,16,378,false,9,13,onchain,500,374,58.785500,1408.840100,1163.957100,1222.742600,6.552200,true,4224,4352,0x098b50423eb1b80e5a7fb520438bb4f17cbf6c9b9e6ebef7938342aa2df694fe,0x04814392968319dd081a9b03644408df0f13373cd048e655a8b8de0a52e23270
theo_n,16,379,false,9,13,onchain,500,375,62.392600,1408.840100,1146.624200,1209.016800,6.680600,true,4224,4352,0x098b50423eb1b80e5a7fb520438bb4f17cbf6c9b9e6ebef7938342aa2df694fe,0x118f2bc8abc13248898a6bcd9a243f7ca0a998ade21b658f26f4157747c66bb1
theo_n,16,380,false,9,13,onchain,500,376,65.685100,1408.840100,1137.398900,1203.084000,6.073200,true,4224,4352,0x098b50423eb1b80e5a7fb520438bb4f17cbf6c9b9e6ebef7938342aa2df694fe,0x162d42cc97848b8015e6f6973e026d6782e2a7cb2fb68038286cbc81d7508eda
theo_n,16,381,false,9,13,onchain,500,377,63.835800,1408.840100,1163.885500,1227.721300,5.516700,true,4224,4352,0x098b50423eb1b80e5a7fb520438bb4f17cbf6c9b9e6ebef7938342aa2df694fe,0x157e57147367313af2ccdb0b69a90f60da885d73b45344e360fbc625f7696351
theo_n,16,382,false,9,13,onchain,500,378,59.917400,1408.840100,1141.795700,1201.713100,5.817800,true,4224,4352,0x098b50423eb1b80e5a7fb520438bb4f17cbf6c9b9e6ebef7938342aa2df694fe,0x0ad9f8b60ac2b27db29f8d015c05982cd6a7f9fe5461daae00a8f8e7b10bb470
theo_n,16,383,false,9,13,onchain,500,379,61.718100,1408.840100,1216.745600,1278.463700,6.521200,true,4224,4352,0x098b50423eb1b80e5a7fb520438bb4f17cbf6c9b9e6ebef7938342aa2df694fe,0x02d5dff1d08df114839ef1dc507caa525323fb9828ac5daac4983bbfb43f03ee
theo_n,16,384,false,9,13,onchain,500,380,57.472200,1408.840100,1173.966000,1231.438200,6.721000,true,4224,4352,0x098b50423eb1b80e5a7fb520438bb4f17cbf6c9b9e6ebef7938342aa2df694fe,0x07e27bc2513cc928d26b30eb92d217d53a1f2efa7ec91e9f3281e5893d80ea14
theo_n,16,385,false,9,13,onchain,500,381,66.388500,1408.840100,1156.463100,1222.851600,6.669500,true,4224,4352,0x098b50423eb1b80e5a7fb520438bb4f17cbf6c9b9e6ebef7938342aa2df694fe,0x17398fc5f1d2e60159ce1452da7355a2234e2843260b50b40ded9b9d1d7fc2c5
theo_n,16,386,false,9,13,onchain,500,382,64.934000,1408.840100,1201.514900,1266.448900,6.799900,true,4224,4352,0x098b50423eb1b80e5a7fb520438bb4f17cbf6c9b9e6ebef7938342aa2df694fe,0x1bcd1df4387375c9e3d385db43f832b4b6fe272b45f7e52252b39bb8382252e4
theo_n,16,387,false,9,13,onchain,500,383,65.250100,1408.840100,1155.052200,1220.302300,6.461700,true,4224,4352,0x098b50423eb1b80e5a7fb520438bb4f17cbf6c9b9e6ebef7938342aa2df694fe,0x28bd69fe5fd086a619856936b40121a7155f548d42a84f35bce33cd48f7c5b79
theo_n,16,388,false,9,13,onchain,500,384,51.194100,1408.840100,1174.950400,1226.144500,6.845100,true,4224,4352,0x098b50423eb1b80e5a7fb520438bb4f17cbf6c9b9e6ebef7938342aa2df694fe,0x1e7e3f9f39ceb8265b464c07373a4b37a800558074e78b931da84545f6d94e6d
theo_n,16,389,false,9,13,onchain,500,385,60.306200,1408.840100,1146.441600,1206.747800,6.651700,true,4224,4352,0x098b50423eb1b80e5a7fb520438bb4f17cbf6c9b9e6ebef7938342aa2df694fe,0x0de1feb02f5d7b62cce3ccea8a74c6a75a1062001c1a44cae3b015de71aba263
theo_n,16,390,false,9,13,onchain,500,386,57.156500,1408.840100,1204.696300,1261.852800,6.275900,true,4224,4352,0x098b50423eb1b80e5a7fb520438bb4f17cbf6c9b9e6ebef7938342aa2df694fe,0x0ccf0155d5e5543303c4ae684ea5d6d3506eadcac2a6ce0b43d37b55f33f3ae7
theo_n,16,391,false,9,13,onchain,500,387,65.966400,1408.840100,1193.203500,1259.169900,6.069700,true,4224,4352,0x098b50423eb1b80e5a7fb520438bb4f17cbf6c9b9e6ebef7938342aa2df694fe,0x092407afbdab9b40602d5946175c6668381b10d76ec0d1fc625720ab89492697
theo_n,16,392,false,9,13,onchain,500,388,59.039300,1408.840100,1166.025200,1225.064500,6.980500,true,4224,4352,0x098b50423eb1b80e5a7fb520438bb4f17cbf6c9b9e6ebef7938342aa2df694fe,0x057debe0a69bdb13be5df68e059ebc5810b7a076ae38389e59938c99084ee97e
theo_n,16,393,false,9,13,onchain,500,389,59.529400,1408.840100,1162.731600,1222.261000,5.881100,true,4224,4352,0x098b50423eb1b80e5a7fb520438bb4f17cbf6c9b9e6ebef7938342aa2df694fe,0x303a402911f18f755f5c1a87ec99a33b77d1c2577916758ef573ab2194af50d9
theo_n,16,394,false,9,13,onchain,500,390,53.300400,1408.840100,1186.759300,1240.059700,6.483900,true,4224,4352,0x098b50423eb1b80e5a7fb520438bb4f17cbf6c9b9e6ebef7938342aa2df694fe,0x263992a8e602149f3b6505ad16e7f04e696f8125783000c71d2ecc897e2a52b7
theo_n,16,395,false,9,13,onchain,500,391,60.285400,1408.840100,1194.331500,1254.616900,5.689400,true,4224,4352,0x098b50423eb1b80e5a7fb520438bb4f17cbf6c9b9e6ebef7938342aa2df694fe,0x2db9482626db14404a768c8465161d5833bab0bdd0cee894e56dce89b9eb09fd
theo_n,16,396,false,9,13,onchain,500,392,64.335700,1408.840100,1148.572200,1212.907900,6.943300,true,4224,4352,0x098b50423eb1b80e5a7fb520438bb4f17cbf6c9b9e6ebef7938342aa2df694fe,0x172df5a3f063b8f4f9c1d0f322ca54fa2d5f74aaf6562a8806fdfe2ca2e0483e
theo_n,16,397,false,9,13,onchain,500,393,44.947200,1408.840100,1167.275900,1212.223100,6.331000,true,4224,4352,0x098b50423eb1b80e5a7fb520438bb4f17cbf6c9b9e6ebef7938342aa2df694fe,0x12c6243e284afc10fb4414ac11753f093a708b67c527cf722831b3a7a593cb08
theo_n,16,398,false,9,13,onchain,500,394,53.577700,1408.840100,1148.509900,1202.087600,6.950300,true,4224,4352,0x098b50423eb1b80e5a7fb520438bb4f17cbf6c9b9e6ebef7938342aa2df694fe,0x12096b14d65088c6387377b9d89127c1ce5a0b1f72408edea1b850e9e359aa9e
theo_n,16,399,false,9,13,onchain,500,395,80.900700,1408.840100,1147.528500,1228.429200,6.226200,true,4224,4352,0x098b50423eb1b80e5a7fb520438bb4f17cbf6c9b9e6ebef7938342aa2df694fe,0x18b1832ec6179c73f03c78110ac55f45acae9d0d5117cf6c03da7814f79e5d8f
theo_n,16,400,false,9,13,onchain,500,396,63.532200,1408.840100,1155.748100,1219.280300,5.590800,true,4224,4352,0x098b50423eb1b80e5a7fb520438bb4f17cbf6c9b9e6ebef7938342aa2df694fe,0x113de8491220bb5eb508d65cc8ee0e1ceb7a712b1a9b95fc93acd8856ecb28f5
theo_n,16,401,false,9,13,onchain,500,397,55.179200,1408.840100,1159.702400,1214.881600,7.168300,true,4224,4352,0x098b50423eb1b80e5a7fb520438bb4f17cbf6c9b9e6ebef7938342aa2df694fe,0x27a010cf4e19c4a88e2edb7f04ac75b764b8e24719dc82dbbd0c0f7c8934be1e
theo_n,16,402,false,9,13,onchain,500,398,54.648700,1408.840100,1150.870200,1205.518900,6.630700,true,4224,4352,0x098b50423eb1b80e5a7fb520438bb4f17cbf6c9b9e6ebef7938342aa2df694fe,0x0b023dd915cb016b7238b5bdd3190fe98abd3504c6dbfba463d90bb38ff29ad2
theo_n,16,403,false,9,13,onchain,500,399,73.179700,1408.840100,1130.536500,1203.716200,5.597200,true,4224,4352,0x098b50423eb1b80e5a7fb520438bb4f17cbf6c9b9e6ebef7938342aa2df694fe,0x1a7e6c56f626be3e54886b792935dd23863f6915b323aa78148b70ab13ec5273
theo_n,16,404,false,9,13,onchain,500,400,57.023700,1408.840100,1144.371800,1201.395500,5.637300,true,4224,4352,0x098b50423eb1b80e5a7fb520438bb4f17cbf6c9b9e6ebef7938342aa2df694fe,0x2a2bffaf3fae1687545dfd12db373e7029a50e1e72ae6a4acfcbd733129c205d
theo_n,16,405,false,9,13,onchain,500,401,58.737200,1408.840100,1141.617200,1200.354400,7.024700,true,4224,4352,0x098b50423eb1b80e5a7fb520438bb4f17cbf6c9b9e6ebef7938342aa2df694fe,0x2cc4cf0733e1349358e8a570eac07ff818161987e3a18bfde63a9f0b95deca6d
theo_n,16,406,false,9,13,onchain,500,402,66.078800,1408.840100,1170.411300,1236.490100,6.225400,true,4224,4352,0x098b50423eb1b80e5a7fb520438bb4f17cbf6c9b9e6ebef7938342aa2df694fe,0x1b8c0ebcb5cf1b7c144731c42fbfeebd4519c91bbe045821496f2975128cd66c
theo_n,16,407,false,9,13,onchain,500,403,65.893900,1408.840100,1133.669900,1199.563800,6.930000,true,4224,4352,0x098b50423eb1b80e5a7fb520438bb4f17cbf6c9b9e6ebef7938342aa2df694fe,0x2db8f99903aebf090472808a8ea677cc1579e7aa758397d7fd28dd09d7b51280
theo_n,16,408,false,9,13,onchain,500,404,64.427200,1408.840100,1128.337000,1192.764200,6.882700,true,4224,4352,0x098b50423eb1b80e5a7fb520438bb4f17cbf6c9b9e6ebef7938342aa2df694fe,0x0bf0ebb05a15be9b640ea65b8d18d6832cad86267bf6cb999ad43d7d749ad1be
theo_n,16,409,false,9,13,onchain,500,405,65.264100,1408.840100,1238.789000,1304.053100,6.083400,true,4224,4352,0x098b50423eb1b80e5a7fb520438bb4f17cbf6c9b9e6ebef7938342aa2df694fe,0x1b988085e3126ddfb6a991df1c0f573fa0e6f9965ef6b3f10de414b3fdd35013
theo_n,16,410,false,9,13,onchain,500,406,63.336800,1408.840100,1149.491500,1212.828300,5.794400,true,4224,4352,0x098b50423eb1b80e5a7fb520438bb4f17cbf6c9b9e6ebef7938342aa2df694fe,0x154bfdb6e90d7431315c386cc66abcbf3958bded588b405520a34f7d4f56e666
theo_n,16,411,false,9,13,onchain,500,407,55.749000,1408.840100,1153.775300,1209.524300,6.594500,true,4224,4352,0x098b50423eb1b80e5a7fb520438bb4f17cbf6c9b9e6ebef7938342aa2df694fe,0x09dcc218c82397618550beef8f8255788a9ec1329b4e16b1effb79dd16db6db8
theo_n,16,412,false,9,13,onchain,500,408,60.614500,1408.840100,1168.426800,1229.041300,6.666600,true,4224,4352,0x098b50423eb1b80e5a7fb520438bb4f17cbf6c9b9e6ebef7938342aa2df694fe,0x03e0e67240dac313442539b1a1241dc6465eb385b752bbfd21607f280e9ed7a8
theo_n,16,413,false,9,13,onchain,500,409,52.901700,1408.840100,1130.928900,1183.830600,7.302800,true,4224,4352,0x098b50423eb1b80e5a7fb520438bb4f17cbf6c9b9e6ebef7938342aa2df694fe,0x3007bee886bfacd3ffad885814b8c4e8cceb990aa13437fa53e86c1dcd321aac
theo_n,16,414,false,9,13,onchain,500,410,64.391000,1408.840100,1157.383200,1221.774200,7.231900,true,4224,4352,0x098b50423eb1b80e5a7fb520438bb4f17cbf6c9b9e6ebef7938342aa2df694fe,0x181a21556d142138a10d0d14eb5e6c5d16df78825c4945a3d09ac9823e327b17
theo_n,16,415,false,9,13,onchain,500,411,69.263000,1408.840100,1153.395600,1222.658600,5.750600,true,4224,4352,0x098b50423eb1b80e5a7fb520438bb4f17cbf6c9b9e6ebef7938342aa2df694fe,0x2835faa28d27666daad62898414f35b70a6f1b36e83f6903b595b0b699a120e0
theo_n,16,416,false,9,13,onchain,500,412,72.375900,1408.840100,1151.101400,1223.477300,5.878800,true,4224,4352,0x098b50423eb1b80e5a7fb520438bb4f17cbf6c9b9e6ebef7938342aa2df694fe,0x06016b8fc0cfb43fe47861f337a516e5702b812d6b62d60cb94bca0b4d6acd7c
theo_n,16,417,false,9,13,onchain,500,413,59.747300,1408.840100,1166.452600,1226.199900,6.123400,true,4224,4352,0x098b50423eb1b80e5a7fb520438bb4f17cbf6c9b9e6ebef7938342aa2df694fe,0x1bed17d5deba5bed8ba9eed3242058dba5d4c9596776efeb51be6779ca0306a3
theo_n,16,418,false,9,13,onchain,500,414,39.396000,1408.840100,1168.224300,1207.620300,5.694000,true,4224,4352,0x098b50423eb1b80e5a7fb520438bb4f17cbf6c9b9e6ebef7938342aa2df694fe,0x016ddbf0460e9b0e15e4f146a5a20f1fdcdc6a8561610466846c78fbc49a3d7c
theo_n,16,419,false,9,13,onchain,500,415,62.865000,1408.840100,1151.727000,1214.592000,6.172600,true,4224,4352,0x098b50423eb1b80e5a7fb520438bb4f17cbf6c9b9e6ebef7938342aa2df694fe,0x0e0771a1c3bbd684257a57be0b21e69a6727489b4ddc066d53818988c039b7c6
theo_n,16,420,false,9,13,onchain,500,416,52.052300,1408.840100,1149.625600,1201.677900,6.586100,true,4224,4352,0x098b50423eb1b80e5a7fb520438bb4f17cbf6c9b9e6ebef7938342aa2df694fe,0x2830fdb34c979454f9f3421f8b0574c294c79daee7ad2bc1b5dc97a95a4f9d54
theo_n,16,421,false,9,13,onchain,500,417,63.189800,1408.840100,1159.029300,1222.219100,6.035300,true,4224,4352,0x098b50423eb1b80e5a7fb520438bb4f17cbf6c9b9e6ebef7938342aa2df694fe,0x13a0fb9058def92f47de48cf7aa57b8540d590214e9ee3ef4a3b4e6b1fd39fc7
theo_n,16,422,false,9,13,onchain,500,418,60.770600,1408.840100,1156.906200,1217.676800,6.431500,true,4224,4352,0x098b50423eb1b80e5a7fb520438bb4f17cbf6c9b9e6ebef7938342aa2df694fe,0x0326508a2e8766b39956ca4bcb280f99a691a9091e7328ef63d81a41a3b488f5
theo_n,16,423,false,9,13,onchain,500,419,50.330400,1408.840100,1131.143900,1181.474300,7.178000,true,4224,4352,0x098b50423eb1b80e5a7fb520438bb4f17cbf6c9b9e6ebef7938342aa2df694fe,0x1aad75cc6b55ef5aefca1139b211062bbb6f98191567e7e2c53e14c4ed4d2510
theo_n,16,424,false,9,13,onchain,500,420,65.156000,1408.840100,1187.892300,1253.048300,5.723300,true,4224,4352,0x098b50423eb1b80e5a7fb520438bb4f17cbf6c9b9e6ebef7938342aa2df694fe,0x0762cba02d6c2fd227c1121dbbb65b1dddcd594906111c19dcb75308284fab1e
theo_n,16,425,false,9,13,onchain,500,421,60.030200,1408.840100,1134.895100,1194.925300,6.471100,true,4224,4352,0x098b50423eb1b80e5a7fb520438bb4f17cbf6c9b9e6ebef7938342aa2df694fe,0x2867d18a8d13dcdcf2a610885da6d6baf390d38a0ba79aa67af91dedf2e4134f
theo_n,16,426,false,9,13,onchain,500,422,66.090400,1408.840100,1136.720200,1202.810600,6.621400,true,4224,4352,0x098b50423eb1b80e5a7fb520438bb4f17cbf6c9b9e6ebef7938342aa2df694fe,0x10c107c9cda92ec6cf3e9fe22cbf7cda99fe04bfb69b44457736f08daf94178b
theo_n,16,427,false,9,13,onchain,500,423,44.068900,1408.840100,1233.638200,1277.707100,6.262800,true,4224,4352,0x098b50423eb1b80e5a7fb520438bb4f17cbf6c9b9e6ebef7938342aa2df694fe,0x2581e5575f4204b4a6f3b0e08c12245c083765c1a07f32b13a96895ca1ba1425
theo_n,16,428,false,9,13,onchain,500,424,56.469300,1408.840100,1219.615600,1276.084900,6.511700,true,4224,4352,0x098b50423eb1b80e5a7fb520438bb4f17cbf6c9b9e6ebef7938342aa2df694fe,0x277aac34d6c47e54cdbb5d62cfd244cec5298c9c26f6aa993fb0e26cf2f1082f
theo_n,16,429,false,9,13,onchain,500,425,86.205000,1408.840100,1274.798500,1361.003500,7.683400,true,4224,4352,0x098b50423eb1b80e5a7fb520438bb4f17cbf6c9b9e6ebef7938342aa2df694fe,0x03ea32e3c967ab912ee0c86ac10303a8203c3057bba343c213f706eb718cec52
theo_n,16,430,false,9,13,onchain,500,426,82.937900,1408.840100,1171.781600,1254.719500,6.284100,true,4224,4352,0x098b50423eb1b80e5a7fb520438bb4f17cbf6c9b9e6ebef7938342aa2df694fe,0x3003b73a88a8569a4f81d8beb7f720188535c7718ead6ae84dbe3c272f4f5f3b
theo_n,16,431,false,9,13,onchain,500,427,61.585200,1408.840100,1172.628900,1234.214100,6.243600,true,4224,4352,0x098b50423eb1b80e5a7fb520438bb4f17cbf6c9b9e6ebef7938342aa2df694fe,0x0a05cfe41f28c738b7d5d7716c8320b06aa79e0e6625c4f3558a58dc9b7fef42
theo_n,16,432,false,9,13,onchain,500,428,62.287000,1408.840100,1159.648200,1221.935200,7.271100,true,4224,4352,0x098b50423eb1b80e5a7fb520438bb4f17cbf6c9b9e6ebef7938342aa2df694fe,0x2500607ce618ef9bd30f4bc46ee16168b678de82a12629390aecc174960b46cd
theo_n,16,433,false,9,13,onchain,500,429,63.481200,1408.840100,1126.624200,1190.105400,5.821200,true,4224,4352,0x098b50423eb1b80e5a7fb520438bb4f17cbf6c9b9e6ebef7938342aa2df694fe,0x01c24f87ee6d59ee391a1593ecbeb6d1fa9963826beeb11f5caf468141128f09
theo_n,16,434,false,9,13,onchain,500,430,38.536200,1408.840100,1154.804900,1193.341100,6.769000,true,4224,4352,0x098b50423eb1b80e5a7fb520438bb4f17cbf6c9b9e6ebef7938342aa2df694fe,0x2082108df1e5d8328a3a52f2af197ec79b7856c8bc9c44ccf2d1d5951679a4c0
theo_n,16,435,false,9,13,onchain,500,431,63.597700,1408.840100,1163.185600,1226.783300,6.545500,true,4224,4352,0x098b50423eb1b80e5a7fb520438bb4f17cbf6c9b9e6ebef7938342aa2df694fe,0x0999ffaafc0622752b26e0380a201e79e330224adc28c45d809d6203c7183765
theo_n,16,436,false,9,13,onchain,500,432,64.267300,1408.840100,1282.001800,1346.269100,5.554400,true,4224,4352,0x098b50423eb1b80e5a7fb520438bb4f17cbf6c9b9e6ebef7938342aa2df694fe,0x0256f5aa2a81c65d55d7ac3351c57b3fc477bd1a5d4650020d8ac1c2cb98c320
theo_n,16,437,false,9,13,onchain,500,433,55.520100,1408.840100,1164.331900,1219.852000,5.890500,true,4224,4352,0x098b50423eb1b80e5a7fb520438bb4f17cbf6c9b9e6ebef7938342aa2df694fe,0x037bc2c964784fc7e3cd2de16c3218014bc8ac4ab259c3fc47df759225c0c432
theo_n,16,438,false,9,13,onchain,500,434,54.374200,1408.840100,1154.785500,1209.159700,6.927600,true,4224,4352,0x098b50423eb1b80e5a7fb520438bb4f17cbf6c9b9e6ebef7938342aa2df694fe,0x173dc3dc4e6fcdf0ebba3fd2fe4632fb42c0ceb9e4cc5e9b374dc60deb000b3f
theo_n,16,439,false,9,13,onchain,500,435,65.949400,1408.840100,1151.530900,1217.480300,6.885200,true,4224,4352,0x098b50423eb1b80e5a7fb520438bb4f17cbf6c9b9e6ebef7938342aa2df694fe,0x1209c0c6094437ccf08802ad2ccd707c6033334ef0aac113035d1ba5c5d53302
theo_n,16,440,false,9,13,onchain,500,436,65.265600,1408.840100,1180.296600,1245.562200,5.596500,true,4224,4352,0x098b50423eb1b80e5a7fb520438bb4f17cbf6c9b9e6ebef7938342aa2df694fe,0x11a1aa45758004aee4e35df3345be3240a16450e6c518e436a9fef029035717a
theo_n,16,441,false,9,13,onchain,500,437,56.437900,1408.840100,1139.070900,1195.508800,6.561800,true,4224,4352,0x098b50423eb1b80e5a7fb520438bb4f17cbf6c9b9e6ebef7938342aa2df694fe,0x04476444e54b8d9345af11b280f951950dec019f5f9ed96cd666000cb6f8c8a4
theo_n,16,442,false,9,13,onchain,500,438,63.907500,1408.840100,1185.987000,1249.894500,6.831400,true,4224,4352,0x098b50423eb1b80e5a7fb520438bb4f17cbf6c9b9e6ebef7938342aa2df694fe,0x2806a21730d85cb406c3a0c7893edf53a23bb94164481acaec92dfaacc498c43
theo_n,16,443,false,9,13,onchain,500,439,62.829000,1408.840100,1141.251800,1204.080800,6.164300,true,4224,4352,0x098b50423eb1b80e5a7fb520438bb4f17cbf6c9b9e6ebef7938342aa2df694fe,0x214b13489d4f64f42e4f378022beeb428cee36c93df8f8e97b38d25222015f0e
theo_n,16,444,false,9,13,onchain,500,440,58.474500,1408.840100,1160.944300,1219.418800,6.024900,true,4224,4352,0x098b50423eb1b80e5a7fb520438bb4f17cbf6c9b9e6ebef7938342aa2df694fe,0x066f9d468513da57c066c36e999991151e9f59de613bf62318b16f8c0dc85b20
theo_n,16,445,false,9,13,onchain,500,441,78.311000,1408.840100,1144.642100,1222.953100,5.564900,true,4224,4352,0x098b50423eb1b80e5a7fb520438bb4f17cbf6c9b9e6ebef7938342aa2df694fe,0x2685af6105268b603a453ab4de1bcdd24c4090058d83280b15b70eb1e3493b77
theo_n,16,446,false,9,13,onchain,500,442,63.320900,1408.840100,1157.096600,1220.417500,6.234600,true,4224,4352,0x098b50423eb1b80e5a7fb520438bb4f17cbf6c9b9e6ebef7938342aa2df694fe,0x1c157e5b315f744377d41988cc71c4e64d2bb77893f27acd05aad8664ce59a79
theo_n,16,447,false,9,13,onchain,500,443,51.204000,1408.840100,1140.431500,1191.635500,6.714200,true,4224,4352,0x098b50423eb1b80e5a7fb520438bb4f17cbf6c9b9e6ebef7938342aa2df694fe,0x2267434a9eb55f81aff6acbc29f609c4a6cd46d4f19e735c0845e1e54dc511cf
theo_n,16,448,false,9,13,onchain,500,444,60.075300,1408.840100,1178.806700,1238.882000,6.966000,true,4224,4352,0x098b50423eb1b80e5a7fb520438bb4f17cbf6c9b9e6ebef7938342aa2df694fe,0x2427edd792ee64541c9bb6a75a9554187a8b10a7730ae17241a149dd8197cb5c
theo_n,16,449,false,9,13,onchain,500,445,64.420500,1408.840100,1147.666400,1212.086900,6.861600,true,4224,4352,0x098b50423eb1b80e5a7fb520438bb4f17cbf6c9b9e6ebef7938342aa2df694fe,0x0cf8a1ade649c5cea439e53e3be597c4c53290bf1c8b7f8bcb41a7ef7dea770e
theo_n,16,450,false,9,13,onchain,500,446,62.942800,1408.840100,1147.013200,1209.956000,6.780100,true,4224,4352,0x098b50423eb1b80e5a7fb520438bb4f17cbf6c9b9e6ebef7938342aa2df694fe,0x129883fbbf2647002f7deacb824779cb974c9eee7bbb30bf1261998df957b8dc
theo_n,16,451,false,9,13,onchain,500,447,62.279500,1408.840100,1170.626500,1232.906000,5.577900,true,4224,4352,0x098b50423eb1b80e5a7fb520438bb4f17cbf6c9b9e6ebef7938342aa2df694fe,0x0594521bbee73c066f93948e2ff7a51262787f7f3a8f16471f68ddf2a657e869
theo_n,16,452,false,9,13,onchain,500,448,55.582500,1408.840100,1649.374100,1704.956600,6.923800,true,4224,4352,0x098b50423eb1b80e5a7fb520438bb4f17cbf6c9b9e6ebef7938342aa2df694fe,0x13f17dda8cb57596d85fb2110de78808017c61bc82d7b7330c51357cf8ab248e
theo_n,16,453,false,9,13,onchain,500,449,55.680600,1408.840100,1185.961100,1241.641700,6.762900,true,4224,4352,0x098b50423eb1b80e5a7fb520438bb4f17cbf6c9b9e6ebef7938342aa2df694fe,0x12c9ec6c712307c39974e8ea98426582b0f316e90a50231bc1a00186bd92507e
theo_n,16,454,false,9,13,onchain,500,450,61.216100,1408.840100,1149.804000,1211.020100,6.756000,true,4224,4352,0x098b50423eb1b80e5a7fb520438bb4f17cbf6c9b9e6ebef7938342aa2df694fe,0x148354c630b4862274a3c4f9627e46281b10d5ce88bc6a9f22459d0f2e6ba9a8
theo_n,16,455,false,9,13,onchain,500,451,64.067600,1408.840100,1156.107200,1220.174800,6.271700,true,4224,4352,0x098b50423eb1b80e5a7fb520438bb4f17cbf6c9b9e6ebef7938342aa2df694fe,0x20281760db9fef7baf5df36729d8e86b1f03d2bfeeadec7e293627fe630e7d86
theo_n,16,456,false,9,13,onchain,500,452,64.450700,1408.840100,1194.468100,1258.918800,6.970100,true,4224,4352,0x098b50423eb1b80e5a7fb520438bb4f17cbf6c9b9e6ebef7938342aa2df694fe,0x1f5d68be2c50d3e703fb116f57bfc854bce65788b7ade4c79548c288f898484f
theo_n,16,457,false,9,13,onchain,500,453,66.308200,1408.840100,1435.023300,1501.331500,6.220600,true,4224,4352,0x098b50423eb1b80e5a7fb520438bb4f17cbf6c9b9e6ebef7938342aa2df694fe,0x2202cbc3666b0757b2bc1092b87ec06aaa632d9b644694c824a1a9f1402fb796
theo_n,16,458,false,9,13,onchain,500,454,62.310700,1408.840100,1202.472300,1264.783000,5.554000,true,4224,4352,0x098b50423eb1b80e5a7fb520438bb4f17cbf6c9b9e6ebef7938342aa2df694fe,0x27c2dffe7874cdda7cce3b6fb243cb2ca8974f0861a27c2419bf621ed6556606
theo_n,16,459,false,9,13,onchain,500,455,59.513600,1408.840100,1168.373400,1227.887000,6.645900,true,4224,4352,0x098b50423eb1b80e5a7fb520438bb4f17cbf6c9b9e6ebef7938342aa2df694fe,0x12a504725a3c750c382de4b79051869e38d03e6aa42f4505f940340f4885b7c2
theo_n,16,460,false,9,13,onchain,500,456,52.190100,1408.840100,1161.322100,1213.512200,6.080600,true,4224,4352,0x098b50423eb1b80e5a7fb520438bb4f17cbf6c9b9e6ebef7938342aa2df694fe,0x2e78ab53da0c12b723f36c4ae0ce7f5b0621afa5eb0811cd6a96df8698650698
theo_n,16,461,false,9,13,onchain,500,457,59.953500,1408.840100,1158.036600,1217.990100,5.864300,true,4224,4352,0x098b50423eb1b80e5a7fb520438bb4f17cbf6c9b9e6ebef7938342aa2df694fe,0x2fbda956e787d64ca8b6341cc1314e56b201281444c7bf34030a23838bc743ce
theo_n,16,462,false,9,13,onchain,500,458,60.178400,1408.840100,1174.405100,1234.583500,6.905300,true,4224,4352,0x098b50423eb1b80e5a7fb520438bb4f17cbf6c9b9e6ebef7938342aa2df694fe,0x119e6e31b73d1a8836957b9bbf042afcbffe0c2a4f27f87c8be3bdf7f9a74b1f
theo_n,16,463,false,9,13,onchain,500,459,61.491800,1408.840100,1173.226000,1234.717800,7.366400,true,4224,4352,0x098b50423eb1b80e5a7fb520438bb4f17cbf6c9b9e6ebef7938342aa2df694fe,0x121504fcf4f883891e0fc21eb1da196a5cc2f172e30aef5860b68086905e0aec
theo_n,16,464,false,9,13,onchain,500,460,66.302200,1408.840100,1170.850000,1237.152200,6.193500,true,4224,4352,0x098b50423eb1b80e5a7fb520438bb4f17cbf6c9b9e6ebef7938342aa2df694fe,0x1c2d5c6cf07f2dbdd8f604df0337912e297989a309cd33d6dc1239fe147ab4b6
theo_n,16,465,false,9,13,onchain,500,461,65.845900,1408.840100,1156.023700,1221.869600,7.024700,true,4224,4352,0x098b50423eb1b80e5a7fb520438bb4f17cbf6c9b9e6ebef7938342aa2df694fe,0x0704c0ac4a16b2c09e01e830dfc5b10d7c1b093c7c242fa8c85a1d6afc5b0059
theo_n,16,466,false,9,13,onchain,500,462,62.859900,1408.840100,1160.082800,1222.942700,6.860500,true,4224,4352,0x098b50423eb1b80e5a7fb520438bb4f17cbf6c9b9e6ebef7938342aa2df694fe,0x26a19ddc2ed55c40fb8bbb487a5e35e680624c166c65eb1a17b4c49f7b963cf4
theo_n,16,467,false,9,13,onchain,500,463,48.958400,1408.840100,1162.916000,1211.874400,6.138500,true,4224,4352,0x098b50423eb1b80e5a7fb520438bb4f17cbf6c9b9e6ebef7938342aa2df694fe,0x25ef2285374d0d2fb8f352c90602ea21678ab56bfa198771d120d845fd403499
theo_n,16,468,false,9,13,onchain,500,464,68.994700,1408.840100,1160.315600,1229.310300,6.496800,true,4224,4352,0x098b50423eb1b80e5a7fb520438bb4f17cbf6c9b9e6ebef7938342aa2df694fe,0x2deef529266e39c647c7f8aa57f1736e372c78d3a0c62c5890613454a7c5fba8
theo_n,16,469,false,9,13,onchain,500,465,64.431400,1408.840100,1113.612500,1178.043900,6.732100,true,4224,4352,0x098b50423eb1b80e5a7fb520438bb4f17cbf6c9b9e6ebef7938342aa2df694fe,0x17e4d436a99114d9778510c1ad0db88c4c9e6d9ff265191a17aec8c9bdc35b0d
theo_n,16,470,false,9,13,onchain,500,466,66.915900,1408.840100,1150.877200,1217.793100,5.837700,true,4224,4352,0x098b50423eb1b80e5a7fb520438bb4f17cbf6c9b9e6ebef7938342aa2df694fe,0x194895cb66b9d54f2220b208f6d8dfdc02547c4c64f4b73bd9fbf42e3df5bce9
theo_n,16,471,false,9,13,onchain,500,467,59.992800,1408.840100,1155.348200,1215.341000,6.003600,true,4224,4352,0x098b50423eb1b80e5a7fb520438bb4f17cbf6c9b9e6ebef7938342aa2df694fe,0x17b9faa51b28b1bf98a3d3650f88426d3ec0f81fc68691e2978f685c54039bdf
theo_n,16,472,false,9,13,onchain,500,468,63.587800,1408.840100,1153.418600,1217.006400,6.216100,true,4224,4352,0x098b50423eb1b80e5a7fb520438bb4f17cbf6c9b9e6ebef7938342aa2df694fe,0x03557e9b7fef581c5a714eec6689e6db4162f91f8d460ae5dcca16d3b3f9e352
theo_n,16,473,false,9,13,onchain,500,469,63.819700,1408.840100,1137.741700,1201.561400,6.093100,true,4224,4352,0x098b50423eb1b80e5a7fb520438bb4f17cbf6c9b9e6ebef7938342aa2df694fe,0x2c3214b8c0e8434fb6524fb4ff11e4e800a00966657e18a5d88267ae5f781abf
theo_n,16,474,false,9,13,onchain,500,470,61.272600,1408.840100,1178.368700,1239.641300,6.318000,true,4224,4352,0x098b50423eb1b80e5a7fb520438bb4f17cbf6c9b9e6ebef7938342aa2df694fe,0x0642a894943cd70151604e637ce6b256aef63733dc5c514325eabd85b7873425
theo_n,16,475,false,9,13,onchain,500,471,57.140400,1408.840100,1159.710900,1216.851300,6.610500,true,4224,4352,0x098b50423eb1b80e5a7fb520438bb4f17cbf6c9b9e6ebef7938342aa2df694fe,0x18552a6e21eecc017d45a61ec84e6f6dafafd85e5f3a8a1b69f6d52891467353
theo_n,16,476,false,9,13,onchain,500,472,53.309700,1408.840100,1123.765400,1177.075100,6.339900,true,4224,4352,0x098b50423eb1b80e5a7fb520438bb4f17cbf6c9b9e6ebef7938342aa2df694fe,0x09d6031cbe83e6b6daf712c57cef8f8a00092aaa20ee245268c6261746fb3e6d
theo_n,16,477,false,9,13,onchain,500,473,47.214300,1408.840100,1167.603900,1214.818200,7.095100,true,4224,4352,0x098b50423eb1b80e5a7fb520438bb4f17cbf6c9b9e6ebef7938342aa2df694fe,0x1d2e7002b581918e7f17fd4c88eaa1e2816dd4fceb92b04c7f1dee4714df076c
theo_n,16,478,false,9,13,onchain,500,474,72.301500,1408.840100,1141.605000,1213.906500,6.580000,true,4224,4352,0x098b50423eb1b80e5a7fb520438bb4f17cbf6c9b9e6ebef7938342aa2df694fe,0x106c70cbd048ff8d859a8c2a2ac67e23ea74f80b5e9723d541592f72a9be6164
theo_n,16,479,false,9,13,onchain,500,475,64.075500,1408.840100,1166.070200,1230.145700,6.131800,true,4224,4352,0x098b50423eb1b80e5a7fb520438bb4f17cbf6c9b9e6ebef7938342aa2df694fe,0x18f841147423b43a4e24f734b60a18649d2e49861e1471f1293b599ddadb5b4f
theo_n,16,480,false,9,13,onchain,500,476,51.391200,1408.840100,1153.490800,1204.882000,5.662200,true,4224,4352,0x098b50423eb1b80e5a7fb520438bb4f17cbf6c9b9e6ebef7938342aa2df694fe,0x181f47596bdada82053dbd519feadb3e1decced847c3ebee5da8062170b7a1fd
theo_n,16,481,false,9,13,onchain,500,477,61.129600,1408.840100,1161.188200,1222.317800,6.581200,true,4224,4352,0x098b50423eb1b80e5a7fb520438bb4f17cbf6c9b9e6ebef7938342aa2df694fe,0x19d72b93da5f25751ed0e6f5181858631c5863ceb85e9b062ae3f523c50c3823
theo_n,16,482,false,9,13,onchain,500,478,59.927000,1408.840100,1148.955700,1208.882700,6.486600,true,4224,4352,0x098b50423eb1b80e5a7fb520438bb4f17cbf6c9b9e6ebef7938342aa2df694fe,0x08b9371a31a7f0b2166783304eb3dda67b5455dab4f641d34af9e809ae17f981
theo_n,16,483,false,9,13,onchain,500,479,59.411800,1408.840100,1144.346700,1203.758500,6.131900,true,4224,4352,0x098b50423eb1b80e5a7fb520438bb4f17cbf6c9b9e6ebef7938342aa2df694fe,0x10acd05e15df221672ec5e25ee7ec5383df40f6a96e4be200f349008ee830ed2
theo_n,16,484,false,9,13,onchain,500,480,70.113000,1408.840100,1206.780400,1276.893400,6.211900,true,4224,4352,0x098b50423eb1b80e5a7fb520438bb4f17cbf6c9b9e6ebef7938342aa2df694fe,0x3012161f3b161556cf3aa88c4d04f0e9cec22c97b7b8e848d5c7178f3e9b74fd
theo_n,16,485,false,9,13,onchain,500,481,62.832400,1408.840100,1154.320400,1217.152800,6.428000,true,4224,4352,0x098b50423eb1b80e5a7fb520438bb4f17cbf6c9b9e6ebef7938342aa2df694fe,0x21472178fbf204e629d62a47c15eef10a81ccebaf9f644bd9e4e46c54d340a59
theo_n,16,486,false,9,13,onchain,500,482,66.947500,1408.840100,1145.618300,1212.565800,6.418000,true,4224,4352,0x098b50423eb1b80e5a7fb520438bb4f17cbf6c9b9e6ebef7938342aa2df694fe,0x1cc81977f75add8f0fa8ffdf8e8d9dd6dc1ad4006181c677d57a5e41157e77c1
theo_n,16,487,false,9,13,onchain,500,483,50.184100,1408.840100,1154.719800,1204.903900,5.940300,true,4224,4352,0x098b50423eb1b80e5a7fb520438bb4f17cbf6c9b9e6ebef7938342aa2df694fe,0x133f3b027ddf242d1e004142a313c84f951891b964cda34421c8e2199d1420c0
theo_n,16,488,false,9,13,onchain,500,484,62.802200,1408.840100,1160.335900,1223.138100,5.874100,true,4224,4352,0x098b50423eb1b80e5a7fb520438bb4f17cbf6c9b9e6ebef7938342aa2df694fe,0x03c9185fd1372f0e37b4bf9a3f3dd2063edca06487f626d6d85fd838ad3008ca
theo_n,16,489,false,9,13,onchain,500,485,59.469800,1408.840100,1138.315600,1197.785400,7.372900,true,4224,4352,0x098b50423eb1b80e5a7fb520438bb4f17cbf6c9b9e6ebef7938342aa2df694fe,0x25e0e7e38fef95e132acd28d6c482e384298692bcd6d0473d4a5e7270f432fb0
theo_n,16,490,false,9,13,onchain,500,486,66.046900,1408.840100,1179.706700,1245.753600,6.359700,true,4224,4352,0x098b50423eb1b80e5a7fb520438bb4f17cbf6c9b9e6ebef7938342aa2df694fe,0x227d5c1302a98c79262e6fe667330fa86813e3133cf5286aa5d1aa56b4d297e4
theo_n,16,491,false,9,13,onchain,500,487,65.127200,1408.840100,1154.041400,1219.168600,7.008200,true,4224,4352,0x098b50423eb1b80e5a7fb520438bb4f17cbf6c9b9e6ebef7938342aa2df694fe,0x1c00aecebc0b69341373f2e0bb29a3c24aac853fd64da87b62c5b316aeca1219
theo_n,16,492,false,9,13,onchain,500,488,65.483400,1408.840100,1153.518100,1219.001500,6.773000,true,4224,4352,0x098b50423eb1b80e5a7fb520438bb4f17cbf6c9b9e6ebef7938342aa2df694fe,0x084e8cd0f0efa2d0483d3d7c58e49fc749ef77ebb1737fe33318558c56cf3427
theo_n,16,493,false,9,13,onchain,500,489,45.103200,1408.840100,1174.493900,1219.597100,5.604400,true,4224,4352,0x098b50423eb1b80e5a7fb520438bb4f17cbf6c9b9e6ebef7938342aa2df694fe,0x0a043a7874d62ba138be2dc0842dd24ce6d289652d427bfd6f79e7c48c37b4f7
theo_n,16,494,false,9,13,onchain,500,490,65.324400,1408.840100,1148.712500,1214.036900,6.559300,true,4224,4352,0x098b50423eb1b80e5a7fb520438bb4f17cbf6c9b9e6ebef7938342aa2df694fe,0x1a89f23a47b3613d76999e01716fb21161a281ba453f95be5b6ec1a4cd2760ff
theo_n,16,495,false,9,13,onchain,500,491,66.303200,1408.840100,1141.230400,1207.533600,6.830700,true,4224,4352,0x098b50423eb1b80e5a7fb520438bb4f17cbf6c9b9e6ebef7938342aa2df694fe,0x300e9a493810956b752cdc311daa8c6888ed4496181d73e24231623198cff11e
theo_n,16,496,false,9,13,onchain,500,492,65.557700,1408.840100,1136.381100,1201.938800,6.086600,true,4224,4352,0x098b50423eb1b80e5a7fb520438bb4f17cbf6c9b9e6ebef7938342aa2df694fe,0x2e66af613bd0b308ea76ce8156c11daa75c95d3f8e0ca9d7b293c31c96014b21
theo_n,16,497,false,9,13,onchain,500,493,56.715900,1408.840100,1157.772100,1214.488000,6.947300,true,4224,4352,0x098b50423eb1b80e5a7fb520438bb4f17cbf6c9b9e6ebef7938342aa2df694fe,0x02dc77fb04fd69f7fab1957d3aba82ed08d25eac854c3dde2a9cade544679e2b
theo_n,16,498,false,9,13,onchain,500,494,65.913900,1408.840100,1157.117100,1223.031000,7.046900,true,4224,4352,0x098b50423eb1b80e5a7fb520438bb4f17cbf6c9b9e6ebef7938342aa2df694fe,0x228653279e7e7b00992306c5edc1435c1091f5e23990f9d8e3779fd1aa32a8de
theo_n,16,499,false,9,13,onchain,500,495,60.391900,1408.840100,1144.699600,1205.091500,6.752000,true,4224,4352,0x098b50423eb1b80e5a7fb520438bb4f17cbf6c9b9e6ebef7938342aa2df694fe,0x230a0a415e1e60f6e218a20cd575f16422d11c814813bb0c4546415a14659006
theo_n,16,500,false,9,13,onchain,500,496,67.229900,1408.840100,1148.640400,1215.870300,5.855900,true,4224,4352,0x098b50423eb1b80e5a7fb520438bb4f17cbf6c9b9e6ebef7938342aa2df694fe,0x0975721ab977e0a4a2d19fc776c1a4212a6d048f5a988aa06d9d108845b40913
theo_n,16,501,false,9,13,onchain,500,497,64.203500,1408.840100,1141.756600,1205.960100,6.716300,true,4224,4352,0x098b50423eb1b80e5a7fb520438bb4f17cbf6c9b9e6ebef7938342aa2df694fe,0x1277fe6d922e86999f40ca4cb0a82e4bbb03db29f014e42a63da54bd386146f0
theo_n,16,502,false,9,13,onchain,500,498,66.321100,1408.840100,1167.882600,1234.203700,5.335300,true,4224,4352,0x098b50423eb1b80e5a7fb520438bb4f17cbf6c9b9e6ebef7938342aa2df694fe,0x0113f1fb5a35006448b95b51265b86f399805050c99ce68c7e92a1106394a4ee
theo_n,16,503,false,9,13,onchain,500,499,65.161200,1408.840100,1147.355900,1212.517100,6.939500,true,4224,4352,0x098b50423eb1b80e5a7fb520438bb4f17cbf6c9b9e6ebef7938342aa2df694fe,0x0c0e1ce676ffd8704c6db547c1f554636c17d9d3da8dfce0b63543dfae4b1d6c
