thi_nghiem,run_id,iteration,warmup,d,k,mechanism,n,student_index,witness_ms,setup_ms,prove_ms,proof_generation_ms,verify_native_ms,verified,proof_bytes,calldata_bytes,root,nullifier,verify_setup_ms
theo_n,11,1,true,9,9,offchain,500,0,0.974900,100.037300,163.891500,164.866400,6.271900,true,3104,,0x2fe6349b77f8b704a4b6fda6a67fa440bb1a7ac8a5722ef77d23ee9340b379ca,0x31cce6578fc40150881c61af3263887000159f168b78eb0c1c67322a114def10,80.374300
theo_n,11,2,true,9,9,offchain,500,1,1.238700,111.339900,186.004200,187.242900,6.697200,true,3104,,0x2fe6349b77f8b704a4b6fda6a67fa440bb1a7ac8a5722ef77d23ee9340b379ca,0x06b149a846c21e833d5cd6933d03540005608217faf9b22fe873f8c17f865e8c,90.723600
theo_n,11,3,true,9,9,offchain,500,2,1.671600,117.337400,194.256300,195.927900,7.164500,true,3104,,0x2fe6349b77f8b704a4b6fda6a67fa440bb1a7ac8a5722ef77d23ee9340b379ca,0x1d06a3d96bc0fee0182a90672cc093d7b090bd77f3f3308c9126cfb07e55ad1e,90.871300
theo_n,11,4,false,9,9,offchain,500,0,1.329600,122.620400,259.855900,261.185500,7.959800,true,3104,,0x2fe6349b77f8b704a4b6fda6a67fa440bb1a7ac8a5722ef77d23ee9340b379ca,0x31cce6578fc40150881c61af3263887000159f168b78eb0c1c67322a114def10,99.452700
theo_n,11,5,false,9,9,offchain,500,1,1.389100,126.475400,203.503000,204.892100,7.348900,true,3104,,0x2fe6349b77f8b704a4b6fda6a67fa440bb1a7ac8a5722ef77d23ee9340b379ca,0x06b149a846c21e833d5cd6933d03540005608217faf9b22fe873f8c17f865e8c,93.500300
theo_n,11,6,false,9,9,offchain,500,2,1.405100,124.702000,200.485000,201.890100,7.310600,true,3104,,0x2fe6349b77f8b704a4b6fda6a67fa440bb1a7ac8a5722ef77d23ee9340b379ca,0x1d06a3d96bc0fee0182a90672cc093d7b090bd77f3f3308c9126cfb07e55ad1e,94.881400
theo_n,11,7,false,9,9,offchain,500,3,1.357800,120.947200,208.265400,209.623200,7.248200,true,3104,,0x2fe6349b77f8b704a4b6fda6a67fa440bb1a7ac8a5722ef77d23ee9340b379ca,0x2ee3eca2a8acabb5247f13a7dc5bb5745525229c9b0fb6af8461f8add9d6ea42,95.448400
theo_n,11,8,false,9,9,offchain,500,4,1.459300,126.308000,202.939500,204.398800,7.154800,true,3104,,0x2fe6349b77f8b704a4b6fda6a67fa440bb1a7ac8a5722ef77d23ee9340b379ca,0x23abcf4c24d8f5eaa25ebedbbad6a842ea7c9839a4809e5f07c904d2874949da,93.335300
theo_n,11,9,false,9,9,offchain,500,5,1.361200,125.155800,201.492300,202.853500,6.935200,true,3104,,0x2fe6349b77f8b704a4b6fda6a67fa440bb1a7ac8a5722ef77d23ee9340b379ca,0x053f995315ef14fd41321d4c26fc6e4a11eebe9847b131f33160a845efab237a,92.330200
theo_n,11,10,false,9,9,offchain,500,6,1.345200,123.474300,201.057800,202.403000,6.950400,true,3104,,0x2fe6349b77f8b704a4b6fda6a67fa440bb1a7ac8a5722ef77d23ee9340b379ca,0x2253bb49377756b6e039255c2e07e59ebdb5e721de9034b6084a4f646823fb04,92.781700
theo_n,11,11,false,9,9,offchain,500,7,1.355000,122.432400,197.801500,199.156500,7.011600,true,3104,,0x2fe6349b77f8b704a4b6fda6a67fa440bb1a7ac8a5722ef77d23ee9340b379ca,0x30a7f45e66796c0bb5e756de164a7408361c1113a9c271d837fc45b7dcd6f659,93.006500
theo_n,11,12,false,9,9,offchain,500,8,1.982800,122.249700,198.108600,200.091400,6.997600,true,3104,,0x2fe6349b77f8b704a4b6fda6a67fa440bb1a7ac8a5722ef77d23ee9340b379ca,0x2cd86dce870ffb93e493637ae0ebc4d227e78de147374955ca7c805d2bd92dbb,91.795700
theo_n,11,13,false,9,9,offchain,500,9,1.380100,122.427400,201.076400,202.456500,7.122500,true,3104,,0x2fe6349b77f8b704a4b6fda6a67fa440bb1a7ac8a5722ef77d23ee9340b379ca,0x0bb7e3ce2eb37533b72c200e6c6614cb93c18b171631c1ef120a8fd150f2cb13,93.478900
theo_n,11,14,false,9,9,offchain,500,10,1.403100,123.822900,200.266200,201.669300,7.009100,true,3104,,0x2fe6349b77f8b704a4b6fda6a67fa440bb1a7ac8a5722ef77d23ee9340b379ca,0x2ddef6234d7e6f2ddbb3ed21a00be7589b7bbf5606b92dcf2b04f4b5bccd4fec,93.063500
theo_n,11,15,false,9,9,offchain,500,11,1.431800,122.229300,203.031400,204.463200,6.876400,true,3104,,0x2fe6349b77f8b704a4b6fda6a67fa440bb1a7ac8a5722ef77d23ee9340b379ca,0x3ada3ac697494a8c8f48fd81b4d30c407e5b76c201c8434db157d8b726837548,94.593600
theo_n,11,16,false,9,9,offchain,500,12,1.371800,122.142600,200.233500,201.605300,7.143000,true,3104,,0x2fe6349b77f8b704a4b6fda6a67fa440bb1a7ac8a5722ef77d23ee9340b379ca,0x2b1d692090d6ea4a2e3a8e5433f88d3c74ba86937bbe64f14872631fa739b53f,97.055900
theo_n,11,17,false,9,9,offchain,500,13,1.342100,121.947900,261.351600,262.693700,7.230600,true,3104,,0x2fe6349b77f8b704a4b6fda6a67fa440bb1a7ac8a5722ef77d23ee9340b379ca,0x184e5193d7aeddeb42bdf7d177255cdc1408f8df7aca9b1c91f801f0b916b0d6,96.107700
theo_n,11,18,false,9,9,offchain,500,14,1.326800,127.045000,201.533800,202.860600,7.311700,true,3104,,0x2fe6349b77f8b704a4b6fda6a67fa440bb1a7ac8a5722ef77d23ee9340b379ca,0x1058edf090bdc3434d5a8d0aaae59d1679f4ab8018a6c9def311908fe8a3ea79,97.427000
theo_n,11,19,false,9,9,offchain,500,15,1.464700,126.202700,204.738800,206.203500,7.241800,true,3104,,0x2fe6349b77f8b704a4b6fda6a67fa440bb1a7ac8a5722ef77d23ee9340b379ca,0x3b72a670b9b3a3ef60168831693d1465b1b6f88669ba7f1c47c43c4fe8b69559,97.365000
theo_n,11,20,false,9,9,offchain,500,16,1.494000,123.662700,200.161800,201.655800,7.113900,true,3104,,0x2fe6349b77f8b704a4b6fda6a67fa440bb1a7ac8a5722ef77d23ee9340b379ca,0x26790d62c5185858bb332e4f92f692c84b23c6be4b30b5a66dce2e37e083442b,95.862100
theo_n,11,21,false,9,9,offchain,500,17,1.897600,121.936700,197.852400,199.750000,6.795400,true,3104,,0x2fe6349b77f8b704a4b6fda6a67fa440bb1a7ac8a5722ef77d23ee9340b379ca,0x0238145a7cd2114ded0673cf7b04a8dcef4690c839f508dd14cb073e332ab139,92.070800
theo_n,11,22,false,9,9,offchain,500,18,1.312200,126.273500,198.733700,200.045900,7.068100,true,3104,,0x2fe6349b77f8b704a4b6fda6a67fa440bb1a7ac8a5722ef77d23ee9340b379ca,0x36fc3e2add7d8d3afc785b77a54fd23964e7cb8eb494e13e9c6a887965a847cf,91.692500
theo_n,11,23,false,9,9,offchain,500,19,1.460000,122.136900,197.795200,199.255200,6.878400,true,3104,,0x2fe6349b77f8b704a4b6fda6a67fa440bb1a7ac8a5722ef77d23ee9340b379ca,0x3cab613111c672bcddd2485adbf14ab6c8aec112b50ea0005aa159b8d973387b,92.285900
theo_n,11,24,false,9,9,offchain,500,20,1.398500,122.605800,199.072500,200.471000,7.588200,true,3104,,0x2fe6349b77f8b704a4b6fda6a67fa440bb1a7ac8a5722ef77d23ee9340b379ca,0x0f5ba5eafbd37105956aad8ad60c718f4f0f8c32793fa14d010ec4a8efd5896c,101.699500
theo_n,11,25,false,9,9,offchain,500,21,1.365300,122.786800,199.642300,201.007600,6.982700,true,3104,,0x2fe6349b77f8b704a4b6fda6a67fa440bb1a7ac8a5722ef77d23ee9340b379ca,0x345865de75a078c2601df5bf7b8ac01ddc913428ad55c6842fd239d9c1bb2bee,96.440900
theo_n,11,26,false,9,9,offchain,500,22,1.355200,122.304900,202.709100,204.064300,6.964100,true,3104,,0x2fe6349b77f8b704a4b6fda6a67fa440bb1a7ac8a5722ef77d23ee9340b379ca,0x381949a023bad7dd72b836139501a18bde8117197414fc26e1861c5833221a06,93.253200
theo_n,11,27,false,9,9,offchain,500,23,1.393500,123.250600,198.308500,199.702000,7.022400,true,3104,,0x2fe6349b77f8b704a4b6fda6a67fa440bb1a7ac8a5722ef77d23ee9340b379ca,0x36c9f307ec5cae6c551dbd4ee41275b93d6012c1496b7b824b693747101e4649,91.445600
theo_n,11,28,false,9,9,offchain,500,24,1.780400,122.923000,204.791000,206.571400,7.024800,true,3104,,0x2fe6349b77f8b704a4b6fda6a67fa440bb1a7ac8a5722ef77d23ee9340b379ca,0x0e4fa672364ff8d28d324fa63f54a5c0af0eb28a17068e9ff96618692a930a1f,92.707000
theo_n,11,29,false,9,9,offchain,500,25,1.354600,121.237600,202.335000,203.689600,6.960500,true,3104,,0x2fe6349b77f8b704a4b6fda6a67fa440bb1a7ac8a5722ef77d23ee9340b379ca,0x1d296167df1398272a65c2152fa42bac6f090a91ea2ef72b15701ec5c4e7351d,93.259700
theo_n,11,30,false,9,9,offchain,500,26,1.362900,121.300200,204.877200,206.240100,7.285300,true,3104,,0x2fe6349b77f8b704a4b6fda6a67fa440bb1a7ac8a5722ef77d23ee9340b379ca,0x158799b447546c84c9076c82c385cdacf0e2ce1ba4d011ac2f9b9cca4abbe22b,93.915100
theo_n,11,31,false,9,9,offchain,500,27,1.493900,180.060000,206.793200,208.287100,8.013000,true,3104,,0x2fe6349b77f8b704a4b6fda6a67fa440bb1a7ac8a5722ef77d23ee9340b379ca,0x3d6b035fd78b94d7dc88fa276f05bef4a4cb011ff779ffface9f0ef9dff9ef49,102.173800
theo_n,11,32,false,9,9,offchain,500,28,1.470200,127.491400,214.710300,216.180500,6.859500,true,3104,,0x2fe6349b77f8b704a4b6fda6a67fa440bb1a7ac8a5722ef77d23ee9340b379ca,0x1081e5213854c477ad9b853775007aac6aa3572c9092f3d51ef4069d592bf93d,92.773900
theo_n,11,33,false,9,9,offchain,500,29,1.382800,120.330500,199.197900,200.580700,7.010700,true,3104,,0x2fe6349b77f8b704a4b6fda6a67fa440bb1a7ac8a5722ef77d23ee9340b379ca,0x3265c24e296401ba9bb56bba84a98f7974893fb4ba831c612c6aee4f8e36b5ba,93.100900
theo_n,11,34,false,9,9,offchain,500,30,1.346400,121.897800,200.090300,201.436700,6.993800,true,3104,,0x2fe6349b77f8b704a4b6fda6a67fa440bb1a7ac8a5722ef77d23ee9340b379ca,0x37a34c44838bbc5fb890e04ebc426a8b9e08b427b297c08c0aabe144b3adcf0c,92.316700
theo_n,11,35,false,9,9,offchain,500,31,1.487500,121.031700,196.989800,198.477300,7.058700,true,3104,,0x2fe6349b77f8b704a4b6fda6a67fa440bb1a7ac8a5722ef77d23ee9340b379ca,0x15f9e59991adcbfb9befc7df4a64145357c0258a75825b8d54edb79a3876ae09,92.752600
theo_n,11,36,false,9,9,offchain,500,32,1.356400,121.915100,197.281400,198.637800,7.111600,true,3104,,0x2fe6349b77f8b704a4b6fda6a67fa440bb1a7ac8a5722ef77d23ee9340b379ca,0x2a09e0c9376ab1887e8ed9bdda26a27447b81b76c47152c2d50104fc5626ecc3,91.670000
theo_n,11,37,false,9,9,offchain,500,33,1.355100,121.008100,197.791300,199.146400,6.959200,true,3104,,0x2fe6349b77f8b704a4b6fda6a67fa440bb1a7ac8a5722ef77d23ee9340b379ca,0x2a9f0a9dfefd0b687425dbc05c820a0f13332e787844dda043d22dd10df498a6,92.991900
theo_n,11,38,false,9,9,offchain,500,34,1.341800,121.186400,197.407300,198.749100,6.932900,true,3104,,0x2fe6349b77f8b704a4b6fda6a67fa440bb1a7ac8a5722ef77d23ee9340b379ca,0x09e02495203c5b1835b1ad1db270049b8a4119702d53dd5886a235a5996bb099,96.639800
theo_n,11,39,false,9,9,offchain,500,35,1.397500,120.435400,197.218200,198.615700,7.236600,true,3104,,0x2fe6349b77f8b704a4b6fda6a67fa440bb1a7ac8a5722ef77d23ee9340b379ca,0x15b24bdd1b4b0a5fc499fc6c2dac6f90ccd9b28ef26c850a65e3f88b5c06ccec,92.952200
theo_n,11,40,false,9,9,offchain,500,36,1.731900,121.347200,205.091400,206.823300,7.153300,true,3104,,0x2fe6349b77f8b704a4b6fda6a67fa440bb1a7ac8a5722ef77d23ee9340b379ca,0x137e941e9cc4e3016c6985e12467691777c8c4a841527789f6bd0dec5f565c59,94.737000
theo_n,11,41,false,9,9,offchain,500,37,1.498200,124.966700,204.923800,206.422000,7.067000,true,3104,,0x2fe6349b77f8b704a4b6fda6a67fa440bb1a7ac8a5722ef77d23ee9340b379ca,0x10cadd1521fa6c0179e0ee11c59d94bc5304a9bba12cff518811447f7919e2cf,98.518300
theo_n,11,42,false,9,9,offchain,500,38,1.430800,121.915600,215.423900,216.854700,6.914100,true,3104,,0x2fe6349b77f8b704a4b6fda6a67fa440bb1a7ac8a5722ef77d23ee9340b379ca,0x1ad7e7d5b9ef8cfc0e8304ce037203d2aa80e2e3fcc45eac7c2a356351250524,92.901000
theo_n,11,43,false,9,9,offchain,500,39,1.318300,121.946600,200.212000,201.530300,6.946000,true,3104,,0x2fe6349b77f8b704a4b6fda6a67fa440bb1a7ac8a5722ef77d23ee9340b379ca,0x36fe2e9f819dd0e65c674f1dee54da6f9c1a176a655df186b096a3562d852a5d,95.599800
theo_n,11,44,false,9,9,offchain,500,40,1.357100,121.311400,197.376900,198.734000,6.988200,true,3104,,0x2fe6349b77f8b704a4b6fda6a67fa440bb1a7ac8a5722ef77d23ee9340b379ca,0x097e34dde40b4321dd80c99af3ef8422ec3a73656e53dc07dbf162c1a7990a32,94.401300
theo_n,11,45,false,9,9,offchain,500,41,1.372400,170.211400,201.632000,203.004400,6.940600,true,3104,,0x2fe6349b77f8b704a4b6fda6a67fa440bb1a7ac8a5722ef77d23ee9340b379ca,0x2ca71bcca7bed8690446f6f35eb9fd301a721d2284d5a81310cbc89bc807c08e,94.962000
theo_n,11,46,false,9,9,offchain,500,42,1.347700,122.000400,198.779900,200.127600,6.979400,true,3104,,0x2fe6349b77f8b704a4b6fda6a67fa440bb1a7ac8a5722ef77d23ee9340b379ca,0x0eb7c2b13f35ce06c28ef680f6c4cfc8e527cd2cdca83ba49d331a8e5a1a2030,96.071700
theo_n,11,47,false,9,9,offchain,500,43,1.479200,122.858800,201.034200,202.513400,7.009800,true,3104,,0x2fe6349b77f8b704a4b6fda6a67fa440bb1a7ac8a5722ef77d23ee9340b379ca,0x34889aed5c7b552ca8c00a9c6ba49700ffd03085af8904500901bc4b08b58faf,93.095100
theo_n,11,48,false,9,9,offchain,500,44,1.417600,124.270500,204.494500,205.912100,7.190400,true,3104,,0x2fe6349b77f8b704a4b6fda6a67fa440bb1a7ac8a5722ef77d23ee9340b379ca,0x208406b0c74f9fd5c45c8ba2ee4f58074a9b3e8b67ad550e8c80895095d21eed,94.152500
theo_n,11,49,false,9,9,offchain,500,45,1.424400,123.276200,195.429500,196.853900,7.112800,true,3104,,0x2fe6349b77f8b704a4b6fda6a67fa440bb1a7ac8a5722ef77d23ee9340b379ca,0x1e6ba2529c1c51cd0ab99d61e03b52081a2b2f765f142557f0afeda0cff80314,91.896600
theo_n,11,50,false,9,9,offchain,500,46,1.318700,124.761700,215.300800,216.619500,7.474700,true,3104,,0x2fe6349b77f8b704a4b6fda6a67fa440bb1a7ac8a5722ef77d23ee9340b379ca,0x24f94e7f98d781cdf3066c1516e1288f985404d2f474d2be5266774f759c0039,97.932700
theo_n,11,51,false,9,9,offchain,500,47,1.462000,128.048400,201.690700,203.152700,6.874500,true,3104,,0x2fe6349b77f8b704a4b6fda6a67fa440bb1a7ac8a5722ef77d23ee9340b379ca,0x2bc29b9bb94e111d25dae872bbe9a152f2932fe5c2dcfe7eb4589c3e284bc396,92.190500
theo_n,11,52,false,9,9,offchain,500,48,1.466700,121.357500,200.768200,202.234900,7.172100,true,3104,,0x2fe6349b77f8b704a4b6fda6a67fa440bb1a7ac8a5722ef77d23ee9340b379ca,0x3f2c363255bd9ac2db73cd3a02d9edfe2fceaea459f1eae54a9417e23c73fada,94.765300
theo_n,11,53,false,9,9,offchain,500,49,1.403300,123.743300,200.516100,201.919400,7.017300,true,3104,,0x2fe6349b77f8b704a4b6fda6a67fa440bb1a7ac8a5722ef77d23ee9340b379ca,0x105b181bd6e1bf4ae344f18d215e64d69671f3453c5ff6e536444dcede6f7a8f,98.147000
theo_n,11,54,false,9,9,offchain,500,50,1.366700,122.746300,203.268300,204.635000,7.373200,true,3104,,0x2fe6349b77f8b704a4b6fda6a67fa440bb1a7ac8a5722ef77d23ee9340b379ca,0x367a05d4576bf040770a0dfac5509fa5d77a62782c579bdada5981fe12efaa67,95.974900
theo_n,11,55,false,9,9,offchain,500,51,1.352500,123.349400,201.245200,202.597700,6.866900,true,3104,,0x2fe6349b77f8b704a4b6fda6a67fa440bb1a7ac8a5722ef77d23ee9340b379ca,0x1112593ea96c064743ef0a2c5d82b857ff41e53ace5b4abe93b2df0e5fb58a59,92.051800
theo_n,11,56,false,9,9,offchain,500,52,1.383000,123.724100,197.759600,199.142600,6.964000,true,3104,,0x2fe6349b77f8b704a4b6fda6a67fa440bb1a7ac8a5722ef77d23ee9340b379ca,0x31b370304c7cff2f4a2864357ffd01bf85f723635ccd35fc4c428b4890f47af1,93.465200
theo_n,11,57,false,9,9,offchain,500,53,1.376300,123.350200,199.727300,201.103600,6.842800,true,3104,,0x2fe6349b77f8b704a4b6fda6a67fa440bb1a7ac8a5722ef77d23ee9340b379ca,0x3d3025827bdc7c1a4cbd2fa980467237f17ab492d307245233a87b8a643f14ab,94.837100
theo_n,11,58,false,9,9,offchain,500,54,1.420700,122.248600,199.081300,200.502000,20.498000,true,3104,,0x2fe6349b77f8b704a4b6fda6a67fa440bb1a7ac8a5722ef77d23ee9340b379ca,0x34d7867c81d1e736bb70575120a00d08e4553a45a5a5e8213e3ed3d5a862f77a,127.300500
theo_n,11,59,false,9,9,offchain,500,55,1.634700,123.628000,202.028300,203.663000,8.051500,true,3104,,0x2fe6349b77f8b704a4b6fda6a67fa440bb1a7ac8a5722ef77d23ee9340b379ca,0x0b7ae8d25e76a5df04d61997493591106f2d742c98bcb28761d82773bf2ab6b3,101.722600
theo_n,11,60,false,9,9,offchain,500,56,1.388100,124.073900,202.299500,203.687600,7.199500,true,3104,,0x2fe6349b77f8b704a4b6fda6a67fa440bb1a7ac8a5722ef77d23ee9340b379ca,0x356556a6e6dbcbcf708a745b17a7298946c2d98eb9c544686c018651329069f8,93.815700
theo_n,11,61,false,9,9,offchain,500,57,1.404400,123.460900,202.322300,203.726700,8.378000,true,3104,,0x2fe6349b77f8b704a4b6fda6a67fa440bb1a7ac8a5722ef77d23ee9340b379ca,0x35affd8d03feade30e8bcc85d92d5c1e1c3f07572f69a33b47602db639ddf4eb,96.677400
theo_n,11,62,false,9,9,offchain,500,58,1.587900,133.356700,205.737600,207.325500,7.255000,true,3104,,0x2fe6349b77f8b704a4b6fda6a67fa440bb1a7ac8a5722ef77d23ee9340b379ca,0x35d159d0434207d958c002bfb58c81e555036eebb77fc92f633d8e45e4138d3a,95.841700
theo_n,11,63,false,9,9,offchain,500,59,1.386900,126.206500,203.825400,205.212300,7.291300,true,3104,,0x2fe6349b77f8b704a4b6fda6a67fa440bb1a7ac8a5722ef77d23ee9340b379ca,0x33b7affbeb57a5b82b7b9d668af0c3c7fbda480046926717d3b00c571eb87be4,96.916000
theo_n,11,64,false,9,9,offchain,500,60,1.441900,125.667700,200.706500,202.148400,6.907000,true,3104,,0x2fe6349b77f8b704a4b6fda6a67fa440bb1a7ac8a5722ef77d23ee9340b379ca,0x296ae6ced3f1274fe7a3358843e0c842a75bda60b852b254b477f46d82eecc71,92.429000
theo_n,11,65,false,9,9,offchain,500,61,1.449800,122.389300,196.949700,198.399500,6.856400,true,3104,,0x2fe6349b77f8b704a4b6fda6a67fa440bb1a7ac8a5722ef77d23ee9340b379ca,0x175131215e7801d8395735d66582488a3f45cf21ca4ac3df1895dd49dca8490d,92.584400
theo_n,11,66,false,9,9,offchain,500,62,1.321900,122.069400,198.275600,199.597500,6.861500,true,3104,,0x2fe6349b77f8b704a4b6fda6a67fa440bb1a7ac8a5722ef77d23ee9340b379ca,0x3493b117c949b0c7fad43853e1a11f960ec57e40ed3fedbbe9f6ee98f440c1a2,92.467800
theo_n,11,67,false,9,9,offchain,500,63,1.379500,121.768100,197.408800,198.788300,6.921700,true,3104,,0x2fe6349b77f8b704a4b6fda6a67fa440bb1a7ac8a5722ef77d23ee9340b379ca,0x151375a0e2cab64803c0677384030f3bf8d86c80fe19936a69f563c59fab30b1,91.780500
theo_n,11,68,false,9,9,offchain,500,64,1.347200,122.525800,196.699000,198.046200,7.188100,true,3104,,0x2fe6349b77f8b704a4b6fda6a67fa440bb1a7ac8a5722ef77d23ee9340b379ca,0x30b5adb40a92895d5ed53a0eeaa9d3c785cd219d950238043d775a741b72bb2c,92.192700
theo_n,11,69,false,9,9,offchain,500,65,1.915300,125.574500,200.673500,202.588800,7.000800,true,3104,,0x2fe6349b77f8b704a4b6fda6a67fa440bb1a7ac8a5722ef77d23ee9340b379ca,0x1fc6ffb941b71d65890a8e4128804db657be13262093318e86e8b548e0617dcf,94.482200
theo_n,11,70,false,9,9,offchain,500,66,1.433300,122.476300,199.302400,200.735700,7.071200,true,3104,,0x2fe6349b77f8b704a4b6fda6a67fa440bb1a7ac8a5722ef77d23ee9340b379ca,0x1974a9d05c061a4d1440c8e3477485d22643c540777402f3ff4d1226b013dd7b,93.146500
theo_n,11,71,false,9,9,offchain,500,67,1.360300,121.974900,262.387200,263.747500,6.948600,true,3104,,0x2fe6349b77f8b704a4b6fda6a67fa440bb1a7ac8a5722ef77d23ee9340b379ca,0x236dbf65939ffa8990a49eac3c48842c8b57d7d33627159fd2f4de1b078902fb,95.831500
theo_n,11,72,false,9,9,offchain,500,68,1.779500,122.994800,200.522100,202.301600,7.168400,true,3104,,0x2fe6349b77f8b704a4b6fda6a67fa440bb1a7ac8a5722ef77d23ee9340b379ca,0x069866effa4c385eb367f3e53f17d9a75ce227086c72ae9ebb073fc645606741,93.341500
theo_n,11,73,false,9,9,offchain,500,69,1.337500,123.009700,200.044900,201.382400,7.479100,true,3104,,0x2fe6349b77f8b704a4b6fda6a67fa440bb1a7ac8a5722ef77d23ee9340b379ca,0x0c43daa5853350e5fcd53cbe3a9849e42382c8128e6dc59b4a82cd69f7f04379,93.292000
theo_n,11,74,false,9,9,offchain,500,70,1.392200,159.427600,218.471800,219.864000,7.513500,true,3104,,0x2fe6349b77f8b704a4b6fda6a67fa440bb1a7ac8a5722ef77d23ee9340b379ca,0x020d9be1a95e587f228ddbf0721bfd65be3457d210f44a88755fcf5c8c274fb9,101.166500
theo_n,11,75,false,9,9,offchain,500,71,1.447900,132.100500,204.955900,206.403800,7.252200,true,3104,,0x2fe6349b77f8b704a4b6fda6a67fa440bb1a7ac8a5722ef77d23ee9340b379ca,0x1a892e6a7dc74c42986987fd5e36d2b0742f47af2460dbf0d9fe60320a89d30c,95.453400
theo_n,11,76,false,9,9,offchain,500,72,1.902600,127.706700,204.565300,206.467900,7.045800,true,3104,,0x2fe6349b77f8b704a4b6fda6a67fa440bb1a7ac8a5722ef77d23ee9340b379ca,0x24012d177461a632d9c00545fb9834207a4f0913b93c92f9dc477d249a4f5b8b,90.835300
theo_n,11,77,false,9,9,offchain,500,73,1.397600,130.387500,199.971700,201.369300,7.129100,true,3104,,0x2fe6349b77f8b704a4b6fda6a67fa440bb1a7ac8a5722ef77d23ee9340b379ca,0x15ddc7f941eb827dc742c94242cdb4202a7531ffe2e1320abb9f2e10c4d46bba,91.653300
theo_n,11,78,false,9,9,offchain,500,74,1.362500,124.686200,218.604400,219.966900,7.794600,true,3104,,0x2fe6349b77f8b704a4b6fda6a67fa440bb1a7ac8a5722ef77d23ee9340b379ca,0x0bef9a92e07a5e21d94c0109eaaf18de8f6698543279171aea36f65fee1fe308,105.017700
theo_n,11,79,false,9,9,offchain,500,75,1.657700,131.920100,215.249000,216.906700,7.263900,true,3104,,0x2fe6349b77f8b704a4b6fda6a67fa440bb1a7ac8a5722ef77d23ee9340b379ca,0x293dbbf2e0ee6a2c3f9223b121d1a2cfd00c97f67d78970374e17dd67a1d74bc,96.428000
theo_n,11,80,false,9,9,offchain,500,76,1.442500,126.491400,207.444400,208.886900,6.920400,true,3104,,0x2fe6349b77f8b704a4b6fda6a67fa440bb1a7ac8a5722ef77d23ee9340b379ca,0x112b1e399fc3ea2c4aa6bc7984dc59c250534aaf21590b036ca8a9e49ec93728,91.867700
theo_n,11,81,false,9,9,offchain,500,77,1.384000,121.854700,198.350800,199.734800,6.889900,true,3104,,0x2fe6349b77f8b704a4b6fda6a67fa440bb1a7ac8a5722ef77d23ee9340b379ca,0x2c391d862675b985122b7bde54e8a2413c33251b7ffea59b3eecf9be7a7ab553,91.108300
theo_n,11,82,false,9,9,offchain,500,78,1.380800,121.762000,196.015000,197.395800,6.928700,true,3104,,0x2fe6349b77f8b704a4b6fda6a67fa440bb1a7ac8a5722ef77d23ee9340b379ca,0x2b063c3c5c49d33b2da3b817ec149aeae6d7a130d98f861a5ee98a2c27732ff6,92.211300
theo_n,11,83,false,9,9,offchain,500,79,1.370700,120.278400,210.795800,212.166500,7.205000,true,3104,,0x2fe6349b77f8b704a4b6fda6a67fa440bb1a7ac8a5722ef77d23ee9340b379ca,0x03a944ffedcb6bd46ba34969f9ffb92fb3a4bf32edf50f1fdbd95a6f28a4f8d5,97.459400
theo_n,11,84,false,9,9,offchain,500,80,1.414400,127.695000,206.248000,207.662400,7.387200,true,3104,,0x2fe6349b77f8b704a4b6fda6a67fa440bb1a7ac8a5722ef77d23ee9340b379ca,0x226db5137513309d4a578e1f59e1687c5f8889c53b1e62025e1a3b2ccf3a2eec,94.308500
theo_n,11,85,false,9,9,offchain,500,81,1.394700,124.143000,260.634800,262.029500,7.419100,true,3104,,0x2fe6349b77f8b704a4b6fda6a67fa440bb1a7ac8a5722ef77d23ee9340b379ca,0x2327c5299fb59360173e53531f8cfb46faae6cbd3a39b734d4ac13a79305c10c,100.653500
theo_n,11,86,false,9,9,offchain,500,82,1.462500,125.687200,203.831000,205.293500,7.327000,true,3104,,0x2fe6349b77f8b704a4b6fda6a67fa440bb1a7ac8a5722ef77d23ee9340b379ca,0x1461edaabe49fbac3d272dd17fa989d2232a197f9f33322d31517a085e7074f6,93.239000
theo_n,11,87,false,9,9,offchain,500,83,1.483200,124.209000,201.509300,202.992500,6.895900,true,3104,,0x2fe6349b77f8b704a4b6fda6a67fa440bb1a7ac8a5722ef77d23ee9340b379ca,0x036eb7ef90ea532940cdc20ddf72d9e73001492b4888e85fc17a9f09d7452fca,97.721000
theo_n,11,88,false,9,9,offchain,500,84,1.417200,122.334800,199.653100,201.070300,6.873500,true,3104,,0x2fe6349b77f8b704a4b6fda6a67fa440bb1a7ac8a5722ef77d23ee9340b379ca,0x031f5573c450699b4dded04131f53dd85bb0e4432251025023c38abb65b61e56,90.376500
theo_n,11,89,false,9,9,offchain,500,85,1.357900,119.936100,196.452500,197.810400,6.915400,true,3104,,0x2fe6349b77f8b704a4b6fda6a67fa440bb1a7ac8a5722ef77d23ee9340b379ca,0x156c7ab873f453c200252bcd74f48164369d02b50a57d9689bc723194b8b3802,92.970200
theo_n,11,90,false,9,9,offchain,500,86,1.389500,124.426000,201.815900,203.205400,7.075100,true,3104,,0x2fe6349b77f8b704a4b6fda6a67fa440bb1a7ac8a5722ef77d23ee9340b379ca,0x331138e04ece8a2e6cbb3bc5d980ffb4f9dde1068e227fdb9832b846faaeca0e,92.787400
theo_n,11,91,false,9,9,offchain,500,87,1.355800,127.121600,200.670600,202.026400,6.914000,true,3104,,0x2fe6349b77f8b704a4b6fda6a67fa440bb1a7ac8a5722ef77d23ee9340b379ca,0x089d1aa1c2473d25b78af6935dcb93bd07aebbac0257d4d611f18fb5f545beeb,94.414000
theo_n,11,92,false,9,9,offchain,500,88,1.717000,121.889500,198.256400,199.973400,7.010000,true,3104,,0x2fe6349b77f8b704a4b6fda6a67fa440bb1a7ac8a5722ef77d23ee9340b379ca,0x1e93ea44a887f2e8fd076e0c7713ae9d34036e5aee4404a35e4b44acd32346c5,92.451300
theo_n,11,93,false,9,9,offchain,500,89,1.401300,122.830700,199.360300,200.761600,6.870900,true,3104,,0x2fe6349b77f8b704a4b6fda6a67fa440bb1a7ac8a5722ef77d23ee9340b379ca,0x1e123929cf2884f04173384ef96a723d1629eafc520534c33d5c33cbc548d4e0,93.463400
theo_n,11,94,false,9,9,offchain,500,90,1.307300,124.769900,216.693600,218.000900,7.324600,true,3104,,0x2fe6349b77f8b704a4b6fda6a67fa440bb1a7ac8a5722ef77d23ee9340b379ca,0x07e2ce03aef8e0a6f9039888b6581209d9b4511b0045717f795cd28f3fae8498,93.650700
theo_n,11,95,false,9,9,offchain,500,91,1.469200,124.650000,205.161600,206.630800,7.245000,true,3104,,0x2fe6349b77f8b704a4b6fda6a67fa440bb1a7ac8a5722ef77d23ee9340b379ca,0x22742fe979ce969d4cdb11f8076cc0152138d594231440b7590a9792caa27ff7,95.504100
theo_n,11,96,false,9,9,offchain,500,92,1.379400,123.435900,201.633900,203.013300,6.922000,true,3104,,0x2fe6349b77f8b704a4b6fda6a67fa440bb1a7ac8a5722ef77d23ee9340b379ca,0x2c9d50760aaf6391e556a5ba1c0804e54a3fda00913318e43a266220c37eb935,92.693300
theo_n,11,97,false,9,9,offchain,500,93,1.347200,124.148700,198.857600,200.204800,6.961700,true,3104,,0x2fe6349b77f8b704a4b6fda6a67fa440bb1a7ac8a5722ef77d23ee9340b379ca,0x3a752b4e6c05bd74df2d94939f850a55f28a17cceaae03d38743bd8ff61e3d5d,92.118100
theo_n,11,98,false,9,9,offchain,500,94,1.399400,122.873700,201.208000,202.607400,6.950000,true,3104,,0x2fe6349b77f8b704a4b6fda6a67fa440bb1a7ac8a5722ef77d23ee9340b379ca,0x3925e2a85c45e174b3dfeacf4d2c36c0b1ae3ff62b57faffa83a135bc086fce8,94.041800
theo_n,11,99,false,9,9,offchain,500,95,1.424400,121.868000,261.581700,263.006100,6.926100,true,3104,,0x2fe6349b77f8b704a4b6fda6a67fa440bb1a7ac8a5722ef77d23ee9340b379ca,0x022f8d0056933c95a43ba5b04cd9ad652953a2b5d0d3aea294037033125f5765,92.344300
theo_n,11,100,false,9,9,offchain,500,96,1.342600,122.969600,199.814900,201.157500,6.979600,true,3104,,0x2fe6349b77f8b704a4b6fda6a67fa440bb1a7ac8a5722ef77d23ee9340b379ca,0x1e9e2ade609569ab986455245dcd3a8d2cd79d70b61138c0bbd820794bef794a,94.371600
theo_n,11,101,false,9,9,offchain,500,97,1.693600,121.004400,199.191300,200.884900,6.965200,true,3104,,0x2fe6349b77f8b704a4b6fda6a67fa440bb1a7ac8a5722ef77d23ee9340b379ca,0x0ea9443dedf0f039461915c560ef0cd5202bc412a1277392db3c9b94736e19df,93.552800
theo_n,11,102,false,9,9,offchain,500,98,1.356800,122.207200,198.656700,200.013500,6.888200,true,3104,,0x2fe6349b77f8b704a4b6fda6a67fa440bb1a7ac8a5722ef77d23ee9340b379ca,0x33d4f89aea0692092e94f05f3633d908bf3138cbfc5e1524f6fdeddce4b4e37b,92.596000
theo_n,11,103,false,9,9,offchain,500,99,1.419400,122.223800,198.110200,199.529600,6.926600,true,3104,,0x2fe6349b77f8b704a4b6fda6a67fa440bb1a7ac8a5722ef77d23ee9340b379ca,0x2b4e96ee32f42f486de93dd2eb20d76741a3b2ea70a7b41595a5a54555e92a95,90.414100
theo_n,11,104,false,9,9,offchain,500,100,1.369100,121.639000,198.164300,199.533400,6.907600,true,3104,,0x2fe6349b77f8b704a4b6fda6a67fa440bb1a7ac8a5722ef77d23ee9340b379ca,0x07dd3f3c07969f48e22eaefcb1c5569a39fc4b5885b4a1a410401d462bfbb021,97.954300
theo_n,11,105,false,9,9,offchain,500,101,1.357700,123.423600,201.147400,202.505100,7.696100,true,3104,,0x2fe6349b77f8b704a4b6fda6a67fa440bb1a7ac8a5722ef77d23ee9340b379ca,0x0e7c2cec7b8eb7ce364425826dcf236c306113c8e5096126d3d3ca58007f19a9,100.505600
theo_n,11,106,false,9,9,offchain,500,102,1.470000,123.679400,202.040800,203.510800,6.812300,true,3104,,0x2fe6349b77f8b704a4b6fda6a67fa440bb1a7ac8a5722ef77d23ee9340b379ca,0x069e4120e2f7b77982127dc2138ad2c56e45d0e048c76797782b2a01372efecf,93.342800
theo_n,11,107,false,9,9,offchain,500,103,1.420000,132.596200,230.719600,232.139600,7.416600,true,3104,,0x2fe6349b77f8b704a4b6fda6a67fa440bb1a7ac8a5722ef77d23ee9340b379ca,0x1ee271b4609e05c1ab103aa937284d86c9dd1b64ab6e491e602267a604692b62,164.749400
theo_n,11,108,false,9,9,offchain,500,104,1.436200,136.681900,213.024100,214.460300,7.298000,true,3104,,0x2fe6349b77f8b704a4b6fda6a67fa440bb1a7ac8a5722ef77d23ee9340b379ca,0x18746a559176446a8ab51169501690db7490a782636c8990c5bbaea396bd0089,95.964800
theo_n,11,109,false,9,9,offchain,500,105,1.487600,124.507900,203.754000,205.241600,6.858600,true,3104,,0x2fe6349b77f8b704a4b6fda6a67fa440bb1a7ac8a5722ef77d23ee9340b379ca,0x3603939325fcca133581f5e01b0a873c4fb86ff8c8501029242d231030ae4730,94.686700
theo_n,11,110,false,9,9,offchain,500,106,1.396100,124.744500,203.891700,205.287800,6.886300,true,3104,,0x2fe6349b77f8b704a4b6fda6a67fa440bb1a7ac8a5722ef77d23ee9340b379ca,0x0309957ed4a228beae35d67e8be5072b3906f9fcf498fd7b8edd8f5cc1e90b88,92.913800
theo_n,11,111,false,9,9,offchain,500,107,1.523700,122.286400,203.883100,205.406800,8.040100,true,3104,,0x2fe6349b77f8b704a4b6fda6a67fa440bb1a7ac8a5722ef77d23ee9340b379ca,0x0e535e810973fbba586c3e7e8a4861b5d0379a483763a0b061dea657c3c82ba1,97.545500
theo_n,11,112,false,9,9,offchain,500,108,1.392000,124.534900,208.407800,209.799800,6.981000,true,3104,,0x2fe6349b77f8b704a4b6fda6a67fa440bb1a7ac8a5722ef77d23ee9340b379ca,0x2eb59862fcca804139e5e625af2d2e58ca75ea2cbe558917f84c9049f03acf89,92.860500
theo_n,11,113,false,9,9,offchain,500,109,1.407800,128.585200,211.265500,212.673300,7.006200,true,3104,,0x2fe6349b77f8b704a4b6fda6a67fa440bb1a7ac8a5722ef77d23ee9340b379ca,0x0eb03cbc9ef61500ebf9525588c063fb9b3da9023a8e98f4e422fbc8b83d21b1,98.401600
theo_n,11,114,false,9,9,offchain,500,110,1.329700,169.398600,197.219200,198.548900,7.009700,true,3104,,0x2fe6349b77f8b704a4b6fda6a67fa440bb1a7ac8a5722ef77d23ee9340b379ca,0x2ac49a4ce2066f1f950b20ddfcb22fb7b78f06ff7fc85c670eb62aa061a87187,92.697000
theo_n,11,115,false,9,9,offchain,500,111,1.323000,122.461300,202.613500,203.936500,7.133700,true,3104,,0x2fe6349b77f8b704a4b6fda6a67fa440bb1a7ac8a5722ef77d23ee9340b379ca,0x3fedb8027593a48bc73096ede0cc86b15ecc486ec6a5cce25e52762ed90b53e5,92.915600
theo_n,11,116,false,9,9,offchain,500,112,1.694200,124.969700,204.037300,205.731500,6.878900,true,3104,,0x2fe6349b77f8b704a4b6fda6a67fa440bb1a7ac8a5722ef77d23ee9340b379ca,0x048dad16b9456d602a09fa4858215cb8db44318b5e5f2cdb8c55d30b16a04ecd,94.666200
theo_n,11,117,false,9,9,offchain,500,113,1.328500,124.081800,202.331600,203.660100,6.940500,true,3104,,0x2fe6349b77f8b704a4b6fda6a67fa440bb1a7ac8a5722ef77d23ee9340b379ca,0x3a0f925adf8dcb5a9007b938d68416ada618ec3a24ccb916238a7503423eb662,92.172500
theo_n,11,118,false,9,9,offchain,500,114,1.335900,123.216500,206.038400,207.374300,7.185300,true,3104,,0x2fe6349b77f8b704a4b6fda6a67fa440bb1a7ac8a5722ef77d23ee9340b379ca,0x1f8dfb17f1ed7fd6841c4acacd125800bd853f2037fb0b9f940d34a73849f015,93.175900
theo_n,11,119,false,9,9,offchain,500,115,1.455100,124.461700,201.637100,203.092200,7.072300,true,3104,,0x2fe6349b77f8b704a4b6fda6a67fa440bb1a7ac8a5722ef77d23ee9340b379ca,0x07bb3c6e78f4931129730cc25a5ebad89b00ac25faa34a030e5bfd6731e85674,95.903600
theo_n,11,120,false,9,9,offchain,500,116,1.377700,122.231100,198.758000,200.135700,6.943300,true,3104,,0x2fe6349b77f8b704a4b6fda6a67fa440bb1a7ac8a5722ef77d23ee9340b379ca,0x0f8a51ebe6181317894fee2445b9ee879f41541327aadc9716339ddaa2011394,91.888900
theo_n,11,121,false,9,9,offchain,500,117,1.345800,121.854800,198.746600,200.092400,6.840700,true,3104,,0x2fe6349b77f8b704a4b6fda6a67fa440bb1a7ac8a5722ef77d23ee9340b379ca,0x3258a1b5cb69e9110e9233821657be6749c3bc471f62caa7965fd6bbe878a6b3,92.775000
theo_n,11,122,false,9,9,offchain,500,118,1.422700,126.385300,199.921500,201.344200,6.822000,true,3104,,0x2fe6349b77f8b704a4b6fda6a67fa440bb1a7ac8a5722ef77d23ee9340b379ca,0x0b4cf66301a979297eb4cef7143a3682226951e81dece88c104598edfa32bb85,93.885600
theo_n,11,123,false,9,9,offchain,500,119,1.457700,122.546100,200.675700,202.133400,7.075100,true,3104,,0x2fe6349b77f8b704a4b6fda6a67fa440bb1a7ac8a5722ef77d23ee9340b379ca,0x34a220c56a32ce4457faa733c28fe8ee0c8ba0a43da4c315660071848d20df18,92.113600
theo_n,11,124,false,9,9,offchain,500,120,1.368200,124.488600,199.971200,201.339400,7.260600,true,3104,,0x2fe6349b77f8b704a4b6fda6a67fa440bb1a7ac8a5722ef77d23ee9340b379ca,0x068aa72ec6c7edbcc433477b49b79c9fc5b18b94a01b5d659330c7a316f3de52,92.348500
theo_n,11,125,false,9,9,offchain,500,121,1.459100,123.849400,200.609100,202.068200,6.907200,true,3104,,0x2fe6349b77f8b704a4b6fda6a67fa440bb1a7ac8a5722ef77d23ee9340b379ca,0x05910f7ef3cccefaa26c691a704fc7c2a067f59954c37580e9918504530860f3,94.165200
theo_n,11,126,false,9,9,offchain,500,122,1.359300,122.758300,200.955000,202.314300,7.220200,true,3104,,0x2fe6349b77f8b704a4b6fda6a67fa440bb1a7ac8a5722ef77d23ee9340b379ca,0x2930049629a267aaa310ccce1d3a825b16928a8eae5424f1295da642ca91151e,92.110800
theo_n,11,127,false,9,9,offchain,500,123,1.316600,124.341000,266.778500,268.095100,7.113200,true,3104,,0x2fe6349b77f8b704a4b6fda6a67fa440bb1a7ac8a5722ef77d23ee9340b379ca,0x2867e36b12f207389b85f3a7f86ae38b2c25f5cef79359d3774eb971b87710ed,95.147800
theo_n,11,128,false,9,9,offchain,500,124,1.490700,127.406700,203.410100,204.900800,7.250800,true,3104,,0x2fe6349b77f8b704a4b6fda6a67fa440bb1a7ac8a5722ef77d23ee9340b379ca,0x21557e7edae2f2f3f591cd9dab903ca6c63f3d7fbfdf3770ed8988d5802bacc4,93.316100
theo_n,11,129,false,9,9,offchain,500,125,1.381000,129.056700,203.263900,204.644900,7.007600,true,3104,,0x2fe6349b77f8b704a4b6fda6a67fa440bb1a7ac8a5722ef77d23ee9340b379ca,0x0fde42439e029c080aebfe416b4f08e942d48d8f6d6a8d74d04bed8be3e1ed4b,92.893000
theo_n,11,130,false,9,9,offchain,500,126,1.348100,122.138900,200.772100,202.120200,6.947300,true,3104,,0x2fe6349b77f8b704a4b6fda6a67fa440bb1a7ac8a5722ef77d23ee9340b379ca,0x18c1b63ff8bbc1ea27b23ff824ecd084d481e647209ff99aa2ee13536afebf89,93.818300
theo_n,11,131,false,9,9,offchain,500,127,1.336700,122.274000,199.343300,200.680000,6.946400,true,3104,,0x2fe6349b77f8b704a4b6fda6a67fa440bb1a7ac8a5722ef77d23ee9340b379ca,0x1a79364a02b8abffda572de7da4499fa1cf6831620760579f9d0ec0961bba3a4,91.683900
theo_n,11,132,false,9,9,offchain,500,128,1.345600,121.886000,197.767100,199.112700,7.042400,true,3104,,0x2fe6349b77f8b704a4b6fda6a67fa440bb1a7ac8a5722ef77d23ee9340b379ca,0x0d1f3966fbb5632d1ddb8e1a83bed32d1e264a779841ee03a7ae4a67ea4aa1dc,92.976900
theo_n,11,133,false,9,9,offchain,500,129,1.353300,127.273900,199.408600,200.761900,7.165600,true,3104,,0x2fe6349b77f8b704a4b6fda6a67fa440bb1a7ac8a5722ef77d23ee9340b379ca,0x1516595735d5162e2a80b7eb0a22c57c57293051021f5154248f15e3e5191242,92.788400
theo_n,11,134,false,9,9,offchain,500,130,1.577900,128.727000,201.980700,203.558600,6.988400,true,3104,,0x2fe6349b77f8b704a4b6fda6a67fa440bb1a7ac8a5722ef77d23ee9340b379ca,0x2b218a7c4d1925e12f52195683b8baa6cfffe3df84bb3b7bbbc793689e7c83cf,92.570900
theo_n,11,135,false,9,9,offchain,500,131,1.338700,122.955600,202.980900,204.319600,6.938200,true,3104,,0x2fe6349b77f8b704a4b6fda6a67fa440bb1a7ac8a5722ef77d23ee9340b379ca,0x25aefaa0411f101d91baa21b0091f5694ab2599803c26962de027fc233035fe3,97.244100
theo_n,11,136,false,9,9,offchain,500,132,1.501000,122.327900,201.287300,202.788300,6.917300,true,3104,,0x2fe6349b77f8b704a4b6fda6a67fa440bb1a7ac8a5722ef77d23ee9340b379ca,0x17a70a53683d4b040c36c1fe255183f32f5dc797999a9319f4f4112c6a9a7c7e,98.180000
theo_n,11,137,false,9,9,offchain,500,133,1.361800,122.354200,199.424100,200.785900,6.901800,true,3104,,0x2fe6349b77f8b704a4b6fda6a67fa440bb1a7ac8a5722ef77d23ee9340b379ca,0x3399af32c63ecf5d04c6da4150a7cbff1075ef256625390233572dc8c51752ea,92.559600
theo_n,11,138,false,9,9,offchain,500,134,1.396400,122.515200,201.083200,202.479600,6.952800,true,3104,,0x2fe6349b77f8b704a4b6fda6a67fa440bb1a7ac8a5722ef77d23ee9340b379ca,0x2059c189bc871bf75ae46ccf0ba03b0242f2d9bf028cfd144bd09b783e6486a7,92.807000
theo_n,11,139,false,9,9,offchain,500,135,1.481100,122.525100,201.729500,203.210600,6.888800,true,3104,,0x2fe6349b77f8b704a4b6fda6a67fa440bb1a7ac8a5722ef77d23ee9340b379ca,0x01483b9f8413ba2c3770285aa5ca88003e247d038f65cf7c8e04329bd4ef9fb1,93.721000
theo_n,11,140,false,9,9,offchain,500,136,1.462100,121.727500,199.883000,201.345100,7.055900,true,3104,,0x2fe6349b77f8b704a4b6fda6a67fa440bb1a7ac8a5722ef77d23ee9340b379ca,0x3182b27c7f50b4f5591b48ea82a6812efc41aae5e762f089dcbfc44ffce137a0,96.195800
theo_n,11,141,false,9,9,offchain,500,137,1.426400,121.660500,197.216600,198.643000,7.011400,true,3104,,0x2fe6349b77f8b704a4b6fda6a67fa440bb1a7ac8a5722ef77d23ee9340b379ca,0x12b939036c5f5a6600e63b632922fc5585be477ef3b774b41eabcea9dde66bb9,94.767400
theo_n,11,142,false,9,9,offchain,500,138,1.330900,176.269300,202.527800,203.858700,6.869300,true,3104,,0x2fe6349b77f8b704a4b6fda6a67fa440bb1a7ac8a5722ef77d23ee9340b379ca,0x2c16b467a197afddb78e8a9e5831939c4dc8c1a85d9b04498c8dd859dc41ca60,91.858600
theo_n,11,143,false,9,9,offchain,500,139,1.346100,122.382000,198.271400,199.617500,7.031700,true,3104,,0x2fe6349b77f8b704a4b6fda6a67fa440bb1a7ac8a5722ef77d23ee9340b379ca,0x079b101af881ff3d804382dee9b96204698a0119a104b27bc0d7571326b7fde0,93.203000
theo_n,11,144,false,9,9,offchain,500,140,1.346500,121.366500,199.545500,200.892000,6.882000,true,3104,,0x2fe6349b77f8b704a4b6fda6a67fa440bb1a7ac8a5722ef77d23ee9340b379ca,0x19e60459517470537cdda65f9350fcb29de1d18f6de3ce2d26d063453f7a941c,93.595700
theo_n,11,145,false,9,9,offchain,500,141,1.313200,121.330300,199.412600,200.725800,7.045900,true,3104,,0x2fe6349b77f8b704a4b6fda6a67fa440bb1a7ac8a5722ef77d23ee9340b379ca,0x10eb3619499b37f4eeb5f8ce964a3da71095b68758dd7850248ab17def031631,92.877500
theo_n,11,146,false,9,9,offchain,500,142,1.423900,123.295800,200.537500,201.961400,7.181700,true,3104,,0x2fe6349b77f8b704a4b6fda6a67fa440bb1a7ac8a5722ef77d23ee9340b379ca,0x32f8601d3837a69cf0d53a7149a6ef9e290a6611a6328205091345073425a736,100.772700
theo_n,11,147,false,9,9,offchain,500,143,1.410000,124.828800,202.778000,204.188000,7.860400,true,3104,,0x2fe6349b77f8b704a4b6fda6a67fa440bb1a7ac8a5722ef77d23ee9340b379ca,0x398fc2634d5f6ca65eb333e515f35ee4c90fceb72ef92352576d5be9db50547a,106.728400
theo_n,11,148,false,9,9,offchain,500,144,1.423000,139.069000,219.017500,220.440500,7.261700,true,3104,,0x2fe6349b77f8b704a4b6fda6a67fa440bb1a7ac8a5722ef77d23ee9340b379ca,0x3e8ea1b06127b0023d665df6ed81fea19d43191da36ed477807d90072f8c1815,95.486400
theo_n,11,149,false,9,9,offchain,500,145,1.389000,126.632800,202.123200,203.512200,6.875700,true,3104,,0x2fe6349b77f8b704a4b6fda6a67fa440bb1a7ac8a5722ef77d23ee9340b379ca,0x2c50b4f04b0b926fe4c16e8f9aaa9aa8ad930e9a47866c1e50e4e68f58906bd8,93.740100
theo_n,11,150,false,9,9,offchain,500,146,1.351700,121.941300,199.833900,201.185600,6.864500,true,3104,,0x2fe6349b77f8b704a4b6fda6a67fa440bb1a7ac8a5722ef77d23ee9340b379ca,0x39a11cfc282eb588d3eb0fc40a8c7d8851fabcfad82e23c8b4cf395526b35b9d,94.933100
theo_n,11,151,false,9,9,offchain,500,147,1.404500,124.057600,200.454600,201.859100,6.906700,true,3104,,0x2fe6349b77f8b704a4b6fda6a67fa440bb1a7ac8a5722ef77d23ee9340b379ca,0x3775c61e39491aaa4e9ab624a54cd1dc6c02f169415dbcd7f46790d1a41d7959,95.138300
theo_n,11,152,false,9,9,offchain,500,148,1.379600,121.352100,196.676300,198.055900,6.769600,true,3104,,0x2fe6349b77f8b704a4b6fda6a67fa440bb1a7ac8a5722ef77d23ee9340b379ca,0x05f3478da4c9280431de1020e72a42e0a6930273bf7a93480c2dfbbbe6033d06,90.824000
theo_n,11,153,false,9,9,offchain,500,149,1.317700,122.275500,196.622100,197.939800,6.979900,true,3104,,0x2fe6349b77f8b704a4b6fda6a67fa440bb1a7ac8a5722ef77d23ee9340b379ca,0x030cce050af4b5d35d4022cbcb0373675ad6997be5109433676c856817260626,93.562900
theo_n,11,154,false,9,9,offchain,500,150,1.381000,121.688200,199.811900,201.192900,7.013600,true,3104,,0x2fe6349b77f8b704a4b6fda6a67fa440bb1a7ac8a5722ef77d23ee9340b379ca,0x111c7ea6a37c67383e91eaf03f5ab3472bcbc5bf9bbe05827503e4959341a4a1,94.786500
theo_n,11,155,false,9,9,offchain,500,151,1.437700,124.317800,203.987200,205.424900,6.891800,true,3104,,0x2fe6349b77f8b704a4b6fda6a67fa440bb1a7ac8a5722ef77d23ee9340b379ca,0x2bfee613bf81411c56d7ef0c003115e225069dab061b90e23a92b98c8ddb26f0,94.838700
theo_n,11,156,false,9,9,offchain,500,152,1.507100,177.145400,201.305800,202.812900,7.711900,true,3104,,0x2fe6349b77f8b704a4b6fda6a67fa440bb1a7ac8a5722ef77d23ee9340b379ca,0x383da1d3cf2b4eeffc1b06c810cfe86468f9bf5b7fe643f0b697fc5e1b8ab292,102.131200
theo_n,11,157,false,9,9,offchain,500,153,1.391700,125.258200,201.751100,203.142800,7.251400,true,3104,,0x2fe6349b77f8b704a4b6fda6a67fa440bb1a7ac8a5722ef77d23ee9340b379ca,0x3f2d01f65c8b8e3be93bcde41582075e16e5aeb952017f8f2da5e019d3e11bb3,93.454100
theo_n,11,158,false,9,9,offchain,500,154,1.411600,125.050700,201.617000,203.028600,7.148300,true,3104,,0x2fe6349b77f8b704a4b6fda6a67fa440bb1a7ac8a5722ef77d23ee9340b379ca,0x21380923866f671c7121d7026e7893bebc3ad0fd1eafa54a6c1ef9f7cf52785d,95.247000
theo_n,11,159,false,9,9,offchain,500,155,1.439300,125.094600,203.737900,205.177200,7.310600,true,3104,,0x2fe6349b77f8b704a4b6fda6a67fa440bb1a7ac8a5722ef77d23ee9340b379ca,0x34771d528051bff6572f82c1c48e74a8bba5258f56d6ff8bacddf42e45104d6a,93.525000
theo_n,11,160,false,9,9,offchain,500,156,1.363900,125.523600,202.679600,204.043500,7.134200,true,3104,,0x2fe6349b77f8b704a4b6fda6a67fa440bb1a7ac8a5722ef77d23ee9340b379ca,0x2100784b517b09d67e349bb488427c6b04de23e145a8194874ed65a9310e8861,91.809300
theo_n,11,161,false,9,9,offchain,500,157,1.373800,122.572800,202.672400,204.046200,6.962000,true,3104,,0x2fe6349b77f8b704a4b6fda6a67fa440bb1a7ac8a5722ef77d23ee9340b379ca,0x0285a09a47a8fa691ba13880fdc9852c771638cc32c694d8b098031a4eb27497,94.657500
theo_n,11,162,false,9,9,offchain,500,158,1.371900,120.520700,197.064400,198.436300,7.055200,true,3104,,0x2fe6349b77f8b704a4b6fda6a67fa440bb1a7ac8a5722ef77d23ee9340b379ca,0x1f6bee0fa69b1da9fd33c886502eb4f4125a1cb202a6c0edabcd48c39e3e5c00,93.066800
theo_n,11,163,false,9,9,offchain,500,159,1.333100,122.362000,199.811900,201.145000,6.906000,true,3104,,0x2fe6349b77f8b704a4b6fda6a67fa440bb1a7ac8a5722ef77d23ee9340b379ca,0x003bd1345f5975eabb5f63ea452e1b10998e7652b3623d6c6193d19e6398d8c6,94.623200
theo_n,11,164,false,9,9,offchain,500,160,1.371300,126.061000,202.715000,204.086300,6.957400,true,3104,,0x2fe6349b77f8b704a4b6fda6a67fa440bb1a7ac8a5722ef77d23ee9340b379ca,0x2921ba822ad6d8a81a6279252f1b385f548fe3027ab76082a833a84cfc2abe09,91.852300
theo_n,11,165,false,9,9,offchain,500,161,1.362200,122.013600,200.327700,201.689900,6.963700,true,3104,,0x2fe6349b77f8b704a4b6fda6a67fa440bb1a7ac8a5722ef77d23ee9340b379ca,0x29c4fa1e011e41b79a4af8eb2aa0d14b9a4beecaa1acfd3045ecc3ef3b06c2bd,94.795400
theo_n,11,166,false,9,9,offchain,500,162,1.366900,123.881200,199.149500,200.516400,7.060600,true,3104,,0x2fe6349b77f8b704a4b6fda6a67fa440bb1a7ac8a5722ef77d23ee9340b379ca,0x390b3baa40fc93b19b64ec900799079cc4c47fd9f7287fa8ebc0a95218b87163,94.538700
theo_n,11,167,false,9,9,offchain,500,163,1.351500,122.332100,198.844700,200.196200,7.022700,true,3104,,0x2fe6349b77f8b704a4b6fda6a67fa440bb1a7ac8a5722ef77d23ee9340b379ca,0x20865171893a06ff4935b221f4e2776f8cbd781eff8b1f83b803d8808c58ec6a,96.371400
theo_n,11,168,false,9,9,offchain,500,164,1.340300,122.117100,196.781300,198.121600,7.039700,true,3104,,0x2fe6349b77f8b704a4b6fda6a67fa440bb1a7ac8a5722ef77d23ee9340b379ca,0x29a76e3cc1f9dba9d4312df5f4a14fb4144d14d8831f4765b0bfe43a2e33262b,92.579800
theo_n,11,169,false,9,9,offchain,500,165,1.334600,121.798000,205.532100,206.866700,7.160000,true,3104,,0x2fe6349b77f8b704a4b6fda6a67fa440bb1a7ac8a5722ef77d23ee9340b379ca,0x3ef54336234b9d64663652777cdf64f3e2319565d9b5d8726d67f181df78046e,101.323600
theo_n,11,170,false,9,9,offchain,500,166,1.908700,138.470500,203.175300,205.084000,6.741000,true,3104,,0x2fe6349b77f8b704a4b6fda6a67fa440bb1a7ac8a5722ef77d23ee9340b379ca,0x33ec92559f58db46a2b4bc334db12e3522bc765c8b0977fcc99f3c725ba58f61,94.436500
theo_n,11,171,false,9,9,offchain,500,167,1.327600,121.759700,198.491400,199.819000,6.974100,true,3104,,0x2fe6349b77f8b704a4b6fda6a67fa440bb1a7ac8a5722ef77d23ee9340b379ca,0x1bbfa9f6bb6015919b05a65c69f9bb223d1743a2bd6956aadaaf608e0975c1a0,92.759500
theo_n,11,172,false,9,9,offchain,500,168,1.325300,122.335300,203.414200,204.739500,7.260000,true,3104,,0x2fe6349b77f8b704a4b6fda6a67fa440bb1a7ac8a5722ef77d23ee9340b379ca,0x3fcd47ce60762213f034ff04d8625884009e0ea9271e7aab6597ecedddd619bb,93.223000
theo_n,11,173,false,9,9,offchain,500,169,1.386600,124.609600,202.638400,204.025000,7.052000,true,3104,,0x2fe6349b77f8b704a4b6fda6a67fa440bb1a7ac8a5722ef77d23ee9340b379ca,0x2fcea9f4f817a98ab8811bf19be916be59700107f1afe7ba961d3dc7691231dc,92.210300
theo_n,11,174,false,9,9,offchain,500,170,1.345100,122.946800,201.565200,202.910300,6.896900,true,3104,,0x2fe6349b77f8b704a4b6fda6a67fa440bb1a7ac8a5722ef77d23ee9340b379ca,0x324edb1ce15cb89a0516107640a8a4c7c547b2dd3b7d396ca79e94647a282752,92.121900
theo_n,11,175,false,9,9,offchain,500,171,1.409000,124.179100,200.888700,202.297700,6.906700,true,3104,,0x2fe6349b77f8b704a4b6fda6a67fa440bb1a7ac8a5722ef77d23ee9340b379ca,0x38fd2d423d1cdbbe4af263c8937e5990af18153247e6e5c9a0d219e4a4c9d321,92.961200
theo_n,11,176,false,9,9,offchain,500,172,1.349700,123.572700,201.373300,202.723000,7.514600,true,3104,,0x2fe6349b77f8b704a4b6fda6a67fa440bb1a7ac8a5722ef77d23ee9340b379ca,0x30a365d6516963fdbd19185279f481dea56b074c1836598dfe107f23c503cf38,96.043800
theo_n,11,177,false,9,9,offchain,500,173,1.466500,126.067300,205.871000,207.337500,7.273800,true,3104,,0x2fe6349b77f8b704a4b6fda6a67fa440bb1a7ac8a5722ef77d23ee9340b379ca,0x272209cfb65cddd8022626235236e58546c3379a49e24568c83f302ea6d5ecb9,95.182500
theo_n,11,178,false,9,9,offchain,500,174,1.398200,126.709000,205.129900,206.528100,7.114400,true,3104,,0x2fe6349b77f8b704a4b6fda6a67fa440bb1a7ac8a5722ef77d23ee9340b379ca,0x2c84b8ba64a335b92e0bd7f5630eb3b6599e03482fc6624f3bea16212ef6a2ee,95.670100
theo_n,11,179,false,9,9,offchain,500,175,1.403400,121.473200,194.337800,195.741200,6.918700,true,3104,,0x2fe6349b77f8b704a4b6fda6a67fa440bb1a7ac8a5722ef77d23ee9340b379ca,0x038dc1414214f5a4d9df4e7a126bf51b554edd9c5b313b919455b9677c1446d4,92.111600
theo_n,11,180,false,9,9,offchain,500,176,1.349400,123.735400,213.794200,215.143600,7.597600,true,3104,,0x2fe6349b77f8b704a4b6fda6a67fa440bb1a7ac8a5722ef77d23ee9340b379ca,0x332415f37103751bfefaae181491f80c7b78afc00e928c0cf848720dcc56dd38,98.129000
theo_n,11,181,false,9,9,offchain,500,177,1.480500,131.185200,206.921300,208.401800,7.869100,true,3104,,0x2fe6349b77f8b704a4b6fda6a67fa440bb1a7ac8a5722ef77d23ee9340b379ca,0x033d05a8d4a07be1c8e737f9c51f388d72d0719385f2b7696c9d254481e41ddb,97.302700
theo_n,11,182,false,9,9,offchain,500,178,1.412100,122.871900,203.703000,205.115100,6.897400,true,3104,,0x2fe6349b77f8b704a4b6fda6a67fa440bb1a7ac8a5722ef77d23ee9340b379ca,0x197af70f9da7ce3f99f32d75e502198249641f5dbd2b5343d08fcb2dc41382e6,91.542600
theo_n,11,183,false,9,9,offchain,500,179,2.122500,123.031200,259.966100,262.088600,6.773500,true,3104,,0x2fe6349b77f8b704a4b6fda6a67fa440bb1a7ac8a5722ef77d23ee9340b379ca,0x15ad64e669ba0728c4958183a0b2aa4c4d8e48942cc7c71caebf4945d503f3c2,95.553300
theo_n,11,184,false,9,9,offchain,500,180,1.433700,123.837400,202.525000,203.958700,7.212600,true,3104,,0x2fe6349b77f8b704a4b6fda6a67fa440bb1a7ac8a5722ef77d23ee9340b379ca,0x142b57be2fea88cb35f3c7cd3935579d1db786cf39290c7d90e6febad20f5f58,93.816700
theo_n,11,185,false,9,9,offchain,500,181,1.413500,123.222200,199.709500,201.123000,6.927000,true,3104,,0x2fe6349b77f8b704a4b6fda6a67fa440bb1a7ac8a5722ef77d23ee9340b379ca,0x2f344243fd50926daf10c60277b47aa96ab3ae49bee2ace467cdd29ef5f09e13,93.249800
theo_n,11,186,false,9,9,offchain,500,182,1.428000,121.836100,201.527600,202.955600,6.886300,true,3104,,0x2fe6349b77f8b704a4b6fda6a67fa440bb1a7ac8a5722ef77d23ee9340b379ca,0x0f639c1300db549c48f1b27dafc8b040f3c1cfc9159e496d62be76a608e63acb,92.789800
theo_n,11,187,false,9,9,offchain,500,183,1.358000,122.431500,202.733400,204.091400,7.265400,true,3104,,0x2fe6349b77f8b704a4b6fda6a67fa440bb1a7ac8a5722ef77d23ee9340b379ca,0x1112001707407a3e97cda0c1696dcd2afeb1de6c0edc2614bb7e66b10a9811f9,93.536000
theo_n,11,188,false,9,9,offchain,500,184,1.387500,124.868900,203.742600,205.130100,7.092700,true,3104,,0x2fe6349b77f8b704a4b6fda6a67fa440bb1a7ac8a5722ef77d23ee9340b379ca,0x20b748016a081789c598c45980038297e9bf621eaab2a5ae4758dc9751b4fcb7,92.115300
theo_n,11,189,false,9,9,offchain,500,185,1.313700,123.424900,208.182100,209.495800,6.834400,true,3104,,0x2fe6349b77f8b704a4b6fda6a67fa440bb1a7ac8a5722ef77d23ee9340b379ca,0x3b0467a870288df6b3ee6ac1ac0a244eea16665024e22239ab2a56ba0b6c6c4f,93.668400
theo_n,11,190,false,9,9,offchain,500,186,1.345500,121.575500,201.129500,202.475000,9.011700,true,3104,,0x2fe6349b77f8b704a4b6fda6a67fa440bb1a7ac8a5722ef77d23ee9340b379ca,0x13d57e8cf606620453fc0dd19fe83051fda08037e0421d27a7db08ae4c65561d,97.803600
theo_n,11,191,false,9,9,offchain,500,187,1.562200,132.496400,209.034500,210.596700,7.201300,true,3104,,0x2fe6349b77f8b704a4b6fda6a67fa440bb1a7ac8a5722ef77d23ee9340b379ca,0x1130d93cb72e0a14d1a6c1f441514c412afdd724723affb16edb8359a53ae6bf,96.755800
theo_n,11,192,false,9,9,offchain,500,188,1.391400,126.044800,204.523500,205.914900,7.386900,true,3104,,0x2fe6349b77f8b704a4b6fda6a67fa440bb1a7ac8a5722ef77d23ee9340b379ca,0x21b3a9a5243fc7b838bf09e74ed1d83ca942fc6c57ceb042543f05a175f9557d,93.384200
theo_n,11,193,false,9,9,offchain,500,189,1.384300,125.513800,201.529800,202.914100,6.971500,true,3104,,0x2fe6349b77f8b704a4b6fda6a67fa440bb1a7ac8a5722ef77d23ee9340b379ca,0x283a2c1e7554ab9c143d5264b60b1000f0b15c454c13d211e1a5ee74cabffad6,95.447700
theo_n,11,194,false,9,9,offchain,500,190,1.423900,120.653800,200.077500,201.501400,6.946900,true,3104,,0x2fe6349b77f8b704a4b6fda6a67fa440bb1a7ac8a5722ef77d23ee9340b379ca,0x02ba6374c6c17cf95392731e7f87d92399dd5e0b23d1d9444bd12fb819da5711,93.626400
theo_n,11,195,false,9,9,offchain,500,191,1.339800,122.257200,198.410100,199.749900,7.039700,true,3104,,0x2fe6349b77f8b704a4b6fda6a67fa440bb1a7ac8a5722ef77d23ee9340b379ca,0x0b1650951bc1e1fce7fb91cc2c021c1b19e3314cb416922c6372325ef8376576,92.595800
theo_n,11,196,false,9,9,offchain,500,192,1.384500,123.054900,256.025700,257.410200,6.898100,true,3104,,0x2fe6349b77f8b704a4b6fda6a67fa440bb1a7ac8a5722ef77d23ee9340b379ca,0x2dd9ce672ac3eb17d6b5446e7e96708a8532b57a5981e26ade86270db1a6c039,93.399700
theo_n,11,197,false,9,9,offchain,500,193,1.318200,122.451600,197.361200,198.679400,6.917500,true,3104,,0x2fe6349b77f8b704a4b6fda6a67fa440bb1a7ac8a5722ef77d23ee9340b379ca,0x1f2068c52ddda17eec4abb5d2cf7343d1f13c6ed173c337b495ff8a281cf745c,95.772100
theo_n,11,198,false,9,9,offchain,500,194,1.493000,123.027300,204.352200,205.845200,7.331700,true,3104,,0x2fe6349b77f8b704a4b6fda6a67fa440bb1a7ac8a5722ef77d23ee9340b379ca,0x3d0b8feccd8e664dd8714b01524651cf9f56b0a504916d3c13a73b286c4db56a,92.504300
theo_n,11,199,false,9,9,offchain,500,195,1.377100,131.244500,205.398800,206.775900,7.199900,true,3104,,0x2fe6349b77f8b704a4b6fda6a67fa440bb1a7ac8a5722ef77d23ee9340b379ca,0x331ca259bce438b00c014e3f806f228048c9a13f37e48da0b0ef3bf757e67c6e,94.576800
theo_n,11,200,false,9,9,offchain,500,196,1.546300,124.930800,202.940500,204.486800,7.414000,true,3104,,0x2fe6349b77f8b704a4b6fda6a67fa440bb1a7ac8a5722ef77d23ee9340b379ca,0x0846074347fad563ae37b34419ca48d2834fb29a9f616efeedf63f972fdf03d4,92.065900
theo_n,11,201,false,9,9,offchain,500,197,1.451500,124.759500,201.070500,202.522000,6.837800,true,3104,,0x2fe6349b77f8b704a4b6fda6a67fa440bb1a7ac8a5722ef77d23ee9340b379ca,0x273296438d1fe77303776b743600c96390e0a2c3a430e9083e134caad3aa6fa3,93.315500
theo_n,11,202,false,9,9,offchain,500,198,1.363600,124.272800,202.343600,203.707200,6.909300,true,3104,,0x2fe6349b77f8b704a4b6fda6a67fa440bb1a7ac8a5722ef77d23ee9340b379ca,0x2abe995e621cbbcce94e5effcca70dcdb882e997843991c965267abd59c29cfa,100.582100
theo_n,11,203,false,9,9,offchain,500,199,1.325700,121.623100,199.422400,200.748100,6.987300,true,3104,,0x2fe6349b77f8b704a4b6fda6a67fa440bb1a7ac8a5722ef77d23ee9340b379ca,0x1fac4fcd1b8acc574b6798e75ab10b59df880c73bafff58347aa86bc0a51c43e,96.722600
theo_n,11,204,false,9,9,offchain,500,200,1.329700,127.538600,202.934900,204.264600,6.978000,true,3104,,0x2fe6349b77f8b704a4b6fda6a67fa440bb1a7ac8a5722ef77d23ee9340b379ca,0x1bc4d68efc00df7ee997830ff21f683f9546976b589eff36a51905b7fdfc58ca,93.132200
theo_n,11,205,false,9,9,offchain,500,201,1.370700,122.940700,199.619100,200.989800,7.049200,true,3104,,0x2fe6349b77f8b704a4b6fda6a67fa440bb1a7ac8a5722ef77d23ee9340b379ca,0x3f284c76415dc4eee75c087ae3413c0ca08ea6399a5edeb35a5f334f21a539fe,91.821700
theo_n,11,206,false,9,9,offchain,500,202,1.378100,122.842800,202.202900,203.581000,6.949500,true,3104,,0x2fe6349b77f8b704a4b6fda6a67fa440bb1a7ac8a5722ef77d23ee9340b379ca,0x24d1804c82c2912aaed224965411d6913e59524312d014390e98202a4aabc378,97.664500
theo_n,11,207,false,9,9,offchain,500,203,1.372000,120.947100,198.666200,200.038200,7.035500,true,3104,,0x2fe6349b77f8b704a4b6fda6a67fa440bb1a7ac8a5722ef77d23ee9340b379ca,0x16cb24082fddf3a5f8222e0920ab3cb438d771e34626f517d4cba488e3962386,92.497800
theo_n,11,208,false,9,9,offchain,500,204,1.932800,122.493400,198.158300,200.091100,6.912400,true,3104,,0x2fe6349b77f8b704a4b6fda6a67fa440bb1a7ac8a5722ef77d23ee9340b379ca,0x131ea3bfb78a1e6e6abab26bb71334dc6f0b601fa429fede863c93f9d818abb2,91.351800
theo_n,11,209,false,9,9,offchain,500,205,1.571500,120.803100,197.920100,199.491600,6.927600,true,3104,,0x2fe6349b77f8b704a4b6fda6a67fa440bb1a7ac8a5722ef77d23ee9340b379ca,0x09596a76ddd57e516f66c2f9a6fcd8ec82d281c7ccc99fe91ec26cc1dd157db3,92.349700
theo_n,11,210,false,9,9,offchain,500,206,1.437000,124.374500,199.267200,200.704200,6.964700,true,3104,,0x2fe6349b77f8b704a4b6fda6a67fa440bb1a7ac8a5722ef77d23ee9340b379ca,0x061604f7c3279342f527d4348f7ec1f2c05f8043dacd7f33ad21e53d4fc12390,92.518800
theo_n,11,211,false,9,9,offchain,500,207,1.325800,175.579200,200.879100,202.204900,7.988600,true,3104,,0x2fe6349b77f8b704a4b6fda6a67fa440bb1a7ac8a5722ef77d23ee9340b379ca,0x0cd912920c5f798209af86070eef0d6cd0b48c09440772bc28bc9f6717e7c15f,95.127600
theo_n,11,212,false,9,9,offchain,500,208,1.367100,124.046900,207.543600,208.910700,7.230400,true,3104,,0x2fe6349b77f8b704a4b6fda6a67fa440bb1a7ac8a5722ef77d23ee9340b379ca,0x30c8ef117e8748987515f4ca33bcbbae5e787d2a3a8978b39cf6574468b93c1d,96.553300
theo_n,11,213,false,9,9,offchain,500,209,1.491900,127.811600,208.690500,210.182400,7.326800,true,3104,,0x2fe6349b77f8b704a4b6fda6a67fa440bb1a7ac8a5722ef77d23ee9340b379ca,0x1048d4d217c0b8e44608afcb1ac08d5c4519d821235db477249f52c86c1dc4f4,96.324000
theo_n,11,214,false,9,9,offchain,500,210,1.365700,126.119200,205.520900,206.886600,7.226300,true,3104,,0x2fe6349b77f8b704a4b6fda6a67fa440bb1a7ac8a5722ef77d23ee9340b379ca,0x01064a3dd66fe61cea6fbc7fee4dd2e4bf4316a8fdfe2332c692bb40b5070076,92.537400
theo_n,11,215,false,9,9,offchain,500,211,1.327000,123.275600,204.487000,205.814000,7.155600,true,3104,,0x2fe6349b77f8b704a4b6fda6a67fa440bb1a7ac8a5722ef77d23ee9340b379ca,0x21ba8af501a4cbfd9a1f3ef54a78e633b70c33ba4585940387538c4f892cfb4e,94.470900
theo_n,11,216,false,9,9,offchain,500,212,1.392600,126.495600,212.812200,214.204800,7.235800,true,3104,,0x2fe6349b77f8b704a4b6fda6a67fa440bb1a7ac8a5722ef77d23ee9340b379ca,0x239fea907d60110ce7c16d7ff4b14c4a18324ffa6af0d06688050ca7878b6a52,93.225100
theo_n,11,217,false,9,9,offchain,500,213,1.350000,124.455000,203.173600,204.523600,6.832200,true,3104,,0x2fe6349b77f8b704a4b6fda6a67fa440bb1a7ac8a5722ef77d23ee9340b379ca,0x24e94cd78cc4213c982225bcb2991090eb45ac53bb3f3263531d349b13975122,92.262100
theo_n,11,218,false,9,9,offchain,500,214,1.417300,123.255000,201.921300,203.338600,7.117300,true,3104,,0x2fe6349b77f8b704a4b6fda6a67fa440bb1a7ac8a5722ef77d23ee9340b379ca,0x1f1a36958171b4ac69e853fa232864a4dfc364ad454b6c9e10ae0b744c1775d4,92.665200
theo_n,11,219,false,9,9,offchain,500,215,1.401900,124.590400,204.584200,205.986100,6.797400,true,3104,,0x2fe6349b77f8b704a4b6fda6a67fa440bb1a7ac8a5722ef77d23ee9340b379ca,0x224f7c77edb5dbfe132092e810ac26ad4e6c093e53995d08e51b3212bddf8b5a,92.184600
theo_n,11,220,false,9,9,offchain,500,216,1.344100,124.959100,200.324100,201.668200,7.202000,true,3104,,0x2fe6349b77f8b704a4b6fda6a67fa440bb1a7ac8a5722ef77d23ee9340b379ca,0x33c8f00b63241b99b8399696b5ac79215b8847d88b2836480c42c63c3b9338a6,93.328100
theo_n,11,221,false,9,9,offchain,500,217,1.404500,124.781200,220.522300,221.926800,6.870300,true,3104,,0x2fe6349b77f8b704a4b6fda6a67fa440bb1a7ac8a5722ef77d23ee9340b379ca,0x22ef695b16b79a12ad82ef7b1578ebaf5624f0cc596cb1376280302cda5e6a44,92.903400
theo_n,11,222,false,9,9,offchain,500,218,1.429700,121.472600,199.151600,200.581300,7.018700,true,3104,,0x2fe6349b77f8b704a4b6fda6a67fa440bb1a7ac8a5722ef77d23ee9340b379ca,0x271aa4fbf3693e5b18d829ee9c39cef6bc4da922a2168b6750324caad8d53f21,92.953200
theo_n,11,223,false,9,9,offchain,500,219,1.358600,122.812700,201.391400,202.750000,7.136300,true,3104,,0x2fe6349b77f8b704a4b6fda6a67fa440bb1a7ac8a5722ef77d23ee9340b379ca,0x10a4ec0e9594c3d6874d43781b150c230f2ef42aa203d6f5ab383cafb7195b60,92.462900
theo_n,11,224,false,9,9,offchain,500,220,1.330200,123.504400,203.578200,204.908400,6.947400,true,3104,,0x2fe6349b77f8b704a4b6fda6a67fa440bb1a7ac8a5722ef77d23ee9340b379ca,0x17249968cfb1672caa6753361693a65c8535d902c553ce902710ed8ff12c272b,94.975100
theo_n,11,225,false,9,9,offchain,500,221,1.359200,179.590800,199.891000,201.250200,7.093800,true,3104,,0x2fe6349b77f8b704a4b6fda6a67fa440bb1a7ac8a5722ef77d23ee9340b379ca,0x1b626f535514e4e5a7c4d23db21fd87178cf55d4ddef6c4d32ea7d8a374b9675,95.079300
theo_n,11,226,false,9,9,offchain,500,222,1.430100,122.579600,197.763100,199.193200,7.033100,true,3104,,0x2fe6349b77f8b704a4b6fda6a67fa440bb1a7ac8a5722ef77d23ee9340b379ca,0x10074f9eb31e9c6ecea33dd09b942747dde26ea5b43debd11bc3d66d758a78ba,91.838300
theo_n,11,227,false,9,9,offchain,500,223,1.361900,121.766400,197.953300,199.315200,6.908700,true,3104,,0x2fe6349b77f8b704a4b6fda6a67fa440bb1a7ac8a5722ef77d23ee9340b379ca,0x08112b8d354d9aaba93692b831a531e7cedd8b1d5a47837c1fedc6aa7f2cae8f,95.181300
theo_n,11,228,false,9,9,offchain,500,224,1.333800,122.165500,198.068200,199.402000,6.972200,true,3104,,0x2fe6349b77f8b704a4b6fda6a67fa440bb1a7ac8a5722ef77d23ee9340b379ca,0x04c3840cdc2e4aac80b4c247288eece9d5b17369096381a62cd10420152c2739,92.241000
theo_n,11,229,false,9,9,offchain,500,225,1.387500,121.871900,198.572000,199.959500,7.013700,true,3104,,0x2fe6349b77f8b704a4b6fda6a67fa440bb1a7ac8a5722ef77d23ee9340b379ca,0x1d4b623b24f055a834f78f3cf3144039c437442f579b3ebc63271326089f9186,94.457700
theo_n,11,230,false,9,9,offchain,500,226,1.378200,122.566400,199.644200,201.022400,6.872400,true,3104,,0x2fe6349b77f8b704a4b6fda6a67fa440bb1a7ac8a5722ef77d23ee9340b379ca,0x2035dedc2eb545642aed0f9606622c5f82294b4b6e544e06b55fd9e8134d213a,94.120100
theo_n,11,231,false,9,9,offchain,500,227,1.384100,122.045100,197.494600,198.878700,6.957800,true,3104,,0x2fe6349b77f8b704a4b6fda6a67fa440bb1a7ac8a5722ef77d23ee9340b379ca,0x233ff9f8b02ec4c97f0d1bc984633b2db25ab99a09a83e88f6af57228c0311a3,91.127600
theo_n,11,232,false,9,9,offchain,500,228,1.372600,122.347200,198.453100,199.825700,6.976100,true,3104,,0x2fe6349b77f8b704a4b6fda6a67fa440bb1a7ac8a5722ef77d23ee9340b379ca,0x3ce76251dd711f361f2658cafc9885d2de612f82c2243e29a406c3817fa99144,92.067800
theo_n,11,233,false,9,9,offchain,500,229,1.343200,122.223300,199.214900,200.558100,6.811700,true,3104,,0x2fe6349b77f8b704a4b6fda6a67fa440bb1a7ac8a5722ef77d23ee9340b379ca,0x01960faf9d44f7a05a9903be0817035bb839c655259186de39824a0205fbf963,93.442400
theo_n,11,234,false,9,9,offchain,500,230,1.319800,132.636800,204.431000,205.750800,6.868300,true,3104,,0x2fe6349b77f8b704a4b6fda6a67fa440bb1a7ac8a5722ef77d23ee9340b379ca,0x09bdcc85823e5cb6efe1689ca68d69f7f39a7b342925c6ef2010fb84dc0e5732,94.719300
theo_n,11,235,false,9,9,offchain,500,231,1.419900,125.609000,202.090200,203.510100,7.195100,true,3104,,0x2fe6349b77f8b704a4b6fda6a67fa440bb1a7ac8a5722ef77d23ee9340b379ca,0x1cd8f78f237edd4acf466189caacbd6b709dcba35f9e32703c9dde9aa127717c,93.602000
theo_n,11,236,false,9,9,offchain,500,232,1.551700,139.118800,226.248700,227.800400,7.958600,true,3104,,0x2fe6349b77f8b704a4b6fda6a67fa440bb1a7ac8a5722ef77d23ee9340b379ca,0x1c18dbcebe2485b6a83380729d5f98097e404059f6b7401f58ce6602117cc0aa,110.912600
theo_n,11,237,false,9,9,offchain,500,233,1.727000,136.240600,205.250000,206.977000,7.409200,true,3104,,0x2fe6349b77f8b704a4b6fda6a67fa440bb1a7ac8a5722ef77d23ee9340b379ca,0x29101a89ba44f904e04e8c5f859ff4577a45e0fb480e1f4fb84efb96f84ed6a6,94.921600
theo_n,11,238,false,9,9,offchain,500,234,1.431600,123.564200,200.413000,201.844600,7.137200,true,3104,,0x2fe6349b77f8b704a4b6fda6a67fa440bb1a7ac8a5722ef77d23ee9340b379ca,0x0d5ff26441a869edd16f94350c143401dc9839188f1a1cb63ed23c99584d6b0d,93.253800
theo_n,11,239,false,9,9,offchain,500,235,1.370700,187.197100,202.893000,204.263700,7.205300,true,3104,,0x2fe6349b77f8b704a4b6fda6a67fa440bb1a7ac8a5722ef77d23ee9340b379ca,0x3fd663fdd4796c0eeb3d2683abcf10e017b1983ed977371a64649c27e26ccdb9,96.326400
theo_n,11,240,false,9,9,offchain,500,236,1.451900,124.120400,207.583200,209.035100,7.337400,true,3104,,0x2fe6349b77f8b704a4b6fda6a67fa440bb1a7ac8a5722ef77d23ee9340b379ca,0x2a93c9f51214b5fcf5b02964ba34c8edd54e58bf4151b2599ffe6ece57b6d018,94.822300
theo_n,11,241,false,9,9,offchain,500,237,1.512800,126.872200,208.252800,209.765600,7.239200,true,3104,,0x2fe6349b77f8b704a4b6fda6a67fa440bb1a7ac8a5722ef77d23ee9340b379ca,0x13dde27c637f6854bd1c54e4176e97040d810a20d57b43bf9d70d8efc282772d,103.576000
theo_n,11,242,false,9,9,offchain,500,238,1.394200,127.856500,205.930900,207.325100,7.299300,true,3104,,0x2fe6349b77f8b704a4b6fda6a67fa440bb1a7ac8a5722ef77d23ee9340b379ca,0x135a4790752389135f911a23431ca22924c7e61a263b54ef292cd06734e0b3cc,92.947000
theo_n,11,243,false,9,9,offchain,500,239,1.337300,125.569600,202.465600,203.802900,7.044100,true,3104,,0x2fe6349b77f8b704a4b6fda6a67fa440bb1a7ac8a5722ef77d23ee9340b379ca,0x2050f24f5a3174b112b4d9b8c0cb7d635b007b190fc7128d075c0fc98fc3479a,94.251100
theo_n,11,244,false,9,9,offchain,500,240,1.536500,123.922700,203.158600,204.695100,7.285300,true,3104,,0x2fe6349b77f8b704a4b6fda6a67fa440bb1a7ac8a5722ef77d23ee9340b379ca,0x196828bf4d21e668dd09c7bfaf8edeaa2a2bb1af398e35710a9bb057ce7d5681,94.229800
theo_n,11,245,false,9,9,offchain,500,241,1.414900,126.320400,203.778500,205.193400,7.563700,true,3104,,0x2fe6349b77f8b704a4b6fda6a67fa440bb1a7ac8a5722ef77d23ee9340b379ca,0x1c10b340a544df81f3b05cefd95c7c798f3d3b4bfc8da9e365685a531f0c8b63,95.045500
theo_n,11,246,false,9,9,offchain,500,242,1.430100,127.847700,203.653700,205.083800,7.293300,true,3104,,0x2fe6349b77f8b704a4b6fda6a67fa440bb1a7ac8a5722ef77d23ee9340b379ca,0x1bff1965c200ea6f8b38aec6c6b925b4bfb622a3d2a195f279f0de996636dca4,94.611000
theo_n,11,247,false,9,9,offchain,500,243,1.424800,125.910500,207.125100,208.549900,7.183400,true,3104,,0x2fe6349b77f8b704a4b6fda6a67fa440bb1a7ac8a5722ef77d23ee9340b379ca,0x10debae9933f4c4fb21aecdc3fba6aaa30a7b4e0831e6f3967fcace92487f0e1,94.446400
theo_n,11,248,false,9,9,offchain,500,244,1.669200,127.332600,204.555100,206.224300,7.205600,true,3104,,0x2fe6349b77f8b704a4b6fda6a67fa440bb1a7ac8a5722ef77d23ee9340b379ca,0x2af5dff9b1175c3ae54eeed0b2ad06c1bfe7b4e45f17840e0a43099c8c03545d,92.852900
theo_n,11,249,false,9,9,offchain,500,245,1.372400,123.152900,203.865700,205.238100,6.946400,true,3104,,0x2fe6349b77f8b704a4b6fda6a67fa440bb1a7ac8a5722ef77d23ee9340b379ca,0x0daf01b2722a42cd348621bafad98aec02bc3e1fe6a0b1db2bd1ed7031f74d2e,92.575700
theo_n,11,250,false,9,9,offchain,500,246,1.350700,121.502100,200.899100,202.249800,6.907100,true,3104,,0x2fe6349b77f8b704a4b6fda6a67fa440bb1a7ac8a5722ef77d23ee9340b379ca,0x04b12b3f7d7b388ef7881281481d12de7f0dbc48bf6e17c93074dc50cb7fd9be,93.799100
theo_n,11,251,false,9,9,offchain,500,247,1.393300,128.183900,207.502700,208.896000,7.031300,true,3104,,0x2fe6349b77f8b704a4b6fda6a67fa440bb1a7ac8a5722ef77d23ee9340b379ca,0x2d7b6585793e0c361bb72f842ede062d5a87d30940f720f426c2fa757faf5b63,95.035400
theo_n,11,252,false,9,9,offchain,500,248,1.364900,129.163600,279.673200,281.038100,7.976300,true,3104,,0x2fe6349b77f8b704a4b6fda6a67fa440bb1a7ac8a5722ef77d23ee9340b379ca,0x1be9cacd9a4b9ba6df5a503dc09971d53f38a341768697792466962201878c83,102.031300
theo_n,11,253,false,9,9,offchain,500,249,1.484000,133.383500,210.151400,211.635400,7.289600,true,3104,,0x2fe6349b77f8b704a4b6fda6a67fa440bb1a7ac8a5722ef77d23ee9340b379ca,0x2b0854285925fa638f2cffdd4ab25c7b473c93261467a83e9fae0feda21cc6fb,96.687800
theo_n,11,254,false,9,9,offchain,500,250,1.478900,126.743300,208.950600,210.429500,7.406700,true,3104,,0x2fe6349b77f8b704a4b6fda6a67fa440bb1a7ac8a5722ef77d23ee9340b379ca,0x1d57d310321c49a17ab0081beb7b202ac05e6ec687754c6e2f432a1220113e1e,98.483500
theo_n,11,255,false,9,9,offchain,500,251,2.066700,127.172700,204.693500,206.760200,7.313500,true,3104,,0x2fe6349b77f8b704a4b6fda6a67fa440bb1a7ac8a5722ef77d23ee9340b379ca,0x0003040b0b0c590dce2f7ff9c7bd0e713f9d8b8c05da94cc7347613303651102,95.748300
theo_n,11,256,false,9,9,offchain,500,252,1.536000,127.630600,207.043800,208.579800,7.255800,true,3104,,0x2fe6349b77f8b704a4b6fda6a67fa440bb1a7ac8a5722ef77d23ee9340b379ca,0x21f766f2266ac60f05568f423178b36746f3c86bb0808fd706cc3984fe234dc2,94.459400
theo_n,11,257,false,9,9,offchain,500,253,1.553300,125.022900,202.662600,204.215900,7.297000,true,3104,,0x2fe6349b77f8b704a4b6fda6a67fa440bb1a7ac8a5722ef77d23ee9340b379ca,0x252da4d2a4b0372e71095387166f170384f70d4de57b5852378c638259d30aba,93.385500
theo_n,11,258,false,9,9,offchain,500,254,1.376200,126.199500,203.409100,204.785300,7.079900,true,3104,,0x2fe6349b77f8b704a4b6fda6a67fa440bb1a7ac8a5722ef77d23ee9340b379ca,0x27bb9c63654ccfde000b0c298d39903ed7f8ca14ad1a1a66197320ab1fa69e93,92.896400
theo_n,11,259,false,9,9,offchain,500,255,1.352600,124.659300,213.941700,215.294300,7.270900,true,3104,,0x2fe6349b77f8b704a4b6fda6a67fa440bb1a7ac8a5722ef77d23ee9340b379ca,0x19cb507afbc830f4079adeb937659190969ccebb8e9ec80d0f6f9c15abea6c96,94.323900
theo_n,11,260,false,9,9,offchain,500,256,1.454000,126.595700,206.006900,207.460900,7.184800,true,3104,,0x2fe6349b77f8b704a4b6fda6a67fa440bb1a7ac8a5722ef77d23ee9340b379ca,0x13af1a03f83f2b7047d438e28e321cabfe9b81d3b0f3e30bf6b68d60e61ccc66,93.421700
theo_n,11,261,false,9,9,offchain,500,257,1.328700,123.811100,204.145300,205.474000,7.295100,true,3104,,0x2fe6349b77f8b704a4b6fda6a67fa440bb1a7ac8a5722ef77d23ee9340b379ca,0x1f9d4cfbcd073ff55fd28f14fdc6b04580e8a7b5cc0c815ba75860a438367297,93.996100
theo_n,11,262,false,9,9,offchain,500,258,1.878600,128.167500,204.389600,206.268200,7.324800,true,3104,,0x2fe6349b77f8b704a4b6fda6a67fa440bb1a7ac8a5722ef77d23ee9340b379ca,0x16655f002f143b0ff157a38d7bfcf554efe1efa0f01bde17f81f1efd1dac5ae3,96.625000
theo_n,11,263,false,9,9,offchain,500,259,1.450400,127.266800,202.511800,203.962200,7.295100,true,3104,,0x2fe6349b77f8b704a4b6fda6a67fa440bb1a7ac8a5722ef77d23ee9340b379ca,0x32e2b5c6eb79d56f6db51b9753908017b27b45c78992dc10c03ec056cd45d1e2,93.505300
theo_n,11,264,false,9,9,offchain,500,260,1.384300,125.277200,202.549800,203.934100,7.169900,true,3104,,0x2fe6349b77f8b704a4b6fda6a67fa440bb1a7ac8a5722ef77d23ee9340b379ca,0x15acdef555d7be280128cdcd5173903bba3ea4a130d3ec6e586a9e2c925984fe,98.441500
theo_n,11,265,false,9,9,offchain,500,261,1.381400,177.030100,202.445900,203.827300,6.930800,true,3104,,0x2fe6349b77f8b704a4b6fda6a67fa440bb1a7ac8a5722ef77d23ee9340b379ca,0x206f9e957151141c6b08e67861412b9979a6cb5473d656d57c6a3f28dbd71edd,92.254700
theo_n,11,266,false,9,9,offchain,500,262,1.388500,125.048700,206.337100,207.725600,7.224200,true,3104,,0x2fe6349b77f8b704a4b6fda6a67fa440bb1a7ac8a5722ef77d23ee9340b379ca,0x1c0c03c3bb02085b517f2b0dd32060227e9a840d4113a6c0ed8e25ef6d037545,93.069500
theo_n,11,267,false,9,9,offchain,500,263,1.412100,124.477900,206.140800,207.552900,6.848000,true,3104,,0x2fe6349b77f8b704a4b6fda6a67fa440bb1a7ac8a5722ef77d23ee9340b379ca,0x2ec2fe58ea1c1da21799f323afc5604c7565f777d6920ad3b971d88781ea8688,93.711700
theo_n,11,268,false,9,9,offchain,500,264,1.364400,124.026500,205.465900,206.830300,6.846800,true,3104,,0x2fe6349b77f8b704a4b6fda6a67fa440bb1a7ac8a5722ef77d23ee9340b379ca,0x36871a7d5a642a72edb71998ebd57faab9df6f308647e14197d5d4ecc241279b,91.656600
theo_n,11,269,false,9,9,offchain,500,265,1.348100,121.507600,201.042500,202.390600,6.834400,true,3104,,0x2fe6349b77f8b704a4b6fda6a67fa440bb1a7ac8a5722ef77d23ee9340b379ca,0x14427ba209a096888541ceaa3ad3513d71c4d7c051585268c45c9226dfe0b256,92.269200
theo_n,11,270,false,9,9,offchain,500,266,1.332600,121.279600,198.653300,199.985900,6.981200,true,3104,,0x2fe6349b77f8b704a4b6fda6a67fa440bb1a7ac8a5722ef77d23ee9340b379ca,0x20d30c7b9347b468a850ccf3b369391ef9639cca1987c37584bd7d19ec6ede8c,97.458400
theo_n,11,271,false,9,9,offchain,500,267,1.333700,125.012400,206.034600,207.368300,7.564100,true,3104,,0x2fe6349b77f8b704a4b6fda6a67fa440bb1a7ac8a5722ef77d23ee9340b379ca,0x2d9ccd0c2ac36559606a0f205863e02c9c2b2d5f640eaab7c1c6a56b1a103553,95.175000
theo_n,11,272,false,9,9,offchain,500,268,1.444200,127.563300,206.189500,207.633700,7.180700,true,3104,,0x2fe6349b77f8b704a4b6fda6a67fa440bb1a7ac8a5722ef77d23ee9340b379ca,0x2b5161b66d16afe0c625e2606fef885e7c98f530e504c631fd79a05fadfe0c71,95.472700
theo_n,11,273,false,9,9,offchain,500,269,1.389800,125.669700,205.238800,206.628600,7.909200,true,3104,,0x2fe6349b77f8b704a4b6fda6a67fa440bb1a7ac8a5722ef77d23ee9340b379ca,0x3e21369041a04980f41e38d2ac90d7a9b944478af8be5a41c9c7afdf9469d697,96.385200
theo_n,11,274,false,9,9,offchain,500,270,1.433000,129.773400,207.348700,208.781700,7.198500,true,3104,,0x2fe6349b77f8b704a4b6fda6a67fa440bb1a7ac8a5722ef77d23ee9340b379ca,0x2de90771e0c245bdfa0b65bb6ee8361b444a0e72d505a6dccccd1649af6fd5c9,97.998700
theo_n,11,275,false,9,9,offchain,500,271,1.400300,128.285500,230.351200,231.751500,7.072300,true,3104,,0x2fe6349b77f8b704a4b6fda6a67fa440bb1a7ac8a5722ef77d23ee9340b379ca,0x3cc0b7377f2fd4ecc5b1dc872298412fde0d67a692b168402caf8860c8195079,97.245900
theo_n,11,276,false,9,9,offchain,500,272,1.365800,130.424000,208.216000,209.581800,7.181100,true,3104,,0x2fe6349b77f8b704a4b6fda6a67fa440bb1a7ac8a5722ef77d23ee9340b379ca,0x0fce8eb9bf34b6d3aa2cb311ca9f5c15dc716c28d4d9bb9555e44f0a08ecf8e1,97.294600
theo_n,11,277,false,9,9,offchain,500,273,1.516100,126.605200,205.963800,207.479900,7.233400,true,3104,,0x2fe6349b77f8b704a4b6fda6a67fa440bb1a7ac8a5722ef77d23ee9340b379ca,0x05833828f42204b99a454594b21513ff2183c6a99a2b3944e3440f299bb4f266,95.599700
theo_n,11,278,false,9,9,offchain,500,274,1.437600,125.673000,202.030100,203.467700,6.887300,true,3104,,0x2fe6349b77f8b704a4b6fda6a67fa440bb1a7ac8a5722ef77d23ee9340b379ca,0x214acd758d2cf355f7d8c5dec2d9e4e50194902c100b583c119a1c8bf2741569,92.276800
theo_n,11,279,false,9,9,offchain,500,275,1.349500,180.147800,205.978700,207.328200,7.242600,true,3104,,0x2fe6349b77f8b704a4b6fda6a67fa440bb1a7ac8a5722ef77d23ee9340b379ca,0x2ec1cd97c107f5e7d43f5824152c3b203d583b4c2f8fe719016cf766bdc951f6,92.411200
theo_n,11,280,false,9,9,offchain,500,276,1.600600,123.007500,200.689100,202.289700,6.946200,true,3104,,0x2fe6349b77f8b704a4b6fda6a67fa440bb1a7ac8a5722ef77d23ee9340b379ca,0x3db627a7bc1c038baa6bd3b87e0513ba54edd4efc8fce3b09e3faf1c88f5334b,92.994500
theo_n,11,281,false,9,9,offchain,500,277,1.363100,121.698200,204.825500,206.188600,7.556100,true,3104,,0x2fe6349b77f8b704a4b6fda6a67fa440bb1a7ac8a5722ef77d23ee9340b379ca,0x3856ddcb158b17f68b73df84a4a414a2bfb3f8ddfd31447ba5d526e199cd1aa1,92.944600
theo_n,11,282,false,9,9,offchain,500,278,1.379500,124.872200,202.292300,203.671800,7.081000,true,3104,,0x2fe6349b77f8b704a4b6fda6a67fa440bb1a7ac8a5722ef77d23ee9340b379ca,0x3c982d4cab23cc667f3153144ce83370da4c30519337576650456290fdef4cca,93.873000
theo_n,11,283,false,9,9,offchain,500,279,1.334000,128.415100,205.250700,206.584700,7.264200,true,3104,,0x2fe6349b77f8b704a4b6fda6a67fa440bb1a7ac8a5722ef77d23ee9340b379ca,0x3a7dd69177b1615e8955d757be7644bfc671b3e6c0de5476c889722eb94fccc5,98.688400
theo_n,11,284,false,9,9,offchain,500,280,1.497300,126.087600,202.343300,203.840600,6.897700,true,3104,,0x2fe6349b77f8b704a4b6fda6a67fa440bb1a7ac8a5722ef77d23ee9340b379ca,0x331d5755c5fdcedf8aa7d4dd13abebb69444e39cc8b7753bd20fbe209dc9bb9b,93.676100
theo_n,11,285,false,9,9,offchain,500,281,1.443200,126.230000,219.957500,221.400700,6.854300,true,3104,,0x2fe6349b77f8b704a4b6fda6a67fa440bb1a7ac8a5722ef77d23ee9340b379ca,0x12456bad5ea5ac8701e9f1e0202e980193aac418c73990454cf01f0c6011efaf,94.510500
theo_n,11,286,false,9,9,offchain,500,282,1.419800,121.824500,200.292000,201.711800,6.889000,true,3104,,0x2fe6349b77f8b704a4b6fda6a67fa440bb1a7ac8a5722ef77d23ee9340b379ca,0x2c5c303bcdfb63737d7b992cbfa56555f48a5d4cd771732f2cb35390b57dc9dc,92.216900
theo_n,11,287,false,9,9,offchain,500,283,1.427800,123.333300,200.722600,202.150400,6.929000,true,3104,,0x2fe6349b77f8b704a4b6fda6a67fa440bb1a7ac8a5722ef77d23ee9340b379ca,0x398093a3ec3cb269bfeb8423a41a3c8706c772840b6047cb9b4426afce8a9426,93.865500
theo_n,11,288,false,9,9,offchain,500,284,1.362000,123.351200,200.500700,201.862700,7.040400,true,3104,,0x2fe6349b77f8b704a4b6fda6a67fa440bb1a7ac8a5722ef77d23ee9340b379ca,0x3fde75cc892a5ba434cb91628f9126ab6df18b3ceb5d532a4efed441fd682489,93.042200
theo_n,11,289,false,9,9,offchain,500,285,1.713700,121.807400,197.141300,198.855000,6.919200,true,3104,,0x2fe6349b77f8b704a4b6fda6a67fa440bb1a7ac8a5722ef77d23ee9340b379ca,0x1b488a0fc1dcc2b8432e72712ec910c013c293088017ac695bbb56dc71189a82,93.174300
theo_n,11,290,false,9,9,offchain,500,286,1.337400,121.635400,199.330200,200.667600,7.175900,true,3104,,0x2fe6349b77f8b704a4b6fda6a67fa440bb1a7ac8a5722ef77d23ee9340b379ca,0x22fb4ba332ae52ec2d4024446d91d18f297796869446a3db080838619881e933,93.743600
theo_n,11,291,false,9,9,offchain,500,287,1.380500,123.256900,199.199700,200.580200,7.105100,true,3104,,0x2fe6349b77f8b704a4b6fda6a67fa440bb1a7ac8a5722ef77d23ee9340b379ca,0x21f0d10ccf00498500d95ad876335c49b23c2fc18275790ae389669c8544088c,93.193300
theo_n,11,292,false,9,9,offchain,500,288,1.484600,121.564300,259.167800,260.652400,6.883500,true,3104,,0x2fe6349b77f8b704a4b6fda6a67fa440bb1a7ac8a5722ef77d23ee9340b379ca,0x3ede0864c77dc19ead38c4624d41076c05baded30dec030b254489dacb314aa1,97.177900
theo_n,11,293,false,9,9,offchain,500,289,1.397600,120.812800,217.087600,218.485200,7.308300,true,3104,,0x2fe6349b77f8b704a4b6fda6a67fa440bb1a7ac8a5722ef77d23ee9340b379ca,0x340a1d29a4decfa8de11ff64dae19d713515a9e9fad0946857f86c5058a12be3,92.533800
theo_n,11,294,false,9,9,offchain,500,290,1.401500,123.414300,199.678200,201.079700,6.903700,true,3104,,0x2fe6349b77f8b704a4b6fda6a67fa440bb1a7ac8a5722ef77d23ee9340b379ca,0x17ebbf9bd7f1ef4bb43fc2aaf729e168d717fdaaed1618ea96a49e7a1ce8430b,91.922300
theo_n,11,295,false,9,9,offchain,500,291,1.315900,122.180100,201.448100,202.764000,7.087800,true,3104,,0x2fe6349b77f8b704a4b6fda6a67fa440bb1a7ac8a5722ef77d23ee9340b379ca,0x3f524ee21daedd4379074e5c4d675d34891cff3535cd53839e421dea2a3d6e85,92.834000
theo_n,11,296,false,9,9,offchain,500,292,1.362100,123.448100,200.896400,202.258500,7.166500,true,3104,,0x2fe6349b77f8b704a4b6fda6a67fa440bb1a7ac8a5722ef77d23ee9340b379ca,0x157335c3a9879e6b3c9e51fdc67047e050c7ab9ebcd8dcc49193385aae72d64e,95.090400
theo_n,11,297,false,9,9,offchain,500,293,1.326300,122.794800,217.247400,218.573700,7.048800,true,3104,,0x2fe6349b77f8b704a4b6fda6a67fa440bb1a7ac8a5722ef77d23ee9340b379ca,0x13337dcf205363234901124ae87850237fba5a2cf97131377e393825d1790380,92.917600
theo_n,11,298,false,9,9,offchain,500,294,1.364900,123.362700,200.686700,202.051600,7.012200,true,3104,,0x2fe6349b77f8b704a4b6fda6a67fa440bb1a7ac8a5722ef77d23ee9340b379ca,0x0dea04404a701c0cd65f783a999494ee6f3135a604dc6f671711d7d0df94b871,92.554000
theo_n,11,299,false,9,9,offchain,500,295,2.048500,122.373200,200.083800,202.132300,6.968700,true,3104,,0x2fe6349b77f8b704a4b6fda6a67fa440bb1a7ac8a5722ef77d23ee9340b379ca,0x30f7ab3f5f6388b7ba4206b7fb8ceb4b450b9b4310d098a84b43a4b149c2d722,96.898600
theo_n,11,300,false,9,9,offchain,500,296,1.353600,121.863800,199.435600,200.789200,7.021300,true,3104,,0x2fe6349b77f8b704a4b6fda6a67fa440bb1a7ac8a5722ef77d23ee9340b379ca,0x28a4af16d1084e7845235a5d5f63de2a12e7320ca6294a0942e081ff3bbacad9,91.668200
theo_n,11,301,false,9,9,offchain,500,297,1.341400,121.360900,200.422000,201.763400,7.029000,true,3104,,0x2fe6349b77f8b704a4b6fda6a67fa440bb1a7ac8a5722ef77d23ee9340b379ca,0x3669da98be6664f44c90fb9012c1831e02bf594cac32b81e0b35209a0f0bb5df,94.868000
theo_n,11,302,false,9,9,offchain,500,298,1.349000,121.238400,197.023000,198.372000,7.113400,true,3104,,0x2fe6349b77f8b704a4b6fda6a67fa440bb1a7ac8a5722ef77d23ee9340b379ca,0x207acd53d1b605cf54c1b07e87961e217936864c0f8d70631c7f4ccf00338787,96.173900
theo_n,11,303,false,9,9,offchain,500,299,1.405200,127.018200,200.458300,201.863500,6.930900,true,3104,,0x2fe6349b77f8b704a4b6fda6a67fa440bb1a7ac8a5722ef77d23ee9340b379ca,0x36a9d881956a99b6c4d00e5cc062e85f306b1a4a7190cef1a2ef0846b0d191fd,91.448600
theo_n,11,304,false,9,9,offchain,500,300,1.392500,121.145400,198.777100,200.169600,7.053600,true,3104,,0x2fe6349b77f8b704a4b6fda6a67fa440bb1a7ac8a5722ef77d23ee9340b379ca,0x3fae27074f78318b40a5df48f9a4168edf2929fc4ae11181ad1e34674ad615ae,94.033900
theo_n,11,305,false,9,9,offchain,500,301,1.357600,124.301000,205.235400,206.593000,7.240500,true,3104,,0x2fe6349b77f8b704a4b6fda6a67fa440bb1a7ac8a5722ef77d23ee9340b379ca,0x179ed4f1e47bb2d4c7e943d5fcb028702e81f974502e699c16aded2d973ce903,93.965400
theo_n,11,306,false,9,9,offchain,500,302,1.359500,175.206900,205.808400,207.167900,7.217900,true,3104,,0x2fe6349b77f8b704a4b6fda6a67fa440bb1a7ac8a5722ef77d23ee9340b379ca,0x257a10a072da953507bf7f7e39cf767facefa1ae5201db7269f3566da3a0db78,92.574600
theo_n,11,307,false,9,9,offchain,500,303,1.331200,122.623200,199.268700,200.599900,6.942000,true,3104,,0x2fe6349b77f8b704a4b6fda6a67fa440bb1a7ac8a5722ef77d23ee9340b379ca,0x051b473f56ec28fe51543496572291a9273d057b8792a3cda248a8e3e1e72c63,93.052300
theo_n,11,308,false,9,9,offchain,500,304,1.446200,122.048300,202.109100,203.555300,7.339500,true,3104,,0x2fe6349b77f8b704a4b6fda6a67fa440bb1a7ac8a5722ef77d23ee9340b379ca,0x33550cff5afe5a46c0fc9e6bbe27c1bd0d0eb09e731b2a2ad6ca242f176eee48,100.448900
theo_n,11,309,false,9,9,offchain,500,305,1.383800,130.323000,219.859600,221.243400,7.295500,true,3104,,0x2fe6349b77f8b704a4b6fda6a67fa440bb1a7ac8a5722ef77d23ee9340b379ca,0x347f82166c38900f4a468baac0278c52182223cea86af366433ee9931c3c839b,97.747500
theo_n,11,310,false,9,9,offchain,500,306,1.440700,127.846000,205.613800,207.054500,7.390300,true,3104,,0x2fe6349b77f8b704a4b6fda6a67fa440bb1a7ac8a5722ef77d23ee9340b379ca,0x1b7af93cf07c2cff41925485f3f11a822e3e54a05fc157c971dd2dd3caa252e0,93.421700
theo_n,11,311,false,9,9,offchain,500,307,1.462700,124.782300,202.884800,204.347500,7.238000,true,3104,,0x2fe6349b77f8b704a4b6fda6a67fa440bb1a7ac8a5722ef77d23ee9340b379ca,0x3a4fef6a829b927be652b82d2ebb3859337bbe7c5f35aa83eae3a43c465dc17c,94.757500
theo_n,11,312,false,9,9,offchain,500,308,1.569700,122.735600,197.788300,199.358000,6.871600,true,3104,,0x2fe6349b77f8b704a4b6fda6a67fa440bb1a7ac8a5722ef77d23ee9340b379ca,0x2a5170186b86aba23bc902c9f2fd58e05332b3d2e7d84c3f08a3582aae8e571b,93.023700
theo_n,11,313,false,9,9,offchain,500,309,1.416200,121.865100,196.904000,198.320200,7.107800,true,3104,,0x2fe6349b77f8b704a4b6fda6a67fa440bb1a7ac8a5722ef77d23ee9340b379ca,0x171632cbe67b8a7f89caa9d0599bb09d50ab35a070d6d2208aace0c5b826a236,93.259900
theo_n,11,314,false,9,9,offchain,500,310,1.385900,121.701200,200.578600,201.964500,6.968900,true,3104,,0x2fe6349b77f8b704a4b6fda6a67fa440bb1a7ac8a5722ef77d23ee9340b379ca,0x013788cf05df5b97a491378c5c86531a12ae3915164b08eb88b317230ac57204,92.818900
theo_n,11,315,false,9,9,offchain,500,311,1.370700,122.574800,200.028300,201.399000,6.973400,true,3104,,0x2fe6349b77f8b704a4b6fda6a67fa440bb1a7ac8a5722ef77d23ee9340b379ca,0x0bcdb5fbccd7e14d5e7a421b030cba7754ffa4b72bda954f22a43bde7125a8ee,96.333400
theo_n,11,316,false,9,9,offchain,500,312,1.344600,121.816900,201.504500,202.849100,6.736100,true,3104,,0x2fe6349b77f8b704a4b6fda6a67fa440bb1a7ac8a5722ef77d23ee9340b379ca,0x0b1a913db7e13ccb94206caa0a06615433f6757e7f11fd42df2b58de1f8462ad,92.456900
theo_n,11,317,false,9,9,offchain,500,313,1.381900,121.554100,266.695400,268.077300,7.892600,true,3104,,0x2fe6349b77f8b704a4b6fda6a67fa440bb1a7ac8a5722ef77d23ee9340b379ca,0x28183fc9feb87ed8bd0f5bef335a502896c57e0580fb209ae814b76f95db15e6,103.229000
theo_n,11,318,false,9,9,offchain,500,314,1.408400,130.703900,204.865200,206.273600,7.393300,true,3104,,0x2fe6349b77f8b704a4b6fda6a67fa440bb1a7ac8a5722ef77d23ee9340b379ca,0x39a87344e49adf7c12e72b95d5a757a75896a0eeba260715ac5b7df993b22ad3,94.360700
theo_n,11,319,false,9,9,offchain,500,315,1.455200,127.962000,204.308100,205.763300,7.130700,true,3104,,0x2fe6349b77f8b704a4b6fda6a67fa440bb1a7ac8a5722ef77d23ee9340b379ca,0x0eee191ed5a62b9de7667c1788c1bc2988886fbb14d26fda11e78abbfdfbd49c,95.788300
theo_n,11,320,false,9,9,offchain,500,316,1.459400,125.621100,207.765100,209.224500,7.332500,true,3104,,0x2fe6349b77f8b704a4b6fda6a67fa440bb1a7ac8a5722ef77d23ee9340b379ca,0x0ecd70e7cef9dba50bab70bf822dd8bea1c051e51d23c84becb490b7a952a76b,92.910800
theo_n,11,321,false,9,9,offchain,500,317,1.420500,122.833900,199.877700,201.298200,6.981700,true,3104,,0x2fe6349b77f8b704a4b6fda6a67fa440bb1a7ac8a5722ef77d23ee9340b379ca,0x3158f43ace72da14dd6b26300c09a7b969d8544e0792be0786c39c8b3ba9345f,92.011100
theo_n,11,322,false,9,9,offchain,500,318,1.411800,120.616900,200.273200,201.685000,7.022200,true,3104,,0x2fe6349b77f8b704a4b6fda6a67fa440bb1a7ac8a5722ef77d23ee9340b379ca,0x3713cd417ddd28e4f636acf46b0d2a2b069c5b5b9305797764c66795581075e8,94.287400
theo_n,11,323,false,9,9,offchain,500,319,1.328700,122.027200,206.231500,207.560200,6.911100,true,3104,,0x2fe6349b77f8b704a4b6fda6a67fa440bb1a7ac8a5722ef77d23ee9340b379ca,0x2164cbce29a7cf495a8b71b01864fe7a90bdfab983596dc3d0b434da5a980108,92.421400
theo_n,11,324,false,9,9,offchain,500,320,1.383400,121.904900,195.605500,196.988900,6.952400,true,3104,,0x2fe6349b77f8b704a4b6fda6a67fa440bb1a7ac8a5722ef77d23ee9340b379ca,0x20f2bd23c9ed0d7117d857701ebc07eadf7853be8ba31fa915c6839c5899e9ef,92.147400
theo_n,11,325,false,9,9,offchain,500,321,1.664000,122.231300,197.012000,198.676000,6.945800,true,3104,,0x2fe6349b77f8b704a4b6fda6a67fa440bb1a7ac8a5722ef77d23ee9340b379ca,0x3597e04abb934a138da489621b0f15765db7308d36fce7c46e2792e512645315,94.972000
theo_n,11,326,false,9,9,offchain,500,322,1.345100,123.083200,205.351200,206.696300,6.971900,true,3104,,0x2fe6349b77f8b704a4b6fda6a67fa440bb1a7ac8a5722ef77d23ee9340b379ca,0x3a701293f7c5a23f34bfce770d2803fb8f92196d1860967205c2c412a11f78d5,94.433400
theo_n,11,327,false,9,9,offchain,500,323,1.334600,123.837400,199.093800,200.428400,6.804500,true,3104,,0x2fe6349b77f8b704a4b6fda6a67fa440bb1a7ac8a5722ef77d23ee9340b379ca,0x11041ba6a9ec3b138050f1ab766baacb1c22c088e02f8582213671563dce0dab,92.719200
theo_n,11,328,false,9,9,offchain,500,324,1.421300,120.997900,198.438100,199.859400,7.107900,true,3104,,0x2fe6349b77f8b704a4b6fda6a67fa440bb1a7ac8a5722ef77d23ee9340b379ca,0x1eea43fd85f24d8eb08c09904728517c6f0c63eea53dcd8f2a7e37e6d0255896,93.815200
theo_n,11,329,false,9,9,offchain,500,325,1.395500,122.515700,203.043100,204.438600,7.131400,true,3104,,0x2fe6349b77f8b704a4b6fda6a67fa440bb1a7ac8a5722ef77d23ee9340b379ca,0x0e1f7beb5bc8c79b8ed2cd2df1f5a03110a0719a39ee4339cbec85c5940a74f9,91.799800
theo_n,11,330,false,9,9,offchain,500,326,1.347900,124.634800,207.373200,208.721100,7.190600,true,3104,,0x2fe6349b77f8b704a4b6fda6a67fa440bb1a7ac8a5722ef77d23ee9340b379ca,0x04e8ef58a3bd6c7f38cf6f14c65181eda94b34915bf24e27146c41fe0d6560be,92.585800
theo_n,11,331,false,9,9,offchain,500,327,1.403900,123.502600,201.272700,202.676600,7.148600,true,3104,,0x2fe6349b77f8b704a4b6fda6a67fa440bb1a7ac8a5722ef77d23ee9340b379ca,0x26246755fecd067b39a8e935e54a4e4412200f2976bf6f04b38655d28968c044,154.510400
theo_n,11,332,false,9,9,offchain,500,328,1.616800,126.173600,204.902700,206.519500,7.413500,true,3104,,0x2fe6349b77f8b704a4b6fda6a67fa440bb1a7ac8a5722ef77d23ee9340b379ca,0x2e5ed345613174629d8d0c1c7e6fca731d1f298a7b35eaa0c22874528ca44b14,99.893900
theo_n,11,333,false,9,9,offchain,500,329,1.362000,124.098400,200.705700,202.067700,6.933800,true,3104,,0x2fe6349b77f8b704a4b6fda6a67fa440bb1a7ac8a5722ef77d23ee9340b379ca,0x1ce4878c276eaac2c919e2a0f48adcdc76e6aedfa92a1b0f492bf12b2af33f60,92.164500
theo_n,11,334,false,9,9,offchain,500,330,1.363500,121.092900,196.484300,197.847800,6.946600,true,3104,,0x2fe6349b77f8b704a4b6fda6a67fa440bb1a7ac8a5722ef77d23ee9340b379ca,0x0feafc223ea42d9589ed7dc80fff327b46bd9cfb2b2ca8a0988bde5c8d9d863d,92.893600
theo_n,11,335,false,9,9,offchain,500,331,1.312900,122.277400,198.987800,200.300700,6.986000,true,3104,,0x2fe6349b77f8b704a4b6fda6a67fa440bb1a7ac8a5722ef77d23ee9340b379ca,0x0e475319efaeda817757ae6de3c7b4b115eb55403500b7dfca1bda72e222d8b1,92.064900
theo_n,11,336,false,9,9,offchain,500,332,1.377100,123.178400,198.458500,199.835600,6.895300,true,3104,,0x2fe6349b77f8b704a4b6fda6a67fa440bb1a7ac8a5722ef77d23ee9340b379ca,0x13dae4f73fb8ad970f7bb2776a879a7449d7fd3a88f49771e84d43ffc3255cc9,92.229500
theo_n,11,337,false,9,9,offchain,500,333,1.327100,122.072900,196.316800,197.643900,7.315800,true,3104,,0x2fe6349b77f8b704a4b6fda6a67fa440bb1a7ac8a5722ef77d23ee9340b379ca,0x2a9af6815b5db105ccef9d46a5e41c903a16795ed7579b131e2170167e9f93d3,100.353000
theo_n,11,338,false,9,9,offchain,500,334,1.920000,123.580100,200.723200,202.643200,6.958400,true,3104,,0x2fe6349b77f8b704a4b6fda6a67fa440bb1a7ac8a5722ef77d23ee9340b379ca,0x11bbbf1caa40d9afa60d20142dc7b40ae4c47413b10780dc49a3656b0cad8f9a,92.347500
theo_n,11,339,false,9,9,offchain,500,335,1.429000,122.930600,199.091900,200.520900,6.850200,true,3104,,0x2fe6349b77f8b704a4b6fda6a67fa440bb1a7ac8a5722ef77d23ee9340b379ca,0x19ecbcd0233d6c5d3f9baf4d27ed7e9e0c3848253d725b375bb60867e649f3d9,93.938800
theo_n,11,340,false,9,9,offchain,500,336,1.333000,122.827000,197.583400,198.916400,7.361200,true,3104,,0x2fe6349b77f8b704a4b6fda6a67fa440bb1a7ac8a5722ef77d23ee9340b379ca,0x3dcc71fab3c774dfa96e1df6ffdace3f3b2073e9ed443e576727638e8f28f713,94.069700
theo_n,11,341,false,9,9,offchain,500,337,1.401300,124.238900,201.328300,202.729600,6.962000,true,3104,,0x2fe6349b77f8b704a4b6fda6a67fa440bb1a7ac8a5722ef77d23ee9340b379ca,0x2b1048ca7c72ab76435f1c2f09d95a106d813e5e0dd341a4497247c766f58067,92.959900
theo_n,11,342,false,9,9,offchain,500,338,1.442700,120.842100,199.727700,201.170400,6.891800,true,3104,,0x2fe6349b77f8b704a4b6fda6a67fa440bb1a7ac8a5722ef77d23ee9340b379ca,0x1f859c226fa916bad9c684a17fde078129fa30ceca3b0f6b8cff1e0192022653,91.988200
theo_n,11,343,false,9,9,offchain,500,339,1.329200,121.136500,199.396700,200.725900,7.143500,true,3104,,0x2fe6349b77f8b704a4b6fda6a67fa440bb1a7ac8a5722ef77d23ee9340b379ca,0x11d2cacbaeaae9e3e739ff084d60cc7a2b2a51a16f95e1fc934bc24a8b9ac4bd,93.530100
theo_n,11,344,false,9,9,offchain,500,340,1.499900,124.467500,200.910600,202.410500,6.801400,true,3104,,0x2fe6349b77f8b704a4b6fda6a67fa440bb1a7ac8a5722ef77d23ee9340b379ca,0x20a6237640b652c2ec5a6b3cde15c5cc3e91bb391eb0f6f9ae9c8ef77ce520d9,92.276500
theo_n,11,345,false,9,9,offchain,500,341,1.325200,120.765100,253.790000,255.115200,7.317000,true,3104,,0x2fe6349b77f8b704a4b6fda6a67fa440bb1a7ac8a5722ef77d23ee9340b379ca,0x23267799196fe59cf8521dba9ac922378800fcfad499bd64f6b09b35a533382c,92.043100
theo_n,11,346,false,9,9,offchain,500,342,1.323600,122.947400,203.322200,204.645800,6.920600,true,3104,,0x2fe6349b77f8b704a4b6fda6a67fa440bb1a7ac8a5722ef77d23ee9340b379ca,0x008c87b89c78cc57932522061498ea65abd02940d360b323de35bd5cd452bf2f,92.486600
theo_n,11,347,false,9,9,offchain,500,343,1.372800,122.321800,200.217300,201.590100,7.216500,true,3104,,0x2fe6349b77f8b704a4b6fda6a67fa440bb1a7ac8a5722ef77d23ee9340b379ca,0x33e842b06e948f99c3241747cdf4ed2d211f74f0deb364d517de542f9cfdea76,96.345600
theo_n,11,348,false,9,9,offchain,500,344,1.423300,123.600100,203.862600,205.285900,7.240800,true,3104,,0x2fe6349b77f8b704a4b6fda6a67fa440bb1a7ac8a5722ef77d23ee9340b379ca,0x05e5e60147e8d2e2c9a4b1ad50a0a96d938eecbe964e4fce44f2596131450a22,93.227900
theo_n,11,349,false,9,9,offchain,500,345,1.488700,124.108100,200.448500,201.937200,7.262600,true,3104,,0x2fe6349b77f8b704a4b6fda6a67fa440bb1a7ac8a5722ef77d23ee9340b379ca,0x011b716aeeb26286a543b77a9234d4fba9f30010faf2942d8545354ff3282c36,92.511300
theo_n,11,350,false,9,9,offchain,500,346,1.731100,123.660300,199.404800,201.135900,6.953300,true,3104,,0x2fe6349b77f8b704a4b6fda6a67fa440bb1a7ac8a5722ef77d23ee9340b379ca,0x24c1cc499b4c66d2811e8bf3f46762c620849bddcbb107395dbc006881ff2e93,94.653100
theo_n,11,351,false,9,9,offchain,500,347,1.365700,121.985200,200.011900,201.377600,6.879300,true,3104,,0x2fe6349b77f8b704a4b6fda6a67fa440bb1a7ac8a5722ef77d23ee9340b379ca,0x2a82e7c0a7493283de9d7235505483fb52f564e7c17b0f6c68e1628888a98aae,97.249900
theo_n,11,352,false,9,9,offchain,500,348,1.381300,126.009600,204.075300,205.456600,7.209100,true,3104,,0x2fe6349b77f8b704a4b6fda6a67fa440bb1a7ac8a5722ef77d23ee9340b379ca,0x13bbf2f0951ef946b35efc83f75af9cb87cd8ca84cf7a8d02d2fcbedd30a2b06,94.117800
theo_n,11,353,false,9,9,offchain,500,349,1.455300,125.128200,202.379800,203.835100,7.206900,true,3104,,0x2fe6349b77f8b704a4b6fda6a67fa440bb1a7ac8a5722ef77d23ee9340b379ca,0x026ddb8d253c842fd31bafe8d44d63f0e7222dfb62bff3244a09138f2cb1262e,92.637400
theo_n,11,354,false,9,9,offchain,500,350,1.355300,124.587600,201.992100,203.347400,6.887400,true,3104,,0x2fe6349b77f8b704a4b6fda6a67fa440bb1a7ac8a5722ef77d23ee9340b379ca,0x13c6f51707e7ab8a10b57d92407e719a900fb331cb123f39e39dd00c59bf206e,92.345100
theo_n,11,355,false,9,9,offchain,500,351,1.359000,122.930300,219.155000,220.514000,7.254100,true,3104,,0x2fe6349b77f8b704a4b6fda6a67fa440bb1a7ac8a5722ef77d23ee9340b379ca,0x326793c06bcbf56be496c63804b6ce49d4f524894d05524920463eb1f405219b,95.631900
theo_n,11,356,false,9,9,offchain,500,352,1.459900,127.006300,211.011500,212.471400,6.913900,true,3104,,0x2fe6349b77f8b704a4b6fda6a67fa440bb1a7ac8a5722ef77d23ee9340b379ca,0x2a785a4ab903731680b64b192038c7225ff9481122529ba90a243d5243421419,92.420500
theo_n,11,357,false,9,9,offchain,500,353,1.647300,121.494700,202.427000,204.074300,6.947200,true,3104,,0x2fe6349b77f8b704a4b6fda6a67fa440bb1a7ac8a5722ef77d23ee9340b379ca,0x1ac34198255b23ce92d3efcd9ed10a68aca01cc91af53b232c243f2077e9d8ca,92.154000
theo_n,11,358,false,9,9,offchain,500,354,1.319200,122.543500,198.673500,199.992700,6.859200,true,3104,,0x2fe6349b77f8b704a4b6fda6a67fa440bb1a7ac8a5722ef77d23ee9340b379ca,0x0ece68e28fa66c858202ec7e2b0122b790d3c8a6e32164de2ccff3f2f8f9c1cd,96.199000
theo_n,11,359,false,9,9,offchain,500,355,1.929900,150.009400,226.978000,228.907900,7.236900,true,3104,,0x2fe6349b77f8b704a4b6fda6a67fa440bb1a7ac8a5722ef77d23ee9340b379ca,0x3fb5b4605b8c379a43823d36cad4659531e671fb44eaac20784a6e297b6b185a,95.845900
theo_n,11,360,false,9,9,offchain,500,356,1.430200,122.005100,206.761500,208.191700,6.921600,true,3104,,0x2fe6349b77f8b704a4b6fda6a67fa440bb1a7ac8a5722ef77d23ee9340b379ca,0x21569add1ae527eac5dee3180e1fbbbdab52d47bbd92292baf1ce1266d839fe2,92.243400
theo_n,11,361,false,9,9,offchain,500,357,1.333800,121.338700,199.750700,201.084500,7.055600,true,3104,,0x2fe6349b77f8b704a4b6fda6a67fa440bb1a7ac8a5722ef77d23ee9340b379ca,0x2190cb22b8717fc0037afcaec5b056909afa93753955b5637fe50ac35f7688cf,92.989700
theo_n,11,362,false,9,9,offchain,500,358,1.327700,124.712600,202.228100,203.555800,7.011800,true,3104,,0x2fe6349b77f8b704a4b6fda6a67fa440bb1a7ac8a5722ef77d23ee9340b379ca,0x129736d53a640c95ca9cec89e0d9f9ec7b3e3aa8c73427ed8d11c6285b19ab42,95.175900
theo_n,11,363,false,9,9,offchain,500,359,1.327000,122.270000,197.857700,199.184700,6.926000,true,3104,,0x2fe6349b77f8b704a4b6fda6a67fa440bb1a7ac8a5722ef77d23ee9340b379ca,0x1578dced60b0bd291ce8f05f8191d20f4249f1357f2cd2e902c02b9b479e33ee,95.793700
theo_n,11,364,false,9,9,offchain,500,360,1.324800,132.439200,224.671500,225.996300,8.057400,true,3104,,0x2fe6349b77f8b704a4b6fda6a67fa440bb1a7ac8a5722ef77d23ee9340b379ca,0x233878d89fbc8ae41d1378e8c1a297efaba276372c6530c711c097556b0d6ede,106.872500
theo_n,11,365,false,9,9,offchain,500,361,1.442700,138.145100,207.914100,209.356800,7.170800,true,3104,,0x2fe6349b77f8b704a4b6fda6a67fa440bb1a7ac8a5722ef77d23ee9340b379ca,0x3a089bd539d33fe66e3e981b9b4c43c00a1380eb25eb1e6c38799369b9ea8b65,98.550400
theo_n,11,366,false,9,9,offchain,500,362,1.375600,126.536000,202.707000,204.082600,7.160900,true,3104,,0x2fe6349b77f8b704a4b6fda6a67fa440bb1a7ac8a5722ef77d23ee9340b379ca,0x02e9489b7e19c32707c75e2fb97be6d79420a4a232fbd440ac12beaecc6eacd4,94.007300
theo_n,11,367,false,9,9,offchain,500,363,1.427000,126.891900,205.062500,206.489500,7.824700,true,3104,,0x2fe6349b77f8b704a4b6fda6a67fa440bb1a7ac8a5722ef77d23ee9340b379ca,0x1129b0c78fd745eae82f15d7cf92a7a6a845343bd62256749101cf2f1a2e4c4d,93.776000
theo_n,11,368,false,9,9,offchain,500,364,1.411800,124.503600,201.960100,203.371900,6.936900,true,3104,,0x2fe6349b77f8b704a4b6fda6a67fa440bb1a7ac8a5722ef77d23ee9340b379ca,0x3da8527b99c305c392fbfd5b3a4a991d111f71e0c8a78d67507376d1e94f3965,92.073700
theo_n,11,369,false,9,9,offchain,500,365,1.376700,124.182200,201.413600,202.790300,6.862000,true,3104,,0x2fe6349b77f8b704a4b6fda6a67fa440bb1a7ac8a5722ef77d23ee9340b379ca,0x042d5a1e48d2bf3bd28eb0fc24f1bfc8e189623ee458395c929d2429dae4442f,93.061400
theo_n,11,370,false,9,9,offchain,500,366,1.603900,129.025800,203.526100,205.130000,6.959400,true,3104,,0x2fe6349b77f8b704a4b6fda6a67fa440bb1a7ac8a5722ef77d23ee9340b379ca,0x374f33159c146e929ca5e328eab53d92a8e8884fa2f86cd62d37567a33e1a097,94.760800
theo_n,11,371,false,9,9,offchain,500,367,1.316900,122.137100,198.743200,200.060100,6.860500,true,3104,,0x2fe6349b77f8b704a4b6fda6a67fa440bb1a7ac8a5722ef77d23ee9340b379ca,0x075352174bb597312f9de58525b513aa9c1a0fb332e10136431936e4861f718b,92.823900
theo_n,11,372,false,9,9,offchain,500,368,1.330500,121.854400,198.822000,200.152500,7.237400,true,3104,,0x2fe6349b77f8b704a4b6fda6a67fa440bb1a7ac8a5722ef77d23ee9340b379ca,0x3a17f2cc008f2c1cec3fd09e6c832a4e68e4fc160f8159930d5f1ece679a441c,97.537500
theo_n,11,373,false,9,9,offchain,500,369,1.923400,172.493200,205.746000,207.669400,6.849600,true,3104,,0x2fe6349b77f8b704a4b6fda6a67fa440bb1a7ac8a5722ef77d23ee9340b379ca,0x37b4cccdf08f4492d349745827729d64bbbbecb9811fb5defc9442e3717bf1cb,94.405700
theo_n,11,374,false,9,9,offchain,500,370,1.433400,122.711400,199.685100,201.118500,6.814800,true,3104,,0x2fe6349b77f8b704a4b6fda6a67fa440bb1a7ac8a5722ef77d23ee9340b379ca,0x035ef62a1666ae0b02052216bacd31c279328d9a072d3a0fc1a2a0662738f740,93.370000
theo_n,11,375,false,9,9,offchain,500,371,1.386200,121.577000,200.932000,202.318200,7.375700,true,3104,,0x2fe6349b77f8b704a4b6fda6a67fa440bb1a7ac8a5722ef77d23ee9340b379ca,0x10ba46cae20a9c421f1f0690b1e02a94a2c83bc5f14cadb487e8d219812a623a,93.856600
theo_n,11,376,false,9,9,offchain,500,372,1.413300,123.523400,200.409100,201.822400,6.796300,true,3104,,0x2fe6349b77f8b704a4b6fda6a67fa440bb1a7ac8a5722ef77d23ee9340b379ca,0x0b268baed98346a87778c554922b4611b5b073c2c8db0ad259fbc7a8b742d395,93.171000
theo_n,11,377,false,9,9,offchain,500,373,1.345900,121.911800,200.438600,201.784500,7.055900,true,3104,,0x2fe6349b77f8b704a4b6fda6a67fa440bb1a7ac8a5722ef77d23ee9340b379ca,0x11f002b23237094e2e05eef8d181e739a6b0523b73ab31081561e59b11fe10d0,93.532200
theo_n,11,378,false,9,9,offchain,500,374,1.338300,121.788300,197.490900,198.829200,7.051500,true,3104,,0x2fe6349b77f8b704a4b6fda6a67fa440bb1a7ac8a5722ef77d23ee9340b379ca,0x3738afc4528020bc3732e8d1a66ee12ac4fe368b12952cea53eee21e014c58f6,93.471400
theo_n,11,379,false,9,9,offchain,500,375,1.452500,122.649700,199.632900,201.085400,6.785500,true,3104,,0x2fe6349b77f8b704a4b6fda6a67fa440bb1a7ac8a5722ef77d23ee9340b379ca,0x0b12c1a884e88866e4cbc3a87953722b865c93e70b62920cad0fa4f182984fe7,98.833600
theo_n,11,380,false,9,9,offchain,500,376,1.327300,122.758800,198.674300,200.001600,7.595700,true,3104,,0x2fe6349b77f8b704a4b6fda6a67fa440bb1a7ac8a5722ef77d23ee9340b379ca,0x2de70f6291ae06b5a1c5819bf3fa7e836e6d130dc5cfeb3fde08d0dad953be0d,92.081900
theo_n,11,381,false,9,9,offchain,500,377,1.417700,125.137500,201.475200,202.892900,7.212400,true,3104,,0x2fe6349b77f8b704a4b6fda6a67fa440bb1a7ac8a5722ef77d23ee9340b379ca,0x2340d67cb0b0ee0ac46f075b0f811c160bc5b5505b9520e13e19d10c4f190b2e,92.197300
theo_n,11,382,false,9,9,offchain,500,378,1.448500,124.862800,202.074000,203.522500,6.973600,true,3104,,0x2fe6349b77f8b704a4b6fda6a67fa440bb1a7ac8a5722ef77d23ee9340b379ca,0x0529dafcf5a6f2872f62d09a548256ea171d3de17be784115826d5e20ab80de2,96.861600
theo_n,11,383,false,9,9,offchain,500,379,1.383400,121.220300,197.375000,198.758400,7.335700,true,3104,,0x2fe6349b77f8b704a4b6fda6a67fa440bb1a7ac8a5722ef77d23ee9340b379ca,0x3e1c806ad5148452804b6382cbf1920552432565d63a6ed0f9656008d14be5ab,93.849300
theo_n,11,384,false,9,9,offchain,500,380,1.378300,122.663800,199.675800,201.054100,7.289100,true,3104,,0x2fe6349b77f8b704a4b6fda6a67fa440bb1a7ac8a5722ef77d23ee9340b379ca,0x28f408e14b0a24ff7fd5c4e448cf69da0c0ea5c9015e52e92625706da6cbb5de,100.584800
theo_n,11,385,false,9,9,offchain,500,381,1.384600,131.787400,212.553100,213.937700,7.252600,true,3104,,0x2fe6349b77f8b704a4b6fda6a67fa440bb1a7ac8a5722ef77d23ee9340b379ca,0x37002acc711b23105cea799b1f74dd32db4c6b3c2f1a239f202b40ebba1c7a1a,101.756700
theo_n,11,386,false,9,9,offchain,500,382,2.326300,166.132500,234.446600,236.772900,7.467200,true,3104,,0x2fe6349b77f8b704a4b6fda6a67fa440bb1a7ac8a5722ef77d23ee9340b379ca,0x0ad3f8032521ba04ffcd84af6bbb0f2f23c4cf6ed3ae1aa844fb2d2eed83761a,103.136100
theo_n,11,387,false,9,9,offchain,500,383,2.068000,130.859700,209.253200,211.321200,7.307900,true,3104,,0x2fe6349b77f8b704a4b6fda6a67fa440bb1a7ac8a5722ef77d23ee9340b379ca,0x1a8fae573317e02deebf6e3f3cf71f48cd6a883242b271017f8653b41eea5609,99.352300
theo_n,11,388,false,9,9,offchain,500,384,1.376500,127.402800,216.753100,218.129600,7.212300,true,3104,,0x2fe6349b77f8b704a4b6fda6a67fa440bb1a7ac8a5722ef77d23ee9340b379ca,0x17efbd9b6c261dba41228775e46535f336fcb9e9e5c3586cbcb3e40bbe3703c7,96.645100
theo_n,11,389,false,9,9,offchain,500,385,1.628200,126.166800,202.668400,204.296600,7.792300,true,3104,,0x2fe6349b77f8b704a4b6fda6a67fa440bb1a7ac8a5722ef77d23ee9340b379ca,0x0007f8c57a174dea30f97f2bd65a127798c24a0e119e8f10774b22887554208f,94.576900
theo_n,11,390,false,9,9,offchain,500,386,1.342500,128.762000,208.540800,209.883300,7.237900,true,3104,,0x2fe6349b77f8b704a4b6fda6a67fa440bb1a7ac8a5722ef77d23ee9340b379ca,0x0ebe5e703e22a677886e132cbcbcbae892c71a7e546c89607bc3143fb1a9fe65,92.362000
theo_n,11,391,false,9,9,offchain,500,387,1.418500,123.130900,203.922400,205.340900,7.267800,true,3104,,0x2fe6349b77f8b704a4b6fda6a67fa440bb1a7ac8a5722ef77d23ee9340b379ca,0x09c70756981fddd8607cfc8f849599f7371618dcc04162976b79f47ce6ba3757,93.400100
theo_n,11,392,false,9,9,offchain,500,388,1.643200,125.081300,201.702000,203.345200,6.886800,true,3104,,0x2fe6349b77f8b704a4b6fda6a67fa440bb1a7ac8a5722ef77d23ee9340b379ca,0x155869798febc9ecb2551cad19e79dc00b155bfa29559fe1261ef2f487ddf703,92.537700
theo_n,11,393,false,9,9,offchain,500,389,1.352900,121.492000,204.139800,205.492700,7.018800,true,3104,,0x2fe6349b77f8b704a4b6fda6a67fa440bb1a7ac8a5722ef77d23ee9340b379ca,0x319bd6cfccaaf092ec5822b4d997bfcf3cde92c3d68bf7d4fb633a4587893e28,93.764400
theo_n,11,394,false,9,9,offchain,500,390,1.371200,122.144500,202.943000,204.314200,7.027200,true,3104,,0x2fe6349b77f8b704a4b6fda6a67fa440bb1a7ac8a5722ef77d23ee9340b379ca,0x261de1ec6c6a78cce00bf993c58bcfdf7a8d1e8c658d5ee5f5d31181ebedcdb9,93.785700
theo_n,11,395,false,9,9,offchain,500,391,1.363900,121.979800,204.121600,205.485500,6.926200,true,3104,,0x2fe6349b77f8b704a4b6fda6a67fa440bb1a7ac8a5722ef77d23ee9340b379ca,0x01332cc5ca3061b027fe435f19121ae29e16e76e32873c9229c3b8497991ff6c,92.550600
theo_n,11,396,false,9,9,offchain,500,392,1.469200,122.024600,199.805900,201.275100,6.974400,true,3104,,0x2fe6349b77f8b704a4b6fda6a67fa440bb1a7ac8a5722ef77d23ee9340b379ca,0x01cb378e68d25abc36049bbc8760774aa76e0d1d6339b1fb08706a4002e00aa9,97.092800
theo_n,11,397,false,9,9,offchain,500,393,1.321100,122.521700,198.759500,200.080600,6.981100,true,3104,,0x2fe6349b77f8b704a4b6fda6a67fa440bb1a7ac8a5722ef77d23ee9340b379ca,0x1bfd5883a01607c559d2bc2025067c8f5d34ac0417c50a9dd06daaced5e6ae47,95.160800
theo_n,11,398,false,9,9,offchain,500,394,1.342400,122.061000,196.138200,197.480600,6.802600,true,3104,,0x2fe6349b77f8b704a4b6fda6a67fa440bb1a7ac8a5722ef77d23ee9340b379ca,0x06b2ff4837c6fca500963fb4613f52699eb0d585a21e344150afaf5debd68768,93.153300
theo_n,11,399,false,9,9,offchain,500,395,1.377300,122.569500,258.959800,260.337100,6.875700,true,3104,,0x2fe6349b77f8b704a4b6fda6a67fa440bb1a7ac8a5722ef77d23ee9340b379ca,0x1d1cb6e530fd074c994d87bec78057495a6fe90ac3049144ccf0539c1d0e9efd,94.256200
theo_n,11,400,false,9,9,offchain,500,396,1.376000,121.582900,199.669400,201.045400,6.949700,true,3104,,0x2fe6349b77f8b704a4b6fda6a67fa440bb1a7ac8a5722ef77d23ee9340b379ca,0x30169759c6946c413cd35964d87491e00ca78d5e90cdfbf2309aea745863849a,92.168400
theo_n,11,401,false,9,9,offchain,500,397,1.369900,121.369300,196.657400,198.027300,6.850500,true,3104,,0x2fe6349b77f8b704a4b6fda6a67fa440bb1a7ac8a5722ef77d23ee9340b379ca,0x17b8ed81af3a720c87c8e8c74a649f22fb8f8dbfe0059ea9ca0f73524f967977,95.879400
theo_n,11,402,false,9,9,offchain,500,398,1.534600,121.590000,207.103900,208.638500,7.243300,true,3104,,0x2fe6349b77f8b704a4b6fda6a67fa440bb1a7ac8a5722ef77d23ee9340b379ca,0x3c4cd2b0b6161d79ea35690f49770d2c6eabbd0da71c2351f31493279a97453c,91.920600
theo_n,11,403,false,9,9,offchain,500,399,1.329300,122.696900,200.874900,202.204200,6.932900,true,3104,,0x2fe6349b77f8b704a4b6fda6a67fa440bb1a7ac8a5722ef77d23ee9340b379ca,0x203aeeeb17440e04d219428e581319449e4cc0ccfdb05dae1c6d054730b683cb,92.762600
theo_n,11,404,false,9,9,offchain,500,400,1.330400,121.037200,197.084500,198.414900,6.880100,true,3104,,0x2fe6349b77f8b704a4b6fda6a67fa440bb1a7ac8a5722ef77d23ee9340b379ca,0x2860468322f6e2f1b292467553c1b2dae1e6e0c897bbbd85941c1e509a2168ba,91.841700
theo_n,11,405,false,9,9,offchain,500,401,1.449000,125.440400,203.224300,204.673300,6.973600,true,3104,,0x2fe6349b77f8b704a4b6fda6a67fa440bb1a7ac8a5722ef77d23ee9340b379ca,0x03fcac5b0962b0a09a4d64419730ac2bd42a358d2d60df3ee89fe4c7e75b78fc,92.780300
theo_n,11,406,false,9,9,offchain,500,402,1.354800,121.354800,197.607200,198.962000,6.773600,true,3104,,0x2fe6349b77f8b704a4b6fda6a67fa440bb1a7ac8a5722ef77d23ee9340b379ca,0x05d14ee5c81c524e027df7e23af2063022966a38d2ce56387b9db8c39bebc71a,95.124800
theo_n,11,407,false,9,9,offchain,500,403,1.363000,122.152100,215.656400,217.019400,6.906000,true,3104,,0x2fe6349b77f8b704a4b6fda6a67fa440bb1a7ac8a5722ef77d23ee9340b379ca,0x382af857ef133c08884cf76c256547f234fba55c50312f1bc77531ff8f661bef,91.886500
theo_n,11,408,false,9,9,offchain,500,404,1.425100,123.019900,200.105600,201.530700,6.918900,true,3104,,0x2fe6349b77f8b704a4b6fda6a67fa440bb1a7ac8a5722ef77d23ee9340b379ca,0x378067ce19c59caf2481e3a85cf6ea2d92084606882935c582a0cead0dc67fe9,92.345700
theo_n,11,409,false,9,9,offchain,500,405,1.441100,121.817400,198.326400,199.767500,6.976400,true,3104,,0x2fe6349b77f8b704a4b6fda6a67fa440bb1a7ac8a5722ef77d23ee9340b379ca,0x0fcad7247576a1b07bb28672f54e45c1975f4d2cb12ce2a0842156e5fb11b699,93.058100
theo_n,11,410,false,9,9,offchain,500,406,1.390900,120.652800,196.663900,198.054800,6.926900,true,3104,,0x2fe6349b77f8b704a4b6fda6a67fa440bb1a7ac8a5722ef77d23ee9340b379ca,0x38a65af790c2c9862784fee26351316db26e567f622e4adb7d0816fd4e9177d5,92.073300
theo_n,11,411,false,9,9,offchain,500,407,1.326400,121.431500,200.435900,201.762300,6.801600,true,3104,,0x2fe6349b77f8b704a4b6fda6a67fa440bb1a7ac8a5722ef77d23ee9340b379ca,0x1c2fc2017df1eec0728d9fc214ee10bc9e22479d8e366ba9b187369d70a8027b,91.876800
theo_n,11,412,false,9,9,offchain,500,408,1.431500,121.088600,202.227000,203.658500,6.983900,true,3104,,0x2fe6349b77f8b704a4b6fda6a67fa440bb1a7ac8a5722ef77d23ee9340b379ca,0x2749293f5be930225c81f032ae01d3657cf15b9e8f175ccb79165a28ac42c7ea,91.899900
theo_n,11,413,false,9,9,offchain,500,409,1.434000,122.139800,200.444400,201.878400,6.831200,true,3104,,0x2fe6349b77f8b704a4b6fda6a67fa440bb1a7ac8a5722ef77d23ee9340b379ca,0x2424c12631278149456d37089d85b1b0096fd5b210e40aae3372fea25e7596eb,94.821300
theo_n,11,414,false,9,9,offchain,500,410,1.416300,175.157000,202.381100,203.797400,6.914600,true,3104,,0x2fe6349b77f8b704a4b6fda6a67fa440bb1a7ac8a5722ef77d23ee9340b379ca,0x00890c3627f8b4c1fa33fd130fc8ec8332be8b9a48a24bae26633eb496186801,92.603100
theo_n,11,415,false,9,9,offchain,500,411,1.362400,122.039000,198.565400,199.927800,6.973500,true,3104,,0x2fe6349b77f8b704a4b6fda6a67fa440bb1a7ac8a5722ef77d23ee9340b379ca,0x335bc1cf9d1a7a60c04d938ab3dfcba200a4973ac59e01dccc081d830a2ebd20,96.597800
theo_n,11,416,false,9,9,offchain,500,412,1.354900,122.033300,200.628600,201.983500,7.032400,true,3104,,0x2fe6349b77f8b704a4b6fda6a67fa440bb1a7ac8a5722ef77d23ee9340b379ca,0x3051eeaae70a0135ca7c06259b60e7300b38b187c83d219e9bf0a110f07936f3,95.463700
theo_n,11,417,false,9,9,offchain,500,413,1.372100,121.080800,197.672100,199.044200,7.085700,true,3104,,0x2fe6349b77f8b704a4b6fda6a67fa440bb1a7ac8a5722ef77d23ee9340b379ca,0x38ddc8038dcc084a7f91e85ff123089af9f9fbe059a5d0b5a0461fee19e365a1,94.106000
theo_n,11,418,false,9,9,offchain,500,414,1.350100,120.478000,201.857700,203.207800,7.002600,true,3104,,0x2fe6349b77f8b704a4b6fda6a67fa440bb1a7ac8a5722ef77d23ee9340b379ca,0x0c998c6beda0bf7e6d6c4716d2419520ff9614a9536d32f0120b7c7501a6c972,93.384000
theo_n,11,419,false,9,9,offchain,500,415,1.403000,121.954900,197.200100,198.603100,6.984500,true,3104,,0x2fe6349b77f8b704a4b6fda6a67fa440bb1a7ac8a5722ef77d23ee9340b379ca,0x21f1763129ecc1166a229c0759f3923e9389dd666a66ac882a8a72b5fcaf3f14,92.514700
theo_n,11,420,false,9,9,offchain,500,416,1.369200,122.596100,199.050000,200.419200,7.606600,true,3104,,0x2fe6349b77f8b704a4b6fda6a67fa440bb1a7ac8a5722ef77d23ee9340b379ca,0x062483f552f6f125e85ae7864aecd355503a2660849751d580036c881d968294,93.558200
theo_n,11,421,false,9,9,offchain,500,417,1.861900,121.349100,199.130100,200.992000,7.704300,true,3104,,0x2fe6349b77f8b704a4b6fda6a67fa440bb1a7ac8a5722ef77d23ee9340b379ca,0x2a23689e2d52daa118d80b056b3f00ef9c316834825107d8aa5ae12299b560d3,92.876700
theo_n,11,422,false,9,9,offchain,500,418,1.412700,121.105300,198.103500,199.516200,6.987600,true,3104,,0x2fe6349b77f8b704a4b6fda6a67fa440bb1a7ac8a5722ef77d23ee9340b379ca,0x15cf0df3bc1e48bdf1f38c9d3cb0a29d6410d1498be1cd77e8655cf63be2af1d,92.483200
theo_n,11,423,false,9,9,offchain,500,419,1.421800,124.111200,199.541500,200.963300,6.998100,true,3104,,0x2fe6349b77f8b704a4b6fda6a67fa440bb1a7ac8a5722ef77d23ee9340b379ca,0x3c9cda09eda9a57c62674791dfc47737bcaff5788bf186e41c951a215bb778a3,94.855800
theo_n,11,424,false,9,9,offchain,500,420,1.361700,121.584700,197.823800,199.185500,6.822300,true,3104,,0x2fe6349b77f8b704a4b6fda6a67fa440bb1a7ac8a5722ef77d23ee9340b379ca,0x3bddb3e04627052518e44a4aaf33fd5e30adb4e0e62e3eec864ac85ef48292c1,92.055500
theo_n,11,425,false,9,9,offchain,500,421,1.373800,123.566400,205.090000,206.463800,7.196000,true,3104,,0x2fe6349b77f8b704a4b6fda6a67fa440bb1a7ac8a5722ef77d23ee9340b379ca,0x1f3b1fd65ea8542ee12d0e4f0fe199613ed2498a8814b94105dbf6728b4dac4f,93.890000
theo_n,11,426,false,9,9,offchain,500,422,1.408900,125.369800,200.249300,201.658200,6.937500,true,3104,,0x2fe6349b77f8b704a4b6fda6a67fa440bb1a7ac8a5722ef77d23ee9340b379ca,0x20d5ff6df656d5aa1326cf761556b91b4d854779005b2540ee8542e312ef9add,94.457000
theo_n,11,427,false,9,9,offchain,500,423,1.380400,124.658900,202.114800,203.495200,7.148300,true,3104,,0x2fe6349b77f8b704a4b6fda6a67fa440bb1a7ac8a5722ef77d23ee9340b379ca,0x1a18a5b2f846e1dab412439786d5ff449a82aaf62798d12f989bf91b8aa78918,93.539500
theo_n,11,428,false,9,9,offchain,500,424,1.419700,181.322900,224.152400,225.572100,7.442300,true,3104,,0x2fe6349b77f8b704a4b6fda6a67fa440bb1a7ac8a5722ef77d23ee9340b379ca,0x3515b98ff4e0c8b08bbbbd56f8c6a8b321062b384341d1619df13c2f948a889e,95.179600
theo_n,11,429,false,9,9,offchain,500,425,1.433600,125.515300,203.852300,205.285900,7.083900,true,3104,,0x2fe6349b77f8b704a4b6fda6a67fa440bb1a7ac8a5722ef77d23ee9340b379ca,0x2e73386772fe299bc48b05a02504910a01af30cc20dc49b3341a5ba8db21dbaa,93.923700
theo_n,11,430,false,9,9,offchain,500,426,1.490200,126.519700,203.472900,204.963100,6.769700,true,3104,,0x2fe6349b77f8b704a4b6fda6a67fa440bb1a7ac8a5722ef77d23ee9340b379ca,0x34954fbd1ad6acbbb3254e1bb62afdae0687ed87e17c831e9872ba359632bb03,92.675900
theo_n,11,431,false,9,9,offchain,500,427,1.369700,123.625900,198.299400,199.669100,6.969000,true,3104,,0x2fe6349b77f8b704a4b6fda6a67fa440bb1a7ac8a5722ef77d23ee9340b379ca,0x216b9ac14777cc5361a76f7ea6c9ff6c8675c31de23904e161e7e216e071bdf4,92.894600
theo_n,11,432,false,9,9,offchain,500,428,1.347800,122.048200,200.283900,201.631700,7.048500,true,3104,,0x2fe6349b77f8b704a4b6fda6a67fa440bb1a7ac8a5722ef77d23ee9340b379ca,0x3c8d249ffe5863fc8990b79b6c685c8f2486e040f796de2d6f8ebadb4ec3f88c,92.245300
theo_n,11,433,false,9,9,offchain,500,429,1.367000,120.906000,202.138800,203.505800,6.950800,true,3104,,0x2fe6349b77f8b704a4b6fda6a67fa440bb1a7ac8a5722ef77d23ee9340b379ca,0x0bb23f36bda1165957a9810ca40db0293086b3b980d1047beddf88756538c586,98.238300
theo_n,11,434,false,9,9,offchain,500,430,1.390700,122.329900,199.471700,200.862400,7.116000,true,3104,,0x2fe6349b77f8b704a4b6fda6a67fa440bb1a7ac8a5722ef77d23ee9340b379ca,0x28239e257c233e813ac6b1c6111a6f4e90dc8d04cf4a533048fb7fbaa927640c,94.949400
theo_n,11,435,false,9,9,offchain,500,431,1.643900,125.420000,201.444400,203.088300,8.289900,true,3104,,0x2fe6349b77f8b704a4b6fda6a67fa440bb1a7ac8a5722ef77d23ee9340b379ca,0x1c8e92bdd9f9e7df3daf43a476f574090d58aa79d8c3683907a02dd4fd73b321,96.384400
theo_n,11,436,false,9,9,offchain,500,432,1.371200,121.227700,197.565200,198.936400,6.830400,true,3104,,0x2fe6349b77f8b704a4b6fda6a67fa440bb1a7ac8a5722ef77d23ee9340b379ca,0x3bd1dfbad375ccd3da2c236950121b9d0439a1a06ad90c7cf1c42e79b1c6c91d,93.234400
theo_n,11,437,false,9,9,offchain,500,433,1.364000,121.982700,199.674400,201.038400,7.031600,true,3104,,0x2fe6349b77f8b704a4b6fda6a67fa440bb1a7ac8a5722ef77d23ee9340b379ca,0x13d90fe9127ebf52315769aec41f0d636a81041b8f226c4cc964af4f202713b8,93.739800
theo_n,11,438,false,9,9,offchain,500,434,1.545700,121.484500,199.465500,201.011200,6.953900,true,3104,,0x2fe6349b77f8b704a4b6fda6a67fa440bb1a7ac8a5722ef77d23ee9340b379ca,0x3cb56609cb54db504511e90d8fb65a2d9d59f26b26a7252a39ed50febf575787,92.429900
theo_n,11,439,false,9,9,offchain,500,435,1.377100,122.255100,200.551000,201.928100,7.097000,true,3104,,0x2fe6349b77f8b704a4b6fda6a67fa440bb1a7ac8a5722ef77d23ee9340b379ca,0x024d3f5eb6699c0d997702b2663c2448ed4da5f4671ee63615ca2d69231e184c,94.600800
theo_n,11,440,false,9,9,offchain,500,436,1.420600,122.357000,201.370600,202.791200,7.159000,true,3104,,0x2fe6349b77f8b704a4b6fda6a67fa440bb1a7ac8a5722ef77d23ee9340b379ca,0x2b458da98e1fe92bf94a4afbed7672a65742f5d95bcce9a4433051ccb1420b2e,150.626200
theo_n,11,441,false,9,9,offchain,500,437,1.377300,123.711900,200.064300,201.441600,6.987800,true,3104,,0x2fe6349b77f8b704a4b6fda6a67fa440bb1a7ac8a5722ef77d23ee9340b379ca,0x252b5d09379eb2600b7ad343a6285f062cfd85f3629d9025ecd809d58b811a72,94.249300
theo_n,11,442,false,9,9,offchain,500,438,1.381600,121.269700,201.676600,203.058200,7.125300,true,3104,,0x2fe6349b77f8b704a4b6fda6a67fa440bb1a7ac8a5722ef77d23ee9340b379ca,0x2fa0658081700b443fc8d647538adec5766e48ca4a265ca5011d391974a2168d,94.938000
theo_n,11,443,false,9,9,offchain,500,439,1.327300,120.242000,201.043000,202.370300,7.196000,true,3104,,0x2fe6349b77f8b704a4b6fda6a67fa440bb1a7ac8a5722ef77d23ee9340b379ca,0x245579a4dd6f15df7303bb30589422b4f17c8231df2cf5703ffb8b6a7e6a2cae,94.212400
theo_n,11,444,false,9,9,offchain,500,440,1.368000,121.552800,202.745500,204.113500,7.275900,true,3104,,0x2fe6349b77f8b704a4b6fda6a67fa440bb1a7ac8a5722ef77d23ee9340b379ca,0x1c364c47efeeba8e4d5034a4565aaf179840d59171e45837603a46acd362816c,92.524100
theo_n,11,445,false,9,9,offchain,500,441,1.357700,124.194300,201.820500,203.178200,7.603300,true,3104,,0x2fe6349b77f8b704a4b6fda6a67fa440bb1a7ac8a5722ef77d23ee9340b379ca,0x12372317c13c17f17c87d245c5ef3f4d1e771ef3a023f9e1549b8d19c83ac296,93.626700
theo_n,11,446,false,9,9,offchain,500,442,1.369400,123.383800,201.794000,203.163400,6.805900,true,3104,,0x2fe6349b77f8b704a4b6fda6a67fa440bb1a7ac8a5722ef77d23ee9340b379ca,0x3a63844d4b224222a5912c8ae2f77102371b2aa547e36634253e5c10dde367fc,94.513100
theo_n,11,447,false,9,9,offchain,500,443,1.359000,122.372200,198.144000,199.503000,6.882300,true,3104,,0x2fe6349b77f8b704a4b6fda6a67fa440bb1a7ac8a5722ef77d23ee9340b379ca,0x32a550534ac14b52affa0aa36abce55f842817740033c381a499f32687e505d2,92.404600
theo_n,11,448,false,9,9,offchain,500,444,1.362400,121.242800,201.669000,203.031400,6.964200,true,3104,,0x2fe6349b77f8b704a4b6fda6a67fa440bb1a7ac8a5722ef77d23ee9340b379ca,0x395db188ed8f26b2a26e9763fed0c76fb746d6705b3bf9f058c257a85d63d1d4,91.270500
theo_n,11,449,false,9,9,offchain,500,445,1.336900,122.785900,202.430300,203.767200,6.784200,true,3104,,0x2fe6349b77f8b704a4b6fda6a67fa440bb1a7ac8a5722ef77d23ee9340b379ca,0x124df98c42d93d1824b40f8019a3ef96a50de6655a38d0d5f69354b6f02e6a69,93.627200
theo_n,11,450,false,9,9,offchain,500,446,1.938400,124.637800,196.121200,198.059600,6.930800,true,3104,,0x2fe6349b77f8b704a4b6fda6a67fa440bb1a7ac8a5722ef77d23ee9340b379ca,0x06a70ef54988cfdd19590310811975ab117af4f27221977d44b2285ecfd27081,93.261000
theo_n,11,451,false,9,9,offchain,500,447,1.351800,120.898200,199.398100,200.749900,7.060300,true,3104,,0x2fe6349b77f8b704a4b6fda6a67fa440bb1a7ac8a5722ef77d23ee9340b379ca,0x1a12a625214ee86a2afa77c0a050be843c370e9034cb5fcfae6ad43d0a3a0a9a,93.105800
theo_n,11,452,false,9,9,offchain,500,448,1.361700,120.801500,207.393900,208.755600,6.899100,true,3104,,0x2fe6349b77f8b704a4b6fda6a67fa440bb1a7ac8a5722ef77d23ee9340b379ca,0x24016291e09c2e574cc110dbf25dc788b858b734b8b80d2fd29e901858c81977,92.415700
theo_n,11,453,false,9,9,offchain,500,449,1.396200,123.476000,201.049500,202.445700,6.982200,true,3104,,0x2fe6349b77f8b704a4b6fda6a67fa440bb1a7ac8a5722ef77d23ee9340b379ca,0x2000666d65a525f713184e9e342dab1d135842ea15a91d656b86509e91d2a9a6,92.529800
theo_n,11,454,false,9,9,offchain,500,450,1.567700,123.726000,254.557900,256.125600,7.136700,true,3104,,0x2fe6349b77f8b704a4b6fda6a67fa440bb1a7ac8a5722ef77d23ee9340b379ca,0x3c4d5f7ebd1944e26695be9f4c1ffd5d11d9fd995b4570bd08514d9c4281d8f5,94.593300
theo_n,11,455,false,9,9,offchain,500,451,1.401900,128.154700,211.064600,212.466500,7.362600,true,3104,,0x2fe6349b77f8b704a4b6fda6a67fa440bb1a7ac8a5722ef77d23ee9340b379ca,0x23a44296cb2007359e11ac651732a70f70c51caea30595bfc0f5644dcd318e51,96.680800
theo_n,11,456,false,9,9,offchain,500,452,1.417100,125.605300,205.460700,206.877800,7.176300,true,3104,,0x2fe6349b77f8b704a4b6fda6a67fa440bb1a7ac8a5722ef77d23ee9340b379ca,0x05235900d53e21f8df5a13af4f3768ce4851cfe937f994c756709d774bac7cfd,92.968100
theo_n,11,457,false,9,9,offchain,500,453,1.399400,123.807000,224.311700,225.711100,7.364100,true,3104,,0x2fe6349b77f8b704a4b6fda6a67fa440bb1a7ac8a5722ef77d23ee9340b379ca,0x07bf4654e53f195090b658f17474a3cf21b348ddd5f149a4047e6e6f76c73a7f,96.798000
theo_n,11,458,false,9,9,offchain,500,454,1.364400,126.692900,205.902000,207.266400,6.980000,true,3104,,0x2fe6349b77f8b704a4b6fda6a67fa440bb1a7ac8a5722ef77d23ee9340b379ca,0x3a9e200c1ba43abe65ca0d961bd837cc8aa76d6560d9270803409cf9ff2f82c4,93.288100
theo_n,11,459,false,9,9,offchain,500,455,1.394500,122.637500,201.802000,203.196500,6.953400,true,3104,,0x2fe6349b77f8b704a4b6fda6a67fa440bb1a7ac8a5722ef77d23ee9340b379ca,0x274099acc6646b31b34b7018652aed4e6af6c7b916187ff5234663515a24af6c,92.817300
theo_n,11,460,false,9,9,offchain,500,456,1.323900,130.721800,201.076400,202.400300,6.925100,true,3104,,0x2fe6349b77f8b704a4b6fda6a67fa440bb1a7ac8a5722ef77d23ee9340b379ca,0x17b5933323233f8d8327547bca49990423c0bd9a5726a299f57e234b5662c56d,91.720300
theo_n,11,461,false,9,9,offchain,500,457,1.364500,122.922900,200.672100,202.036600,7.749300,true,3104,,0x2fe6349b77f8b704a4b6fda6a67fa440bb1a7ac8a5722ef77d23ee9340b379ca,0x28d2cb099482136fd3f1167fdcd042773850722bd5aa22837e50460cf134bd78,99.133100
theo_n,11,462,false,9,9,offchain,500,458,1.393700,123.238400,199.577100,200.970800,7.087200,true,3104,,0x2fe6349b77f8b704a4b6fda6a67fa440bb1a7ac8a5722ef77d23ee9340b379ca,0x1f7b8c6e710e769bd1cf13a207ade254066a7c9ad1333f60806afd351332f4b5,93.071200
theo_n,11,463,false,9,9,offchain,500,459,1.387500,122.415000,199.176200,200.563700,6.854200,true,3104,,0x2fe6349b77f8b704a4b6fda6a67fa440bb1a7ac8a5722ef77d23ee9340b379ca,0x046c0db199c1147c0e39f2827ba2d5d57dde77da8d81836b40f45c16c3ef1688,93.063500
theo_n,11,464,false,9,9,offchain,500,460,1.412600,124.371200,200.452700,201.865300,7.010900,true,3104,,0x2fe6349b77f8b704a4b6fda6a67fa440bb1a7ac8a5722ef77d23ee9340b379ca,0x1a82f980ed131a96dee238adb71d627e2cb1e3d8648f7119a5344f90ef27ed93,95.407800
theo_n,11,465,false,9,9,offchain,500,461,1.388300,122.776400,199.137700,200.526000,6.838700,true,3104,,0x2fe6349b77f8b704a4b6fda6a67fa440bb1a7ac8a5722ef77d23ee9340b379ca,0x24373920779d6db38f392ba83294738f12306eb2751f0e41a5e51ea110fec8a3,94.032200
theo_n,11,466,false,9,9,offchain,500,462,1.374900,122.084000,196.297400,197.672300,6.930800,true,3104,,0x2fe6349b77f8b704a4b6fda6a67fa440bb1a7ac8a5722ef77d23ee9340b379ca,0x1efd678d74e8fbe9bd05fa096545ebd991a6dfcf99a76857815df82a6e478967,92.053200
theo_n,11,467,false,9,9,offchain,500,463,1.420700,121.572600,199.778800,201.199500,6.841300,true,3104,,0x2fe6349b77f8b704a4b6fda6a67fa440bb1a7ac8a5722ef77d23ee9340b379ca,0x3d7dfec478dc1325a14ebfdf2aed92a5490dd882f66b4c116c8f21772530f217,96.551600
theo_n,11,468,false,9,9,offchain,500,464,1.363700,120.860700,261.220400,262.584100,6.957600,true,3104,,0x2fe6349b77f8b704a4b6fda6a67fa440bb1a7ac8a5722ef77d23ee9340b379ca,0x263189d5f8822b4f70311cbea099edda8b1e8b01abc0bb7f822b463751f99c62,92.086400
theo_n,11,469,false,9,9,offchain,500,465,1.364500,120.925500,197.103000,198.467500,6.934400,true,3104,,0x2fe6349b77f8b704a4b6fda6a67fa440bb1a7ac8a5722ef77d23ee9340b379ca,0x3c3f785924c2f752b812fc586afcf3d3e33f09d1e1262508ec094fdadc8ce9f5,94.796700
theo_n,11,470,false,9,9,offchain,500,466,1.395700,124.421900,202.625200,204.020900,6.950800,true,3104,,0x2fe6349b77f8b704a4b6fda6a67fa440bb1a7ac8a5722ef77d23ee9340b379ca,0x19f1f8a613737783c05a78492a47dbd39bd2ff62f7e2e9bf45e7915ead23092d,93.209200
theo_n,11,471,false,9,9,offchain,500,467,1.392800,122.674900,208.038700,209.431500,6.989800,true,3104,,0x2fe6349b77f8b704a4b6fda6a67fa440bb1a7ac8a5722ef77d23ee9340b379ca,0x11bc0afb1fc5421c087d49f99e01024212fe94a7b26e95b272a39feed80aaaa5,95.742400
theo_n,11,472,false,9,9,offchain,500,468,1.472000,120.887600,205.529500,207.001500,7.138500,true,3104,,0x2fe6349b77f8b704a4b6fda6a67fa440bb1a7ac8a5722ef77d23ee9340b379ca,0x3b2632f5e2340c60fc0086e6d0b94eebe93de7299607b769933d105ce7671be1,95.390700
theo_n,11,473,false,9,9,offchain,500,469,1.464600,126.118800,201.632800,203.097400,7.367100,true,3104,,0x2fe6349b77f8b704a4b6fda6a67fa440bb1a7ac8a5722ef77d23ee9340b379ca,0x3c85c8bcfe13e01a9b7ad594064bc15c667ffc9ee042ea4a39478cd3dd190fbf,95.159200
theo_n,11,474,false,9,9,offchain,500,470,1.524800,124.069100,201.707400,203.232200,6.911200,true,3104,,0x2fe6349b77f8b704a4b6fda6a67fa440bb1a7ac8a5722ef77d23ee9340b379ca,0x1bdeab74cfadbe395b77d92b8e792340a4e74f28ec30d31d6b25cbbe1788f656,96.003500
theo_n,11,475,false,9,9,offchain,500,471,1.621200,120.780800,201.393000,203.014200,7.087900,true,3104,,0x2fe6349b77f8b704a4b6fda6a67fa440bb1a7ac8a5722ef77d23ee9340b379ca,0x2da5b1152e8a3614f9f938dcfe46aafa2fea0df5d01933f5668bc901706ec7a9,92.026900
theo_n,11,476,false,9,9,offchain,500,472,1.503700,124.792300,201.024200,202.527900,7.836800,true,3104,,0x2fe6349b77f8b704a4b6fda6a67fa440bb1a7ac8a5722ef77d23ee9340b379ca,0x3cfea5767e10b395defcecb770cbc3e718b491547a767c38b16a7a42f98e4edd,94.770400
theo_n,11,477,false,9,9,offchain,500,473,1.454200,128.107500,214.266100,215.720300,7.191200,true,3104,,0x2fe6349b77f8b704a4b6fda6a67fa440bb1a7ac8a5722ef77d23ee9340b379ca,0x3a5fadb93e3f4bda78faa87046eec4b7f05f1d42bc270fedd569aa9159d682d2,95.299400
theo_n,11,478,false,9,9,offchain,500,474,1.418800,129.171300,204.033300,205.452100,7.228500,true,3104,,0x2fe6349b77f8b704a4b6fda6a67fa440bb1a7ac8a5722ef77d23ee9340b379ca,0x2b6da1cce10d26ce24b68f5998e18e0e6b9f2f68a1abd7c536531f5b604afeee,95.910300
theo_n,11,479,false,9,9,offchain,500,475,1.454400,126.273300,203.010300,204.464700,6.990600,true,3104,,0x2fe6349b77f8b704a4b6fda6a67fa440bb1a7ac8a5722ef77d23ee9340b379ca,0x25237d563bc0019fa40ace12305aad6cf551c574bc637a067cb0b61f089492bf,94.542800
theo_n,11,480,false,9,9,offchain,500,476,1.363900,126.727800,202.705100,204.069000,7.210500,true,3104,,0x2fe6349b77f8b704a4b6fda6a67fa440bb1a7ac8a5722ef77d23ee9340b379ca,0x23cdce466083e46fbe3c8950bb704c6120b38eba50567603ab77b13edb38eb19,95.386000
theo_n,11,481,false,9,9,offchain,500,477,1.512900,123.372200,204.845900,206.358800,7.223100,true,3104,,0x2fe6349b77f8b704a4b6fda6a67fa440bb1a7ac8a5722ef77d23ee9340b379ca,0x28a43702e3618637c8e95c0743bdd4170d57f7b585705731feeca300dbc75b74,95.063300
theo_n,11,482,false,9,9,offchain,500,478,1.398900,174.939800,204.269400,205.668300,6.916900,true,3104,,0x2fe6349b77f8b704a4b6fda6a67fa440bb1a7ac8a5722ef77d23ee9340b379ca,0x0a9f91542b5d182f0354fadbefef88088f13934a4356a85772d8ec593ea11671,92.676000
theo_n,11,483,false,9,9,offchain,500,479,1.667100,124.890800,201.311000,202.978100,7.064900,true,3104,,0x2fe6349b77f8b704a4b6fda6a67fa440bb1a7ac8a5722ef77d23ee9340b379ca,0x25a6b64bdf37d769433b592ad4d238e5082e0fbca739cb5b94266f486254fb75,92.719800
theo_n,11,484,false,9,9,offchain,500,480,1.404600,122.021400,201.923700,203.328300,6.952800,true,3104,,0x2fe6349b77f8b704a4b6fda6a67fa440bb1a7ac8a5722ef77d23ee9340b379ca,0x1656da303f31fa263f742431516ec6106196bce101abf4b906290db03d2cbd32,94.541300
theo_n,11,485,false,9,9,offchain,500,481,1.457000,121.422600,199.702000,201.159000,6.948500,true,3104,,0x2fe6349b77f8b704a4b6fda6a67fa440bb1a7ac8a5722ef77d23ee9340b379ca,0x022aac70ab03d4e101aa2de4acb16a7b235850930a270938551a70ba185337c6,91.664600
theo_n,11,486,false,9,9,offchain,500,482,1.341100,121.884900,196.651400,197.992500,7.174500,true,3104,,0x2fe6349b77f8b704a4b6fda6a67fa440bb1a7ac8a5722ef77d23ee9340b379ca,0x369ef1d21cbba87606ada86ecd1228f19d62eda411b69f3bb42fe3cd85e2174c,92.102800
theo_n,11,487,false,9,9,offchain,500,483,1.401200,120.787300,199.166100,200.567300,6.926700,true,3104,,0x2fe6349b77f8b704a4b6fda6a67fa440bb1a7ac8a5722ef77d23ee9340b379ca,0x3fcd2257c5217c42444666e1ed1ea368ea4e0fa49a46e61872737fb102349c7f,92.466200
theo_n,11,488,false,9,9,offchain,500,484,1.352900,121.275000,197.444400,198.797300,7.198500,true,3104,,0x2fe6349b77f8b704a4b6fda6a67fa440bb1a7ac8a5722ef77d23ee9340b379ca,0x1961619322259930a950048d8453ff85cd0f6710021675929619671aed29f969,92.802300
theo_n,11,489,false,9,9,offchain,500,485,1.610600,125.982800,196.980600,198.591200,7.172600,true,3104,,0x2fe6349b77f8b704a4b6fda6a67fa440bb1a7ac8a5722ef77d23ee9340b379ca,0x2a7430ce46ae85a1e9d9470ba26b9e641779a7aa81986fbb1cd50792ed0fce21,95.970400
theo_n,11,490,false,9,9,offchain,500,486,1.326300,121.146500,197.666000,198.992300,7.010900,true,3104,,0x2fe6349b77f8b704a4b6fda6a67fa440bb1a7ac8a5722ef77d23ee9340b379ca,0x3b09e4f95321c65024dc1128ca572783ef0fd6d326ad86deb1eb100a63bbe678,91.718500
theo_n,11,491,false,9,9,offchain,500,487,1.400800,121.905700,202.178700,203.579500,6.914800,true,3104,,0x2fe6349b77f8b704a4b6fda6a67fa440bb1a7ac8a5722ef77d23ee9340b379ca,0x22456a792d79a56dfb8f97bdda4dd881e873685ccff935533c185d9e5bce9bf2,94.137300
theo_n,11,492,false,9,9,offchain,500,488,1.319400,123.322800,196.083100,197.402500,6.833100,true,3104,,0x2fe6349b77f8b704a4b6fda6a67fa440bb1a7ac8a5722ef77d23ee9340b379ca,0x1e78ee850b66493a0db80da484fac142eee6e27e658d95876c021d0038634936,93.125900
theo_n,11,493,false,9,9,offchain,500,489,1.328300,121.143600,228.516300,229.844600,23.883100,true,3104,,0x2fe6349b77f8b704a4b6fda6a67fa440bb1a7ac8a5722ef77d23ee9340b379ca,0x0ef99c29683ead0cbf5acc75db2319f5ce9a59f748f08bcba096e9f18bc93fd1,136.838500
theo_n,11,494,false,9,9,offchain,500,490,2.036300,144.103900,220.361700,222.398000,8.225900,true,3104,,0x2fe6349b77f8b704a4b6fda6a67fa440bb1a7ac8a5722ef77d23ee9340b379ca,0x207a5186c3c34f03e1136241eb4967e3ef04523abf2ed6e53e0abcf6413be6d8,101.103400
theo_n,11,495,false,9,9,offchain,500,491,1.409700,136.241900,206.112100,207.521800,7.106200,true,3104,,0x2fe6349b77f8b704a4b6fda6a67fa440bb1a7ac8a5722ef77d23ee9340b379ca,0x2c03f4c00cb186934e855beedc995b24b125cb2ba9ae9ca2a1e2683d3d3b641d,95.260900
theo_n,11,496,false,9,9,offchain,500,492,1.787400,126.175800,266.306900,268.094300,7.172500,true,3104,,0x2fe6349b77f8b704a4b6fda6a67fa440bb1a7ac8a5722ef77d23ee9340b379ca,0x2a4491a9d395798616221dd1cec97778e9068cec0bcebd1df6f7f54a7f8709de,93.004500
theo_n,11,497,false,9,9,offchain,500,493,1.518800,123.255000,202.415700,203.934500,7.235400,true,3104,,0x2fe6349b77f8b704a4b6fda6a67fa440bb1a7ac8a5722ef77d23ee9340b379ca,0x31f9f4ef39e9980944fef56eae532ffd64759c886368a1d3664d2a8b32af4061,93.411600
theo_n,11,498,false,9,9,offchain,500,494,1.368400,126.817300,202.126200,203.494600,7.364400,true,3104,,0x2fe6349b77f8b704a4b6fda6a67fa440bb1a7ac8a5722ef77d23ee9340b379ca,0x1382ac46b683ed93827f9edc831399ff0a7fb3b3604b6aff818778d54aa9bd85,95.331800
theo_n,11,499,false,9,9,offchain,500,495,1.425000,128.944500,203.074700,204.499700,7.530900,true,3104,,0x2fe6349b77f8b704a4b6fda6a67fa440bb1a7ac8a5722ef77d23ee9340b379ca,0x098d8f77a52a20385af5063bc3dda760c6327a039df3bddd9abdd48316e84c2c,100.915500
theo_n,11,500,false,9,9,offchain,500,496,1.431000,132.919500,203.833300,205.264300,7.315800,true,3104,,0x2fe6349b77f8b704a4b6fda6a67fa440bb1a7ac8a5722ef77d23ee9340b379ca,0x33ddc8eeb3b77b0a441a211a1cb69eee70b53a465630619f0814f96337665edf,93.423300
theo_n,11,501,false,9,9,offchain,500,497,1.413000,123.812200,199.267400,200.680400,7.354600,true,3104,,0x2fe6349b77f8b704a4b6fda6a67fa440bb1a7ac8a5722ef77d23ee9340b379ca,0x054e2236fbaad7cc4726815852831e0b24470816a6c07d78b0d9d280456b71a4,93.136600
theo_n,11,502,false,9,9,offchain,500,498,1.381600,128.870700,205.149500,206.531100,6.951400,true,3104,,0x2fe6349b77f8b704a4b6fda6a67fa440bb1a7ac8a5722ef77d23ee9340b379ca,0x099e04b9c764d5f3137e72d7de8c8a64e3f72edd86ea5b1ac089876cf20e393c,95.875600
theo_n,11,503,false,9,9,offchain,500,499,1.340100,121.792800,197.961200,199.301300,6.994900,true,3104,,0x2fe6349b77f8b704a4b6fda6a67fa440bb1a7ac8a5722ef77d23ee9340b379ca,0x0b6f8127080790145005f632c7de6ad5fdb8a886521c8fa39d063e6193ace58b,92.824000
