thi_nghiem,run_id,iteration,warmup,d,k,mechanism,n,student_index,witness_ms,setup_ms,prove_ms,proof_generation_ms,verify_native_ms,verified,proof_bytes,calldata_bytes,root,nullifier,verify_setup_ms
theo_n,17,1,true,9,9,offchain,500,0,0.940000,97.933900,163.131600,164.071600,6.236700,true,3104,,0x2fe6349b77f8b704a4b6fda6a67fa440bb1a7ac8a5722ef77d23ee9340b379ca,0x31cce6578fc40150881c61af3263887000159f168b78eb0c1c67322a114def10,79.111400
theo_n,17,2,true,9,9,offchain,500,1,1.588800,110.009500,243.320100,244.908900,6.664200,true,3104,,0x2fe6349b77f8b704a4b6fda6a67fa440bb1a7ac8a5722ef77d23ee9340b379ca,0x06b149a846c21e833d5cd6933d03540005608217faf9b22fe873f8c17f865e8c,88.100000
theo_n,17,3,true,9,9,offchain,500,2,1.423300,119.135500,194.592100,196.015400,6.686700,true,3104,,0x2fe6349b77f8b704a4b6fda6a67fa440bb1a7ac8a5722ef77d23ee9340b379ca,0x1d06a3d96bc0fee0182a90672cc093d7b090bd77f3f3308c9126cfb07e55ad1e,90.006200
theo_n,17,4,false,9,9,offchain,500,0,1.429800,121.900600,197.742000,199.171800,7.048200,true,3104,,0x2fe6349b77f8b704a4b6fda6a67fa440bb1a7ac8a5722ef77d23ee9340b379ca,0x31cce6578fc40150881c61af3263887000159f168b78eb0c1c67322a114def10,92.341700
theo_n,17,5,false,9,9,offchain,500,1,1.353400,122.586100,201.882000,203.235400,7.146700,true,3104,,0x2fe6349b77f8b704a4b6fda6a67fa440bb1a7ac8a5722ef77d23ee9340b379ca,0x06b149a846c21e833d5cd6933d03540005608217faf9b22fe873f8c17f865e8c,93.745100
theo_n,17,6,false,9,9,offchain,500,2,1.427700,127.957100,202.572100,203.999800,6.981700,true,3104,,0x2fe6349b77f8b704a4b6fda6a67fa440bb1a7ac8a5722ef77d23ee9340b379ca,0x1d06a3d96bc0fee0182a90672cc093d7b090bd77f3f3308c9126cfb07e55ad1e,95.709900
theo_n,17,7,false,9,9,offchain,500,3,1.347200,121.400400,199.996500,201.343700,7.795500,true,3104,,0x2fe6349b77f8b704a4b6fda6a67fa440bb1a7ac8a5722ef77d23ee9340b379ca,0x2ee3eca2a8acabb5247f13a7dc5bb5745525229c9b0fb6af8461f8add9d6ea42,92.917000
theo_n,17,8,false,9,9,offchain,500,4,1.450300,129.232200,202.100500,203.550800,7.346100,true,3104,,0x2fe6349b77f8b704a4b6fda6a67fa440bb1a7ac8a5722ef77d23ee9340b379ca,0x23abcf4c24d8f5eaa25ebedbbad6a842ea7c9839a4809e5f07c904d2874949da,94.270000
theo_n,17,9,false,9,9,offchain,500,5,1.437900,124.714700,202.507600,203.945500,6.979200,true,3104,,0x2fe6349b77f8b704a4b6fda6a67fa440bb1a7ac8a5722ef77d23ee9340b379ca,0x053f995315ef14fd41321d4c26fc6e4a11eebe9847b131f33160a845efab237a,92.238200
theo_n,17,10,false,9,9,offchain,500,6,1.301900,121.791800,203.374900,204.676800,6.960900,true,3104,,0x2fe6349b77f8b704a4b6fda6a67fa440bb1a7ac8a5722ef77d23ee9340b379ca,0x2253bb49377756b6e039255c2e07e59ebdb5e721de9034b6084a4f646823fb04,93.843600
theo_n,17,11,false,9,9,offchain,500,7,1.375700,124.109600,202.641100,204.016800,6.995500,true,3104,,0x2fe6349b77f8b704a4b6fda6a67fa440bb1a7ac8a5722ef77d23ee9340b379ca,0x30a7f45e66796c0bb5e756de164a7408361c1113a9c271d837fc45b7dcd6f659,97.236900
theo_n,17,12,false,9,9,offchain,500,8,1.374800,122.294900,201.860000,203.234800,6.881900,true,3104,,0x2fe6349b77f8b704a4b6fda6a67fa440bb1a7ac8a5722ef77d23ee9340b379ca,0x2cd86dce870ffb93e493637ae0ebc4d227e78de147374955ca7c805d2bd92dbb,93.900800
theo_n,17,13,false,9,9,offchain,500,9,1.327200,120.732000,202.550100,203.877300,6.838200,true,3104,,0x2fe6349b77f8b704a4b6fda6a67fa440bb1a7ac8a5722ef77d23ee9340b379ca,0x0bb7e3ce2eb37533b72c200e6c6614cb93c18b171631c1ef120a8fd150f2cb13,92.089400
theo_n,17,14,false,9,9,offchain,500,10,1.458800,126.825900,200.827600,202.286400,7.054200,true,3104,,0x2fe6349b77f8b704a4b6fda6a67fa440bb1a7ac8a5722ef77d23ee9340b379ca,0x2ddef6234d7e6f2ddbb3ed21a00be7589b7bbf5606b92dcf2b04f4b5bccd4fec,93.013600
theo_n,17,15,false,9,9,offchain,500,11,1.343800,121.089600,201.297600,202.641400,8.315000,true,3104,,0x2fe6349b77f8b704a4b6fda6a67fa440bb1a7ac8a5722ef77d23ee9340b379ca,0x3ada3ac697494a8c8f48fd81b4d30c407e5b76c201c8434db157d8b726837548,162.908200
theo_n,17,16,false,9,9,offchain,500,12,1.482900,146.929000,249.961700,251.444600,8.318100,true,3104,,0x2fe6349b77f8b704a4b6fda6a67fa440bb1a7ac8a5722ef77d23ee9340b379ca,0x2b1d692090d6ea4a2e3a8e5433f88d3c74ba86937bbe64f14872631fa739b53f,111.736100
theo_n,17,17,false,9,9,offchain,500,13,1.558200,162.300000,260.846900,262.405100,8.466300,true,3104,,0x2fe6349b77f8b704a4b6fda6a67fa440bb1a7ac8a5722ef77d23ee9340b379ca,0x184e5193d7aeddeb42bdf7d177255cdc1408f8df7aca9b1c91f801f0b916b0d6,111.290900
theo_n,17,18,false,9,9,offchain,500,14,1.526900,150.989300,234.840400,236.367300,7.765800,true,3104,,0x2fe6349b77f8b704a4b6fda6a67fa440bb1a7ac8a5722ef77d23ee9340b379ca,0x1058edf090bdc3434d5a8d0aaae59d1679f4ab8018a6c9def311908fe8a3ea79,104.802700
theo_n,17,19,false,9,9,offchain,500,15,1.551300,138.892400,219.831000,221.382300,7.332300,true,3104,,0x2fe6349b77f8b704a4b6fda6a67fa440bb1a7ac8a5722ef77d23ee9340b379ca,0x3b72a670b9b3a3ef60168831693d1465b1b6f88669ba7f1c47c43c4fe8b69559,96.316900
theo_n,17,20,false,9,9,offchain,500,16,1.482900,124.733500,206.531500,208.014400,6.870800,true,3104,,0x2fe6349b77f8b704a4b6fda6a67fa440bb1a7ac8a5722ef77d23ee9340b379ca,0x26790d62c5185858bb332e4f92f692c84b23c6be4b30b5a66dce2e37e083442b,94.725600
theo_n,17,21,false,9,9,offchain,500,17,1.990500,124.384200,204.885900,206.876400,7.282800,true,3104,,0x2fe6349b77f8b704a4b6fda6a67fa440bb1a7ac8a5722ef77d23ee9340b379ca,0x0238145a7cd2114ded0673cf7b04a8dcef4690c839f508dd14cb073e332ab139,93.614200
theo_n,17,22,false,9,9,offchain,500,18,1.339600,122.351800,203.245500,204.585100,7.054800,true,3104,,0x2fe6349b77f8b704a4b6fda6a67fa440bb1a7ac8a5722ef77d23ee9340b379ca,0x36fc3e2add7d8d3afc785b77a54fd23964e7cb8eb494e13e9c6a887965a847cf,98.802600
theo_n,17,23,false,9,9,offchain,500,19,1.519500,124.705200,201.602000,203.121500,6.802500,true,3104,,0x2fe6349b77f8b704a4b6fda6a67fa440bb1a7ac8a5722ef77d23ee9340b379ca,0x3cab613111c672bcddd2485adbf14ab6c8aec112b50ea0005aa159b8d973387b,92.974500
theo_n,17,24,false,9,9,offchain,500,20,1.382900,122.826300,200.596800,201.979700,7.684700,true,3104,,0x2fe6349b77f8b704a4b6fda6a67fa440bb1a7ac8a5722ef77d23ee9340b379ca,0x0f5ba5eafbd37105956aad8ad60c718f4f0f8c32793fa14d010ec4a8efd5896c,99.844200
theo_n,17,25,false,9,9,offchain,500,21,1.361300,124.928300,204.913600,206.274900,6.970600,true,3104,,0x2fe6349b77f8b704a4b6fda6a67fa440bb1a7ac8a5722ef77d23ee9340b379ca,0x345865de75a078c2601df5bf7b8ac01ddc913428ad55c6842fd239d9c1bb2bee,95.823500
theo_n,17,26,false,9,9,offchain,500,22,1.361900,122.229000,204.815800,206.177700,7.828800,true,3104,,0x2fe6349b77f8b704a4b6fda6a67fa440bb1a7ac8a5722ef77d23ee9340b379ca,0x381949a023bad7dd72b836139501a18bde8117197414fc26e1861c5833221a06,93.641700
theo_n,17,27,false,9,9,offchain,500,23,1.397800,182.404300,205.545500,206.943300,7.294900,true,3104,,0x2fe6349b77f8b704a4b6fda6a67fa440bb1a7ac8a5722ef77d23ee9340b379ca,0x36c9f307ec5cae6c551dbd4ee41275b93d6012c1496b7b824b693747101e4649,94.112500
theo_n,17,28,false,9,9,offchain,500,24,1.388200,124.710200,199.588400,200.976600,6.874600,true,3104,,0x2fe6349b77f8b704a4b6fda6a67fa440bb1a7ac8a5722ef77d23ee9340b379ca,0x0e4fa672364ff8d28d324fa63f54a5c0af0eb28a17068e9ff96618692a930a1f,97.934400
theo_n,17,29,false,9,9,offchain,500,25,1.518500,126.543500,200.341100,201.859600,6.924900,true,3104,,0x2fe6349b77f8b704a4b6fda6a67fa440bb1a7ac8a5722ef77d23ee9340b379ca,0x1d296167df1398272a65c2152fa42bac6f090a91ea2ef72b15701ec5c4e7351d,94.333100
theo_n,17,30,false,9,9,offchain,500,26,1.437800,123.402500,202.968900,204.406700,6.908700,true,3104,,0x2fe6349b77f8b704a4b6fda6a67fa440bb1a7ac8a5722ef77d23ee9340b379ca,0x158799b447546c84c9076c82c385cdacf0e2ce1ba4d011ac2f9b9cca4abbe22b,92.834200
theo_n,17,31,false,9,9,offchain,500,27,1.379500,123.731700,201.995000,203.374500,7.195900,true,3104,,0x2fe6349b77f8b704a4b6fda6a67fa440bb1a7ac8a5722ef77d23ee9340b379ca,0x3d6b035fd78b94d7dc88fa276f05bef4a4cb011ff779ffface9f0ef9dff9ef49,91.891500
theo_n,17,32,false,9,9,offchain,500,28,1.417400,123.041600,202.697600,204.115000,6.927400,true,3104,,0x2fe6349b77f8b704a4b6fda6a67fa440bb1a7ac8a5722ef77d23ee9340b379ca,0x1081e5213854c477ad9b853775007aac6aa3572c9092f3d51ef4069d592bf93d,92.136700
theo_n,17,33,false,9,9,offchain,500,29,1.609200,124.556200,202.115500,203.724700,6.977100,true,3104,,0x2fe6349b77f8b704a4b6fda6a67fa440bb1a7ac8a5722ef77d23ee9340b379ca,0x3265c24e296401ba9bb56bba84a98f7974893fb4ba831c612c6aee4f8e36b5ba,93.918800
theo_n,17,34,false,9,9,offchain,500,30,1.382300,120.906700,204.092900,205.475200,6.921600,true,3104,,0x2fe6349b77f8b704a4b6fda6a67fa440bb1a7ac8a5722ef77d23ee9340b379ca,0x37a34c44838bbc5fb890e04ebc426a8b9e08b427b297c08c0aabe144b3adcf0c,94.112100
theo_n,17,35,false,9,9,offchain,500,31,1.407500,121.624800,198.605000,200.012500,7.020800,true,3104,,0x2fe6349b77f8b704a4b6fda6a67fa440bb1a7ac8a5722ef77d23ee9340b379ca,0x15f9e59991adcbfb9befc7df4a64145357c0258a75825b8d54edb79a3876ae09,90.692100
theo_n,17,36,false,9,9,offchain,500,32,1.685300,122.531300,198.032700,199.718000,7.050200,true,3104,,0x2fe6349b77f8b704a4b6fda6a67fa440bb1a7ac8a5722ef77d23ee9340b379ca,0x2a09e0c9376ab1887e8ed9bdda26a27447b81b76c47152c2d50104fc5626ecc3,92.451900
theo_n,17,37,false,9,9,offchain,500,33,1.342700,121.549100,200.128200,201.470900,7.068900,true,3104,,0x2fe6349b77f8b704a4b6fda6a67fa440bb1a7ac8a5722ef77d23ee9340b379ca,0x2a9f0a9dfefd0b687425dbc05c820a0f13332e787844dda043d22dd10df498a6,92.626400
theo_n,17,38,false,9,9,offchain,500,34,1.353300,123.986900,199.790300,201.143600,6.949200,true,3104,,0x2fe6349b77f8b704a4b6fda6a67fa440bb1a7ac8a5722ef77d23ee9340b379ca,0x09e02495203c5b1835b1ad1db270049b8a4119702d53dd5886a235a5996bb099,92.024000
theo_n,17,39,false,9,9,offchain,500,35,1.327500,124.533000,199.627800,200.955300,6.840100,true,3104,,0x2fe6349b77f8b704a4b6fda6a67fa440bb1a7ac8a5722ef77d23ee9340b379ca,0x15b24bdd1b4b0a5fc499fc6c2dac6f90ccd9b28ef26c850a65e3f88b5c06ccec,95.727300
theo_n,17,40,false,9,9,offchain,500,36,1.364100,126.273800,263.949600,265.313700,7.070800,true,3104,,0x2fe6349b77f8b704a4b6fda6a67fa440bb1a7ac8a5722ef77d23ee9340b379ca,0x137e941e9cc4e3016c6985e12467691777c8c4a841527789f6bd0dec5f565c59,96.620400
theo_n,17,41,false,9,9,offchain,500,37,1.414800,124.670500,201.227900,202.642700,7.190500,true,3104,,0x2fe6349b77f8b704a4b6fda6a67fa440bb1a7ac8a5722ef77d23ee9340b379ca,0x10cadd1521fa6c0179e0ee11c59d94bc5304a9bba12cff518811447f7919e2cf,93.722700
theo_n,17,42,false,9,9,offchain,500,38,1.398200,129.877500,205.138600,206.536800,7.268600,true,3104,,0x2fe6349b77f8b704a4b6fda6a67fa440bb1a7ac8a5722ef77d23ee9340b379ca,0x1ad7e7d5b9ef8cfc0e8304ce037203d2aa80e2e3fcc45eac7c2a356351250524,97.890400
theo_n,17,43,false,9,9,offchain,500,39,1.440200,124.796300,202.845300,204.285500,7.367000,true,3104,,0x2fe6349b77f8b704a4b6fda6a67fa440bb1a7ac8a5722ef77d23ee9340b379ca,0x36fe2e9f819dd0e65c674f1dee54da6f9c1a176a655df186b096a3562d852a5d,94.564900
theo_n,17,44,false,9,9,offchain,500,40,1.331900,122.772800,198.882900,200.214800,7.149200,true,3104,,0x2fe6349b77f8b704a4b6fda6a67fa440bb1a7ac8a5722ef77d23ee9340b379ca,0x097e34dde40b4321dd80c99af3ef8422ec3a73656e53dc07dbf162c1a7990a32,93.273300
theo_n,17,45,false,9,9,offchain,500,41,1.344400,123.242000,200.689000,202.033400,7.052900,true,3104,,0x2fe6349b77f8b704a4b6fda6a67fa440bb1a7ac8a5722ef77d23ee9340b379ca,0x2ca71bcca7bed8690446f6f35eb9fd301a721d2284d5a81310cbc89bc807c08e,92.405400
theo_n,17,46,false,9,9,offchain,500,42,1.359900,122.989200,199.937600,201.297500,7.046900,true,3104,,0x2fe6349b77f8b704a4b6fda6a67fa440bb1a7ac8a5722ef77d23ee9340b379ca,0x0eb7c2b13f35ce06c28ef680f6c4cfc8e527cd2cdca83ba49d331a8e5a1a2030,92.664600
theo_n,17,47,false,9,9,offchain,500,43,1.349200,121.904100,199.520500,200.869700,7.152300,true,3104,,0x2fe6349b77f8b704a4b6fda6a67fa440bb1a7ac8a5722ef77d23ee9340b379ca,0x34889aed5c7b552ca8c00a9c6ba49700ffd03085af8904500901bc4b08b58faf,95.049300
theo_n,17,48,false,9,9,offchain,500,44,1.355200,122.842900,206.541600,207.896800,6.902100,true,3104,,0x2fe6349b77f8b704a4b6fda6a67fa440bb1a7ac8a5722ef77d23ee9340b379ca,0x208406b0c74f9fd5c45c8ba2ee4f58074a9b3e8b67ad550e8c80895095d21eed,92.116500
theo_n,17,49,false,9,9,offchain,500,45,1.370400,129.802200,220.344000,221.714400,7.191700,true,3104,,0x2fe6349b77f8b704a4b6fda6a67fa440bb1a7ac8a5722ef77d23ee9340b379ca,0x1e6ba2529c1c51cd0ab99d61e03b52081a2b2f765f142557f0afeda0cff80314,96.738200
theo_n,17,50,false,9,9,offchain,500,46,1.409900,124.656600,202.533900,203.943800,7.307600,true,3104,,0x2fe6349b77f8b704a4b6fda6a67fa440bb1a7ac8a5722ef77d23ee9340b379ca,0x24f94e7f98d781cdf3066c1516e1288f985404d2f474d2be5266774f759c0039,93.560700
theo_n,17,51,false,9,9,offchain,500,47,1.377400,124.994100,203.347100,204.724500,7.204300,true,3104,,0x2fe6349b77f8b704a4b6fda6a67fa440bb1a7ac8a5722ef77d23ee9340b379ca,0x2bc29b9bb94e111d25dae872bbe9a152f2932fe5c2dcfe7eb4589c3e284bc396,96.244800
theo_n,17,52,false,9,9,offchain,500,48,1.480900,123.709400,200.268000,201.748900,6.847000,true,3104,,0x2fe6349b77f8b704a4b6fda6a67fa440bb1a7ac8a5722ef77d23ee9340b379ca,0x3f2c363255bd9ac2db73cd3a02d9edfe2fceaea459f1eae54a9417e23c73fada,93.119700
theo_n,17,53,false,9,9,offchain,500,49,1.310400,120.684900,201.021600,202.332000,7.460900,true,3104,,0x2fe6349b77f8b704a4b6fda6a67fa440bb1a7ac8a5722ef77d23ee9340b379ca,0x105b181bd6e1bf4ae344f18d215e64d69671f3453c5ff6e536444dcede6f7a8f,93.412000
theo_n,17,54,false,9,9,offchain,500,50,1.381500,173.024400,204.513600,205.895100,7.227100,true,3104,,0x2fe6349b77f8b704a4b6fda6a67fa440bb1a7ac8a5722ef77d23ee9340b379ca,0x367a05d4576bf040770a0dfac5509fa5d77a62782c579bdada5981fe12efaa67,93.138600
theo_n,17,55,false,9,9,offchain,500,51,1.459300,122.905600,202.149100,203.608400,7.155200,true,3104,,0x2fe6349b77f8b704a4b6fda6a67fa440bb1a7ac8a5722ef77d23ee9340b379ca,0x1112593ea96c064743ef0a2c5d82b857ff41e53ace5b4abe93b2df0e5fb58a59,92.238000
theo_n,17,56,false,9,9,offchain,500,52,1.330400,121.802600,203.357500,204.687900,6.895300,true,3104,,0x2fe6349b77f8b704a4b6fda6a67fa440bb1a7ac8a5722ef77d23ee9340b379ca,0x31b370304c7cff2f4a2864357ffd01bf85f723635ccd35fc4c428b4890f47af1,100.119300
theo_n,17,57,false,9,9,offchain,500,53,1.625600,120.304800,197.633600,199.259200,6.981800,true,3104,,0x2fe6349b77f8b704a4b6fda6a67fa440bb1a7ac8a5722ef77d23ee9340b379ca,0x3d3025827bdc7c1a4cbd2fa980467237f17ab492d307245233a87b8a643f14ab,92.217700
theo_n,17,58,false,9,9,offchain,500,54,1.355700,122.425700,199.420800,200.776500,7.103900,true,3104,,0x2fe6349b77f8b704a4b6fda6a67fa440bb1a7ac8a5722ef77d23ee9340b379ca,0x34d7867c81d1e736bb70575120a00d08e4553a45a5a5e8213e3ed3d5a862f77a,93.854300
theo_n,17,59,false,9,9,offchain,500,55,1.414500,122.539600,213.892400,215.306900,7.127700,true,3104,,0x2fe6349b77f8b704a4b6fda6a67fa440bb1a7ac8a5722ef77d23ee9340b379ca,0x0b7ae8d25e76a5df04d61997493591106f2d742c98bcb28761d82773bf2ab6b3,92.965200
theo_n,17,60,false,9,9,offchain,500,56,1.390800,123.330200,201.143400,202.534200,6.976900,true,3104,,0x2fe6349b77f8b704a4b6fda6a67fa440bb1a7ac8a5722ef77d23ee9340b379ca,0x356556a6e6dbcbcf708a745b17a7298946c2d98eb9c544686c018651329069f8,91.695900
theo_n,17,61,false,9,9,offchain,500,57,1.383800,122.596100,204.007700,205.391500,7.205400,true,3104,,0x2fe6349b77f8b704a4b6fda6a67fa440bb1a7ac8a5722ef77d23ee9340b379ca,0x35affd8d03feade30e8bcc85d92d5c1e1c3f07572f69a33b47602db639ddf4eb,94.357800
theo_n,17,62,false,9,9,offchain,500,58,1.415700,124.752200,206.075300,207.491000,7.108200,true,3104,,0x2fe6349b77f8b704a4b6fda6a67fa440bb1a7ac8a5722ef77d23ee9340b379ca,0x35d159d0434207d958c002bfb58c81e555036eebb77fc92f633d8e45e4138d3a,96.171200
theo_n,17,63,false,9,9,offchain,500,59,1.374200,123.819500,201.619400,202.993600,7.131800,true,3104,,0x2fe6349b77f8b704a4b6fda6a67fa440bb1a7ac8a5722ef77d23ee9340b379ca,0x33b7affbeb57a5b82b7b9d668af0c3c7fbda480046926717d3b00c571eb87be4,93.033900
theo_n,17,64,false,9,9,offchain,500,60,1.488100,126.052900,211.049100,212.537200,6.931200,true,3104,,0x2fe6349b77f8b704a4b6fda6a67fa440bb1a7ac8a5722ef77d23ee9340b379ca,0x296ae6ced3f1274fe7a3358843e0c842a75bda60b852b254b477f46d82eecc71,98.760800
theo_n,17,65,false,9,9,offchain,500,61,1.645700,121.330600,199.800400,201.446100,7.205400,true,3104,,0x2fe6349b77f8b704a4b6fda6a67fa440bb1a7ac8a5722ef77d23ee9340b379ca,0x175131215e7801d8395735d66582488a3f45cf21ca4ac3df1895dd49dca8490d,93.741300
theo_n,17,66,false,9,9,offchain,500,62,1.387200,125.354400,205.886800,207.274000,6.924400,true,3104,,0x2fe6349b77f8b704a4b6fda6a67fa440bb1a7ac8a5722ef77d23ee9340b379ca,0x3493b117c949b0c7fad43853e1a11f960ec57e40ed3fedbbe9f6ee98f440c1a2,97.378600
theo_n,17,67,false,9,9,offchain,500,63,2.221400,166.021400,201.953600,204.175000,6.933500,true,3104,,0x2fe6349b77f8b704a4b6fda6a67fa440bb1a7ac8a5722ef77d23ee9340b379ca,0x151375a0e2cab64803c0677384030f3bf8d86c80fe19936a69f563c59fab30b1,91.624900
theo_n,17,68,false,9,9,offchain,500,64,1.425700,122.728900,203.087900,204.513600,6.877300,true,3104,,0x2fe6349b77f8b704a4b6fda6a67fa440bb1a7ac8a5722ef77d23ee9340b379ca,0x30b5adb40a92895d5ed53a0eeaa9d3c785cd219d950238043d775a741b72bb2c,92.360900
theo_n,17,69,false,9,9,offchain,500,65,1.380100,121.854800,208.684100,210.064200,7.177000,true,3104,,0x2fe6349b77f8b704a4b6fda6a67fa440bb1a7ac8a5722ef77d23ee9340b379ca,0x1fc6ffb941b71d65890a8e4128804db657be13262093318e86e8b548e0617dcf,96.129400
theo_n,17,70,false,9,9,offchain,500,66,1.384100,124.770400,201.648000,203.032100,6.922600,true,3104,,0x2fe6349b77f8b704a4b6fda6a67fa440bb1a7ac8a5722ef77d23ee9340b379ca,0x1974a9d05c061a4d1440c8e3477485d22643c540777402f3ff4d1226b013dd7b,95.573000
theo_n,17,71,false,9,9,offchain,500,67,1.440500,122.271000,200.322100,201.762600,7.147400,true,3104,,0x2fe6349b77f8b704a4b6fda6a67fa440bb1a7ac8a5722ef77d23ee9340b379ca,0x236dbf65939ffa8990a49eac3c48842c8b57d7d33627159fd2f4de1b078902fb,91.590400
theo_n,17,72,false,9,9,offchain,500,68,1.361800,122.028100,201.762000,203.123800,8.960100,true,3104,,0x2fe6349b77f8b704a4b6fda6a67fa440bb1a7ac8a5722ef77d23ee9340b379ca,0x069866effa4c385eb367f3e53f17d9a75ce227086c72ae9ebb073fc645606741,106.973700
theo_n,17,73,false,9,9,offchain,500,69,1.619700,143.336400,244.351400,245.971100,7.592900,true,3104,,0x2fe6349b77f8b704a4b6fda6a67fa440bb1a7ac8a5722ef77d23ee9340b379ca,0x0c43daa5853350e5fcd53cbe3a9849e42382c8128e6dc59b4a82cd69f7f04379,100.980500
theo_n,17,74,false,9,9,offchain,500,70,1.499900,132.588800,210.526000,212.025900,7.302100,true,3104,,0x2fe6349b77f8b704a4b6fda6a67fa440bb1a7ac8a5722ef77d23ee9340b379ca,0x020d9be1a95e587f228ddbf0721bfd65be3457d210f44a88755fcf5c8c274fb9,98.090200
theo_n,17,75,false,9,9,offchain,500,71,1.403300,126.181400,209.753800,211.157100,7.206800,true,3104,,0x2fe6349b77f8b704a4b6fda6a67fa440bb1a7ac8a5722ef77d23ee9340b379ca,0x1a892e6a7dc74c42986987fd5e36d2b0742f47af2460dbf0d9fe60320a89d30c,94.880700
theo_n,17,76,false,9,9,offchain,500,72,1.470200,127.195000,202.389800,203.860000,8.118900,true,3104,,0x2fe6349b77f8b704a4b6fda6a67fa440bb1a7ac8a5722ef77d23ee9340b379ca,0x24012d177461a632d9c00545fb9834207a4f0913b93c92f9dc477d249a4f5b8b,101.305100
theo_n,17,77,false,9,9,offchain,500,73,1.380400,127.054900,203.101500,204.481900,7.039700,true,3104,,0x2fe6349b77f8b704a4b6fda6a67fa440bb1a7ac8a5722ef77d23ee9340b379ca,0x15ddc7f941eb827dc742c94242cdb4202a7531ffe2e1320abb9f2e10c4d46bba,94.475500
theo_n,17,78,false,9,9,offchain,500,74,1.349600,122.516000,231.282300,232.631900,8.436800,true,3104,,0x2fe6349b77f8b704a4b6fda6a67fa440bb1a7ac8a5722ef77d23ee9340b379ca,0x0bef9a92e07a5e21d94c0109eaaf18de8f6698543279171aea36f65fee1fe308,102.752800
theo_n,17,79,false,9,9,offchain,500,75,2.048600,143.440300,216.106100,218.154700,7.299600,true,3104,,0x2fe6349b77f8b704a4b6fda6a67fa440bb1a7ac8a5722ef77d23ee9340b379ca,0x293dbbf2e0ee6a2c3f9223b121d1a2cfd00c97f67d78970374e17dd67a1d74bc,96.551600
theo_n,17,80,false,9,9,offchain,500,76,1.451800,127.467100,206.740400,208.192200,7.198300,true,3104,,0x2fe6349b77f8b704a4b6fda6a67fa440bb1a7ac8a5722ef77d23ee9340b379ca,0x112b1e399fc3ea2c4aa6bc7984dc59c250534aaf21590b036ca8a9e49ec93728,96.819000
theo_n,17,81,false,9,9,offchain,500,77,1.519400,183.499400,206.720700,208.240100,7.381800,true,3104,,0x2fe6349b77f8b704a4b6fda6a67fa440bb1a7ac8a5722ef77d23ee9340b379ca,0x2c391d862675b985122b7bde54e8a2413c33251b7ffea59b3eecf9be7a7ab553,93.628000
theo_n,17,82,false,9,9,offchain,500,78,1.363600,124.769900,210.060500,211.424100,7.206300,true,3104,,0x2fe6349b77f8b704a4b6fda6a67fa440bb1a7ac8a5722ef77d23ee9340b379ca,0x2b063c3c5c49d33b2da3b817ec149aeae6d7a130d98f861a5ee98a2c27732ff6,93.562600
theo_n,17,83,false,9,9,offchain,500,79,1.395800,125.861600,203.568100,204.963900,7.295700,true,3104,,0x2fe6349b77f8b704a4b6fda6a67fa440bb1a7ac8a5722ef77d23ee9340b379ca,0x03a944ffedcb6bd46ba34969f9ffb92fb3a4bf32edf50f1fdbd95a6f28a4f8d5,93.428300
theo_n,17,84,false,9,9,offchain,500,80,1.419400,123.672200,200.732500,202.151900,7.005000,true,3104,,0x2fe6349b77f8b704a4b6fda6a67fa440bb1a7ac8a5722ef77d23ee9340b379ca,0x226db5137513309d4a578e1f59e1687c5f8889c53b1e62025e1a3b2ccf3a2eec,92.382500
theo_n,17,85,false,9,9,offchain,500,81,1.381000,122.571900,203.828500,205.209500,7.017200,true,3104,,0x2fe6349b77f8b704a4b6fda6a67fa440bb1a7ac8a5722ef77d23ee9340b379ca,0x2327c5299fb59360173e53531f8cfb46faae6cbd3a39b734d4ac13a79305c10c,93.953400
theo_n,17,86,false,9,9,offchain,500,82,1.349600,124.240500,202.611000,203.960600,7.006800,true,3104,,0x2fe6349b77f8b704a4b6fda6a67fa440bb1a7ac8a5722ef77d23ee9340b379ca,0x1461edaabe49fbac3d272dd17fa989d2232a197f9f33322d31517a085e7074f6,94.547900
theo_n,17,87,false,9,9,offchain,500,83,1.348200,123.839200,201.900200,203.248400,6.986300,true,3104,,0x2fe6349b77f8b704a4b6fda6a67fa440bb1a7ac8a5722ef77d23ee9340b379ca,0x036eb7ef90ea532940cdc20ddf72d9e73001492b4888e85fc17a9f09d7452fca,93.366100
theo_n,17,88,false,9,9,offchain,500,84,1.364100,122.180900,201.778000,203.142100,6.857700,true,3104,,0x2fe6349b77f8b704a4b6fda6a67fa440bb1a7ac8a5722ef77d23ee9340b379ca,0x031f5573c450699b4dded04131f53dd85bb0e4432251025023c38abb65b61e56,92.421700
theo_n,17,89,false,9,9,offchain,500,85,1.320800,122.920200,200.524800,201.845600,6.860500,true,3104,,0x2fe6349b77f8b704a4b6fda6a67fa440bb1a7ac8a5722ef77d23ee9340b379ca,0x156c7ab873f453c200252bcd74f48164369d02b50a57d9689bc723194b8b3802,92.738700
theo_n,17,90,false,9,9,offchain,500,86,1.363000,121.423600,205.288700,206.651700,15.752600,true,3104,,0x2fe6349b77f8b704a4b6fda6a67fa440bb1a7ac8a5722ef77d23ee9340b379ca,0x331138e04ece8a2e6cbb3bc5d980ffb4f9dde1068e227fdb9832b846faaeca0e,168.804800
theo_n,17,91,false,9,9,offchain,500,87,1.927000,227.868600,485.518900,487.445900,11.156000,true,3104,,0x2fe6349b77f8b704a4b6fda6a67fa440bb1a7ac8a5722ef77d23ee9340b379ca,0x089d1aa1c2473d25b78af6935dcb93bd07aebbac0257d4d611f18fb5f545beeb,190.380900
theo_n,17,92,false,9,9,offchain,500,88,2.208300,330.687400,530.015500,532.223800,11.962700,true,3104,,0x2fe6349b77f8b704a4b6fda6a67fa440bb1a7ac8a5722ef77d23ee9340b379ca,0x1e93ea44a887f2e8fd076e0c7713ae9d34036e5aee4404a35e4b44acd32346c5,204.561000
theo_n,17,93,false,9,9,offchain,500,89,2.392800,259.841600,243.985200,246.378000,7.665300,true,3104,,0x2fe6349b77f8b704a4b6fda6a67fa440bb1a7ac8a5722ef77d23ee9340b379ca,0x1e123929cf2884f04173384ef96a723d1629eafc520534c33d5c33cbc548d4e0,107.644300
theo_n,17,94,false,9,9,offchain,500,90,2.259000,163.145700,231.573900,233.832900,7.398600,true,3104,,0x2fe6349b77f8b704a4b6fda6a67fa440bb1a7ac8a5722ef77d23ee9340b379ca,0x07e2ce03aef8e0a6f9039888b6581209d9b4511b0045717f795cd28f3fae8498,100.665600
theo_n,17,95,false,9,9,offchain,500,91,1.435000,132.464900,209.487800,210.922800,7.175700,true,3104,,0x2fe6349b77f8b704a4b6fda6a67fa440bb1a7ac8a5722ef77d23ee9340b379ca,0x22742fe979ce969d4cdb11f8076cc0152138d594231440b7590a9792caa27ff7,96.537500
theo_n,17,96,false,9,9,offchain,500,92,1.408200,125.392900,206.893500,208.301700,6.937400,true,3104,,0x2fe6349b77f8b704a4b6fda6a67fa440bb1a7ac8a5722ef77d23ee9340b379ca,0x2c9d50760aaf6391e556a5ba1c0804e54a3fda00913318e43a266220c37eb935,94.947600
theo_n,17,97,false,9,9,offchain,500,93,1.357000,122.692700,201.047700,202.404700,6.880200,true,3104,,0x2fe6349b77f8b704a4b6fda6a67fa440bb1a7ac8a5722ef77d23ee9340b379ca,0x3a752b4e6c05bd74df2d94939f850a55f28a17cceaae03d38743bd8ff61e3d5d,92.633100
theo_n,17,98,false,9,9,offchain,500,94,1.546300,122.728200,196.259600,197.805900,6.942800,true,3104,,0x2fe6349b77f8b704a4b6fda6a67fa440bb1a7ac8a5722ef77d23ee9340b379ca,0x3925e2a85c45e174b3dfeacf4d2c36c0b1ae3ff62b57faffa83a135bc086fce8,93.842100
theo_n,17,99,false,9,9,offchain,500,95,1.344900,122.329700,219.673600,221.018500,7.201200,true,3104,,0x2fe6349b77f8b704a4b6fda6a67fa440bb1a7ac8a5722ef77d23ee9340b379ca,0x022f8d0056933c95a43ba5b04cd9ad652953a2b5d0d3aea294037033125f5765,95.443500
theo_n,17,100,false,9,9,offchain,500,96,1.420400,126.444600,203.377600,204.798000,7.321900,true,3104,,0x2fe6349b77f8b704a4b6fda6a67fa440bb1a7ac8a5722ef77d23ee9340b379ca,0x1e9e2ade609569ab986455245dcd3a8d2cd79d70b61138c0bbd820794bef794a,95.391000
theo_n,17,101,false,9,9,offchain,500,97,1.439700,125.948300,205.860700,207.300400,7.060900,true,3104,,0x2fe6349b77f8b704a4b6fda6a67fa440bb1a7ac8a5722ef77d23ee9340b379ca,0x0ea9443dedf0f039461915c560ef0cd5202bc412a1277392db3c9b94736e19df,93.076900
theo_n,17,102,false,9,9,offchain,500,98,1.381800,121.749600,204.322400,205.704200,6.894600,true,3104,,0x2fe6349b77f8b704a4b6fda6a67fa440bb1a7ac8a5722ef77d23ee9340b379ca,0x33d4f89aea0692092e94f05f3633d908bf3138cbfc5e1524f6fdeddce4b4e37b,93.968500
theo_n,17,103,false,9,9,offchain,500,99,1.484900,121.862800,211.649700,213.134600,6.890800,true,3104,,0x2fe6349b77f8b704a4b6fda6a67fa440bb1a7ac8a5722ef77d23ee9340b379ca,0x2b4e96ee32f42f486de93dd2eb20d76741a3b2ea70a7b41595a5a54555e92a95,96.167200
theo_n,17,104,false,9,9,offchain,500,100,1.394300,120.351600,200.926200,202.320500,6.969500,true,3104,,0x2fe6349b77f8b704a4b6fda6a67fa440bb1a7ac8a5722ef77d23ee9340b379ca,0x07dd3f3c07969f48e22eaefcb1c5569a39fc4b5885b4a1a410401d462bfbb021,91.898400
theo_n,17,105,false,9,9,offchain,500,101,1.376000,123.081500,203.268500,204.644500,7.233900,true,3104,,0x2fe6349b77f8b704a4b6fda6a67fa440bb1a7ac8a5722ef77d23ee9340b379ca,0x0e7c2cec7b8eb7ce364425826dcf236c306113c8e5096126d3d3ca58007f19a9,104.767500
theo_n,17,106,false,9,9,offchain,500,102,1.993600,142.545500,247.638700,249.632300,7.989600,true,3104,,0x2fe6349b77f8b704a4b6fda6a67fa440bb1a7ac8a5722ef77d23ee9340b379ca,0x069e4120e2f7b77982127dc2138ad2c56e45d0e048c76797782b2a01372efecf,109.927300
theo_n,17,107,false,9,9,offchain,500,103,2.355500,154.190200,254.495500,256.851000,48.954900,true,3104,,0x2fe6349b77f8b704a4b6fda6a67fa440bb1a7ac8a5722ef77d23ee9340b379ca,0x1ee271b4609e05c1ab103aa937284d86c9dd1b64ab6e491e602267a604692b62,120.085800
theo_n,17,108,false,9,9,offchain,500,104,2.094600,159.735100,259.045600,261.140200,9.264200,true,3104,,0x2fe6349b77f8b704a4b6fda6a67fa440bb1a7ac8a5722ef77d23ee9340b379ca,0x18746a559176446a8ab51169501690db7490a782636c8990c5bbaea396bd0089,133.034000
theo_n,17,109,false,9,9,offchain,500,105,1.588700,142.950600,222.184700,223.773400,7.515000,true,3104,,0x2fe6349b77f8b704a4b6fda6a67fa440bb1a7ac8a5722ef77d23ee9340b379ca,0x3603939325fcca133581f5e01b0a873c4fb86ff8c8501029242d231030ae4730,100.974100
theo_n,17,110,false,9,9,offchain,500,106,1.451100,132.888200,209.611100,211.062200,7.283600,true,3104,,0x2fe6349b77f8b704a4b6fda6a67fa440bb1a7ac8a5722ef77d23ee9340b379ca,0x0309957ed4a228beae35d67e8be5072b3906f9fcf498fd7b8edd8f5cc1e90b88,97.040000
theo_n,17,111,false,9,9,offchain,500,107,1.480800,126.876200,201.856300,203.337100,7.128800,true,3104,,0x2fe6349b77f8b704a4b6fda6a67fa440bb1a7ac8a5722ef77d23ee9340b379ca,0x0e535e810973fbba586c3e7e8a4861b5d0379a483763a0b061dea657c3c82ba1,94.616000
theo_n,17,112,false,9,9,offchain,500,108,1.324000,122.375800,209.174600,210.498600,8.073700,true,3104,,0x2fe6349b77f8b704a4b6fda6a67fa440bb1a7ac8a5722ef77d23ee9340b379ca,0x2eb59862fcca804139e5e625af2d2e58ca75ea2cbe558917f84c9049f03acf89,98.393500
theo_n,17,113,false,9,9,offchain,500,109,1.499500,127.481200,204.476200,205.975700,7.351100,true,3104,,0x2fe6349b77f8b704a4b6fda6a67fa440bb1a7ac8a5722ef77d23ee9340b379ca,0x0eb03cbc9ef61500ebf9525588c063fb9b3da9023a8e98f4e422fbc8b83d21b1,92.567400
theo_n,17,114,false,9,9,offchain,500,110,1.356500,126.602000,204.909900,206.266400,7.044200,true,3104,,0x2fe6349b77f8b704a4b6fda6a67fa440bb1a7ac8a5722ef77d23ee9340b379ca,0x2ac49a4ce2066f1f950b20ddfcb22fb7b78f06ff7fc85c670eb62aa061a87187,92.990500
theo_n,17,115,false,9,9,offchain,500,111,1.335400,123.425900,201.885400,203.220800,6.976000,true,3104,,0x2fe6349b77f8b704a4b6fda6a67fa440bb1a7ac8a5722ef77d23ee9340b379ca,0x3fedb8027593a48bc73096ede0cc86b15ecc486ec6a5cce25e52762ed90b53e5,93.213600
theo_n,17,116,false,9,9,offchain,500,112,1.366900,124.771100,204.133200,205.500100,6.945700,true,3104,,0x2fe6349b77f8b704a4b6fda6a67fa440bb1a7ac8a5722ef77d23ee9340b379ca,0x048dad16b9456d602a09fa4858215cb8db44318b5e5f2cdb8c55d30b16a04ecd,93.786200
theo_n,17,117,false,9,9,offchain,500,113,1.431200,122.099400,199.969200,201.400400,6.998800,true,3104,,0x2fe6349b77f8b704a4b6fda6a67fa440bb1a7ac8a5722ef77d23ee9340b379ca,0x3a0f925adf8dcb5a9007b938d68416ada618ec3a24ccb916238a7503423eb662,93.004900
theo_n,17,118,false,9,9,offchain,500,114,1.442300,121.315500,199.423600,200.865900,6.926000,true,3104,,0x2fe6349b77f8b704a4b6fda6a67fa440bb1a7ac8a5722ef77d23ee9340b379ca,0x1f8dfb17f1ed7fd6841c4acacd125800bd853f2037fb0b9f940d34a73849f015,94.692500
theo_n,17,119,false,9,9,offchain,500,115,1.324100,126.832600,203.238100,204.562200,6.944900,true,3104,,0x2fe6349b77f8b704a4b6fda6a67fa440bb1a7ac8a5722ef77d23ee9340b379ca,0x07bb3c6e78f4931129730cc25a5ebad89b00ac25faa34a030e5bfd6731e85674,93.861400
theo_n,17,120,false,9,9,offchain,500,116,1.346500,121.130400,199.465200,200.811700,6.981500,true,3104,,0x2fe6349b77f8b704a4b6fda6a67fa440bb1a7ac8a5722ef77d23ee9340b379ca,0x0f8a51ebe6181317894fee2445b9ee879f41541327aadc9716339ddaa2011394,92.327300
theo_n,17,121,false,9,9,offchain,500,117,1.428900,122.668900,262.402600,263.831500,7.111100,true,3104,,0x2fe6349b77f8b704a4b6fda6a67fa440bb1a7ac8a5722ef77d23ee9340b379ca,0x3258a1b5cb69e9110e9233821657be6749c3bc471f62caa7965fd6bbe878a6b3,94.786100
theo_n,17,122,false,9,9,offchain,500,118,1.440100,124.546400,201.796300,203.236400,7.127800,true,3104,,0x2fe6349b77f8b704a4b6fda6a67fa440bb1a7ac8a5722ef77d23ee9340b379ca,0x0b4cf66301a979297eb4cef7143a3682226951e81dece88c104598edfa32bb85,92.987000
theo_n,17,123,false,9,9,offchain,500,119,1.439200,124.963300,200.261600,201.700800,7.210500,true,3104,,0x2fe6349b77f8b704a4b6fda6a67fa440bb1a7ac8a5722ef77d23ee9340b379ca,0x34a220c56a32ce4457faa733c28fe8ee0c8ba0a43da4c315660071848d20df18,94.391600
theo_n,17,124,false,9,9,offchain,500,120,1.383200,124.146500,213.677000,215.060200,7.284300,true,3104,,0x2fe6349b77f8b704a4b6fda6a67fa440bb1a7ac8a5722ef77d23ee9340b379ca,0x068aa72ec6c7edbcc433477b49b79c9fc5b18b94a01b5d659330c7a316f3de52,94.682200
theo_n,17,125,false,9,9,offchain,500,121,1.333900,123.707900,207.832800,209.166700,6.985200,true,3104,,0x2fe6349b77f8b704a4b6fda6a67fa440bb1a7ac8a5722ef77d23ee9340b379ca,0x05910f7ef3cccefaa26c691a704fc7c2a067f59954c37580e9918504530860f3,92.593400
theo_n,17,126,false,9,9,offchain,500,122,1.307800,122.161800,197.200300,198.508100,6.762900,true,3104,,0x2fe6349b77f8b704a4b6fda6a67fa440bb1a7ac8a5722ef77d23ee9340b379ca,0x2930049629a267aaa310ccce1d3a825b16928a8eae5424f1295da642ca91151e,92.323300
theo_n,17,127,false,9,9,offchain,500,123,1.434800,123.126700,200.000600,201.435400,6.904900,true,3104,,0x2fe6349b77f8b704a4b6fda6a67fa440bb1a7ac8a5722ef77d23ee9340b379ca,0x2867e36b12f207389b85f3a7f86ae38b2c25f5cef79359d3774eb971b87710ed,92.869500
theo_n,17,128,false,9,9,offchain,500,124,1.369700,122.454400,206.504800,207.874500,7.029700,true,3104,,0x2fe6349b77f8b704a4b6fda6a67fa440bb1a7ac8a5722ef77d23ee9340b379ca,0x21557e7edae2f2f3f591cd9dab903ca6c63f3d7fbfdf3770ed8988d5802bacc4,96.980900
theo_n,17,129,false,9,9,offchain,500,125,1.389400,124.434700,203.403600,204.793000,7.065800,true,3104,,0x2fe6349b77f8b704a4b6fda6a67fa440bb1a7ac8a5722ef77d23ee9340b379ca,0x0fde42439e029c080aebfe416b4f08e942d48d8f6d6a8d74d04bed8be3e1ed4b,92.356900
theo_n,17,130,false,9,9,offchain,500,126,1.650300,121.537000,201.519600,203.169900,7.373800,true,3104,,0x2fe6349b77f8b704a4b6fda6a67fa440bb1a7ac8a5722ef77d23ee9340b379ca,0x18c1b63ff8bbc1ea27b23ff824ecd084d481e647209ff99aa2ee13536afebf89,95.124000
theo_n,17,131,false,9,9,offchain,500,127,1.762800,126.269700,203.934000,205.696800,6.922500,true,3104,,0x2fe6349b77f8b704a4b6fda6a67fa440bb1a7ac8a5722ef77d23ee9340b379ca,0x1a79364a02b8abffda572de7da4499fa1cf6831620760579f9d0ec0961bba3a4,93.727100
theo_n,17,132,false,9,9,offchain,500,128,1.403400,121.414000,202.011700,203.415100,7.164800,true,3104,,0x2fe6349b77f8b704a4b6fda6a67fa440bb1a7ac8a5722ef77d23ee9340b379ca,0x0d1f3966fbb5632d1ddb8e1a83bed32d1e264a779841ee03a7ae4a67ea4aa1dc,94.230900
theo_n,17,133,false,9,9,offchain,500,129,1.823200,124.827200,201.827500,203.650700,7.372200,true,3104,,0x2fe6349b77f8b704a4b6fda6a67fa440bb1a7ac8a5722ef77d23ee9340b379ca,0x1516595735d5162e2a80b7eb0a22c57c57293051021f5154248f15e3e5191242,93.776000
theo_n,17,134,false,9,9,offchain,500,130,1.477700,124.479000,202.478300,203.956000,7.293000,true,3104,,0x2fe6349b77f8b704a4b6fda6a67fa440bb1a7ac8a5722ef77d23ee9340b379ca,0x2b218a7c4d1925e12f52195683b8baa6cfffe3df84bb3b7bbbc793689e7c83cf,93.546600
theo_n,17,135,false,9,9,offchain,500,131,1.522300,128.422200,265.508200,267.030500,7.196100,true,3104,,0x2fe6349b77f8b704a4b6fda6a67fa440bb1a7ac8a5722ef77d23ee9340b379ca,0x25aefaa0411f101d91baa21b0091f5694ab2599803c26962de027fc233035fe3,93.735900
theo_n,17,136,false,9,9,offchain,500,132,1.566300,124.559200,203.149400,204.715700,7.194300,true,3104,,0x2fe6349b77f8b704a4b6fda6a67fa440bb1a7ac8a5722ef77d23ee9340b379ca,0x17a70a53683d4b040c36c1fe255183f32f5dc797999a9319f4f4112c6a9a7c7e,92.637000
theo_n,17,137,false,9,9,offchain,500,133,1.468800,124.025800,202.193400,203.662200,6.790200,true,3104,,0x2fe6349b77f8b704a4b6fda6a67fa440bb1a7ac8a5722ef77d23ee9340b379ca,0x3399af32c63ecf5d04c6da4150a7cbff1075ef256625390233572dc8c51752ea,92.146400
theo_n,17,138,false,9,9,offchain,500,134,1.386200,123.153700,203.712300,205.098500,6.946600,true,3104,,0x2fe6349b77f8b704a4b6fda6a67fa440bb1a7ac8a5722ef77d23ee9340b379ca,0x2059c189bc871bf75ae46ccf0ba03b0242f2d9bf028cfd144bd09b783e6486a7,94.112300
theo_n,17,139,false,9,9,offchain,500,135,1.368200,123.972400,202.113900,203.482100,7.011700,true,3104,,0x2fe6349b77f8b704a4b6fda6a67fa440bb1a7ac8a5722ef77d23ee9340b379ca,0x01483b9f8413ba2c3770285aa5ca88003e247d038f65cf7c8e04329bd4ef9fb1,94.708700
theo_n,17,140,false,9,9,offchain,500,136,1.378600,123.887800,206.961200,208.339800,7.132600,true,3104,,0x2fe6349b77f8b704a4b6fda6a67fa440bb1a7ac8a5722ef77d23ee9340b379ca,0x3182b27c7f50b4f5591b48ea82a6812efc41aae5e762f089dcbfc44ffce137a0,98.931400
theo_n,17,141,false,9,9,offchain,500,137,1.365100,122.753000,200.794500,202.159600,7.096300,true,3104,,0x2fe6349b77f8b704a4b6fda6a67fa440bb1a7ac8a5722ef77d23ee9340b379ca,0x12b939036c5f5a6600e63b632922fc5585be477ef3b774b41eabcea9dde66bb9,92.279600
theo_n,17,142,false,9,9,offchain,500,138,1.373000,132.125100,208.691900,210.064900,7.087300,true,3104,,0x2fe6349b77f8b704a4b6fda6a67fa440bb1a7ac8a5722ef77d23ee9340b379ca,0x2c16b467a197afddb78e8a9e5831939c4dc8c1a85d9b04498c8dd859dc41ca60,93.832900
theo_n,17,143,false,9,9,offchain,500,139,1.414600,125.967700,205.086200,206.500800,7.044400,true,3104,,0x2fe6349b77f8b704a4b6fda6a67fa440bb1a7ac8a5722ef77d23ee9340b379ca,0x079b101af881ff3d804382dee9b96204698a0119a104b27bc0d7571326b7fde0,91.851500
theo_n,17,144,false,9,9,offchain,500,140,1.393900,122.232500,204.047800,205.441700,7.178500,true,3104,,0x2fe6349b77f8b704a4b6fda6a67fa440bb1a7ac8a5722ef77d23ee9340b379ca,0x19e60459517470537cdda65f9350fcb29de1d18f6de3ce2d26d063453f7a941c,92.723800
theo_n,17,145,false,9,9,offchain,500,141,1.456600,122.481000,203.115000,204.571600,7.186000,true,3104,,0x2fe6349b77f8b704a4b6fda6a67fa440bb1a7ac8a5722ef77d23ee9340b379ca,0x10eb3619499b37f4eeb5f8ce964a3da71095b68758dd7850248ab17def031631,92.194300
theo_n,17,146,false,9,9,offchain,500,142,1.372600,123.707600,201.565700,202.938300,6.882700,true,3104,,0x2fe6349b77f8b704a4b6fda6a67fa440bb1a7ac8a5722ef77d23ee9340b379ca,0x32f8601d3837a69cf0d53a7149a6ef9e290a6611a6328205091345073425a736,94.725700
theo_n,17,147,false,9,9,offchain,500,143,1.377300,123.485400,197.192300,198.569600,6.789400,true,3104,,0x2fe6349b77f8b704a4b6fda6a67fa440bb1a7ac8a5722ef77d23ee9340b379ca,0x398fc2634d5f6ca65eb333e515f35ee4c90fceb72ef92352576d5be9db50547a,93.425200
theo_n,17,148,false,9,9,offchain,500,144,1.311200,121.951900,207.589700,208.900900,7.290100,true,3104,,0x2fe6349b77f8b704a4b6fda6a67fa440bb1a7ac8a5722ef77d23ee9340b379ca,0x3e8ea1b06127b0023d665df6ed81fea19d43191da36ed477807d90072f8c1815,94.040200
theo_n,17,149,false,9,9,offchain,500,145,1.368600,124.733300,262.767300,264.135900,6.750900,true,3104,,0x2fe6349b77f8b704a4b6fda6a67fa440bb1a7ac8a5722ef77d23ee9340b379ca,0x2c50b4f04b0b926fe4c16e8f9aaa9aa8ad930e9a47866c1e50e4e68f58906bd8,93.416400
theo_n,17,150,false,9,9,offchain,500,146,1.354800,123.510200,207.090400,208.445200,6.894400,true,3104,,0x2fe6349b77f8b704a4b6fda6a67fa440bb1a7ac8a5722ef77d23ee9340b379ca,0x39a11cfc282eb588d3eb0fc40a8c7d8851fabcfad82e23c8b4cf395526b35b9d,95.466600
theo_n,17,151,false,9,9,offchain,500,147,1.351900,126.742400,204.437500,205.789400,6.953800,true,3104,,0x2fe6349b77f8b704a4b6fda6a67fa440bb1a7ac8a5722ef77d23ee9340b379ca,0x3775c61e39491aaa4e9ab624a54cd1dc6c02f169415dbcd7f46790d1a41d7959,93.217300
theo_n,17,152,false,9,9,offchain,500,148,1.351400,122.596100,200.703200,202.054600,6.921900,true,3104,,0x2fe6349b77f8b704a4b6fda6a67fa440bb1a7ac8a5722ef77d23ee9340b379ca,0x05f3478da4c9280431de1020e72a42e0a6930273bf7a93480c2dfbbbe6033d06,92.576900
theo_n,17,153,false,9,9,offchain,500,149,1.768400,124.409500,199.906200,201.674600,6.835900,true,3104,,0x2fe6349b77f8b704a4b6fda6a67fa440bb1a7ac8a5722ef77d23ee9340b379ca,0x030cce050af4b5d35d4022cbcb0373675ad6997be5109433676c856817260626,94.473300
theo_n,17,154,false,9,9,offchain,500,150,1.413000,124.551900,200.983900,202.396900,7.003200,true,3104,,0x2fe6349b77f8b704a4b6fda6a67fa440bb1a7ac8a5722ef77d23ee9340b379ca,0x111c7ea6a37c67383e91eaf03f5ab3472bcbc5bf9bbe05827503e4959341a4a1,94.446700
theo_n,17,155,false,9,9,offchain,500,151,1.421200,123.930500,200.910900,202.332100,6.912700,true,3104,,0x2fe6349b77f8b704a4b6fda6a67fa440bb1a7ac8a5722ef77d23ee9340b379ca,0x2bfee613bf81411c56d7ef0c003115e225069dab061b90e23a92b98c8ddb26f0,92.321600
theo_n,17,156,false,9,9,offchain,500,152,1.409800,123.932000,201.330200,202.740000,7.177300,true,3104,,0x2fe6349b77f8b704a4b6fda6a67fa440bb1a7ac8a5722ef77d23ee9340b379ca,0x383da1d3cf2b4eeffc1b06c810cfe86468f9bf5b7fe643f0b697fc5e1b8ab292,93.746000
theo_n,17,157,false,9,9,offchain,500,153,1.831600,125.156100,202.914900,204.746500,7.246700,true,3104,,0x2fe6349b77f8b704a4b6fda6a67fa440bb1a7ac8a5722ef77d23ee9340b379ca,0x3f2d01f65c8b8e3be93bcde41582075e16e5aeb952017f8f2da5e019d3e11bb3,95.304600
theo_n,17,158,false,9,9,offchain,500,154,1.369700,126.372000,205.615200,206.984900,7.018100,true,3104,,0x2fe6349b77f8b704a4b6fda6a67fa440bb1a7ac8a5722ef77d23ee9340b379ca,0x21380923866f671c7121d7026e7893bebc3ad0fd1eafa54a6c1ef9f7cf52785d,92.331400
theo_n,17,159,false,9,9,offchain,500,155,1.367000,122.469800,208.645300,210.012300,6.974300,true,3104,,0x2fe6349b77f8b704a4b6fda6a67fa440bb1a7ac8a5722ef77d23ee9340b379ca,0x34771d528051bff6572f82c1c48e74a8bba5258f56d6ff8bacddf42e45104d6a,93.253900
theo_n,17,160,false,9,9,offchain,500,156,1.361600,122.383200,199.557600,200.919200,6.940800,true,3104,,0x2fe6349b77f8b704a4b6fda6a67fa440bb1a7ac8a5722ef77d23ee9340b379ca,0x2100784b517b09d67e349bb488427c6b04de23e145a8194874ed65a9310e8861,94.651300
theo_n,17,161,false,9,9,offchain,500,157,1.387600,120.598800,197.707300,199.094900,7.227600,true,3104,,0x2fe6349b77f8b704a4b6fda6a67fa440bb1a7ac8a5722ef77d23ee9340b379ca,0x0285a09a47a8fa691ba13880fdc9852c771638cc32c694d8b098031a4eb27497,92.353800
theo_n,17,162,false,9,9,offchain,500,158,1.374100,180.569400,202.608700,203.982800,7.180300,true,3104,,0x2fe6349b77f8b704a4b6fda6a67fa440bb1a7ac8a5722ef77d23ee9340b379ca,0x1f6bee0fa69b1da9fd33c886502eb4f4125a1cb202a6c0edabcd48c39e3e5c00,94.149600
theo_n,17,163,false,9,9,offchain,500,159,1.408400,124.146000,199.683700,201.092100,6.872900,true,3104,,0x2fe6349b77f8b704a4b6fda6a67fa440bb1a7ac8a5722ef77d23ee9340b379ca,0x003bd1345f5975eabb5f63ea452e1b10998e7652b3623d6c6193d19e6398d8c6,92.263400
theo_n,17,164,false,9,9,offchain,500,160,1.399300,124.179500,200.542500,201.941800,7.224300,true,3104,,0x2fe6349b77f8b704a4b6fda6a67fa440bb1a7ac8a5722ef77d23ee9340b379ca,0x2921ba822ad6d8a81a6279252f1b385f548fe3027ab76082a833a84cfc2abe09,94.756700
theo_n,17,165,false,9,9,offchain,500,161,1.495600,124.069700,202.307000,203.802600,7.218500,true,3104,,0x2fe6349b77f8b704a4b6fda6a67fa440bb1a7ac8a5722ef77d23ee9340b379ca,0x29c4fa1e011e41b79a4af8eb2aa0d14b9a4beecaa1acfd3045ecc3ef3b06c2bd,92.363900
theo_n,17,166,false,9,9,offchain,500,162,1.544700,124.186400,202.469900,204.014600,7.355900,true,3104,,0x2fe6349b77f8b704a4b6fda6a67fa440bb1a7ac8a5722ef77d23ee9340b379ca,0x390b3baa40fc93b19b64ec900799079cc4c47fd9f7287fa8ebc0a95218b87163,92.386600
theo_n,17,167,false,9,9,offchain,500,163,1.407100,126.449800,202.775800,204.182900,7.106400,true,3104,,0x2fe6349b77f8b704a4b6fda6a67fa440bb1a7ac8a5722ef77d23ee9340b379ca,0x20865171893a06ff4935b221f4e2776f8cbd781eff8b1f83b803d8808c58ec6a,98.706200
theo_n,17,168,false,9,9,offchain,500,164,1.459000,121.677400,198.084000,199.543000,6.991200,true,3104,,0x2fe6349b77f8b704a4b6fda6a67fa440bb1a7ac8a5722ef77d23ee9340b379ca,0x29a76e3cc1f9dba9d4312df5f4a14fb4144d14d8831f4765b0bfe43a2e33262b,91.976400
theo_n,17,169,false,9,9,offchain,500,165,1.427300,121.946100,200.850200,202.277500,6.878700,true,3104,,0x2fe6349b77f8b704a4b6fda6a67fa440bb1a7ac8a5722ef77d23ee9340b379ca,0x3ef54336234b9d64663652777cdf64f3e2319565d9b5d8726d67f181df78046e,96.426500
theo_n,17,170,false,9,9,offchain,500,166,1.571900,122.747700,203.062700,204.634600,7.743600,true,3104,,0x2fe6349b77f8b704a4b6fda6a67fa440bb1a7ac8a5722ef77d23ee9340b379ca,0x33ec92559f58db46a2b4bc334db12e3522bc765c8b0977fcc99f3c725ba58f61,97.764300
theo_n,17,171,false,9,9,offchain,500,167,1.408300,123.366000,203.590700,204.999000,7.145000,true,3104,,0x2fe6349b77f8b704a4b6fda6a67fa440bb1a7ac8a5722ef77d23ee9340b379ca,0x1bbfa9f6bb6015919b05a65c69f9bb223d1743a2bd6956aadaaf608e0975c1a0,92.663500
theo_n,17,172,false,9,9,offchain,500,168,1.379900,129.370000,211.979500,213.359400,6.951000,true,3104,,0x2fe6349b77f8b704a4b6fda6a67fa440bb1a7ac8a5722ef77d23ee9340b379ca,0x3fcd47ce60762213f034ff04d8625884009e0ea9271e7aab6597ecedddd619bb,93.102400
theo_n,17,173,false,9,9,offchain,500,169,1.353100,122.916500,197.527700,198.880800,7.065000,true,3104,,0x2fe6349b77f8b704a4b6fda6a67fa440bb1a7ac8a5722ef77d23ee9340b379ca,0x2fcea9f4f817a98ab8811bf19be916be59700107f1afe7ba961d3dc7691231dc,92.004700
theo_n,17,174,false,9,9,offchain,500,170,1.317200,124.375400,203.925700,205.242900,7.092500,true,3104,,0x2fe6349b77f8b704a4b6fda6a67fa440bb1a7ac8a5722ef77d23ee9340b379ca,0x324edb1ce15cb89a0516107640a8a4c7c547b2dd3b7d396ca79e94647a282752,95.787300
theo_n,17,175,false,9,9,offchain,500,171,1.376800,125.012400,264.976500,266.353300,7.223700,true,3104,,0x2fe6349b77f8b704a4b6fda6a67fa440bb1a7ac8a5722ef77d23ee9340b379ca,0x38fd2d423d1cdbbe4af263c8937e5990af18153247e6e5c9a0d219e4a4c9d321,93.368100
theo_n,17,176,false,9,9,offchain,500,172,1.843500,125.364700,201.492300,203.335800,7.587900,true,3104,,0x2fe6349b77f8b704a4b6fda6a67fa440bb1a7ac8a5722ef77d23ee9340b379ca,0x30a365d6516963fdbd19185279f481dea56b074c1836598dfe107f23c503cf38,92.922500
theo_n,17,177,false,9,9,offchain,500,173,1.456500,128.412800,202.651700,204.108200,7.617100,true,3104,,0x2fe6349b77f8b704a4b6fda6a67fa440bb1a7ac8a5722ef77d23ee9340b379ca,0x272209cfb65cddd8022626235236e58546c3379a49e24568c83f302ea6d5ecb9,94.687100
theo_n,17,178,false,9,9,offchain,500,174,1.345200,125.696700,200.973400,202.318600,6.931900,true,3104,,0x2fe6349b77f8b704a4b6fda6a67fa440bb1a7ac8a5722ef77d23ee9340b379ca,0x2c84b8ba64a335b92e0bd7f5630eb3b6599e03482fc6624f3bea16212ef6a2ee,93.503500
theo_n,17,179,false,9,9,offchain,500,175,1.344200,121.377300,199.796000,201.140200,7.029500,true,3104,,0x2fe6349b77f8b704a4b6fda6a67fa440bb1a7ac8a5722ef77d23ee9340b379ca,0x038dc1414214f5a4d9df4e7a126bf51b554edd9c5b313b919455b9677c1446d4,91.942200
theo_n,17,180,false,9,9,offchain,500,176,1.451300,123.664100,207.322200,208.773500,6.839600,true,3104,,0x2fe6349b77f8b704a4b6fda6a67fa440bb1a7ac8a5722ef77d23ee9340b379ca,0x332415f37103751bfefaae181491f80c7b78afc00e928c0cf848720dcc56dd38,94.284300
theo_n,17,181,false,9,9,offchain,500,177,1.369400,122.063900,213.336700,214.706100,6.802700,true,3104,,0x2fe6349b77f8b704a4b6fda6a67fa440bb1a7ac8a5722ef77d23ee9340b379ca,0x033d05a8d4a07be1c8e737f9c51f388d72d0719385f2b7696c9d254481e41ddb,94.818800
theo_n,17,182,false,9,9,offchain,500,178,1.358500,161.898700,249.536400,250.894900,7.484100,true,3104,,0x2fe6349b77f8b704a4b6fda6a67fa440bb1a7ac8a5722ef77d23ee9340b379ca,0x197af70f9da7ce3f99f32d75e502198249641f5dbd2b5343d08fcb2dc41382e6,96.403100
theo_n,17,183,false,9,9,offchain,500,179,1.919100,127.838700,209.296300,211.215400,7.098200,true,3104,,0x2fe6349b77f8b704a4b6fda6a67fa440bb1a7ac8a5722ef77d23ee9340b379ca,0x15ad64e669ba0728c4958183a0b2aa4c4d8e48942cc7c71caebf4945d503f3c2,95.857200
theo_n,17,184,false,9,9,offchain,500,180,1.503800,127.182500,201.212300,202.716100,6.928200,true,3104,,0x2fe6349b77f8b704a4b6fda6a67fa440bb1a7ac8a5722ef77d23ee9340b379ca,0x142b57be2fea88cb35f3c7cd3935579d1db786cf39290c7d90e6febad20f5f58,93.651600
theo_n,17,185,false,9,9,offchain,500,181,1.383400,122.021500,206.114600,207.498000,7.397000,true,3104,,0x2fe6349b77f8b704a4b6fda6a67fa440bb1a7ac8a5722ef77d23ee9340b379ca,0x2f344243fd50926daf10c60277b47aa96ab3ae49bee2ace467cdd29ef5f09e13,93.008200
theo_n,17,186,false,9,9,offchain,500,182,1.447300,124.645300,201.738300,203.185600,7.070000,true,3104,,0x2fe6349b77f8b704a4b6fda6a67fa440bb1a7ac8a5722ef77d23ee9340b379ca,0x0f639c1300db549c48f1b27dafc8b040f3c1cfc9159e496d62be76a608e63acb,92.319100
theo_n,17,187,false,9,9,offchain,500,183,1.407600,123.113900,201.265100,202.672700,6.873300,true,3104,,0x2fe6349b77f8b704a4b6fda6a67fa440bb1a7ac8a5722ef77d23ee9340b379ca,0x1112001707407a3e97cda0c1696dcd2afeb1de6c0edc2614bb7e66b10a9811f9,92.569300
theo_n,17,188,false,9,9,offchain,500,184,1.356700,123.371300,201.286900,202.643600,7.180000,true,3104,,0x2fe6349b77f8b704a4b6fda6a67fa440bb1a7ac8a5722ef77d23ee9340b379ca,0x20b748016a081789c598c45980038297e9bf621eaab2a5ae4758dc9751b4fcb7,93.697500
theo_n,17,189,false,9,9,offchain,500,185,1.550100,179.966600,207.353500,208.903600,7.235800,true,3104,,0x2fe6349b77f8b704a4b6fda6a67fa440bb1a7ac8a5722ef77d23ee9340b379ca,0x3b0467a870288df6b3ee6ac1ac0a244eea16665024e22239ab2a56ba0b6c6c4f,97.689300
theo_n,17,190,false,9,9,offchain,500,186,1.412400,129.653900,210.392200,211.804600,7.428900,true,3104,,0x2fe6349b77f8b704a4b6fda6a67fa440bb1a7ac8a5722ef77d23ee9340b379ca,0x13d57e8cf606620453fc0dd19fe83051fda08037e0421d27a7db08ae4c65561d,96.539300
theo_n,17,191,false,9,9,offchain,500,187,1.451300,125.509400,202.870500,204.321800,7.372600,true,3104,,0x2fe6349b77f8b704a4b6fda6a67fa440bb1a7ac8a5722ef77d23ee9340b379ca,0x1130d93cb72e0a14d1a6c1f441514c412afdd724723affb16edb8359a53ae6bf,93.874500
theo_n,17,192,false,9,9,offchain,500,188,1.403200,124.330900,201.856500,203.259700,6.934800,true,3104,,0x2fe6349b77f8b704a4b6fda6a67fa440bb1a7ac8a5722ef77d23ee9340b379ca,0x21b3a9a5243fc7b838bf09e74ed1d83ca942fc6c57ceb042543f05a175f9557d,91.733900
theo_n,17,193,false,9,9,offchain,500,189,1.376200,121.427200,202.689800,204.066000,6.967800,true,3104,,0x2fe6349b77f8b704a4b6fda6a67fa440bb1a7ac8a5722ef77d23ee9340b379ca,0x283a2c1e7554ab9c143d5264b60b1000f0b15c454c13d211e1a5ee74cabffad6,94.720400
theo_n,17,194,false,9,9,offchain,500,190,1.441900,126.247500,205.191900,206.633800,7.309000,true,3104,,0x2fe6349b77f8b704a4b6fda6a67fa440bb1a7ac8a5722ef77d23ee9340b379ca,0x02ba6374c6c17cf95392731e7f87d92399dd5e0b23d1d9444bd12fb819da5711,96.505800
theo_n,17,195,false,9,9,offchain,500,191,1.354300,123.210100,200.115600,201.469900,6.944300,true,3104,,0x2fe6349b77f8b704a4b6fda6a67fa440bb1a7ac8a5722ef77d23ee9340b379ca,0x0b1650951bc1e1fce7fb91cc2c021c1b19e3314cb416922c6372325ef8376576,98.488000
theo_n,17,196,false,9,9,offchain,500,192,1.429600,122.635300,199.573100,201.002700,6.972700,true,3104,,0x2fe6349b77f8b704a4b6fda6a67fa440bb1a7ac8a5722ef77d23ee9340b379ca,0x2dd9ce672ac3eb17d6b5446e7e96708a8532b57a5981e26ade86270db1a6c039,92.240800
theo_n,17,197,false,9,9,offchain,500,193,1.382900,121.904200,197.097500,198.480400,6.894400,true,3104,,0x2fe6349b77f8b704a4b6fda6a67fa440bb1a7ac8a5722ef77d23ee9340b379ca,0x1f2068c52ddda17eec4abb5d2cf7343d1f13c6ed173c337b495ff8a281cf745c,99.354900
theo_n,17,198,false,9,9,offchain,500,194,1.351400,121.820100,197.901000,199.252400,7.056200,true,3104,,0x2fe6349b77f8b704a4b6fda6a67fa440bb1a7ac8a5722ef77d23ee9340b379ca,0x3d0b8feccd8e664dd8714b01524651cf9f56b0a504916d3c13a73b286c4db56a,93.084700
theo_n,17,199,false,9,9,offchain,500,195,1.388900,122.802100,197.559800,198.948700,7.078500,true,3104,,0x2fe6349b77f8b704a4b6fda6a67fa440bb1a7ac8a5722ef77d23ee9340b379ca,0x331ca259bce438b00c014e3f806f228048c9a13f37e48da0b0ef3bf757e67c6e,91.989100
theo_n,17,200,false,9,9,offchain,500,196,1.327600,123.008900,197.743600,199.071200,6.897500,true,3104,,0x2fe6349b77f8b704a4b6fda6a67fa440bb1a7ac8a5722ef77d23ee9340b379ca,0x0846074347fad563ae37b34419ca48d2834fb29a9f616efeedf63f972fdf03d4,92.666600
theo_n,17,201,false,9,9,offchain,500,197,1.387300,123.481000,199.979000,201.366300,7.009200,true,3104,,0x2fe6349b77f8b704a4b6fda6a67fa440bb1a7ac8a5722ef77d23ee9340b379ca,0x273296438d1fe77303776b743600c96390e0a2c3a430e9083e134caad3aa6fa3,92.666100
theo_n,17,202,false,9,9,offchain,500,198,1.335800,120.757800,288.674800,290.010600,7.293600,true,3104,,0x2fe6349b77f8b704a4b6fda6a67fa440bb1a7ac8a5722ef77d23ee9340b379ca,0x2abe995e621cbbcce94e5effcca70dcdb882e997843991c965267abd59c29cfa,101.757200
theo_n,17,203,false,9,9,offchain,500,199,1.493700,141.266100,220.378700,221.872400,7.223600,true,3104,,0x2fe6349b77f8b704a4b6fda6a67fa440bb1a7ac8a5722ef77d23ee9340b379ca,0x1fac4fcd1b8acc574b6798e75ab10b59df880c73bafff58347aa86bc0a51c43e,95.891000
theo_n,17,204,false,9,9,offchain,500,200,1.425100,126.011200,204.212800,205.637900,7.238400,true,3104,,0x2fe6349b77f8b704a4b6fda6a67fa440bb1a7ac8a5722ef77d23ee9340b379ca,0x1bc4d68efc00df7ee997830ff21f683f9546976b589eff36a51905b7fdfc58ca,96.355400
theo_n,17,205,false,9,9,offchain,500,201,1.474800,126.554400,205.061900,206.536700,6.842300,true,3104,,0x2fe6349b77f8b704a4b6fda6a67fa440bb1a7ac8a5722ef77d23ee9340b379ca,0x3f284c76415dc4eee75c087ae3413c0ca08ea6399a5edeb35a5f334f21a539fe,93.388200
theo_n,17,206,false,9,9,offchain,500,202,1.356500,121.912800,201.597500,202.954000,6.996600,true,3104,,0x2fe6349b77f8b704a4b6fda6a67fa440bb1a7ac8a5722ef77d23ee9340b379ca,0x24d1804c82c2912aaed224965411d6913e59524312d014390e98202a4aabc378,96.061200
theo_n,17,207,false,9,9,offchain,500,203,1.361600,125.356900,202.373400,203.735000,6.931900,true,3104,,0x2fe6349b77f8b704a4b6fda6a67fa440bb1a7ac8a5722ef77d23ee9340b379ca,0x16cb24082fddf3a5f8222e0920ab3cb438d771e34626f517d4cba488e3962386,92.770000
theo_n,17,208,false,9,9,offchain,500,204,1.342800,122.442400,201.978100,203.320900,7.100100,true,3104,,0x2fe6349b77f8b704a4b6fda6a67fa440bb1a7ac8a5722ef77d23ee9340b379ca,0x131ea3bfb78a1e6e6abab26bb71334dc6f0b601fa429fede863c93f9d818abb2,96.971900
theo_n,17,209,false,9,9,offchain,500,205,1.443700,121.810800,201.189500,202.633200,6.878900,true,3104,,0x2fe6349b77f8b704a4b6fda6a67fa440bb1a7ac8a5722ef77d23ee9340b379ca,0x09596a76ddd57e516f66c2f9a6fcd8ec82d281c7ccc99fe91ec26cc1dd157db3,94.644700
theo_n,17,210,false,9,9,offchain,500,206,1.362300,120.166600,211.235100,212.597400,7.201000,true,3104,,0x2fe6349b77f8b704a4b6fda6a67fa440bb1a7ac8a5722ef77d23ee9340b379ca,0x061604f7c3279342f527d4348f7ec1f2c05f8043dacd7f33ad21e53d4fc12390,93.073600
theo_n,17,211,false,9,9,offchain,500,207,1.917300,124.708400,221.856500,223.773800,7.190200,true,3104,,0x2fe6349b77f8b704a4b6fda6a67fa440bb1a7ac8a5722ef77d23ee9340b379ca,0x0cd912920c5f798209af86070eef0d6cd0b48c09440772bc28bc9f6717e7c15f,92.878800
theo_n,17,212,false,9,9,offchain,500,208,1.385000,124.195000,201.063500,202.448500,7.065100,true,3104,,0x2fe6349b77f8b704a4b6fda6a67fa440bb1a7ac8a5722ef77d23ee9340b379ca,0x30c8ef117e8748987515f4ca33bcbbae5e787d2a3a8978b39cf6574468b93c1d,92.669100
theo_n,17,213,false,9,9,offchain,500,209,1.417400,122.530300,201.132700,202.550100,6.966500,true,3104,,0x2fe6349b77f8b704a4b6fda6a67fa440bb1a7ac8a5722ef77d23ee9340b379ca,0x1048d4d217c0b8e44608afcb1ac08d5c4519d821235db477249f52c86c1dc4f4,92.431800
theo_n,17,214,false,9,9,offchain,500,210,1.383800,122.021400,268.222600,269.606400,6.955100,true,3104,,0x2fe6349b77f8b704a4b6fda6a67fa440bb1a7ac8a5722ef77d23ee9340b379ca,0x01064a3dd66fe61cea6fbc7fee4dd2e4bf4316a8fdfe2332c692bb40b5070076,93.695300
theo_n,17,215,false,9,9,offchain,500,211,1.388900,125.400500,201.126000,202.514900,7.039900,true,3104,,0x2fe6349b77f8b704a4b6fda6a67fa440bb1a7ac8a5722ef77d23ee9340b379ca,0x21ba8af501a4cbfd9a1f3ef54a78e633b70c33ba4585940387538c4f892cfb4e,92.738000
theo_n,17,216,false,9,9,offchain,500,212,1.389700,123.884900,200.152300,201.542000,7.109700,true,3104,,0x2fe6349b77f8b704a4b6fda6a67fa440bb1a7ac8a5722ef77d23ee9340b379ca,0x239fea907d60110ce7c16d7ff4b14c4a18324ffa6af0d06688050ca7878b6a52,94.587000
theo_n,17,217,false,9,9,offchain,500,213,1.376400,126.261000,203.693500,205.069900,7.134300,true,3104,,0x2fe6349b77f8b704a4b6fda6a67fa440bb1a7ac8a5722ef77d23ee9340b379ca,0x24e94cd78cc4213c982225bcb2991090eb45ac53bb3f3263531d349b13975122,92.679700
theo_n,17,218,false,9,9,offchain,500,214,1.492000,124.118200,204.721600,206.213600,7.216200,true,3104,,0x2fe6349b77f8b704a4b6fda6a67fa440bb1a7ac8a5722ef77d23ee9340b379ca,0x1f1a36958171b4ac69e853fa232864a4dfc364ad454b6c9e10ae0b744c1775d4,94.169800
theo_n,17,219,false,9,9,offchain,500,215,1.412700,124.477100,206.421800,207.834500,6.999700,true,3104,,0x2fe6349b77f8b704a4b6fda6a67fa440bb1a7ac8a5722ef77d23ee9340b379ca,0x224f7c77edb5dbfe132092e810ac26ad4e6c093e53995d08e51b3212bddf8b5a,98.008700
theo_n,17,220,false,9,9,offchain,500,216,1.544800,124.249100,202.473200,204.018000,7.289000,true,3104,,0x2fe6349b77f8b704a4b6fda6a67fa440bb1a7ac8a5722ef77d23ee9340b379ca,0x33c8f00b63241b99b8399696b5ac79215b8847d88b2836480c42c63c3b9338a6,92.544500
theo_n,17,221,false,9,9,offchain,500,217,1.826200,125.208700,201.807400,203.633600,7.044400,true,3104,,0x2fe6349b77f8b704a4b6fda6a67fa440bb1a7ac8a5722ef77d23ee9340b379ca,0x22ef695b16b79a12ad82ef7b1578ebaf5624f0cc596cb1376280302cda5e6a44,95.751600
theo_n,17,222,false,9,9,offchain,500,218,1.399400,122.936200,201.183600,202.583000,7.048700,true,3104,,0x2fe6349b77f8b704a4b6fda6a67fa440bb1a7ac8a5722ef77d23ee9340b379ca,0x271aa4fbf3693e5b18d829ee9c39cef6bc4da922a2168b6750324caad8d53f21,92.105300
theo_n,17,223,false,9,9,offchain,500,219,1.315800,121.794500,198.132000,199.447800,7.233100,true,3104,,0x2fe6349b77f8b704a4b6fda6a67fa440bb1a7ac8a5722ef77d23ee9340b379ca,0x10a4ec0e9594c3d6874d43781b150c230f2ef42aa203d6f5ab383cafb7195b60,96.481700
theo_n,17,224,false,9,9,offchain,500,220,1.456400,124.138300,201.359600,202.816000,7.065900,true,3104,,0x2fe6349b77f8b704a4b6fda6a67fa440bb1a7ac8a5722ef77d23ee9340b379ca,0x17249968cfb1672caa6753361693a65c8535d902c553ce902710ed8ff12c272b,94.227600
theo_n,17,225,false,9,9,offchain,500,221,1.344600,121.528500,203.959400,205.304000,7.148900,true,3104,,0x2fe6349b77f8b704a4b6fda6a67fa440bb1a7ac8a5722ef77d23ee9340b379ca,0x1b626f535514e4e5a7c4d23db21fd87178cf55d4ddef6c4d32ea7d8a374b9675,175.426300
theo_n,17,226,false,9,9,offchain,500,222,1.457000,129.533000,209.399300,210.856300,6.855100,true,3104,,0x2fe6349b77f8b704a4b6fda6a67fa440bb1a7ac8a5722ef77d23ee9340b379ca,0x10074f9eb31e9c6ecea33dd09b942747dde26ea5b43debd11bc3d66d758a78ba,98.029800
theo_n,17,227,false,9,9,offchain,500,223,1.421100,122.518000,204.639000,206.060100,9.174600,true,3104,,0x2fe6349b77f8b704a4b6fda6a67fa440bb1a7ac8a5722ef77d23ee9340b379ca,0x08112b8d354d9aaba93692b831a531e7cedd8b1d5a47837c1fedc6aa7f2cae8f,93.438000
theo_n,17,228,false,9,9,offchain,500,224,1.270800,125.546900,217.643200,218.914000,7.526400,true,3104,,0x2fe6349b77f8b704a4b6fda6a67fa440bb1a7ac8a5722ef77d23ee9340b379ca,0x04c3840cdc2e4aac80b4c247288eece9d5b17369096381a62cd10420152c2739,107.150700
theo_n,17,229,false,9,9,offchain,500,225,1.472900,129.633900,206.026600,207.499500,7.160000,true,3104,,0x2fe6349b77f8b704a4b6fda6a67fa440bb1a7ac8a5722ef77d23ee9340b379ca,0x1d4b623b24f055a834f78f3cf3144039c437442f579b3ebc63271326089f9186,99.424900
theo_n,17,230,false,9,9,offchain,500,226,1.370000,124.713400,204.545700,205.915700,7.200000,true,3104,,0x2fe6349b77f8b704a4b6fda6a67fa440bb1a7ac8a5722ef77d23ee9340b379ca,0x2035dedc2eb545642aed0f9606622c5f82294b4b6e544e06b55fd9e8134d213a,93.962900
theo_n,17,231,false,9,9,offchain,500,227,1.493500,124.987400,200.857000,202.350500,7.059300,true,3104,,0x2fe6349b77f8b704a4b6fda6a67fa440bb1a7ac8a5722ef77d23ee9340b379ca,0x233ff9f8b02ec4c97f0d1bc984633b2db25ab99a09a83e88f6af57228c0311a3,92.638900
theo_n,17,232,false,9,9,offchain,500,228,1.348700,122.623000,201.555600,202.904300,7.105800,true,3104,,0x2fe6349b77f8b704a4b6fda6a67fa440bb1a7ac8a5722ef77d23ee9340b379ca,0x3ce76251dd711f361f2658cafc9885d2de612f82c2243e29a406c3817fa99144,92.689900
theo_n,17,233,false,9,9,offchain,500,229,1.368700,121.437900,198.181100,199.549800,6.961300,true,3104,,0x2fe6349b77f8b704a4b6fda6a67fa440bb1a7ac8a5722ef77d23ee9340b379ca,0x01960faf9d44f7a05a9903be0817035bb839c655259186de39824a0205fbf963,96.963400
theo_n,17,234,false,9,9,offchain,500,230,1.406000,122.595000,199.664300,201.070300,7.139500,true,3104,,0x2fe6349b77f8b704a4b6fda6a67fa440bb1a7ac8a5722ef77d23ee9340b379ca,0x09bdcc85823e5cb6efe1689ca68d69f7f39a7b342925c6ef2010fb84dc0e5732,92.289300
theo_n,17,235,false,9,9,offchain,500,231,1.417600,122.459500,200.017000,201.434600,7.412400,true,3104,,0x2fe6349b77f8b704a4b6fda6a67fa440bb1a7ac8a5722ef77d23ee9340b379ca,0x1cd8f78f237edd4acf466189caacbd6b709dcba35f9e32703c9dde9aa127717c,95.426700
theo_n,17,236,false,9,9,offchain,500,232,1.360800,132.557500,206.749300,208.110100,6.626700,true,3104,,0x2fe6349b77f8b704a4b6fda6a67fa440bb1a7ac8a5722ef77d23ee9340b379ca,0x1c18dbcebe2485b6a83380729d5f98097e404059f6b7401f58ce6602117cc0aa,87.203400
theo_n,17,237,false,9,9,offchain,500,233,1.321600,118.535200,190.213600,191.535200,7.028400,true,3104,,0x2fe6349b77f8b704a4b6fda6a67fa440bb1a7ac8a5722ef77d23ee9340b379ca,0x29101a89ba44f904e04e8c5f859ff4577a45e0fb480e1f4fb84efb96f84ed6a6,91.589200
theo_n,17,238,false,9,9,offchain,500,234,1.369400,174.221000,202.401100,203.770500,7.250100,true,3104,,0x2fe6349b77f8b704a4b6fda6a67fa440bb1a7ac8a5722ef77d23ee9340b379ca,0x0d5ff26441a869edd16f94350c143401dc9839188f1a1cb63ed23c99584d6b0d,93.821700
theo_n,17,239,false,9,9,offchain,500,235,1.475900,127.747500,266.020800,267.496700,8.206200,true,3104,,0x2fe6349b77f8b704a4b6fda6a67fa440bb1a7ac8a5722ef77d23ee9340b379ca,0x3fd663fdd4796c0eeb3d2683abcf10e017b1983ed977371a64649c27e26ccdb9,109.969100
theo_n,17,240,false,9,9,offchain,500,236,1.560700,139.517900,205.923100,207.483800,7.116800,true,3104,,0x2fe6349b77f8b704a4b6fda6a67fa440bb1a7ac8a5722ef77d23ee9340b379ca,0x2a93c9f51214b5fcf5b02964ba34c8edd54e58bf4151b2599ffe6ece57b6d018,93.054700
theo_n,17,241,false,9,9,offchain,500,237,1.395000,130.226300,208.242100,209.637100,7.177700,true,3104,,0x2fe6349b77f8b704a4b6fda6a67fa440bb1a7ac8a5722ef77d23ee9340b379ca,0x13dde27c637f6854bd1c54e4176e97040d810a20d57b43bf9d70d8efc282772d,93.028500
theo_n,17,242,false,9,9,offchain,500,238,1.440200,122.780000,202.738600,204.178800,6.800100,true,3104,,0x2fe6349b77f8b704a4b6fda6a67fa440bb1a7ac8a5722ef77d23ee9340b379ca,0x135a4790752389135f911a23431ca22924c7e61a263b54ef292cd06734e0b3cc,93.801100
theo_n,17,243,false,9,9,offchain,500,239,1.383600,122.263900,218.548100,219.931700,6.904400,true,3104,,0x2fe6349b77f8b704a4b6fda6a67fa440bb1a7ac8a5722ef77d23ee9340b379ca,0x2050f24f5a3174b112b4d9b8c0cb7d635b007b190fc7128d075c0fc98fc3479a,92.168100
theo_n,17,244,false,9,9,offchain,500,240,1.354900,122.792400,204.674100,206.029000,6.983100,true,3104,,0x2fe6349b77f8b704a4b6fda6a67fa440bb1a7ac8a5722ef77d23ee9340b379ca,0x196828bf4d21e668dd09c7bfaf8edeaa2a2bb1af398e35710a9bb057ce7d5681,93.205300
theo_n,17,245,false,9,9,offchain,500,241,1.623100,122.042300,215.696100,217.319200,7.183000,true,3104,,0x2fe6349b77f8b704a4b6fda6a67fa440bb1a7ac8a5722ef77d23ee9340b379ca,0x1c10b340a544df81f3b05cefd95c7c798f3d3b4bfc8da9e365685a531f0c8b63,99.235000
theo_n,17,246,false,9,9,offchain,500,242,1.507200,130.710700,205.738600,207.245800,7.124500,true,3104,,0x2fe6349b77f8b704a4b6fda6a67fa440bb1a7ac8a5722ef77d23ee9340b379ca,0x1bff1965c200ea6f8b38aec6c6b925b4bfb622a3d2a195f279f0de996636dca4,95.481400
theo_n,17,247,false,9,9,offchain,500,243,1.429000,127.079800,220.632200,222.061200,7.416700,true,3104,,0x2fe6349b77f8b704a4b6fda6a67fa440bb1a7ac8a5722ef77d23ee9340b379ca,0x10debae9933f4c4fb21aecdc3fba6aaa30a7b4e0831e6f3967fcace92487f0e1,98.813700
theo_n,17,248,false,9,9,offchain,500,244,1.367100,126.153500,205.351200,206.718300,7.154900,true,3104,,0x2fe6349b77f8b704a4b6fda6a67fa440bb1a7ac8a5722ef77d23ee9340b379ca,0x2af5dff9b1175c3ae54eeed0b2ad06c1bfe7b4e45f17840e0a43099c8c03545d,93.461200
theo_n,17,249,false,9,9,offchain,500,245,1.408900,125.963000,206.759800,208.168700,7.253600,true,3104,,0x2fe6349b77f8b704a4b6fda6a67fa440bb1a7ac8a5722ef77d23ee9340b379ca,0x0daf01b2722a42cd348621bafad98aec02bc3e1fe6a0b1db2bd1ed7031f74d2e,94.234600
theo_n,17,250,false,9,9,offchain,500,246,1.386200,125.878000,201.856800,203.243000,6.965300,true,3104,,0x2fe6349b77f8b704a4b6fda6a67fa440bb1a7ac8a5722ef77d23ee9340b379ca,0x04b12b3f7d7b388ef7881281481d12de7f0dbc48bf6e17c93074dc50cb7fd9be,93.034200
theo_n,17,251,false,9,9,offchain,500,247,1.345800,122.517000,249.191200,250.537000,7.242000,true,3104,,0x2fe6349b77f8b704a4b6fda6a67fa440bb1a7ac8a5722ef77d23ee9340b379ca,0x2d7b6585793e0c361bb72f842ede062d5a87d30940f720f426c2fa757faf5b63,100.313900
theo_n,17,252,false,9,9,offchain,500,248,1.357300,130.007800,220.585000,221.942300,7.144100,true,3104,,0x2fe6349b77f8b704a4b6fda6a67fa440bb1a7ac8a5722ef77d23ee9340b379ca,0x1be9cacd9a4b9ba6df5a503dc09971d53f38a341768697792466962201878c83,95.123800
theo_n,17,253,false,9,9,offchain,500,249,1.431500,178.497200,209.276800,210.708300,7.234400,true,3104,,0x2fe6349b77f8b704a4b6fda6a67fa440bb1a7ac8a5722ef77d23ee9340b379ca,0x2b0854285925fa638f2cffdd4ab25c7b473c93261467a83e9fae0feda21cc6fb,97.528800
theo_n,17,254,false,9,9,offchain,500,250,2.049300,140.614500,209.835700,211.885000,6.915300,true,3104,,0x2fe6349b77f8b704a4b6fda6a67fa440bb1a7ac8a5722ef77d23ee9340b379ca,0x1d57d310321c49a17ab0081beb7b202ac05e6ec687754c6e2f432a1220113e1e,97.548000
theo_n,17,255,false,9,9,offchain,500,251,1.468800,123.316600,202.863400,204.332200,6.908000,true,3104,,0x2fe6349b77f8b704a4b6fda6a67fa440bb1a7ac8a5722ef77d23ee9340b379ca,0x0003040b0b0c590dce2f7ff9c7bd0e713f9d8b8c05da94cc7347613303651102,93.986400
theo_n,17,256,false,9,9,offchain,500,252,1.369000,123.524300,199.459000,200.828000,8.969500,true,3104,,0x2fe6349b77f8b704a4b6fda6a67fa440bb1a7ac8a5722ef77d23ee9340b379ca,0x21f766f2266ac60f05568f423178b36746f3c86bb0808fd706cc3984fe234dc2,94.964800
theo_n,17,257,false,9,9,offchain,500,253,1.796600,122.848400,202.349700,204.146300,6.842000,true,3104,,0x2fe6349b77f8b704a4b6fda6a67fa440bb1a7ac8a5722ef77d23ee9340b379ca,0x252da4d2a4b0372e71095387166f170384f70d4de57b5852378c638259d30aba,92.065000
theo_n,17,258,false,9,9,offchain,500,254,1.425000,124.541900,202.277100,203.702100,7.289000,true,3104,,0x2fe6349b77f8b704a4b6fda6a67fa440bb1a7ac8a5722ef77d23ee9340b379ca,0x27bb9c63654ccfde000b0c298d39903ed7f8ca14ad1a1a66197320ab1fa69e93,93.046800
theo_n,17,259,false,9,9,offchain,500,255,1.394800,125.613600,209.315700,210.710500,6.907500,true,3104,,0x2fe6349b77f8b704a4b6fda6a67fa440bb1a7ac8a5722ef77d23ee9340b379ca,0x19cb507afbc830f4079adeb937659190969ccebb8e9ec80d0f6f9c15abea6c96,94.596600
theo_n,17,260,false,9,9,offchain,500,256,1.387000,121.985900,199.835300,201.222300,6.905700,true,3104,,0x2fe6349b77f8b704a4b6fda6a67fa440bb1a7ac8a5722ef77d23ee9340b379ca,0x13af1a03f83f2b7047d438e28e321cabfe9b81d3b0f3e30bf6b68d60e61ccc66,91.938800
theo_n,17,261,false,9,9,offchain,500,257,1.325300,122.569000,202.178600,203.503900,6.832200,true,3104,,0x2fe6349b77f8b704a4b6fda6a67fa440bb1a7ac8a5722ef77d23ee9340b379ca,0x1f9d4cfbcd073ff55fd28f14fdc6b04580e8a7b5cc0c815ba75860a438367297,92.230400
theo_n,17,262,false,9,9,offchain,500,258,1.367700,127.458700,206.129200,207.496900,7.402400,true,3104,,0x2fe6349b77f8b704a4b6fda6a67fa440bb1a7ac8a5722ef77d23ee9340b379ca,0x16655f002f143b0ff157a38d7bfcf554efe1efa0f01bde17f81f1efd1dac5ae3,98.151000
theo_n,17,263,false,9,9,offchain,500,259,1.463200,130.520600,203.119700,204.582900,6.949700,true,3104,,0x2fe6349b77f8b704a4b6fda6a67fa440bb1a7ac8a5722ef77d23ee9340b379ca,0x32e2b5c6eb79d56f6db51b9753908017b27b45c78992dc10c03ec056cd45d1e2,92.682300
theo_n,17,264,false,9,9,offchain,500,260,1.328000,125.381700,202.637100,203.965100,6.806800,true,3104,,0x2fe6349b77f8b704a4b6fda6a67fa440bb1a7ac8a5722ef77d23ee9340b379ca,0x15acdef555d7be280128cdcd5173903bba3ea4a130d3ec6e586a9e2c925984fe,92.882600
theo_n,17,265,false,9,9,offchain,500,261,1.358100,121.097000,199.162000,200.520100,7.514800,true,3104,,0x2fe6349b77f8b704a4b6fda6a67fa440bb1a7ac8a5722ef77d23ee9340b379ca,0x206f9e957151141c6b08e67861412b9979a6cb5473d656d57c6a3f28dbd71edd,100.670500
theo_n,17,266,false,9,9,offchain,500,262,1.756300,234.019700,414.019000,415.775300,9.568700,true,3104,,0x2fe6349b77f8b704a4b6fda6a67fa440bb1a7ac8a5722ef77d23ee9340b379ca,0x1c0c03c3bb02085b517f2b0dd32060227e9a840d4113a6c0ed8e25ef6d037545,237.655800
theo_n,17,267,false,9,9,offchain,500,263,1.709900,155.598800,232.493300,234.203200,7.583900,true,3104,,0x2fe6349b77f8b704a4b6fda6a67fa440bb1a7ac8a5722ef77d23ee9340b379ca,0x2ec2fe58ea1c1da21799f323afc5604c7565f777d6920ad3b971d88781ea8688,103.928300
theo_n,17,268,false,9,9,offchain,500,264,1.517900,132.270600,211.369400,212.887300,7.134500,true,3104,,0x2fe6349b77f8b704a4b6fda6a67fa440bb1a7ac8a5722ef77d23ee9340b379ca,0x36871a7d5a642a72edb71998ebd57faab9df6f308647e14197d5d4ecc241279b,98.206700
theo_n,17,269,false,9,9,offchain,500,265,1.492900,126.964200,209.138400,210.631300,7.085400,true,3104,,0x2fe6349b77f8b704a4b6fda6a67fa440bb1a7ac8a5722ef77d23ee9340b379ca,0x14427ba209a096888541ceaa3ad3513d71c4d7c051585268c45c9226dfe0b256,97.926400
theo_n,17,270,false,9,9,offchain,500,266,1.426700,128.056200,204.951500,206.378200,7.127800,true,3104,,0x2fe6349b77f8b704a4b6fda6a67fa440bb1a7ac8a5722ef77d23ee9340b379ca,0x20d30c7b9347b468a850ccf3b369391ef9639cca1987c37584bd7d19ec6ede8c,93.734100
theo_n,17,271,false,9,9,offchain,500,267,1.449100,123.820200,203.488600,204.937700,7.464000,true,3104,,0x2fe6349b77f8b704a4b6fda6a67fa440bb1a7ac8a5722ef77d23ee9340b379ca,0x2d9ccd0c2ac36559606a0f205863e02c9c2b2d5f640eaab7c1c6a56b1a103553,94.308500
theo_n,17,272,false,9,9,offchain,500,268,1.449800,147.777000,206.029600,207.479400,8.487500,true,3104,,0x2fe6349b77f8b704a4b6fda6a67fa440bb1a7ac8a5722ef77d23ee9340b379ca,0x2b5161b66d16afe0c625e2606fef885e7c98f530e504c631fd79a05fadfe0c71,99.668100
theo_n,17,273,false,9,9,offchain,500,269,1.435800,232.869700,255.592800,257.028600,7.599600,true,3104,,0x2fe6349b77f8b704a4b6fda6a67fa440bb1a7ac8a5722ef77d23ee9340b379ca,0x3e21369041a04980f41e38d2ac90d7a9b944478af8be5a41c9c7afdf9469d697,101.265900
theo_n,17,274,false,9,9,offchain,500,270,1.704200,131.814400,213.119900,214.824100,7.202500,true,3104,,0x2fe6349b77f8b704a4b6fda6a67fa440bb1a7ac8a5722ef77d23ee9340b379ca,0x2de90771e0c245bdfa0b65bb6ee8361b444a0e72d505a6dccccd1649af6fd5c9,97.992900
theo_n,17,275,false,9,9,offchain,500,271,1.381800,128.823700,218.149700,219.531500,14.904400,true,3104,,0x2fe6349b77f8b704a4b6fda6a67fa440bb1a7ac8a5722ef77d23ee9340b379ca,0x3cc0b7377f2fd4ecc5b1dc872298412fde0d67a692b168402caf8860c8195079,116.119200
theo_n,17,276,false,9,9,offchain,500,272,1.966300,220.076500,230.382900,232.349200,7.503800,true,3104,,0x2fe6349b77f8b704a4b6fda6a67fa440bb1a7ac8a5722ef77d23ee9340b379ca,0x0fce8eb9bf34b6d3aa2cb311ca9f5c15dc716c28d4d9bb9555e44f0a08ecf8e1,103.871000
theo_n,17,277,false,9,9,offchain,500,273,1.405200,133.807000,217.250300,218.655500,7.323700,true,3104,,0x2fe6349b77f8b704a4b6fda6a67fa440bb1a7ac8a5722ef77d23ee9340b379ca,0x05833828f42204b99a454594b21513ff2183c6a99a2b3944e3440f299bb4f266,96.145800
theo_n,17,278,false,9,9,offchain,500,274,1.541000,127.791000,206.464700,208.005700,7.188500,true,3104,,0x2fe6349b77f8b704a4b6fda6a67fa440bb1a7ac8a5722ef77d23ee9340b379ca,0x214acd758d2cf355f7d8c5dec2d9e4e50194902c100b583c119a1c8bf2741569,93.344600
theo_n,17,279,false,9,9,offchain,500,275,1.372300,122.902200,210.925800,212.298100,7.188500,true,3104,,0x2fe6349b77f8b704a4b6fda6a67fa440bb1a7ac8a5722ef77d23ee9340b379ca,0x2ec1cd97c107f5e7d43f5824152c3b203d583b4c2f8fe719016cf766bdc951f6,95.499700
theo_n,17,280,false,9,9,offchain,500,276,1.373700,123.088500,264.987700,266.361400,7.101200,true,3104,,0x2fe6349b77f8b704a4b6fda6a67fa440bb1a7ac8a5722ef77d23ee9340b379ca,0x3db627a7bc1c038baa6bd3b87e0513ba54edd4efc8fce3b09e3faf1c88f5334b,95.193100
theo_n,17,281,false,9,9,offchain,500,277,1.440800,124.410000,202.804300,204.245100,7.446500,true,3104,,0x2fe6349b77f8b704a4b6fda6a67fa440bb1a7ac8a5722ef77d23ee9340b379ca,0x3856ddcb158b17f68b73df84a4a414a2bfb3f8ddfd31447ba5d526e199cd1aa1,98.925300
theo_n,17,282,false,9,9,offchain,500,278,1.411700,134.493500,205.592600,207.004300,7.159900,true,3104,,0x2fe6349b77f8b704a4b6fda6a67fa440bb1a7ac8a5722ef77d23ee9340b379ca,0x3c982d4cab23cc667f3153144ce83370da4c30519337576650456290fdef4cca,94.319500
theo_n,17,283,false,9,9,offchain,500,279,1.384800,124.973200,204.372100,205.756900,7.229800,true,3104,,0x2fe6349b77f8b704a4b6fda6a67fa440bb1a7ac8a5722ef77d23ee9340b379ca,0x3a7dd69177b1615e8955d757be7644bfc671b3e6c0de5476c889722eb94fccc5,93.244700
theo_n,17,284,false,9,9,offchain,500,280,1.404200,122.668300,200.005100,201.409300,6.937300,true,3104,,0x2fe6349b77f8b704a4b6fda6a67fa440bb1a7ac8a5722ef77d23ee9340b379ca,0x331d5755c5fdcedf8aa7d4dd13abebb69444e39cc8b7753bd20fbe209dc9bb9b,96.504000
theo_n,17,285,false,9,9,offchain,500,281,1.368100,121.305700,198.601900,199.970000,6.897700,true,3104,,0x2fe6349b77f8b704a4b6fda6a67fa440bb1a7ac8a5722ef77d23ee9340b379ca,0x12456bad5ea5ac8701e9f1e0202e980193aac418c73990454cf01f0c6011efaf,95.761100
theo_n,17,286,false,9,9,offchain,500,282,1.410200,122.386600,196.687400,198.097600,6.990900,true,3104,,0x2fe6349b77f8b704a4b6fda6a67fa440bb1a7ac8a5722ef77d23ee9340b379ca,0x2c5c303bcdfb63737d7b992cbfa56555f48a5d4cd771732f2cb35390b57dc9dc,92.410300
theo_n,17,287,false,9,9,offchain,500,283,1.497700,122.729600,197.388000,198.885700,6.743000,true,3104,,0x2fe6349b77f8b704a4b6fda6a67fa440bb1a7ac8a5722ef77d23ee9340b379ca,0x398093a3ec3cb269bfeb8423a41a3c8706c772840b6047cb9b4426afce8a9426,96.648500
theo_n,17,288,false,9,9,offchain,500,284,1.389800,122.092000,198.239900,199.629700,7.509700,true,3104,,0x2fe6349b77f8b704a4b6fda6a67fa440bb1a7ac8a5722ef77d23ee9340b379ca,0x3fde75cc892a5ba434cb91628f9126ab6df18b3ceb5d532a4efed441fd682489,92.201400
theo_n,17,289,false,9,9,offchain,500,285,1.358600,123.771200,204.640000,205.998600,6.788400,true,3104,,0x2fe6349b77f8b704a4b6fda6a67fa440bb1a7ac8a5722ef77d23ee9340b379ca,0x1b488a0fc1dcc2b8432e72712ec910c013c293088017ac695bbb56dc71189a82,96.948700
theo_n,17,290,false,9,9,offchain,500,286,1.405700,123.148300,199.478800,200.884500,6.921900,true,3104,,0x2fe6349b77f8b704a4b6fda6a67fa440bb1a7ac8a5722ef77d23ee9340b379ca,0x22fb4ba332ae52ec2d4024446d91d18f297796869446a3db080838619881e933,94.271500
theo_n,17,291,false,9,9,offchain,500,287,1.360400,121.901200,200.410700,201.771100,6.884600,true,3104,,0x2fe6349b77f8b704a4b6fda6a67fa440bb1a7ac8a5722ef77d23ee9340b379ca,0x21f0d10ccf00498500d95ad876335c49b23c2fc18275790ae389669c8544088c,92.401600
theo_n,17,292,false,9,9,offchain,500,288,1.492900,120.526500,200.666100,202.159000,6.903800,true,3104,,0x2fe6349b77f8b704a4b6fda6a67fa440bb1a7ac8a5722ef77d23ee9340b379ca,0x3ede0864c77dc19ead38c4624d41076c05baded30dec030b254489dacb314aa1,92.759600
theo_n,17,293,false,9,9,offchain,500,289,1.371600,120.976200,199.915900,201.287500,7.421600,true,3104,,0x2fe6349b77f8b704a4b6fda6a67fa440bb1a7ac8a5722ef77d23ee9340b379ca,0x340a1d29a4decfa8de11ff64dae19d713515a9e9fad0946857f86c5058a12be3,94.133100
theo_n,17,294,false,9,9,offchain,500,290,1.358400,183.407500,202.054000,203.412400,6.796600,true,3104,,0x2fe6349b77f8b704a4b6fda6a67fa440bb1a7ac8a5722ef77d23ee9340b379ca,0x17ebbf9bd7f1ef4bb43fc2aaf729e168d717fdaaed1618ea96a49e7a1ce8430b,93.756700
theo_n,17,295,false,9,9,offchain,500,291,2.008200,121.717000,219.418000,221.426200,8.108400,true,3104,,0x2fe6349b77f8b704a4b6fda6a67fa440bb1a7ac8a5722ef77d23ee9340b379ca,0x3f524ee21daedd4379074e5c4d675d34891cff3535cd53839e421dea2a3d6e85,94.950700
theo_n,17,296,false,9,9,offchain,500,292,1.396800,124.331500,203.057500,204.454300,7.018900,true,3104,,0x2fe6349b77f8b704a4b6fda6a67fa440bb1a7ac8a5722ef77d23ee9340b379ca,0x157335c3a9879e6b3c9e51fdc67047e050c7ab9ebcd8dcc49193385aae72d64e,94.612300
theo_n,17,297,false,9,9,offchain,500,293,1.383100,122.915600,202.977800,204.360900,6.763900,true,3104,,0x2fe6349b77f8b704a4b6fda6a67fa440bb1a7ac8a5722ef77d23ee9340b379ca,0x13337dcf205363234901124ae87850237fba5a2cf97131377e393825d1790380,92.920500
theo_n,17,298,false,9,9,offchain,500,294,1.373900,130.600800,198.572200,199.946100,7.006500,true,3104,,0x2fe6349b77f8b704a4b6fda6a67fa440bb1a7ac8a5722ef77d23ee9340b379ca,0x0dea04404a701c0cd65f783a999494ee6f3135a604dc6f671711d7d0df94b871,93.313400
theo_n,17,299,false,9,9,offchain,500,295,1.962700,121.419200,197.125500,199.088200,7.124300,true,3104,,0x2fe6349b77f8b704a4b6fda6a67fa440bb1a7ac8a5722ef77d23ee9340b379ca,0x30f7ab3f5f6388b7ba4206b7fb8ceb4b450b9b4310d098a84b43a4b149c2d722,93.199500
theo_n,17,300,false,9,9,offchain,500,296,1.347600,122.379400,201.629100,202.976700,6.972300,true,3104,,0x2fe6349b77f8b704a4b6fda6a67fa440bb1a7ac8a5722ef77d23ee9340b379ca,0x28a4af16d1084e7845235a5d5f63de2a12e7320ca6294a0942e081ff3bbacad9,95.847800
theo_n,17,301,false,9,9,offchain,500,297,1.402900,121.406500,198.489300,199.892200,6.794900,true,3104,,0x2fe6349b77f8b704a4b6fda6a67fa440bb1a7ac8a5722ef77d23ee9340b379ca,0x3669da98be6664f44c90fb9012c1831e02bf594cac32b81e0b35209a0f0bb5df,94.026600
theo_n,17,302,false,9,9,offchain,500,298,1.977600,121.583900,201.841500,203.819100,6.998000,true,3104,,0x2fe6349b77f8b704a4b6fda6a67fa440bb1a7ac8a5722ef77d23ee9340b379ca,0x207acd53d1b605cf54c1b07e87961e217936864c0f8d70631c7f4ccf00338787,93.840500
theo_n,17,303,false,9,9,offchain,500,299,1.390400,125.169300,204.569400,205.959800,7.267400,true,3104,,0x2fe6349b77f8b704a4b6fda6a67fa440bb1a7ac8a5722ef77d23ee9340b379ca,0x36a9d881956a99b6c4d00e5cc062e85f306b1a4a7190cef1a2ef0846b0d191fd,91.730800
theo_n,17,304,false,9,9,offchain,500,300,1.619400,124.700700,201.176000,202.795400,6.873100,true,3104,,0x2fe6349b77f8b704a4b6fda6a67fa440bb1a7ac8a5722ef77d23ee9340b379ca,0x3fae27074f78318b40a5df48f9a4168edf2929fc4ae11181ad1e34674ad615ae,93.310100
theo_n,17,305,false,9,9,offchain,500,301,1.389200,121.640300,198.329500,199.718700,6.960200,true,3104,,0x2fe6349b77f8b704a4b6fda6a67fa440bb1a7ac8a5722ef77d23ee9340b379ca,0x179ed4f1e47bb2d4c7e943d5fcb028702e81f974502e699c16aded2d973ce903,94.667400
theo_n,17,306,false,9,9,offchain,500,302,1.525700,120.925900,198.448500,199.974200,7.010800,true,3104,,0x2fe6349b77f8b704a4b6fda6a67fa440bb1a7ac8a5722ef77d23ee9340b379ca,0x257a10a072da953507bf7f7e39cf767facefa1ae5201db7269f3566da3a0db78,93.285400
theo_n,17,307,false,9,9,offchain,500,303,1.314000,121.414500,263.581700,264.895700,6.793800,true,3104,,0x2fe6349b77f8b704a4b6fda6a67fa440bb1a7ac8a5722ef77d23ee9340b379ca,0x051b473f56ec28fe51543496572291a9273d057b8792a3cda248a8e3e1e72c63,92.201800
theo_n,17,308,false,9,9,offchain,500,304,1.719400,120.796500,199.783900,201.503300,6.986300,true,3104,,0x2fe6349b77f8b704a4b6fda6a67fa440bb1a7ac8a5722ef77d23ee9340b379ca,0x33550cff5afe5a46c0fc9e6bbe27c1bd0d0eb09e731b2a2ad6ca242f176eee48,93.211800
theo_n,17,309,false,9,9,offchain,500,305,1.490000,120.620900,204.295200,205.785200,6.971400,true,3104,,0x2fe6349b77f8b704a4b6fda6a67fa440bb1a7ac8a5722ef77d23ee9340b379ca,0x347f82166c38900f4a468baac0278c52182223cea86af366433ee9931c3c839b,92.623900
theo_n,17,310,false,9,9,offchain,500,306,1.354600,121.972200,200.143500,201.498100,6.894000,true,3104,,0x2fe6349b77f8b704a4b6fda6a67fa440bb1a7ac8a5722ef77d23ee9340b379ca,0x1b7af93cf07c2cff41925485f3f11a822e3e54a05fc157c971dd2dd3caa252e0,94.013100
theo_n,17,311,false,9,9,offchain,500,307,1.349100,121.821400,208.645200,209.994300,7.072600,true,3104,,0x2fe6349b77f8b704a4b6fda6a67fa440bb1a7ac8a5722ef77d23ee9340b379ca,0x3a4fef6a829b927be652b82d2ebb3859337bbe7c5f35aa83eae3a43c465dc17c,97.717000
theo_n,17,312,false,9,9,offchain,500,308,1.328600,122.064300,199.485300,200.813900,6.929900,true,3104,,0x2fe6349b77f8b704a4b6fda6a67fa440bb1a7ac8a5722ef77d23ee9340b379ca,0x2a5170186b86aba23bc902c9f2fd58e05332b3d2e7d84c3f08a3582aae8e571b,92.086600
theo_n,17,313,false,9,9,offchain,500,309,1.441100,132.470000,201.457900,202.899000,7.160500,true,3104,,0x2fe6349b77f8b704a4b6fda6a67fa440bb1a7ac8a5722ef77d23ee9340b379ca,0x171632cbe67b8a7f89caa9d0599bb09d50ab35a070d6d2208aace0c5b826a236,93.374100
theo_n,17,314,false,9,9,offchain,500,310,1.355700,123.230400,199.773200,201.128900,6.929800,true,3104,,0x2fe6349b77f8b704a4b6fda6a67fa440bb1a7ac8a5722ef77d23ee9340b379ca,0x013788cf05df5b97a491378c5c86531a12ae3915164b08eb88b317230ac57204,92.951600
theo_n,17,315,false,9,9,offchain,500,311,1.373800,121.391100,201.122400,202.496200,6.986000,true,3104,,0x2fe6349b77f8b704a4b6fda6a67fa440bb1a7ac8a5722ef77d23ee9340b379ca,0x0bcdb5fbccd7e14d5e7a421b030cba7754ffa4b72bda954f22a43bde7125a8ee,92.266800
theo_n,17,316,false,9,9,offchain,500,312,1.459200,122.611600,215.636900,217.096100,6.828500,true,3104,,0x2fe6349b77f8b704a4b6fda6a67fa440bb1a7ac8a5722ef77d23ee9340b379ca,0x0b1a913db7e13ccb94206caa0a06615433f6757e7f11fd42df2b58de1f8462ad,92.818600
theo_n,17,317,false,9,9,offchain,500,313,1.357600,121.451000,201.478100,202.835700,6.932300,true,3104,,0x2fe6349b77f8b704a4b6fda6a67fa440bb1a7ac8a5722ef77d23ee9340b379ca,0x28183fc9feb87ed8bd0f5bef335a502896c57e0580fb209ae814b76f95db15e6,94.282400
theo_n,17,318,false,9,9,offchain,500,314,1.357000,124.223600,201.594300,202.951300,6.925700,true,3104,,0x2fe6349b77f8b704a4b6fda6a67fa440bb1a7ac8a5722ef77d23ee9340b379ca,0x39a87344e49adf7c12e72b95d5a757a75896a0eeba260715ac5b7df993b22ad3,92.548800
theo_n,17,319,false,9,9,offchain,500,315,1.793700,122.381100,205.045000,206.838700,6.882900,true,3104,,0x2fe6349b77f8b704a4b6fda6a67fa440bb1a7ac8a5722ef77d23ee9340b379ca,0x0eee191ed5a62b9de7667c1788c1bc2988886fbb14d26fda11e78abbfdfbd49c,94.720400
theo_n,17,320,false,9,9,offchain,500,316,1.308700,122.692000,200.295000,201.603700,7.351300,true,3104,,0x2fe6349b77f8b704a4b6fda6a67fa440bb1a7ac8a5722ef77d23ee9340b379ca,0x0ecd70e7cef9dba50bab70bf822dd8bea1c051e51d23c84becb490b7a952a76b,93.456300
theo_n,17,321,false,9,9,offchain,500,317,1.543400,125.061500,256.952600,258.496000,7.216300,true,3104,,0x2fe6349b77f8b704a4b6fda6a67fa440bb1a7ac8a5722ef77d23ee9340b379ca,0x3158f43ace72da14dd6b26300c09a7b969d8544e0792be0786c39c8b3ba9345f,93.792300
theo_n,17,322,false,9,9,offchain,500,318,1.577200,126.938100,203.172100,204.749300,7.232900,true,3104,,0x2fe6349b77f8b704a4b6fda6a67fa440bb1a7ac8a5722ef77d23ee9340b379ca,0x3713cd417ddd28e4f636acf46b0d2a2b069c5b5b9305797764c66795581075e8,93.025200
theo_n,17,323,false,9,9,offchain,500,319,1.418300,122.819700,205.986000,207.404300,7.096800,true,3104,,0x2fe6349b77f8b704a4b6fda6a67fa440bb1a7ac8a5722ef77d23ee9340b379ca,0x2164cbce29a7cf495a8b71b01864fe7a90bdfab983596dc3d0b434da5a980108,93.567300
theo_n,17,324,false,9,9,offchain,500,320,1.384900,121.773600,200.968600,202.353500,6.958000,true,3104,,0x2fe6349b77f8b704a4b6fda6a67fa440bb1a7ac8a5722ef77d23ee9340b379ca,0x20f2bd23c9ed0d7117d857701ebc07eadf7853be8ba31fa915c6839c5899e9ef,94.328100
theo_n,17,325,false,9,9,offchain,500,321,1.360000,121.534300,198.357000,199.717000,6.734900,true,3104,,0x2fe6349b77f8b704a4b6fda6a67fa440bb1a7ac8a5722ef77d23ee9340b379ca,0x3597e04abb934a138da489621b0f15765db7308d36fce7c46e2792e512645315,92.485500
theo_n,17,326,false,9,9,offchain,500,322,1.382400,122.228800,201.451200,202.833600,6.745200,true,3104,,0x2fe6349b77f8b704a4b6fda6a67fa440bb1a7ac8a5722ef77d23ee9340b379ca,0x3a701293f7c5a23f34bfce770d2803fb8f92196d1860967205c2c412a11f78d5,92.159800
theo_n,17,327,false,9,9,offchain,500,323,1.923300,121.075700,201.539900,203.463200,6.896800,true,3104,,0x2fe6349b77f8b704a4b6fda6a67fa440bb1a7ac8a5722ef77d23ee9340b379ca,0x11041ba6a9ec3b138050f1ab766baacb1c22c088e02f8582213671563dce0dab,92.671500
theo_n,17,328,false,9,9,offchain,500,324,1.615000,135.311100,277.554400,279.169400,7.197600,true,3104,,0x2fe6349b77f8b704a4b6fda6a67fa440bb1a7ac8a5722ef77d23ee9340b379ca,0x1eea43fd85f24d8eb08c09904728517c6f0c63eea53dcd8f2a7e37e6d0255896,119.327100
theo_n,17,329,false,9,9,offchain,500,325,1.437900,134.545100,204.643200,206.081100,7.231500,true,3104,,0x2fe6349b77f8b704a4b6fda6a67fa440bb1a7ac8a5722ef77d23ee9340b379ca,0x0e1f7beb5bc8c79b8ed2cd2df1f5a03110a0719a39ee4339cbec85c5940a74f9,93.470700
theo_n,17,330,false,9,9,offchain,500,326,1.449300,125.408200,233.048600,234.497900,9.315900,true,3104,,0x2fe6349b77f8b704a4b6fda6a67fa440bb1a7ac8a5722ef77d23ee9340b379ca,0x04e8ef58a3bd6c7f38cf6f14c65181eda94b34915bf24e27146c41fe0d6560be,112.049000
theo_n,17,331,false,9,9,offchain,500,327,1.578300,151.317600,262.781700,264.360000,15.651400,true,3104,,0x2fe6349b77f8b704a4b6fda6a67fa440bb1a7ac8a5722ef77d23ee9340b379ca,0x26246755fecd067b39a8e935e54a4e4412200f2976bf6f04b38655d28968c044,120.580200
theo_n,17,332,false,9,9,offchain,500,328,1.988700,190.015400,302.236900,304.225600,9.025700,true,3104,,0x2fe6349b77f8b704a4b6fda6a67fa440bb1a7ac8a5722ef77d23ee9340b379ca,0x2e5ed345613174629d8d0c1c7e6fca731d1f298a7b35eaa0c22874528ca44b14,126.600100
theo_n,17,333,false,9,9,offchain,500,329,1.557000,591.852400,291.739800,293.296800,7.985200,true,3104,,0x2fe6349b77f8b704a4b6fda6a67fa440bb1a7ac8a5722ef77d23ee9340b379ca,0x1ce4878c276eaac2c919e2a0f48adcdc76e6aedfa92a1b0f492bf12b2af33f60,107.409000
theo_n,17,334,false,9,9,offchain,500,330,1.622600,140.770800,245.869500,247.492100,7.527900,true,3104,,0x2fe6349b77f8b704a4b6fda6a67fa440bb1a7ac8a5722ef77d23ee9340b379ca,0x0feafc223ea42d9589ed7dc80fff327b46bd9cfb2b2ca8a0988bde5c8d9d863d,104.261300
theo_n,17,335,false,9,9,offchain,500,331,1.436800,133.782800,326.407400,327.844200,8.214600,true,3104,,0x2fe6349b77f8b704a4b6fda6a67fa440bb1a7ac8a5722ef77d23ee9340b379ca,0x0e475319efaeda817757ae6de3c7b4b115eb55403500b7dfca1bda72e222d8b1,114.350800
theo_n,17,336,false,9,9,offchain,500,332,1.470300,144.261000,219.890400,221.360700,8.095400,true,3104,,0x2fe6349b77f8b704a4b6fda6a67fa440bb1a7ac8a5722ef77d23ee9340b379ca,0x13dae4f73fb8ad970f7bb2776a879a7449d7fd3a88f49771e84d43ffc3255cc9,108.662900
theo_n,17,337,false,9,9,offchain,500,333,1.499100,258.867500,249.084900,250.584000,8.513100,true,3104,,0x2fe6349b77f8b704a4b6fda6a67fa440bb1a7ac8a5722ef77d23ee9340b379ca,0x2a9af6815b5db105ccef9d46a5e41c903a16795ed7579b131e2170167e9f93d3,102.732700
theo_n,17,338,false,9,9,offchain,500,334,1.548500,133.730400,213.570000,215.118500,7.942900,true,3104,,0x2fe6349b77f8b704a4b6fda6a67fa440bb1a7ac8a5722ef77d23ee9340b379ca,0x11bbbf1caa40d9afa60d20142dc7b40ae4c47413b10780dc49a3656b0cad8f9a,105.300900
theo_n,17,339,false,9,9,offchain,500,335,1.431600,137.520800,210.048600,211.480200,7.213000,true,3104,,0x2fe6349b77f8b704a4b6fda6a67fa440bb1a7ac8a5722ef77d23ee9340b379ca,0x19ecbcd0233d6c5d3f9baf4d27ed7e9e0c3848253d725b375bb60867e649f3d9,98.222200
theo_n,17,340,false,9,9,offchain,500,336,1.476800,125.898500,206.967800,208.444600,7.227000,true,3104,,0x2fe6349b77f8b704a4b6fda6a67fa440bb1a7ac8a5722ef77d23ee9340b379ca,0x3dcc71fab3c774dfa96e1df6ffdace3f3b2073e9ed443e576727638e8f28f713,96.821300
theo_n,17,341,false,9,9,offchain,500,337,1.462900,126.245700,202.422200,203.885100,7.274100,true,3104,,0x2fe6349b77f8b704a4b6fda6a67fa440bb1a7ac8a5722ef77d23ee9340b379ca,0x2b1048ca7c72ab76435f1c2f09d95a106d813e5e0dd341a4497247c766f58067,94.360500
theo_n,17,342,false,9,9,offchain,500,338,1.391700,125.472000,215.483100,216.874800,7.241100,true,3104,,0x2fe6349b77f8b704a4b6fda6a67fa440bb1a7ac8a5722ef77d23ee9340b379ca,0x1f859c226fa916bad9c684a17fde078129fa30ceca3b0f6b8cff1e0192022653,93.321300
theo_n,17,343,false,9,9,offchain,500,339,1.355300,124.176900,202.619600,203.974900,7.122700,true,3104,,0x2fe6349b77f8b704a4b6fda6a67fa440bb1a7ac8a5722ef77d23ee9340b379ca,0x11d2cacbaeaae9e3e739ff084d60cc7a2b2a51a16f95e1fc934bc24a8b9ac4bd,92.955100
theo_n,17,344,false,9,9,offchain,500,340,1.409700,123.315500,201.860300,203.270000,6.922100,true,3104,,0x2fe6349b77f8b704a4b6fda6a67fa440bb1a7ac8a5722ef77d23ee9340b379ca,0x20a6237640b652c2ec5a6b3cde15c5cc3e91bb391eb0f6f9ae9c8ef77ce520d9,93.147500
theo_n,17,345,false,9,9,offchain,500,341,1.802200,122.515000,197.300800,199.103000,6.828400,true,3104,,0x2fe6349b77f8b704a4b6fda6a67fa440bb1a7ac8a5722ef77d23ee9340b379ca,0x23267799196fe59cf8521dba9ac922378800fcfad499bd64f6b09b35a533382c,93.029200
theo_n,17,346,false,9,9,offchain,500,342,1.344100,175.757200,218.783200,220.127300,6.968200,true,3104,,0x2fe6349b77f8b704a4b6fda6a67fa440bb1a7ac8a5722ef77d23ee9340b379ca,0x008c87b89c78cc57932522061498ea65abd02940d360b323de35bd5cd452bf2f,93.796400
theo_n,17,347,false,9,9,offchain,500,343,1.379800,123.641100,200.731600,202.111400,7.039500,true,3104,,0x2fe6349b77f8b704a4b6fda6a67fa440bb1a7ac8a5722ef77d23ee9340b379ca,0x33e842b06e948f99c3241747cdf4ed2d211f74f0deb364d517de542f9cfdea76,92.871200
theo_n,17,348,false,9,9,offchain,500,344,1.496400,123.153800,206.609200,208.105600,7.087600,true,3104,,0x2fe6349b77f8b704a4b6fda6a67fa440bb1a7ac8a5722ef77d23ee9340b379ca,0x05e5e60147e8d2e2c9a4b1ad50a0a96d938eecbe964e4fce44f2596131450a22,93.631300
theo_n,17,349,false,9,9,offchain,500,345,1.409900,126.923700,205.594800,207.004700,7.258700,true,3104,,0x2fe6349b77f8b704a4b6fda6a67fa440bb1a7ac8a5722ef77d23ee9340b379ca,0x011b716aeeb26286a543b77a9234d4fba9f30010faf2942d8545354ff3282c36,98.406000
theo_n,17,350,false,9,9,offchain,500,346,1.393000,125.159600,203.074600,204.467600,6.876900,true,3104,,0x2fe6349b77f8b704a4b6fda6a67fa440bb1a7ac8a5722ef77d23ee9340b379ca,0x24c1cc499b4c66d2811e8bf3f46762c620849bddcbb107395dbc006881ff2e93,95.732700
theo_n,17,351,false,9,9,offchain,500,347,1.430000,124.492800,203.554400,204.984400,7.002700,true,3104,,0x2fe6349b77f8b704a4b6fda6a67fa440bb1a7ac8a5722ef77d23ee9340b379ca,0x2a82e7c0a7493283de9d7235505483fb52f564e7c17b0f6c68e1628888a98aae,92.849900
theo_n,17,352,false,9,9,offchain,500,348,1.490900,124.602300,202.551700,204.042600,6.883100,true,3104,,0x2fe6349b77f8b704a4b6fda6a67fa440bb1a7ac8a5722ef77d23ee9340b379ca,0x13bbf2f0951ef946b35efc83f75af9cb87cd8ca84cf7a8d02d2fcbedd30a2b06,93.077700
theo_n,17,353,false,9,9,offchain,500,349,1.364400,120.941400,202.483300,203.847700,6.982100,true,3104,,0x2fe6349b77f8b704a4b6fda6a67fa440bb1a7ac8a5722ef77d23ee9340b379ca,0x026ddb8d253c842fd31bafe8d44d63f0e7222dfb62bff3244a09138f2cb1262e,92.206800
theo_n,17,354,false,9,9,offchain,500,350,1.396700,122.785000,201.132200,202.528900,7.214100,true,3104,,0x2fe6349b77f8b704a4b6fda6a67fa440bb1a7ac8a5722ef77d23ee9340b379ca,0x13c6f51707e7ab8a10b57d92407e719a900fb331cb123f39e39dd00c59bf206e,93.077900
theo_n,17,355,false,9,9,offchain,500,351,1.388500,125.144800,202.434500,203.823000,6.719500,true,3104,,0x2fe6349b77f8b704a4b6fda6a67fa440bb1a7ac8a5722ef77d23ee9340b379ca,0x326793c06bcbf56be496c63804b6ce49d4f524894d05524920463eb1f405219b,95.908300
theo_n,17,356,false,9,9,offchain,500,352,1.317800,121.317900,201.572600,202.890400,7.038300,true,3104,,0x2fe6349b77f8b704a4b6fda6a67fa440bb1a7ac8a5722ef77d23ee9340b379ca,0x2a785a4ab903731680b64b192038c7225ff9481122529ba90a243d5243421419,94.043100
theo_n,17,357,false,9,9,offchain,500,353,1.341300,121.695400,197.549400,198.890700,7.111700,true,3104,,0x2fe6349b77f8b704a4b6fda6a67fa440bb1a7ac8a5722ef77d23ee9340b379ca,0x1ac34198255b23ce92d3efcd9ed10a68aca01cc91af53b232c243f2077e9d8ca,92.092800
theo_n,17,358,false,9,9,offchain,500,354,1.472800,120.984900,199.442300,200.915100,7.908400,true,3104,,0x2fe6349b77f8b704a4b6fda6a67fa440bb1a7ac8a5722ef77d23ee9340b379ca,0x0ece68e28fa66c858202ec7e2b0122b790d3c8a6e32164de2ccff3f2f8f9c1cd,92.879900
theo_n,17,359,false,9,9,offchain,500,355,1.441500,124.494800,205.639700,207.081200,6.835000,true,3104,,0x2fe6349b77f8b704a4b6fda6a67fa440bb1a7ac8a5722ef77d23ee9340b379ca,0x3fb5b4605b8c379a43823d36cad4659531e671fb44eaac20784a6e297b6b185a,98.484000
theo_n,17,360,false,9,9,offchain,500,356,1.368800,121.231800,255.029700,256.398500,7.075100,true,3104,,0x2fe6349b77f8b704a4b6fda6a67fa440bb1a7ac8a5722ef77d23ee9340b379ca,0x21569add1ae527eac5dee3180e1fbbbdab52d47bbd92292baf1ce1266d839fe2,92.064300
theo_n,17,361,false,9,9,offchain,500,357,1.283800,122.308400,200.786300,202.070100,6.939600,true,3104,,0x2fe6349b77f8b704a4b6fda6a67fa440bb1a7ac8a5722ef77d23ee9340b379ca,0x2190cb22b8717fc0037afcaec5b056909afa93753955b5637fe50ac35f7688cf,92.869300
theo_n,17,362,false,9,9,offchain,500,358,1.364200,124.121400,201.562800,202.927000,6.977000,true,3104,,0x2fe6349b77f8b704a4b6fda6a67fa440bb1a7ac8a5722ef77d23ee9340b379ca,0x129736d53a640c95ca9cec89e0d9f9ec7b3e3aa8c73427ed8d11c6285b19ab42,95.149700
theo_n,17,363,false,9,9,offchain,500,359,1.402500,122.420400,199.619200,201.021700,6.972700,true,3104,,0x2fe6349b77f8b704a4b6fda6a67fa440bb1a7ac8a5722ef77d23ee9340b379ca,0x1578dced60b0bd291ce8f05f8191d20f4249f1357f2cd2e902c02b9b479e33ee,92.612500
theo_n,17,364,false,9,9,offchain,500,360,1.348900,126.776800,210.767500,212.116400,7.125900,true,3104,,0x2fe6349b77f8b704a4b6fda6a67fa440bb1a7ac8a5722ef77d23ee9340b379ca,0x233878d89fbc8ae41d1378e8c1a297efaba276372c6530c711c097556b0d6ede,96.735000
theo_n,17,365,false,9,9,offchain,500,361,1.395100,123.808500,200.265300,201.660400,7.918100,true,3104,,0x2fe6349b77f8b704a4b6fda6a67fa440bb1a7ac8a5722ef77d23ee9340b379ca,0x3a089bd539d33fe66e3e981b9b4c43c00a1380eb25eb1e6c38799369b9ea8b65,100.535500
theo_n,17,366,false,9,9,offchain,500,362,1.414700,124.607500,202.625600,204.040300,7.146400,true,3104,,0x2fe6349b77f8b704a4b6fda6a67fa440bb1a7ac8a5722ef77d23ee9340b379ca,0x02e9489b7e19c32707c75e2fb97be6d79420a4a232fbd440ac12beaecc6eacd4,92.935200
theo_n,17,367,false,9,9,offchain,500,363,1.413700,125.666300,202.737600,204.151300,7.039700,true,3104,,0x2fe6349b77f8b704a4b6fda6a67fa440bb1a7ac8a5722ef77d23ee9340b379ca,0x1129b0c78fd745eae82f15d7cf92a7a6a845343bd62256749101cf2f1a2e4c4d,93.635600
theo_n,17,368,false,9,9,offchain,500,364,1.451700,122.757000,200.766900,202.218600,6.850800,true,3104,,0x2fe6349b77f8b704a4b6fda6a67fa440bb1a7ac8a5722ef77d23ee9340b379ca,0x3da8527b99c305c392fbfd5b3a4a991d111f71e0c8a78d67507376d1e94f3965,92.179600
theo_n,17,369,false,9,9,offchain,500,365,1.433800,121.388200,198.453000,199.886800,6.990800,true,3104,,0x2fe6349b77f8b704a4b6fda6a67fa440bb1a7ac8a5722ef77d23ee9340b379ca,0x042d5a1e48d2bf3bd28eb0fc24f1bfc8e189623ee458395c929d2429dae4442f,96.677400
theo_n,17,370,false,9,9,offchain,500,366,1.318000,121.863700,201.681700,202.999700,6.909600,true,3104,,0x2fe6349b77f8b704a4b6fda6a67fa440bb1a7ac8a5722ef77d23ee9340b379ca,0x374f33159c146e929ca5e328eab53d92a8e8884fa2f86cd62d37567a33e1a097,93.883800
theo_n,17,371,false,9,9,offchain,500,367,1.293400,123.302200,198.549100,199.842500,6.997400,true,3104,,0x2fe6349b77f8b704a4b6fda6a67fa440bb1a7ac8a5722ef77d23ee9340b379ca,0x075352174bb597312f9de58525b513aa9c1a0fb332e10136431936e4861f718b,96.042900
theo_n,17,372,false,9,9,offchain,500,368,1.387700,120.883400,199.341300,200.729000,6.984000,true,3104,,0x2fe6349b77f8b704a4b6fda6a67fa440bb1a7ac8a5722ef77d23ee9340b379ca,0x3a17f2cc008f2c1cec3fd09e6c832a4e68e4fc160f8159930d5f1ece679a441c,92.999600
theo_n,17,373,false,9,9,offchain,500,369,1.350000,123.427600,201.592200,202.942200,7.372000,true,3104,,0x2fe6349b77f8b704a4b6fda6a67fa440bb1a7ac8a5722ef77d23ee9340b379ca,0x37b4cccdf08f4492d349745827729d64bbbbecb9811fb5defc9442e3717bf1cb,95.315100
theo_n,17,374,false,9,9,offchain,500,370,1.336600,122.273700,198.485200,199.821800,6.856800,true,3104,,0x2fe6349b77f8b704a4b6fda6a67fa440bb1a7ac8a5722ef77d23ee9340b379ca,0x035ef62a1666ae0b02052216bacd31c279328d9a072d3a0fc1a2a0662738f740,92.368500
theo_n,17,375,false,9,9,offchain,500,371,1.410000,180.602400,202.786400,204.196400,7.217200,true,3104,,0x2fe6349b77f8b704a4b6fda6a67fa440bb1a7ac8a5722ef77d23ee9340b379ca,0x10ba46cae20a9c421f1f0690b1e02a94a2c83bc5f14cadb487e8d219812a623a,92.848900
theo_n,17,376,false,9,9,offchain,500,372,1.443600,124.700100,201.602700,203.046300,7.044600,true,3104,,0x2fe6349b77f8b704a4b6fda6a67fa440bb1a7ac8a5722ef77d23ee9340b379ca,0x0b268baed98346a87778c554922b4611b5b073c2c8db0ad259fbc7a8b742d395,94.852100
theo_n,17,377,false,9,9,offchain,500,373,1.393500,121.480200,198.072800,199.466300,6.895900,true,3104,,0x2fe6349b77f8b704a4b6fda6a67fa440bb1a7ac8a5722ef77d23ee9340b379ca,0x11f002b23237094e2e05eef8d181e739a6b0523b73ab31081561e59b11fe10d0,92.265600
theo_n,17,378,false,9,9,offchain,500,374,1.331900,122.545600,198.936200,200.268100,6.930500,true,3104,,0x2fe6349b77f8b704a4b6fda6a67fa440bb1a7ac8a5722ef77d23ee9340b379ca,0x3738afc4528020bc3732e8d1a66ee12ac4fe368b12952cea53eee21e014c58f6,93.151500
theo_n,17,379,false,9,9,offchain,500,375,1.409300,122.790500,200.438100,201.847400,7.095200,true,3104,,0x2fe6349b77f8b704a4b6fda6a67fa440bb1a7ac8a5722ef77d23ee9340b379ca,0x0b12c1a884e88866e4cbc3a87953722b865c93e70b62920cad0fa4f182984fe7,92.645100
theo_n,17,380,false,9,9,offchain,500,376,1.391300,123.533300,204.194000,205.585300,7.102600,true,3104,,0x2fe6349b77f8b704a4b6fda6a67fa440bb1a7ac8a5722ef77d23ee9340b379ca,0x2de70f6291ae06b5a1c5819bf3fa7e836e6d130dc5cfeb3fde08d0dad953be0d,93.965300
theo_n,17,381,false,9,9,offchain,500,377,1.421000,124.234500,201.033800,202.454800,7.207800,true,3104,,0x2fe6349b77f8b704a4b6fda6a67fa440bb1a7ac8a5722ef77d23ee9340b379ca,0x2340d67cb0b0ee0ac46f075b0f811c160bc5b5505b9520e13e19d10c4f190b2e,93.949000
theo_n,17,382,false,9,9,offchain,500,378,1.381300,122.533900,200.241500,201.622800,6.764500,true,3104,,0x2fe6349b77f8b704a4b6fda6a67fa440bb1a7ac8a5722ef77d23ee9340b379ca,0x0529dafcf5a6f2872f62d09a548256ea171d3de17be784115826d5e20ab80de2,94.308700
theo_n,17,383,false,9,9,offchain,500,379,1.334200,122.946400,207.344800,208.679000,7.053200,true,3104,,0x2fe6349b77f8b704a4b6fda6a67fa440bb1a7ac8a5722ef77d23ee9340b379ca,0x3e1c806ad5148452804b6382cbf1920552432565d63a6ed0f9656008d14be5ab,93.241800
theo_n,17,384,false,9,9,offchain,500,380,1.457900,125.157900,200.678900,202.136800,7.286000,true,3104,,0x2fe6349b77f8b704a4b6fda6a67fa440bb1a7ac8a5722ef77d23ee9340b379ca,0x28f408e14b0a24ff7fd5c4e448cf69da0c0ea5c9015e52e92625706da6cbb5de,97.211400
theo_n,17,385,false,9,9,offchain,500,381,1.400800,122.383300,201.560300,202.961100,6.861100,true,3104,,0x2fe6349b77f8b704a4b6fda6a67fa440bb1a7ac8a5722ef77d23ee9340b379ca,0x37002acc711b23105cea799b1f74dd32db4c6b3c2f1a239f202b40ebba1c7a1a,94.938000
theo_n,17,386,false,9,9,offchain,500,382,1.391200,121.393200,202.520300,203.911500,6.996100,true,3104,,0x2fe6349b77f8b704a4b6fda6a67fa440bb1a7ac8a5722ef77d23ee9340b379ca,0x0ad3f8032521ba04ffcd84af6bbb0f2f23c4cf6ed3ae1aa844fb2d2eed83761a,92.448500
theo_n,17,387,false,9,9,offchain,500,383,1.305100,121.733100,200.273500,201.578600,6.938300,true,3104,,0x2fe6349b77f8b704a4b6fda6a67fa440bb1a7ac8a5722ef77d23ee9340b379ca,0x1a8fae573317e02deebf6e3f3cf71f48cd6a883242b271017f8653b41eea5609,92.401100
theo_n,17,388,false,9,9,offchain,500,384,1.547300,181.893400,202.208000,203.755300,6.923200,true,3104,,0x2fe6349b77f8b704a4b6fda6a67fa440bb1a7ac8a5722ef77d23ee9340b379ca,0x17efbd9b6c261dba41228775e46535f336fcb9e9e5c3586cbcb3e40bbe3703c7,92.077500
theo_n,17,389,false,9,9,offchain,500,385,1.360300,120.240600,199.553300,200.913600,6.947300,true,3104,,0x2fe6349b77f8b704a4b6fda6a67fa440bb1a7ac8a5722ef77d23ee9340b379ca,0x0007f8c57a174dea30f97f2bd65a127798c24a0e119e8f10774b22887554208f,93.738700
theo_n,17,390,false,9,9,offchain,500,386,1.354000,122.091900,202.387800,203.741800,7.009700,true,3104,,0x2fe6349b77f8b704a4b6fda6a67fa440bb1a7ac8a5722ef77d23ee9340b379ca,0x0ebe5e703e22a677886e132cbcbcbae892c71a7e546c89607bc3143fb1a9fe65,95.734600
theo_n,17,391,false,9,9,offchain,500,387,1.337800,121.236400,197.997900,199.335700,6.987900,true,3104,,0x2fe6349b77f8b704a4b6fda6a67fa440bb1a7ac8a5722ef77d23ee9340b379ca,0x09c70756981fddd8607cfc8f849599f7371618dcc04162976b79f47ce6ba3757,97.357100
theo_n,17,392,false,9,9,offchain,500,388,1.517500,121.148500,203.249300,204.766800,7.172100,true,3104,,0x2fe6349b77f8b704a4b6fda6a67fa440bb1a7ac8a5722ef77d23ee9340b379ca,0x155869798febc9ecb2551cad19e79dc00b155bfa29559fe1261ef2f487ddf703,93.411700
theo_n,17,393,false,9,9,offchain,500,389,1.385600,121.434800,199.256800,200.642400,6.990000,true,3104,,0x2fe6349b77f8b704a4b6fda6a67fa440bb1a7ac8a5722ef77d23ee9340b379ca,0x319bd6cfccaaf092ec5822b4d997bfcf3cde92c3d68bf7d4fb633a4587893e28,96.099600
theo_n,17,394,false,9,9,offchain,500,390,1.358500,121.124800,204.315400,205.673900,6.836400,true,3104,,0x2fe6349b77f8b704a4b6fda6a67fa440bb1a7ac8a5722ef77d23ee9340b379ca,0x261de1ec6c6a78cce00bf993c58bcfdf7a8d1e8c658d5ee5f5d31181ebedcdb9,95.001900
theo_n,17,395,false,9,9,offchain,500,391,1.916000,123.798800,199.041400,200.957400,6.851500,true,3104,,0x2fe6349b77f8b704a4b6fda6a67fa440bb1a7ac8a5722ef77d23ee9340b379ca,0x01332cc5ca3061b027fe435f19121ae29e16e76e32873c9229c3b8497991ff6c,92.173200
theo_n,17,396,false,9,9,offchain,500,392,1.395200,120.700600,200.850200,202.245400,7.242100,true,3104,,0x2fe6349b77f8b704a4b6fda6a67fa440bb1a7ac8a5722ef77d23ee9340b379ca,0x01cb378e68d25abc36049bbc8760774aa76e0d1d6339b1fb08706a4002e00aa9,93.281500
theo_n,17,397,false,9,9,offchain,500,393,1.395200,123.057600,201.966300,203.361500,6.802800,true,3104,,0x2fe6349b77f8b704a4b6fda6a67fa440bb1a7ac8a5722ef77d23ee9340b379ca,0x1bfd5883a01607c559d2bc2025067c8f5d34ac0417c50a9dd06daaced5e6ae47,92.925600
theo_n,17,398,false,9,9,offchain,500,394,1.412200,121.933300,199.643800,201.056000,6.889200,true,3104,,0x2fe6349b77f8b704a4b6fda6a67fa440bb1a7ac8a5722ef77d23ee9340b379ca,0x06b2ff4837c6fca500963fb4613f52699eb0d585a21e344150afaf5debd68768,92.413900
theo_n,17,399,false,9,9,offchain,500,395,1.396800,121.486100,199.572700,200.969500,7.071500,true,3104,,0x2fe6349b77f8b704a4b6fda6a67fa440bb1a7ac8a5722ef77d23ee9340b379ca,0x1d1cb6e530fd074c994d87bec78057495a6fe90ac3049144ccf0539c1d0e9efd,94.193200
theo_n,17,400,false,9,9,offchain,500,396,1.376100,121.239500,201.751100,203.127200,7.048800,true,3104,,0x2fe6349b77f8b704a4b6fda6a67fa440bb1a7ac8a5722ef77d23ee9340b379ca,0x30169759c6946c413cd35964d87491e00ca78d5e90cdfbf2309aea745863849a,95.469800
theo_n,17,401,false,9,9,offchain,500,397,1.385300,128.156900,199.036900,200.422200,6.991300,true,3104,,0x2fe6349b77f8b704a4b6fda6a67fa440bb1a7ac8a5722ef77d23ee9340b379ca,0x17b8ed81af3a720c87c8e8c74a649f22fb8f8dbfe0059ea9ca0f73524f967977,92.487900
theo_n,17,402,false,9,9,offchain,500,398,1.310400,180.999100,210.213600,211.524000,6.869300,true,3104,,0x2fe6349b77f8b704a4b6fda6a67fa440bb1a7ac8a5722ef77d23ee9340b379ca,0x3c4cd2b0b6161d79ea35690f49770d2c6eabbd0da71c2351f31493279a97453c,93.099000
theo_n,17,403,false,9,9,offchain,500,399,1.337300,122.133100,200.084000,201.421300,6.936200,true,3104,,0x2fe6349b77f8b704a4b6fda6a67fa440bb1a7ac8a5722ef77d23ee9340b379ca,0x203aeeeb17440e04d219428e581319449e4cc0ccfdb05dae1c6d054730b683cb,92.372400
theo_n,17,404,false,9,9,offchain,500,400,1.481200,121.265000,198.281700,199.762900,6.948300,true,3104,,0x2fe6349b77f8b704a4b6fda6a67fa440bb1a7ac8a5722ef77d23ee9340b379ca,0x2860468322f6e2f1b292467553c1b2dae1e6e0c897bbbd85941c1e509a2168ba,92.728500
theo_n,17,405,false,9,9,offchain,500,401,1.657500,121.564700,203.113400,204.770900,6.803300,true,3104,,0x2fe6349b77f8b704a4b6fda6a67fa440bb1a7ac8a5722ef77d23ee9340b379ca,0x03fcac5b0962b0a09a4d64419730ac2bd42a358d2d60df3ee89fe4c7e75b78fc,92.778000
theo_n,17,406,false,9,9,offchain,500,402,1.338900,120.818200,200.364100,201.703000,7.137200,true,3104,,0x2fe6349b77f8b704a4b6fda6a67fa440bb1a7ac8a5722ef77d23ee9340b379ca,0x05d14ee5c81c524e027df7e23af2063022966a38d2ce56387b9db8c39bebc71a,93.059900
theo_n,17,407,false,9,9,offchain,500,403,1.419500,122.815700,199.671600,201.091100,6.845900,true,3104,,0x2fe6349b77f8b704a4b6fda6a67fa440bb1a7ac8a5722ef77d23ee9340b379ca,0x382af857ef133c08884cf76c256547f234fba55c50312f1bc77531ff8f661bef,94.820700
theo_n,17,408,false,9,9,offchain,500,404,1.342200,121.568300,201.800300,203.142500,6.841200,true,3104,,0x2fe6349b77f8b704a4b6fda6a67fa440bb1a7ac8a5722ef77d23ee9340b379ca,0x378067ce19c59caf2481e3a85cf6ea2d92084606882935c582a0cead0dc67fe9,92.708200
theo_n,17,409,false,9,9,offchain,500,405,1.336100,122.453100,199.865100,201.201200,6.907800,true,3104,,0x2fe6349b77f8b704a4b6fda6a67fa440bb1a7ac8a5722ef77d23ee9340b379ca,0x0fcad7247576a1b07bb28672f54e45c1975f4d2cb12ce2a0842156e5fb11b699,94.331500
theo_n,17,410,false,9,9,offchain,500,406,1.328500,121.227800,198.160900,199.489400,6.854700,true,3104,,0x2fe6349b77f8b704a4b6fda6a67fa440bb1a7ac8a5722ef77d23ee9340b379ca,0x38a65af790c2c9862784fee26351316db26e567f622e4adb7d0816fd4e9177d5,91.977800
theo_n,17,411,false,9,9,offchain,500,407,1.331400,121.378600,199.216800,200.548200,6.865300,true,3104,,0x2fe6349b77f8b704a4b6fda6a67fa440bb1a7ac8a5722ef77d23ee9340b379ca,0x1c2fc2017df1eec0728d9fc214ee10bc9e22479d8e366ba9b187369d70a8027b,92.314700
theo_n,17,412,false,9,9,offchain,500,408,1.441900,121.104700,197.098000,198.539900,6.930700,true,3104,,0x2fe6349b77f8b704a4b6fda6a67fa440bb1a7ac8a5722ef77d23ee9340b379ca,0x2749293f5be930225c81f032ae01d3657cf15b9e8f175ccb79165a28ac42c7ea,92.424600
theo_n,17,413,false,9,9,offchain,500,409,1.334500,123.870100,198.213500,199.548000,6.930300,true,3104,,0x2fe6349b77f8b704a4b6fda6a67fa440bb1a7ac8a5722ef77d23ee9340b379ca,0x2424c12631278149456d37089d85b1b0096fd5b210e40aae3372fea25e7596eb,92.823300
theo_n,17,414,false,9,9,offchain,500,410,1.358800,126.893300,200.939600,202.298400,6.986700,true,3104,,0x2fe6349b77f8b704a4b6fda6a67fa440bb1a7ac8a5722ef77d23ee9340b379ca,0x00890c3627f8b4c1fa33fd130fc8ec8332be8b9a48a24bae26633eb496186801,95.519700
theo_n,17,415,false,9,9,offchain,500,411,1.838100,178.175500,200.071700,201.909800,6.987300,true,3104,,0x2fe6349b77f8b704a4b6fda6a67fa440bb1a7ac8a5722ef77d23ee9340b379ca,0x335bc1cf9d1a7a60c04d938ab3dfcba200a4973ac59e01dccc081d830a2ebd20,92.875900
theo_n,17,416,false,9,9,offchain,500,412,1.319800,123.486100,201.813900,203.133700,6.954600,true,3104,,0x2fe6349b77f8b704a4b6fda6a67fa440bb1a7ac8a5722ef77d23ee9340b379ca,0x3051eeaae70a0135ca7c06259b60e7300b38b187c83d219e9bf0a110f07936f3,92.239500
theo_n,17,417,false,9,9,offchain,500,413,1.345400,122.402000,201.211000,202.556400,7.146800,true,3104,,0x2fe6349b77f8b704a4b6fda6a67fa440bb1a7ac8a5722ef77d23ee9340b379ca,0x38ddc8038dcc084a7f91e85ff123089af9f9fbe059a5d0b5a0461fee19e365a1,95.998300
theo_n,17,418,false,9,9,offchain,500,414,1.350100,123.320900,205.111300,206.461400,7.307300,true,3104,,0x2fe6349b77f8b704a4b6fda6a67fa440bb1a7ac8a5722ef77d23ee9340b379ca,0x0c998c6beda0bf7e6d6c4716d2419520ff9614a9536d32f0120b7c7501a6c972,95.613600
theo_n,17,419,false,9,9,offchain,500,415,1.509800,124.385200,200.855200,202.365000,6.938500,true,3104,,0x2fe6349b77f8b704a4b6fda6a67fa440bb1a7ac8a5722ef77d23ee9340b379ca,0x21f1763129ecc1166a229c0759f3923e9389dd666a66ac882a8a72b5fcaf3f14,92.466900
theo_n,17,420,false,9,9,offchain,500,416,1.463600,123.695900,200.763900,202.227500,7.114700,true,3104,,0x2fe6349b77f8b704a4b6fda6a67fa440bb1a7ac8a5722ef77d23ee9340b379ca,0x062483f552f6f125e85ae7864aecd355503a2660849751d580036c881d968294,93.684900
theo_n,17,421,false,9,9,offchain,500,417,1.332700,123.191700,198.687300,200.020000,6.963900,true,3104,,0x2fe6349b77f8b704a4b6fda6a67fa440bb1a7ac8a5722ef77d23ee9340b379ca,0x2a23689e2d52daa118d80b056b3f00ef9c316834825107d8aa5ae12299b560d3,92.279500
theo_n,17,422,false,9,9,offchain,500,418,1.902700,122.628300,201.062400,202.965100,7.010100,true,3104,,0x2fe6349b77f8b704a4b6fda6a67fa440bb1a7ac8a5722ef77d23ee9340b379ca,0x15cf0df3bc1e48bdf1f38c9d3cb0a29d6410d1498be1cd77e8655cf63be2af1d,92.229600
theo_n,17,423,false,9,9,offchain,500,419,1.946800,123.408200,200.992300,202.939100,7.579000,true,3104,,0x2fe6349b77f8b704a4b6fda6a67fa440bb1a7ac8a5722ef77d23ee9340b379ca,0x3c9cda09eda9a57c62674791dfc47737bcaff5788bf186e41c951a215bb778a3,92.363400
theo_n,17,424,false,9,9,offchain,500,420,1.329300,125.258700,206.517800,207.847100,6.908000,true,3104,,0x2fe6349b77f8b704a4b6fda6a67fa440bb1a7ac8a5722ef77d23ee9340b379ca,0x3bddb3e04627052518e44a4aaf33fd5e30adb4e0e62e3eec864ac85ef48292c1,91.858800
theo_n,17,425,false,9,9,offchain,500,421,1.330700,122.378800,200.850700,202.181400,7.220900,true,3104,,0x2fe6349b77f8b704a4b6fda6a67fa440bb1a7ac8a5722ef77d23ee9340b379ca,0x1f3b1fd65ea8542ee12d0e4f0fe199613ed2498a8814b94105dbf6728b4dac4f,95.112400
theo_n,17,426,false,9,9,offchain,500,422,1.389800,124.616400,204.372300,205.762100,6.990900,true,3104,,0x2fe6349b77f8b704a4b6fda6a67fa440bb1a7ac8a5722ef77d23ee9340b379ca,0x20d5ff6df656d5aa1326cf761556b91b4d854779005b2540ee8542e312ef9add,92.939300
theo_n,17,427,false,9,9,offchain,500,423,1.357100,123.890200,203.436100,204.793200,7.536600,true,3104,,0x2fe6349b77f8b704a4b6fda6a67fa440bb1a7ac8a5722ef77d23ee9340b379ca,0x1a18a5b2f846e1dab412439786d5ff449a82aaf62798d12f989bf91b8aa78918,93.502200
theo_n,17,428,false,9,9,offchain,500,424,1.555000,123.521700,199.906500,201.461500,6.683000,true,3104,,0x2fe6349b77f8b704a4b6fda6a67fa440bb1a7ac8a5722ef77d23ee9340b379ca,0x3515b98ff4e0c8b08bbbbd56f8c6a8b321062b384341d1619df13c2f948a889e,94.473400
theo_n,17,429,false,9,9,offchain,500,425,1.410100,121.756200,263.328800,264.738900,7.281500,true,3104,,0x2fe6349b77f8b704a4b6fda6a67fa440bb1a7ac8a5722ef77d23ee9340b379ca,0x2e73386772fe299bc48b05a02504910a01af30cc20dc49b3341a5ba8db21dbaa,93.904600
theo_n,17,430,false,9,9,offchain,500,426,1.398800,123.923100,201.485400,202.884200,7.223200,true,3104,,0x2fe6349b77f8b704a4b6fda6a67fa440bb1a7ac8a5722ef77d23ee9340b379ca,0x34954fbd1ad6acbbb3254e1bb62afdae0687ed87e17c831e9872ba359632bb03,93.887100
theo_n,17,431,false,9,9,offchain,500,427,1.365200,123.138400,205.710900,207.076100,7.495900,true,3104,,0x2fe6349b77f8b704a4b6fda6a67fa440bb1a7ac8a5722ef77d23ee9340b379ca,0x216b9ac14777cc5361a76f7ea6c9ff6c8675c31de23904e161e7e216e071bdf4,95.573100
theo_n,17,432,false,9,9,offchain,500,428,1.414400,123.464700,200.844500,202.258900,7.097900,true,3104,,0x2fe6349b77f8b704a4b6fda6a67fa440bb1a7ac8a5722ef77d23ee9340b379ca,0x3c8d249ffe5863fc8990b79b6c685c8f2486e040f796de2d6f8ebadb4ec3f88c,92.881600
theo_n,17,433,false,9,9,offchain,500,429,1.349100,121.595300,199.573200,200.922300,6.788800,true,3104,,0x2fe6349b77f8b704a4b6fda6a67fa440bb1a7ac8a5722ef77d23ee9340b379ca,0x0bb23f36bda1165957a9810ca40db0293086b3b980d1047beddf88756538c586,92.017300
theo_n,17,434,false,9,9,offchain,500,430,1.393400,120.547000,197.850200,199.243600,6.936100,true,3104,,0x2fe6349b77f8b704a4b6fda6a67fa440bb1a7ac8a5722ef77d23ee9340b379ca,0x28239e257c233e813ac6b1c6111a6f4e90dc8d04cf4a533048fb7fbaa927640c,94.086900
theo_n,17,435,false,9,9,offchain,500,431,1.325600,121.749000,201.381000,202.706600,6.794200,true,3104,,0x2fe6349b77f8b704a4b6fda6a67fa440bb1a7ac8a5722ef77d23ee9340b379ca,0x1c8e92bdd9f9e7df3daf43a476f574090d58aa79d8c3683907a02dd4fd73b321,94.345600
theo_n,17,436,false,9,9,offchain,500,432,1.382800,125.777600,204.362700,205.745500,6.969300,true,3104,,0x2fe6349b77f8b704a4b6fda6a67fa440bb1a7ac8a5722ef77d23ee9340b379ca,0x3bd1dfbad375ccd3da2c236950121b9d0439a1a06ad90c7cf1c42e79b1c6c91d,97.149200
theo_n,17,437,false,9,9,offchain,500,433,1.427700,121.794700,198.760600,200.188300,7.108700,true,3104,,0x2fe6349b77f8b704a4b6fda6a67fa440bb1a7ac8a5722ef77d23ee9340b379ca,0x13d90fe9127ebf52315769aec41f0d636a81041b8f226c4cc964af4f202713b8,95.734400
theo_n,17,438,false,9,9,offchain,500,434,1.348900,124.390400,200.645000,201.993900,6.920800,true,3104,,0x2fe6349b77f8b704a4b6fda6a67fa440bb1a7ac8a5722ef77d23ee9340b379ca,0x3cb56609cb54db504511e90d8fb65a2d9d59f26b26a7252a39ed50febf575787,96.905700
theo_n,17,439,false,9,9,offchain,500,435,1.399900,122.763200,197.408700,198.808600,6.955700,true,3104,,0x2fe6349b77f8b704a4b6fda6a67fa440bb1a7ac8a5722ef77d23ee9340b379ca,0x024d3f5eb6699c0d997702b2663c2448ed4da5f4671ee63615ca2d69231e184c,95.705700
theo_n,17,440,false,9,9,offchain,500,436,1.385400,121.901800,199.241300,200.626700,6.866100,true,3104,,0x2fe6349b77f8b704a4b6fda6a67fa440bb1a7ac8a5722ef77d23ee9340b379ca,0x2b458da98e1fe92bf94a4afbed7672a65742f5d95bcce9a4433051ccb1420b2e,95.109500
theo_n,17,441,false,9,9,offchain,500,437,1.376900,122.205900,201.927300,203.304200,6.999000,true,3104,,0x2fe6349b77f8b704a4b6fda6a67fa440bb1a7ac8a5722ef77d23ee9340b379ca,0x252b5d09379eb2600b7ad343a6285f062cfd85f3629d9025ecd809d58b811a72,100.227000
theo_n,17,442,false,9,9,offchain,500,438,1.396600,121.733100,197.524700,198.921300,7.021400,true,3104,,0x2fe6349b77f8b704a4b6fda6a67fa440bb1a7ac8a5722ef77d23ee9340b379ca,0x2fa0658081700b443fc8d647538adec5766e48ca4a265ca5011d391974a2168d,91.206500
theo_n,17,443,false,9,9,offchain,500,439,1.356700,176.250500,199.242000,200.598700,7.050300,true,3104,,0x2fe6349b77f8b704a4b6fda6a67fa440bb1a7ac8a5722ef77d23ee9340b379ca,0x245579a4dd6f15df7303bb30589422b4f17c8231df2cf5703ffb8b6a7e6a2cae,92.742300
theo_n,17,444,false,9,9,offchain,500,440,1.430100,121.699700,199.101700,200.531800,6.883600,true,3104,,0x2fe6349b77f8b704a4b6fda6a67fa440bb1a7ac8a5722ef77d23ee9340b379ca,0x1c364c47efeeba8e4d5034a4565aaf179840d59171e45837603a46acd362816c,93.026400
theo_n,17,445,false,9,9,offchain,500,441,1.413900,121.110800,199.102600,200.516500,6.934300,true,3104,,0x2fe6349b77f8b704a4b6fda6a67fa440bb1a7ac8a5722ef77d23ee9340b379ca,0x12372317c13c17f17c87d245c5ef3f4d1e771ef3a023f9e1549b8d19c83ac296,92.424600
theo_n,17,446,false,9,9,offchain,500,442,1.437600,123.707200,199.537700,200.975300,7.157000,true,3104,,0x2fe6349b77f8b704a4b6fda6a67fa440bb1a7ac8a5722ef77d23ee9340b379ca,0x3a63844d4b224222a5912c8ae2f77102371b2aa547e36634253e5c10dde367fc,93.218100
theo_n,17,447,false,9,9,offchain,500,443,1.442900,122.871700,199.943800,201.386700,7.031700,true,3104,,0x2fe6349b77f8b704a4b6fda6a67fa440bb1a7ac8a5722ef77d23ee9340b379ca,0x32a550534ac14b52affa0aa36abce55f842817740033c381a499f32687e505d2,94.199900
theo_n,17,448,false,9,9,offchain,500,444,1.353800,122.417900,196.135700,197.489500,7.019100,true,3104,,0x2fe6349b77f8b704a4b6fda6a67fa440bb1a7ac8a5722ef77d23ee9340b379ca,0x395db188ed8f26b2a26e9763fed0c76fb746d6705b3bf9f058c257a85d63d1d4,93.302500
theo_n,17,449,false,9,9,offchain,500,445,1.343900,120.751000,197.977900,199.321800,7.000500,true,3104,,0x2fe6349b77f8b704a4b6fda6a67fa440bb1a7ac8a5722ef77d23ee9340b379ca,0x124df98c42d93d1824b40f8019a3ef96a50de6655a38d0d5f69354b6f02e6a69,93.925800
theo_n,17,450,false,9,9,offchain,500,446,1.388800,123.487100,206.849800,208.238600,8.936600,true,3104,,0x2fe6349b77f8b704a4b6fda6a67fa440bb1a7ac8a5722ef77d23ee9340b379ca,0x06a70ef54988cfdd19590310811975ab117af4f27221977d44b2285ecfd27081,97.726700
theo_n,17,451,false,9,9,offchain,500,447,1.384600,124.143200,202.200400,203.585000,6.812000,true,3104,,0x2fe6349b77f8b704a4b6fda6a67fa440bb1a7ac8a5722ef77d23ee9340b379ca,0x1a12a625214ee86a2afa77c0a050be843c370e9034cb5fcfae6ad43d0a3a0a9a,92.473600
theo_n,17,452,false,9,9,offchain,500,448,1.391800,121.880200,200.055000,201.446800,6.774300,true,3104,,0x2fe6349b77f8b704a4b6fda6a67fa440bb1a7ac8a5722ef77d23ee9340b379ca,0x24016291e09c2e574cc110dbf25dc788b858b734b8b80d2fd29e901858c81977,92.874300
theo_n,17,453,false,9,9,offchain,500,449,1.427300,123.440100,200.906000,202.333300,7.107300,true,3104,,0x2fe6349b77f8b704a4b6fda6a67fa440bb1a7ac8a5722ef77d23ee9340b379ca,0x2000666d65a525f713184e9e342dab1d135842ea15a91d656b86509e91d2a9a6,97.339400
theo_n,17,454,false,9,9,offchain,500,450,1.390000,133.377100,222.212000,223.602000,7.809100,true,3104,,0x2fe6349b77f8b704a4b6fda6a67fa440bb1a7ac8a5722ef77d23ee9340b379ca,0x3c4d5f7ebd1944e26695be9f4c1ffd5d11d9fd995b4570bd08514d9c4281d8f5,105.208900
theo_n,17,455,false,9,9,offchain,500,451,1.502000,138.488500,214.150700,215.652700,7.262100,true,3104,,0x2fe6349b77f8b704a4b6fda6a67fa440bb1a7ac8a5722ef77d23ee9340b379ca,0x23a44296cb2007359e11ac651732a70f70c51caea30595bfc0f5644dcd318e51,94.015500
theo_n,17,456,false,9,9,offchain,500,452,1.450400,124.230100,201.767800,203.218200,7.179800,true,3104,,0x2fe6349b77f8b704a4b6fda6a67fa440bb1a7ac8a5722ef77d23ee9340b379ca,0x05235900d53e21f8df5a13af4f3768ce4851cfe937f994c756709d774bac7cfd,93.319900
theo_n,17,457,false,9,9,offchain,500,453,1.374400,124.107300,268.515600,269.890000,7.488200,true,3104,,0x2fe6349b77f8b704a4b6fda6a67fa440bb1a7ac8a5722ef77d23ee9340b379ca,0x07bf4654e53f195090b658f17474a3cf21b348ddd5f149a4047e6e6f76c73a7f,92.063300
theo_n,17,458,false,9,9,offchain,500,454,1.779800,123.617600,204.191400,205.971200,7.064100,true,3104,,0x2fe6349b77f8b704a4b6fda6a67fa440bb1a7ac8a5722ef77d23ee9340b379ca,0x3a9e200c1ba43abe65ca0d961bd837cc8aa76d6560d9270803409cf9ff2f82c4,93.873700
theo_n,17,459,false,9,9,offchain,500,455,1.467100,128.644900,203.551300,205.018400,7.178600,true,3104,,0x2fe6349b77f8b704a4b6fda6a67fa440bb1a7ac8a5722ef77d23ee9340b379ca,0x274099acc6646b31b34b7018652aed4e6af6c7b916187ff5234663515a24af6c,92.649000
theo_n,17,460,false,9,9,offchain,500,456,1.579900,126.325700,203.412800,204.992700,7.045200,true,3104,,0x2fe6349b77f8b704a4b6fda6a67fa440bb1a7ac8a5722ef77d23ee9340b379ca,0x17b5933323233f8d8327547bca49990423c0bd9a5726a299f57e234b5662c56d,92.084500
theo_n,17,461,false,9,9,offchain,500,457,1.374600,124.273200,208.597800,209.972400,6.985200,true,3104,,0x2fe6349b77f8b704a4b6fda6a67fa440bb1a7ac8a5722ef77d23ee9340b379ca,0x28d2cb099482136fd3f1167fdcd042773850722bd5aa22837e50460cf134bd78,96.228500
theo_n,17,462,false,9,9,offchain,500,458,1.337700,125.547400,200.088000,201.425700,7.029100,true,3104,,0x2fe6349b77f8b704a4b6fda6a67fa440bb1a7ac8a5722ef77d23ee9340b379ca,0x1f7b8c6e710e769bd1cf13a207ade254066a7c9ad1333f60806afd351332f4b5,91.484600
theo_n,17,463,false,9,9,offchain,500,459,1.323000,123.466300,199.727200,201.050200,6.978200,true,3104,,0x2fe6349b77f8b704a4b6fda6a67fa440bb1a7ac8a5722ef77d23ee9340b379ca,0x046c0db199c1147c0e39f2827ba2d5d57dde77da8d81836b40f45c16c3ef1688,99.598900
theo_n,17,464,false,9,9,offchain,500,460,1.366300,122.987900,200.704500,202.070800,6.851300,true,3104,,0x2fe6349b77f8b704a4b6fda6a67fa440bb1a7ac8a5722ef77d23ee9340b379ca,0x1a82f980ed131a96dee238adb71d627e2cb1e3d8648f7119a5344f90ef27ed93,99.261600
theo_n,17,465,false,9,9,offchain,500,461,1.340900,122.271500,198.493900,199.834800,7.013400,true,3104,,0x2fe6349b77f8b704a4b6fda6a67fa440bb1a7ac8a5722ef77d23ee9340b379ca,0x24373920779d6db38f392ba83294738f12306eb2751f0e41a5e51ea110fec8a3,92.459300
theo_n,17,466,false,9,9,offchain,500,462,1.357700,121.280500,196.540600,197.898300,6.733800,true,3104,,0x2fe6349b77f8b704a4b6fda6a67fa440bb1a7ac8a5722ef77d23ee9340b379ca,0x1efd678d74e8fbe9bd05fa096545ebd991a6dfcf99a76857815df82a6e478967,92.489800
theo_n,17,467,false,9,9,offchain,500,463,1.425200,123.702400,209.281700,210.706900,6.894100,true,3104,,0x2fe6349b77f8b704a4b6fda6a67fa440bb1a7ac8a5722ef77d23ee9340b379ca,0x3d7dfec478dc1325a14ebfdf2aed92a5490dd882f66b4c116c8f21772530f217,93.114800
theo_n,17,468,false,9,9,offchain,500,464,1.374500,120.937300,196.899800,198.274300,7.027400,true,3104,,0x2fe6349b77f8b704a4b6fda6a67fa440bb1a7ac8a5722ef77d23ee9340b379ca,0x263189d5f8822b4f70311cbea099edda8b1e8b01abc0bb7f822b463751f99c62,93.743700
theo_n,17,469,false,9,9,offchain,500,465,1.655000,124.430500,200.323900,201.978900,6.957100,true,3104,,0x2fe6349b77f8b704a4b6fda6a67fa440bb1a7ac8a5722ef77d23ee9340b379ca,0x3c3f785924c2f752b812fc586afcf3d3e33f09d1e1262508ec094fdadc8ce9f5,95.709900
theo_n,17,470,false,9,9,offchain,500,466,1.326500,121.340000,201.665400,202.991900,7.261900,true,3104,,0x2fe6349b77f8b704a4b6fda6a67fa440bb1a7ac8a5722ef77d23ee9340b379ca,0x19f1f8a613737783c05a78492a47dbd39bd2ff62f7e2e9bf45e7915ead23092d,93.438500
theo_n,17,471,false,9,9,offchain,500,467,1.423200,131.848800,265.906000,267.329200,7.346000,true,3104,,0x2fe6349b77f8b704a4b6fda6a67fa440bb1a7ac8a5722ef77d23ee9340b379ca,0x11bc0afb1fc5421c087d49f99e01024212fe94a7b26e95b272a39feed80aaaa5,93.490600
theo_n,17,472,false,9,9,offchain,500,468,1.379200,122.298300,206.551000,207.930200,7.179600,true,3104,,0x2fe6349b77f8b704a4b6fda6a67fa440bb1a7ac8a5722ef77d23ee9340b379ca,0x3b2632f5e2340c60fc0086e6d0b94eebe93de7299607b769933d105ce7671be1,92.931600
theo_n,17,473,false,9,9,offchain,500,469,1.508400,132.386900,205.482300,206.990700,7.055000,true,3104,,0x2fe6349b77f8b704a4b6fda6a67fa440bb1a7ac8a5722ef77d23ee9340b379ca,0x3c85c8bcfe13e01a9b7ad594064bc15c667ffc9ee042ea4a39478cd3dd190fbf,95.295300
theo_n,17,474,false,9,9,offchain,500,470,1.350400,122.460400,199.242800,200.593200,6.972100,true,3104,,0x2fe6349b77f8b704a4b6fda6a67fa440bb1a7ac8a5722ef77d23ee9340b379ca,0x1bdeab74cfadbe395b77d92b8e792340a4e74f28ec30d31d6b25cbbe1788f656,93.050100
theo_n,17,475,false,9,9,offchain,500,471,1.366700,122.001100,198.172200,199.538900,6.815000,true,3104,,0x2fe6349b77f8b704a4b6fda6a67fa440bb1a7ac8a5722ef77d23ee9340b379ca,0x2da5b1152e8a3614f9f938dcfe46aafa2fea0df5d01933f5668bc901706ec7a9,93.404200
theo_n,17,476,false,9,9,offchain,500,472,1.810500,122.260300,199.084100,200.894600,6.892700,true,3104,,0x2fe6349b77f8b704a4b6fda6a67fa440bb1a7ac8a5722ef77d23ee9340b379ca,0x3cfea5767e10b395defcecb770cbc3e718b491547a767c38b16a7a42f98e4edd,92.165500
theo_n,17,477,false,9,9,offchain,500,473,1.351000,122.740100,200.137600,201.488600,7.265800,true,3104,,0x2fe6349b77f8b704a4b6fda6a67fa440bb1a7ac8a5722ef77d23ee9340b379ca,0x3a5fadb93e3f4bda78faa87046eec4b7f05f1d42bc270fedd569aa9159d682d2,92.317100
theo_n,17,478,false,9,9,offchain,500,474,1.397500,123.010300,200.204900,201.602400,7.173400,true,3104,,0x2fe6349b77f8b704a4b6fda6a67fa440bb1a7ac8a5722ef77d23ee9340b379ca,0x2b6da1cce10d26ce24b68f5998e18e0e6b9f2f68a1abd7c536531f5b604afeee,95.619500
theo_n,17,479,false,9,9,offchain,500,475,2.026300,126.724100,203.303800,205.330100,7.349100,true,3104,,0x2fe6349b77f8b704a4b6fda6a67fa440bb1a7ac8a5722ef77d23ee9340b379ca,0x25237d563bc0019fa40ace12305aad6cf551c574bc637a067cb0b61f089492bf,114.200800
theo_n,17,480,false,9,9,offchain,500,476,1.417900,124.043300,202.422700,203.840600,7.318200,true,3104,,0x2fe6349b77f8b704a4b6fda6a67fa440bb1a7ac8a5722ef77d23ee9340b379ca,0x23cdce466083e46fbe3c8950bb704c6120b38eba50567603ab77b13edb38eb19,93.834800
theo_n,17,481,false,9,9,offchain,500,477,1.487100,124.699900,201.747200,203.234300,7.268100,true,3104,,0x2fe6349b77f8b704a4b6fda6a67fa440bb1a7ac8a5722ef77d23ee9340b379ca,0x28a43702e3618637c8e95c0743bdd4170d57f7b585705731feeca300dbc75b74,95.232500
theo_n,17,482,false,9,9,offchain,500,478,1.399400,123.940800,203.485600,204.885000,7.036400,true,3104,,0x2fe6349b77f8b704a4b6fda6a67fa440bb1a7ac8a5722ef77d23ee9340b379ca,0x0a9f91542b5d182f0354fadbefef88088f13934a4356a85772d8ec593ea11671,91.937800
theo_n,17,483,false,9,9,offchain,500,479,1.411700,122.920700,204.148600,205.560300,7.310900,true,3104,,0x2fe6349b77f8b704a4b6fda6a67fa440bb1a7ac8a5722ef77d23ee9340b379ca,0x25a6b64bdf37d769433b592ad4d238e5082e0fbca739cb5b94266f486254fb75,93.235100
theo_n,17,484,false,9,9,offchain,500,480,1.370000,124.181000,203.377800,204.747800,7.078500,true,3104,,0x2fe6349b77f8b704a4b6fda6a67fa440bb1a7ac8a5722ef77d23ee9340b379ca,0x1656da303f31fa263f742431516ec6106196bce101abf4b906290db03d2cbd32,92.346600
theo_n,17,485,false,9,9,offchain,500,481,1.337500,123.194400,263.986700,265.324200,6.855100,true,3104,,0x2fe6349b77f8b704a4b6fda6a67fa440bb1a7ac8a5722ef77d23ee9340b379ca,0x022aac70ab03d4e101aa2de4acb16a7b235850930a270938551a70ba185337c6,93.378800
theo_n,17,486,false,9,9,offchain,500,482,1.333900,121.280800,198.386400,199.720300,7.893100,true,3104,,0x2fe6349b77f8b704a4b6fda6a67fa440bb1a7ac8a5722ef77d23ee9340b379ca,0x369ef1d21cbba87606ada86ecd1228f19d62eda411b69f3bb42fe3cd85e2174c,93.352400
theo_n,17,487,false,9,9,offchain,500,483,1.417700,121.700800,200.017100,201.434800,7.005500,true,3104,,0x2fe6349b77f8b704a4b6fda6a67fa440bb1a7ac8a5722ef77d23ee9340b379ca,0x3fcd2257c5217c42444666e1ed1ea368ea4e0fa49a46e61872737fb102349c7f,91.679700
theo_n,17,488,false,9,9,offchain,500,484,1.374000,121.971000,214.849900,216.223900,6.883300,true,3104,,0x2fe6349b77f8b704a4b6fda6a67fa440bb1a7ac8a5722ef77d23ee9340b379ca,0x1961619322259930a950048d8453ff85cd0f6710021675929619671aed29f969,94.924800
theo_n,17,489,false,9,9,offchain,500,485,1.357600,127.222000,201.692800,203.050400,7.118800,true,3104,,0x2fe6349b77f8b704a4b6fda6a67fa440bb1a7ac8a5722ef77d23ee9340b379ca,0x2a7430ce46ae85a1e9d9470ba26b9e641779a7aa81986fbb1cd50792ed0fce21,95.032500
theo_n,17,490,false,9,9,offchain,500,486,1.353600,121.428300,198.760000,200.113600,7.089400,true,3104,,0x2fe6349b77f8b704a4b6fda6a67fa440bb1a7ac8a5722ef77d23ee9340b379ca,0x3b09e4f95321c65024dc1128ca572783ef0fd6d326ad86deb1eb100a63bbe678,92.418500
theo_n,17,491,false,9,9,offchain,500,487,2.042600,121.328900,201.875100,203.917700,6.975300,true,3104,,0x2fe6349b77f8b704a4b6fda6a67fa440bb1a7ac8a5722ef77d23ee9340b379ca,0x22456a792d79a56dfb8f97bdda4dd881e873685ccff935533c185d9e5bce9bf2,93.698000
theo_n,17,492,false,9,9,offchain,500,488,1.362000,121.217500,198.250000,199.612000,6.919100,true,3104,,0x2fe6349b77f8b704a4b6fda6a67fa440bb1a7ac8a5722ef77d23ee9340b379ca,0x1e78ee850b66493a0db80da484fac142eee6e27e658d95876c021d0038634936,94.431800
theo_n,17,493,false,9,9,offchain,500,489,1.318000,121.423500,215.549600,216.867600,7.177800,true,3104,,0x2fe6349b77f8b704a4b6fda6a67fa440bb1a7ac8a5722ef77d23ee9340b379ca,0x0ef99c29683ead0cbf5acc75db2319f5ce9a59f748f08bcba096e9f18bc93fd1,92.673700
theo_n,17,494,false,9,9,offchain,500,490,1.447800,124.631100,201.710100,203.157900,6.951800,true,3104,,0x2fe6349b77f8b704a4b6fda6a67fa440bb1a7ac8a5722ef77d23ee9340b379ca,0x207a5186c3c34f03e1136241eb4967e3ef04523abf2ed6e53e0abcf6413be6d8,91.949800
theo_n,17,495,false,9,9,offchain,500,491,1.390200,122.478700,200.177200,201.567400,7.722600,true,3104,,0x2fe6349b77f8b704a4b6fda6a67fa440bb1a7ac8a5722ef77d23ee9340b379ca,0x2c03f4c00cb186934e855beedc995b24b125cb2ba9ae9ca2a1e2683d3d3b641d,94.095800
theo_n,17,496,false,9,9,offchain,500,492,1.434200,124.171200,199.801600,201.235800,7.004600,true,3104,,0x2fe6349b77f8b704a4b6fda6a67fa440bb1a7ac8a5722ef77d23ee9340b379ca,0x2a4491a9d395798616221dd1cec97778e9068cec0bcebd1df6f7f54a7f8709de,97.256100
theo_n,17,497,false,9,9,offchain,500,493,1.350000,120.814000,205.877600,207.227600,6.827200,true,3104,,0x2fe6349b77f8b704a4b6fda6a67fa440bb1a7ac8a5722ef77d23ee9340b379ca,0x31f9f4ef39e9980944fef56eae532ffd64759c886368a1d3664d2a8b32af4061,92.250400
theo_n,17,498,false,9,9,offchain,500,494,1.340400,121.940100,198.426600,199.767000,6.864100,true,3104,,0x2fe6349b77f8b704a4b6fda6a67fa440bb1a7ac8a5722ef77d23ee9340b379ca,0x1382ac46b683ed93827f9edc831399ff0a7fb3b3604b6aff818778d54aa9bd85,92.080900
theo_n,17,499,false,9,9,offchain,500,495,1.335700,121.703600,261.859100,263.194800,7.063400,true,3104,,0x2fe6349b77f8b704a4b6fda6a67fa440bb1a7ac8a5722ef77d23ee9340b379ca,0x098d8f77a52a20385af5063bc3dda760c6327a039df3bddd9abdd48316e84c2c,98.190500
theo_n,17,500,false,9,9,offchain,500,496,1.378100,125.017800,199.321100,200.699200,6.877700,true,3104,,0x2fe6349b77f8b704a4b6fda6a67fa440bb1a7ac8a5722ef77d23ee9340b379ca,0x33ddc8eeb3b77b0a441a211a1cb69eee70b53a465630619f0814f96337665edf,96.008500
theo_n,17,501,false,9,9,offchain,500,497,1.391300,122.041100,196.079800,197.471100,6.901100,true,3104,,0x2fe6349b77f8b704a4b6fda6a67fa440bb1a7ac8a5722ef77d23ee9340b379ca,0x054e2236fbaad7cc4726815852831e0b24470816a6c07d78b0d9d280456b71a4,92.445800
theo_n,17,502,false,9,9,offchain,500,498,1.724600,123.412300,201.670800,203.395400,6.977100,true,3104,,0x2fe6349b77f8b704a4b6fda6a67fa440bb1a7ac8a5722ef77d23ee9340b379ca,0x099e04b9c764d5f3137e72d7de8c8a64e3f72edd86ea5b1ac089876cf20e393c,92.985000
theo_n,17,503,false,9,9,offchain,500,499,1.335900,121.434400,201.032200,202.368100,6.825400,true,3104,,0x2fe6349b77f8b704a4b6fda6a67fa440bb1a7ac8a5722ef77d23ee9340b379ca,0x0b6f8127080790145005f632c7de6ad5fdb8a886521c8fa39d063e6193ace58b,94.150200
