thi_nghiem,run_id,iteration,warmup,d,k,mechanism,n,student_index,witness_ms,setup_ms,prove_ms,proof_generation_ms,verify_native_ms,verified,proof_bytes,calldata_bytes,root,nullifier,verify_setup_ms
theo_n,1,1,true,9,9,offchain,500,0,1.004500,92.279400,144.653100,145.657600,5.025700,true,3104,,0x2fe6349b77f8b704a4b6fda6a67fa440bb1a7ac8a5722ef77d23ee9340b379ca,0x31cce6578fc40150881c61af3263887000159f168b78eb0c1c67322a114def10,69.428700
theo_n,1,2,true,9,9,offchain,500,1,0.955800,94.708200,150.778200,151.734000,4.991600,true,3104,,0x2fe6349b77f8b704a4b6fda6a67fa440bb1a7ac8a5722ef77d23ee9340b379ca,0x06b149a846c21e833d5cd6933d03540005608217faf9b22fe873f8c17f865e8c,68.197300
theo_n,1,3,true,9,9,offchain,500,2,0.965400,86.746300,142.421400,143.386800,4.863900,true,3104,,0x2fe6349b77f8b704a4b6fda6a67fa440bb1a7ac8a5722ef77d23ee9340b379ca,0x1d06a3d96bc0fee0182a90672cc093d7b090bd77f3f3308c9126cfb07e55ad1e,68.265100
theo_n,1,4,false,9,9,offchain,500,0,0.928100,95.680900,142.096600,143.024700,4.934100,true,3104,,0x2fe6349b77f8b704a4b6fda6a67fa440bb1a7ac8a5722ef77d23ee9340b379ca,0x31cce6578fc40150881c61af3263887000159f168b78eb0c1c67322a114def10,69.532900
theo_n,1,5,false,9,9,offchain,500,1,0.948500,92.720100,147.154700,148.103200,5.529400,true,3104,,0x2fe6349b77f8b704a4b6fda6a67fa440bb1a7ac8a5722ef77d23ee9340b379ca,0x06b149a846c21e833d5cd6933d03540005608217faf9b22fe873f8c17f865e8c,75.638500
theo_n,1,6,false,9,9,offchain,500,2,0.933700,90.775000,146.024300,146.958000,4.928300,true,3104,,0x2fe6349b77f8b704a4b6fda6a67fa440bb1a7ac8a5722ef77d23ee9340b379ca,0x1d06a3d96bc0fee0182a90672cc093d7b090bd77f3f3308c9126cfb07e55ad1e,70.117900
theo_n,1,7,false,9,9,offchain,500,3,0.943500,127.252900,211.073000,212.016500,5.253100,true,3104,,0x2fe6349b77f8b704a4b6fda6a67fa440bb1a7ac8a5722ef77d23ee9340b379ca,0x2ee3eca2a8acabb5247f13a7dc5bb5745525229c9b0fb6af8461f8add9d6ea42,77.359100
theo_n,1,8,false,9,9,offchain,500,4,1.000500,96.805400,153.849000,154.849500,5.486500,true,3104,,0x2fe6349b77f8b704a4b6fda6a67fa440bb1a7ac8a5722ef77d23ee9340b379ca,0x23abcf4c24d8f5eaa25ebedbbad6a842ea7c9839a4809e5f07c904d2874949da,87.422900
theo_n,1,9,false,9,9,offchain,500,5,0.995300,102.779200,163.011200,164.006500,5.216300,true,3104,,0x2fe6349b77f8b704a4b6fda6a67fa440bb1a7ac8a5722ef77d23ee9340b379ca,0x053f995315ef14fd41321d4c26fc6e4a11eebe9847b131f33160a845efab237a,74.248200
theo_n,1,10,false,9,9,offchain,500,6,0.993300,97.736300,191.688900,192.682200,4.984100,true,3104,,0x2fe6349b77f8b704a4b6fda6a67fa440bb1a7ac8a5722ef77d23ee9340b379ca,0x2253bb49377756b6e039255c2e07e59ebdb5e721de9034b6084a4f646823fb04,70.959400
theo_n,1,11,false,9,9,offchain,500,7,0.947300,98.080300,143.846100,144.793400,5.728900,true,3104,,0x2fe6349b77f8b704a4b6fda6a67fa440bb1a7ac8a5722ef77d23ee9340b379ca,0x30a7f45e66796c0bb5e756de164a7408361c1113a9c271d837fc45b7dcd6f659,70.235800
theo_n,1,12,false,9,9,offchain,500,8,1.114800,99.902000,145.965500,147.080300,4.887100,true,3104,,0x2fe6349b77f8b704a4b6fda6a67fa440bb1a7ac8a5722ef77d23ee9340b379ca,0x2cd86dce870ffb93e493637ae0ebc4d227e78de147374955ca7c805d2bd92dbb,67.684200
theo_n,1,13,false,9,9,offchain,500,9,0.935100,87.264200,150.527400,151.462500,5.302600,true,3104,,0x2fe6349b77f8b704a4b6fda6a67fa440bb1a7ac8a5722ef77d23ee9340b379ca,0x0bb7e3ce2eb37533b72c200e6c6614cb93c18b171631c1ef120a8fd150f2cb13,167.359000
theo_n,1,14,false,9,9,offchain,500,10,0.947100,97.886300,182.196600,183.143700,5.013500,true,3104,,0x2fe6349b77f8b704a4b6fda6a67fa440bb1a7ac8a5722ef77d23ee9340b379ca,0x2ddef6234d7e6f2ddbb3ed21a00be7589b7bbf5606b92dcf2b04f4b5bccd4fec,74.328700
theo_n,1,15,false,9,9,offchain,500,11,0.930200,87.474000,143.789900,144.720100,5.000100,true,3104,,0x2fe6349b77f8b704a4b6fda6a67fa440bb1a7ac8a5722ef77d23ee9340b379ca,0x3ada3ac697494a8c8f48fd81b4d30c407e5b76c201c8434db157d8b726837548,70.782600
theo_n,1,16,false,9,9,offchain,500,12,0.945200,91.775400,159.320800,160.266000,5.924700,true,3104,,0x2fe6349b77f8b704a4b6fda6a67fa440bb1a7ac8a5722ef77d23ee9340b379ca,0x2b1d692090d6ea4a2e3a8e5433f88d3c74ba86937bbe64f14872631fa739b53f,67.893200
theo_n,1,17,false,9,9,offchain,500,13,0.940200,86.877100,140.735100,141.675300,4.986100,true,3104,,0x2fe6349b77f8b704a4b6fda6a67fa440bb1a7ac8a5722ef77d23ee9340b379ca,0x184e5193d7aeddeb42bdf7d177255cdc1408f8df7aca9b1c91f801f0b916b0d6,67.986300
theo_n,1,18,false,9,9,offchain,500,14,0.953300,87.557200,144.453300,145.406600,4.934200,true,3104,,0x2fe6349b77f8b704a4b6fda6a67fa440bb1a7ac8a5722ef77d23ee9340b379ca,0x1058edf090bdc3434d5a8d0aaae59d1679f4ab8018a6c9def311908fe8a3ea79,69.736500
theo_n,1,19,false,9,9,offchain,500,15,0.903100,91.608500,143.041400,143.944500,5.452800,true,3104,,0x2fe6349b77f8b704a4b6fda6a67fa440bb1a7ac8a5722ef77d23ee9340b379ca,0x3b72a670b9b3a3ef60168831693d1465b1b6f88669ba7f1c47c43c4fe8b69559,70.961900
theo_n,1,20,false,9,9,offchain,500,16,0.914300,90.094300,148.304000,149.218300,4.955900,true,3104,,0x2fe6349b77f8b704a4b6fda6a67fa440bb1a7ac8a5722ef77d23ee9340b379ca,0x26790d62c5185858bb332e4f92f692c84b23c6be4b30b5a66dce2e37e083442b,68.783500
theo_n,1,21,false,9,9,offchain,500,17,1.033700,90.591300,146.037700,147.071400,4.887200,true,3104,,0x2fe6349b77f8b704a4b6fda6a67fa440bb1a7ac8a5722ef77d23ee9340b379ca,0x0238145a7cd2114ded0673cf7b04a8dcef4690c839f508dd14cb073e332ab139,71.090900
theo_n,1,22,false,9,9,offchain,500,18,1.642300,90.482200,141.904400,143.546700,4.932200,true,3104,,0x2fe6349b77f8b704a4b6fda6a67fa440bb1a7ac8a5722ef77d23ee9340b379ca,0x36fc3e2add7d8d3afc785b77a54fd23964e7cb8eb494e13e9c6a887965a847cf,67.990600
theo_n,1,23,false,9,9,offchain,500,19,1.346600,88.542500,142.286700,143.633300,5.008100,true,3104,,0x2fe6349b77f8b704a4b6fda6a67fa440bb1a7ac8a5722ef77d23ee9340b379ca,0x3cab613111c672bcddd2485adbf14ab6c8aec112b50ea0005aa159b8d973387b,70.098200
theo_n,1,24,false,9,9,offchain,500,20,1.065200,98.217800,143.420100,144.485300,5.158000,true,3104,,0x2fe6349b77f8b704a4b6fda6a67fa440bb1a7ac8a5722ef77d23ee9340b379ca,0x0f5ba5eafbd37105956aad8ad60c718f4f0f8c32793fa14d010ec4a8efd5896c,69.489400
theo_n,1,25,false,9,9,offchain,500,21,0.941900,87.837400,140.079700,141.021600,5.225300,true,3104,,0x2fe6349b77f8b704a4b6fda6a67fa440bb1a7ac8a5722ef77d23ee9340b379ca,0x345865de75a078c2601df5bf7b8ac01ddc913428ad55c6842fd239d9c1bb2bee,67.671500
theo_n,1,26,false,9,9,offchain,500,22,0.940500,132.443300,146.760900,147.701400,5.436700,true,3104,,0x2fe6349b77f8b704a4b6fda6a67fa440bb1a7ac8a5722ef77d23ee9340b379ca,0x381949a023bad7dd72b836139501a18bde8117197414fc26e1861c5833221a06,68.772200
theo_n,1,27,false,9,9,offchain,500,23,0.978900,87.528200,142.031100,143.010000,5.184900,true,3104,,0x2fe6349b77f8b704a4b6fda6a67fa440bb1a7ac8a5722ef77d23ee9340b379ca,0x36c9f307ec5cae6c551dbd4ee41275b93d6012c1496b7b824b693747101e4649,68.231000
theo_n,1,28,false,9,9,offchain,500,24,0.932500,95.587400,156.340800,157.273300,5.409600,true,3104,,0x2fe6349b77f8b704a4b6fda6a67fa440bb1a7ac8a5722ef77d23ee9340b379ca,0x0e4fa672364ff8d28d324fa63f54a5c0af0eb28a17068e9ff96618692a930a1f,70.599500
theo_n,1,29,false,9,9,offchain,500,25,1.089000,97.512000,165.233700,166.322700,6.251000,true,3104,,0x2fe6349b77f8b704a4b6fda6a67fa440bb1a7ac8a5722ef77d23ee9340b379ca,0x1d296167df1398272a65c2152fa42bac6f090a91ea2ef72b15701ec5c4e7351d,84.991500
theo_n,1,30,false,9,9,offchain,500,26,1.556400,114.602700,183.241700,184.798100,6.439300,true,3104,,0x2fe6349b77f8b704a4b6fda6a67fa440bb1a7ac8a5722ef77d23ee9340b379ca,0x158799b447546c84c9076c82c385cdacf0e2ce1ba4d011ac2f9b9cca4abbe22b,86.726100
theo_n,1,31,false,9,9,offchain,500,27,1.248800,113.115000,185.875500,187.124300,6.773600,true,3104,,0x2fe6349b77f8b704a4b6fda6a67fa440bb1a7ac8a5722ef77d23ee9340b379ca,0x3d6b035fd78b94d7dc88fa276f05bef4a4cb011ff779ffface9f0ef9dff9ef49,90.921500
theo_n,1,32,false,9,9,offchain,500,28,1.324500,174.276000,245.654800,246.979300,12.265700,true,3104,,0x2fe6349b77f8b704a4b6fda6a67fa440bb1a7ac8a5722ef77d23ee9340b379ca,0x1081e5213854c477ad9b853775007aac6aa3572c9092f3d51ef4069d592bf93d,201.601400
theo_n,1,33,false,9,9,offchain,500,29,2.227600,278.174300,301.019500,303.247100,7.909700,true,3104,,0x2fe6349b77f8b704a4b6fda6a67fa440bb1a7ac8a5722ef77d23ee9340b379ca,0x3265c24e296401ba9bb56bba84a98f7974893fb4ba831c612c6aee4f8e36b5ba,260.360300
theo_n,1,34,false,9,9,offchain,500,30,1.383700,294.498500,398.408600,399.792300,22.119500,true,3104,,0x2fe6349b77f8b704a4b6fda6a67fa440bb1a7ac8a5722ef77d23ee9340b379ca,0x37a34c44838bbc5fb890e04ebc426a8b9e08b427b297c08c0aabe144b3adcf0c,255.834800
theo_n,1,35,false,9,9,offchain,500,31,1.915600,576.952600,685.372600,687.288200,7.497600,true,3104,,0x2fe6349b77f8b704a4b6fda6a67fa440bb1a7ac8a5722ef77d23ee9340b379ca,0x15f9e59991adcbfb9befc7df4a64145357c0258a75825b8d54edb79a3876ae09,115.312600
theo_n,1,36,false,9,9,offchain,500,32,1.382800,137.477700,231.495900,232.878700,9.500200,true,3104,,0x2fe6349b77f8b704a4b6fda6a67fa440bb1a7ac8a5722ef77d23ee9340b379ca,0x2a09e0c9376ab1887e8ed9bdda26a27447b81b76c47152c2d50104fc5626ecc3,102.877600
theo_n,1,37,false,9,9,offchain,500,33,1.337600,137.188700,203.532800,204.870400,6.605700,true,3104,,0x2fe6349b77f8b704a4b6fda6a67fa440bb1a7ac8a5722ef77d23ee9340b379ca,0x2a9f0a9dfefd0b687425dbc05c820a0f13332e787844dda043d22dd10df498a6,88.576000
theo_n,1,38,false,9,9,offchain,500,34,1.252600,116.552600,186.345600,187.598200,6.538600,true,3104,,0x2fe6349b77f8b704a4b6fda6a67fa440bb1a7ac8a5722ef77d23ee9340b379ca,0x09e02495203c5b1835b1ad1db270049b8a4119702d53dd5886a235a5996bb099,86.627500
theo_n,1,39,false,9,9,offchain,500,35,1.265100,115.981400,182.660100,183.925200,6.759100,true,3104,,0x2fe6349b77f8b704a4b6fda6a67fa440bb1a7ac8a5722ef77d23ee9340b379ca,0x15b24bdd1b4b0a5fc499fc6c2dac6f90ccd9b28ef26c850a65e3f88b5c06ccec,83.841100
theo_n,1,40,false,9,9,offchain,500,36,1.255500,111.642900,192.706600,193.962100,7.941700,true,3104,,0x2fe6349b77f8b704a4b6fda6a67fa440bb1a7ac8a5722ef77d23ee9340b379ca,0x137e941e9cc4e3016c6985e12467691777c8c4a841527789f6bd0dec5f565c59,103.549000
theo_n,1,41,false,9,9,offchain,500,37,1.505800,131.550400,201.123600,202.629400,6.351800,true,3104,,0x2fe6349b77f8b704a4b6fda6a67fa440bb1a7ac8a5722ef77d23ee9340b379ca,0x10cadd1521fa6c0179e0ee11c59d94bc5304a9bba12cff518811447f7919e2cf,83.162800
theo_n,1,42,false,9,9,offchain,500,38,1.209900,116.171700,191.289800,192.499700,8.526400,true,3104,,0x2fe6349b77f8b704a4b6fda6a67fa440bb1a7ac8a5722ef77d23ee9340b379ca,0x1ad7e7d5b9ef8cfc0e8304ce037203d2aa80e2e3fcc45eac7c2a356351250524,132.555000
theo_n,1,43,false,9,9,offchain,500,39,1.387500,143.750100,190.853800,192.241300,6.296100,true,3104,,0x2fe6349b77f8b704a4b6fda6a67fa440bb1a7ac8a5722ef77d23ee9340b379ca,0x36fe2e9f819dd0e65c674f1dee54da6f9c1a176a655df186b096a3562d852a5d,94.064500
theo_n,1,44,false,9,9,offchain,500,40,1.228100,151.680200,196.493000,197.721100,7.170700,true,3104,,0x2fe6349b77f8b704a4b6fda6a67fa440bb1a7ac8a5722ef77d23ee9340b379ca,0x097e34dde40b4321dd80c99af3ef8422ec3a73656e53dc07dbf162c1a7990a32,90.166000
theo_n,1,45,false,9,9,offchain,500,41,1.268200,113.959300,231.146300,232.414500,6.563600,true,3104,,0x2fe6349b77f8b704a4b6fda6a67fa440bb1a7ac8a5722ef77d23ee9340b379ca,0x2ca71bcca7bed8690446f6f35eb9fd301a721d2284d5a81310cbc89bc807c08e,86.864200
theo_n,1,46,false,9,9,offchain,500,42,1.273600,124.963800,199.903300,201.176900,7.855100,true,3104,,0x2fe6349b77f8b704a4b6fda6a67fa440bb1a7ac8a5722ef77d23ee9340b379ca,0x0eb7c2b13f35ce06c28ef680f6c4cfc8e527cd2cdca83ba49d331a8e5a1a2030,107.203100
theo_n,1,47,false,9,9,offchain,500,43,1.466000,137.863800,236.314800,237.780800,7.197000,true,3104,,0x2fe6349b77f8b704a4b6fda6a67fa440bb1a7ac8a5722ef77d23ee9340b379ca,0x34889aed5c7b552ca8c00a9c6ba49700ffd03085af8904500901bc4b08b58faf,105.631700
theo_n,1,48,false,9,9,offchain,500,44,1.405600,140.957300,233.147500,234.553100,7.285800,true,3104,,0x2fe6349b77f8b704a4b6fda6a67fa440bb1a7ac8a5722ef77d23ee9340b379ca,0x208406b0c74f9fd5c45c8ba2ee4f58074a9b3e8b67ad550e8c80895095d21eed,106.885600
theo_n,1,49,false,9,9,offchain,500,45,1.749700,134.090100,236.932300,238.682000,10.992000,true,3104,,0x2fe6349b77f8b704a4b6fda6a67fa440bb1a7ac8a5722ef77d23ee9340b379ca,0x1e6ba2529c1c51cd0ab99d61e03b52081a2b2f765f142557f0afeda0cff80314,106.751700
theo_n,1,50,false,9,9,offchain,500,46,1.406400,139.653300,195.807800,197.214200,6.540600,true,3104,,0x2fe6349b77f8b704a4b6fda6a67fa440bb1a7ac8a5722ef77d23ee9340b379ca,0x24f94e7f98d781cdf3066c1516e1288f985404d2f474d2be5266774f759c0039,86.105700
theo_n,1,51,false,9,9,offchain,500,47,1.212800,115.312800,188.805500,190.018300,6.533900,true,3104,,0x2fe6349b77f8b704a4b6fda6a67fa440bb1a7ac8a5722ef77d23ee9340b379ca,0x2bc29b9bb94e111d25dae872bbe9a152f2932fe5c2dcfe7eb4589c3e284bc396,86.180600
theo_n,1,52,false,9,9,offchain,500,48,1.248700,112.966100,177.632700,178.881400,6.260100,true,3104,,0x2fe6349b77f8b704a4b6fda6a67fa440bb1a7ac8a5722ef77d23ee9340b379ca,0x3f2c363255bd9ac2db73cd3a02d9edfe2fceaea459f1eae54a9417e23c73fada,82.470800
theo_n,1,53,false,9,9,offchain,500,49,1.234200,111.150800,177.538900,178.773100,6.180100,true,3104,,0x2fe6349b77f8b704a4b6fda6a67fa440bb1a7ac8a5722ef77d23ee9340b379ca,0x105b181bd6e1bf4ae344f18d215e64d69671f3453c5ff6e536444dcede6f7a8f,81.560200
theo_n,1,54,false,9,9,offchain,500,50,1.249000,109.007100,180.875800,182.124800,6.257000,true,3104,,0x2fe6349b77f8b704a4b6fda6a67fa440bb1a7ac8a5722ef77d23ee9340b379ca,0x367a05d4576bf040770a0dfac5509fa5d77a62782c579bdada5981fe12efaa67,82.813200
theo_n,1,55,false,9,9,offchain,500,51,1.411700,110.794900,177.085600,178.497300,6.232600,true,3104,,0x2fe6349b77f8b704a4b6fda6a67fa440bb1a7ac8a5722ef77d23ee9340b379ca,0x1112593ea96c064743ef0a2c5d82b857ff41e53ace5b4abe93b2df0e5fb58a59,81.481600
theo_n,1,56,false,9,9,offchain,500,52,1.206800,115.329800,178.074700,179.281500,6.169300,true,3104,,0x2fe6349b77f8b704a4b6fda6a67fa440bb1a7ac8a5722ef77d23ee9340b379ca,0x31b370304c7cff2f4a2864357ffd01bf85f723635ccd35fc4c428b4890f47af1,80.866800
theo_n,1,57,false,9,9,offchain,500,53,1.195600,111.532200,179.077200,180.272800,6.286600,true,3104,,0x2fe6349b77f8b704a4b6fda6a67fa440bb1a7ac8a5722ef77d23ee9340b379ca,0x3d3025827bdc7c1a4cbd2fa980467237f17ab492d307245233a87b8a643f14ab,83.374700
theo_n,1,58,false,9,9,offchain,500,54,1.210100,110.542900,177.007600,178.217700,6.212400,true,3104,,0x2fe6349b77f8b704a4b6fda6a67fa440bb1a7ac8a5722ef77d23ee9340b379ca,0x34d7867c81d1e736bb70575120a00d08e4553a45a5a5e8213e3ed3d5a862f77a,81.415700
theo_n,1,59,false,9,9,offchain,500,55,1.226200,110.072000,209.327600,210.553800,7.329500,true,3104,,0x2fe6349b77f8b704a4b6fda6a67fa440bb1a7ac8a5722ef77d23ee9340b379ca,0x0b7ae8d25e76a5df04d61997493591106f2d742c98bcb28761d82773bf2ab6b3,94.188200
theo_n,1,60,false,9,9,offchain,500,56,1.208000,191.586600,243.070100,244.278100,6.602400,true,3104,,0x2fe6349b77f8b704a4b6fda6a67fa440bb1a7ac8a5722ef77d23ee9340b379ca,0x356556a6e6dbcbcf708a745b17a7298946c2d98eb9c544686c018651329069f8,87.402000
theo_n,1,61,false,9,9,offchain,500,57,1.316100,119.565300,187.602700,188.918800,6.332700,true,3104,,0x2fe6349b77f8b704a4b6fda6a67fa440bb1a7ac8a5722ef77d23ee9340b379ca,0x35affd8d03feade30e8bcc85d92d5c1e1c3f07572f69a33b47602db639ddf4eb,84.112800
theo_n,1,62,false,9,9,offchain,500,58,1.218700,129.977200,202.338100,203.556800,6.316000,true,3104,,0x2fe6349b77f8b704a4b6fda6a67fa440bb1a7ac8a5722ef77d23ee9340b379ca,0x35d159d0434207d958c002bfb58c81e555036eebb77fc92f633d8e45e4138d3a,85.046800
theo_n,1,63,false,9,9,offchain,500,59,1.204400,117.640700,188.598600,189.803000,6.057800,true,3104,,0x2fe6349b77f8b704a4b6fda6a67fa440bb1a7ac8a5722ef77d23ee9340b379ca,0x33b7affbeb57a5b82b7b9d668af0c3c7fbda480046926717d3b00c571eb87be4,83.298200
theo_n,1,64,false,9,9,offchain,500,60,1.188200,107.864500,166.670600,167.858800,6.019500,true,3104,,0x2fe6349b77f8b704a4b6fda6a67fa440bb1a7ac8a5722ef77d23ee9340b379ca,0x296ae6ced3f1274fe7a3358843e0c842a75bda60b852b254b477f46d82eecc71,78.158500
theo_n,1,65,false,9,9,offchain,500,61,1.172100,108.426400,176.247100,177.419200,6.004000,true,3104,,0x2fe6349b77f8b704a4b6fda6a67fa440bb1a7ac8a5722ef77d23ee9340b379ca,0x175131215e7801d8395735d66582488a3f45cf21ca4ac3df1895dd49dca8490d,80.224800
theo_n,1,66,false,9,9,offchain,500,62,1.168300,108.527900,174.313200,175.481500,6.159600,true,3104,,0x2fe6349b77f8b704a4b6fda6a67fa440bb1a7ac8a5722ef77d23ee9340b379ca,0x3493b117c949b0c7fad43853e1a11f960ec57e40ed3fedbbe9f6ee98f440c1a2,80.797100
theo_n,1,67,false,9,9,offchain,500,63,1.160000,108.148700,174.163100,175.323100,6.154800,true,3104,,0x2fe6349b77f8b704a4b6fda6a67fa440bb1a7ac8a5722ef77d23ee9340b379ca,0x151375a0e2cab64803c0677384030f3bf8d86c80fe19936a69f563c59fab30b1,83.604000
theo_n,1,68,false,9,9,offchain,500,64,1.186100,108.497900,174.306700,175.492800,6.191700,true,3104,,0x2fe6349b77f8b704a4b6fda6a67fa440bb1a7ac8a5722ef77d23ee9340b379ca,0x30b5adb40a92895d5ed53a0eeaa9d3c785cd219d950238043d775a741b72bb2c,81.917000
theo_n,1,69,false,9,9,offchain,500,65,1.212000,109.767300,175.260500,176.472500,6.705800,true,3104,,0x2fe6349b77f8b704a4b6fda6a67fa440bb1a7ac8a5722ef77d23ee9340b379ca,0x1fc6ffb941b71d65890a8e4128804db657be13262093318e86e8b548e0617dcf,80.496700
theo_n,1,70,false,9,9,offchain,500,66,1.428200,109.544800,176.852800,178.281000,6.340500,true,3104,,0x2fe6349b77f8b704a4b6fda6a67fa440bb1a7ac8a5722ef77d23ee9340b379ca,0x1974a9d05c061a4d1440c8e3477485d22643c540777402f3ff4d1226b013dd7b,81.740600
theo_n,1,71,false,9,9,offchain,500,67,1.269700,107.129600,173.610500,174.880200,6.351200,true,3104,,0x2fe6349b77f8b704a4b6fda6a67fa440bb1a7ac8a5722ef77d23ee9340b379ca,0x236dbf65939ffa8990a49eac3c48842c8b57d7d33627159fd2f4de1b078902fb,82.231900
theo_n,1,72,false,9,9,offchain,500,68,1.180300,108.965400,183.272600,184.452900,6.280800,true,3104,,0x2fe6349b77f8b704a4b6fda6a67fa440bb1a7ac8a5722ef77d23ee9340b379ca,0x069866effa4c385eb367f3e53f17d9a75ce227086c72ae9ebb073fc645606741,84.940600
theo_n,1,73,false,9,9,offchain,500,69,1.647600,138.941300,205.469300,207.116900,6.363000,true,3104,,0x2fe6349b77f8b704a4b6fda6a67fa440bb1a7ac8a5722ef77d23ee9340b379ca,0x0c43daa5853350e5fcd53cbe3a9849e42382c8128e6dc59b4a82cd69f7f04379,88.821600
theo_n,1,74,false,9,9,offchain,500,70,1.192000,108.513300,329.212700,330.404700,7.222800,true,3104,,0x2fe6349b77f8b704a4b6fda6a67fa440bb1a7ac8a5722ef77d23ee9340b379ca,0x020d9be1a95e587f228ddbf0721bfd65be3457d210f44a88755fcf5c8c274fb9,103.690300
theo_n,1,75,false,9,9,offchain,500,71,1.347100,133.808700,315.330900,316.678000,7.120100,true,3104,,0x2fe6349b77f8b704a4b6fda6a67fa440bb1a7ac8a5722ef77d23ee9340b379ca,0x1a892e6a7dc74c42986987fd5e36d2b0742f47af2460dbf0d9fe60320a89d30c,100.849900
theo_n,1,76,false,9,9,offchain,500,72,1.258500,130.247500,252.818700,254.077200,8.214800,true,3104,,0x2fe6349b77f8b704a4b6fda6a67fa440bb1a7ac8a5722ef77d23ee9340b379ca,0x24012d177461a632d9c00545fb9834207a4f0913b93c92f9dc477d249a4f5b8b,107.416500
theo_n,1,77,false,9,9,offchain,500,73,1.299200,138.715500,248.902000,250.201200,7.741500,true,3104,,0x2fe6349b77f8b704a4b6fda6a67fa440bb1a7ac8a5722ef77d23ee9340b379ca,0x15ddc7f941eb827dc742c94242cdb4202a7531ffe2e1320abb9f2e10c4d46bba,107.758700
theo_n,1,78,false,9,9,offchain,500,74,1.357500,132.211400,191.473700,192.831200,6.473300,true,3104,,0x2fe6349b77f8b704a4b6fda6a67fa440bb1a7ac8a5722ef77d23ee9340b379ca,0x0bef9a92e07a5e21d94c0109eaaf18de8f6698543279171aea36f65fee1fe308,83.138800
theo_n,1,79,false,9,9,offchain,500,75,1.244100,116.958400,180.104400,181.348500,6.249300,true,3104,,0x2fe6349b77f8b704a4b6fda6a67fa440bb1a7ac8a5722ef77d23ee9340b379ca,0x293dbbf2e0ee6a2c3f9223b121d1a2cfd00c97f67d78970374e17dd67a1d74bc,80.377400
theo_n,1,80,false,9,9,offchain,500,76,1.224600,107.776000,173.461000,174.685600,6.337000,true,3104,,0x2fe6349b77f8b704a4b6fda6a67fa440bb1a7ac8a5722ef77d23ee9340b379ca,0x112b1e399fc3ea2c4aa6bc7984dc59c250534aaf21590b036ca8a9e49ec93728,81.027600
theo_n,1,81,false,9,9,offchain,500,77,1.167900,106.150100,172.957500,174.125400,5.940200,true,3104,,0x2fe6349b77f8b704a4b6fda6a67fa440bb1a7ac8a5722ef77d23ee9340b379ca,0x2c391d862675b985122b7bde54e8a2413c33251b7ffea59b3eecf9be7a7ab553,80.487800
theo_n,1,82,false,9,9,offchain,500,78,1.212500,105.414700,172.502900,173.715400,6.134000,true,3104,,0x2fe6349b77f8b704a4b6fda6a67fa440bb1a7ac8a5722ef77d23ee9340b379ca,0x2b063c3c5c49d33b2da3b817ec149aeae6d7a130d98f861a5ee98a2c27732ff6,79.658600
theo_n,1,83,false,9,9,offchain,500,79,1.204100,108.404900,175.704700,176.908800,6.217900,true,3104,,0x2fe6349b77f8b704a4b6fda6a67fa440bb1a7ac8a5722ef77d23ee9340b379ca,0x03a944ffedcb6bd46ba34969f9ffb92fb3a4bf32edf50f1fdbd95a6f28a4f8d5,80.049200
theo_n,1,84,false,9,9,offchain,500,80,1.188600,107.304400,173.909200,175.097800,6.006500,true,3104,,0x2fe6349b77f8b704a4b6fda6a67fa440bb1a7ac8a5722ef77d23ee9340b379ca,0x226db5137513309d4a578e1f59e1687c5f8889c53b1e62025e1a3b2ccf3a2eec,80.361700
theo_n,1,85,false,9,9,offchain,500,81,1.214000,111.820300,172.748700,173.962700,6.152500,true,3104,,0x2fe6349b77f8b704a4b6fda6a67fa440bb1a7ac8a5722ef77d23ee9340b379ca,0x2327c5299fb59360173e53531f8cfb46faae6cbd3a39b734d4ac13a79305c10c,79.331800
theo_n,1,86,false,9,9,offchain,500,82,1.592100,105.877100,172.591600,174.183700,6.047800,true,3104,,0x2fe6349b77f8b704a4b6fda6a67fa440bb1a7ac8a5722ef77d23ee9340b379ca,0x1461edaabe49fbac3d272dd17fa989d2232a197f9f33322d31517a085e7074f6,79.645800
theo_n,1,87,false,9,9,offchain,500,83,1.971600,105.669000,173.592600,175.564200,6.195300,true,3104,,0x2fe6349b77f8b704a4b6fda6a67fa440bb1a7ac8a5722ef77d23ee9340b379ca,0x036eb7ef90ea532940cdc20ddf72d9e73001492b4888e85fc17a9f09d7452fca,79.641800
theo_n,1,88,false,9,9,offchain,500,84,1.221200,107.191300,221.472700,222.693900,6.141500,true,3104,,0x2fe6349b77f8b704a4b6fda6a67fa440bb1a7ac8a5722ef77d23ee9340b379ca,0x031f5573c450699b4dded04131f53dd85bb0e4432251025023c38abb65b61e56,80.874300
theo_n,1,89,false,9,9,offchain,500,85,1.211300,107.067500,174.359200,175.570500,5.937100,true,3104,,0x2fe6349b77f8b704a4b6fda6a67fa440bb1a7ac8a5722ef77d23ee9340b379ca,0x156c7ab873f453c200252bcd74f48164369d02b50a57d9689bc723194b8b3802,79.648200
theo_n,1,90,false,9,9,offchain,500,86,1.136900,106.455100,171.717400,172.854300,6.756300,true,3104,,0x2fe6349b77f8b704a4b6fda6a67fa440bb1a7ac8a5722ef77d23ee9340b379ca,0x331138e04ece8a2e6cbb3bc5d980ffb4f9dde1068e227fdb9832b846faaeca0e,80.467700
theo_n,1,91,false,9,9,offchain,500,87,1.197400,106.573300,174.673500,175.870900,6.052200,true,3104,,0x2fe6349b77f8b704a4b6fda6a67fa440bb1a7ac8a5722ef77d23ee9340b379ca,0x089d1aa1c2473d25b78af6935dcb93bd07aebbac0257d4d611f18fb5f545beeb,80.436000
theo_n,1,92,false,9,9,offchain,500,88,1.238000,105.163500,172.863200,174.101200,6.045000,true,3104,,0x2fe6349b77f8b704a4b6fda6a67fa440bb1a7ac8a5722ef77d23ee9340b379ca,0x1e93ea44a887f2e8fd076e0c7713ae9d34036e5aee4404a35e4b44acd32346c5,79.050700
theo_n,1,93,false,9,9,offchain,500,89,1.208100,107.048300,173.252800,174.460900,6.043000,true,3104,,0x2fe6349b77f8b704a4b6fda6a67fa440bb1a7ac8a5722ef77d23ee9340b379ca,0x1e123929cf2884f04173384ef96a723d1629eafc520534c33d5c33cbc548d4e0,79.153600
theo_n,1,94,false,9,9,offchain,500,90,1.136200,105.967000,172.499500,173.635700,6.035800,true,3104,,0x2fe6349b77f8b704a4b6fda6a67fa440bb1a7ac8a5722ef77d23ee9340b379ca,0x07e2ce03aef8e0a6f9039888b6581209d9b4511b0045717f795cd28f3fae8498,81.583000
theo_n,1,95,false,9,9,offchain,500,91,1.273800,107.822300,173.043300,174.317100,6.062600,true,3104,,0x2fe6349b77f8b704a4b6fda6a67fa440bb1a7ac8a5722ef77d23ee9340b379ca,0x22742fe979ce969d4cdb11f8076cc0152138d594231440b7590a9792caa27ff7,80.515400
theo_n,1,96,false,9,9,offchain,500,92,1.188900,105.974800,213.993900,215.182800,6.251400,true,3104,,0x2fe6349b77f8b704a4b6fda6a67fa440bb1a7ac8a5722ef77d23ee9340b379ca,0x2c9d50760aaf6391e556a5ba1c0804e54a3fda00913318e43a266220c37eb935,82.414900
theo_n,1,97,false,9,9,offchain,500,93,1.234800,108.162300,178.049200,179.284000,9.555700,true,3104,,0x2fe6349b77f8b704a4b6fda6a67fa440bb1a7ac8a5722ef77d23ee9340b379ca,0x3a752b4e6c05bd74df2d94939f850a55f28a17cceaae03d38743bd8ff61e3d5d,116.448000
theo_n,1,98,false,9,9,offchain,500,94,1.303900,114.859200,192.406600,193.710500,6.399300,true,3104,,0x2fe6349b77f8b704a4b6fda6a67fa440bb1a7ac8a5722ef77d23ee9340b379ca,0x3925e2a85c45e174b3dfeacf4d2c36c0b1ae3ff62b57faffa83a135bc086fce8,81.569000
theo_n,1,99,false,9,9,offchain,500,95,1.196500,107.438300,174.283500,175.480000,6.251400,true,3104,,0x2fe6349b77f8b704a4b6fda6a67fa440bb1a7ac8a5722ef77d23ee9340b379ca,0x022f8d0056933c95a43ba5b04cd9ad652953a2b5d0d3aea294037033125f5765,80.922000
theo_n,1,100,false,9,9,offchain,500,96,1.210600,108.628900,177.079900,178.290500,6.129000,true,3104,,0x2fe6349b77f8b704a4b6fda6a67fa440bb1a7ac8a5722ef77d23ee9340b379ca,0x1e9e2ade609569ab986455245dcd3a8d2cd79d70b61138c0bbd820794bef794a,80.976100
theo_n,1,101,false,9,9,offchain,500,97,1.204700,107.493300,175.928700,177.133400,6.062800,true,3104,,0x2fe6349b77f8b704a4b6fda6a67fa440bb1a7ac8a5722ef77d23ee9340b379ca,0x0ea9443dedf0f039461915c560ef0cd5202bc412a1277392db3c9b94736e19df,79.838100
theo_n,1,102,false,9,9,offchain,500,98,1.191200,154.198400,175.931800,177.123000,6.440100,true,3104,,0x2fe6349b77f8b704a4b6fda6a67fa440bb1a7ac8a5722ef77d23ee9340b379ca,0x33d4f89aea0692092e94f05f3633d908bf3138cbfc5e1524f6fdeddce4b4e37b,79.767700
theo_n,1,103,false,9,9,offchain,500,99,1.229100,107.693900,171.463700,172.692800,5.972800,true,3104,,0x2fe6349b77f8b704a4b6fda6a67fa440bb1a7ac8a5722ef77d23ee9340b379ca,0x2b4e96ee32f42f486de93dd2eb20d76741a3b2ea70a7b41595a5a54555e92a95,79.607400
theo_n,1,104,false,9,9,offchain,500,100,1.202400,107.003900,173.708700,174.911100,6.173600,true,3104,,0x2fe6349b77f8b704a4b6fda6a67fa440bb1a7ac8a5722ef77d23ee9340b379ca,0x07dd3f3c07969f48e22eaefcb1c5569a39fc4b5885b4a1a410401d462bfbb021,79.899300
theo_n,1,105,false,9,9,offchain,500,101,1.155400,106.323300,174.524100,175.679500,6.238900,true,3104,,0x2fe6349b77f8b704a4b6fda6a67fa440bb1a7ac8a5722ef77d23ee9340b379ca,0x0e7c2cec7b8eb7ce364425826dcf236c306113c8e5096126d3d3ca58007f19a9,81.157100
theo_n,1,106,false,9,9,offchain,500,102,1.128100,106.177900,172.114500,173.242600,6.147300,true,3104,,0x2fe6349b77f8b704a4b6fda6a67fa440bb1a7ac8a5722ef77d23ee9340b379ca,0x069e4120e2f7b77982127dc2138ad2c56e45d0e048c76797782b2a01372efecf,79.724500
theo_n,1,107,false,9,9,offchain,500,103,1.174700,106.531400,172.745900,173.920600,6.026700,true,3104,,0x2fe6349b77f8b704a4b6fda6a67fa440bb1a7ac8a5722ef77d23ee9340b379ca,0x1ee271b4609e05c1ab103aa937284d86c9dd1b64ab6e491e602267a604692b62,80.283100
theo_n,1,108,false,9,9,offchain,500,104,1.385100,108.133600,172.203500,173.588600,6.181400,true,3104,,0x2fe6349b77f8b704a4b6fda6a67fa440bb1a7ac8a5722ef77d23ee9340b379ca,0x18746a559176446a8ab51169501690db7490a782636c8990c5bbaea396bd0089,81.621100
theo_n,1,109,false,9,9,offchain,500,105,1.236200,106.993600,174.117200,175.353400,6.195400,true,3104,,0x2fe6349b77f8b704a4b6fda6a67fa440bb1a7ac8a5722ef77d23ee9340b379ca,0x3603939325fcca133581f5e01b0a873c4fb86ff8c8501029242d231030ae4730,80.259700
theo_n,1,110,false,9,9,offchain,500,106,1.226800,108.866400,176.468300,177.695100,6.010700,true,3104,,0x2fe6349b77f8b704a4b6fda6a67fa440bb1a7ac8a5722ef77d23ee9340b379ca,0x0309957ed4a228beae35d67e8be5072b3906f9fcf498fd7b8edd8f5cc1e90b88,80.287500
theo_n,1,111,false,9,9,offchain,500,107,1.189200,105.840000,173.592300,174.781500,6.288300,true,3104,,0x2fe6349b77f8b704a4b6fda6a67fa440bb1a7ac8a5722ef77d23ee9340b379ca,0x0e535e810973fbba586c3e7e8a4861b5d0379a483763a0b061dea657c3c82ba1,80.552000
theo_n,1,112,false,9,9,offchain,500,108,1.204200,107.032000,171.549800,172.754000,6.111400,true,3104,,0x2fe6349b77f8b704a4b6fda6a67fa440bb1a7ac8a5722ef77d23ee9340b379ca,0x2eb59862fcca804139e5e625af2d2e58ca75ea2cbe558917f84c9049f03acf89,79.070700
theo_n,1,113,false,9,9,offchain,500,109,1.201700,105.921400,171.425600,172.627300,6.149200,true,3104,,0x2fe6349b77f8b704a4b6fda6a67fa440bb1a7ac8a5722ef77d23ee9340b379ca,0x0eb03cbc9ef61500ebf9525588c063fb9b3da9023a8e98f4e422fbc8b83d21b1,80.619700
theo_n,1,114,false,9,9,offchain,500,110,1.182200,105.696700,171.241300,172.423500,6.151000,true,3104,,0x2fe6349b77f8b704a4b6fda6a67fa440bb1a7ac8a5722ef77d23ee9340b379ca,0x2ac49a4ce2066f1f950b20ddfcb22fb7b78f06ff7fc85c670eb62aa061a87187,80.360300
theo_n,1,115,false,9,9,offchain,500,111,1.221700,106.663900,174.809300,176.031000,6.194900,true,3104,,0x2fe6349b77f8b704a4b6fda6a67fa440bb1a7ac8a5722ef77d23ee9340b379ca,0x3fedb8027593a48bc73096ede0cc86b15ecc486ec6a5cce25e52762ed90b53e5,81.673800
theo_n,1,116,false,9,9,offchain,500,112,1.190200,106.549300,221.368600,222.558800,6.141800,true,3104,,0x2fe6349b77f8b704a4b6fda6a67fa440bb1a7ac8a5722ef77d23ee9340b379ca,0x048dad16b9456d602a09fa4858215cb8db44318b5e5f2cdb8c55d30b16a04ecd,83.704500
theo_n,1,117,false,9,9,offchain,500,113,1.211100,109.076300,175.768800,176.979900,6.242900,true,3104,,0x2fe6349b77f8b704a4b6fda6a67fa440bb1a7ac8a5722ef77d23ee9340b379ca,0x3a0f925adf8dcb5a9007b938d68416ada618ec3a24ccb916238a7503423eb662,80.406200
theo_n,1,118,false,9,9,offchain,500,114,1.290400,110.873300,192.003300,193.293700,8.428400,true,3104,,0x2fe6349b77f8b704a4b6fda6a67fa440bb1a7ac8a5722ef77d23ee9340b379ca,0x1f8dfb17f1ed7fd6841c4acacd125800bd853f2037fb0b9f940d34a73849f015,99.073600
theo_n,1,119,false,9,9,offchain,500,115,1.440200,123.788700,188.835700,190.275900,5.885300,true,3104,,0x2fe6349b77f8b704a4b6fda6a67fa440bb1a7ac8a5722ef77d23ee9340b379ca,0x07bb3c6e78f4931129730cc25a5ebad89b00ac25faa34a030e5bfd6731e85674,86.992200
theo_n,1,120,false,9,9,offchain,500,116,1.123300,106.795800,175.094400,176.217700,5.944300,true,3104,,0x2fe6349b77f8b704a4b6fda6a67fa440bb1a7ac8a5722ef77d23ee9340b379ca,0x0f8a51ebe6181317894fee2445b9ee879f41541327aadc9716339ddaa2011394,79.598000
theo_n,1,121,false,9,9,offchain,500,117,1.217600,106.247900,173.796700,175.014300,6.228600,true,3104,,0x2fe6349b77f8b704a4b6fda6a67fa440bb1a7ac8a5722ef77d23ee9340b379ca,0x3258a1b5cb69e9110e9233821657be6749c3bc471f62caa7965fd6bbe878a6b3,80.462900
theo_n,1,122,false,9,9,offchain,500,118,1.190000,107.761100,182.746800,183.936800,6.459100,true,3104,,0x2fe6349b77f8b704a4b6fda6a67fa440bb1a7ac8a5722ef77d23ee9340b379ca,0x0b4cf66301a979297eb4cef7143a3682226951e81dece88c104598edfa32bb85,83.038200
theo_n,1,123,false,9,9,offchain,500,119,1.209500,110.652500,174.992500,176.202000,6.309500,true,3104,,0x2fe6349b77f8b704a4b6fda6a67fa440bb1a7ac8a5722ef77d23ee9340b379ca,0x34a220c56a32ce4457faa733c28fe8ee0c8ba0a43da4c315660071848d20df18,80.190400
theo_n,1,124,false,9,9,offchain,500,120,1.207400,107.105000,180.085400,181.292800,6.296200,true,3104,,0x2fe6349b77f8b704a4b6fda6a67fa440bb1a7ac8a5722ef77d23ee9340b379ca,0x068aa72ec6c7edbcc433477b49b79c9fc5b18b94a01b5d659330c7a316f3de52,81.138400
theo_n,1,125,false,9,9,offchain,500,121,1.212900,107.507300,185.025000,186.237900,6.274900,true,3104,,0x2fe6349b77f8b704a4b6fda6a67fa440bb1a7ac8a5722ef77d23ee9340b379ca,0x05910f7ef3cccefaa26c691a704fc7c2a067f59954c37580e9918504530860f3,84.152500
theo_n,1,126,false,9,9,offchain,500,122,1.216900,108.074300,173.006800,174.223700,6.085900,true,3104,,0x2fe6349b77f8b704a4b6fda6a67fa440bb1a7ac8a5722ef77d23ee9340b379ca,0x2930049629a267aaa310ccce1d3a825b16928a8eae5424f1295da642ca91151e,80.833900
theo_n,1,127,false,9,9,offchain,500,123,1.229300,116.721800,194.298100,195.527400,6.005500,true,3104,,0x2fe6349b77f8b704a4b6fda6a67fa440bb1a7ac8a5722ef77d23ee9340b379ca,0x2867e36b12f207389b85f3a7f86ae38b2c25f5cef79359d3774eb971b87710ed,82.460500
theo_n,1,128,false,9,9,offchain,500,124,1.386700,108.124700,189.346200,190.732900,6.179100,true,3104,,0x2fe6349b77f8b704a4b6fda6a67fa440bb1a7ac8a5722ef77d23ee9340b379ca,0x21557e7edae2f2f3f591cd9dab903ca6c63f3d7fbfdf3770ed8988d5802bacc4,82.367400
theo_n,1,129,false,9,9,offchain,500,125,1.207400,108.104300,173.554300,174.761700,6.013400,true,3104,,0x2fe6349b77f8b704a4b6fda6a67fa440bb1a7ac8a5722ef77d23ee9340b379ca,0x0fde42439e029c080aebfe416b4f08e942d48d8f6d6a8d74d04bed8be3e1ed4b,82.021600
theo_n,1,130,false,9,9,offchain,500,126,1.212100,111.260100,186.677500,187.889600,6.546100,true,3104,,0x2fe6349b77f8b704a4b6fda6a67fa440bb1a7ac8a5722ef77d23ee9340b379ca,0x18c1b63ff8bbc1ea27b23ff824ecd084d481e647209ff99aa2ee13536afebf89,83.674300
theo_n,1,131,false,9,9,offchain,500,127,1.219600,157.961900,205.278100,206.497700,7.771000,true,3104,,0x2fe6349b77f8b704a4b6fda6a67fa440bb1a7ac8a5722ef77d23ee9340b379ca,0x1a79364a02b8abffda572de7da4499fa1cf6831620760579f9d0ec0961bba3a4,103.312100
theo_n,1,132,false,9,9,offchain,500,128,1.345400,122.986200,189.360700,190.706100,6.769400,true,3104,,0x2fe6349b77f8b704a4b6fda6a67fa440bb1a7ac8a5722ef77d23ee9340b379ca,0x0d1f3966fbb5632d1ddb8e1a83bed32d1e264a779841ee03a7ae4a67ea4aa1dc,83.117700
theo_n,1,133,false,9,9,offchain,500,129,1.226700,112.763000,179.675700,180.902400,6.403300,true,3104,,0x2fe6349b77f8b704a4b6fda6a67fa440bb1a7ac8a5722ef77d23ee9340b379ca,0x1516595735d5162e2a80b7eb0a22c57c57293051021f5154248f15e3e5191242,82.316300
theo_n,1,134,false,9,9,offchain,500,130,1.241000,113.041400,175.535100,176.776100,6.320300,true,3104,,0x2fe6349b77f8b704a4b6fda6a67fa440bb1a7ac8a5722ef77d23ee9340b379ca,0x2b218a7c4d1925e12f52195683b8baa6cfffe3df84bb3b7bbbc793689e7c83cf,81.272100
theo_n,1,135,false,9,9,offchain,500,131,1.202500,106.860200,179.308500,180.511000,5.939700,true,3104,,0x2fe6349b77f8b704a4b6fda6a67fa440bb1a7ac8a5722ef77d23ee9340b379ca,0x25aefaa0411f101d91baa21b0091f5694ab2599803c26962de027fc233035fe3,80.373500
theo_n,1,136,false,9,9,offchain,500,132,1.641900,105.422800,179.702300,181.344200,6.232000,true,3104,,0x2fe6349b77f8b704a4b6fda6a67fa440bb1a7ac8a5722ef77d23ee9340b379ca,0x17a70a53683d4b040c36c1fe255183f32f5dc797999a9319f4f4112c6a9a7c7e,81.120300
theo_n,1,137,false,9,9,offchain,500,133,1.213000,120.702400,193.807200,195.020200,6.369100,true,3104,,0x2fe6349b77f8b704a4b6fda6a67fa440bb1a7ac8a5722ef77d23ee9340b379ca,0x3399af32c63ecf5d04c6da4150a7cbff1075ef256625390233572dc8c51752ea,83.687000
theo_n,1,138,false,9,9,offchain,500,134,1.613300,122.429200,186.710100,188.323400,6.396000,true,3104,,0x2fe6349b77f8b704a4b6fda6a67fa440bb1a7ac8a5722ef77d23ee9340b379ca,0x2059c189bc871bf75ae46ccf0ba03b0242f2d9bf028cfd144bd09b783e6486a7,85.756200
theo_n,1,139,false,9,9,offchain,500,135,1.308100,113.226100,178.294500,179.602600,7.487300,true,3104,,0x2fe6349b77f8b704a4b6fda6a67fa440bb1a7ac8a5722ef77d23ee9340b379ca,0x01483b9f8413ba2c3770285aa5ca88003e247d038f65cf7c8e04329bd4ef9fb1,98.444700
theo_n,1,140,false,9,9,offchain,500,136,1.486700,125.718000,197.225200,198.711900,6.587000,true,3104,,0x2fe6349b77f8b704a4b6fda6a67fa440bb1a7ac8a5722ef77d23ee9340b379ca,0x3182b27c7f50b4f5591b48ea82a6812efc41aae5e762f089dcbfc44ffce137a0,86.608000
theo_n,1,141,false,9,9,offchain,500,137,1.356400,107.439100,173.632600,174.989000,6.355500,true,3104,,0x2fe6349b77f8b704a4b6fda6a67fa440bb1a7ac8a5722ef77d23ee9340b379ca,0x12b939036c5f5a6600e63b632922fc5585be477ef3b774b41eabcea9dde66bb9,81.387300
theo_n,1,142,false,9,9,offchain,500,138,1.185000,109.512400,189.741300,190.926300,7.112500,true,3104,,0x2fe6349b77f8b704a4b6fda6a67fa440bb1a7ac8a5722ef77d23ee9340b379ca,0x2c16b467a197afddb78e8a9e5831939c4dc8c1a85d9b04498c8dd859dc41ca60,89.263400
theo_n,1,143,false,9,9,offchain,500,139,1.649400,117.170000,199.524500,201.173900,6.194400,true,3104,,0x2fe6349b77f8b704a4b6fda6a67fa440bb1a7ac8a5722ef77d23ee9340b379ca,0x079b101af881ff3d804382dee9b96204698a0119a104b27bc0d7571326b7fde0,85.149200
theo_n,1,144,false,9,9,offchain,500,140,1.170100,105.950100,230.822900,231.993000,6.166200,true,3104,,0x2fe6349b77f8b704a4b6fda6a67fa440bb1a7ac8a5722ef77d23ee9340b379ca,0x19e60459517470537cdda65f9350fcb29de1d18f6de3ce2d26d063453f7a941c,87.746700
theo_n,1,145,false,9,9,offchain,500,141,1.221700,123.024600,236.448000,237.669700,7.959000,true,3104,,0x2fe6349b77f8b704a4b6fda6a67fa440bb1a7ac8a5722ef77d23ee9340b379ca,0x10eb3619499b37f4eeb5f8ce964a3da71095b68758dd7850248ab17def031631,103.061100
theo_n,1,146,false,9,9,offchain,500,142,1.474300,127.813100,180.611800,182.086100,5.972300,true,3104,,0x2fe6349b77f8b704a4b6fda6a67fa440bb1a7ac8a5722ef77d23ee9340b379ca,0x32f8601d3837a69cf0d53a7149a6ef9e290a6611a6328205091345073425a736,80.591800
theo_n,1,147,false,9,9,offchain,500,143,1.508200,115.330100,181.258800,182.767000,7.619700,true,3104,,0x2fe6349b77f8b704a4b6fda6a67fa440bb1a7ac8a5722ef77d23ee9340b379ca,0x398fc2634d5f6ca65eb333e515f35ee4c90fceb72ef92352576d5be9db50547a,87.949600
theo_n,1,148,false,9,9,offchain,500,144,1.424500,132.207900,192.760700,194.185200,6.177700,true,3104,,0x2fe6349b77f8b704a4b6fda6a67fa440bb1a7ac8a5722ef77d23ee9340b379ca,0x3e8ea1b06127b0023d665df6ed81fea19d43191da36ed477807d90072f8c1815,83.839600
theo_n,1,149,false,9,9,offchain,500,145,1.418400,107.487600,174.318800,175.737200,8.298600,true,3104,,0x2fe6349b77f8b704a4b6fda6a67fa440bb1a7ac8a5722ef77d23ee9340b379ca,0x2c50b4f04b0b926fe4c16e8f9aaa9aa8ad930e9a47866c1e50e4e68f58906bd8,77.693700
theo_n,1,150,false,9,9,offchain,500,146,1.204400,106.160400,174.898700,176.103100,6.268900,true,3104,,0x2fe6349b77f8b704a4b6fda6a67fa440bb1a7ac8a5722ef77d23ee9340b379ca,0x39a11cfc282eb588d3eb0fc40a8c7d8851fabcfad82e23c8b4cf395526b35b9d,82.536200
theo_n,1,151,false,9,9,offchain,500,147,1.241600,113.546900,211.473800,212.715400,8.146100,true,3104,,0x2fe6349b77f8b704a4b6fda6a67fa440bb1a7ac8a5722ef77d23ee9340b379ca,0x3775c61e39491aaa4e9ab624a54cd1dc6c02f169415dbcd7f46790d1a41d7959,151.078500
theo_n,1,152,false,9,9,offchain,500,148,1.680100,124.923600,187.223800,188.903900,7.399100,true,3104,,0x2fe6349b77f8b704a4b6fda6a67fa440bb1a7ac8a5722ef77d23ee9340b379ca,0x05f3478da4c9280431de1020e72a42e0a6930273bf7a93480c2dfbbbe6033d06,84.533500
theo_n,1,153,false,9,9,offchain,500,149,1.191000,109.645100,181.629000,182.820000,6.674300,true,3104,,0x2fe6349b77f8b704a4b6fda6a67fa440bb1a7ac8a5722ef77d23ee9340b379ca,0x030cce050af4b5d35d4022cbcb0373675ad6997be5109433676c856817260626,81.112400
theo_n,1,154,false,9,9,offchain,500,150,1.222200,107.666900,177.564900,178.787100,6.300900,true,3104,,0x2fe6349b77f8b704a4b6fda6a67fa440bb1a7ac8a5722ef77d23ee9340b379ca,0x111c7ea6a37c67383e91eaf03f5ab3472bcbc5bf9bbe05827503e4959341a4a1,81.193100
theo_n,1,155,false,9,9,offchain,500,151,1.181100,112.964200,185.822600,187.003700,6.215200,true,3104,,0x2fe6349b77f8b704a4b6fda6a67fa440bb1a7ac8a5722ef77d23ee9340b379ca,0x2bfee613bf81411c56d7ef0c003115e225069dab061b90e23a92b98c8ddb26f0,83.478000
theo_n,1,156,false,9,9,offchain,500,152,1.239500,109.412800,177.953400,179.192900,7.255300,true,3104,,0x2fe6349b77f8b704a4b6fda6a67fa440bb1a7ac8a5722ef77d23ee9340b379ca,0x383da1d3cf2b4eeffc1b06c810cfe86468f9bf5b7fe643f0b697fc5e1b8ab292,84.376000
theo_n,1,157,false,9,9,offchain,500,153,1.190600,112.049600,181.424600,182.615200,6.339400,true,3104,,0x2fe6349b77f8b704a4b6fda6a67fa440bb1a7ac8a5722ef77d23ee9340b379ca,0x3f2d01f65c8b8e3be93bcde41582075e16e5aeb952017f8f2da5e019d3e11bb3,87.450400
theo_n,1,158,false,9,9,offchain,500,154,1.255700,109.663900,181.101700,182.357400,6.297400,true,3104,,0x2fe6349b77f8b704a4b6fda6a67fa440bb1a7ac8a5722ef77d23ee9340b379ca,0x21380923866f671c7121d7026e7893bebc3ad0fd1eafa54a6c1ef9f7cf52785d,80.490400
theo_n,1,159,false,9,9,offchain,500,155,1.234100,234.247600,268.787400,270.021500,8.125600,true,3104,,0x2fe6349b77f8b704a4b6fda6a67fa440bb1a7ac8a5722ef77d23ee9340b379ca,0x34771d528051bff6572f82c1c48e74a8bba5258f56d6ff8bacddf42e45104d6a,99.624800
theo_n,1,160,false,9,9,offchain,500,156,1.338500,126.763000,183.145000,184.483500,6.277200,true,3104,,0x2fe6349b77f8b704a4b6fda6a67fa440bb1a7ac8a5722ef77d23ee9340b379ca,0x2100784b517b09d67e349bb488427c6b04de23e145a8194874ed65a9310e8861,83.452800
theo_n,1,161,false,9,9,offchain,500,157,1.200100,111.648400,180.002900,181.203000,7.589100,true,3104,,0x2fe6349b77f8b704a4b6fda6a67fa440bb1a7ac8a5722ef77d23ee9340b379ca,0x0285a09a47a8fa691ba13880fdc9852c771638cc32c694d8b098031a4eb27497,84.124600
theo_n,1,162,false,9,9,offchain,500,158,1.489400,129.674800,213.939000,215.428400,5.928400,true,3104,,0x2fe6349b77f8b704a4b6fda6a67fa440bb1a7ac8a5722ef77d23ee9340b379ca,0x1f6bee0fa69b1da9fd33c886502eb4f4125a1cb202a6c0edabcd48c39e3e5c00,80.611900
theo_n,1,163,false,9,9,offchain,500,159,1.174000,106.938800,178.942200,180.116200,6.644900,true,3104,,0x2fe6349b77f8b704a4b6fda6a67fa440bb1a7ac8a5722ef77d23ee9340b379ca,0x003bd1345f5975eabb5f63ea452e1b10998e7652b3623d6c6193d19e6398d8c6,97.512500
theo_n,1,164,false,9,9,offchain,500,160,1.309700,117.506500,180.441700,181.751400,6.198400,true,3104,,0x2fe6349b77f8b704a4b6fda6a67fa440bb1a7ac8a5722ef77d23ee9340b379ca,0x2921ba822ad6d8a81a6279252f1b385f548fe3027ab76082a833a84cfc2abe09,81.429700
theo_n,1,165,false,9,9,offchain,500,161,1.479600,111.292700,202.803300,204.282900,6.566700,true,3104,,0x2fe6349b77f8b704a4b6fda6a67fa440bb1a7ac8a5722ef77d23ee9340b379ca,0x29c4fa1e011e41b79a4af8eb2aa0d14b9a4beecaa1acfd3045ecc3ef3b06c2bd,86.953400
theo_n,1,166,false,9,9,offchain,500,162,1.234600,109.625400,170.853000,172.087600,6.507500,true,3104,,0x2fe6349b77f8b704a4b6fda6a67fa440bb1a7ac8a5722ef77d23ee9340b379ca,0x390b3baa40fc93b19b64ec900799079cc4c47fd9f7287fa8ebc0a95218b87163,93.869800
theo_n,1,167,false,9,9,offchain,500,163,1.257900,116.387200,178.643400,179.901300,6.830200,true,3104,,0x2fe6349b77f8b704a4b6fda6a67fa440bb1a7ac8a5722ef77d23ee9340b379ca,0x20865171893a06ff4935b221f4e2776f8cbd781eff8b1f83b803d8808c58ec6a,95.650200
theo_n,1,168,false,9,9,offchain,500,164,1.351800,123.376400,176.347900,177.699700,5.899300,true,3104,,0x2fe6349b77f8b704a4b6fda6a67fa440bb1a7ac8a5722ef77d23ee9340b379ca,0x29a76e3cc1f9dba9d4312df5f4a14fb4144d14d8831f4765b0bfe43a2e33262b,78.532800
theo_n,1,169,false,9,9,offchain,500,165,1.147100,158.865000,180.146900,181.294000,6.214200,true,3104,,0x2fe6349b77f8b704a4b6fda6a67fa440bb1a7ac8a5722ef77d23ee9340b379ca,0x3ef54336234b9d64663652777cdf64f3e2319565d9b5d8726d67f181df78046e,81.458300
theo_n,1,170,false,9,9,offchain,500,166,1.196900,111.328300,198.445200,199.642100,6.825100,true,3104,,0x2fe6349b77f8b704a4b6fda6a67fa440bb1a7ac8a5722ef77d23ee9340b379ca,0x33ec92559f58db46a2b4bc334db12e3522bc765c8b0977fcc99f3c725ba58f61,94.916600
theo_n,1,171,false,9,9,offchain,500,167,1.340400,117.662300,186.731200,188.071600,6.399900,true,3104,,0x2fe6349b77f8b704a4b6fda6a67fa440bb1a7ac8a5722ef77d23ee9340b379ca,0x1bbfa9f6bb6015919b05a65c69f9bb223d1743a2bd6956aadaaf608e0975c1a0,87.520400
theo_n,1,172,false,9,9,offchain,500,168,1.207900,112.309300,179.625400,180.833300,6.139900,true,3104,,0x2fe6349b77f8b704a4b6fda6a67fa440bb1a7ac8a5722ef77d23ee9340b379ca,0x3fcd47ce60762213f034ff04d8625884009e0ea9271e7aab6597ecedddd619bb,85.386300
theo_n,1,173,false,9,9,offchain,500,169,1.149700,109.102900,176.119400,177.269100,6.306600,true,3104,,0x2fe6349b77f8b704a4b6fda6a67fa440bb1a7ac8a5722ef77d23ee9340b379ca,0x2fcea9f4f817a98ab8811bf19be916be59700107f1afe7ba961d3dc7691231dc,80.024400
theo_n,1,174,false,9,9,offchain,500,170,1.179300,108.040600,214.839900,216.019200,6.314700,true,3104,,0x2fe6349b77f8b704a4b6fda6a67fa440bb1a7ac8a5722ef77d23ee9340b379ca,0x324edb1ce15cb89a0516107640a8a4c7c547b2dd3b7d396ca79e94647a282752,86.779400
theo_n,1,175,false,9,9,offchain,500,171,1.257900,108.998200,183.015700,184.273600,5.984700,true,3104,,0x2fe6349b77f8b704a4b6fda6a67fa440bb1a7ac8a5722ef77d23ee9340b379ca,0x38fd2d423d1cdbbe4af263c8937e5990af18153247e6e5c9a0d219e4a4c9d321,78.674700
theo_n,1,176,false,9,9,offchain,500,172,1.126200,106.662100,184.480600,185.606800,6.177100,true,3104,,0x2fe6349b77f8b704a4b6fda6a67fa440bb1a7ac8a5722ef77d23ee9340b379ca,0x30a365d6516963fdbd19185279f481dea56b074c1836598dfe107f23c503cf38,81.522300
theo_n,1,177,false,9,9,offchain,500,173,1.185200,110.010000,175.525000,176.710200,6.130800,true,3104,,0x2fe6349b77f8b704a4b6fda6a67fa440bb1a7ac8a5722ef77d23ee9340b379ca,0x272209cfb65cddd8022626235236e58546c3379a49e24568c83f302ea6d5ecb9,81.799400
theo_n,1,178,false,9,9,offchain,500,174,1.229900,175.840000,184.395200,185.625100,6.790900,true,3104,,0x2fe6349b77f8b704a4b6fda6a67fa440bb1a7ac8a5722ef77d23ee9340b379ca,0x2c84b8ba64a335b92e0bd7f5630eb3b6599e03482fc6624f3bea16212ef6a2ee,82.708300
theo_n,1,179,false,9,9,offchain,500,175,1.275800,110.549100,217.471300,218.747100,6.579400,true,3104,,0x2fe6349b77f8b704a4b6fda6a67fa440bb1a7ac8a5722ef77d23ee9340b379ca,0x038dc1414214f5a4d9df4e7a126bf51b554edd9c5b313b919455b9677c1446d4,84.213600
theo_n,1,180,false,9,9,offchain,500,176,1.239200,110.796400,182.330100,183.569300,6.276400,true,3104,,0x2fe6349b77f8b704a4b6fda6a67fa440bb1a7ac8a5722ef77d23ee9340b379ca,0x332415f37103751bfefaae181491f80c7b78afc00e928c0cf848720dcc56dd38,83.385400
theo_n,1,181,false,9,9,offchain,500,177,1.236900,110.158900,184.317300,185.554200,6.140500,true,3104,,0x2fe6349b77f8b704a4b6fda6a67fa440bb1a7ac8a5722ef77d23ee9340b379ca,0x033d05a8d4a07be1c8e737f9c51f388d72d0719385f2b7696c9d254481e41ddb,85.587700
theo_n,1,182,false,9,9,offchain,500,178,1.206800,111.656900,184.189500,185.396300,6.721300,true,3104,,0x2fe6349b77f8b704a4b6fda6a67fa440bb1a7ac8a5722ef77d23ee9340b379ca,0x197af70f9da7ce3f99f32d75e502198249641f5dbd2b5343d08fcb2dc41382e6,81.968400
theo_n,1,183,false,9,9,offchain,500,179,1.261700,133.382200,237.363700,238.625400,6.873000,true,3104,,0x2fe6349b77f8b704a4b6fda6a67fa440bb1a7ac8a5722ef77d23ee9340b379ca,0x15ad64e669ba0728c4958183a0b2aa4c4d8e48942cc7c71caebf4945d503f3c2,95.893500
theo_n,1,184,false,9,9,offchain,500,180,1.330800,115.204200,173.914200,175.245000,5.624900,true,3104,,0x2fe6349b77f8b704a4b6fda6a67fa440bb1a7ac8a5722ef77d23ee9340b379ca,0x142b57be2fea88cb35f3c7cd3935579d1db786cf39290c7d90e6febad20f5f58,77.206300
theo_n,1,185,false,9,9,offchain,500,181,1.110000,151.440800,170.866200,171.976200,8.252000,true,3104,,0x2fe6349b77f8b704a4b6fda6a67fa440bb1a7ac8a5722ef77d23ee9340b379ca,0x2f344243fd50926daf10c60277b47aa96ab3ae49bee2ace467cdd29ef5f09e13,85.408700
theo_n,1,186,false,9,9,offchain,500,182,1.461800,127.361100,180.637500,182.099300,5.966400,true,3104,,0x2fe6349b77f8b704a4b6fda6a67fa440bb1a7ac8a5722ef77d23ee9340b379ca,0x0f639c1300db549c48f1b27dafc8b040f3c1cfc9159e496d62be76a608e63acb,78.565800
theo_n,1,187,false,9,9,offchain,500,183,1.136200,108.825700,200.364300,201.500500,7.548800,true,3104,,0x2fe6349b77f8b704a4b6fda6a67fa440bb1a7ac8a5722ef77d23ee9340b379ca,0x1112001707407a3e97cda0c1696dcd2afeb1de6c0edc2614bb7e66b10a9811f9,98.583200
theo_n,1,188,false,9,9,offchain,500,184,1.258100,134.613700,227.193400,228.451500,7.964800,true,3104,,0x2fe6349b77f8b704a4b6fda6a67fa440bb1a7ac8a5722ef77d23ee9340b379ca,0x20b748016a081789c598c45980038297e9bf621eaab2a5ae4758dc9751b4fcb7,112.458200
theo_n,1,189,false,9,9,offchain,500,185,1.576400,131.939300,186.298800,187.875200,5.886500,true,3104,,0x2fe6349b77f8b704a4b6fda6a67fa440bb1a7ac8a5722ef77d23ee9340b379ca,0x3b0467a870288df6b3ee6ac1ac0a244eea16665024e22239ab2a56ba0b6c6c4f,78.947000
theo_n,1,190,false,9,9,offchain,500,186,1.130200,107.691000,172.856200,173.986400,6.051500,true,3104,,0x2fe6349b77f8b704a4b6fda6a67fa440bb1a7ac8a5722ef77d23ee9340b379ca,0x13d57e8cf606620453fc0dd19fe83051fda08037e0421d27a7db08ae4c65561d,81.456200
theo_n,1,191,false,9,9,offchain,500,187,1.201200,106.596800,184.826800,186.028000,6.326800,true,3104,,0x2fe6349b77f8b704a4b6fda6a67fa440bb1a7ac8a5722ef77d23ee9340b379ca,0x1130d93cb72e0a14d1a6c1f441514c412afdd724723affb16edb8359a53ae6bf,81.213600
theo_n,1,192,false,9,9,offchain,500,188,1.236500,112.551900,177.679800,178.916300,6.254300,true,3104,,0x2fe6349b77f8b704a4b6fda6a67fa440bb1a7ac8a5722ef77d23ee9340b379ca,0x21b3a9a5243fc7b838bf09e74ed1d83ca942fc6c57ceb042543f05a175f9557d,82.660000
theo_n,1,193,false,9,9,offchain,500,189,1.218000,109.147300,174.544300,175.762300,6.039200,true,3104,,0x2fe6349b77f8b704a4b6fda6a67fa440bb1a7ac8a5722ef77d23ee9340b379ca,0x283a2c1e7554ab9c143d5264b60b1000f0b15c454c13d211e1a5ee74cabffad6,82.298200
theo_n,1,194,false,9,9,offchain,500,190,1.414900,130.101000,194.229100,195.644000,6.169100,true,3104,,0x2fe6349b77f8b704a4b6fda6a67fa440bb1a7ac8a5722ef77d23ee9340b379ca,0x02ba6374c6c17cf95392731e7f87d92399dd5e0b23d1d9444bd12fb819da5711,82.372800
theo_n,1,195,false,9,9,offchain,500,191,1.184700,110.032500,193.649200,194.833900,6.560600,true,3104,,0x2fe6349b77f8b704a4b6fda6a67fa440bb1a7ac8a5722ef77d23ee9340b379ca,0x0b1650951bc1e1fce7fb91cc2c021c1b19e3314cb416922c6372325ef8376576,90.017700
theo_n,1,196,false,9,9,offchain,500,192,1.262400,113.503600,171.407900,172.670300,5.749800,true,3104,,0x2fe6349b77f8b704a4b6fda6a67fa440bb1a7ac8a5722ef77d23ee9340b379ca,0x2dd9ce672ac3eb17d6b5446e7e96708a8532b57a5981e26ade86270db1a6c039,77.377200
theo_n,1,197,false,9,9,offchain,500,193,1.138300,104.130300,170.639300,171.777600,6.413600,true,3104,,0x2fe6349b77f8b704a4b6fda6a67fa440bb1a7ac8a5722ef77d23ee9340b379ca,0x1f2068c52ddda17eec4abb5d2cf7343d1f13c6ed173c337b495ff8a281cf745c,82.869900
theo_n,1,198,false,9,9,offchain,500,194,1.181500,159.808900,178.622900,179.804400,6.117300,true,3104,,0x2fe6349b77f8b704a4b6fda6a67fa440bb1a7ac8a5722ef77d23ee9340b379ca,0x3d0b8feccd8e664dd8714b01524651cf9f56b0a504916d3c13a73b286c4db56a,81.334100
theo_n,1,199,false,9,9,offchain,500,195,1.201700,107.272400,175.561100,176.762800,7.199700,true,3104,,0x2fe6349b77f8b704a4b6fda6a67fa440bb1a7ac8a5722ef77d23ee9340b379ca,0x331ca259bce438b00c014e3f806f228048c9a13f37e48da0b0ef3bf757e67c6e,93.323100
theo_n,1,200,false,9,9,offchain,500,196,1.402700,120.431400,193.592300,194.995000,6.405000,true,3104,,0x2fe6349b77f8b704a4b6fda6a67fa440bb1a7ac8a5722ef77d23ee9340b379ca,0x0846074347fad563ae37b34419ca48d2834fb29a9f616efeedf63f972fdf03d4,87.838400
theo_n,1,201,false,9,9,offchain,500,197,1.301600,115.158600,174.990500,176.292100,5.919400,true,3104,,0x2fe6349b77f8b704a4b6fda6a67fa440bb1a7ac8a5722ef77d23ee9340b379ca,0x273296438d1fe77303776b743600c96390e0a2c3a430e9083e134caad3aa6fa3,74.614300
theo_n,1,202,false,9,9,offchain,500,198,1.178300,101.672800,163.021300,164.199600,5.942300,true,3104,,0x2fe6349b77f8b704a4b6fda6a67fa440bb1a7ac8a5722ef77d23ee9340b379ca,0x2abe995e621cbbcce94e5effcca70dcdb882e997843991c965267abd59c29cfa,76.274400
theo_n,1,203,false,9,9,offchain,500,199,1.127200,106.049200,197.049400,198.176600,6.186600,true,3104,,0x2fe6349b77f8b704a4b6fda6a67fa440bb1a7ac8a5722ef77d23ee9340b379ca,0x1fac4fcd1b8acc574b6798e75ab10b59df880c73bafff58347aa86bc0a51c43e,86.484400
theo_n,1,204,false,9,9,offchain,500,200,1.143600,106.321500,169.695900,170.839500,6.537700,true,3104,,0x2fe6349b77f8b704a4b6fda6a67fa440bb1a7ac8a5722ef77d23ee9340b379ca,0x1bc4d68efc00df7ee997830ff21f683f9546976b589eff36a51905b7fdfc58ca,78.934500
theo_n,1,205,false,9,9,offchain,500,201,1.144200,105.835300,172.648000,173.792200,6.349300,true,3104,,0x2fe6349b77f8b704a4b6fda6a67fa440bb1a7ac8a5722ef77d23ee9340b379ca,0x3f284c76415dc4eee75c087ae3413c0ca08ea6399a5edeb35a5f334f21a539fe,79.707700
theo_n,1,206,false,9,9,offchain,500,202,1.179500,112.699300,203.070800,204.250300,6.268500,true,3104,,0x2fe6349b77f8b704a4b6fda6a67fa440bb1a7ac8a5722ef77d23ee9340b379ca,0x24d1804c82c2912aaed224965411d6913e59524312d014390e98202a4aabc378,86.602900
theo_n,1,207,false,9,9,offchain,500,203,1.310500,111.134200,177.380300,178.690800,6.054800,true,3104,,0x2fe6349b77f8b704a4b6fda6a67fa440bb1a7ac8a5722ef77d23ee9340b379ca,0x16cb24082fddf3a5f8222e0920ab3cb438d771e34626f517d4cba488e3962386,79.112000
theo_n,1,208,false,9,9,offchain,500,204,1.204700,106.978800,179.077700,180.282400,6.753500,true,3104,,0x2fe6349b77f8b704a4b6fda6a67fa440bb1a7ac8a5722ef77d23ee9340b379ca,0x131ea3bfb78a1e6e6abab26bb71334dc6f0b601fa429fede863c93f9d818abb2,81.268800
theo_n,1,209,false,9,9,offchain,500,205,1.221200,112.737600,201.226200,202.447400,6.431900,true,3104,,0x2fe6349b77f8b704a4b6fda6a67fa440bb1a7ac8a5722ef77d23ee9340b379ca,0x09596a76ddd57e516f66c2f9a6fcd8ec82d281c7ccc99fe91ec26cc1dd157db3,85.999700
theo_n,1,210,false,9,9,offchain,500,206,1.246600,108.840900,166.794000,168.040600,5.975000,true,3104,,0x2fe6349b77f8b704a4b6fda6a67fa440bb1a7ac8a5722ef77d23ee9340b379ca,0x061604f7c3279342f527d4348f7ec1f2c05f8043dacd7f33ad21e53d4fc12390,77.207600
theo_n,1,211,false,9,9,offchain,500,207,1.322900,129.201400,183.522500,184.845400,5.908400,true,3104,,0x2fe6349b77f8b704a4b6fda6a67fa440bb1a7ac8a5722ef77d23ee9340b379ca,0x0cd912920c5f798209af86070eef0d6cd0b48c09440772bc28bc9f6717e7c15f,81.063600
theo_n,1,212,false,9,9,offchain,500,208,1.214100,113.220100,240.724600,241.938700,6.553800,true,3104,,0x2fe6349b77f8b704a4b6fda6a67fa440bb1a7ac8a5722ef77d23ee9340b379ca,0x30c8ef117e8748987515f4ca33bcbbae5e787d2a3a8978b39cf6574468b93c1d,86.138500
theo_n,1,213,false,9,9,offchain,500,209,1.274300,110.335100,170.786400,172.060700,6.508900,true,3104,,0x2fe6349b77f8b704a4b6fda6a67fa440bb1a7ac8a5722ef77d23ee9340b379ca,0x1048d4d217c0b8e44608afcb1ac08d5c4519d821235db477249f52c86c1dc4f4,75.724000
theo_n,1,214,false,9,9,offchain,500,210,1.162700,107.182600,170.301600,171.464300,6.015600,true,3104,,0x2fe6349b77f8b704a4b6fda6a67fa440bb1a7ac8a5722ef77d23ee9340b379ca,0x01064a3dd66fe61cea6fbc7fee4dd2e4bf4316a8fdfe2332c692bb40b5070076,78.581900
theo_n,1,215,false,9,9,offchain,500,211,1.183700,105.721300,200.458100,201.641800,6.068600,true,3104,,0x2fe6349b77f8b704a4b6fda6a67fa440bb1a7ac8a5722ef77d23ee9340b379ca,0x21ba8af501a4cbfd9a1f3ef54a78e633b70c33ba4585940387538c4f892cfb4e,84.324800
theo_n,1,216,false,9,9,offchain,500,212,1.304200,104.175200,166.877200,168.181400,5.881500,true,3104,,0x2fe6349b77f8b704a4b6fda6a67fa440bb1a7ac8a5722ef77d23ee9340b379ca,0x239fea907d60110ce7c16d7ff4b14c4a18324ffa6af0d06688050ca7878b6a52,78.920200
theo_n,1,217,false,9,9,offchain,500,213,1.162800,106.404100,199.696900,200.859700,6.358800,true,3104,,0x2fe6349b77f8b704a4b6fda6a67fa440bb1a7ac8a5722ef77d23ee9340b379ca,0x24e94cd78cc4213c982225bcb2991090eb45ac53bb3f3263531d349b13975122,81.927200
theo_n,1,218,false,9,9,offchain,500,214,1.195700,111.602900,184.912000,186.107700,7.190400,true,3104,,0x2fe6349b77f8b704a4b6fda6a67fa440bb1a7ac8a5722ef77d23ee9340b379ca,0x1f1a36958171b4ac69e853fa232864a4dfc364ad454b6c9e10ae0b744c1775d4,105.737400
theo_n,1,219,false,9,9,offchain,500,215,1.508300,127.251100,176.374300,177.882600,6.053800,true,3104,,0x2fe6349b77f8b704a4b6fda6a67fa440bb1a7ac8a5722ef77d23ee9340b379ca,0x224f7c77edb5dbfe132092e810ac26ad4e6c093e53995d08e51b3212bddf8b5a,80.016300
theo_n,1,220,false,9,9,offchain,500,216,1.177400,106.172300,176.633900,177.811300,7.924900,true,3104,,0x2fe6349b77f8b704a4b6fda6a67fa440bb1a7ac8a5722ef77d23ee9340b379ca,0x33c8f00b63241b99b8399696b5ac79215b8847d88b2836480c42c63c3b9338a6,92.468700
theo_n,1,221,false,9,9,offchain,500,217,1.318700,116.276300,174.479100,175.797800,5.820900,true,3104,,0x2fe6349b77f8b704a4b6fda6a67fa440bb1a7ac8a5722ef77d23ee9340b379ca,0x22ef695b16b79a12ad82ef7b1578ebaf5624f0cc596cb1376280302cda5e6a44,77.778000
theo_n,1,222,false,9,9,offchain,500,218,1.219200,104.933500,197.609000,198.828200,6.284900,true,3104,,0x2fe6349b77f8b704a4b6fda6a67fa440bb1a7ac8a5722ef77d23ee9340b379ca,0x271aa4fbf3693e5b18d829ee9c39cef6bc4da922a2168b6750324caad8d53f21,84.757400
theo_n,1,223,false,9,9,offchain,500,219,1.405900,105.418700,166.858900,168.264800,5.953700,true,3104,,0x2fe6349b77f8b704a4b6fda6a67fa440bb1a7ac8a5722ef77d23ee9340b379ca,0x10a4ec0e9594c3d6874d43781b150c230f2ef42aa203d6f5ab383cafb7195b60,77.300900
theo_n,1,224,false,9,9,offchain,500,220,1.198100,117.064600,426.623800,427.821900,8.351000,true,3104,,0x2fe6349b77f8b704a4b6fda6a67fa440bb1a7ac8a5722ef77d23ee9340b379ca,0x17249968cfb1672caa6753361693a65c8535d902c553ce902710ed8ff12c272b,101.218300
theo_n,1,225,false,9,9,offchain,500,221,1.309100,124.385600,234.150800,235.459900,7.586300,true,3104,,0x2fe6349b77f8b704a4b6fda6a67fa440bb1a7ac8a5722ef77d23ee9340b379ca,0x1b626f535514e4e5a7c4d23db21fd87178cf55d4ddef6c4d32ea7d8a374b9675,103.284900
theo_n,1,226,false,9,9,offchain,500,222,1.314500,138.887700,244.333900,245.648400,51.785200,true,3104,,0x2fe6349b77f8b704a4b6fda6a67fa440bb1a7ac8a5722ef77d23ee9340b379ca,0x10074f9eb31e9c6ecea33dd09b942747dde26ea5b43debd11bc3d66d758a78ba,147.365600
theo_n,1,227,false,9,9,offchain,500,223,1.326800,122.604800,180.865100,182.191900,6.229200,true,3104,,0x2fe6349b77f8b704a4b6fda6a67fa440bb1a7ac8a5722ef77d23ee9340b379ca,0x08112b8d354d9aaba93692b831a531e7cedd8b1d5a47837c1fedc6aa7f2cae8f,81.103900
theo_n,1,228,false,9,9,offchain,500,224,1.215600,106.852000,173.251700,174.467300,6.642100,true,3104,,0x2fe6349b77f8b704a4b6fda6a67fa440bb1a7ac8a5722ef77d23ee9340b379ca,0x04c3840cdc2e4aac80b4c247288eece9d5b17369096381a62cd10420152c2739,78.971300
theo_n,1,229,false,9,9,offchain,500,225,1.158200,105.172200,173.304700,174.462900,6.026500,true,3104,,0x2fe6349b77f8b704a4b6fda6a67fa440bb1a7ac8a5722ef77d23ee9340b379ca,0x1d4b623b24f055a834f78f3cf3144039c437442f579b3ebc63271326089f9186,80.433400
theo_n,1,230,false,9,9,offchain,500,226,1.191000,129.293900,193.192800,194.383800,6.700100,true,3104,,0x2fe6349b77f8b704a4b6fda6a67fa440bb1a7ac8a5722ef77d23ee9340b379ca,0x2035dedc2eb545642aed0f9606622c5f82294b4b6e544e06b55fd9e8134d213a,86.849900
theo_n,1,231,false,9,9,offchain,500,227,1.238800,113.202300,170.029200,171.268000,6.852800,true,3104,,0x2fe6349b77f8b704a4b6fda6a67fa440bb1a7ac8a5722ef77d23ee9340b379ca,0x233ff9f8b02ec4c97f0d1bc984633b2db25ab99a09a83e88f6af57228c0311a3,92.324900
theo_n,1,232,false,9,9,offchain,500,228,1.257900,119.696100,195.933200,197.191100,6.137100,true,3104,,0x2fe6349b77f8b704a4b6fda6a67fa440bb1a7ac8a5722ef77d23ee9340b379ca,0x3ce76251dd711f361f2658cafc9885d2de612f82c2243e29a406c3817fa99144,81.354600
theo_n,1,233,false,9,9,offchain,500,229,1.189800,105.877800,174.999300,176.189100,5.692800,true,3104,,0x2fe6349b77f8b704a4b6fda6a67fa440bb1a7ac8a5722ef77d23ee9340b379ca,0x01960faf9d44f7a05a9903be0817035bb839c655259186de39824a0205fbf963,80.377000
theo_n,1,234,false,9,9,offchain,500,230,1.184400,102.360500,170.204700,171.389100,6.039800,true,3104,,0x2fe6349b77f8b704a4b6fda6a67fa440bb1a7ac8a5722ef77d23ee9340b379ca,0x09bdcc85823e5cb6efe1689ca68d69f7f39a7b342925c6ef2010fb84dc0e5732,79.985800
theo_n,1,235,false,9,9,offchain,500,231,1.410600,107.839400,171.887400,173.298000,6.115100,true,3104,,0x2fe6349b77f8b704a4b6fda6a67fa440bb1a7ac8a5722ef77d23ee9340b379ca,0x1cd8f78f237edd4acf466189caacbd6b709dcba35f9e32703c9dde9aa127717c,79.189600
theo_n,1,236,false,9,9,offchain,500,232,1.209400,106.674000,176.861400,178.070800,6.237700,true,3104,,0x2fe6349b77f8b704a4b6fda6a67fa440bb1a7ac8a5722ef77d23ee9340b379ca,0x1c18dbcebe2485b6a83380729d5f98097e404059f6b7401f58ce6602117cc0aa,80.314300
theo_n,1,237,false,9,9,offchain,500,233,1.224600,107.719700,173.219900,174.444500,7.007900,true,3104,,0x2fe6349b77f8b704a4b6fda6a67fa440bb1a7ac8a5722ef77d23ee9340b379ca,0x29101a89ba44f904e04e8c5f859ff4577a45e0fb480e1f4fb84efb96f84ed6a6,80.831300
theo_n,1,238,false,9,9,offchain,500,234,1.149900,106.515300,173.605700,174.755600,5.988400,true,3104,,0x2fe6349b77f8b704a4b6fda6a67fa440bb1a7ac8a5722ef77d23ee9340b379ca,0x0d5ff26441a869edd16f94350c143401dc9839188f1a1cb63ed23c99584d6b0d,80.138800
theo_n,1,239,false,9,9,offchain,500,235,1.209300,108.563400,174.099600,175.308900,6.036200,true,3104,,0x2fe6349b77f8b704a4b6fda6a67fa440bb1a7ac8a5722ef77d23ee9340b379ca,0x3fd663fdd4796c0eeb3d2683abcf10e017b1983ed977371a64649c27e26ccdb9,82.172400
theo_n,1,240,false,9,9,offchain,500,236,1.156900,156.764000,176.245700,177.402600,6.225000,true,3104,,0x2fe6349b77f8b704a4b6fda6a67fa440bb1a7ac8a5722ef77d23ee9340b379ca,0x2a93c9f51214b5fcf5b02964ba34c8edd54e58bf4151b2599ffe6ece57b6d018,80.156100
theo_n,1,241,false,9,9,offchain,500,237,1.276700,106.912500,172.545600,173.822300,6.148100,true,3104,,0x2fe6349b77f8b704a4b6fda6a67fa440bb1a7ac8a5722ef77d23ee9340b379ca,0x13dde27c637f6854bd1c54e4176e97040d810a20d57b43bf9d70d8efc282772d,80.051200
theo_n,1,242,false,9,9,offchain,500,238,1.205900,105.020300,174.941900,176.147800,6.249400,true,3104,,0x2fe6349b77f8b704a4b6fda6a67fa440bb1a7ac8a5722ef77d23ee9340b379ca,0x135a4790752389135f911a23431ca22924c7e61a263b54ef292cd06734e0b3cc,79.828200
theo_n,1,243,false,9,9,offchain,500,239,1.198700,108.405200,173.725800,174.924500,5.896100,true,3104,,0x2fe6349b77f8b704a4b6fda6a67fa440bb1a7ac8a5722ef77d23ee9340b379ca,0x2050f24f5a3174b112b4d9b8c0cb7d635b007b190fc7128d075c0fc98fc3479a,79.750600
theo_n,1,244,false,9,9,offchain,500,240,1.222400,106.460500,173.891200,175.113600,6.047400,true,3104,,0x2fe6349b77f8b704a4b6fda6a67fa440bb1a7ac8a5722ef77d23ee9340b379ca,0x196828bf4d21e668dd09c7bfaf8edeaa2a2bb1af398e35710a9bb057ce7d5681,79.218900
theo_n,1,245,false,9,9,offchain,500,241,1.173700,106.687900,170.559500,171.733200,6.045600,true,3104,,0x2fe6349b77f8b704a4b6fda6a67fa440bb1a7ac8a5722ef77d23ee9340b379ca,0x1c10b340a544df81f3b05cefd95c7c798f3d3b4bfc8da9e365685a531f0c8b63,79.941800
theo_n,1,246,false,9,9,offchain,500,242,1.204100,106.386500,172.525300,173.729400,6.371500,true,3104,,0x2fe6349b77f8b704a4b6fda6a67fa440bb1a7ac8a5722ef77d23ee9340b379ca,0x1bff1965c200ea6f8b38aec6c6b925b4bfb622a3d2a195f279f0de996636dca4,112.534100
theo_n,1,247,false,9,9,offchain,500,243,1.249400,109.273300,179.004000,180.253400,6.185100,true,3104,,0x2fe6349b77f8b704a4b6fda6a67fa440bb1a7ac8a5722ef77d23ee9340b379ca,0x10debae9933f4c4fb21aecdc3fba6aaa30a7b4e0831e6f3967fcace92487f0e1,80.222500
theo_n,1,248,false,9,9,offchain,500,244,1.209700,108.039000,214.088300,215.298000,6.260400,true,3104,,0x2fe6349b77f8b704a4b6fda6a67fa440bb1a7ac8a5722ef77d23ee9340b379ca,0x2af5dff9b1175c3ae54eeed0b2ad06c1bfe7b4e45f17840e0a43099c8c03545d,83.039000
theo_n,1,249,false,9,9,offchain,500,245,1.252000,107.290300,173.708100,174.960100,6.211900,true,3104,,0x2fe6349b77f8b704a4b6fda6a67fa440bb1a7ac8a5722ef77d23ee9340b379ca,0x0daf01b2722a42cd348621bafad98aec02bc3e1fe6a0b1db2bd1ed7031f74d2e,84.394400
theo_n,1,250,false,9,9,offchain,500,246,1.203500,108.358500,175.580400,176.783900,6.296000,true,3104,,0x2fe6349b77f8b704a4b6fda6a67fa440bb1a7ac8a5722ef77d23ee9340b379ca,0x04b12b3f7d7b388ef7881281481d12de7f0dbc48bf6e17c93074dc50cb7fd9be,81.278400
theo_n,1,251,false,9,9,offchain,500,247,1.231800,108.286500,173.970500,175.202300,6.039300,true,3104,,0x2fe6349b77f8b704a4b6fda6a67fa440bb1a7ac8a5722ef77d23ee9340b379ca,0x2d7b6585793e0c361bb72f842ede062d5a87d30940f720f426c2fa757faf5b63,82.439500
theo_n,1,252,false,9,9,offchain,500,248,1.181000,104.467900,179.009900,180.190900,6.094500,true,3104,,0x2fe6349b77f8b704a4b6fda6a67fa440bb1a7ac8a5722ef77d23ee9340b379ca,0x1be9cacd9a4b9ba6df5a503dc09971d53f38a341768697792466962201878c83,82.090900
theo_n,1,253,false,9,9,offchain,500,249,1.297100,107.480400,176.344800,177.641900,6.143700,true,3104,,0x2fe6349b77f8b704a4b6fda6a67fa440bb1a7ac8a5722ef77d23ee9340b379ca,0x2b0854285925fa638f2cffdd4ab25c7b473c93261467a83e9fae0feda21cc6fb,80.371000
theo_n,1,254,false,9,9,offchain,500,250,1.200100,108.030100,224.253300,225.453400,6.523500,true,3104,,0x2fe6349b77f8b704a4b6fda6a67fa440bb1a7ac8a5722ef77d23ee9340b379ca,0x1d57d310321c49a17ab0081beb7b202ac05e6ec687754c6e2f432a1220113e1e,85.364000
theo_n,1,255,false,9,9,offchain,500,251,1.176300,106.781300,174.006900,175.183200,5.989800,true,3104,,0x2fe6349b77f8b704a4b6fda6a67fa440bb1a7ac8a5722ef77d23ee9340b379ca,0x0003040b0b0c590dce2f7ff9c7bd0e713f9d8b8c05da94cc7347613303651102,79.835300
theo_n,1,256,false,9,9,offchain,500,252,1.178400,107.073500,176.231000,177.409400,6.210800,true,3104,,0x2fe6349b77f8b704a4b6fda6a67fa440bb1a7ac8a5722ef77d23ee9340b379ca,0x21f766f2266ac60f05568f423178b36746f3c86bb0808fd706cc3984fe234dc2,81.021400
theo_n,1,257,false,9,9,offchain,500,253,1.339700,116.366200,178.096500,179.436200,6.370000,true,3104,,0x2fe6349b77f8b704a4b6fda6a67fa440bb1a7ac8a5722ef77d23ee9340b379ca,0x252da4d2a4b0372e71095387166f170384f70d4de57b5852378c638259d30aba,81.141000
theo_n,1,258,false,9,9,offchain,500,254,1.206300,107.401300,173.870000,175.076300,6.353100,true,3104,,0x2fe6349b77f8b704a4b6fda6a67fa440bb1a7ac8a5722ef77d23ee9340b379ca,0x27bb9c63654ccfde000b0c298d39903ed7f8ca14ad1a1a66197320ab1fa69e93,81.101800
theo_n,1,259,false,9,9,offchain,500,255,1.234800,106.575700,175.381700,176.616500,6.271500,true,3104,,0x2fe6349b77f8b704a4b6fda6a67fa440bb1a7ac8a5722ef77d23ee9340b379ca,0x19cb507afbc830f4079adeb937659190969ccebb8e9ec80d0f6f9c15abea6c96,81.037800
theo_n,1,260,false,9,9,offchain,500,256,1.297800,113.229400,183.378600,184.676400,6.951900,true,3104,,0x2fe6349b77f8b704a4b6fda6a67fa440bb1a7ac8a5722ef77d23ee9340b379ca,0x13af1a03f83f2b7047d438e28e321cabfe9b81d3b0f3e30bf6b68d60e61ccc66,96.696200
theo_n,1,261,false,9,9,offchain,500,257,1.354800,116.989000,181.208500,182.563300,6.248900,true,3104,,0x2fe6349b77f8b704a4b6fda6a67fa440bb1a7ac8a5722ef77d23ee9340b379ca,0x1f9d4cfbcd073ff55fd28f14fdc6b04580e8a7b5cc0c815ba75860a438367297,81.249600
theo_n,1,262,false,9,9,offchain,500,258,1.230000,106.374000,171.950900,173.180900,5.769100,true,3104,,0x2fe6349b77f8b704a4b6fda6a67fa440bb1a7ac8a5722ef77d23ee9340b379ca,0x16655f002f143b0ff157a38d7bfcf554efe1efa0f01bde17f81f1efd1dac5ae3,76.317200
theo_n,1,263,false,9,9,offchain,500,259,1.220600,103.793000,170.942400,172.163000,6.004800,true,3104,,0x2fe6349b77f8b704a4b6fda6a67fa440bb1a7ac8a5722ef77d23ee9340b379ca,0x32e2b5c6eb79d56f6db51b9753908017b27b45c78992dc10c03ec056cd45d1e2,78.353800
theo_n,1,264,false,9,9,offchain,500,260,1.180000,116.220700,190.039700,191.219700,7.233500,true,3104,,0x2fe6349b77f8b704a4b6fda6a67fa440bb1a7ac8a5722ef77d23ee9340b379ca,0x15acdef555d7be280128cdcd5173903bba3ea4a130d3ec6e586a9e2c925984fe,94.362200
theo_n,1,265,false,9,9,offchain,500,261,1.243400,121.263100,171.512800,172.756200,6.099000,true,3104,,0x2fe6349b77f8b704a4b6fda6a67fa440bb1a7ac8a5722ef77d23ee9340b379ca,0x206f9e957151141c6b08e67861412b9979a6cb5473d656d57c6a3f28dbd71edd,78.140500
theo_n,1,266,false,9,9,offchain,500,262,1.186500,105.792200,170.528900,171.715400,5.997400,true,3104,,0x2fe6349b77f8b704a4b6fda6a67fa440bb1a7ac8a5722ef77d23ee9340b379ca,0x1c0c03c3bb02085b517f2b0dd32060227e9a840d4113a6c0ed8e25ef6d037545,77.099100
theo_n,1,267,false,9,9,offchain,500,263,1.165000,104.011700,173.779500,174.944500,6.211000,true,3104,,0x2fe6349b77f8b704a4b6fda6a67fa440bb1a7ac8a5722ef77d23ee9340b379ca,0x2ec2fe58ea1c1da21799f323afc5604c7565f777d6920ad3b971d88781ea8688,79.426100
theo_n,1,268,false,9,9,offchain,500,264,1.114700,149.883300,172.264400,173.379100,7.659100,true,3104,,0x2fe6349b77f8b704a4b6fda6a67fa440bb1a7ac8a5722ef77d23ee9340b379ca,0x36871a7d5a642a72edb71998ebd57faab9df6f308647e14197d5d4ecc241279b,85.184200
theo_n,1,269,false,9,9,offchain,500,265,1.940500,139.843500,197.224700,199.165200,7.811400,true,3104,,0x2fe6349b77f8b704a4b6fda6a67fa440bb1a7ac8a5722ef77d23ee9340b379ca,0x14427ba209a096888541ceaa3ad3513d71c4d7c051585268c45c9226dfe0b256,94.350500
theo_n,1,270,false,9,9,offchain,500,266,1.608600,111.789100,170.974800,172.583400,6.124400,true,3104,,0x2fe6349b77f8b704a4b6fda6a67fa440bb1a7ac8a5722ef77d23ee9340b379ca,0x20d30c7b9347b468a850ccf3b369391ef9639cca1987c37584bd7d19ec6ede8c,78.809000
theo_n,1,271,false,9,9,offchain,500,267,1.198800,107.772000,173.929300,175.128100,8.532200,true,3104,,0x2fe6349b77f8b704a4b6fda6a67fa440bb1a7ac8a5722ef77d23ee9340b379ca,0x2d9ccd0c2ac36559606a0f205863e02c9c2b2d5f640eaab7c1c6a56b1a103553,103.635500
theo_n,1,272,false,9,9,offchain,500,268,1.587600,124.119000,204.491200,206.078800,5.976500,true,3104,,0x2fe6349b77f8b704a4b6fda6a67fa440bb1a7ac8a5722ef77d23ee9340b379ca,0x2b5161b66d16afe0c625e2606fef885e7c98f530e504c631fd79a05fadfe0c71,82.941000
theo_n,1,273,false,9,9,offchain,500,269,1.496300,108.587500,177.955100,179.451400,8.582600,true,3104,,0x2fe6349b77f8b704a4b6fda6a67fa440bb1a7ac8a5722ef77d23ee9340b379ca,0x3e21369041a04980f41e38d2ac90d7a9b944478af8be5a41c9c7afdf9469d697,87.827700
theo_n,1,274,false,9,9,offchain,500,270,1.335100,115.141600,177.711500,179.046600,6.250800,true,3104,,0x2fe6349b77f8b704a4b6fda6a67fa440bb1a7ac8a5722ef77d23ee9340b379ca,0x2de90771e0c245bdfa0b65bb6ee8361b444a0e72d505a6dccccd1649af6fd5c9,80.437600
theo_n,1,275,false,9,9,offchain,500,271,1.235500,107.427900,174.012200,175.247700,6.124900,true,3104,,0x2fe6349b77f8b704a4b6fda6a67fa440bb1a7ac8a5722ef77d23ee9340b379ca,0x3cc0b7377f2fd4ecc5b1dc872298412fde0d67a692b168402caf8860c8195079,79.644400
theo_n,1,276,false,9,9,offchain,500,272,1.158800,107.218700,175.530100,176.688900,6.221300,true,3104,,0x2fe6349b77f8b704a4b6fda6a67fa440bb1a7ac8a5722ef77d23ee9340b379ca,0x0fce8eb9bf34b6d3aa2cb311ca9f5c15dc716c28d4d9bb9555e44f0a08ecf8e1,80.507500
theo_n,1,277,false,9,9,offchain,500,273,1.154600,107.911700,173.215300,174.369900,6.148800,true,3104,,0x2fe6349b77f8b704a4b6fda6a67fa440bb1a7ac8a5722ef77d23ee9340b379ca,0x05833828f42204b99a454594b21513ff2183c6a99a2b3944e3440f299bb4f266,79.651100
theo_n,1,278,false,9,9,offchain,500,274,1.202300,124.186000,196.675400,197.877700,6.466800,true,3104,,0x2fe6349b77f8b704a4b6fda6a67fa440bb1a7ac8a5722ef77d23ee9340b379ca,0x214acd758d2cf355f7d8c5dec2d9e4e50194902c100b583c119a1c8bf2741569,86.920700
theo_n,1,279,false,9,9,offchain,500,275,1.236200,117.655900,170.610000,171.846200,6.021800,true,3104,,0x2fe6349b77f8b704a4b6fda6a67fa440bb1a7ac8a5722ef77d23ee9340b379ca,0x2ec1cd97c107f5e7d43f5824152c3b203d583b4c2f8fe719016cf766bdc951f6,80.418100
theo_n,1,280,false,9,9,offchain,500,276,1.196200,105.819900,169.284700,170.480900,5.813200,true,3104,,0x2fe6349b77f8b704a4b6fda6a67fa440bb1a7ac8a5722ef77d23ee9340b379ca,0x3db627a7bc1c038baa6bd3b87e0513ba54edd4efc8fce3b09e3faf1c88f5334b,76.254000
theo_n,1,281,false,9,9,offchain,500,277,1.113300,103.917700,169.443200,170.556500,6.006400,true,3104,,0x2fe6349b77f8b704a4b6fda6a67fa440bb1a7ac8a5722ef77d23ee9340b379ca,0x3856ddcb158b17f68b73df84a4a414a2bfb3f8ddfd31447ba5d526e199cd1aa1,78.885400
theo_n,1,282,false,9,9,offchain,500,278,1.107700,119.421200,246.737300,247.845000,6.522300,true,3104,,0x2fe6349b77f8b704a4b6fda6a67fa440bb1a7ac8a5722ef77d23ee9340b379ca,0x3c982d4cab23cc667f3153144ce83370da4c30519337576650456290fdef4cca,83.558300
theo_n,1,283,false,9,9,offchain,500,279,1.347300,110.957000,179.842500,181.189800,6.080000,true,3104,,0x2fe6349b77f8b704a4b6fda6a67fa440bb1a7ac8a5722ef77d23ee9340b379ca,0x3a7dd69177b1615e8955d757be7644bfc671b3e6c0de5476c889722eb94fccc5,79.380800
theo_n,1,284,false,9,9,offchain,500,280,1.177600,114.044700,198.381600,199.559200,7.112700,true,3104,,0x2fe6349b77f8b704a4b6fda6a67fa440bb1a7ac8a5722ef77d23ee9340b379ca,0x331d5755c5fdcedf8aa7d4dd13abebb69444e39cc8b7753bd20fbe209dc9bb9b,105.567200
theo_n,1,285,false,9,9,offchain,500,281,1.344700,120.652100,184.426700,185.771400,6.451200,true,3104,,0x2fe6349b77f8b704a4b6fda6a67fa440bb1a7ac8a5722ef77d23ee9340b379ca,0x12456bad5ea5ac8701e9f1e0202e980193aac418c73990454cf01f0c6011efaf,84.691300
theo_n,1,286,false,9,9,offchain,500,282,1.281400,114.014800,173.219500,174.500900,5.914400,true,3104,,0x2fe6349b77f8b704a4b6fda6a67fa440bb1a7ac8a5722ef77d23ee9340b379ca,0x2c5c303bcdfb63737d7b992cbfa56555f48a5d4cd771732f2cb35390b57dc9dc,76.527500
theo_n,1,287,false,9,9,offchain,500,283,1.195600,105.307400,180.492700,181.688300,7.033100,true,3104,,0x2fe6349b77f8b704a4b6fda6a67fa440bb1a7ac8a5722ef77d23ee9340b379ca,0x398093a3ec3cb269bfeb8423a41a3c8706c772840b6047cb9b4426afce8a9426,92.883700
theo_n,1,288,false,9,9,offchain,500,284,1.360200,116.671500,174.775000,176.135200,7.643600,true,3104,,0x2fe6349b77f8b704a4b6fda6a67fa440bb1a7ac8a5722ef77d23ee9340b379ca,0x3fde75cc892a5ba434cb91628f9126ab6df18b3ceb5d532a4efed441fd682489,81.212300
theo_n,1,289,false,9,9,offchain,500,285,1.979100,124.824600,185.717400,187.696500,5.984800,true,3104,,0x2fe6349b77f8b704a4b6fda6a67fa440bb1a7ac8a5722ef77d23ee9340b379ca,0x1b488a0fc1dcc2b8432e72712ec910c013c293088017ac695bbb56dc71189a82,81.361600
theo_n,1,290,false,9,9,offchain,500,286,1.201800,102.713300,170.011700,171.213500,6.412400,true,3104,,0x2fe6349b77f8b704a4b6fda6a67fa440bb1a7ac8a5722ef77d23ee9340b379ca,0x22fb4ba332ae52ec2d4024446d91d18f297796869446a3db080838619881e933,80.160200
theo_n,1,291,false,9,9,offchain,500,287,1.179200,105.569400,178.611400,179.790600,6.284200,true,3104,,0x2fe6349b77f8b704a4b6fda6a67fa440bb1a7ac8a5722ef77d23ee9340b379ca,0x21f0d10ccf00498500d95ad876335c49b23c2fc18275790ae389669c8544088c,80.535900
theo_n,1,292,false,9,9,offchain,500,288,1.252800,121.512600,186.468300,187.721100,6.309100,true,3104,,0x2fe6349b77f8b704a4b6fda6a67fa440bb1a7ac8a5722ef77d23ee9340b379ca,0x3ede0864c77dc19ead38c4624d41076c05baded30dec030b254489dacb314aa1,82.522100
theo_n,1,293,false,9,9,offchain,500,289,1.212600,115.515900,194.534600,195.747200,6.862500,true,3104,,0x2fe6349b77f8b704a4b6fda6a67fa440bb1a7ac8a5722ef77d23ee9340b379ca,0x340a1d29a4decfa8de11ff64dae19d713515a9e9fad0946857f86c5058a12be3,90.510200
theo_n,1,294,false,9,9,offchain,500,290,1.224400,124.148300,215.118500,216.342900,6.928300,true,3104,,0x2fe6349b77f8b704a4b6fda6a67fa440bb1a7ac8a5722ef77d23ee9340b379ca,0x17ebbf9bd7f1ef4bb43fc2aaf729e168d717fdaaed1618ea96a49e7a1ce8430b,90.292500
theo_n,1,295,false,9,9,offchain,500,291,1.705300,117.665900,240.039000,241.744300,6.386700,true,3104,,0x2fe6349b77f8b704a4b6fda6a67fa440bb1a7ac8a5722ef77d23ee9340b379ca,0x3f524ee21daedd4379074e5c4d675d34891cff3535cd53839e421dea2a3d6e85,85.183900
theo_n,1,296,false,9,9,offchain,500,292,1.473600,113.859100,182.980800,184.454400,6.184500,true,3104,,0x2fe6349b77f8b704a4b6fda6a67fa440bb1a7ac8a5722ef77d23ee9340b379ca,0x157335c3a9879e6b3c9e51fdc67047e050c7ab9ebcd8dcc49193385aae72d64e,89.125000
theo_n,1,297,false,9,9,offchain,500,293,1.235500,111.622700,185.956400,187.191900,6.302800,true,3104,,0x2fe6349b77f8b704a4b6fda6a67fa440bb1a7ac8a5722ef77d23ee9340b379ca,0x13337dcf205363234901124ae87850237fba5a2cf97131377e393825d1790380,83.655600
theo_n,1,298,false,9,9,offchain,500,294,1.266900,107.817800,174.169400,175.436300,7.148500,true,3104,,0x2fe6349b77f8b704a4b6fda6a67fa440bb1a7ac8a5722ef77d23ee9340b379ca,0x0dea04404a701c0cd65f783a999494ee6f3135a604dc6f671711d7d0df94b871,82.448500
theo_n,1,299,false,9,9,offchain,500,295,1.260400,108.534300,208.075800,209.336200,6.800600,true,3104,,0x2fe6349b77f8b704a4b6fda6a67fa440bb1a7ac8a5722ef77d23ee9340b379ca,0x30f7ab3f5f6388b7ba4206b7fb8ceb4b450b9b4310d098a84b43a4b149c2d722,97.125600
theo_n,1,300,false,9,9,offchain,500,296,1.339000,114.663500,193.114500,194.453500,6.130300,true,3104,,0x2fe6349b77f8b704a4b6fda6a67fa440bb1a7ac8a5722ef77d23ee9340b379ca,0x28a4af16d1084e7845235a5d5f63de2a12e7320ca6294a0942e081ff3bbacad9,83.339100
theo_n,1,301,false,9,9,offchain,500,297,1.236800,107.171500,208.425700,209.662500,6.588300,true,3104,,0x2fe6349b77f8b704a4b6fda6a67fa440bb1a7ac8a5722ef77d23ee9340b379ca,0x3669da98be6664f44c90fb9012c1831e02bf594cac32b81e0b35209a0f0bb5df,91.024800
theo_n,1,302,false,9,9,offchain,500,298,1.241000,112.408300,175.293700,176.534700,6.034700,true,3104,,0x2fe6349b77f8b704a4b6fda6a67fa440bb1a7ac8a5722ef77d23ee9340b379ca,0x207acd53d1b605cf54c1b07e87961e217936864c0f8d70631c7f4ccf00338787,80.173200
theo_n,1,303,false,9,9,offchain,500,299,1.180200,108.816900,184.624700,185.804900,6.026300,true,3104,,0x2fe6349b77f8b704a4b6fda6a67fa440bb1a7ac8a5722ef77d23ee9340b379ca,0x36a9d881956a99b6c4d00e5cc062e85f306b1a4a7190cef1a2ef0846b0d191fd,87.424600
theo_n,1,304,false,9,9,offchain,500,300,1.186100,133.336200,200.227100,201.413200,6.248900,true,3104,,0x2fe6349b77f8b704a4b6fda6a67fa440bb1a7ac8a5722ef77d23ee9340b379ca,0x3fae27074f78318b40a5df48f9a4168edf2929fc4ae11181ad1e34674ad615ae,83.642200
theo_n,1,305,false,9,9,offchain,500,301,1.164800,125.956100,176.188800,177.353600,6.081300,true,3104,,0x2fe6349b77f8b704a4b6fda6a67fa440bb1a7ac8a5722ef77d23ee9340b379ca,0x179ed4f1e47bb2d4c7e943d5fcb028702e81f974502e699c16aded2d973ce903,80.032500
theo_n,1,306,false,9,9,offchain,500,302,1.199500,107.700600,174.897300,176.096800,6.002800,true,3104,,0x2fe6349b77f8b704a4b6fda6a67fa440bb1a7ac8a5722ef77d23ee9340b379ca,0x257a10a072da953507bf7f7e39cf767facefa1ae5201db7269f3566da3a0db78,80.733900
theo_n,1,307,false,9,9,offchain,500,303,1.187200,106.388000,192.488300,193.675500,6.911700,true,3104,,0x2fe6349b77f8b704a4b6fda6a67fa440bb1a7ac8a5722ef77d23ee9340b379ca,0x051b473f56ec28fe51543496572291a9273d057b8792a3cda248a8e3e1e72c63,94.787200
theo_n,1,308,false,9,9,offchain,500,304,1.272000,187.544400,231.940000,233.212000,7.094600,true,3104,,0x2fe6349b77f8b704a4b6fda6a67fa440bb1a7ac8a5722ef77d23ee9340b379ca,0x33550cff5afe5a46c0fc9e6bbe27c1bd0d0eb09e731b2a2ad6ca242f176eee48,97.629800
theo_n,1,309,false,9,9,offchain,500,305,1.929300,153.943000,189.079900,191.009200,6.236800,true,3104,,0x2fe6349b77f8b704a4b6fda6a67fa440bb1a7ac8a5722ef77d23ee9340b379ca,0x347f82166c38900f4a468baac0278c52182223cea86af366433ee9931c3c839b,86.939100
theo_n,1,310,false,9,9,offchain,500,306,1.246400,109.028700,191.083000,192.329400,6.135100,true,3104,,0x2fe6349b77f8b704a4b6fda6a67fa440bb1a7ac8a5722ef77d23ee9340b379ca,0x1b7af93cf07c2cff41925485f3f11a822e3e54a05fc157c971dd2dd3caa252e0,81.400700
theo_n,1,311,false,9,9,offchain,500,307,1.229000,134.627800,203.072400,204.301400,6.843000,true,3104,,0x2fe6349b77f8b704a4b6fda6a67fa440bb1a7ac8a5722ef77d23ee9340b379ca,0x3a4fef6a829b927be652b82d2ebb3859337bbe7c5f35aa83eae3a43c465dc17c,91.253200
theo_n,1,312,false,9,9,offchain,500,308,1.379600,150.617500,221.838100,223.217700,6.607700,true,3104,,0x2fe6349b77f8b704a4b6fda6a67fa440bb1a7ac8a5722ef77d23ee9340b379ca,0x2a5170186b86aba23bc902c9f2fd58e05332b3d2e7d84c3f08a3582aae8e571b,96.155400
theo_n,1,313,false,9,9,offchain,500,309,1.163200,111.062300,174.541800,175.705000,6.310200,true,3104,,0x2fe6349b77f8b704a4b6fda6a67fa440bb1a7ac8a5722ef77d23ee9340b379ca,0x171632cbe67b8a7f89caa9d0599bb09d50ab35a070d6d2208aace0c5b826a236,81.051500
theo_n,1,314,false,9,9,offchain,500,310,1.191500,107.401300,181.480400,182.671900,6.030100,true,3104,,0x2fe6349b77f8b704a4b6fda6a67fa440bb1a7ac8a5722ef77d23ee9340b379ca,0x013788cf05df5b97a491378c5c86531a12ae3915164b08eb88b317230ac57204,80.649300
theo_n,1,315,false,9,9,offchain,500,311,1.439400,107.833200,179.266400,180.705800,6.824500,true,3104,,0x2fe6349b77f8b704a4b6fda6a67fa440bb1a7ac8a5722ef77d23ee9340b379ca,0x0bcdb5fbccd7e14d5e7a421b030cba7754ffa4b72bda954f22a43bde7125a8ee,99.016200
theo_n,1,316,false,9,9,offchain,500,312,1.400500,117.130500,174.520800,175.921300,6.544800,true,3104,,0x2fe6349b77f8b704a4b6fda6a67fa440bb1a7ac8a5722ef77d23ee9340b379ca,0x0b1a913db7e13ccb94206caa0a06615433f6757e7f11fd42df2b58de1f8462ad,77.052900
theo_n,1,317,false,9,9,offchain,500,313,1.143600,135.487100,177.389500,178.533100,6.420600,true,3104,,0x2fe6349b77f8b704a4b6fda6a67fa440bb1a7ac8a5722ef77d23ee9340b379ca,0x28183fc9feb87ed8bd0f5bef335a502896c57e0580fb209ae814b76f95db15e6,85.829500
theo_n,1,318,false,9,9,offchain,500,314,1.216000,109.424400,176.736900,177.952900,7.230200,true,3104,,0x2fe6349b77f8b704a4b6fda6a67fa440bb1a7ac8a5722ef77d23ee9340b379ca,0x39a87344e49adf7c12e72b95d5a757a75896a0eeba260715ac5b7df993b22ad3,82.892400
theo_n,1,319,false,9,9,offchain,500,315,1.313000,117.180300,204.649500,205.962500,6.314200,true,3104,,0x2fe6349b77f8b704a4b6fda6a67fa440bb1a7ac8a5722ef77d23ee9340b379ca,0x0eee191ed5a62b9de7667c1788c1bc2988886fbb14d26fda11e78abbfdfbd49c,83.462700
theo_n,1,320,false,9,9,offchain,500,316,1.247000,106.687000,217.915900,219.162900,6.190700,true,3104,,0x2fe6349b77f8b704a4b6fda6a67fa440bb1a7ac8a5722ef77d23ee9340b379ca,0x0ecd70e7cef9dba50bab70bf822dd8bea1c051e51d23c84becb490b7a952a76b,79.963900
theo_n,1,321,false,9,9,offchain,500,317,1.690800,108.260400,175.073800,176.764600,6.044300,true,3104,,0x2fe6349b77f8b704a4b6fda6a67fa440bb1a7ac8a5722ef77d23ee9340b379ca,0x3158f43ace72da14dd6b26300c09a7b969d8544e0792be0786c39c8b3ba9345f,79.739500
theo_n,1,322,false,9,9,offchain,500,318,1.175700,107.153600,178.486100,179.661800,7.190200,true,3104,,0x2fe6349b77f8b704a4b6fda6a67fa440bb1a7ac8a5722ef77d23ee9340b379ca,0x3713cd417ddd28e4f636acf46b0d2a2b069c5b5b9305797764c66795581075e8,87.667300
theo_n,1,323,false,9,9,offchain,500,319,1.230600,117.478900,180.137900,181.368500,7.169700,true,3104,,0x2fe6349b77f8b704a4b6fda6a67fa440bb1a7ac8a5722ef77d23ee9340b379ca,0x2164cbce29a7cf495a8b71b01864fe7a90bdfab983596dc3d0b434da5a980108,103.782300
theo_n,1,324,false,9,9,offchain,500,320,1.411800,123.670900,216.984200,218.396000,9.256800,true,3104,,0x2fe6349b77f8b704a4b6fda6a67fa440bb1a7ac8a5722ef77d23ee9340b379ca,0x20f2bd23c9ed0d7117d857701ebc07eadf7853be8ba31fa915c6839c5899e9ef,109.746300
theo_n,1,325,false,9,9,offchain,500,321,1.910000,145.617600,186.181300,188.091300,6.111200,true,3104,,0x2fe6349b77f8b704a4b6fda6a67fa440bb1a7ac8a5722ef77d23ee9340b379ca,0x3597e04abb934a138da489621b0f15765db7308d36fce7c46e2792e512645315,83.026200
theo_n,1,326,false,9,9,offchain,500,322,1.241100,124.030500,219.600100,220.841200,6.387100,true,3104,,0x2fe6349b77f8b704a4b6fda6a67fa440bb1a7ac8a5722ef77d23ee9340b379ca,0x3a701293f7c5a23f34bfce770d2803fb8f92196d1860967205c2c412a11f78d5,88.764100
theo_n,1,327,false,9,9,offchain,500,323,1.215300,112.458400,237.379200,238.594500,6.340200,true,3104,,0x2fe6349b77f8b704a4b6fda6a67fa440bb1a7ac8a5722ef77d23ee9340b379ca,0x11041ba6a9ec3b138050f1ab766baacb1c22c088e02f8582213671563dce0dab,86.268100
theo_n,1,328,false,9,9,offchain,500,324,1.258600,112.256600,207.896200,209.154800,6.481600,true,3104,,0x2fe6349b77f8b704a4b6fda6a67fa440bb1a7ac8a5722ef77d23ee9340b379ca,0x1eea43fd85f24d8eb08c09904728517c6f0c63eea53dcd8f2a7e37e6d0255896,81.217700
theo_n,1,329,false,9,9,offchain,500,325,1.235500,113.021200,177.884300,179.119800,6.339400,true,3104,,0x2fe6349b77f8b704a4b6fda6a67fa440bb1a7ac8a5722ef77d23ee9340b379ca,0x0e1f7beb5bc8c79b8ed2cd2df1f5a03110a0719a39ee4339cbec85c5940a74f9,83.669200
theo_n,1,330,false,9,9,offchain,500,326,1.179000,111.904500,183.412600,184.591600,6.547300,true,3104,,0x2fe6349b77f8b704a4b6fda6a67fa440bb1a7ac8a5722ef77d23ee9340b379ca,0x04e8ef58a3bd6c7f38cf6f14c65181eda94b34915bf24e27146c41fe0d6560be,91.347000
theo_n,1,331,false,9,9,offchain,500,327,1.406900,112.434300,233.614300,235.021200,7.416300,true,3104,,0x2fe6349b77f8b704a4b6fda6a67fa440bb1a7ac8a5722ef77d23ee9340b379ca,0x26246755fecd067b39a8e935e54a4e4412200f2976bf6f04b38655d28968c044,85.908900
theo_n,1,332,false,9,9,offchain,500,328,1.340300,115.485500,193.512900,194.853200,6.498200,true,3104,,0x2fe6349b77f8b704a4b6fda6a67fa440bb1a7ac8a5722ef77d23ee9340b379ca,0x2e5ed345613174629d8d0c1c7e6fca731d1f298a7b35eaa0c22874528ca44b14,86.610600
theo_n,1,333,false,9,9,offchain,500,329,1.443500,115.100100,209.739500,211.183000,6.696600,true,3104,,0x2fe6349b77f8b704a4b6fda6a67fa440bb1a7ac8a5722ef77d23ee9340b379ca,0x1ce4878c276eaac2c919e2a0f48adcdc76e6aedfa92a1b0f492bf12b2af33f60,96.785900
theo_n,1,334,false,9,9,offchain,500,330,1.481400,125.504200,209.629800,211.111200,5.942400,true,3104,,0x2fe6349b77f8b704a4b6fda6a67fa440bb1a7ac8a5722ef77d23ee9340b379ca,0x0feafc223ea42d9589ed7dc80fff327b46bd9cfb2b2ca8a0988bde5c8d9d863d,84.746900
theo_n,1,335,false,9,9,offchain,500,331,1.219000,107.793300,171.948600,173.167600,6.125500,true,3104,,0x2fe6349b77f8b704a4b6fda6a67fa440bb1a7ac8a5722ef77d23ee9340b379ca,0x0e475319efaeda817757ae6de3c7b4b115eb55403500b7dfca1bda72e222d8b1,81.724800
theo_n,1,336,false,9,9,offchain,500,332,1.190700,115.141700,188.284100,189.474800,6.208200,true,3104,,0x2fe6349b77f8b704a4b6fda6a67fa440bb1a7ac8a5722ef77d23ee9340b379ca,0x13dae4f73fb8ad970f7bb2776a879a7449d7fd3a88f49771e84d43ffc3255cc9,84.781300
theo_n,1,337,false,9,9,offchain,500,333,1.427500,113.318700,195.231800,196.659300,8.423000,true,3104,,0x2fe6349b77f8b704a4b6fda6a67fa440bb1a7ac8a5722ef77d23ee9340b379ca,0x2a9af6815b5db105ccef9d46a5e41c903a16795ed7579b131e2170167e9f93d3,102.670900
theo_n,1,338,false,9,9,offchain,500,334,1.708800,124.164700,185.246500,186.955300,5.961500,true,3104,,0x2fe6349b77f8b704a4b6fda6a67fa440bb1a7ac8a5722ef77d23ee9340b379ca,0x11bbbf1caa40d9afa60d20142dc7b40ae4c47413b10780dc49a3656b0cad8f9a,78.663000
theo_n,1,339,false,9,9,offchain,500,335,1.187600,108.232500,243.972300,245.159900,6.515800,true,3104,,0x2fe6349b77f8b704a4b6fda6a67fa440bb1a7ac8a5722ef77d23ee9340b379ca,0x19ecbcd0233d6c5d3f9baf4d27ed7e9e0c3848253d725b375bb60867e649f3d9,89.663400
theo_n,1,340,false,9,9,offchain,500,336,1.232000,112.013100,221.373900,222.605900,6.508000,true,3104,,0x2fe6349b77f8b704a4b6fda6a67fa440bb1a7ac8a5722ef77d23ee9340b379ca,0x3dcc71fab3c774dfa96e1df6ffdace3f3b2073e9ed443e576727638e8f28f713,92.217500
theo_n,1,341,false,9,9,offchain,500,337,1.231800,113.836500,175.396100,176.627900,5.877300,true,3104,,0x2fe6349b77f8b704a4b6fda6a67fa440bb1a7ac8a5722ef77d23ee9340b379ca,0x2b1048ca7c72ab76435f1c2f09d95a106d813e5e0dd341a4497247c766f58067,77.360000
theo_n,1,342,false,9,9,offchain,500,338,1.187200,111.946700,276.712900,277.900100,6.796100,true,3104,,0x2fe6349b77f8b704a4b6fda6a67fa440bb1a7ac8a5722ef77d23ee9340b379ca,0x1f859c226fa916bad9c684a17fde078129fa30ceca3b0f6b8cff1e0192022653,87.521200
theo_n,1,343,false,9,9,offchain,500,339,1.181400,106.487300,179.037400,180.218800,6.300900,true,3104,,0x2fe6349b77f8b704a4b6fda6a67fa440bb1a7ac8a5722ef77d23ee9340b379ca,0x11d2cacbaeaae9e3e739ff084d60cc7a2b2a51a16f95e1fc934bc24a8b9ac4bd,80.737300
theo_n,1,344,false,9,9,offchain,500,340,1.185500,111.712100,181.150900,182.336400,9.675900,true,3104,,0x2fe6349b77f8b704a4b6fda6a67fa440bb1a7ac8a5722ef77d23ee9340b379ca,0x20a6237640b652c2ec5a6b3cde15c5cc3e91bb391eb0f6f9ae9c8ef77ce520d9,121.228200
theo_n,1,345,false,9,9,offchain,500,341,1.806300,129.158300,186.595600,188.401900,6.897800,true,3104,,0x2fe6349b77f8b704a4b6fda6a67fa440bb1a7ac8a5722ef77d23ee9340b379ca,0x23267799196fe59cf8521dba9ac922378800fcfad499bd64f6b09b35a533382c,84.198500
theo_n,1,346,false,9,9,offchain,500,342,1.194000,114.336200,181.799200,182.993200,6.278000,true,3104,,0x2fe6349b77f8b704a4b6fda6a67fa440bb1a7ac8a5722ef77d23ee9340b379ca,0x008c87b89c78cc57932522061498ea65abd02940d360b323de35bd5cd452bf2f,82.964000
theo_n,1,347,false,9,9,offchain,500,343,1.210000,111.571300,189.976300,191.186300,6.176800,true,3104,,0x2fe6349b77f8b704a4b6fda6a67fa440bb1a7ac8a5722ef77d23ee9340b379ca,0x33e842b06e948f99c3241747cdf4ed2d211f74f0deb364d517de542f9cfdea76,84.625800
theo_n,1,348,false,9,9,offchain,500,344,1.174400,114.743800,198.594500,199.768900,6.714800,true,3104,,0x2fe6349b77f8b704a4b6fda6a67fa440bb1a7ac8a5722ef77d23ee9340b379ca,0x05e5e60147e8d2e2c9a4b1ad50a0a96d938eecbe964e4fce44f2596131450a22,97.160400
theo_n,1,349,false,9,9,offchain,500,345,1.288900,131.607200,284.265200,285.554100,8.315100,true,3104,,0x2fe6349b77f8b704a4b6fda6a67fa440bb1a7ac8a5722ef77d23ee9340b379ca,0x011b716aeeb26286a543b77a9234d4fba9f30010faf2942d8545354ff3282c36,109.142700
theo_n,1,350,false,9,9,offchain,500,346,1.621800,156.199800,230.447900,232.069700,6.222300,true,3104,,0x2fe6349b77f8b704a4b6fda6a67fa440bb1a7ac8a5722ef77d23ee9340b379ca,0x24c1cc499b4c66d2811e8bf3f46762c620849bddcbb107395dbc006881ff2e93,100.428800
theo_n,1,351,false,9,9,offchain,500,347,1.212800,127.910900,226.311200,227.524000,7.164100,true,3104,,0x2fe6349b77f8b704a4b6fda6a67fa440bb1a7ac8a5722ef77d23ee9340b379ca,0x2a82e7c0a7493283de9d7235505483fb52f564e7c17b0f6c68e1628888a98aae,92.506100
theo_n,1,352,false,9,9,offchain,500,348,1.264900,112.475400,170.375900,171.640800,6.869700,true,3104,,0x2fe6349b77f8b704a4b6fda6a67fa440bb1a7ac8a5722ef77d23ee9340b379ca,0x13bbf2f0951ef946b35efc83f75af9cb87cd8ca84cf7a8d02d2fcbedd30a2b06,82.047300
theo_n,1,353,false,9,9,offchain,500,349,1.310600,115.380500,173.786000,175.096600,7.610200,true,3104,,0x2fe6349b77f8b704a4b6fda6a67fa440bb1a7ac8a5722ef77d23ee9340b379ca,0x026ddb8d253c842fd31bafe8d44d63f0e7222dfb62bff3244a09138f2cb1262e,88.762700
theo_n,1,354,false,9,9,offchain,500,350,1.400100,125.571700,177.878500,179.278600,5.976100,true,3104,,0x2fe6349b77f8b704a4b6fda6a67fa440bb1a7ac8a5722ef77d23ee9340b379ca,0x13c6f51707e7ab8a10b57d92407e719a900fb331cb123f39e39dd00c59bf206e,76.278300
theo_n,1,355,false,9,9,offchain,500,351,1.256200,104.569100,172.071200,173.327400,6.902300,true,3104,,0x2fe6349b77f8b704a4b6fda6a67fa440bb1a7ac8a5722ef77d23ee9340b379ca,0x326793c06bcbf56be496c63804b6ce49d4f524894d05524920463eb1f405219b,80.158700
theo_n,1,356,false,9,9,offchain,500,352,1.161100,108.562500,176.765800,177.926900,6.060500,true,3104,,0x2fe6349b77f8b704a4b6fda6a67fa440bb1a7ac8a5722ef77d23ee9340b379ca,0x2a785a4ab903731680b64b192038c7225ff9481122529ba90a243d5243421419,82.556000
theo_n,1,357,false,9,9,offchain,500,353,1.160100,109.342900,175.497400,176.657500,6.258900,true,3104,,0x2fe6349b77f8b704a4b6fda6a67fa440bb1a7ac8a5722ef77d23ee9340b379ca,0x1ac34198255b23ce92d3efcd9ed10a68aca01cc91af53b232c243f2077e9d8ca,82.169400
theo_n,1,358,false,9,9,offchain,500,354,1.204100,109.473500,188.229600,189.433700,7.205600,true,3104,,0x2fe6349b77f8b704a4b6fda6a67fa440bb1a7ac8a5722ef77d23ee9340b379ca,0x0ece68e28fa66c858202ec7e2b0122b790d3c8a6e32164de2ccff3f2f8f9c1cd,101.872100
theo_n,1,359,false,9,9,offchain,500,355,1.401800,134.255000,196.295200,197.697000,6.054800,true,3104,,0x2fe6349b77f8b704a4b6fda6a67fa440bb1a7ac8a5722ef77d23ee9340b379ca,0x3fb5b4605b8c379a43823d36cad4659531e671fb44eaac20784a6e297b6b185a,81.772500
theo_n,1,360,false,9,9,offchain,500,356,1.178400,106.438000,168.501100,169.679500,6.643400,true,3104,,0x2fe6349b77f8b704a4b6fda6a67fa440bb1a7ac8a5722ef77d23ee9340b379ca,0x21569add1ae527eac5dee3180e1fbbbdab52d47bbd92292baf1ce1266d839fe2,79.498400
theo_n,1,361,false,9,9,offchain,500,357,1.174300,117.900500,176.765600,177.939900,7.142800,true,3104,,0x2fe6349b77f8b704a4b6fda6a67fa440bb1a7ac8a5722ef77d23ee9340b379ca,0x2190cb22b8717fc0037afcaec5b056909afa93753955b5637fe50ac35f7688cf,98.873500
theo_n,1,362,false,9,9,offchain,500,358,1.413400,119.428600,182.069700,183.483100,6.075100,true,3104,,0x2fe6349b77f8b704a4b6fda6a67fa440bb1a7ac8a5722ef77d23ee9340b379ca,0x129736d53a640c95ca9cec89e0d9f9ec7b3e3aa8c73427ed8d11c6285b19ab42,77.516500
theo_n,1,363,false,9,9,offchain,500,359,1.182700,151.880900,213.935300,215.118000,7.195700,true,3104,,0x2fe6349b77f8b704a4b6fda6a67fa440bb1a7ac8a5722ef77d23ee9340b379ca,0x1578dced60b0bd291ce8f05f8191d20f4249f1357f2cd2e902c02b9b479e33ee,91.800400
theo_n,1,364,false,9,9,offchain,500,360,1.325800,109.977300,172.116100,173.441900,6.045000,true,3104,,0x2fe6349b77f8b704a4b6fda6a67fa440bb1a7ac8a5722ef77d23ee9340b379ca,0x233878d89fbc8ae41d1378e8c1a297efaba276372c6530c711c097556b0d6ede,77.465300
theo_n,1,365,false,9,9,offchain,500,361,1.257600,107.371200,179.843600,181.101200,6.613400,true,3104,,0x2fe6349b77f8b704a4b6fda6a67fa440bb1a7ac8a5722ef77d23ee9340b379ca,0x3a089bd539d33fe66e3e981b9b4c43c00a1380eb25eb1e6c38799369b9ea8b65,83.870000
theo_n,1,366,false,9,9,offchain,500,362,1.359000,116.372400,182.578900,183.937900,6.242200,true,3104,,0x2fe6349b77f8b704a4b6fda6a67fa440bb1a7ac8a5722ef77d23ee9340b379ca,0x02e9489b7e19c32707c75e2fb97be6d79420a4a232fbd440ac12beaecc6eacd4,81.149400
theo_n,1,367,false,9,9,offchain,500,363,1.255700,108.246100,177.516600,178.772300,7.021500,true,3104,,0x2fe6349b77f8b704a4b6fda6a67fa440bb1a7ac8a5722ef77d23ee9340b379ca,0x1129b0c78fd745eae82f15d7cf92a7a6a845343bd62256749101cf2f1a2e4c4d,81.226000
theo_n,1,368,false,9,9,offchain,500,364,1.219900,122.983800,199.779200,200.999100,6.437400,true,3104,,0x2fe6349b77f8b704a4b6fda6a67fa440bb1a7ac8a5722ef77d23ee9340b379ca,0x3da8527b99c305c392fbfd5b3a4a991d111f71e0c8a78d67507376d1e94f3965,84.524900
theo_n,1,369,false,9,9,offchain,500,365,1.226500,106.856100,166.482300,167.708800,5.771600,true,3104,,0x2fe6349b77f8b704a4b6fda6a67fa440bb1a7ac8a5722ef77d23ee9340b379ca,0x042d5a1e48d2bf3bd28eb0fc24f1bfc8e189623ee458395c929d2429dae4442f,76.316600
theo_n,1,370,false,9,9,offchain,500,366,1.131800,104.711400,191.884500,193.016300,8.646200,true,3104,,0x2fe6349b77f8b704a4b6fda6a67fa440bb1a7ac8a5722ef77d23ee9340b379ca,0x374f33159c146e929ca5e328eab53d92a8e8884fa2f86cd62d37567a33e1a097,116.300100
theo_n,1,371,false,9,9,offchain,500,367,1.442400,145.941600,226.344300,227.786700,8.784400,true,3104,,0x2fe6349b77f8b704a4b6fda6a67fa440bb1a7ac8a5722ef77d23ee9340b379ca,0x075352174bb597312f9de58525b513aa9c1a0fb332e10136431936e4861f718b,118.712700
theo_n,1,372,false,9,9,offchain,500,368,1.430400,141.750100,212.237300,213.667700,6.554700,true,3104,,0x2fe6349b77f8b704a4b6fda6a67fa440bb1a7ac8a5722ef77d23ee9340b379ca,0x3a17f2cc008f2c1cec3fd09e6c832a4e68e4fc160f8159930d5f1ece679a441c,92.617500
theo_n,1,373,false,9,9,offchain,500,369,1.265800,124.491400,236.498000,237.763800,7.214700,true,3104,,0x2fe6349b77f8b704a4b6fda6a67fa440bb1a7ac8a5722ef77d23ee9340b379ca,0x37b4cccdf08f4492d349745827729d64bbbbecb9811fb5defc9442e3717bf1cb,101.537100
theo_n,1,374,false,9,9,offchain,500,370,1.388000,133.685100,187.010400,188.398400,6.497700,true,3104,,0x2fe6349b77f8b704a4b6fda6a67fa440bb1a7ac8a5722ef77d23ee9340b379ca,0x035ef62a1666ae0b02052216bacd31c279328d9a072d3a0fc1a2a0662738f740,84.226300
theo_n,1,375,false,9,9,offchain,500,371,1.271200,127.422600,235.915300,237.186500,7.495900,true,3104,,0x2fe6349b77f8b704a4b6fda6a67fa440bb1a7ac8a5722ef77d23ee9340b379ca,0x10ba46cae20a9c421f1f0690b1e02a94a2c83bc5f14cadb487e8d219812a623a,113.727700
theo_n,1,376,false,9,9,offchain,500,372,1.686000,170.584100,190.997900,192.683900,6.564600,true,3104,,0x2fe6349b77f8b704a4b6fda6a67fa440bb1a7ac8a5722ef77d23ee9340b379ca,0x0b268baed98346a87778c554922b4611b5b073c2c8db0ad259fbc7a8b742d395,91.683600
theo_n,1,377,false,9,9,offchain,500,373,1.269800,164.003900,330.850800,332.120600,9.395900,true,3104,,0x2fe6349b77f8b704a4b6fda6a67fa440bb1a7ac8a5722ef77d23ee9340b379ca,0x11f002b23237094e2e05eef8d181e739a6b0523b73ab31081561e59b11fe10d0,200.579500
theo_n,1,378,false,9,9,offchain,500,374,1.419600,155.807700,206.891300,208.310900,6.502800,true,3104,,0x2fe6349b77f8b704a4b6fda6a67fa440bb1a7ac8a5722ef77d23ee9340b379ca,0x3738afc4528020bc3732e8d1a66ee12ac4fe368b12952cea53eee21e014c58f6,87.023900
theo_n,1,379,false,9,9,offchain,500,375,1.380200,107.254300,183.768900,185.149100,6.035900,true,3104,,0x2fe6349b77f8b704a4b6fda6a67fa440bb1a7ac8a5722ef77d23ee9340b379ca,0x0b12c1a884e88866e4cbc3a87953722b865c93e70b62920cad0fa4f182984fe7,80.224700
theo_n,1,380,false,9,9,offchain,500,376,1.200300,167.258800,278.499600,279.699900,7.359700,true,3104,,0x2fe6349b77f8b704a4b6fda6a67fa440bb1a7ac8a5722ef77d23ee9340b379ca,0x2de70f6291ae06b5a1c5819bf3fa7e836e6d130dc5cfeb3fde08d0dad953be0d,105.266600
theo_n,1,381,false,9,9,offchain,500,377,1.618400,148.612900,225.638800,227.257200,6.764600,true,3104,,0x2fe6349b77f8b704a4b6fda6a67fa440bb1a7ac8a5722ef77d23ee9340b379ca,0x2340d67cb0b0ee0ac46f075b0f811c160bc5b5505b9520e13e19d10c4f190b2e,91.700100
theo_n,1,382,false,9,9,offchain,500,378,1.255200,171.856100,210.518200,211.773400,6.185500,true,3104,,0x2fe6349b77f8b704a4b6fda6a67fa440bb1a7ac8a5722ef77d23ee9340b379ca,0x0529dafcf5a6f2872f62d09a548256ea171d3de17be784115826d5e20ab80de2,83.044100
theo_n,1,383,false,9,9,offchain,500,379,1.242100,109.907200,178.017700,179.259800,6.113300,true,3104,,0x2fe6349b77f8b704a4b6fda6a67fa440bb1a7ac8a5722ef77d23ee9340b379ca,0x3e1c806ad5148452804b6382cbf1920552432565d63a6ed0f9656008d14be5ab,80.627900
theo_n,1,384,false,9,9,offchain,500,380,1.175200,107.033700,226.778900,227.954100,6.231500,true,3104,,0x2fe6349b77f8b704a4b6fda6a67fa440bb1a7ac8a5722ef77d23ee9340b379ca,0x28f408e14b0a24ff7fd5c4e448cf69da0c0ea5c9015e52e92625706da6cbb5de,81.190000
theo_n,1,385,false,9,9,offchain,500,381,1.204400,108.806200,173.214500,174.418900,6.046700,true,3104,,0x2fe6349b77f8b704a4b6fda6a67fa440bb1a7ac8a5722ef77d23ee9340b379ca,0x37002acc711b23105cea799b1f74dd32db4c6b3c2f1a239f202b40ebba1c7a1a,80.233900
theo_n,1,386,false,9,9,offchain,500,382,1.159100,105.976800,172.734700,173.893800,6.085900,true,3104,,0x2fe6349b77f8b704a4b6fda6a67fa440bb1a7ac8a5722ef77d23ee9340b379ca,0x0ad3f8032521ba04ffcd84af6bbb0f2f23c4cf6ed3ae1aa844fb2d2eed83761a,80.117600
theo_n,1,387,false,9,9,offchain,500,383,1.176800,106.140600,173.145100,174.321900,6.339500,true,3104,,0x2fe6349b77f8b704a4b6fda6a67fa440bb1a7ac8a5722ef77d23ee9340b379ca,0x1a8fae573317e02deebf6e3f3cf71f48cd6a883242b271017f8653b41eea5609,79.945700
theo_n,1,388,false,9,9,offchain,500,384,1.179900,106.878100,172.631000,173.810900,6.126600,true,3104,,0x2fe6349b77f8b704a4b6fda6a67fa440bb1a7ac8a5722ef77d23ee9340b379ca,0x17efbd9b6c261dba41228775e46535f336fcb9e9e5c3586cbcb3e40bbe3703c7,79.822200
theo_n,1,389,false,9,9,offchain,500,385,1.173700,105.470000,171.215600,172.389300,6.083600,true,3104,,0x2fe6349b77f8b704a4b6fda6a67fa440bb1a7ac8a5722ef77d23ee9340b379ca,0x0007f8c57a174dea30f97f2bd65a127798c24a0e119e8f10774b22887554208f,79.524700
theo_n,1,390,false,9,9,offchain,500,386,1.215900,114.214700,175.047400,176.263300,6.266700,true,3104,,0x2fe6349b77f8b704a4b6fda6a67fa440bb1a7ac8a5722ef77d23ee9340b379ca,0x0ebe5e703e22a677886e132cbcbcbae892c71a7e546c89607bc3143fb1a9fe65,80.119500
theo_n,1,391,false,9,9,offchain,500,387,1.216600,107.872000,173.278000,174.494600,6.189900,true,3104,,0x2fe6349b77f8b704a4b6fda6a67fa440bb1a7ac8a5722ef77d23ee9340b379ca,0x09c70756981fddd8607cfc8f849599f7371618dcc04162976b79f47ce6ba3757,81.864500
theo_n,1,392,false,9,9,offchain,500,388,1.166000,105.101500,172.408900,173.574900,6.070900,true,3104,,0x2fe6349b77f8b704a4b6fda6a67fa440bb1a7ac8a5722ef77d23ee9340b379ca,0x155869798febc9ecb2551cad19e79dc00b155bfa29559fe1261ef2f487ddf703,80.611400
theo_n,1,393,false,9,9,offchain,500,389,1.171500,105.725700,175.906400,177.077900,6.049200,true,3104,,0x2fe6349b77f8b704a4b6fda6a67fa440bb1a7ac8a5722ef77d23ee9340b379ca,0x319bd6cfccaaf092ec5822b4d997bfcf3cde92c3d68bf7d4fb633a4587893e28,80.633700
theo_n,1,394,false,9,9,offchain,500,390,1.181100,108.461700,178.073800,179.254900,6.303200,true,3104,,0x2fe6349b77f8b704a4b6fda6a67fa440bb1a7ac8a5722ef77d23ee9340b379ca,0x261de1ec6c6a78cce00bf993c58bcfdf7a8d1e8c658d5ee5f5d31181ebedcdb9,81.182100
theo_n,1,395,false,9,9,offchain,500,391,1.218600,109.009100,177.372200,178.590800,6.104100,true,3104,,0x2fe6349b77f8b704a4b6fda6a67fa440bb1a7ac8a5722ef77d23ee9340b379ca,0x01332cc5ca3061b027fe435f19121ae29e16e76e32873c9229c3b8497991ff6c,80.032500
theo_n,1,396,false,9,9,offchain,500,392,1.191400,107.684600,173.347000,174.538400,5.939100,true,3104,,0x2fe6349b77f8b704a4b6fda6a67fa440bb1a7ac8a5722ef77d23ee9340b379ca,0x01cb378e68d25abc36049bbc8760774aa76e0d1d6339b1fb08706a4002e00aa9,78.991100
theo_n,1,397,false,9,9,offchain,500,393,1.174100,105.888700,171.629500,172.803600,5.956400,true,3104,,0x2fe6349b77f8b704a4b6fda6a67fa440bb1a7ac8a5722ef77d23ee9340b379ca,0x1bfd5883a01607c559d2bc2025067c8f5d34ac0417c50a9dd06daaced5e6ae47,81.065700
theo_n,1,398,false,9,9,offchain,500,394,1.215300,113.088100,176.636700,177.852000,6.289400,true,3104,,0x2fe6349b77f8b704a4b6fda6a67fa440bb1a7ac8a5722ef77d23ee9340b379ca,0x06b2ff4837c6fca500963fb4613f52699eb0d585a21e344150afaf5debd68768,80.700000
theo_n,1,399,false,9,9,offchain,500,395,1.145200,107.412100,171.827300,172.972500,6.067600,true,3104,,0x2fe6349b77f8b704a4b6fda6a67fa440bb1a7ac8a5722ef77d23ee9340b379ca,0x1d1cb6e530fd074c994d87bec78057495a6fe90ac3049144ccf0539c1d0e9efd,79.980800
theo_n,1,400,false,9,9,offchain,500,396,1.180900,106.772500,171.645000,172.825900,6.029900,true,3104,,0x2fe6349b77f8b704a4b6fda6a67fa440bb1a7ac8a5722ef77d23ee9340b379ca,0x30169759c6946c413cd35964d87491e00ca78d5e90cdfbf2309aea745863849a,78.311400
theo_n,1,401,false,9,9,offchain,500,397,1.181100,106.743100,185.499100,186.680200,6.233000,true,3104,,0x2fe6349b77f8b704a4b6fda6a67fa440bb1a7ac8a5722ef77d23ee9340b379ca,0x17b8ed81af3a720c87c8e8c74a649f22fb8f8dbfe0059ea9ca0f73524f967977,81.035400
theo_n,1,402,false,9,9,offchain,500,398,1.206000,109.131100,228.521500,229.727500,6.283300,true,3104,,0x2fe6349b77f8b704a4b6fda6a67fa440bb1a7ac8a5722ef77d23ee9340b379ca,0x3c4cd2b0b6161d79ea35690f49770d2c6eabbd0da71c2351f31493279a97453c,84.784800
theo_n,1,403,false,9,9,offchain,500,399,1.245400,108.323600,176.368400,177.613800,5.970000,true,3104,,0x2fe6349b77f8b704a4b6fda6a67fa440bb1a7ac8a5722ef77d23ee9340b379ca,0x203aeeeb17440e04d219428e581319449e4cc0ccfdb05dae1c6d054730b683cb,80.683100
theo_n,1,404,false,9,9,offchain,500,400,1.178500,145.775000,178.900200,180.078700,6.549400,true,3104,,0x2fe6349b77f8b704a4b6fda6a67fa440bb1a7ac8a5722ef77d23ee9340b379ca,0x2860468322f6e2f1b292467553c1b2dae1e6e0c897bbbd85941c1e509a2168ba,132.359600
theo_n,1,405,false,9,9,offchain,500,401,1.201400,109.528800,177.530600,178.732000,6.315700,true,3104,,0x2fe6349b77f8b704a4b6fda6a67fa440bb1a7ac8a5722ef77d23ee9340b379ca,0x03fcac5b0962b0a09a4d64419730ac2bd42a358d2d60df3ee89fe4c7e75b78fc,81.927300
theo_n,1,406,false,9,9,offchain,500,402,1.182200,107.557200,223.324300,224.506500,6.199300,true,3104,,0x2fe6349b77f8b704a4b6fda6a67fa440bb1a7ac8a5722ef77d23ee9340b379ca,0x05d14ee5c81c524e027df7e23af2063022966a38d2ce56387b9db8c39bebc71a,80.634000
theo_n,1,407,false,9,9,offchain,500,403,1.233100,106.726400,175.693900,176.927000,6.126100,true,3104,,0x2fe6349b77f8b704a4b6fda6a67fa440bb1a7ac8a5722ef77d23ee9340b379ca,0x382af857ef133c08884cf76c256547f234fba55c50312f1bc77531ff8f661bef,81.064000
theo_n,1,408,false,9,9,offchain,500,404,1.229200,107.395700,174.678300,175.907500,5.991700,true,3104,,0x2fe6349b77f8b704a4b6fda6a67fa440bb1a7ac8a5722ef77d23ee9340b379ca,0x378067ce19c59caf2481e3a85cf6ea2d92084606882935c582a0cead0dc67fe9,80.290100
theo_n,1,409,false,9,9,offchain,500,405,1.184000,104.934100,171.782200,172.966200,6.089300,true,3104,,0x2fe6349b77f8b704a4b6fda6a67fa440bb1a7ac8a5722ef77d23ee9340b379ca,0x0fcad7247576a1b07bb28672f54e45c1975f4d2cb12ce2a0842156e5fb11b699,79.253500
theo_n,1,410,false,9,9,offchain,500,406,1.160400,106.367000,171.958500,173.118900,6.275600,true,3104,,0x2fe6349b77f8b704a4b6fda6a67fa440bb1a7ac8a5722ef77d23ee9340b379ca,0x38a65af790c2c9862784fee26351316db26e567f622e4adb7d0816fd4e9177d5,80.667400
theo_n,1,411,false,9,9,offchain,500,407,1.257200,108.233400,174.122000,175.379200,6.216600,true,3104,,0x2fe6349b77f8b704a4b6fda6a67fa440bb1a7ac8a5722ef77d23ee9340b379ca,0x1c2fc2017df1eec0728d9fc214ee10bc9e22479d8e366ba9b187369d70a8027b,79.776700
theo_n,1,412,false,9,9,offchain,500,408,1.185600,107.809900,175.814900,177.000500,6.238000,true,3104,,0x2fe6349b77f8b704a4b6fda6a67fa440bb1a7ac8a5722ef77d23ee9340b379ca,0x2749293f5be930225c81f032ae01d3657cf15b9e8f175ccb79165a28ac42c7ea,81.780700
theo_n,1,413,false,9,9,offchain,500,409,1.198900,107.796200,177.962700,179.161600,6.222600,true,3104,,0x2fe6349b77f8b704a4b6fda6a67fa440bb1a7ac8a5722ef77d23ee9340b379ca,0x2424c12631278149456d37089d85b1b0096fd5b210e40aae3372fea25e7596eb,81.059300
theo_n,1,414,false,9,9,offchain,500,410,1.227900,111.252300,178.043400,179.271300,6.303400,true,3104,,0x2fe6349b77f8b704a4b6fda6a67fa440bb1a7ac8a5722ef77d23ee9340b379ca,0x00890c3627f8b4c1fa33fd130fc8ec8332be8b9a48a24bae26633eb496186801,85.184300
theo_n,1,415,false,9,9,offchain,500,411,1.229300,108.843000,185.462700,186.692000,6.037000,true,3104,,0x2fe6349b77f8b704a4b6fda6a67fa440bb1a7ac8a5722ef77d23ee9340b379ca,0x335bc1cf9d1a7a60c04d938ab3dfcba200a4973ac59e01dccc081d830a2ebd20,81.862200
theo_n,1,416,false,9,9,offchain,500,412,1.214200,108.235200,176.657300,177.871500,6.303600,true,3104,,0x2fe6349b77f8b704a4b6fda6a67fa440bb1a7ac8a5722ef77d23ee9340b379ca,0x3051eeaae70a0135ca7c06259b60e7300b38b187c83d219e9bf0a110f07936f3,80.277700
theo_n,1,417,false,9,9,offchain,500,413,1.506500,107.211200,177.727000,179.233500,6.310700,true,3104,,0x2fe6349b77f8b704a4b6fda6a67fa440bb1a7ac8a5722ef77d23ee9340b379ca,0x38ddc8038dcc084a7f91e85ff123089af9f9fbe059a5d0b5a0461fee19e365a1,81.197700
theo_n,1,418,false,9,9,offchain,500,414,1.203700,108.903600,176.676200,177.879900,6.189500,true,3104,,0x2fe6349b77f8b704a4b6fda6a67fa440bb1a7ac8a5722ef77d23ee9340b379ca,0x0c998c6beda0bf7e6d6c4716d2419520ff9614a9536d32f0120b7c7501a6c972,84.533900
theo_n,1,419,false,9,9,offchain,500,415,1.298800,109.329300,177.820500,179.119300,6.831900,true,3104,,0x2fe6349b77f8b704a4b6fda6a67fa440bb1a7ac8a5722ef77d23ee9340b379ca,0x21f1763129ecc1166a229c0759f3923e9389dd666a66ac882a8a72b5fcaf3f14,86.674200
theo_n,1,420,false,9,9,offchain,500,416,1.265800,117.583800,234.720500,235.986300,6.558800,true,3104,,0x2fe6349b77f8b704a4b6fda6a67fa440bb1a7ac8a5722ef77d23ee9340b379ca,0x062483f552f6f125e85ae7864aecd355503a2660849751d580036c881d968294,84.220700
theo_n,1,421,false,9,9,offchain,500,417,1.223600,110.192600,177.766400,178.990000,6.198700,true,3104,,0x2fe6349b77f8b704a4b6fda6a67fa440bb1a7ac8a5722ef77d23ee9340b379ca,0x2a23689e2d52daa118d80b056b3f00ef9c316834825107d8aa5ae12299b560d3,80.627800
theo_n,1,422,false,9,9,offchain,500,418,1.214800,111.228400,200.638200,201.853000,6.647400,true,3104,,0x2fe6349b77f8b704a4b6fda6a67fa440bb1a7ac8a5722ef77d23ee9340b379ca,0x15cf0df3bc1e48bdf1f38c9d3cb0a29d6410d1498be1cd77e8655cf63be2af1d,85.158200
theo_n,1,423,false,9,9,offchain,500,419,1.228600,115.608400,180.115000,181.343600,6.280000,true,3104,,0x2fe6349b77f8b704a4b6fda6a67fa440bb1a7ac8a5722ef77d23ee9340b379ca,0x3c9cda09eda9a57c62674791dfc47737bcaff5788bf186e41c951a215bb778a3,84.630900
theo_n,1,424,false,9,9,offchain,500,420,1.247800,115.467800,184.126900,185.374700,6.244100,true,3104,,0x2fe6349b77f8b704a4b6fda6a67fa440bb1a7ac8a5722ef77d23ee9340b379ca,0x3bddb3e04627052518e44a4aaf33fd5e30adb4e0e62e3eec864ac85ef48292c1,84.557400
theo_n,1,425,false,9,9,offchain,500,421,1.211800,109.781000,186.789100,188.000900,6.254700,true,3104,,0x2fe6349b77f8b704a4b6fda6a67fa440bb1a7ac8a5722ef77d23ee9340b379ca,0x1f3b1fd65ea8542ee12d0e4f0fe199613ed2498a8814b94105dbf6728b4dac4f,82.971000
theo_n,1,426,false,9,9,offchain,500,422,1.381000,112.670000,183.081400,184.462400,6.885500,true,3104,,0x2fe6349b77f8b704a4b6fda6a67fa440bb1a7ac8a5722ef77d23ee9340b379ca,0x20d5ff6df656d5aa1326cf761556b91b4d854779005b2540ee8542e312ef9add,84.980900
theo_n,1,427,false,9,9,offchain,500,423,1.177900,110.507400,188.787000,189.964900,6.571900,true,3104,,0x2fe6349b77f8b704a4b6fda6a67fa440bb1a7ac8a5722ef77d23ee9340b379ca,0x1a18a5b2f846e1dab412439786d5ff449a82aaf62798d12f989bf91b8aa78918,91.144500
theo_n,1,428,false,9,9,offchain,500,424,1.330200,114.242900,182.082600,183.412800,6.439900,true,3104,,0x2fe6349b77f8b704a4b6fda6a67fa440bb1a7ac8a5722ef77d23ee9340b379ca,0x3515b98ff4e0c8b08bbbbd56f8c6a8b321062b384341d1619df13c2f948a889e,91.825000
theo_n,1,429,false,9,9,offchain,500,425,1.258500,112.813900,182.314900,183.573400,6.111500,true,3104,,0x2fe6349b77f8b704a4b6fda6a67fa440bb1a7ac8a5722ef77d23ee9340b379ca,0x2e73386772fe299bc48b05a02504910a01af30cc20dc49b3341a5ba8db21dbaa,82.153200
theo_n,1,430,false,9,9,offchain,500,426,1.306400,111.050000,178.639100,179.945500,6.327200,true,3104,,0x2fe6349b77f8b704a4b6fda6a67fa440bb1a7ac8a5722ef77d23ee9340b379ca,0x34954fbd1ad6acbbb3254e1bb62afdae0687ed87e17c831e9872ba359632bb03,84.888500
theo_n,1,431,false,9,9,offchain,500,427,1.239700,111.764200,179.125400,180.365100,6.711300,true,3104,,0x2fe6349b77f8b704a4b6fda6a67fa440bb1a7ac8a5722ef77d23ee9340b379ca,0x216b9ac14777cc5361a76f7ea6c9ff6c8675c31de23904e161e7e216e071bdf4,91.964300
theo_n,1,432,false,9,9,offchain,500,428,1.183000,122.051100,233.519400,234.702400,8.247300,true,3104,,0x2fe6349b77f8b704a4b6fda6a67fa440bb1a7ac8a5722ef77d23ee9340b379ca,0x3c8d249ffe5863fc8990b79b6c685c8f2486e040f796de2d6f8ebadb4ec3f88c,103.938300
theo_n,1,433,false,9,9,offchain,500,429,1.653100,175.701200,192.284700,193.937800,6.593300,true,3104,,0x2fe6349b77f8b704a4b6fda6a67fa440bb1a7ac8a5722ef77d23ee9340b379ca,0x0bb23f36bda1165957a9810ca40db0293086b3b980d1047beddf88756538c586,87.938600
theo_n,1,434,false,9,9,offchain,500,430,1.256900,114.204900,192.117400,193.374300,6.448500,true,3104,,0x2fe6349b77f8b704a4b6fda6a67fa440bb1a7ac8a5722ef77d23ee9340b379ca,0x28239e257c233e813ac6b1c6111a6f4e90dc8d04cf4a533048fb7fbaa927640c,83.806900
theo_n,1,435,false,9,9,offchain,500,431,1.211500,114.784300,186.829800,188.041300,6.081400,true,3104,,0x2fe6349b77f8b704a4b6fda6a67fa440bb1a7ac8a5722ef77d23ee9340b379ca,0x1c8e92bdd9f9e7df3daf43a476f574090d58aa79d8c3683907a02dd4fd73b321,82.080900
theo_n,1,436,false,9,9,offchain,500,432,1.244000,110.277400,193.132800,194.376800,6.323900,true,3104,,0x2fe6349b77f8b704a4b6fda6a67fa440bb1a7ac8a5722ef77d23ee9340b379ca,0x3bd1dfbad375ccd3da2c236950121b9d0439a1a06ad90c7cf1c42e79b1c6c91d,81.683700
theo_n,1,437,false,9,9,offchain,500,433,1.269700,110.321600,177.230900,178.500600,6.290700,true,3104,,0x2fe6349b77f8b704a4b6fda6a67fa440bb1a7ac8a5722ef77d23ee9340b379ca,0x13d90fe9127ebf52315769aec41f0d636a81041b8f226c4cc964af4f202713b8,79.734900
theo_n,1,438,false,9,9,offchain,500,434,1.164700,108.518400,181.124000,182.288700,6.293900,true,3104,,0x2fe6349b77f8b704a4b6fda6a67fa440bb1a7ac8a5722ef77d23ee9340b379ca,0x3cb56609cb54db504511e90d8fb65a2d9d59f26b26a7252a39ed50febf575787,83.057800
theo_n,1,439,false,9,9,offchain,500,435,1.235800,111.535100,178.853400,180.089200,6.248300,true,3104,,0x2fe6349b77f8b704a4b6fda6a67fa440bb1a7ac8a5722ef77d23ee9340b379ca,0x024d3f5eb6699c0d997702b2663c2448ed4da5f4671ee63615ca2d69231e184c,81.779400
theo_n,1,440,false,9,9,offchain,500,436,1.235500,107.359500,171.922700,173.158200,6.190100,true,3104,,0x2fe6349b77f8b704a4b6fda6a67fa440bb1a7ac8a5722ef77d23ee9340b379ca,0x2b458da98e1fe92bf94a4afbed7672a65742f5d95bcce9a4433051ccb1420b2e,80.026000
theo_n,1,441,false,9,9,offchain,500,437,1.198300,108.844700,184.910900,186.109200,6.311200,true,3104,,0x2fe6349b77f8b704a4b6fda6a67fa440bb1a7ac8a5722ef77d23ee9340b379ca,0x252b5d09379eb2600b7ad343a6285f062cfd85f3629d9025ecd809d58b811a72,80.562800
theo_n,1,442,false,9,9,offchain,500,438,1.224600,106.843200,175.730000,176.954600,6.347400,true,3104,,0x2fe6349b77f8b704a4b6fda6a67fa440bb1a7ac8a5722ef77d23ee9340b379ca,0x2fa0658081700b443fc8d647538adec5766e48ca4a265ca5011d391974a2168d,81.084600
theo_n,1,443,false,9,9,offchain,500,439,1.200200,109.913900,179.793200,180.993400,6.214400,true,3104,,0x2fe6349b77f8b704a4b6fda6a67fa440bb1a7ac8a5722ef77d23ee9340b379ca,0x245579a4dd6f15df7303bb30589422b4f17c8231df2cf5703ffb8b6a7e6a2cae,80.659000
theo_n,1,444,false,9,9,offchain,500,440,1.255000,108.570800,177.633200,178.888200,6.065100,true,3104,,0x2fe6349b77f8b704a4b6fda6a67fa440bb1a7ac8a5722ef77d23ee9340b379ca,0x1c364c47efeeba8e4d5034a4565aaf179840d59171e45837603a46acd362816c,82.021400
theo_n,1,445,false,9,9,offchain,500,441,1.217500,111.449800,184.322700,185.540200,6.352800,true,3104,,0x2fe6349b77f8b704a4b6fda6a67fa440bb1a7ac8a5722ef77d23ee9340b379ca,0x12372317c13c17f17c87d245c5ef3f4d1e771ef3a023f9e1549b8d19c83ac296,82.398300
theo_n,1,446,false,9,9,offchain,500,442,1.218800,111.312500,191.101000,192.319800,6.335000,true,3104,,0x2fe6349b77f8b704a4b6fda6a67fa440bb1a7ac8a5722ef77d23ee9340b379ca,0x3a63844d4b224222a5912c8ae2f77102371b2aa547e36634253e5c10dde367fc,84.783300
theo_n,1,447,false,9,9,offchain,500,443,1.198900,114.138600,233.916300,235.115200,6.111300,true,3104,,0x2fe6349b77f8b704a4b6fda6a67fa440bb1a7ac8a5722ef77d23ee9340b379ca,0x32a550534ac14b52affa0aa36abce55f842817740033c381a499f32687e505d2,83.292800
theo_n,1,448,false,9,9,offchain,500,444,1.205100,113.537300,168.809000,170.014100,6.284900,true,3104,,0x2fe6349b77f8b704a4b6fda6a67fa440bb1a7ac8a5722ef77d23ee9340b379ca,0x395db188ed8f26b2a26e9763fed0c76fb746d6705b3bf9f058c257a85d63d1d4,78.964400
theo_n,1,449,false,9,9,offchain,500,445,1.185800,106.032700,172.490800,173.676600,5.984300,true,3104,,0x2fe6349b77f8b704a4b6fda6a67fa440bb1a7ac8a5722ef77d23ee9340b379ca,0x124df98c42d93d1824b40f8019a3ef96a50de6655a38d0d5f69354b6f02e6a69,76.552600
theo_n,1,450,false,9,9,offchain,500,446,1.150500,104.233700,172.451800,173.602300,8.375000,true,3104,,0x2fe6349b77f8b704a4b6fda6a67fa440bb1a7ac8a5722ef77d23ee9340b379ca,0x06a70ef54988cfdd19590310811975ab117af4f27221977d44b2285ecfd27081,85.033100
theo_n,1,451,false,9,9,offchain,500,447,1.379100,133.194600,197.597200,198.976300,6.458800,true,3104,,0x2fe6349b77f8b704a4b6fda6a67fa440bb1a7ac8a5722ef77d23ee9340b379ca,0x1a12a625214ee86a2afa77c0a050be843c370e9034cb5fcfae6ad43d0a3a0a9a,86.549100
theo_n,1,452,false,9,9,offchain,500,448,1.285400,107.777400,172.167300,173.452700,6.097600,true,3104,,0x2fe6349b77f8b704a4b6fda6a67fa440bb1a7ac8a5722ef77d23ee9340b379ca,0x24016291e09c2e574cc110dbf25dc788b858b734b8b80d2fd29e901858c81977,80.450500
theo_n,1,453,false,9,9,offchain,500,449,1.151000,105.824100,168.438900,169.589900,5.875500,true,3104,,0x2fe6349b77f8b704a4b6fda6a67fa440bb1a7ac8a5722ef77d23ee9340b379ca,0x2000666d65a525f713184e9e342dab1d135842ea15a91d656b86509e91d2a9a6,76.850400
theo_n,1,454,false,9,9,offchain,500,450,1.191600,105.062800,171.702600,172.894200,5.887700,true,3104,,0x2fe6349b77f8b704a4b6fda6a67fa440bb1a7ac8a5722ef77d23ee9340b379ca,0x3c4d5f7ebd1944e26695be9f4c1ffd5d11d9fd995b4570bd08514d9c4281d8f5,78.477300
theo_n,1,455,false,9,9,offchain,500,451,1.174300,105.034600,170.652700,171.827000,6.032000,true,3104,,0x2fe6349b77f8b704a4b6fda6a67fa440bb1a7ac8a5722ef77d23ee9340b379ca,0x23a44296cb2007359e11ac651732a70f70c51caea30595bfc0f5644dcd318e51,80.760900
theo_n,1,456,false,9,9,offchain,500,452,1.205500,106.332200,174.285100,175.490600,6.060400,true,3104,,0x2fe6349b77f8b704a4b6fda6a67fa440bb1a7ac8a5722ef77d23ee9340b379ca,0x05235900d53e21f8df5a13af4f3768ce4851cfe937f994c756709d774bac7cfd,80.668400
theo_n,1,457,false,9,9,offchain,500,453,1.201400,106.408700,175.581400,176.782800,6.198400,true,3104,,0x2fe6349b77f8b704a4b6fda6a67fa440bb1a7ac8a5722ef77d23ee9340b379ca,0x07bf4654e53f195090b658f17474a3cf21b348ddd5f149a4047e6e6f76c73a7f,82.572200
theo_n,1,458,false,9,9,offchain,500,454,1.146900,106.855200,174.049600,175.196500,6.229700,true,3104,,0x2fe6349b77f8b704a4b6fda6a67fa440bb1a7ac8a5722ef77d23ee9340b379ca,0x3a9e200c1ba43abe65ca0d961bd837cc8aa76d6560d9270803409cf9ff2f82c4,81.096800
theo_n,1,459,false,9,9,offchain,500,455,1.221100,107.991600,174.746200,175.967300,6.259900,true,3104,,0x2fe6349b77f8b704a4b6fda6a67fa440bb1a7ac8a5722ef77d23ee9340b379ca,0x274099acc6646b31b34b7018652aed4e6af6c7b916187ff5234663515a24af6c,80.760400
theo_n,1,460,false,9,9,offchain,500,456,1.301100,108.440500,176.087700,177.388800,6.359700,true,3104,,0x2fe6349b77f8b704a4b6fda6a67fa440bb1a7ac8a5722ef77d23ee9340b379ca,0x17b5933323233f8d8327547bca49990423c0bd9a5726a299f57e234b5662c56d,83.414000
theo_n,1,461,false,9,9,offchain,500,457,1.221400,158.391500,196.032800,197.254200,6.221300,true,3104,,0x2fe6349b77f8b704a4b6fda6a67fa440bb1a7ac8a5722ef77d23ee9340b379ca,0x28d2cb099482136fd3f1167fdcd042773850722bd5aa22837e50460cf134bd78,82.941600
theo_n,1,462,false,9,9,offchain,500,458,1.185000,109.419900,179.480000,180.665000,6.303700,true,3104,,0x2fe6349b77f8b704a4b6fda6a67fa440bb1a7ac8a5722ef77d23ee9340b379ca,0x1f7b8c6e710e769bd1cf13a207ade254066a7c9ad1333f60806afd351332f4b5,83.288600
theo_n,1,463,false,9,9,offchain,500,459,1.173600,110.687600,186.308900,187.482500,6.139900,true,3104,,0x2fe6349b77f8b704a4b6fda6a67fa440bb1a7ac8a5722ef77d23ee9340b379ca,0x046c0db199c1147c0e39f2827ba2d5d57dde77da8d81836b40f45c16c3ef1688,88.361600
theo_n,1,464,false,9,9,offchain,500,460,1.215200,114.786000,200.398800,201.614000,6.658200,true,3104,,0x2fe6349b77f8b704a4b6fda6a67fa440bb1a7ac8a5722ef77d23ee9340b379ca,0x1a82f980ed131a96dee238adb71d627e2cb1e3d8648f7119a5344f90ef27ed93,87.503300
theo_n,1,465,false,9,9,offchain,500,461,1.243900,116.071800,190.776600,192.020500,6.450100,true,3104,,0x2fe6349b77f8b704a4b6fda6a67fa440bb1a7ac8a5722ef77d23ee9340b379ca,0x24373920779d6db38f392ba83294738f12306eb2751f0e41a5e51ea110fec8a3,87.026500
theo_n,1,466,false,9,9,offchain,500,462,1.267500,129.779900,209.473500,210.741000,6.472300,true,3104,,0x2fe6349b77f8b704a4b6fda6a67fa440bb1a7ac8a5722ef77d23ee9340b379ca,0x1efd678d74e8fbe9bd05fa096545ebd991a6dfcf99a76857815df82a6e478967,84.681300
theo_n,1,467,false,9,9,offchain,500,463,1.208300,116.997100,173.943400,175.151700,6.011900,true,3104,,0x2fe6349b77f8b704a4b6fda6a67fa440bb1a7ac8a5722ef77d23ee9340b379ca,0x3d7dfec478dc1325a14ebfdf2aed92a5490dd882f66b4c116c8f21772530f217,82.358300
theo_n,1,468,false,9,9,offchain,500,464,1.248600,107.431700,182.384500,183.633100,6.270600,true,3104,,0x2fe6349b77f8b704a4b6fda6a67fa440bb1a7ac8a5722ef77d23ee9340b379ca,0x263189d5f8822b4f70311cbea099edda8b1e8b01abc0bb7f822b463751f99c62,81.137000
theo_n,1,469,false,9,9,offchain,500,465,1.190000,110.131000,179.166100,180.356100,6.392300,true,3104,,0x2fe6349b77f8b704a4b6fda6a67fa440bb1a7ac8a5722ef77d23ee9340b379ca,0x3c3f785924c2f752b812fc586afcf3d3e33f09d1e1262508ec094fdadc8ce9f5,83.456000
theo_n,1,470,false,9,9,offchain,500,466,1.449000,108.710100,200.674400,202.123400,7.624800,true,3104,,0x2fe6349b77f8b704a4b6fda6a67fa440bb1a7ac8a5722ef77d23ee9340b379ca,0x19f1f8a613737783c05a78492a47dbd39bd2ff62f7e2e9bf45e7915ead23092d,91.001900
theo_n,1,471,false,9,9,offchain,500,467,1.442700,132.566900,195.064000,196.506700,6.513900,true,3104,,0x2fe6349b77f8b704a4b6fda6a67fa440bb1a7ac8a5722ef77d23ee9340b379ca,0x11bc0afb1fc5421c087d49f99e01024212fe94a7b26e95b272a39feed80aaaa5,85.234700
theo_n,1,472,false,9,9,offchain,500,468,1.254700,113.050300,179.228000,180.482700,6.116100,true,3104,,0x2fe6349b77f8b704a4b6fda6a67fa440bb1a7ac8a5722ef77d23ee9340b379ca,0x3b2632f5e2340c60fc0086e6d0b94eebe93de7299607b769933d105ce7671be1,77.346800
theo_n,1,473,false,9,9,offchain,500,469,1.178300,108.141300,179.357600,180.535900,6.281200,true,3104,,0x2fe6349b77f8b704a4b6fda6a67fa440bb1a7ac8a5722ef77d23ee9340b379ca,0x3c85c8bcfe13e01a9b7ad594064bc15c667ffc9ee042ea4a39478cd3dd190fbf,81.008300
theo_n,1,474,false,9,9,offchain,500,470,1.236100,107.219800,179.235200,180.471300,6.365800,true,3104,,0x2fe6349b77f8b704a4b6fda6a67fa440bb1a7ac8a5722ef77d23ee9340b379ca,0x1bdeab74cfadbe395b77d92b8e792340a4e74f28ec30d31d6b25cbbe1788f656,83.588000
theo_n,1,475,false,9,9,offchain,500,471,1.241100,176.629000,202.199900,203.441000,7.123900,true,3104,,0x2fe6349b77f8b704a4b6fda6a67fa440bb1a7ac8a5722ef77d23ee9340b379ca,0x2da5b1152e8a3614f9f938dcfe46aafa2fea0df5d01933f5668bc901706ec7a9,89.874900
theo_n,1,476,false,9,9,offchain,500,472,1.322200,114.727900,177.136400,178.458600,5.937400,true,3104,,0x2fe6349b77f8b704a4b6fda6a67fa440bb1a7ac8a5722ef77d23ee9340b379ca,0x3cfea5767e10b395defcecb770cbc3e718b491547a767c38b16a7a42f98e4edd,80.802500
theo_n,1,477,false,9,9,offchain,500,473,1.177100,108.743200,169.722000,170.899100,5.919600,true,3104,,0x2fe6349b77f8b704a4b6fda6a67fa440bb1a7ac8a5722ef77d23ee9340b379ca,0x3a5fadb93e3f4bda78faa87046eec4b7f05f1d42bc270fedd569aa9159d682d2,84.831200
theo_n,1,478,false,9,9,offchain,500,474,1.120000,110.988100,178.281300,179.401300,6.316900,true,3104,,0x2fe6349b77f8b704a4b6fda6a67fa440bb1a7ac8a5722ef77d23ee9340b379ca,0x2b6da1cce10d26ce24b68f5998e18e0e6b9f2f68a1abd7c536531f5b604afeee,87.756200
theo_n,1,479,false,9,9,offchain,500,475,1.158900,106.882300,175.778500,176.937400,6.342400,true,3104,,0x2fe6349b77f8b704a4b6fda6a67fa440bb1a7ac8a5722ef77d23ee9340b379ca,0x25237d563bc0019fa40ace12305aad6cf551c574bc637a067cb0b61f089492bf,83.888400
theo_n,1,480,false,9,9,offchain,500,476,1.215200,111.654300,177.954800,179.170000,6.370000,true,3104,,0x2fe6349b77f8b704a4b6fda6a67fa440bb1a7ac8a5722ef77d23ee9340b379ca,0x23cdce466083e46fbe3c8950bb704c6120b38eba50567603ab77b13edb38eb19,85.202100
theo_n,1,481,false,9,9,offchain,500,477,1.262700,107.861100,199.740300,201.003000,6.853000,true,3104,,0x2fe6349b77f8b704a4b6fda6a67fa440bb1a7ac8a5722ef77d23ee9340b379ca,0x28a43702e3618637c8e95c0743bdd4170d57f7b585705731feeca300dbc75b74,91.640600
theo_n,1,482,false,9,9,offchain,500,478,1.224500,111.949300,178.654600,179.879100,6.855800,true,3104,,0x2fe6349b77f8b704a4b6fda6a67fa440bb1a7ac8a5722ef77d23ee9340b379ca,0x0a9f91542b5d182f0354fadbefef88088f13934a4356a85772d8ec593ea11671,77.268500
theo_n,1,483,false,9,9,offchain,500,479,1.189100,104.631000,173.455000,174.644100,6.901900,true,3104,,0x2fe6349b77f8b704a4b6fda6a67fa440bb1a7ac8a5722ef77d23ee9340b379ca,0x25a6b64bdf37d769433b592ad4d238e5082e0fbca739cb5b94266f486254fb75,84.628500
theo_n,1,484,false,9,9,offchain,500,480,1.333400,121.558900,181.370200,182.703600,5.996200,true,3104,,0x2fe6349b77f8b704a4b6fda6a67fa440bb1a7ac8a5722ef77d23ee9340b379ca,0x1656da303f31fa263f742431516ec6106196bce101abf4b906290db03d2cbd32,82.350700
theo_n,1,485,false,9,9,offchain,500,481,1.131200,104.890500,182.440100,183.571300,6.797300,true,3104,,0x2fe6349b77f8b704a4b6fda6a67fa440bb1a7ac8a5722ef77d23ee9340b379ca,0x022aac70ab03d4e101aa2de4acb16a7b235850930a270938551a70ba185337c6,96.401100
theo_n,1,486,false,9,9,offchain,500,482,1.401000,121.948900,181.596100,182.997100,6.007400,true,3104,,0x2fe6349b77f8b704a4b6fda6a67fa440bb1a7ac8a5722ef77d23ee9340b379ca,0x369ef1d21cbba87606ada86ecd1228f19d62eda411b69f3bb42fe3cd85e2174c,82.120900
theo_n,1,487,false,9,9,offchain,500,483,1.142900,105.257100,172.832600,173.975500,6.243400,true,3104,,0x2fe6349b77f8b704a4b6fda6a67fa440bb1a7ac8a5722ef77d23ee9340b379ca,0x3fcd2257c5217c42444666e1ed1ea368ea4e0fa49a46e61872737fb102349c7f,86.860900
theo_n,1,488,false,9,9,offchain,500,484,1.230300,108.363600,188.747200,189.977500,6.586200,true,3104,,0x2fe6349b77f8b704a4b6fda6a67fa440bb1a7ac8a5722ef77d23ee9340b379ca,0x1961619322259930a950048d8453ff85cd0f6710021675929619671aed29f969,83.633500
theo_n,1,489,false,9,9,offchain,500,485,1.231900,115.608600,242.142600,243.374500,6.246900,true,3104,,0x2fe6349b77f8b704a4b6fda6a67fa440bb1a7ac8a5722ef77d23ee9340b379ca,0x2a7430ce46ae85a1e9d9470ba26b9e641779a7aa81986fbb1cd50792ed0fce21,83.351000
theo_n,1,490,false,9,9,offchain,500,486,1.210100,110.608800,186.302700,187.512800,6.098900,true,3104,,0x2fe6349b77f8b704a4b6fda6a67fa440bb1a7ac8a5722ef77d23ee9340b379ca,0x3b09e4f95321c65024dc1128ca572783ef0fd6d326ad86deb1eb100a63bbe678,87.202900
theo_n,1,491,false,9,9,offchain,500,487,1.211000,129.315500,208.868600,210.079600,6.272900,true,3104,,0x2fe6349b77f8b704a4b6fda6a67fa440bb1a7ac8a5722ef77d23ee9340b379ca,0x22456a792d79a56dfb8f97bdda4dd881e873685ccff935533c185d9e5bce9bf2,82.519300
theo_n,1,492,false,9,9,offchain,500,488,1.233400,107.532800,197.836700,199.070100,6.307500,true,3104,,0x2fe6349b77f8b704a4b6fda6a67fa440bb1a7ac8a5722ef77d23ee9340b379ca,0x1e78ee850b66493a0db80da484fac142eee6e27e658d95876c021d0038634936,81.450000
theo_n,1,493,false,9,9,offchain,500,489,1.245900,109.463400,178.401500,179.647400,7.547600,true,3104,,0x2fe6349b77f8b704a4b6fda6a67fa440bb1a7ac8a5722ef77d23ee9340b379ca,0x0ef99c29683ead0cbf5acc75db2319f5ce9a59f748f08bcba096e9f18bc93fd1,97.181100
theo_n,1,494,false,9,9,offchain,500,490,1.656300,126.372700,186.205900,187.862200,6.236000,true,3104,,0x2fe6349b77f8b704a4b6fda6a67fa440bb1a7ac8a5722ef77d23ee9340b379ca,0x207a5186c3c34f03e1136241eb4967e3ef04523abf2ed6e53e0abcf6413be6d8,80.190100
theo_n,1,495,false,9,9,offchain,500,491,1.137200,105.779400,179.770300,180.907500,6.034500,true,3104,,0x2fe6349b77f8b704a4b6fda6a67fa440bb1a7ac8a5722ef77d23ee9340b379ca,0x2c03f4c00cb186934e855beedc995b24b125cb2ba9ae9ca2a1e2683d3d3b641d,82.123000
theo_n,1,496,false,9,9,offchain,500,492,1.329100,109.678100,193.629600,194.958700,6.809700,true,3104,,0x2fe6349b77f8b704a4b6fda6a67fa440bb1a7ac8a5722ef77d23ee9340b379ca,0x2a4491a9d395798616221dd1cec97778e9068cec0bcebd1df6f7f54a7f8709de,81.449400
theo_n,1,497,false,9,9,offchain,500,493,1.210000,110.620100,178.623000,179.833000,6.403700,true,3104,,0x2fe6349b77f8b704a4b6fda6a67fa440bb1a7ac8a5722ef77d23ee9340b379ca,0x31f9f4ef39e9980944fef56eae532ffd64759c886368a1d3664d2a8b32af4061,82.020500
theo_n,1,498,false,9,9,offchain,500,494,1.248200,108.829700,180.074800,181.323000,6.310000,true,3104,,0x2fe6349b77f8b704a4b6fda6a67fa440bb1a7ac8a5722ef77d23ee9340b379ca,0x1382ac46b683ed93827f9edc831399ff0a7fb3b3604b6aff818778d54aa9bd85,80.084600
theo_n,1,499,false,9,9,offchain,500,495,1.608000,110.465600,180.347400,181.955400,6.859900,true,3104,,0x2fe6349b77f8b704a4b6fda6a67fa440bb1a7ac8a5722ef77d23ee9340b379ca,0x098d8f77a52a20385af5063bc3dda760c6327a039df3bddd9abdd48316e84c2c,82.473100
theo_n,1,500,false,9,9,offchain,500,496,1.217200,120.995000,182.762300,183.979500,6.282400,true,3104,,0x2fe6349b77f8b704a4b6fda6a67fa440bb1a7ac8a5722ef77d23ee9340b379ca,0x33ddc8eeb3b77b0a441a211a1cb69eee70b53a465630619f0814f96337665edf,84.363700
theo_n,1,501,false,9,9,offchain,500,497,1.200200,113.839200,181.135500,182.335700,6.239200,true,3104,,0x2fe6349b77f8b704a4b6fda6a67fa440bb1a7ac8a5722ef77d23ee9340b379ca,0x054e2236fbaad7cc4726815852831e0b24470816a6c07d78b0d9d280456b71a4,85.311700
theo_n,1,502,false,9,9,offchain,500,498,1.316100,110.290400,179.682800,180.998900,6.987200,true,3104,,0x2fe6349b77f8b704a4b6fda6a67fa440bb1a7ac8a5722ef77d23ee9340b379ca,0x099e04b9c764d5f3137e72d7de8c8a64e3f72edd86ea5b1ac089876cf20e393c,88.219600
theo_n,1,503,false,9,9,offchain,500,499,1.214900,162.781600,317.294900,318.509800,7.596100,true,3104,,0x2fe6349b77f8b704a4b6fda6a67fa440bb1a7ac8a5722ef77d23ee9340b379ca,0x0b6f8127080790145005f632c7de6ad5fdb8a886521c8fa39d063e6193ace58b,94.223400
