thi_nghiem,run_id,iteration,warmup,d,k,mechanism,n,student_index,witness_ms,setup_ms,prove_ms,proof_generation_ms,verify_native_ms,verified,proof_bytes,calldata_bytes,root,nullifier,verify_setup_ms
theo_n,8,1,true,9,9,offchain,500,0,1.047300,101.845900,165.054700,166.102000,6.235900,true,3104,,0x2fe6349b77f8b704a4b6fda6a67fa440bb1a7ac8a5722ef77d23ee9340b379ca,0x31cce6578fc40150881c61af3263887000159f168b78eb0c1c67322a114def10,81.074100
theo_n,8,2,true,9,9,offchain,500,1,1.497000,111.585900,186.904500,188.401500,6.694100,true,3104,,0x2fe6349b77f8b704a4b6fda6a67fa440bb1a7ac8a5722ef77d23ee9340b379ca,0x06b149a846c21e833d5cd6933d03540005608217faf9b22fe873f8c17f865e8c,91.000800
theo_n,8,3,true,9,9,offchain,500,2,1.360500,120.530000,202.117200,203.477700,6.928400,true,3104,,0x2fe6349b77f8b704a4b6fda6a67fa440bb1a7ac8a5722ef77d23ee9340b379ca,0x1d06a3d96bc0fee0182a90672cc093d7b090bd77f3f3308c9126cfb07e55ad1e,91.568100
theo_n,8,4,false,9,9,offchain,500,0,1.391300,120.600400,200.176500,201.567800,6.950700,true,3104,,0x2fe6349b77f8b704a4b6fda6a67fa440bb1a7ac8a5722ef77d23ee9340b379ca,0x31cce6578fc40150881c61af3263887000159f168b78eb0c1c67322a114def10,92.184000
theo_n,8,5,false,9,9,offchain,500,1,1.714400,124.508200,203.360400,205.074800,7.339400,true,3104,,0x2fe6349b77f8b704a4b6fda6a67fa440bb1a7ac8a5722ef77d23ee9340b379ca,0x06b149a846c21e833d5cd6933d03540005608217faf9b22fe873f8c17f865e8c,94.630300
theo_n,8,6,false,9,9,offchain,500,2,1.431400,125.433500,203.231400,204.662800,7.375900,true,3104,,0x2fe6349b77f8b704a4b6fda6a67fa440bb1a7ac8a5722ef77d23ee9340b379ca,0x1d06a3d96bc0fee0182a90672cc093d7b090bd77f3f3308c9126cfb07e55ad1e,94.371400
theo_n,8,7,false,9,9,offchain,500,3,1.423800,125.029600,203.304500,204.728300,7.475300,true,3104,,0x2fe6349b77f8b704a4b6fda6a67fa440bb1a7ac8a5722ef77d23ee9340b379ca,0x2ee3eca2a8acabb5247f13a7dc5bb5745525229c9b0fb6af8461f8add9d6ea42,157.083700
theo_n,8,8,false,9,9,offchain,500,4,1.485000,124.732400,203.680400,205.165400,7.385700,true,3104,,0x2fe6349b77f8b704a4b6fda6a67fa440bb1a7ac8a5722ef77d23ee9340b379ca,0x23abcf4c24d8f5eaa25ebedbbad6a842ea7c9839a4809e5f07c904d2874949da,94.664400
theo_n,8,9,false,9,9,offchain,500,5,1.382500,178.214000,206.067700,207.450200,7.447600,true,3104,,0x2fe6349b77f8b704a4b6fda6a67fa440bb1a7ac8a5722ef77d23ee9340b379ca,0x053f995315ef14fd41321d4c26fc6e4a11eebe9847b131f33160a845efab237a,101.654600
theo_n,8,10,false,9,9,offchain,500,6,1.407400,126.299100,203.594500,205.001900,7.216300,true,3104,,0x2fe6349b77f8b704a4b6fda6a67fa440bb1a7ac8a5722ef77d23ee9340b379ca,0x2253bb49377756b6e039255c2e07e59ebdb5e721de9034b6084a4f646823fb04,92.534700
theo_n,8,11,false,9,9,offchain,500,7,1.403500,122.536200,202.758800,204.162300,7.068300,true,3104,,0x2fe6349b77f8b704a4b6fda6a67fa440bb1a7ac8a5722ef77d23ee9340b379ca,0x30a7f45e66796c0bb5e756de164a7408361c1113a9c271d837fc45b7dcd6f659,95.287900
theo_n,8,12,false,9,9,offchain,500,8,1.349700,124.711200,211.950000,213.299700,7.485000,true,3104,,0x2fe6349b77f8b704a4b6fda6a67fa440bb1a7ac8a5722ef77d23ee9340b379ca,0x2cd86dce870ffb93e493637ae0ebc4d227e78de147374955ca7c805d2bd92dbb,98.573200
theo_n,8,13,false,9,9,offchain,500,9,1.530900,133.079000,211.409400,212.940300,8.572900,true,3104,,0x2fe6349b77f8b704a4b6fda6a67fa440bb1a7ac8a5722ef77d23ee9340b379ca,0x0bb7e3ce2eb37533b72c200e6c6614cb93c18b171631c1ef120a8fd150f2cb13,95.844400
theo_n,8,14,false,9,9,offchain,500,10,1.367400,131.373700,207.270300,208.637700,7.154900,true,3104,,0x2fe6349b77f8b704a4b6fda6a67fa440bb1a7ac8a5722ef77d23ee9340b379ca,0x2ddef6234d7e6f2ddbb3ed21a00be7589b7bbf5606b92dcf2b04f4b5bccd4fec,96.127800
theo_n,8,15,false,9,9,offchain,500,11,1.570800,126.143300,204.775100,206.345900,8.494300,true,3104,,0x2fe6349b77f8b704a4b6fda6a67fa440bb1a7ac8a5722ef77d23ee9340b379ca,0x3ada3ac697494a8c8f48fd81b4d30c407e5b76c201c8434db157d8b726837548,95.686000
theo_n,8,16,false,9,9,offchain,500,12,1.411000,123.964800,202.968900,204.379900,7.041700,true,3104,,0x2fe6349b77f8b704a4b6fda6a67fa440bb1a7ac8a5722ef77d23ee9340b379ca,0x2b1d692090d6ea4a2e3a8e5433f88d3c74ba86937bbe64f14872631fa739b53f,96.032600
theo_n,8,17,false,9,9,offchain,500,13,1.601600,123.203700,202.461100,204.062700,7.000100,true,3104,,0x2fe6349b77f8b704a4b6fda6a67fa440bb1a7ac8a5722ef77d23ee9340b379ca,0x184e5193d7aeddeb42bdf7d177255cdc1408f8df7aca9b1c91f801f0b916b0d6,93.158500
theo_n,8,18,false,9,9,offchain,500,14,1.383700,120.801900,200.161900,201.545600,7.241100,true,3104,,0x2fe6349b77f8b704a4b6fda6a67fa440bb1a7ac8a5722ef77d23ee9340b379ca,0x1058edf090bdc3434d5a8d0aaae59d1679f4ab8018a6c9def311908fe8a3ea79,92.921900
theo_n,8,19,false,9,9,offchain,500,15,2.334500,121.969500,199.436900,201.771400,6.827900,true,3104,,0x2fe6349b77f8b704a4b6fda6a67fa440bb1a7ac8a5722ef77d23ee9340b379ca,0x3b72a670b9b3a3ef60168831693d1465b1b6f88669ba7f1c47c43c4fe8b69559,92.711100
theo_n,8,20,false,9,9,offchain,500,16,1.399400,122.128100,201.919400,203.318800,7.285900,true,3104,,0x2fe6349b77f8b704a4b6fda6a67fa440bb1a7ac8a5722ef77d23ee9340b379ca,0x26790d62c5185858bb332e4f92f692c84b23c6be4b30b5a66dce2e37e083442b,93.530600
theo_n,8,21,false,9,9,offchain,500,17,1.424400,123.688400,203.041300,204.465700,6.948100,true,3104,,0x2fe6349b77f8b704a4b6fda6a67fa440bb1a7ac8a5722ef77d23ee9340b379ca,0x0238145a7cd2114ded0673cf7b04a8dcef4690c839f508dd14cb073e332ab139,93.851400
theo_n,8,22,false,9,9,offchain,500,18,1.357900,177.929700,204.968800,206.326700,7.054300,true,3104,,0x2fe6349b77f8b704a4b6fda6a67fa440bb1a7ac8a5722ef77d23ee9340b379ca,0x36fc3e2add7d8d3afc785b77a54fd23964e7cb8eb494e13e9c6a887965a847cf,93.441500
theo_n,8,23,false,9,9,offchain,500,19,1.406300,123.096200,213.166200,214.572500,6.950100,true,3104,,0x2fe6349b77f8b704a4b6fda6a67fa440bb1a7ac8a5722ef77d23ee9340b379ca,0x3cab613111c672bcddd2485adbf14ab6c8aec112b50ea0005aa159b8d973387b,91.330700
theo_n,8,24,false,9,9,offchain,500,20,1.362900,121.249800,199.413400,200.776300,6.832500,true,3104,,0x2fe6349b77f8b704a4b6fda6a67fa440bb1a7ac8a5722ef77d23ee9340b379ca,0x0f5ba5eafbd37105956aad8ad60c718f4f0f8c32793fa14d010ec4a8efd5896c,91.612100
theo_n,8,25,false,9,9,offchain,500,21,1.351300,121.634800,199.164100,200.515400,6.825200,true,3104,,0x2fe6349b77f8b704a4b6fda6a67fa440bb1a7ac8a5722ef77d23ee9340b379ca,0x345865de75a078c2601df5bf7b8ac01ddc913428ad55c6842fd239d9c1bb2bee,100.362300
theo_n,8,26,false,9,9,offchain,500,22,1.422800,122.206900,199.078300,200.501100,6.995800,true,3104,,0x2fe6349b77f8b704a4b6fda6a67fa440bb1a7ac8a5722ef77d23ee9340b379ca,0x381949a023bad7dd72b836139501a18bde8117197414fc26e1861c5833221a06,94.443700
theo_n,8,27,false,9,9,offchain,500,23,1.395100,122.042600,197.500300,198.895400,7.618600,true,3104,,0x2fe6349b77f8b704a4b6fda6a67fa440bb1a7ac8a5722ef77d23ee9340b379ca,0x36c9f307ec5cae6c551dbd4ee41275b93d6012c1496b7b824b693747101e4649,99.405500
theo_n,8,28,false,9,9,offchain,500,24,1.450100,137.013600,205.150600,206.600700,7.256100,true,3104,,0x2fe6349b77f8b704a4b6fda6a67fa440bb1a7ac8a5722ef77d23ee9340b379ca,0x0e4fa672364ff8d28d324fa63f54a5c0af0eb28a17068e9ff96618692a930a1f,93.665700
theo_n,8,29,false,9,9,offchain,500,25,1.361800,124.409000,200.987600,202.349400,6.941000,true,3104,,0x2fe6349b77f8b704a4b6fda6a67fa440bb1a7ac8a5722ef77d23ee9340b379ca,0x1d296167df1398272a65c2152fa42bac6f090a91ea2ef72b15701ec5c4e7351d,95.696600
theo_n,8,30,false,9,9,offchain,500,26,1.338200,121.422500,198.882400,200.220600,7.114300,true,3104,,0x2fe6349b77f8b704a4b6fda6a67fa440bb1a7ac8a5722ef77d23ee9340b379ca,0x158799b447546c84c9076c82c385cdacf0e2ce1ba4d011ac2f9b9cca4abbe22b,95.854500
theo_n,8,31,false,9,9,offchain,500,27,1.551200,122.083000,200.654400,202.205600,7.324800,true,3104,,0x2fe6349b77f8b704a4b6fda6a67fa440bb1a7ac8a5722ef77d23ee9340b379ca,0x3d6b035fd78b94d7dc88fa276f05bef4a4cb011ff779ffface9f0ef9dff9ef49,95.776200
theo_n,8,32,false,9,9,offchain,500,28,1.450200,122.653000,200.240500,201.690700,6.892000,true,3104,,0x2fe6349b77f8b704a4b6fda6a67fa440bb1a7ac8a5722ef77d23ee9340b379ca,0x1081e5213854c477ad9b853775007aac6aa3572c9092f3d51ef4069d592bf93d,93.063400
theo_n,8,33,false,9,9,offchain,500,29,1.342700,122.805300,203.527200,204.869900,8.423800,true,3104,,0x2fe6349b77f8b704a4b6fda6a67fa440bb1a7ac8a5722ef77d23ee9340b379ca,0x3265c24e296401ba9bb56bba84a98f7974893fb4ba831c612c6aee4f8e36b5ba,93.537700
theo_n,8,34,false,9,9,offchain,500,30,1.489100,126.525200,210.560300,212.049400,9.367700,true,3104,,0x2fe6349b77f8b704a4b6fda6a67fa440bb1a7ac8a5722ef77d23ee9340b379ca,0x37a34c44838bbc5fb890e04ebc426a8b9e08b427b297c08c0aabe144b3adcf0c,94.786600
theo_n,8,35,false,9,9,offchain,500,31,1.420400,123.702800,268.773000,270.193400,7.212100,true,3104,,0x2fe6349b77f8b704a4b6fda6a67fa440bb1a7ac8a5722ef77d23ee9340b379ca,0x15f9e59991adcbfb9befc7df4a64145357c0258a75825b8d54edb79a3876ae09,92.098900
theo_n,8,36,false,9,9,offchain,500,32,1.408800,123.351000,203.495400,204.904200,6.929300,true,3104,,0x2fe6349b77f8b704a4b6fda6a67fa440bb1a7ac8a5722ef77d23ee9340b379ca,0x2a09e0c9376ab1887e8ed9bdda26a27447b81b76c47152c2d50104fc5626ecc3,92.149300
theo_n,8,37,false,9,9,offchain,500,33,1.473300,120.798700,206.647000,208.120300,7.336300,true,3104,,0x2fe6349b77f8b704a4b6fda6a67fa440bb1a7ac8a5722ef77d23ee9340b379ca,0x2a9f0a9dfefd0b687425dbc05c820a0f13332e787844dda043d22dd10df498a6,92.981000
theo_n,8,38,false,9,9,offchain,500,34,1.426300,123.388300,200.614600,202.040900,6.941400,true,3104,,0x2fe6349b77f8b704a4b6fda6a67fa440bb1a7ac8a5722ef77d23ee9340b379ca,0x09e02495203c5b1835b1ad1db270049b8a4119702d53dd5886a235a5996bb099,93.692300
theo_n,8,39,false,9,9,offchain,500,35,1.349100,121.628700,198.115600,199.464700,7.901900,true,3104,,0x2fe6349b77f8b704a4b6fda6a67fa440bb1a7ac8a5722ef77d23ee9340b379ca,0x15b24bdd1b4b0a5fc499fc6c2dac6f90ccd9b28ef26c850a65e3f88b5c06ccec,92.959300
theo_n,8,40,false,9,9,offchain,500,36,1.396100,121.081200,199.642900,201.039000,6.876300,true,3104,,0x2fe6349b77f8b704a4b6fda6a67fa440bb1a7ac8a5722ef77d23ee9340b379ca,0x137e941e9cc4e3016c6985e12467691777c8c4a841527789f6bd0dec5f565c59,92.473600
theo_n,8,41,false,9,9,offchain,500,37,1.382300,121.973600,201.204200,202.586500,6.921700,true,3104,,0x2fe6349b77f8b704a4b6fda6a67fa440bb1a7ac8a5722ef77d23ee9340b379ca,0x10cadd1521fa6c0179e0ee11c59d94bc5304a9bba12cff518811447f7919e2cf,92.736600
theo_n,8,42,false,9,9,offchain,500,38,1.421200,125.566900,198.994300,200.415500,6.916700,true,3104,,0x2fe6349b77f8b704a4b6fda6a67fa440bb1a7ac8a5722ef77d23ee9340b379ca,0x1ad7e7d5b9ef8cfc0e8304ce037203d2aa80e2e3fcc45eac7c2a356351250524,92.091100
theo_n,8,43,false,9,9,offchain,500,39,1.347400,121.587100,200.146600,201.494000,6.877100,true,3104,,0x2fe6349b77f8b704a4b6fda6a67fa440bb1a7ac8a5722ef77d23ee9340b379ca,0x36fe2e9f819dd0e65c674f1dee54da6f9c1a176a655df186b096a3562d852a5d,92.800600
theo_n,8,44,false,9,9,offchain,500,40,1.426100,123.570900,202.206400,203.632500,6.974900,true,3104,,0x2fe6349b77f8b704a4b6fda6a67fa440bb1a7ac8a5722ef77d23ee9340b379ca,0x097e34dde40b4321dd80c99af3ef8422ec3a73656e53dc07dbf162c1a7990a32,97.065100
theo_n,8,45,false,9,9,offchain,500,41,1.335500,121.246800,198.907400,200.242900,6.944300,true,3104,,0x2fe6349b77f8b704a4b6fda6a67fa440bb1a7ac8a5722ef77d23ee9340b379ca,0x2ca71bcca7bed8690446f6f35eb9fd301a721d2284d5a81310cbc89bc807c08e,91.972500
theo_n,8,46,false,9,9,offchain,500,42,2.229700,122.493700,199.825900,202.055600,7.049800,true,3104,,0x2fe6349b77f8b704a4b6fda6a67fa440bb1a7ac8a5722ef77d23ee9340b379ca,0x0eb7c2b13f35ce06c28ef680f6c4cfc8e527cd2cdca83ba49d331a8e5a1a2030,92.658000
theo_n,8,47,false,9,9,offchain,500,43,1.384600,122.360400,199.516800,200.901400,6.959800,true,3104,,0x2fe6349b77f8b704a4b6fda6a67fa440bb1a7ac8a5722ef77d23ee9340b379ca,0x34889aed5c7b552ca8c00a9c6ba49700ffd03085af8904500901bc4b08b58faf,96.840100
theo_n,8,48,false,9,9,offchain,500,44,1.370100,121.183600,198.697700,200.067800,6.898500,true,3104,,0x2fe6349b77f8b704a4b6fda6a67fa440bb1a7ac8a5722ef77d23ee9340b379ca,0x208406b0c74f9fd5c45c8ba2ee4f58074a9b3e8b67ad550e8c80895095d21eed,92.138100
theo_n,8,49,false,9,9,offchain,500,45,1.337400,123.316900,258.574600,259.912000,7.184700,true,3104,,0x2fe6349b77f8b704a4b6fda6a67fa440bb1a7ac8a5722ef77d23ee9340b379ca,0x1e6ba2529c1c51cd0ab99d61e03b52081a2b2f765f142557f0afeda0cff80314,92.261400
theo_n,8,50,false,9,9,offchain,500,46,1.411700,123.668200,203.477800,204.889500,6.993000,true,3104,,0x2fe6349b77f8b704a4b6fda6a67fa440bb1a7ac8a5722ef77d23ee9340b379ca,0x24f94e7f98d781cdf3066c1516e1288f985404d2f474d2be5266774f759c0039,92.648900
theo_n,8,51,false,9,9,offchain,500,47,1.424100,122.475000,199.835500,201.259600,7.348500,true,3104,,0x2fe6349b77f8b704a4b6fda6a67fa440bb1a7ac8a5722ef77d23ee9340b379ca,0x2bc29b9bb94e111d25dae872bbe9a152f2932fe5c2dcfe7eb4589c3e284bc396,93.152000
theo_n,8,52,false,9,9,offchain,500,48,1.421800,123.481600,207.869800,209.291600,7.141200,true,3104,,0x2fe6349b77f8b704a4b6fda6a67fa440bb1a7ac8a5722ef77d23ee9340b379ca,0x3f2c363255bd9ac2db73cd3a02d9edfe2fceaea459f1eae54a9417e23c73fada,95.317400
theo_n,8,53,false,9,9,offchain,500,49,1.925200,122.915300,201.024200,202.949400,6.924800,true,3104,,0x2fe6349b77f8b704a4b6fda6a67fa440bb1a7ac8a5722ef77d23ee9340b379ca,0x105b181bd6e1bf4ae344f18d215e64d69671f3453c5ff6e536444dcede6f7a8f,92.196400
theo_n,8,54,false,9,9,offchain,500,50,1.372700,127.676100,227.868000,229.240700,8.419300,true,3104,,0x2fe6349b77f8b704a4b6fda6a67fa440bb1a7ac8a5722ef77d23ee9340b379ca,0x367a05d4576bf040770a0dfac5509fa5d77a62782c579bdada5981fe12efaa67,102.631000
theo_n,8,55,false,9,9,offchain,500,51,1.454600,139.077700,263.632700,265.087300,7.337900,true,3104,,0x2fe6349b77f8b704a4b6fda6a67fa440bb1a7ac8a5722ef77d23ee9340b379ca,0x1112593ea96c064743ef0a2c5d82b857ff41e53ace5b4abe93b2df0e5fb58a59,98.469200
theo_n,8,56,false,9,9,offchain,500,52,1.389300,130.538000,205.518000,206.907300,7.341800,true,3104,,0x2fe6349b77f8b704a4b6fda6a67fa440bb1a7ac8a5722ef77d23ee9340b379ca,0x31b370304c7cff2f4a2864357ffd01bf85f723635ccd35fc4c428b4890f47af1,94.669900
theo_n,8,57,false,9,9,offchain,500,53,1.458200,123.720600,200.901400,202.359600,7.503200,true,3104,,0x2fe6349b77f8b704a4b6fda6a67fa440bb1a7ac8a5722ef77d23ee9340b379ca,0x3d3025827bdc7c1a4cbd2fa980467237f17ab492d307245233a87b8a643f14ab,94.270800
theo_n,8,58,false,9,9,offchain,500,54,1.421600,124.903300,208.793600,210.215200,7.251600,true,3104,,0x2fe6349b77f8b704a4b6fda6a67fa440bb1a7ac8a5722ef77d23ee9340b379ca,0x34d7867c81d1e736bb70575120a00d08e4553a45a5a5e8213e3ed3d5a862f77a,95.943400
theo_n,8,59,false,9,9,offchain,500,55,1.415200,124.473100,201.329000,202.744200,7.212800,true,3104,,0x2fe6349b77f8b704a4b6fda6a67fa440bb1a7ac8a5722ef77d23ee9340b379ca,0x0b7ae8d25e76a5df04d61997493591106f2d742c98bcb28761d82773bf2ab6b3,109.050800
theo_n,8,60,false,9,9,offchain,500,56,1.393900,125.696500,204.583600,205.977500,7.258900,true,3104,,0x2fe6349b77f8b704a4b6fda6a67fa440bb1a7ac8a5722ef77d23ee9340b379ca,0x356556a6e6dbcbcf708a745b17a7298946c2d98eb9c544686c018651329069f8,96.629700
theo_n,8,61,false,9,9,offchain,500,57,1.438400,126.092700,208.824500,210.262900,7.022300,true,3104,,0x2fe6349b77f8b704a4b6fda6a67fa440bb1a7ac8a5722ef77d23ee9340b379ca,0x35affd8d03feade30e8bcc85d92d5c1e1c3f07572f69a33b47602db639ddf4eb,94.403700
theo_n,8,62,false,9,9,offchain,500,58,1.497600,123.877500,203.250700,204.748300,7.357200,true,3104,,0x2fe6349b77f8b704a4b6fda6a67fa440bb1a7ac8a5722ef77d23ee9340b379ca,0x35d159d0434207d958c002bfb58c81e555036eebb77fc92f633d8e45e4138d3a,94.228700
theo_n,8,63,false,9,9,offchain,500,59,1.491500,125.012600,201.975400,203.466900,7.511800,true,3104,,0x2fe6349b77f8b704a4b6fda6a67fa440bb1a7ac8a5722ef77d23ee9340b379ca,0x33b7affbeb57a5b82b7b9d668af0c3c7fbda480046926717d3b00c571eb87be4,92.234000
theo_n,8,64,false,9,9,offchain,500,60,1.486300,182.455500,204.494000,205.980300,7.130800,true,3104,,0x2fe6349b77f8b704a4b6fda6a67fa440bb1a7ac8a5722ef77d23ee9340b379ca,0x296ae6ced3f1274fe7a3358843e0c842a75bda60b852b254b477f46d82eecc71,94.822800
theo_n,8,65,false,9,9,offchain,500,61,1.404600,125.283600,200.640600,202.045200,7.048000,true,3104,,0x2fe6349b77f8b704a4b6fda6a67fa440bb1a7ac8a5722ef77d23ee9340b379ca,0x175131215e7801d8395735d66582488a3f45cf21ca4ac3df1895dd49dca8490d,92.413600
theo_n,8,66,false,9,9,offchain,500,62,1.359400,124.879800,204.063400,205.422800,7.238800,true,3104,,0x2fe6349b77f8b704a4b6fda6a67fa440bb1a7ac8a5722ef77d23ee9340b379ca,0x3493b117c949b0c7fad43853e1a11f960ec57e40ed3fedbbe9f6ee98f440c1a2,93.291000
theo_n,8,67,false,9,9,offchain,500,63,1.408100,125.654900,202.225800,203.633900,7.037700,true,3104,,0x2fe6349b77f8b704a4b6fda6a67fa440bb1a7ac8a5722ef77d23ee9340b379ca,0x151375a0e2cab64803c0677384030f3bf8d86c80fe19936a69f563c59fab30b1,93.916500
theo_n,8,68,false,9,9,offchain,500,64,1.438300,121.024000,201.062300,202.500600,7.258000,true,3104,,0x2fe6349b77f8b704a4b6fda6a67fa440bb1a7ac8a5722ef77d23ee9340b379ca,0x30b5adb40a92895d5ed53a0eeaa9d3c785cd219d950238043d775a741b72bb2c,92.988900
theo_n,8,69,false,9,9,offchain,500,65,1.441900,124.419600,202.081300,203.523200,6.889000,true,3104,,0x2fe6349b77f8b704a4b6fda6a67fa440bb1a7ac8a5722ef77d23ee9340b379ca,0x1fc6ffb941b71d65890a8e4128804db657be13262093318e86e8b548e0617dcf,93.828000
theo_n,8,70,false,9,9,offchain,500,66,1.443800,127.522000,203.281500,204.725300,7.091600,true,3104,,0x2fe6349b77f8b704a4b6fda6a67fa440bb1a7ac8a5722ef77d23ee9340b379ca,0x1974a9d05c061a4d1440c8e3477485d22643c540777402f3ff4d1226b013dd7b,93.262700
theo_n,8,71,false,9,9,offchain,500,67,1.423200,122.115200,202.316900,203.740100,6.968700,true,3104,,0x2fe6349b77f8b704a4b6fda6a67fa440bb1a7ac8a5722ef77d23ee9340b379ca,0x236dbf65939ffa8990a49eac3c48842c8b57d7d33627159fd2f4de1b078902fb,92.721200
theo_n,8,72,false,9,9,offchain,500,68,1.410500,123.789700,201.746400,203.156900,6.976600,true,3104,,0x2fe6349b77f8b704a4b6fda6a67fa440bb1a7ac8a5722ef77d23ee9340b379ca,0x069866effa4c385eb367f3e53f17d9a75ce227086c72ae9ebb073fc645606741,92.758700
theo_n,8,73,false,9,9,offchain,500,69,1.383300,121.074400,199.978000,201.361300,6.856000,true,3104,,0x2fe6349b77f8b704a4b6fda6a67fa440bb1a7ac8a5722ef77d23ee9340b379ca,0x0c43daa5853350e5fcd53cbe3a9849e42382c8128e6dc59b4a82cd69f7f04379,95.149300
theo_n,8,74,false,9,9,offchain,500,70,1.355500,122.640800,197.473100,198.828600,7.101700,true,3104,,0x2fe6349b77f8b704a4b6fda6a67fa440bb1a7ac8a5722ef77d23ee9340b379ca,0x020d9be1a95e587f228ddbf0721bfd65be3457d210f44a88755fcf5c8c274fb9,92.083800
theo_n,8,75,false,9,9,offchain,500,71,1.440200,121.740600,198.418700,199.858900,7.304100,true,3104,,0x2fe6349b77f8b704a4b6fda6a67fa440bb1a7ac8a5722ef77d23ee9340b379ca,0x1a892e6a7dc74c42986987fd5e36d2b0742f47af2460dbf0d9fe60320a89d30c,96.747200
theo_n,8,76,false,9,9,offchain,500,72,1.464100,133.917900,272.348700,273.812800,7.695300,true,3104,,0x2fe6349b77f8b704a4b6fda6a67fa440bb1a7ac8a5722ef77d23ee9340b379ca,0x24012d177461a632d9c00545fb9834207a4f0913b93c92f9dc477d249a4f5b8b,102.298500
theo_n,8,77,false,9,9,offchain,500,73,1.486100,142.361300,231.214700,232.700800,7.578500,true,3104,,0x2fe6349b77f8b704a4b6fda6a67fa440bb1a7ac8a5722ef77d23ee9340b379ca,0x15ddc7f941eb827dc742c94242cdb4202a7531ffe2e1320abb9f2e10c4d46bba,103.051700
theo_n,8,78,false,9,9,offchain,500,74,1.448900,132.803100,220.766800,222.215700,7.512600,true,3104,,0x2fe6349b77f8b704a4b6fda6a67fa440bb1a7ac8a5722ef77d23ee9340b379ca,0x0bef9a92e07a5e21d94c0109eaaf18de8f6698543279171aea36f65fee1fe308,96.567400
theo_n,8,79,false,9,9,offchain,500,75,1.435500,128.757300,207.272600,208.708100,9.014400,true,3104,,0x2fe6349b77f8b704a4b6fda6a67fa440bb1a7ac8a5722ef77d23ee9340b379ca,0x293dbbf2e0ee6a2c3f9223b121d1a2cfd00c97f67d78970374e17dd67a1d74bc,99.325500
theo_n,8,80,false,9,9,offchain,500,76,1.509500,130.202400,208.338300,209.847800,6.972800,true,3104,,0x2fe6349b77f8b704a4b6fda6a67fa440bb1a7ac8a5722ef77d23ee9340b379ca,0x112b1e399fc3ea2c4aa6bc7984dc59c250534aaf21590b036ca8a9e49ec93728,96.471100
theo_n,8,81,false,9,9,offchain,500,77,1.403700,124.584900,200.754100,202.157800,6.933700,true,3104,,0x2fe6349b77f8b704a4b6fda6a67fa440bb1a7ac8a5722ef77d23ee9340b379ca,0x2c391d862675b985122b7bde54e8a2413c33251b7ffea59b3eecf9be7a7ab553,92.555100
theo_n,8,82,false,9,9,offchain,500,78,1.377800,122.631400,200.010800,201.388600,7.060000,true,3104,,0x2fe6349b77f8b704a4b6fda6a67fa440bb1a7ac8a5722ef77d23ee9340b379ca,0x2b063c3c5c49d33b2da3b817ec149aeae6d7a130d98f861a5ee98a2c27732ff6,92.583300
theo_n,8,83,false,9,9,offchain,500,79,1.808400,123.215700,215.588000,217.396400,6.986600,true,3104,,0x2fe6349b77f8b704a4b6fda6a67fa440bb1a7ac8a5722ef77d23ee9340b379ca,0x03a944ffedcb6bd46ba34969f9ffb92fb3a4bf32edf50f1fdbd95a6f28a4f8d5,97.525100
theo_n,8,84,false,9,9,offchain,500,80,1.458500,127.548200,204.268100,205.726600,6.944500,true,3104,,0x2fe6349b77f8b704a4b6fda6a67fa440bb1a7ac8a5722ef77d23ee9340b379ca,0x226db5137513309d4a578e1f59e1687c5f8889c53b1e62025e1a3b2ccf3a2eec,93.843200
theo_n,8,85,false,9,9,offchain,500,81,1.329300,123.022700,200.288200,201.617500,7.233400,true,3104,,0x2fe6349b77f8b704a4b6fda6a67fa440bb1a7ac8a5722ef77d23ee9340b379ca,0x2327c5299fb59360173e53531f8cfb46faae6cbd3a39b734d4ac13a79305c10c,92.711700
theo_n,8,86,false,9,9,offchain,500,82,1.364400,123.943900,204.110000,205.474400,7.212000,true,3104,,0x2fe6349b77f8b704a4b6fda6a67fa440bb1a7ac8a5722ef77d23ee9340b379ca,0x1461edaabe49fbac3d272dd17fa989d2232a197f9f33322d31517a085e7074f6,93.163400
theo_n,8,87,false,9,9,offchain,500,83,1.456900,126.057700,202.233000,203.689900,7.602300,true,3104,,0x2fe6349b77f8b704a4b6fda6a67fa440bb1a7ac8a5722ef77d23ee9340b379ca,0x036eb7ef90ea532940cdc20ddf72d9e73001492b4888e85fc17a9f09d7452fca,93.373900
theo_n,8,88,false,9,9,offchain,500,84,1.364600,122.104900,196.597200,197.961800,6.896700,true,3104,,0x2fe6349b77f8b704a4b6fda6a67fa440bb1a7ac8a5722ef77d23ee9340b379ca,0x031f5573c450699b4dded04131f53dd85bb0e4432251025023c38abb65b61e56,91.992500
theo_n,8,89,false,9,9,offchain,500,85,1.409100,124.358400,199.941200,201.350300,7.237600,true,3104,,0x2fe6349b77f8b704a4b6fda6a67fa440bb1a7ac8a5722ef77d23ee9340b379ca,0x156c7ab873f453c200252bcd74f48164369d02b50a57d9689bc723194b8b3802,93.387500
theo_n,8,90,false,9,9,offchain,500,86,1.433600,182.549100,203.873900,205.307500,7.157600,true,3104,,0x2fe6349b77f8b704a4b6fda6a67fa440bb1a7ac8a5722ef77d23ee9340b379ca,0x331138e04ece8a2e6cbb3bc5d980ffb4f9dde1068e227fdb9832b846faaeca0e,93.165800
theo_n,8,91,false,9,9,offchain,500,87,1.374500,125.633900,204.178000,205.552500,7.837900,true,3104,,0x2fe6349b77f8b704a4b6fda6a67fa440bb1a7ac8a5722ef77d23ee9340b379ca,0x089d1aa1c2473d25b78af6935dcb93bd07aebbac0257d4d611f18fb5f545beeb,93.711200
theo_n,8,92,false,9,9,offchain,500,88,1.349800,124.045000,201.076400,202.426200,7.478800,true,3104,,0x2fe6349b77f8b704a4b6fda6a67fa440bb1a7ac8a5722ef77d23ee9340b379ca,0x1e93ea44a887f2e8fd076e0c7713ae9d34036e5aee4404a35e4b44acd32346c5,95.548500
theo_n,8,93,false,9,9,offchain,500,89,1.451000,125.856400,202.390400,203.841400,7.311500,true,3104,,0x2fe6349b77f8b704a4b6fda6a67fa440bb1a7ac8a5722ef77d23ee9340b379ca,0x1e123929cf2884f04173384ef96a723d1629eafc520534c33d5c33cbc548d4e0,96.375200
theo_n,8,94,false,9,9,offchain,500,90,1.480900,126.141600,201.168800,202.649700,6.999600,true,3104,,0x2fe6349b77f8b704a4b6fda6a67fa440bb1a7ac8a5722ef77d23ee9340b379ca,0x07e2ce03aef8e0a6f9039888b6581209d9b4511b0045717f795cd28f3fae8498,97.081700
theo_n,8,95,false,9,9,offchain,500,91,1.348500,123.219200,199.440200,200.788700,7.136300,true,3104,,0x2fe6349b77f8b704a4b6fda6a67fa440bb1a7ac8a5722ef77d23ee9340b379ca,0x22742fe979ce969d4cdb11f8076cc0152138d594231440b7590a9792caa27ff7,92.690000
theo_n,8,96,false,9,9,offchain,500,92,1.326300,125.296200,201.218900,202.545200,7.104500,true,3104,,0x2fe6349b77f8b704a4b6fda6a67fa440bb1a7ac8a5722ef77d23ee9340b379ca,0x2c9d50760aaf6391e556a5ba1c0804e54a3fda00913318e43a266220c37eb935,92.715400
theo_n,8,97,false,9,9,offchain,500,93,1.336600,122.708300,202.589800,203.926400,7.023900,true,3104,,0x2fe6349b77f8b704a4b6fda6a67fa440bb1a7ac8a5722ef77d23ee9340b379ca,0x3a752b4e6c05bd74df2d94939f850a55f28a17cceaae03d38743bd8ff61e3d5d,97.429300
theo_n,8,98,false,9,9,offchain,500,94,1.383800,123.573300,202.151400,203.535200,7.948400,true,3104,,0x2fe6349b77f8b704a4b6fda6a67fa440bb1a7ac8a5722ef77d23ee9340b379ca,0x3925e2a85c45e174b3dfeacf4d2c36c0b1ae3ff62b57faffa83a135bc086fce8,96.437500
theo_n,8,99,false,9,9,offchain,500,95,1.366200,130.960400,203.546000,204.912200,6.909900,true,3104,,0x2fe6349b77f8b704a4b6fda6a67fa440bb1a7ac8a5722ef77d23ee9340b379ca,0x022f8d0056933c95a43ba5b04cd9ad652953a2b5d0d3aea294037033125f5765,94.282300
theo_n,8,100,false,9,9,offchain,500,96,1.349500,122.662400,204.834700,206.184200,8.022400,true,3104,,0x2fe6349b77f8b704a4b6fda6a67fa440bb1a7ac8a5722ef77d23ee9340b379ca,0x1e9e2ade609569ab986455245dcd3a8d2cd79d70b61138c0bbd820794bef794a,100.344300
theo_n,8,101,false,9,9,offchain,500,97,1.511700,129.336600,211.772000,213.283700,7.223100,true,3104,,0x2fe6349b77f8b704a4b6fda6a67fa440bb1a7ac8a5722ef77d23ee9340b379ca,0x0ea9443dedf0f039461915c560ef0cd5202bc412a1277392db3c9b94736e19df,94.581900
theo_n,8,102,false,9,9,offchain,500,98,1.761700,127.584200,205.746300,207.508000,7.014300,true,3104,,0x2fe6349b77f8b704a4b6fda6a67fa440bb1a7ac8a5722ef77d23ee9340b379ca,0x33d4f89aea0692092e94f05f3633d908bf3138cbfc5e1524f6fdeddce4b4e37b,93.078400
theo_n,8,103,false,9,9,offchain,500,99,1.367700,121.960800,200.686800,202.054500,6.976000,true,3104,,0x2fe6349b77f8b704a4b6fda6a67fa440bb1a7ac8a5722ef77d23ee9340b379ca,0x2b4e96ee32f42f486de93dd2eb20d76741a3b2ea70a7b41595a5a54555e92a95,92.974000
theo_n,8,104,false,9,9,offchain,500,100,2.224000,172.648600,202.030000,204.254000,6.908800,true,3104,,0x2fe6349b77f8b704a4b6fda6a67fa440bb1a7ac8a5722ef77d23ee9340b379ca,0x07dd3f3c07969f48e22eaefcb1c5569a39fc4b5885b4a1a410401d462bfbb021,92.267600
theo_n,8,105,false,9,9,offchain,500,101,1.569100,122.188900,202.693700,204.262800,6.840300,true,3104,,0x2fe6349b77f8b704a4b6fda6a67fa440bb1a7ac8a5722ef77d23ee9340b379ca,0x0e7c2cec7b8eb7ce364425826dcf236c306113c8e5096126d3d3ca58007f19a9,92.839600
theo_n,8,106,false,9,9,offchain,500,102,1.349300,122.423600,198.778800,200.128100,6.981000,true,3104,,0x2fe6349b77f8b704a4b6fda6a67fa440bb1a7ac8a5722ef77d23ee9340b379ca,0x069e4120e2f7b77982127dc2138ad2c56e45d0e048c76797782b2a01372efecf,93.833700
theo_n,8,107,false,9,9,offchain,500,103,1.583700,125.806600,203.302300,204.886000,6.896000,true,3104,,0x2fe6349b77f8b704a4b6fda6a67fa440bb1a7ac8a5722ef77d23ee9340b379ca,0x1ee271b4609e05c1ab103aa937284d86c9dd1b64ab6e491e602267a604692b62,92.689700
theo_n,8,108,false,9,9,offchain,500,104,1.534400,121.986900,204.705100,206.239500,7.023900,true,3104,,0x2fe6349b77f8b704a4b6fda6a67fa440bb1a7ac8a5722ef77d23ee9340b379ca,0x18746a559176446a8ab51169501690db7490a782636c8990c5bbaea396bd0089,93.094500
theo_n,8,109,false,9,9,offchain,500,105,1.373500,122.041800,199.660500,201.034000,6.825200,true,3104,,0x2fe6349b77f8b704a4b6fda6a67fa440bb1a7ac8a5722ef77d23ee9340b379ca,0x3603939325fcca133581f5e01b0a873c4fb86ff8c8501029242d231030ae4730,95.329400
theo_n,8,110,false,9,9,offchain,500,106,1.405700,122.623100,205.249700,206.655400,6.928100,true,3104,,0x2fe6349b77f8b704a4b6fda6a67fa440bb1a7ac8a5722ef77d23ee9340b379ca,0x0309957ed4a228beae35d67e8be5072b3906f9fcf498fd7b8edd8f5cc1e90b88,93.244600
theo_n,8,111,false,9,9,offchain,500,107,1.572600,122.764400,201.397300,202.969900,7.028800,true,3104,,0x2fe6349b77f8b704a4b6fda6a67fa440bb1a7ac8a5722ef77d23ee9340b379ca,0x0e535e810973fbba586c3e7e8a4861b5d0379a483763a0b061dea657c3c82ba1,99.320200
theo_n,8,112,false,9,9,offchain,500,108,1.362500,121.884400,196.699500,198.062000,7.140700,true,3104,,0x2fe6349b77f8b704a4b6fda6a67fa440bb1a7ac8a5722ef77d23ee9340b379ca,0x2eb59862fcca804139e5e625af2d2e58ca75ea2cbe558917f84c9049f03acf89,92.567100
theo_n,8,113,false,9,9,offchain,500,109,1.408500,122.450400,203.543600,204.952100,6.919000,true,3104,,0x2fe6349b77f8b704a4b6fda6a67fa440bb1a7ac8a5722ef77d23ee9340b379ca,0x0eb03cbc9ef61500ebf9525588c063fb9b3da9023a8e98f4e422fbc8b83d21b1,95.476400
theo_n,8,114,false,9,9,offchain,500,110,1.336100,121.688300,200.642300,201.978400,7.095600,true,3104,,0x2fe6349b77f8b704a4b6fda6a67fa440bb1a7ac8a5722ef77d23ee9340b379ca,0x2ac49a4ce2066f1f950b20ddfcb22fb7b78f06ff7fc85c670eb62aa061a87187,94.606600
theo_n,8,115,false,9,9,offchain,500,111,1.391400,121.950700,205.834900,207.226300,6.940600,true,3104,,0x2fe6349b77f8b704a4b6fda6a67fa440bb1a7ac8a5722ef77d23ee9340b379ca,0x3fedb8027593a48bc73096ede0cc86b15ecc486ec6a5cce25e52762ed90b53e5,93.200900
theo_n,8,116,false,9,9,offchain,500,112,1.347200,123.168700,201.146100,202.493300,7.034300,true,3104,,0x2fe6349b77f8b704a4b6fda6a67fa440bb1a7ac8a5722ef77d23ee9340b379ca,0x048dad16b9456d602a09fa4858215cb8db44318b5e5f2cdb8c55d30b16a04ecd,92.636700
theo_n,8,117,false,9,9,offchain,500,113,1.497100,121.525400,199.680600,201.177700,6.949100,true,3104,,0x2fe6349b77f8b704a4b6fda6a67fa440bb1a7ac8a5722ef77d23ee9340b379ca,0x3a0f925adf8dcb5a9007b938d68416ada618ec3a24ccb916238a7503423eb662,92.707100
theo_n,8,118,false,9,9,offchain,500,114,1.406100,176.395500,204.539600,205.945700,7.285200,true,3104,,0x2fe6349b77f8b704a4b6fda6a67fa440bb1a7ac8a5722ef77d23ee9340b379ca,0x1f8dfb17f1ed7fd6841c4acacd125800bd853f2037fb0b9f940d34a73849f015,92.461100
theo_n,8,119,false,9,9,offchain,500,115,1.680300,128.972600,208.837100,210.517400,7.529800,true,3104,,0x2fe6349b77f8b704a4b6fda6a67fa440bb1a7ac8a5722ef77d23ee9340b379ca,0x07bb3c6e78f4931129730cc25a5ebad89b00ac25faa34a030e5bfd6731e85674,93.804100
theo_n,8,120,false,9,9,offchain,500,116,1.416000,130.430700,206.148000,207.564000,6.960200,true,3104,,0x2fe6349b77f8b704a4b6fda6a67fa440bb1a7ac8a5722ef77d23ee9340b379ca,0x0f8a51ebe6181317894fee2445b9ee879f41541327aadc9716339ddaa2011394,93.194000
theo_n,8,121,false,9,9,offchain,500,117,1.439200,123.082100,201.691500,203.130700,7.057800,true,3104,,0x2fe6349b77f8b704a4b6fda6a67fa440bb1a7ac8a5722ef77d23ee9340b379ca,0x3258a1b5cb69e9110e9233821657be6749c3bc471f62caa7965fd6bbe878a6b3,92.398100
theo_n,8,122,false,9,9,offchain,500,118,1.435700,124.754100,204.820700,206.256400,8.862900,true,3104,,0x2fe6349b77f8b704a4b6fda6a67fa440bb1a7ac8a5722ef77d23ee9340b379ca,0x0b4cf66301a979297eb4cef7143a3682226951e81dece88c104598edfa32bb85,94.318100
theo_n,8,123,false,9,9,offchain,500,119,1.491300,125.971200,206.512800,208.004100,6.987300,true,3104,,0x2fe6349b77f8b704a4b6fda6a67fa440bb1a7ac8a5722ef77d23ee9340b379ca,0x34a220c56a32ce4457faa733c28fe8ee0c8ba0a43da4c315660071848d20df18,98.308200
theo_n,8,124,false,9,9,offchain,500,120,1.365900,125.928700,204.073300,205.439200,7.284800,true,3104,,0x2fe6349b77f8b704a4b6fda6a67fa440bb1a7ac8a5722ef77d23ee9340b379ca,0x068aa72ec6c7edbcc433477b49b79c9fc5b18b94a01b5d659330c7a316f3de52,95.088200
theo_n,8,125,false,9,9,offchain,500,121,1.432900,126.214600,205.828400,207.261300,7.068900,true,3104,,0x2fe6349b77f8b704a4b6fda6a67fa440bb1a7ac8a5722ef77d23ee9340b379ca,0x05910f7ef3cccefaa26c691a704fc7c2a067f59954c37580e9918504530860f3,95.912800
theo_n,8,126,false,9,9,offchain,500,122,1.419200,124.827600,194.079100,195.498300,6.858400,true,3104,,0x2fe6349b77f8b704a4b6fda6a67fa440bb1a7ac8a5722ef77d23ee9340b379ca,0x2930049629a267aaa310ccce1d3a825b16928a8eae5424f1295da642ca91151e,91.661400
theo_n,8,127,false,9,9,offchain,500,123,1.433900,123.891500,215.025600,216.459500,8.227000,true,3104,,0x2fe6349b77f8b704a4b6fda6a67fa440bb1a7ac8a5722ef77d23ee9340b379ca,0x2867e36b12f207389b85f3a7f86ae38b2c25f5cef79359d3774eb971b87710ed,105.047700
theo_n,8,128,false,9,9,offchain,500,124,1.524900,133.528000,205.943900,207.468800,7.032200,true,3104,,0x2fe6349b77f8b704a4b6fda6a67fa440bb1a7ac8a5722ef77d23ee9340b379ca,0x21557e7edae2f2f3f591cd9dab903ca6c63f3d7fbfdf3770ed8988d5802bacc4,93.535300
theo_n,8,129,false,9,9,offchain,500,125,1.355100,121.894000,198.181700,199.536800,7.089200,true,3104,,0x2fe6349b77f8b704a4b6fda6a67fa440bb1a7ac8a5722ef77d23ee9340b379ca,0x0fde42439e029c080aebfe416b4f08e942d48d8f6d6a8d74d04bed8be3e1ed4b,92.910300
theo_n,8,130,false,9,9,offchain,500,126,1.382900,123.322600,201.880300,203.263200,6.966200,true,3104,,0x2fe6349b77f8b704a4b6fda6a67fa440bb1a7ac8a5722ef77d23ee9340b379ca,0x18c1b63ff8bbc1ea27b23ff824ecd084d481e647209ff99aa2ee13536afebf89,92.097600
theo_n,8,131,false,9,9,offchain,500,127,1.325200,124.851000,202.721300,204.046500,7.007200,true,3104,,0x2fe6349b77f8b704a4b6fda6a67fa440bb1a7ac8a5722ef77d23ee9340b379ca,0x1a79364a02b8abffda572de7da4499fa1cf6831620760579f9d0ec0961bba3a4,93.618200
theo_n,8,132,false,9,9,offchain,500,128,1.359700,171.361400,202.277400,203.637100,7.179700,true,3104,,0x2fe6349b77f8b704a4b6fda6a67fa440bb1a7ac8a5722ef77d23ee9340b379ca,0x0d1f3966fbb5632d1ddb8e1a83bed32d1e264a779841ee03a7ae4a67ea4aa1dc,93.607200
theo_n,8,133,false,9,9,offchain,500,129,1.356700,124.344800,200.031300,201.388000,7.091400,true,3104,,0x2fe6349b77f8b704a4b6fda6a67fa440bb1a7ac8a5722ef77d23ee9340b379ca,0x1516595735d5162e2a80b7eb0a22c57c57293051021f5154248f15e3e5191242,93.402000
theo_n,8,134,false,9,9,offchain,500,130,1.446300,125.396000,202.621300,204.067600,7.240100,true,3104,,0x2fe6349b77f8b704a4b6fda6a67fa440bb1a7ac8a5722ef77d23ee9340b379ca,0x2b218a7c4d1925e12f52195683b8baa6cfffe3df84bb3b7bbbc793689e7c83cf,93.676300
theo_n,8,135,false,9,9,offchain,500,131,1.336500,123.669900,213.068000,214.404500,7.041500,true,3104,,0x2fe6349b77f8b704a4b6fda6a67fa440bb1a7ac8a5722ef77d23ee9340b379ca,0x25aefaa0411f101d91baa21b0091f5694ab2599803c26962de027fc233035fe3,92.336200
theo_n,8,136,false,9,9,offchain,500,132,1.388900,122.449400,200.495400,201.884300,6.973500,true,3104,,0x2fe6349b77f8b704a4b6fda6a67fa440bb1a7ac8a5722ef77d23ee9340b379ca,0x17a70a53683d4b040c36c1fe255183f32f5dc797999a9319f4f4112c6a9a7c7e,95.397000
theo_n,8,137,false,9,9,offchain,500,133,1.435300,123.124100,199.857900,201.293200,7.016200,true,3104,,0x2fe6349b77f8b704a4b6fda6a67fa440bb1a7ac8a5722ef77d23ee9340b379ca,0x3399af32c63ecf5d04c6da4150a7cbff1075ef256625390233572dc8c51752ea,96.215700
theo_n,8,138,false,9,9,offchain,500,134,1.398600,122.594500,200.043800,201.442400,7.048500,true,3104,,0x2fe6349b77f8b704a4b6fda6a67fa440bb1a7ac8a5722ef77d23ee9340b379ca,0x2059c189bc871bf75ae46ccf0ba03b0242f2d9bf028cfd144bd09b783e6486a7,95.563400
theo_n,8,139,false,9,9,offchain,500,135,1.399500,122.555300,198.108400,199.507900,6.912400,true,3104,,0x2fe6349b77f8b704a4b6fda6a67fa440bb1a7ac8a5722ef77d23ee9340b379ca,0x01483b9f8413ba2c3770285aa5ca88003e247d038f65cf7c8e04329bd4ef9fb1,97.595400
theo_n,8,140,false,9,9,offchain,500,136,1.339700,122.234300,197.818700,199.158400,7.197300,true,3104,,0x2fe6349b77f8b704a4b6fda6a67fa440bb1a7ac8a5722ef77d23ee9340b379ca,0x3182b27c7f50b4f5591b48ea82a6812efc41aae5e762f089dcbfc44ffce137a0,97.656900
theo_n,8,141,false,9,9,offchain,500,137,1.530900,128.023100,207.903300,209.434200,7.194400,true,3104,,0x2fe6349b77f8b704a4b6fda6a67fa440bb1a7ac8a5722ef77d23ee9340b379ca,0x12b939036c5f5a6600e63b632922fc5585be477ef3b774b41eabcea9dde66bb9,100.028800
theo_n,8,142,false,9,9,offchain,500,138,1.383400,125.874200,203.472000,204.855400,7.267400,true,3104,,0x2fe6349b77f8b704a4b6fda6a67fa440bb1a7ac8a5722ef77d23ee9340b379ca,0x2c16b467a197afddb78e8a9e5831939c4dc8c1a85d9b04498c8dd859dc41ca60,92.406400
theo_n,8,143,false,9,9,offchain,500,139,1.430700,123.747100,201.878500,203.309200,7.280600,true,3104,,0x2fe6349b77f8b704a4b6fda6a67fa440bb1a7ac8a5722ef77d23ee9340b379ca,0x079b101af881ff3d804382dee9b96204698a0119a104b27bc0d7571326b7fde0,95.486700
theo_n,8,144,false,9,9,offchain,500,140,1.392300,122.300500,206.067500,207.459800,6.870400,true,3104,,0x2fe6349b77f8b704a4b6fda6a67fa440bb1a7ac8a5722ef77d23ee9340b379ca,0x19e60459517470537cdda65f9350fcb29de1d18f6de3ce2d26d063453f7a941c,93.055300
theo_n,8,145,false,9,9,offchain,500,141,1.317400,178.315200,203.563700,204.881100,6.985000,true,3104,,0x2fe6349b77f8b704a4b6fda6a67fa440bb1a7ac8a5722ef77d23ee9340b379ca,0x10eb3619499b37f4eeb5f8ce964a3da71095b68758dd7850248ab17def031631,92.202800
theo_n,8,146,false,9,9,offchain,500,142,1.348300,123.071800,200.655300,202.003600,7.097300,true,3104,,0x2fe6349b77f8b704a4b6fda6a67fa440bb1a7ac8a5722ef77d23ee9340b379ca,0x32f8601d3837a69cf0d53a7149a6ef9e290a6611a6328205091345073425a736,92.252700
theo_n,8,147,false,9,9,offchain,500,143,1.412900,124.611400,197.424300,198.837200,6.904000,true,3104,,0x2fe6349b77f8b704a4b6fda6a67fa440bb1a7ac8a5722ef77d23ee9340b379ca,0x398fc2634d5f6ca65eb333e515f35ee4c90fceb72ef92352576d5be9db50547a,90.453900
theo_n,8,148,false,9,9,offchain,500,144,1.347000,120.349100,199.811900,201.158900,7.010300,true,3104,,0x2fe6349b77f8b704a4b6fda6a67fa440bb1a7ac8a5722ef77d23ee9340b379ca,0x3e8ea1b06127b0023d665df6ed81fea19d43191da36ed477807d90072f8c1815,97.127400
theo_n,8,149,false,9,9,offchain,500,145,1.411400,121.380400,201.772800,203.184200,6.953500,true,3104,,0x2fe6349b77f8b704a4b6fda6a67fa440bb1a7ac8a5722ef77d23ee9340b379ca,0x2c50b4f04b0b926fe4c16e8f9aaa9aa8ad930e9a47866c1e50e4e68f58906bd8,91.427300
theo_n,8,150,false,9,9,offchain,500,146,1.356700,122.608800,197.616200,198.972900,6.972100,true,3104,,0x2fe6349b77f8b704a4b6fda6a67fa440bb1a7ac8a5722ef77d23ee9340b379ca,0x39a11cfc282eb588d3eb0fc40a8c7d8851fabcfad82e23c8b4cf395526b35b9d,91.476600
theo_n,8,151,false,9,9,offchain,500,147,1.378400,122.286300,200.874800,202.253200,6.855900,true,3104,,0x2fe6349b77f8b704a4b6fda6a67fa440bb1a7ac8a5722ef77d23ee9340b379ca,0x3775c61e39491aaa4e9ab624a54cd1dc6c02f169415dbcd7f46790d1a41d7959,106.176400
theo_n,8,152,false,9,9,offchain,500,148,1.904500,122.441100,198.854200,200.758700,6.993100,true,3104,,0x2fe6349b77f8b704a4b6fda6a67fa440bb1a7ac8a5722ef77d23ee9340b379ca,0x05f3478da4c9280431de1020e72a42e0a6930273bf7a93480c2dfbbbe6033d06,92.606900
theo_n,8,153,false,9,9,offchain,500,149,1.344400,127.996000,201.320600,202.665000,7.126100,true,3104,,0x2fe6349b77f8b704a4b6fda6a67fa440bb1a7ac8a5722ef77d23ee9340b379ca,0x030cce050af4b5d35d4022cbcb0373675ad6997be5109433676c856817260626,91.947200
theo_n,8,154,false,9,9,offchain,500,150,1.392900,122.972200,202.866500,204.259400,7.108900,true,3104,,0x2fe6349b77f8b704a4b6fda6a67fa440bb1a7ac8a5722ef77d23ee9340b379ca,0x111c7ea6a37c67383e91eaf03f5ab3472bcbc5bf9bbe05827503e4959341a4a1,92.341300
theo_n,8,155,false,9,9,offchain,500,151,1.420000,121.729400,199.109300,200.529300,7.034800,true,3104,,0x2fe6349b77f8b704a4b6fda6a67fa440bb1a7ac8a5722ef77d23ee9340b379ca,0x2bfee613bf81411c56d7ef0c003115e225069dab061b90e23a92b98c8ddb26f0,93.997700
theo_n,8,156,false,9,9,offchain,500,152,1.363000,122.330900,198.285600,199.648600,7.035700,true,3104,,0x2fe6349b77f8b704a4b6fda6a67fa440bb1a7ac8a5722ef77d23ee9340b379ca,0x383da1d3cf2b4eeffc1b06c810cfe86468f9bf5b7fe643f0b697fc5e1b8ab292,92.701600
theo_n,8,157,false,9,9,offchain,500,153,1.396000,122.206400,197.816200,199.212200,6.896200,true,3104,,0x2fe6349b77f8b704a4b6fda6a67fa440bb1a7ac8a5722ef77d23ee9340b379ca,0x3f2d01f65c8b8e3be93bcde41582075e16e5aeb952017f8f2da5e019d3e11bb3,92.133700
theo_n,8,158,false,9,9,offchain,500,154,1.350800,122.123500,197.416500,198.767300,7.036100,true,3104,,0x2fe6349b77f8b704a4b6fda6a67fa440bb1a7ac8a5722ef77d23ee9340b379ca,0x21380923866f671c7121d7026e7893bebc3ad0fd1eafa54a6c1ef9f7cf52785d,92.824800
theo_n,8,159,false,9,9,offchain,500,155,1.329700,123.040500,259.343900,260.673600,6.988900,true,3104,,0x2fe6349b77f8b704a4b6fda6a67fa440bb1a7ac8a5722ef77d23ee9340b379ca,0x34771d528051bff6572f82c1c48e74a8bba5258f56d6ff8bacddf42e45104d6a,93.079000
theo_n,8,160,false,9,9,offchain,500,156,1.370400,123.474900,202.198700,203.569100,6.968500,true,3104,,0x2fe6349b77f8b704a4b6fda6a67fa440bb1a7ac8a5722ef77d23ee9340b379ca,0x2100784b517b09d67e349bb488427c6b04de23e145a8194874ed65a9310e8861,92.544100
theo_n,8,161,false,9,9,offchain,500,157,1.474300,124.774100,202.134000,203.608300,6.901600,true,3104,,0x2fe6349b77f8b704a4b6fda6a67fa440bb1a7ac8a5722ef77d23ee9340b379ca,0x0285a09a47a8fa691ba13880fdc9852c771638cc32c694d8b098031a4eb27497,92.215800
theo_n,8,162,false,9,9,offchain,500,158,1.351900,122.180300,207.828000,209.179900,7.141600,true,3104,,0x2fe6349b77f8b704a4b6fda6a67fa440bb1a7ac8a5722ef77d23ee9340b379ca,0x1f6bee0fa69b1da9fd33c886502eb4f4125a1cb202a6c0edabcd48c39e3e5c00,93.591600
theo_n,8,163,false,9,9,offchain,500,159,1.403700,126.364700,209.154300,210.558000,7.218300,true,3104,,0x2fe6349b77f8b704a4b6fda6a67fa440bb1a7ac8a5722ef77d23ee9340b379ca,0x003bd1345f5975eabb5f63ea452e1b10998e7652b3623d6c6193d19e6398d8c6,92.723700
theo_n,8,164,false,9,9,offchain,500,160,1.385900,121.962600,204.309000,205.694900,7.034100,true,3104,,0x2fe6349b77f8b704a4b6fda6a67fa440bb1a7ac8a5722ef77d23ee9340b379ca,0x2921ba822ad6d8a81a6279252f1b385f548fe3027ab76082a833a84cfc2abe09,92.389600
theo_n,8,165,false,9,9,offchain,500,161,1.572800,122.001400,198.660700,200.233500,7.182700,true,3104,,0x2fe6349b77f8b704a4b6fda6a67fa440bb1a7ac8a5722ef77d23ee9340b379ca,0x29c4fa1e011e41b79a4af8eb2aa0d14b9a4beecaa1acfd3045ecc3ef3b06c2bd,96.798500
theo_n,8,166,false,9,9,offchain,500,162,1.462700,126.742100,204.568400,206.031100,7.051500,true,3104,,0x2fe6349b77f8b704a4b6fda6a67fa440bb1a7ac8a5722ef77d23ee9340b379ca,0x390b3baa40fc93b19b64ec900799079cc4c47fd9f7287fa8ebc0a95218b87163,95.096100
theo_n,8,167,false,9,9,offchain,500,163,1.430400,126.959900,204.368700,205.799100,7.103700,true,3104,,0x2fe6349b77f8b704a4b6fda6a67fa440bb1a7ac8a5722ef77d23ee9340b379ca,0x20865171893a06ff4935b221f4e2776f8cbd781eff8b1f83b803d8808c58ec6a,94.799300
theo_n,8,168,false,9,9,offchain,500,164,1.351900,121.597000,198.678500,200.030400,7.254200,true,3104,,0x2fe6349b77f8b704a4b6fda6a67fa440bb1a7ac8a5722ef77d23ee9340b379ca,0x29a76e3cc1f9dba9d4312df5f4a14fb4144d14d8831f4765b0bfe43a2e33262b,94.409100
theo_n,8,169,false,9,9,offchain,500,165,1.375700,122.358300,199.476800,200.852500,7.008700,true,3104,,0x2fe6349b77f8b704a4b6fda6a67fa440bb1a7ac8a5722ef77d23ee9340b379ca,0x3ef54336234b9d64663652777cdf64f3e2319565d9b5d8726d67f181df78046e,97.309200
theo_n,8,170,false,9,9,offchain,500,166,1.491400,122.455200,201.520400,203.011800,6.855600,true,3104,,0x2fe6349b77f8b704a4b6fda6a67fa440bb1a7ac8a5722ef77d23ee9340b379ca,0x33ec92559f58db46a2b4bc334db12e3522bc765c8b0977fcc99f3c725ba58f61,96.433900
theo_n,8,171,false,9,9,offchain,500,167,1.454100,126.792700,203.330600,204.784700,7.020200,true,3104,,0x2fe6349b77f8b704a4b6fda6a67fa440bb1a7ac8a5722ef77d23ee9340b379ca,0x1bbfa9f6bb6015919b05a65c69f9bb223d1743a2bd6956aadaaf608e0975c1a0,93.035200
theo_n,8,172,false,9,9,offchain,500,168,1.370300,124.820200,258.482100,259.852400,7.245700,true,3104,,0x2fe6349b77f8b704a4b6fda6a67fa440bb1a7ac8a5722ef77d23ee9340b379ca,0x3fcd47ce60762213f034ff04d8625884009e0ea9271e7aab6597ecedddd619bb,92.863800
theo_n,8,173,false,9,9,offchain,500,169,1.405900,124.310400,198.804300,200.210200,7.035300,true,3104,,0x2fe6349b77f8b704a4b6fda6a67fa440bb1a7ac8a5722ef77d23ee9340b379ca,0x2fcea9f4f817a98ab8811bf19be916be59700107f1afe7ba961d3dc7691231dc,93.211700
theo_n,8,174,false,9,9,offchain,500,170,1.421900,122.841300,204.119000,205.540900,6.989300,true,3104,,0x2fe6349b77f8b704a4b6fda6a67fa440bb1a7ac8a5722ef77d23ee9340b379ca,0x324edb1ce15cb89a0516107640a8a4c7c547b2dd3b7d396ca79e94647a282752,96.966000
theo_n,8,175,false,9,9,offchain,500,171,1.386100,126.682700,204.838200,206.224300,7.351900,true,3104,,0x2fe6349b77f8b704a4b6fda6a67fa440bb1a7ac8a5722ef77d23ee9340b379ca,0x38fd2d423d1cdbbe4af263c8937e5990af18153247e6e5c9a0d219e4a4c9d321,98.189300
theo_n,8,176,false,9,9,offchain,500,172,1.546000,124.089100,201.039900,202.585900,6.855900,true,3104,,0x2fe6349b77f8b704a4b6fda6a67fa440bb1a7ac8a5722ef77d23ee9340b379ca,0x30a365d6516963fdbd19185279f481dea56b074c1836598dfe107f23c503cf38,94.498300
theo_n,8,177,false,9,9,offchain,500,173,1.434500,122.145500,201.386800,202.821300,6.828900,true,3104,,0x2fe6349b77f8b704a4b6fda6a67fa440bb1a7ac8a5722ef77d23ee9340b379ca,0x272209cfb65cddd8022626235236e58546c3379a49e24568c83f302ea6d5ecb9,92.202200
theo_n,8,178,false,9,9,offchain,500,174,1.348000,122.518000,199.526300,200.874300,6.954400,true,3104,,0x2fe6349b77f8b704a4b6fda6a67fa440bb1a7ac8a5722ef77d23ee9340b379ca,0x2c84b8ba64a335b92e0bd7f5630eb3b6599e03482fc6624f3bea16212ef6a2ee,92.899500
theo_n,8,179,false,9,9,offchain,500,175,1.317100,122.648400,200.698100,202.015200,6.938300,true,3104,,0x2fe6349b77f8b704a4b6fda6a67fa440bb1a7ac8a5722ef77d23ee9340b379ca,0x038dc1414214f5a4d9df4e7a126bf51b554edd9c5b313b919455b9677c1446d4,93.832700
theo_n,8,180,false,9,9,offchain,500,176,1.408900,124.980000,199.650300,201.059200,6.989400,true,3104,,0x2fe6349b77f8b704a4b6fda6a67fa440bb1a7ac8a5722ef77d23ee9340b379ca,0x332415f37103751bfefaae181491f80c7b78afc00e928c0cf848720dcc56dd38,96.082500
theo_n,8,181,false,9,9,offchain,500,177,1.387300,123.422500,197.844300,199.231600,6.880200,true,3104,,0x2fe6349b77f8b704a4b6fda6a67fa440bb1a7ac8a5722ef77d23ee9340b379ca,0x033d05a8d4a07be1c8e737f9c51f388d72d0719385f2b7696c9d254481e41ddb,92.690200
theo_n,8,182,false,9,9,offchain,500,178,1.332500,121.772200,198.325200,199.657700,7.366500,true,3104,,0x2fe6349b77f8b704a4b6fda6a67fa440bb1a7ac8a5722ef77d23ee9340b379ca,0x197af70f9da7ce3f99f32d75e502198249641f5dbd2b5343d08fcb2dc41382e6,103.800500
theo_n,8,183,false,9,9,offchain,500,179,1.504900,133.434300,283.522800,285.027700,7.809200,true,3104,,0x2fe6349b77f8b704a4b6fda6a67fa440bb1a7ac8a5722ef77d23ee9340b379ca,0x15ad64e669ba0728c4958183a0b2aa4c4d8e48942cc7c71caebf4945d503f3c2,104.544800
theo_n,8,184,false,9,9,offchain,500,180,1.506800,135.462000,212.769800,214.276600,7.505100,true,3104,,0x2fe6349b77f8b704a4b6fda6a67fa440bb1a7ac8a5722ef77d23ee9340b379ca,0x142b57be2fea88cb35f3c7cd3935579d1db786cf39290c7d90e6febad20f5f58,116.306900
theo_n,8,185,false,9,9,offchain,500,181,1.400900,126.703400,206.577200,207.978100,7.207600,true,3104,,0x2fe6349b77f8b704a4b6fda6a67fa440bb1a7ac8a5722ef77d23ee9340b379ca,0x2f344243fd50926daf10c60277b47aa96ab3ae49bee2ace467cdd29ef5f09e13,94.550300
theo_n,8,186,false,9,9,offchain,500,182,1.349900,123.912200,261.187100,262.537000,7.292400,true,3104,,0x2fe6349b77f8b704a4b6fda6a67fa440bb1a7ac8a5722ef77d23ee9340b379ca,0x0f639c1300db549c48f1b27dafc8b040f3c1cfc9159e496d62be76a608e63acb,95.376200
theo_n,8,187,false,9,9,offchain,500,183,1.351600,129.194000,205.128100,206.479700,7.220500,true,3104,,0x2fe6349b77f8b704a4b6fda6a67fa440bb1a7ac8a5722ef77d23ee9340b379ca,0x1112001707407a3e97cda0c1696dcd2afeb1de6c0edc2614bb7e66b10a9811f9,98.796200
theo_n,8,188,false,9,9,offchain,500,184,1.400000,125.432800,201.640300,203.040300,6.868600,true,3104,,0x2fe6349b77f8b704a4b6fda6a67fa440bb1a7ac8a5722ef77d23ee9340b379ca,0x20b748016a081789c598c45980038297e9bf621eaab2a5ae4758dc9751b4fcb7,92.458700
theo_n,8,189,false,9,9,offchain,500,185,1.337100,125.861300,198.800400,200.137500,6.830100,true,3104,,0x2fe6349b77f8b704a4b6fda6a67fa440bb1a7ac8a5722ef77d23ee9340b379ca,0x3b0467a870288df6b3ee6ac1ac0a244eea16665024e22239ab2a56ba0b6c6c4f,98.472300
theo_n,8,190,false,9,9,offchain,500,186,1.407000,121.958900,196.021100,197.428100,6.884200,true,3104,,0x2fe6349b77f8b704a4b6fda6a67fa440bb1a7ac8a5722ef77d23ee9340b379ca,0x13d57e8cf606620453fc0dd19fe83051fda08037e0421d27a7db08ae4c65561d,91.515800
theo_n,8,191,false,9,9,offchain,500,187,1.428900,121.892300,198.340700,199.769600,6.966600,true,3104,,0x2fe6349b77f8b704a4b6fda6a67fa440bb1a7ac8a5722ef77d23ee9340b379ca,0x1130d93cb72e0a14d1a6c1f441514c412afdd724723affb16edb8359a53ae6bf,92.281900
theo_n,8,192,false,9,9,offchain,500,188,1.336700,122.154100,202.899500,204.236200,7.257000,true,3104,,0x2fe6349b77f8b704a4b6fda6a67fa440bb1a7ac8a5722ef77d23ee9340b379ca,0x21b3a9a5243fc7b838bf09e74ed1d83ca942fc6c57ceb042543f05a175f9557d,93.415800
theo_n,8,193,false,9,9,offchain,500,189,1.436000,123.928700,200.322800,201.758800,6.886100,true,3104,,0x2fe6349b77f8b704a4b6fda6a67fa440bb1a7ac8a5722ef77d23ee9340b379ca,0x283a2c1e7554ab9c143d5264b60b1000f0b15c454c13d211e1a5ee74cabffad6,96.369900
theo_n,8,194,false,9,9,offchain,500,190,1.404100,121.297200,197.924100,199.328200,7.006500,true,3104,,0x2fe6349b77f8b704a4b6fda6a67fa440bb1a7ac8a5722ef77d23ee9340b379ca,0x02ba6374c6c17cf95392731e7f87d92399dd5e0b23d1d9444bd12fb819da5711,94.536100
theo_n,8,195,false,9,9,offchain,500,191,1.415400,124.694800,201.417300,202.832700,6.879700,true,3104,,0x2fe6349b77f8b704a4b6fda6a67fa440bb1a7ac8a5722ef77d23ee9340b379ca,0x0b1650951bc1e1fce7fb91cc2c021c1b19e3314cb416922c6372325ef8376576,96.214600
theo_n,8,196,false,9,9,offchain,500,192,1.320500,125.517000,201.239300,202.559800,6.909400,true,3104,,0x2fe6349b77f8b704a4b6fda6a67fa440bb1a7ac8a5722ef77d23ee9340b379ca,0x2dd9ce672ac3eb17d6b5446e7e96708a8532b57a5981e26ade86270db1a6c039,92.202900
theo_n,8,197,false,9,9,offchain,500,193,1.373100,124.079800,202.331900,203.705000,7.049000,true,3104,,0x2fe6349b77f8b704a4b6fda6a67fa440bb1a7ac8a5722ef77d23ee9340b379ca,0x1f2068c52ddda17eec4abb5d2cf7343d1f13c6ed173c337b495ff8a281cf745c,97.411800
theo_n,8,198,false,9,9,offchain,500,194,1.338000,124.839700,203.281600,204.619600,6.942100,true,3104,,0x2fe6349b77f8b704a4b6fda6a67fa440bb1a7ac8a5722ef77d23ee9340b379ca,0x3d0b8feccd8e664dd8714b01524651cf9f56b0a504916d3c13a73b286c4db56a,95.848200
theo_n,8,199,false,9,9,offchain,500,195,1.413500,124.398000,262.350200,263.763700,7.036100,true,3104,,0x2fe6349b77f8b704a4b6fda6a67fa440bb1a7ac8a5722ef77d23ee9340b379ca,0x331ca259bce438b00c014e3f806f228048c9a13f37e48da0b0ef3bf757e67c6e,92.919500
theo_n,8,200,false,9,9,offchain,500,196,1.380500,122.719900,202.371000,203.751500,7.257800,true,3104,,0x2fe6349b77f8b704a4b6fda6a67fa440bb1a7ac8a5722ef77d23ee9340b379ca,0x0846074347fad563ae37b34419ca48d2834fb29a9f616efeedf63f972fdf03d4,95.360500
theo_n,8,201,false,9,9,offchain,500,197,1.390600,122.308100,201.738300,203.128900,6.985300,true,3104,,0x2fe6349b77f8b704a4b6fda6a67fa440bb1a7ac8a5722ef77d23ee9340b379ca,0x273296438d1fe77303776b743600c96390e0a2c3a430e9083e134caad3aa6fa3,92.757100
theo_n,8,202,false,9,9,offchain,500,198,1.384100,123.426200,200.590100,201.974200,7.052200,true,3104,,0x2fe6349b77f8b704a4b6fda6a67fa440bb1a7ac8a5722ef77d23ee9340b379ca,0x2abe995e621cbbcce94e5effcca70dcdb882e997843991c965267abd59c29cfa,92.569500
theo_n,8,203,false,9,9,offchain,500,199,1.452100,123.647400,200.590800,202.042900,7.040600,true,3104,,0x2fe6349b77f8b704a4b6fda6a67fa440bb1a7ac8a5722ef77d23ee9340b379ca,0x1fac4fcd1b8acc574b6798e75ab10b59df880c73bafff58347aa86bc0a51c43e,93.098400
theo_n,8,204,false,9,9,offchain,500,200,1.314000,122.558200,200.793600,202.107600,7.068600,true,3104,,0x2fe6349b77f8b704a4b6fda6a67fa440bb1a7ac8a5722ef77d23ee9340b379ca,0x1bc4d68efc00df7ee997830ff21f683f9546976b589eff36a51905b7fdfc58ca,92.678800
theo_n,8,205,false,9,9,offchain,500,201,1.401100,125.303300,207.235700,208.636800,6.965800,true,3104,,0x2fe6349b77f8b704a4b6fda6a67fa440bb1a7ac8a5722ef77d23ee9340b379ca,0x3f284c76415dc4eee75c087ae3413c0ca08ea6399a5edeb35a5f334f21a539fe,101.225600
theo_n,8,206,false,9,9,offchain,500,202,1.357500,129.012700,214.034600,215.392100,7.272500,true,3104,,0x2fe6349b77f8b704a4b6fda6a67fa440bb1a7ac8a5722ef77d23ee9340b379ca,0x24d1804c82c2912aaed224965411d6913e59524312d014390e98202a4aabc378,96.892200
theo_n,8,207,false,9,9,offchain,500,203,1.546600,126.740900,207.391200,208.937800,7.352500,true,3104,,0x2fe6349b77f8b704a4b6fda6a67fa440bb1a7ac8a5722ef77d23ee9340b379ca,0x16cb24082fddf3a5f8222e0920ab3cb438d771e34626f517d4cba488e3962386,96.738000
theo_n,8,208,false,9,9,offchain,500,204,1.394600,125.202500,200.813000,202.207600,7.096100,true,3104,,0x2fe6349b77f8b704a4b6fda6a67fa440bb1a7ac8a5722ef77d23ee9340b379ca,0x131ea3bfb78a1e6e6abab26bb71334dc6f0b601fa429fede863c93f9d818abb2,97.345500
theo_n,8,209,false,9,9,offchain,500,205,1.433400,121.594300,201.614900,203.048300,6.981600,true,3104,,0x2fe6349b77f8b704a4b6fda6a67fa440bb1a7ac8a5722ef77d23ee9340b379ca,0x09596a76ddd57e516f66c2f9a6fcd8ec82d281c7ccc99fe91ec26cc1dd157db3,92.652500
theo_n,8,210,false,9,9,offchain,500,206,1.397200,122.006300,198.346500,199.743700,6.996500,true,3104,,0x2fe6349b77f8b704a4b6fda6a67fa440bb1a7ac8a5722ef77d23ee9340b379ca,0x061604f7c3279342f527d4348f7ec1f2c05f8043dacd7f33ad21e53d4fc12390,93.887800
theo_n,8,211,false,9,9,offchain,500,207,1.343400,120.992000,197.518300,198.861700,7.230200,true,3104,,0x2fe6349b77f8b704a4b6fda6a67fa440bb1a7ac8a5722ef77d23ee9340b379ca,0x0cd912920c5f798209af86070eef0d6cd0b48c09440772bc28bc9f6717e7c15f,98.415700
theo_n,8,212,false,9,9,offchain,500,208,1.508300,125.227600,203.252500,204.760800,7.252500,true,3104,,0x2fe6349b77f8b704a4b6fda6a67fa440bb1a7ac8a5722ef77d23ee9340b379ca,0x30c8ef117e8748987515f4ca33bcbbae5e787d2a3a8978b39cf6574468b93c1d,95.218400
theo_n,8,213,false,9,9,offchain,500,209,1.512900,184.482700,203.186000,204.698900,7.368700,true,3104,,0x2fe6349b77f8b704a4b6fda6a67fa440bb1a7ac8a5722ef77d23ee9340b379ca,0x1048d4d217c0b8e44608afcb1ac08d5c4519d821235db477249f52c86c1dc4f4,94.061600
theo_n,8,214,false,9,9,offchain,500,210,1.581700,124.475300,200.163400,201.745100,6.879200,true,3104,,0x2fe6349b77f8b704a4b6fda6a67fa440bb1a7ac8a5722ef77d23ee9340b379ca,0x01064a3dd66fe61cea6fbc7fee4dd2e4bf4316a8fdfe2332c692bb40b5070076,92.346000
theo_n,8,215,false,9,9,offchain,500,211,1.359500,121.303400,199.665300,201.024800,7.144200,true,3104,,0x2fe6349b77f8b704a4b6fda6a67fa440bb1a7ac8a5722ef77d23ee9340b379ca,0x21ba8af501a4cbfd9a1f3ef54a78e633b70c33ba4585940387538c4f892cfb4e,92.923900
theo_n,8,216,false,9,9,offchain,500,212,1.421500,121.755600,197.604100,199.025600,7.013900,true,3104,,0x2fe6349b77f8b704a4b6fda6a67fa440bb1a7ac8a5722ef77d23ee9340b379ca,0x239fea907d60110ce7c16d7ff4b14c4a18324ffa6af0d06688050ca7878b6a52,94.723800
theo_n,8,217,false,9,9,offchain,500,213,1.356700,122.242400,197.936000,199.292700,6.948400,true,3104,,0x2fe6349b77f8b704a4b6fda6a67fa440bb1a7ac8a5722ef77d23ee9340b379ca,0x24e94cd78cc4213c982225bcb2991090eb45ac53bb3f3263531d349b13975122,92.210900
theo_n,8,218,false,9,9,offchain,500,214,1.374900,122.238800,204.200500,205.575400,6.947400,true,3104,,0x2fe6349b77f8b704a4b6fda6a67fa440bb1a7ac8a5722ef77d23ee9340b379ca,0x1f1a36958171b4ac69e853fa232864a4dfc364ad454b6c9e10ae0b744c1775d4,92.750100
theo_n,8,219,false,9,9,offchain,500,215,1.382100,120.424200,198.605100,199.987200,7.061200,true,3104,,0x2fe6349b77f8b704a4b6fda6a67fa440bb1a7ac8a5722ef77d23ee9340b379ca,0x224f7c77edb5dbfe132092e810ac26ad4e6c093e53995d08e51b3212bddf8b5a,93.898000
theo_n,8,220,false,9,9,offchain,500,216,1.608900,122.642900,199.797500,201.406400,7.189700,true,3104,,0x2fe6349b77f8b704a4b6fda6a67fa440bb1a7ac8a5722ef77d23ee9340b379ca,0x33c8f00b63241b99b8399696b5ac79215b8847d88b2836480c42c63c3b9338a6,92.876900
theo_n,8,221,false,9,9,offchain,500,217,1.370300,125.123100,202.810400,204.180700,7.828300,true,3104,,0x2fe6349b77f8b704a4b6fda6a67fa440bb1a7ac8a5722ef77d23ee9340b379ca,0x22ef695b16b79a12ad82ef7b1578ebaf5624f0cc596cb1376280302cda5e6a44,93.448500
theo_n,8,222,false,9,9,offchain,500,218,1.401700,123.272200,205.273300,206.675000,7.157900,true,3104,,0x2fe6349b77f8b704a4b6fda6a67fa440bb1a7ac8a5722ef77d23ee9340b379ca,0x271aa4fbf3693e5b18d829ee9c39cef6bc4da922a2168b6750324caad8d53f21,97.790700
theo_n,8,223,false,9,9,offchain,500,219,1.429800,124.930700,200.490100,201.919900,7.054100,true,3104,,0x2fe6349b77f8b704a4b6fda6a67fa440bb1a7ac8a5722ef77d23ee9340b379ca,0x10a4ec0e9594c3d6874d43781b150c230f2ef42aa203d6f5ab383cafb7195b60,93.130300
theo_n,8,224,false,9,9,offchain,500,220,1.353500,122.526900,202.854600,204.208100,6.905400,true,3104,,0x2fe6349b77f8b704a4b6fda6a67fa440bb1a7ac8a5722ef77d23ee9340b379ca,0x17249968cfb1672caa6753361693a65c8535d902c553ce902710ed8ff12c272b,93.496000
theo_n,8,225,false,9,9,offchain,500,221,1.358000,123.347400,199.673000,201.031000,6.999200,true,3104,,0x2fe6349b77f8b704a4b6fda6a67fa440bb1a7ac8a5722ef77d23ee9340b379ca,0x1b626f535514e4e5a7c4d23db21fd87178cf55d4ddef6c4d32ea7d8a374b9675,97.357400
theo_n,8,226,false,9,9,offchain,500,222,1.391200,121.015700,196.993400,198.384600,11.228900,true,3104,,0x2fe6349b77f8b704a4b6fda6a67fa440bb1a7ac8a5722ef77d23ee9340b379ca,0x10074f9eb31e9c6ecea33dd09b942747dde26ea5b43debd11bc3d66d758a78ba,97.881000
theo_n,8,227,false,9,9,offchain,500,223,1.338900,121.951300,265.872700,267.211600,7.994800,true,3104,,0x2fe6349b77f8b704a4b6fda6a67fa440bb1a7ac8a5722ef77d23ee9340b379ca,0x08112b8d354d9aaba93692b831a531e7cedd8b1d5a47837c1fedc6aa7f2cae8f,99.748700
theo_n,8,228,false,9,9,offchain,500,224,1.518200,131.243500,202.193800,203.712000,6.920900,true,3104,,0x2fe6349b77f8b704a4b6fda6a67fa440bb1a7ac8a5722ef77d23ee9340b379ca,0x04c3840cdc2e4aac80b4c247288eece9d5b17369096381a62cd10420152c2739,91.875600
theo_n,8,229,false,9,9,offchain,500,225,1.432700,125.213400,204.410100,205.842800,7.025700,true,3104,,0x2fe6349b77f8b704a4b6fda6a67fa440bb1a7ac8a5722ef77d23ee9340b379ca,0x1d4b623b24f055a834f78f3cf3144039c437442f579b3ebc63271326089f9186,92.921800
theo_n,8,230,false,9,9,offchain,500,226,1.454600,123.275100,204.695000,206.149600,7.018400,true,3104,,0x2fe6349b77f8b704a4b6fda6a67fa440bb1a7ac8a5722ef77d23ee9340b379ca,0x2035dedc2eb545642aed0f9606622c5f82294b4b6e544e06b55fd9e8134d213a,97.829500
theo_n,8,231,false,9,9,offchain,500,227,1.324100,125.758200,198.527600,199.851700,6.972600,true,3104,,0x2fe6349b77f8b704a4b6fda6a67fa440bb1a7ac8a5722ef77d23ee9340b379ca,0x233ff9f8b02ec4c97f0d1bc984633b2db25ab99a09a83e88f6af57228c0311a3,95.387400
theo_n,8,232,false,9,9,offchain,500,228,1.322200,120.900500,197.703600,199.025800,6.943000,true,3104,,0x2fe6349b77f8b704a4b6fda6a67fa440bb1a7ac8a5722ef77d23ee9340b379ca,0x3ce76251dd711f361f2658cafc9885d2de612f82c2243e29a406c3817fa99144,91.341400
theo_n,8,233,false,9,9,offchain,500,229,1.392200,122.685400,199.969300,201.361500,6.957600,true,3104,,0x2fe6349b77f8b704a4b6fda6a67fa440bb1a7ac8a5722ef77d23ee9340b379ca,0x01960faf9d44f7a05a9903be0817035bb839c655259186de39824a0205fbf963,92.528000
theo_n,8,234,false,9,9,offchain,500,230,1.641100,121.752000,199.995300,201.636400,6.826100,true,3104,,0x2fe6349b77f8b704a4b6fda6a67fa440bb1a7ac8a5722ef77d23ee9340b379ca,0x09bdcc85823e5cb6efe1689ca68d69f7f39a7b342925c6ef2010fb84dc0e5732,92.766300
theo_n,8,235,false,9,9,offchain,500,231,1.323600,121.676900,199.926100,201.249700,7.223500,true,3104,,0x2fe6349b77f8b704a4b6fda6a67fa440bb1a7ac8a5722ef77d23ee9340b379ca,0x1cd8f78f237edd4acf466189caacbd6b709dcba35f9e32703c9dde9aa127717c,92.106800
theo_n,8,236,false,9,9,offchain,500,232,1.328100,122.074300,198.562900,199.891000,6.890900,true,3104,,0x2fe6349b77f8b704a4b6fda6a67fa440bb1a7ac8a5722ef77d23ee9340b379ca,0x1c18dbcebe2485b6a83380729d5f98097e404059f6b7401f58ce6602117cc0aa,92.432800
theo_n,8,237,false,9,9,offchain,500,233,1.303300,121.562700,198.839400,200.142700,6.884300,true,3104,,0x2fe6349b77f8b704a4b6fda6a67fa440bb1a7ac8a5722ef77d23ee9340b379ca,0x29101a89ba44f904e04e8c5f859ff4577a45e0fb480e1f4fb84efb96f84ed6a6,93.887500
theo_n,8,238,false,9,9,offchain,500,234,1.373200,123.433100,198.548300,199.921500,7.072100,true,3104,,0x2fe6349b77f8b704a4b6fda6a67fa440bb1a7ac8a5722ef77d23ee9340b379ca,0x0d5ff26441a869edd16f94350c143401dc9839188f1a1cb63ed23c99584d6b0d,93.328700
theo_n,8,239,false,9,9,offchain,500,235,1.490800,122.550600,199.275400,200.766200,7.029000,true,3104,,0x2fe6349b77f8b704a4b6fda6a67fa440bb1a7ac8a5722ef77d23ee9340b379ca,0x3fd663fdd4796c0eeb3d2683abcf10e017b1983ed977371a64649c27e26ccdb9,92.615900
theo_n,8,240,false,9,9,offchain,500,236,1.457300,123.774200,205.839300,207.296600,6.845600,true,3104,,0x2fe6349b77f8b704a4b6fda6a67fa440bb1a7ac8a5722ef77d23ee9340b379ca,0x2a93c9f51214b5fcf5b02964ba34c8edd54e58bf4151b2599ffe6ece57b6d018,95.485400
theo_n,8,241,false,9,9,offchain,500,237,2.129000,170.404100,202.063700,204.192700,7.104900,true,3104,,0x2fe6349b77f8b704a4b6fda6a67fa440bb1a7ac8a5722ef77d23ee9340b379ca,0x13dde27c637f6854bd1c54e4176e97040d810a20d57b43bf9d70d8efc282772d,96.824500
theo_n,8,242,false,9,9,offchain,500,238,1.324400,126.063200,200.086900,201.411300,6.799300,true,3104,,0x2fe6349b77f8b704a4b6fda6a67fa440bb1a7ac8a5722ef77d23ee9340b379ca,0x135a4790752389135f911a23431ca22924c7e61a263b54ef292cd06734e0b3cc,92.289300
theo_n,8,243,false,9,9,offchain,500,239,1.398100,121.879200,199.057000,200.455100,7.013900,true,3104,,0x2fe6349b77f8b704a4b6fda6a67fa440bb1a7ac8a5722ef77d23ee9340b379ca,0x2050f24f5a3174b112b4d9b8c0cb7d635b007b190fc7128d075c0fc98fc3479a,94.765600
theo_n,8,244,false,9,9,offchain,500,240,1.717000,121.603300,198.747200,200.464200,7.161600,true,3104,,0x2fe6349b77f8b704a4b6fda6a67fa440bb1a7ac8a5722ef77d23ee9340b379ca,0x196828bf4d21e668dd09c7bfaf8edeaa2a2bb1af398e35710a9bb057ce7d5681,92.757900
theo_n,8,245,false,9,9,offchain,500,241,1.471600,121.880700,230.485500,231.957100,7.155000,true,3104,,0x2fe6349b77f8b704a4b6fda6a67fa440bb1a7ac8a5722ef77d23ee9340b379ca,0x1c10b340a544df81f3b05cefd95c7c798f3d3b4bfc8da9e365685a531f0c8b63,93.474200
theo_n,8,246,false,9,9,offchain,500,242,1.408400,123.544800,204.670200,206.078600,7.007000,true,3104,,0x2fe6349b77f8b704a4b6fda6a67fa440bb1a7ac8a5722ef77d23ee9340b379ca,0x1bff1965c200ea6f8b38aec6c6b925b4bfb622a3d2a195f279f0de996636dca4,93.510200
theo_n,8,247,false,9,9,offchain,500,243,1.370700,121.488800,198.125300,199.496000,6.926000,true,3104,,0x2fe6349b77f8b704a4b6fda6a67fa440bb1a7ac8a5722ef77d23ee9340b379ca,0x10debae9933f4c4fb21aecdc3fba6aaa30a7b4e0831e6f3967fcace92487f0e1,92.114200
theo_n,8,248,false,9,9,offchain,500,244,1.452000,122.665400,208.292400,209.744400,7.053000,true,3104,,0x2fe6349b77f8b704a4b6fda6a67fa440bb1a7ac8a5722ef77d23ee9340b379ca,0x2af5dff9b1175c3ae54eeed0b2ad06c1bfe7b4e45f17840e0a43099c8c03545d,96.289600
theo_n,8,249,false,9,9,offchain,500,245,1.426800,125.902900,207.128200,208.555000,6.873300,true,3104,,0x2fe6349b77f8b704a4b6fda6a67fa440bb1a7ac8a5722ef77d23ee9340b379ca,0x0daf01b2722a42cd348621bafad98aec02bc3e1fe6a0b1db2bd1ed7031f74d2e,92.594100
theo_n,8,250,false,9,9,offchain,500,246,1.656200,125.035700,198.336100,199.992300,7.001000,true,3104,,0x2fe6349b77f8b704a4b6fda6a67fa440bb1a7ac8a5722ef77d23ee9340b379ca,0x04b12b3f7d7b388ef7881281481d12de7f0dbc48bf6e17c93074dc50cb7fd9be,98.643100
theo_n,8,251,false,9,9,offchain,500,247,1.346300,123.812600,204.499700,205.846000,7.221300,true,3104,,0x2fe6349b77f8b704a4b6fda6a67fa440bb1a7ac8a5722ef77d23ee9340b379ca,0x2d7b6585793e0c361bb72f842ede062d5a87d30940f720f426c2fa757faf5b63,93.730500
theo_n,8,252,false,9,9,offchain,500,248,1.374300,124.963000,204.532800,205.907100,7.130200,true,3104,,0x2fe6349b77f8b704a4b6fda6a67fa440bb1a7ac8a5722ef77d23ee9340b379ca,0x1be9cacd9a4b9ba6df5a503dc09971d53f38a341768697792466962201878c83,93.792400
theo_n,8,253,false,9,9,offchain,500,249,1.973100,125.060900,207.875500,209.848600,8.527400,true,3104,,0x2fe6349b77f8b704a4b6fda6a67fa440bb1a7ac8a5722ef77d23ee9340b379ca,0x2b0854285925fa638f2cffdd4ab25c7b473c93261467a83e9fae0feda21cc6fb,97.387500
theo_n,8,254,false,9,9,offchain,500,250,1.384800,121.891100,197.337700,198.722500,6.955900,true,3104,,0x2fe6349b77f8b704a4b6fda6a67fa440bb1a7ac8a5722ef77d23ee9340b379ca,0x1d57d310321c49a17ab0081beb7b202ac05e6ec687754c6e2f432a1220113e1e,91.617500
theo_n,8,255,false,9,9,offchain,500,251,1.353900,121.696900,257.857100,259.211000,6.990400,true,3104,,0x2fe6349b77f8b704a4b6fda6a67fa440bb1a7ac8a5722ef77d23ee9340b379ca,0x0003040b0b0c590dce2f7ff9c7bd0e713f9d8b8c05da94cc7347613303651102,95.100100
theo_n,8,256,false,9,9,offchain,500,252,1.354400,120.473100,199.346600,200.701000,8.268700,true,3104,,0x2fe6349b77f8b704a4b6fda6a67fa440bb1a7ac8a5722ef77d23ee9340b379ca,0x21f766f2266ac60f05568f423178b36746f3c86bb0808fd706cc3984fe234dc2,98.819100
theo_n,8,257,false,9,9,offchain,500,253,1.457800,132.844300,209.465000,210.922800,7.163900,true,3104,,0x2fe6349b77f8b704a4b6fda6a67fa440bb1a7ac8a5722ef77d23ee9340b379ca,0x252da4d2a4b0372e71095387166f170384f70d4de57b5852378c638259d30aba,93.900000
theo_n,8,258,false,9,9,offchain,500,254,1.423700,125.447500,200.912600,202.336300,7.084600,true,3104,,0x2fe6349b77f8b704a4b6fda6a67fa440bb1a7ac8a5722ef77d23ee9340b379ca,0x27bb9c63654ccfde000b0c298d39903ed7f8ca14ad1a1a66197320ab1fa69e93,93.270900
theo_n,8,259,false,9,9,offchain,500,255,1.399700,125.315300,204.862700,206.262400,7.215700,true,3104,,0x2fe6349b77f8b704a4b6fda6a67fa440bb1a7ac8a5722ef77d23ee9340b379ca,0x19cb507afbc830f4079adeb937659190969ccebb8e9ec80d0f6f9c15abea6c96,92.371600
theo_n,8,260,false,9,9,offchain,500,256,1.470800,123.131300,199.602800,201.073600,6.995100,true,3104,,0x2fe6349b77f8b704a4b6fda6a67fa440bb1a7ac8a5722ef77d23ee9340b379ca,0x13af1a03f83f2b7047d438e28e321cabfe9b81d3b0f3e30bf6b68d60e61ccc66,98.402100
theo_n,8,261,false,9,9,offchain,500,257,1.582400,122.117900,200.021300,201.603700,6.962800,true,3104,,0x2fe6349b77f8b704a4b6fda6a67fa440bb1a7ac8a5722ef77d23ee9340b379ca,0x1f9d4cfbcd073ff55fd28f14fdc6b04580e8a7b5cc0c815ba75860a438367297,94.902100
theo_n,8,262,false,9,9,offchain,500,258,1.679600,121.723400,202.141600,203.821200,7.107800,true,3104,,0x2fe6349b77f8b704a4b6fda6a67fa440bb1a7ac8a5722ef77d23ee9340b379ca,0x16655f002f143b0ff157a38d7bfcf554efe1efa0f01bde17f81f1efd1dac5ae3,92.984300
theo_n,8,263,false,9,9,offchain,500,259,1.393200,125.156900,204.439900,205.833100,7.226500,true,3104,,0x2fe6349b77f8b704a4b6fda6a67fa440bb1a7ac8a5722ef77d23ee9340b379ca,0x32e2b5c6eb79d56f6db51b9753908017b27b45c78992dc10c03ec056cd45d1e2,93.823800
theo_n,8,264,false,9,9,offchain,500,260,1.411900,125.964100,199.564500,200.976400,7.342100,true,3104,,0x2fe6349b77f8b704a4b6fda6a67fa440bb1a7ac8a5722ef77d23ee9340b379ca,0x15acdef555d7be280128cdcd5173903bba3ea4a130d3ec6e586a9e2c925984fe,92.409700
theo_n,8,265,false,9,9,offchain,500,261,1.387300,123.950500,202.269700,203.657000,6.856000,true,3104,,0x2fe6349b77f8b704a4b6fda6a67fa440bb1a7ac8a5722ef77d23ee9340b379ca,0x206f9e957151141c6b08e67861412b9979a6cb5473d656d57c6a3f28dbd71edd,92.355900
theo_n,8,266,false,9,9,offchain,500,262,1.367300,123.028000,200.202600,201.569900,6.935400,true,3104,,0x2fe6349b77f8b704a4b6fda6a67fa440bb1a7ac8a5722ef77d23ee9340b379ca,0x1c0c03c3bb02085b517f2b0dd32060227e9a840d4113a6c0ed8e25ef6d037545,95.713600
theo_n,8,267,false,9,9,offchain,500,263,1.386500,120.594000,197.741300,199.127800,6.981400,true,3104,,0x2fe6349b77f8b704a4b6fda6a67fa440bb1a7ac8a5722ef77d23ee9340b379ca,0x2ec2fe58ea1c1da21799f323afc5604c7565f777d6920ad3b971d88781ea8688,94.585400
theo_n,8,268,false,9,9,offchain,500,264,1.364400,181.883300,204.549800,205.914200,6.966500,true,3104,,0x2fe6349b77f8b704a4b6fda6a67fa440bb1a7ac8a5722ef77d23ee9340b379ca,0x36871a7d5a642a72edb71998ebd57faab9df6f308647e14197d5d4ecc241279b,93.732100
theo_n,8,269,false,9,9,offchain,500,265,1.338400,121.870700,199.456700,200.795100,7.393600,true,3104,,0x2fe6349b77f8b704a4b6fda6a67fa440bb1a7ac8a5722ef77d23ee9340b379ca,0x14427ba209a096888541ceaa3ad3513d71c4d7c051585268c45c9226dfe0b256,103.406900
theo_n,8,270,false,9,9,offchain,500,266,1.411900,126.658600,208.566500,209.978400,7.390100,true,3104,,0x2fe6349b77f8b704a4b6fda6a67fa440bb1a7ac8a5722ef77d23ee9340b379ca,0x20d30c7b9347b468a850ccf3b369391ef9639cca1987c37584bd7d19ec6ede8c,96.375800
theo_n,8,271,false,9,9,offchain,500,267,1.415800,124.747400,202.133400,203.549200,6.955100,true,3104,,0x2fe6349b77f8b704a4b6fda6a67fa440bb1a7ac8a5722ef77d23ee9340b379ca,0x2d9ccd0c2ac36559606a0f205863e02c9c2b2d5f640eaab7c1c6a56b1a103553,93.165700
theo_n,8,272,false,9,9,offchain,500,268,1.368200,121.289300,202.246400,203.614600,7.102600,true,3104,,0x2fe6349b77f8b704a4b6fda6a67fa440bb1a7ac8a5722ef77d23ee9340b379ca,0x2b5161b66d16afe0c625e2606fef885e7c98f530e504c631fd79a05fadfe0c71,93.260200
theo_n,8,273,false,9,9,offchain,500,269,1.349400,122.698300,201.983200,203.332600,6.906400,true,3104,,0x2fe6349b77f8b704a4b6fda6a67fa440bb1a7ac8a5722ef77d23ee9340b379ca,0x3e21369041a04980f41e38d2ac90d7a9b944478af8be5a41c9c7afdf9469d697,93.684300
theo_n,8,274,false,9,9,offchain,500,270,1.441200,121.883300,203.511500,204.952700,6.928400,true,3104,,0x2fe6349b77f8b704a4b6fda6a67fa440bb1a7ac8a5722ef77d23ee9340b379ca,0x2de90771e0c245bdfa0b65bb6ee8361b444a0e72d505a6dccccd1649af6fd5c9,92.939800
theo_n,8,275,false,9,9,offchain,500,271,1.523900,138.064700,201.351400,202.875300,6.997800,true,3104,,0x2fe6349b77f8b704a4b6fda6a67fa440bb1a7ac8a5722ef77d23ee9340b379ca,0x3cc0b7377f2fd4ecc5b1dc872298412fde0d67a692b168402caf8860c8195079,92.791200
theo_n,8,276,false,9,9,offchain,500,272,1.458700,120.650500,199.314200,200.772900,7.304900,true,3104,,0x2fe6349b77f8b704a4b6fda6a67fa440bb1a7ac8a5722ef77d23ee9340b379ca,0x0fce8eb9bf34b6d3aa2cb311ca9f5c15dc716c28d4d9bb9555e44f0a08ecf8e1,93.204600
theo_n,8,277,false,9,9,offchain,500,273,1.376000,123.467700,201.216300,202.592300,6.799600,true,3104,,0x2fe6349b77f8b704a4b6fda6a67fa440bb1a7ac8a5722ef77d23ee9340b379ca,0x05833828f42204b99a454594b21513ff2183c6a99a2b3944e3440f299bb4f266,92.271800
theo_n,8,278,false,9,9,offchain,500,274,1.422400,128.218100,200.237100,201.659500,6.975300,true,3104,,0x2fe6349b77f8b704a4b6fda6a67fa440bb1a7ac8a5722ef77d23ee9340b379ca,0x214acd758d2cf355f7d8c5dec2d9e4e50194902c100b583c119a1c8bf2741569,97.655600
theo_n,8,279,false,9,9,offchain,500,275,1.410200,121.441600,199.918700,201.328900,6.906700,true,3104,,0x2fe6349b77f8b704a4b6fda6a67fa440bb1a7ac8a5722ef77d23ee9340b379ca,0x2ec1cd97c107f5e7d43f5824152c3b203d583b4c2f8fe719016cf766bdc951f6,93.900400
theo_n,8,280,false,9,9,offchain,500,276,1.342300,122.858800,204.226200,205.568500,7.133200,true,3104,,0x2fe6349b77f8b704a4b6fda6a67fa440bb1a7ac8a5722ef77d23ee9340b379ca,0x3db627a7bc1c038baa6bd3b87e0513ba54edd4efc8fce3b09e3faf1c88f5334b,93.139400
theo_n,8,281,false,9,9,offchain,500,277,1.388900,126.051000,201.018700,202.407600,7.131200,true,3104,,0x2fe6349b77f8b704a4b6fda6a67fa440bb1a7ac8a5722ef77d23ee9340b379ca,0x3856ddcb158b17f68b73df84a4a414a2bfb3f8ddfd31447ba5d526e199cd1aa1,96.129500
theo_n,8,282,false,9,9,offchain,500,278,1.369700,121.474000,263.300800,264.670500,6.927900,true,3104,,0x2fe6349b77f8b704a4b6fda6a67fa440bb1a7ac8a5722ef77d23ee9340b379ca,0x3c982d4cab23cc667f3153144ce83370da4c30519337576650456290fdef4cca,97.493100
theo_n,8,283,false,9,9,offchain,500,279,1.353900,124.915600,201.946000,203.299900,6.985000,true,3104,,0x2fe6349b77f8b704a4b6fda6a67fa440bb1a7ac8a5722ef77d23ee9340b379ca,0x3a7dd69177b1615e8955d757be7644bfc671b3e6c0de5476c889722eb94fccc5,91.303400
theo_n,8,284,false,9,9,offchain,500,280,1.660600,123.179900,199.131600,200.792200,6.987700,true,3104,,0x2fe6349b77f8b704a4b6fda6a67fa440bb1a7ac8a5722ef77d23ee9340b379ca,0x331d5755c5fdcedf8aa7d4dd13abebb69444e39cc8b7753bd20fbe209dc9bb9b,93.207100
theo_n,8,285,false,9,9,offchain,500,281,1.494200,121.347500,200.321600,201.815800,6.916900,true,3104,,0x2fe6349b77f8b704a4b6fda6a67fa440bb1a7ac8a5722ef77d23ee9340b379ca,0x12456bad5ea5ac8701e9f1e0202e980193aac418c73990454cf01f0c6011efaf,99.031300
theo_n,8,286,false,9,9,offchain,500,282,1.402600,121.974200,199.792100,201.194700,6.960200,true,3104,,0x2fe6349b77f8b704a4b6fda6a67fa440bb1a7ac8a5722ef77d23ee9340b379ca,0x2c5c303bcdfb63737d7b992cbfa56555f48a5d4cd771732f2cb35390b57dc9dc,94.981200
theo_n,8,287,false,9,9,offchain,500,283,1.419900,120.845600,199.670500,201.090400,6.691700,true,3104,,0x2fe6349b77f8b704a4b6fda6a67fa440bb1a7ac8a5722ef77d23ee9340b379ca,0x398093a3ec3cb269bfeb8423a41a3c8706c772840b6047cb9b4426afce8a9426,94.042800
theo_n,8,288,false,9,9,offchain,500,284,1.300400,121.909200,195.712400,197.012800,6.920600,true,3104,,0x2fe6349b77f8b704a4b6fda6a67fa440bb1a7ac8a5722ef77d23ee9340b379ca,0x3fde75cc892a5ba434cb91628f9126ab6df18b3ceb5d532a4efed441fd682489,99.298300
theo_n,8,289,false,9,9,offchain,500,285,1.597100,121.458900,197.060100,198.657200,6.921300,true,3104,,0x2fe6349b77f8b704a4b6fda6a67fa440bb1a7ac8a5722ef77d23ee9340b379ca,0x1b488a0fc1dcc2b8432e72712ec910c013c293088017ac695bbb56dc71189a82,92.354100
theo_n,8,290,false,9,9,offchain,500,286,1.764200,120.698400,198.951800,200.716000,6.895700,true,3104,,0x2fe6349b77f8b704a4b6fda6a67fa440bb1a7ac8a5722ef77d23ee9340b379ca,0x22fb4ba332ae52ec2d4024446d91d18f297796869446a3db080838619881e933,91.735100
theo_n,8,291,false,9,9,offchain,500,287,1.314200,121.990300,206.659000,207.973200,7.080600,true,3104,,0x2fe6349b77f8b704a4b6fda6a67fa440bb1a7ac8a5722ef77d23ee9340b379ca,0x21f0d10ccf00498500d95ad876335c49b23c2fc18275790ae389669c8544088c,92.673300
theo_n,8,292,false,9,9,offchain,500,288,1.467300,127.975800,215.664100,217.131400,7.371400,true,3104,,0x2fe6349b77f8b704a4b6fda6a67fa440bb1a7ac8a5722ef77d23ee9340b379ca,0x3ede0864c77dc19ead38c4624d41076c05baded30dec030b254489dacb314aa1,95.514300
theo_n,8,293,false,9,9,offchain,500,289,1.411700,124.228500,200.612800,202.024500,7.136600,true,3104,,0x2fe6349b77f8b704a4b6fda6a67fa440bb1a7ac8a5722ef77d23ee9340b379ca,0x340a1d29a4decfa8de11ff64dae19d713515a9e9fad0946857f86c5058a12be3,92.516500
theo_n,8,294,false,9,9,offchain,500,290,1.424100,124.549300,202.955200,204.379300,7.285300,true,3104,,0x2fe6349b77f8b704a4b6fda6a67fa440bb1a7ac8a5722ef77d23ee9340b379ca,0x17ebbf9bd7f1ef4bb43fc2aaf729e168d717fdaaed1618ea96a49e7a1ce8430b,93.081200
theo_n,8,295,false,9,9,offchain,500,291,1.414800,127.287100,263.997500,265.412300,7.125000,true,3104,,0x2fe6349b77f8b704a4b6fda6a67fa440bb1a7ac8a5722ef77d23ee9340b379ca,0x3f524ee21daedd4379074e5c4d675d34891cff3535cd53839e421dea2a3d6e85,92.798000
theo_n,8,296,false,9,9,offchain,500,292,1.351100,122.861100,200.008200,201.359300,7.859600,true,3104,,0x2fe6349b77f8b704a4b6fda6a67fa440bb1a7ac8a5722ef77d23ee9340b379ca,0x157335c3a9879e6b3c9e51fdc67047e050c7ab9ebcd8dcc49193385aae72d64e,98.233900
theo_n,8,297,false,9,9,offchain,500,293,1.545600,129.702000,202.626100,204.171700,6.923100,true,3104,,0x2fe6349b77f8b704a4b6fda6a67fa440bb1a7ac8a5722ef77d23ee9340b379ca,0x13337dcf205363234901124ae87850237fba5a2cf97131377e393825d1790380,95.500500
theo_n,8,298,false,9,9,offchain,500,294,1.362500,121.848400,200.500900,201.863400,7.170500,true,3104,,0x2fe6349b77f8b704a4b6fda6a67fa440bb1a7ac8a5722ef77d23ee9340b379ca,0x0dea04404a701c0cd65f783a999494ee6f3135a604dc6f671711d7d0df94b871,94.508100
theo_n,8,299,false,9,9,offchain,500,295,1.438100,124.599300,201.112900,202.551000,7.121600,true,3104,,0x2fe6349b77f8b704a4b6fda6a67fa440bb1a7ac8a5722ef77d23ee9340b379ca,0x30f7ab3f5f6388b7ba4206b7fb8ceb4b450b9b4310d098a84b43a4b149c2d722,93.161600
theo_n,8,300,false,9,9,offchain,500,296,1.313600,125.126800,203.889900,205.203500,7.093100,true,3104,,0x2fe6349b77f8b704a4b6fda6a67fa440bb1a7ac8a5722ef77d23ee9340b379ca,0x28a4af16d1084e7845235a5d5f63de2a12e7320ca6294a0942e081ff3bbacad9,98.105300
theo_n,8,301,false,9,9,offchain,500,297,1.353600,124.679900,199.801200,201.154800,7.279300,true,3104,,0x2fe6349b77f8b704a4b6fda6a67fa440bb1a7ac8a5722ef77d23ee9340b379ca,0x3669da98be6664f44c90fb9012c1831e02bf594cac32b81e0b35209a0f0bb5df,92.717600
theo_n,8,302,false,9,9,offchain,500,298,1.357200,123.762300,201.870100,203.227300,7.109800,true,3104,,0x2fe6349b77f8b704a4b6fda6a67fa440bb1a7ac8a5722ef77d23ee9340b379ca,0x207acd53d1b605cf54c1b07e87961e217936864c0f8d70631c7f4ccf00338787,92.565600
theo_n,8,303,false,9,9,offchain,500,299,1.372900,123.477700,201.458000,202.830900,6.919100,true,3104,,0x2fe6349b77f8b704a4b6fda6a67fa440bb1a7ac8a5722ef77d23ee9340b379ca,0x36a9d881956a99b6c4d00e5cc062e85f306b1a4a7190cef1a2ef0846b0d191fd,95.890900
theo_n,8,304,false,9,9,offchain,500,300,1.318900,123.881200,200.841700,202.160600,6.759900,true,3104,,0x2fe6349b77f8b704a4b6fda6a67fa440bb1a7ac8a5722ef77d23ee9340b379ca,0x3fae27074f78318b40a5df48f9a4168edf2929fc4ae11181ad1e34674ad615ae,92.477300
theo_n,8,305,false,9,9,offchain,500,301,1.373100,122.283400,200.221800,201.594900,6.794200,true,3104,,0x2fe6349b77f8b704a4b6fda6a67fa440bb1a7ac8a5722ef77d23ee9340b379ca,0x179ed4f1e47bb2d4c7e943d5fcb028702e81f974502e699c16aded2d973ce903,95.913100
theo_n,8,306,false,9,9,offchain,500,302,1.574200,123.925400,200.914500,202.488700,6.882200,true,3104,,0x2fe6349b77f8b704a4b6fda6a67fa440bb1a7ac8a5722ef77d23ee9340b379ca,0x257a10a072da953507bf7f7e39cf767facefa1ae5201db7269f3566da3a0db78,92.748800
theo_n,8,307,false,9,9,offchain,500,303,1.408700,120.937500,200.320100,201.728800,6.778900,true,3104,,0x2fe6349b77f8b704a4b6fda6a67fa440bb1a7ac8a5722ef77d23ee9340b379ca,0x051b473f56ec28fe51543496572291a9273d057b8792a3cda248a8e3e1e72c63,92.808300
theo_n,8,308,false,9,9,offchain,500,304,1.308000,123.447400,198.104500,199.412500,7.024700,true,3104,,0x2fe6349b77f8b704a4b6fda6a67fa440bb1a7ac8a5722ef77d23ee9340b379ca,0x33550cff5afe5a46c0fc9e6bbe27c1bd0d0eb09e731b2a2ad6ca242f176eee48,96.131800
theo_n,8,309,false,9,9,offchain,500,305,1.405300,121.668000,260.323600,261.728900,7.238900,true,3104,,0x2fe6349b77f8b704a4b6fda6a67fa440bb1a7ac8a5722ef77d23ee9340b379ca,0x347f82166c38900f4a468baac0278c52182223cea86af366433ee9931c3c839b,93.631200
theo_n,8,310,false,9,9,offchain,500,306,1.445500,128.774200,202.715000,204.160500,7.174300,true,3104,,0x2fe6349b77f8b704a4b6fda6a67fa440bb1a7ac8a5722ef77d23ee9340b379ca,0x1b7af93cf07c2cff41925485f3f11a822e3e54a05fc157c971dd2dd3caa252e0,93.927700
theo_n,8,311,false,9,9,offchain,500,307,1.411100,127.950200,232.696000,234.107100,7.999800,true,3104,,0x2fe6349b77f8b704a4b6fda6a67fa440bb1a7ac8a5722ef77d23ee9340b379ca,0x3a4fef6a829b927be652b82d2ebb3859337bbe7c5f35aa83eae3a43c465dc17c,99.693400
theo_n,8,312,false,9,9,offchain,500,308,1.390800,155.364500,218.921600,220.312400,7.260300,true,3104,,0x2fe6349b77f8b704a4b6fda6a67fa440bb1a7ac8a5722ef77d23ee9340b379ca,0x2a5170186b86aba23bc902c9f2fd58e05332b3d2e7d84c3f08a3582aae8e571b,99.234100
theo_n,8,313,false,9,9,offchain,500,309,1.401000,126.962900,211.847700,213.248700,7.159500,true,3104,,0x2fe6349b77f8b704a4b6fda6a67fa440bb1a7ac8a5722ef77d23ee9340b379ca,0x171632cbe67b8a7f89caa9d0599bb09d50ab35a070d6d2208aace0c5b826a236,98.891900
theo_n,8,314,false,9,9,offchain,500,310,1.446700,125.294800,204.930800,206.377500,6.911000,true,3104,,0x2fe6349b77f8b704a4b6fda6a67fa440bb1a7ac8a5722ef77d23ee9340b379ca,0x013788cf05df5b97a491378c5c86531a12ae3915164b08eb88b317230ac57204,95.772700
theo_n,8,315,false,9,9,offchain,500,311,1.331600,123.652200,205.110100,206.441700,6.987400,true,3104,,0x2fe6349b77f8b704a4b6fda6a67fa440bb1a7ac8a5722ef77d23ee9340b379ca,0x0bcdb5fbccd7e14d5e7a421b030cba7754ffa4b72bda954f22a43bde7125a8ee,93.460600
theo_n,8,316,false,9,9,offchain,500,312,1.385600,123.125600,205.606500,206.992100,7.177900,true,3104,,0x2fe6349b77f8b704a4b6fda6a67fa440bb1a7ac8a5722ef77d23ee9340b379ca,0x0b1a913db7e13ccb94206caa0a06615433f6757e7f11fd42df2b58de1f8462ad,95.353800
theo_n,8,317,false,9,9,offchain,500,313,1.365100,124.610200,200.802900,202.168000,7.359400,true,3104,,0x2fe6349b77f8b704a4b6fda6a67fa440bb1a7ac8a5722ef77d23ee9340b379ca,0x28183fc9feb87ed8bd0f5bef335a502896c57e0580fb209ae814b76f95db15e6,92.882100
theo_n,8,318,false,9,9,offchain,500,314,1.773000,122.831300,199.022800,200.795800,7.052800,true,3104,,0x2fe6349b77f8b704a4b6fda6a67fa440bb1a7ac8a5722ef77d23ee9340b379ca,0x39a87344e49adf7c12e72b95d5a757a75896a0eeba260715ac5b7df993b22ad3,92.939800
theo_n,8,319,false,9,9,offchain,500,315,2.005200,122.526600,199.534800,201.540000,6.933100,true,3104,,0x2fe6349b77f8b704a4b6fda6a67fa440bb1a7ac8a5722ef77d23ee9340b379ca,0x0eee191ed5a62b9de7667c1788c1bc2988886fbb14d26fda11e78abbfdfbd49c,92.434100
theo_n,8,320,false,9,9,offchain,500,316,1.947200,123.347900,197.553700,199.500900,7.014700,true,3104,,0x2fe6349b77f8b704a4b6fda6a67fa440bb1a7ac8a5722ef77d23ee9340b379ca,0x0ecd70e7cef9dba50bab70bf822dd8bea1c051e51d23c84becb490b7a952a76b,94.349200
theo_n,8,321,false,9,9,offchain,500,317,1.405200,123.876300,259.485400,260.890600,6.974000,true,3104,,0x2fe6349b77f8b704a4b6fda6a67fa440bb1a7ac8a5722ef77d23ee9340b379ca,0x3158f43ace72da14dd6b26300c09a7b969d8544e0792be0786c39c8b3ba9345f,93.950100
theo_n,8,322,false,9,9,offchain,500,318,1.385300,121.739200,198.973100,200.358400,7.039400,true,3104,,0x2fe6349b77f8b704a4b6fda6a67fa440bb1a7ac8a5722ef77d23ee9340b379ca,0x3713cd417ddd28e4f636acf46b0d2a2b069c5b5b9305797764c66795581075e8,92.795100
theo_n,8,323,false,9,9,offchain,500,319,1.321600,121.051000,200.370900,201.692500,6.941200,true,3104,,0x2fe6349b77f8b704a4b6fda6a67fa440bb1a7ac8a5722ef77d23ee9340b379ca,0x2164cbce29a7cf495a8b71b01864fe7a90bdfab983596dc3d0b434da5a980108,93.263700
theo_n,8,324,false,9,9,offchain,500,320,1.405700,122.916900,201.195900,202.601600,6.802400,true,3104,,0x2fe6349b77f8b704a4b6fda6a67fa440bb1a7ac8a5722ef77d23ee9340b379ca,0x20f2bd23c9ed0d7117d857701ebc07eadf7853be8ba31fa915c6839c5899e9ef,92.727700
theo_n,8,325,false,9,9,offchain,500,321,1.341000,121.410100,198.716900,200.057900,6.945500,true,3104,,0x2fe6349b77f8b704a4b6fda6a67fa440bb1a7ac8a5722ef77d23ee9340b379ca,0x3597e04abb934a138da489621b0f15765db7308d36fce7c46e2792e512645315,92.470200
theo_n,8,326,false,9,9,offchain,500,322,1.952500,127.284600,201.003400,202.955900,7.226400,true,3104,,0x2fe6349b77f8b704a4b6fda6a67fa440bb1a7ac8a5722ef77d23ee9340b379ca,0x3a701293f7c5a23f34bfce770d2803fb8f92196d1860967205c2c412a11f78d5,94.770200
theo_n,8,327,false,9,9,offchain,500,323,1.350100,123.882700,222.942300,224.292400,7.095600,true,3104,,0x2fe6349b77f8b704a4b6fda6a67fa440bb1a7ac8a5722ef77d23ee9340b379ca,0x11041ba6a9ec3b138050f1ab766baacb1c22c088e02f8582213671563dce0dab,99.899200
theo_n,8,328,false,9,9,offchain,500,324,1.562800,127.061600,205.793000,207.355800,8.453300,true,3104,,0x2fe6349b77f8b704a4b6fda6a67fa440bb1a7ac8a5722ef77d23ee9340b379ca,0x1eea43fd85f24d8eb08c09904728517c6f0c63eea53dcd8f2a7e37e6d0255896,98.120900
theo_n,8,329,false,9,9,offchain,500,325,1.617000,134.180800,208.445900,210.062900,7.325700,true,3104,,0x2fe6349b77f8b704a4b6fda6a67fa440bb1a7ac8a5722ef77d23ee9340b379ca,0x0e1f7beb5bc8c79b8ed2cd2df1f5a03110a0719a39ee4339cbec85c5940a74f9,94.783000
theo_n,8,330,false,9,9,offchain,500,326,1.887100,125.317900,200.694700,202.581800,6.944900,true,3104,,0x2fe6349b77f8b704a4b6fda6a67fa440bb1a7ac8a5722ef77d23ee9340b379ca,0x04e8ef58a3bd6c7f38cf6f14c65181eda94b34915bf24e27146c41fe0d6560be,92.425000
theo_n,8,331,false,9,9,offchain,500,327,1.843200,121.187500,198.687400,200.530600,7.055300,true,3104,,0x2fe6349b77f8b704a4b6fda6a67fa440bb1a7ac8a5722ef77d23ee9340b379ca,0x26246755fecd067b39a8e935e54a4e4412200f2976bf6f04b38655d28968c044,93.363200
theo_n,8,332,false,9,9,offchain,500,328,1.384300,122.000000,201.889600,203.273900,7.073800,true,3104,,0x2fe6349b77f8b704a4b6fda6a67fa440bb1a7ac8a5722ef77d23ee9340b379ca,0x2e5ed345613174629d8d0c1c7e6fca731d1f298a7b35eaa0c22874528ca44b14,96.129200
theo_n,8,333,false,9,9,offchain,500,329,2.199100,170.537000,199.516700,201.715800,7.054800,true,3104,,0x2fe6349b77f8b704a4b6fda6a67fa440bb1a7ac8a5722ef77d23ee9340b379ca,0x1ce4878c276eaac2c919e2a0f48adcdc76e6aedfa92a1b0f492bf12b2af33f60,101.259000
theo_n,8,334,false,9,9,offchain,500,330,1.365000,124.834400,197.424800,198.789800,6.987300,true,3104,,0x2fe6349b77f8b704a4b6fda6a67fa440bb1a7ac8a5722ef77d23ee9340b379ca,0x0feafc223ea42d9589ed7dc80fff327b46bd9cfb2b2ca8a0988bde5c8d9d863d,95.925900
theo_n,8,335,false,9,9,offchain,500,331,1.371700,127.951900,203.064700,204.436400,7.087600,true,3104,,0x2fe6349b77f8b704a4b6fda6a67fa440bb1a7ac8a5722ef77d23ee9340b379ca,0x0e475319efaeda817757ae6de3c7b4b115eb55403500b7dfca1bda72e222d8b1,95.244300
theo_n,8,336,false,9,9,offchain,500,332,1.525500,125.110000,201.481300,203.006800,7.204700,true,3104,,0x2fe6349b77f8b704a4b6fda6a67fa440bb1a7ac8a5722ef77d23ee9340b379ca,0x13dae4f73fb8ad970f7bb2776a879a7449d7fd3a88f49771e84d43ffc3255cc9,93.332600
theo_n,8,337,false,9,9,offchain,500,333,1.412900,124.814100,201.972800,203.385700,7.414800,true,3104,,0x2fe6349b77f8b704a4b6fda6a67fa440bb1a7ac8a5722ef77d23ee9340b379ca,0x2a9af6815b5db105ccef9d46a5e41c903a16795ed7579b131e2170167e9f93d3,97.537800
theo_n,8,338,false,9,9,offchain,500,334,1.421100,122.775900,202.578800,203.999900,6.898000,true,3104,,0x2fe6349b77f8b704a4b6fda6a67fa440bb1a7ac8a5722ef77d23ee9340b379ca,0x11bbbf1caa40d9afa60d20142dc7b40ae4c47413b10780dc49a3656b0cad8f9a,92.463900
theo_n,8,339,false,9,9,offchain,500,335,1.470400,120.882600,200.132400,201.602800,6.889800,true,3104,,0x2fe6349b77f8b704a4b6fda6a67fa440bb1a7ac8a5722ef77d23ee9340b379ca,0x19ecbcd0233d6c5d3f9baf4d27ed7e9e0c3848253d725b375bb60867e649f3d9,92.547300
theo_n,8,340,false,9,9,offchain,500,336,1.361200,121.190300,197.537700,198.898900,6.920200,true,3104,,0x2fe6349b77f8b704a4b6fda6a67fa440bb1a7ac8a5722ef77d23ee9340b379ca,0x3dcc71fab3c774dfa96e1df6ffdace3f3b2073e9ed443e576727638e8f28f713,92.775500
theo_n,8,341,false,9,9,offchain,500,337,1.418300,122.040600,200.898100,202.316400,7.049600,true,3104,,0x2fe6349b77f8b704a4b6fda6a67fa440bb1a7ac8a5722ef77d23ee9340b379ca,0x2b1048ca7c72ab76435f1c2f09d95a106d813e5e0dd341a4497247c766f58067,92.460600
theo_n,8,342,false,9,9,offchain,500,338,1.335100,121.536200,197.840400,199.175500,6.996500,true,3104,,0x2fe6349b77f8b704a4b6fda6a67fa440bb1a7ac8a5722ef77d23ee9340b379ca,0x1f859c226fa916bad9c684a17fde078129fa30ceca3b0f6b8cff1e0192022653,93.907600
theo_n,8,343,false,9,9,offchain,500,339,1.673900,122.153900,196.333300,198.007200,6.788800,true,3104,,0x2fe6349b77f8b704a4b6fda6a67fa440bb1a7ac8a5722ef77d23ee9340b379ca,0x11d2cacbaeaae9e3e739ff084d60cc7a2b2a51a16f95e1fc934bc24a8b9ac4bd,92.603800
theo_n,8,344,false,9,9,offchain,500,340,1.400800,122.362800,197.807400,199.208200,7.610700,true,3104,,0x2fe6349b77f8b704a4b6fda6a67fa440bb1a7ac8a5722ef77d23ee9340b379ca,0x20a6237640b652c2ec5a6b3cde15c5cc3e91bb391eb0f6f9ae9c8ef77ce520d9,97.409700
theo_n,8,345,false,9,9,offchain,500,341,1.401500,123.359200,199.085300,200.486800,6.851900,true,3104,,0x2fe6349b77f8b704a4b6fda6a67fa440bb1a7ac8a5722ef77d23ee9340b379ca,0x23267799196fe59cf8521dba9ac922378800fcfad499bd64f6b09b35a533382c,93.446400
theo_n,8,346,false,9,9,offchain,500,342,1.342600,120.890500,254.080300,255.422900,6.995400,true,3104,,0x2fe6349b77f8b704a4b6fda6a67fa440bb1a7ac8a5722ef77d23ee9340b379ca,0x008c87b89c78cc57932522061498ea65abd02940d360b323de35bd5cd452bf2f,92.916800
theo_n,8,347,false,9,9,offchain,500,343,1.374800,122.637600,204.083700,205.458500,7.402300,true,3104,,0x2fe6349b77f8b704a4b6fda6a67fa440bb1a7ac8a5722ef77d23ee9340b379ca,0x33e842b06e948f99c3241747cdf4ed2d211f74f0deb364d517de542f9cfdea76,93.967700
theo_n,8,348,false,9,9,offchain,500,344,1.382100,124.648700,201.355700,202.737800,6.963900,true,3104,,0x2fe6349b77f8b704a4b6fda6a67fa440bb1a7ac8a5722ef77d23ee9340b379ca,0x05e5e60147e8d2e2c9a4b1ad50a0a96d938eecbe964e4fce44f2596131450a22,98.036700
theo_n,8,349,false,9,9,offchain,500,345,1.330200,121.219200,207.287800,208.618000,7.134200,true,3104,,0x2fe6349b77f8b704a4b6fda6a67fa440bb1a7ac8a5722ef77d23ee9340b379ca,0x011b716aeeb26286a543b77a9234d4fba9f30010faf2942d8545354ff3282c36,95.780200
theo_n,8,350,false,9,9,offchain,500,346,1.487200,125.339300,201.757000,203.244200,6.829700,true,3104,,0x2fe6349b77f8b704a4b6fda6a67fa440bb1a7ac8a5722ef77d23ee9340b379ca,0x24c1cc499b4c66d2811e8bf3f46762c620849bddcbb107395dbc006881ff2e93,92.138200
theo_n,8,351,false,9,9,offchain,500,347,1.412700,123.578600,201.445800,202.858500,7.580200,true,3104,,0x2fe6349b77f8b704a4b6fda6a67fa440bb1a7ac8a5722ef77d23ee9340b379ca,0x2a82e7c0a7493283de9d7235505483fb52f564e7c17b0f6c68e1628888a98aae,98.852900
theo_n,8,352,false,9,9,offchain,500,348,1.373000,129.629700,208.205300,209.578300,7.453900,true,3104,,0x2fe6349b77f8b704a4b6fda6a67fa440bb1a7ac8a5722ef77d23ee9340b379ca,0x13bbf2f0951ef946b35efc83f75af9cb87cd8ca84cf7a8d02d2fcbedd30a2b06,94.982000
theo_n,8,353,false,9,9,offchain,500,349,1.446600,124.305100,203.275200,204.721800,7.232000,true,3104,,0x2fe6349b77f8b704a4b6fda6a67fa440bb1a7ac8a5722ef77d23ee9340b379ca,0x026ddb8d253c842fd31bafe8d44d63f0e7222dfb62bff3244a09138f2cb1262e,92.082300
theo_n,8,354,false,9,9,offchain,500,350,1.347200,122.967500,200.108500,201.455700,6.815900,true,3104,,0x2fe6349b77f8b704a4b6fda6a67fa440bb1a7ac8a5722ef77d23ee9340b379ca,0x13c6f51707e7ab8a10b57d92407e719a900fb331cb123f39e39dd00c59bf206e,92.598600
theo_n,8,355,false,9,9,offchain,500,351,1.407900,122.233600,200.016500,201.424400,6.853000,true,3104,,0x2fe6349b77f8b704a4b6fda6a67fa440bb1a7ac8a5722ef77d23ee9340b379ca,0x326793c06bcbf56be496c63804b6ce49d4f524894d05524920463eb1f405219b,93.826800
theo_n,8,356,false,9,9,offchain,500,352,1.378600,125.179500,205.630400,207.009000,6.949400,true,3104,,0x2fe6349b77f8b704a4b6fda6a67fa440bb1a7ac8a5722ef77d23ee9340b379ca,0x2a785a4ab903731680b64b192038c7225ff9481122529ba90a243d5243421419,93.625500
theo_n,8,357,false,9,9,offchain,500,353,1.380800,124.113900,199.577500,200.958300,6.900000,true,3104,,0x2fe6349b77f8b704a4b6fda6a67fa440bb1a7ac8a5722ef77d23ee9340b379ca,0x1ac34198255b23ce92d3efcd9ed10a68aca01cc91af53b232c243f2077e9d8ca,92.310800
theo_n,8,358,false,9,9,offchain,500,354,1.321800,121.215500,202.751600,204.073400,6.858700,true,3104,,0x2fe6349b77f8b704a4b6fda6a67fa440bb1a7ac8a5722ef77d23ee9340b379ca,0x0ece68e28fa66c858202ec7e2b0122b790d3c8a6e32164de2ccff3f2f8f9c1cd,92.678100
theo_n,8,359,false,9,9,offchain,500,355,1.292100,123.711000,263.245200,264.537300,7.278500,true,3104,,0x2fe6349b77f8b704a4b6fda6a67fa440bb1a7ac8a5722ef77d23ee9340b379ca,0x3fb5b4605b8c379a43823d36cad4659531e671fb44eaac20784a6e297b6b185a,94.754600
theo_n,8,360,false,9,9,offchain,500,356,1.443200,125.601800,203.956000,205.399200,6.896600,true,3104,,0x2fe6349b77f8b704a4b6fda6a67fa440bb1a7ac8a5722ef77d23ee9340b379ca,0x21569add1ae527eac5dee3180e1fbbbdab52d47bbd92292baf1ce1266d839fe2,96.261400
theo_n,8,361,false,9,9,offchain,500,357,1.352000,121.907400,196.400500,197.752500,7.024400,true,3104,,0x2fe6349b77f8b704a4b6fda6a67fa440bb1a7ac8a5722ef77d23ee9340b379ca,0x2190cb22b8717fc0037afcaec5b056909afa93753955b5637fe50ac35f7688cf,93.235700
theo_n,8,362,false,9,9,offchain,500,358,1.354300,127.436600,205.274700,206.629000,6.968500,true,3104,,0x2fe6349b77f8b704a4b6fda6a67fa440bb1a7ac8a5722ef77d23ee9340b379ca,0x129736d53a640c95ca9cec89e0d9f9ec7b3e3aa8c73427ed8d11c6285b19ab42,92.261900
theo_n,8,363,false,9,9,offchain,500,359,1.349200,122.189900,226.738400,228.087600,7.279700,true,3104,,0x2fe6349b77f8b704a4b6fda6a67fa440bb1a7ac8a5722ef77d23ee9340b379ca,0x1578dced60b0bd291ce8f05f8191d20f4249f1357f2cd2e902c02b9b479e33ee,96.538400
theo_n,8,364,false,9,9,offchain,500,360,1.338800,123.474300,201.786800,203.125600,7.243600,true,3104,,0x2fe6349b77f8b704a4b6fda6a67fa440bb1a7ac8a5722ef77d23ee9340b379ca,0x233878d89fbc8ae41d1378e8c1a297efaba276372c6530c711c097556b0d6ede,94.796700
theo_n,8,365,false,9,9,offchain,500,361,1.405800,124.300700,203.156200,204.562000,7.004800,true,3104,,0x2fe6349b77f8b704a4b6fda6a67fa440bb1a7ac8a5722ef77d23ee9340b379ca,0x3a089bd539d33fe66e3e981b9b4c43c00a1380eb25eb1e6c38799369b9ea8b65,92.151100
theo_n,8,366,false,9,9,offchain,500,362,1.366800,122.251300,197.432600,198.799400,6.853300,true,3104,,0x2fe6349b77f8b704a4b6fda6a67fa440bb1a7ac8a5722ef77d23ee9340b379ca,0x02e9489b7e19c32707c75e2fb97be6d79420a4a232fbd440ac12beaecc6eacd4,91.879300
theo_n,8,367,false,9,9,offchain,500,363,1.407000,124.066400,201.073600,202.480600,6.902900,true,3104,,0x2fe6349b77f8b704a4b6fda6a67fa440bb1a7ac8a5722ef77d23ee9340b379ca,0x1129b0c78fd745eae82f15d7cf92a7a6a845343bd62256749101cf2f1a2e4c4d,93.083800
theo_n,8,368,false,9,9,offchain,500,364,1.354400,122.242800,197.694900,199.049300,6.946800,true,3104,,0x2fe6349b77f8b704a4b6fda6a67fa440bb1a7ac8a5722ef77d23ee9340b379ca,0x3da8527b99c305c392fbfd5b3a4a991d111f71e0c8a78d67507376d1e94f3965,92.681000
theo_n,8,369,false,9,9,offchain,500,365,1.391500,121.566900,200.095000,201.486500,6.998100,true,3104,,0x2fe6349b77f8b704a4b6fda6a67fa440bb1a7ac8a5722ef77d23ee9340b379ca,0x042d5a1e48d2bf3bd28eb0fc24f1bfc8e189623ee458395c929d2429dae4442f,92.499200
theo_n,8,370,false,9,9,offchain,500,366,1.378500,123.653700,199.126800,200.505300,7.267400,true,3104,,0x2fe6349b77f8b704a4b6fda6a67fa440bb1a7ac8a5722ef77d23ee9340b379ca,0x374f33159c146e929ca5e328eab53d92a8e8884fa2f86cd62d37567a33e1a097,94.676700
theo_n,8,371,false,9,9,offchain,500,367,1.391800,123.969200,201.857700,203.249500,7.103900,true,3104,,0x2fe6349b77f8b704a4b6fda6a67fa440bb1a7ac8a5722ef77d23ee9340b379ca,0x075352174bb597312f9de58525b513aa9c1a0fb332e10136431936e4861f718b,92.370300
theo_n,8,372,false,9,9,offchain,500,368,1.377300,122.501100,204.303600,205.680900,6.799400,true,3104,,0x2fe6349b77f8b704a4b6fda6a67fa440bb1a7ac8a5722ef77d23ee9340b379ca,0x3a17f2cc008f2c1cec3fd09e6c832a4e68e4fc160f8159930d5f1ece679a441c,92.330600
theo_n,8,373,false,9,9,offchain,500,369,1.346000,123.510400,198.137000,199.483000,7.025900,true,3104,,0x2fe6349b77f8b704a4b6fda6a67fa440bb1a7ac8a5722ef77d23ee9340b379ca,0x37b4cccdf08f4492d349745827729d64bbbbecb9811fb5defc9442e3717bf1cb,93.611500
theo_n,8,374,false,9,9,offchain,500,370,1.999900,170.275000,201.810700,203.810600,6.782400,true,3104,,0x2fe6349b77f8b704a4b6fda6a67fa440bb1a7ac8a5722ef77d23ee9340b379ca,0x035ef62a1666ae0b02052216bacd31c279328d9a072d3a0fc1a2a0662738f740,92.655500
theo_n,8,375,false,9,9,offchain,500,371,1.351700,122.143300,200.539200,201.890900,6.908300,true,3104,,0x2fe6349b77f8b704a4b6fda6a67fa440bb1a7ac8a5722ef77d23ee9340b379ca,0x10ba46cae20a9c421f1f0690b1e02a94a2c83bc5f14cadb487e8d219812a623a,92.652300
theo_n,8,376,false,9,9,offchain,500,372,1.369900,122.145100,199.278600,200.648500,6.973800,true,3104,,0x2fe6349b77f8b704a4b6fda6a67fa440bb1a7ac8a5722ef77d23ee9340b379ca,0x0b268baed98346a87778c554922b4611b5b073c2c8db0ad259fbc7a8b742d395,92.918200
theo_n,8,377,false,9,9,offchain,500,373,1.402400,121.631500,199.393300,200.795700,6.978000,true,3104,,0x2fe6349b77f8b704a4b6fda6a67fa440bb1a7ac8a5722ef77d23ee9340b379ca,0x11f002b23237094e2e05eef8d181e739a6b0523b73ab31081561e59b11fe10d0,91.953500
theo_n,8,378,false,9,9,offchain,500,374,1.344100,121.234100,196.970100,198.314200,7.749600,true,3104,,0x2fe6349b77f8b704a4b6fda6a67fa440bb1a7ac8a5722ef77d23ee9340b379ca,0x3738afc4528020bc3732e8d1a66ee12ac4fe368b12952cea53eee21e014c58f6,99.829500
theo_n,8,379,false,9,9,offchain,500,375,1.532100,132.120100,204.574300,206.106400,8.270900,true,3104,,0x2fe6349b77f8b704a4b6fda6a67fa440bb1a7ac8a5722ef77d23ee9340b379ca,0x0b12c1a884e88866e4cbc3a87953722b865c93e70b62920cad0fa4f182984fe7,101.583900
theo_n,8,380,false,9,9,offchain,500,376,1.424400,125.172000,206.523400,207.947800,7.031400,true,3104,,0x2fe6349b77f8b704a4b6fda6a67fa440bb1a7ac8a5722ef77d23ee9340b379ca,0x2de70f6291ae06b5a1c5819bf3fa7e836e6d130dc5cfeb3fde08d0dad953be0d,95.356400
theo_n,8,381,false,9,9,offchain,500,377,1.382800,122.468300,208.669100,210.051900,7.263100,true,3104,,0x2fe6349b77f8b704a4b6fda6a67fa440bb1a7ac8a5722ef77d23ee9340b379ca,0x2340d67cb0b0ee0ac46f075b0f811c160bc5b5505b9520e13e19d10c4f190b2e,100.761800
theo_n,8,382,false,9,9,offchain,500,378,1.373000,125.289300,207.765600,209.138600,7.126900,true,3104,,0x2fe6349b77f8b704a4b6fda6a67fa440bb1a7ac8a5722ef77d23ee9340b379ca,0x0529dafcf5a6f2872f62d09a548256ea171d3de17be784115826d5e20ab80de2,95.694700
theo_n,8,383,false,9,9,offchain,500,379,1.514800,126.042700,206.049900,207.564700,6.965200,true,3104,,0x2fe6349b77f8b704a4b6fda6a67fa440bb1a7ac8a5722ef77d23ee9340b379ca,0x3e1c806ad5148452804b6382cbf1920552432565d63a6ed0f9656008d14be5ab,92.277400
theo_n,8,384,false,9,9,offchain,500,380,1.304400,119.593400,197.901700,199.206100,6.971800,true,3104,,0x2fe6349b77f8b704a4b6fda6a67fa440bb1a7ac8a5722ef77d23ee9340b379ca,0x28f408e14b0a24ff7fd5c4e448cf69da0c0ea5c9015e52e92625706da6cbb5de,94.615500
theo_n,8,385,false,9,9,offchain,500,381,1.330700,118.590000,196.593000,197.923700,6.907500,true,3104,,0x2fe6349b77f8b704a4b6fda6a67fa440bb1a7ac8a5722ef77d23ee9340b379ca,0x37002acc711b23105cea799b1f74dd32db4c6b3c2f1a239f202b40ebba1c7a1a,93.438700
theo_n,8,386,false,9,9,offchain,500,382,1.352900,121.057600,197.878900,199.231800,6.971200,true,3104,,0x2fe6349b77f8b704a4b6fda6a67fa440bb1a7ac8a5722ef77d23ee9340b379ca,0x0ad3f8032521ba04ffcd84af6bbb0f2f23c4cf6ed3ae1aa844fb2d2eed83761a,93.995500
theo_n,8,387,false,9,9,offchain,500,383,1.728600,121.316900,196.156700,197.885300,6.857200,true,3104,,0x2fe6349b77f8b704a4b6fda6a67fa440bb1a7ac8a5722ef77d23ee9340b379ca,0x1a8fae573317e02deebf6e3f3cf71f48cd6a883242b271017f8653b41eea5609,91.363000
theo_n,8,388,false,9,9,offchain,500,384,1.344600,121.332600,257.414500,258.759100,6.903700,true,3104,,0x2fe6349b77f8b704a4b6fda6a67fa440bb1a7ac8a5722ef77d23ee9340b379ca,0x17efbd9b6c261dba41228775e46535f336fcb9e9e5c3586cbcb3e40bbe3703c7,94.957300
theo_n,8,389,false,9,9,offchain,500,385,1.315800,121.392700,201.573800,202.889600,7.370600,true,3104,,0x2fe6349b77f8b704a4b6fda6a67fa440bb1a7ac8a5722ef77d23ee9340b379ca,0x0007f8c57a174dea30f97f2bd65a127798c24a0e119e8f10774b22887554208f,92.640300
theo_n,8,390,false,9,9,offchain,500,386,1.377500,124.014100,200.304700,201.682200,7.017600,true,3104,,0x2fe6349b77f8b704a4b6fda6a67fa440bb1a7ac8a5722ef77d23ee9340b379ca,0x0ebe5e703e22a677886e132cbcbcbae892c71a7e546c89607bc3143fb1a9fe65,94.980000
theo_n,8,391,false,9,9,offchain,500,387,1.362400,121.228900,201.502100,202.864500,7.199400,true,3104,,0x2fe6349b77f8b704a4b6fda6a67fa440bb1a7ac8a5722ef77d23ee9340b379ca,0x09c70756981fddd8607cfc8f849599f7371618dcc04162976b79f47ce6ba3757,95.767900
theo_n,8,392,false,9,9,offchain,500,388,1.472600,125.711900,206.828100,208.300700,7.173600,true,3104,,0x2fe6349b77f8b704a4b6fda6a67fa440bb1a7ac8a5722ef77d23ee9340b379ca,0x155869798febc9ecb2551cad19e79dc00b155bfa29559fe1261ef2f487ddf703,99.185400
theo_n,8,393,false,9,9,offchain,500,389,1.868300,127.302900,201.023400,202.891700,6.930800,true,3104,,0x2fe6349b77f8b704a4b6fda6a67fa440bb1a7ac8a5722ef77d23ee9340b379ca,0x319bd6cfccaaf092ec5822b4d997bfcf3cde92c3d68bf7d4fb633a4587893e28,93.303900
theo_n,8,394,false,9,9,offchain,500,390,1.385700,126.745400,207.475900,208.861600,7.120900,true,3104,,0x2fe6349b77f8b704a4b6fda6a67fa440bb1a7ac8a5722ef77d23ee9340b379ca,0x261de1ec6c6a78cce00bf993c58bcfdf7a8d1e8c658d5ee5f5d31181ebedcdb9,91.751000
theo_n,8,395,false,9,9,offchain,500,391,1.541600,121.591000,203.087600,204.629200,6.806000,true,3104,,0x2fe6349b77f8b704a4b6fda6a67fa440bb1a7ac8a5722ef77d23ee9340b379ca,0x01332cc5ca3061b027fe435f19121ae29e16e76e32873c9229c3b8497991ff6c,91.654200
theo_n,8,396,false,9,9,offchain,500,392,1.333300,122.105500,199.603500,200.936800,6.789500,true,3104,,0x2fe6349b77f8b704a4b6fda6a67fa440bb1a7ac8a5722ef77d23ee9340b379ca,0x01cb378e68d25abc36049bbc8760774aa76e0d1d6339b1fb08706a4002e00aa9,92.361100
theo_n,8,397,false,9,9,offchain,500,393,1.432200,123.516100,209.694800,211.127000,7.079100,true,3104,,0x2fe6349b77f8b704a4b6fda6a67fa440bb1a7ac8a5722ef77d23ee9340b379ca,0x1bfd5883a01607c559d2bc2025067c8f5d34ac0417c50a9dd06daaced5e6ae47,93.165800
theo_n,8,398,false,9,9,offchain,500,394,1.628200,123.545800,200.707900,202.336100,6.854100,true,3104,,0x2fe6349b77f8b704a4b6fda6a67fa440bb1a7ac8a5722ef77d23ee9340b379ca,0x06b2ff4837c6fca500963fb4613f52699eb0d585a21e344150afaf5debd68768,94.178700
theo_n,8,399,false,9,9,offchain,500,395,1.429100,121.084700,198.130000,199.559100,6.788900,true,3104,,0x2fe6349b77f8b704a4b6fda6a67fa440bb1a7ac8a5722ef77d23ee9340b379ca,0x1d1cb6e530fd074c994d87bec78057495a6fe90ac3049144ccf0539c1d0e9efd,93.630100
theo_n,8,400,false,9,9,offchain,500,396,1.432100,121.516400,199.687000,201.119100,7.120100,true,3104,,0x2fe6349b77f8b704a4b6fda6a67fa440bb1a7ac8a5722ef77d23ee9340b379ca,0x30169759c6946c413cd35964d87491e00ca78d5e90cdfbf2309aea745863849a,92.942200
theo_n,8,401,false,9,9,offchain,500,397,1.407900,122.545700,263.434800,264.842700,7.138900,true,3104,,0x2fe6349b77f8b704a4b6fda6a67fa440bb1a7ac8a5722ef77d23ee9340b379ca,0x17b8ed81af3a720c87c8e8c74a649f22fb8f8dbfe0059ea9ca0f73524f967977,95.193300
theo_n,8,402,false,9,9,offchain,500,398,1.358800,125.442900,201.771100,203.129900,7.515100,true,3104,,0x2fe6349b77f8b704a4b6fda6a67fa440bb1a7ac8a5722ef77d23ee9340b379ca,0x3c4cd2b0b6161d79ea35690f49770d2c6eabbd0da71c2351f31493279a97453c,93.829700
theo_n,8,403,false,9,9,offchain,500,399,1.392400,123.893900,201.441700,202.834100,6.872100,true,3104,,0x2fe6349b77f8b704a4b6fda6a67fa440bb1a7ac8a5722ef77d23ee9340b379ca,0x203aeeeb17440e04d219428e581319449e4cc0ccfdb05dae1c6d054730b683cb,92.837700
theo_n,8,404,false,9,9,offchain,500,400,1.419900,121.356800,198.222300,199.642200,6.815800,true,3104,,0x2fe6349b77f8b704a4b6fda6a67fa440bb1a7ac8a5722ef77d23ee9340b379ca,0x2860468322f6e2f1b292467553c1b2dae1e6e0c897bbbd85941c1e509a2168ba,95.092300
theo_n,8,405,false,9,9,offchain,500,401,1.412000,122.602000,198.492300,199.904300,6.855600,true,3104,,0x2fe6349b77f8b704a4b6fda6a67fa440bb1a7ac8a5722ef77d23ee9340b379ca,0x03fcac5b0962b0a09a4d64419730ac2bd42a358d2d60df3ee89fe4c7e75b78fc,91.079800
theo_n,8,406,false,9,9,offchain,500,402,1.344000,120.906600,198.994500,200.338500,6.978200,true,3104,,0x2fe6349b77f8b704a4b6fda6a67fa440bb1a7ac8a5722ef77d23ee9340b379ca,0x05d14ee5c81c524e027df7e23af2063022966a38d2ce56387b9db8c39bebc71a,91.977900
theo_n,8,407,false,9,9,offchain,500,403,1.355400,120.914200,198.551400,199.906800,6.930500,true,3104,,0x2fe6349b77f8b704a4b6fda6a67fa440bb1a7ac8a5722ef77d23ee9340b379ca,0x382af857ef133c08884cf76c256547f234fba55c50312f1bc77531ff8f661bef,97.347400
theo_n,8,408,false,9,9,offchain,500,404,1.328400,121.285200,198.257700,199.586100,6.967300,true,3104,,0x2fe6349b77f8b704a4b6fda6a67fa440bb1a7ac8a5722ef77d23ee9340b379ca,0x378067ce19c59caf2481e3a85cf6ea2d92084606882935c582a0cead0dc67fe9,94.433900
theo_n,8,409,false,9,9,offchain,500,405,1.344200,120.990700,206.868500,208.212700,6.983500,true,3104,,0x2fe6349b77f8b704a4b6fda6a67fa440bb1a7ac8a5722ef77d23ee9340b379ca,0x0fcad7247576a1b07bb28672f54e45c1975f4d2cb12ce2a0842156e5fb11b699,93.224700
theo_n,8,410,false,9,9,offchain,500,406,1.478300,123.393700,199.988900,201.467200,6.838100,true,3104,,0x2fe6349b77f8b704a4b6fda6a67fa440bb1a7ac8a5722ef77d23ee9340b379ca,0x38a65af790c2c9862784fee26351316db26e567f622e4adb7d0816fd4e9177d5,92.616300
theo_n,8,411,false,9,9,offchain,500,407,1.973100,121.943400,201.028800,203.001900,7.217600,true,3104,,0x2fe6349b77f8b704a4b6fda6a67fa440bb1a7ac8a5722ef77d23ee9340b379ca,0x1c2fc2017df1eec0728d9fc214ee10bc9e22479d8e366ba9b187369d70a8027b,92.709200
theo_n,8,412,false,9,9,offchain,500,408,1.409200,128.927300,205.270400,206.679600,7.278400,true,3104,,0x2fe6349b77f8b704a4b6fda6a67fa440bb1a7ac8a5722ef77d23ee9340b379ca,0x2749293f5be930225c81f032ae01d3657cf15b9e8f175ccb79165a28ac42c7ea,96.668100
theo_n,8,413,false,9,9,offchain,500,409,1.504000,124.530300,200.396200,201.900200,6.981300,true,3104,,0x2fe6349b77f8b704a4b6fda6a67fa440bb1a7ac8a5722ef77d23ee9340b379ca,0x2424c12631278149456d37089d85b1b0096fd5b210e40aae3372fea25e7596eb,92.869400
theo_n,8,414,false,9,9,offchain,500,410,1.404300,120.885600,200.326400,201.730700,7.920500,true,3104,,0x2fe6349b77f8b704a4b6fda6a67fa440bb1a7ac8a5722ef77d23ee9340b379ca,0x00890c3627f8b4c1fa33fd130fc8ec8332be8b9a48a24bae26633eb496186801,100.606300
theo_n,8,415,false,9,9,offchain,500,411,1.435800,182.659200,204.924600,206.360400,6.848500,true,3104,,0x2fe6349b77f8b704a4b6fda6a67fa440bb1a7ac8a5722ef77d23ee9340b379ca,0x335bc1cf9d1a7a60c04d938ab3dfcba200a4973ac59e01dccc081d830a2ebd20,95.075900
theo_n,8,416,false,9,9,offchain,500,412,1.377200,122.251800,196.122700,197.499900,7.012400,true,3104,,0x2fe6349b77f8b704a4b6fda6a67fa440bb1a7ac8a5722ef77d23ee9340b379ca,0x3051eeaae70a0135ca7c06259b60e7300b38b187c83d219e9bf0a110f07936f3,92.105300
theo_n,8,417,false,9,9,offchain,500,413,1.346900,122.157300,198.178400,199.525300,6.840900,true,3104,,0x2fe6349b77f8b704a4b6fda6a67fa440bb1a7ac8a5722ef77d23ee9340b379ca,0x38ddc8038dcc084a7f91e85ff123089af9f9fbe059a5d0b5a0461fee19e365a1,93.555300
theo_n,8,418,false,9,9,offchain,500,414,1.373700,124.184600,203.256800,204.630500,7.001200,true,3104,,0x2fe6349b77f8b704a4b6fda6a67fa440bb1a7ac8a5722ef77d23ee9340b379ca,0x0c998c6beda0bf7e6d6c4716d2419520ff9614a9536d32f0120b7c7501a6c972,92.358400
theo_n,8,419,false,9,9,offchain,500,415,1.794500,124.119000,202.182900,203.977400,7.057400,true,3104,,0x2fe6349b77f8b704a4b6fda6a67fa440bb1a7ac8a5722ef77d23ee9340b379ca,0x21f1763129ecc1166a229c0759f3923e9389dd666a66ac882a8a72b5fcaf3f14,92.871700
theo_n,8,420,false,9,9,offchain,500,416,1.349200,120.752000,200.743600,202.092800,6.793300,true,3104,,0x2fe6349b77f8b704a4b6fda6a67fa440bb1a7ac8a5722ef77d23ee9340b379ca,0x062483f552f6f125e85ae7864aecd355503a2660849751d580036c881d968294,94.485100
theo_n,8,421,false,9,9,offchain,500,417,1.391200,120.801300,198.323100,199.714300,6.808400,true,3104,,0x2fe6349b77f8b704a4b6fda6a67fa440bb1a7ac8a5722ef77d23ee9340b379ca,0x2a23689e2d52daa118d80b056b3f00ef9c316834825107d8aa5ae12299b560d3,91.265800
theo_n,8,422,false,9,9,offchain,500,418,1.462000,120.082900,196.846500,198.308500,7.481300,true,3104,,0x2fe6349b77f8b704a4b6fda6a67fa440bb1a7ac8a5722ef77d23ee9340b379ca,0x15cf0df3bc1e48bdf1f38c9d3cb0a29d6410d1498be1cd77e8655cf63be2af1d,90.498800
theo_n,8,423,false,9,9,offchain,500,419,1.458400,121.030700,198.574500,200.032900,6.888100,true,3104,,0x2fe6349b77f8b704a4b6fda6a67fa440bb1a7ac8a5722ef77d23ee9340b379ca,0x3c9cda09eda9a57c62674791dfc47737bcaff5788bf186e41c951a215bb778a3,92.812100
theo_n,8,424,false,9,9,offchain,500,420,1.412100,121.427300,198.340600,199.752700,6.919500,true,3104,,0x2fe6349b77f8b704a4b6fda6a67fa440bb1a7ac8a5722ef77d23ee9340b379ca,0x3bddb3e04627052518e44a4aaf33fd5e30adb4e0e62e3eec864ac85ef48292c1,94.196100
theo_n,8,425,false,9,9,offchain,500,421,1.412900,122.702000,196.454000,197.866900,7.052600,true,3104,,0x2fe6349b77f8b704a4b6fda6a67fa440bb1a7ac8a5722ef77d23ee9340b379ca,0x1f3b1fd65ea8542ee12d0e4f0fe199613ed2498a8814b94105dbf6728b4dac4f,95.967200
theo_n,8,426,false,9,9,offchain,500,422,1.867800,120.963600,196.711100,198.578900,7.176600,true,3104,,0x2fe6349b77f8b704a4b6fda6a67fa440bb1a7ac8a5722ef77d23ee9340b379ca,0x20d5ff6df656d5aa1326cf761556b91b4d854779005b2540ee8542e312ef9add,92.715600
theo_n,8,427,false,9,9,offchain,500,423,1.422000,121.881400,199.488600,200.910600,6.911400,true,3104,,0x2fe6349b77f8b704a4b6fda6a67fa440bb1a7ac8a5722ef77d23ee9340b379ca,0x1a18a5b2f846e1dab412439786d5ff449a82aaf62798d12f989bf91b8aa78918,92.441900
theo_n,8,428,false,9,9,offchain,500,424,1.335400,121.506900,256.008600,257.344000,6.898300,true,3104,,0x2fe6349b77f8b704a4b6fda6a67fa440bb1a7ac8a5722ef77d23ee9340b379ca,0x3515b98ff4e0c8b08bbbbd56f8c6a8b321062b384341d1619df13c2f948a889e,95.556300
theo_n,8,429,false,9,9,offchain,500,425,1.490300,122.864000,201.315100,202.805400,7.171900,true,3104,,0x2fe6349b77f8b704a4b6fda6a67fa440bb1a7ac8a5722ef77d23ee9340b379ca,0x2e73386772fe299bc48b05a02504910a01af30cc20dc49b3341a5ba8db21dbaa,94.259000
theo_n,8,430,false,9,9,offchain,500,426,1.454400,124.203300,200.123900,201.578300,6.987100,true,3104,,0x2fe6349b77f8b704a4b6fda6a67fa440bb1a7ac8a5722ef77d23ee9340b379ca,0x34954fbd1ad6acbbb3254e1bb62afdae0687ed87e17c831e9872ba359632bb03,93.561500
theo_n,8,431,false,9,9,offchain,500,427,1.492800,121.603100,199.893400,201.386200,6.836900,true,3104,,0x2fe6349b77f8b704a4b6fda6a67fa440bb1a7ac8a5722ef77d23ee9340b379ca,0x216b9ac14777cc5361a76f7ea6c9ff6c8675c31de23904e161e7e216e071bdf4,92.854800
theo_n,8,432,false,9,9,offchain,500,428,1.322800,122.076800,210.917800,212.240600,7.060400,true,3104,,0x2fe6349b77f8b704a4b6fda6a67fa440bb1a7ac8a5722ef77d23ee9340b379ca,0x3c8d249ffe5863fc8990b79b6c685c8f2486e040f796de2d6f8ebadb4ec3f88c,94.395700
theo_n,8,433,false,9,9,offchain,500,429,1.336900,122.126200,204.276100,205.613000,6.864100,true,3104,,0x2fe6349b77f8b704a4b6fda6a67fa440bb1a7ac8a5722ef77d23ee9340b379ca,0x0bb23f36bda1165957a9810ca40db0293086b3b980d1047beddf88756538c586,91.613900
theo_n,8,434,false,9,9,offchain,500,430,1.420900,122.616900,203.732100,205.153000,6.922600,true,3104,,0x2fe6349b77f8b704a4b6fda6a67fa440bb1a7ac8a5722ef77d23ee9340b379ca,0x28239e257c233e813ac6b1c6111a6f4e90dc8d04cf4a533048fb7fbaa927640c,92.523200
theo_n,8,435,false,9,9,offchain,500,431,1.359200,120.572000,200.772100,202.131300,6.858600,true,3104,,0x2fe6349b77f8b704a4b6fda6a67fa440bb1a7ac8a5722ef77d23ee9340b379ca,0x1c8e92bdd9f9e7df3daf43a476f574090d58aa79d8c3683907a02dd4fd73b321,92.840700
theo_n,8,436,false,9,9,offchain,500,432,1.338200,120.775900,197.653400,198.991600,6.913000,true,3104,,0x2fe6349b77f8b704a4b6fda6a67fa440bb1a7ac8a5722ef77d23ee9340b379ca,0x3bd1dfbad375ccd3da2c236950121b9d0439a1a06ad90c7cf1c42e79b1c6c91d,93.511600
theo_n,8,437,false,9,9,offchain,500,433,1.375100,121.360100,198.205300,199.580400,7.019000,true,3104,,0x2fe6349b77f8b704a4b6fda6a67fa440bb1a7ac8a5722ef77d23ee9340b379ca,0x13d90fe9127ebf52315769aec41f0d636a81041b8f226c4cc964af4f202713b8,91.718300
theo_n,8,438,false,9,9,offchain,500,434,1.434500,122.455700,197.806500,199.241000,7.017100,true,3104,,0x2fe6349b77f8b704a4b6fda6a67fa440bb1a7ac8a5722ef77d23ee9340b379ca,0x3cb56609cb54db504511e90d8fb65a2d9d59f26b26a7252a39ed50febf575787,96.499700
theo_n,8,439,false,9,9,offchain,500,435,1.356900,121.810900,197.164100,198.521000,6.966500,true,3104,,0x2fe6349b77f8b704a4b6fda6a67fa440bb1a7ac8a5722ef77d23ee9340b379ca,0x024d3f5eb6699c0d997702b2663c2448ed4da5f4671ee63615ca2d69231e184c,91.678400
theo_n,8,440,false,9,9,offchain,500,436,1.390300,121.711600,200.552000,201.942300,7.871800,true,3104,,0x2fe6349b77f8b704a4b6fda6a67fa440bb1a7ac8a5722ef77d23ee9340b379ca,0x2b458da98e1fe92bf94a4afbed7672a65742f5d95bcce9a4433051ccb1420b2e,101.440600
theo_n,8,441,false,9,9,offchain,500,437,1.436000,136.604500,237.759300,239.195300,7.397000,true,3104,,0x2fe6349b77f8b704a4b6fda6a67fa440bb1a7ac8a5722ef77d23ee9340b379ca,0x252b5d09379eb2600b7ad343a6285f062cfd85f3629d9025ecd809d58b811a72,95.466200
theo_n,8,442,false,9,9,offchain,500,438,1.747300,127.618200,263.640100,265.387400,7.095600,true,3104,,0x2fe6349b77f8b704a4b6fda6a67fa440bb1a7ac8a5722ef77d23ee9340b379ca,0x2fa0658081700b443fc8d647538adec5766e48ca4a265ca5011d391974a2168d,93.231700
theo_n,8,443,false,9,9,offchain,500,439,1.373500,121.890000,201.692300,203.065800,6.972500,true,3104,,0x2fe6349b77f8b704a4b6fda6a67fa440bb1a7ac8a5722ef77d23ee9340b379ca,0x245579a4dd6f15df7303bb30589422b4f17c8231df2cf5703ffb8b6a7e6a2cae,95.077600
theo_n,8,444,false,9,9,offchain,500,440,1.417800,121.871500,210.985400,212.403200,7.308500,true,3104,,0x2fe6349b77f8b704a4b6fda6a67fa440bb1a7ac8a5722ef77d23ee9340b379ca,0x1c364c47efeeba8e4d5034a4565aaf179840d59171e45837603a46acd362816c,93.454300
theo_n,8,445,false,9,9,offchain,500,441,1.402500,123.710200,201.666700,203.069200,6.927200,true,3104,,0x2fe6349b77f8b704a4b6fda6a67fa440bb1a7ac8a5722ef77d23ee9340b379ca,0x12372317c13c17f17c87d245c5ef3f4d1e771ef3a023f9e1549b8d19c83ac296,92.964400
theo_n,8,446,false,9,9,offchain,500,442,1.340000,121.068900,200.873500,202.213500,6.887400,true,3104,,0x2fe6349b77f8b704a4b6fda6a67fa440bb1a7ac8a5722ef77d23ee9340b379ca,0x3a63844d4b224222a5912c8ae2f77102371b2aa547e36634253e5c10dde367fc,94.910900
theo_n,8,447,false,9,9,offchain,500,443,1.404100,121.182400,202.253600,203.657700,6.927900,true,3104,,0x2fe6349b77f8b704a4b6fda6a67fa440bb1a7ac8a5722ef77d23ee9340b379ca,0x32a550534ac14b52affa0aa36abce55f842817740033c381a499f32687e505d2,93.360300
theo_n,8,448,false,9,9,offchain,500,444,1.362800,122.131300,201.185200,202.548000,6.909400,true,3104,,0x2fe6349b77f8b704a4b6fda6a67fa440bb1a7ac8a5722ef77d23ee9340b379ca,0x395db188ed8f26b2a26e9763fed0c76fb746d6705b3bf9f058c257a85d63d1d4,94.130500
theo_n,8,449,false,9,9,offchain,500,445,1.416700,120.358500,197.407800,198.824500,7.534300,true,3104,,0x2fe6349b77f8b704a4b6fda6a67fa440bb1a7ac8a5722ef77d23ee9340b379ca,0x124df98c42d93d1824b40f8019a3ef96a50de6655a38d0d5f69354b6f02e6a69,98.227700
theo_n,8,450,false,9,9,offchain,500,446,1.408200,124.024100,202.253600,203.661800,7.120300,true,3104,,0x2fe6349b77f8b704a4b6fda6a67fa440bb1a7ac8a5722ef77d23ee9340b379ca,0x06a70ef54988cfdd19590310811975ab117af4f27221977d44b2285ecfd27081,92.279300
theo_n,8,451,false,9,9,offchain,500,447,1.339400,123.254900,198.830100,200.169500,7.041100,true,3104,,0x2fe6349b77f8b704a4b6fda6a67fa440bb1a7ac8a5722ef77d23ee9340b379ca,0x1a12a625214ee86a2afa77c0a050be843c370e9034cb5fcfae6ad43d0a3a0a9a,93.429400
theo_n,8,452,false,9,9,offchain,500,448,1.397700,121.572400,199.959100,201.356800,6.816400,true,3104,,0x2fe6349b77f8b704a4b6fda6a67fa440bb1a7ac8a5722ef77d23ee9340b379ca,0x24016291e09c2e574cc110dbf25dc788b858b734b8b80d2fd29e901858c81977,92.827100
theo_n,8,453,false,9,9,offchain,500,449,1.376100,122.646300,202.992700,204.368800,6.978200,true,3104,,0x2fe6349b77f8b704a4b6fda6a67fa440bb1a7ac8a5722ef77d23ee9340b379ca,0x2000666d65a525f713184e9e342dab1d135842ea15a91d656b86509e91d2a9a6,94.068000
theo_n,8,454,false,9,9,offchain,500,450,1.357500,121.506800,198.675700,200.033200,6.931400,true,3104,,0x2fe6349b77f8b704a4b6fda6a67fa440bb1a7ac8a5722ef77d23ee9340b379ca,0x3c4d5f7ebd1944e26695be9f4c1ffd5d11d9fd995b4570bd08514d9c4281d8f5,97.459800
theo_n,8,455,false,9,9,offchain,500,451,1.333500,121.830400,198.312400,199.645900,6.794700,true,3104,,0x2fe6349b77f8b704a4b6fda6a67fa440bb1a7ac8a5722ef77d23ee9340b379ca,0x23a44296cb2007359e11ac651732a70f70c51caea30595bfc0f5644dcd318e51,92.486800
theo_n,8,456,false,9,9,offchain,500,452,1.381000,123.040500,257.656500,259.037500,6.996400,true,3104,,0x2fe6349b77f8b704a4b6fda6a67fa440bb1a7ac8a5722ef77d23ee9340b379ca,0x05235900d53e21f8df5a13af4f3768ce4851cfe937f994c756709d774bac7cfd,92.498500
theo_n,8,457,false,9,9,offchain,500,453,1.342100,126.730500,203.805200,205.147300,6.890800,true,3104,,0x2fe6349b77f8b704a4b6fda6a67fa440bb1a7ac8a5722ef77d23ee9340b379ca,0x07bf4654e53f195090b658f17474a3cf21b348ddd5f149a4047e6e6f76c73a7f,95.727200
theo_n,8,458,false,9,9,offchain,500,454,1.336000,120.952700,197.566800,198.902800,6.969300,true,3104,,0x2fe6349b77f8b704a4b6fda6a67fa440bb1a7ac8a5722ef77d23ee9340b379ca,0x3a9e200c1ba43abe65ca0d961bd837cc8aa76d6560d9270803409cf9ff2f82c4,92.470200
theo_n,8,459,false,9,9,offchain,500,455,1.357000,122.767200,200.072100,201.429100,7.042900,true,3104,,0x2fe6349b77f8b704a4b6fda6a67fa440bb1a7ac8a5722ef77d23ee9340b379ca,0x274099acc6646b31b34b7018652aed4e6af6c7b916187ff5234663515a24af6c,93.012200
theo_n,8,460,false,9,9,offchain,500,456,1.353100,120.713100,198.994200,200.347300,6.888500,true,3104,,0x2fe6349b77f8b704a4b6fda6a67fa440bb1a7ac8a5722ef77d23ee9340b379ca,0x17b5933323233f8d8327547bca49990423c0bd9a5726a299f57e234b5662c56d,92.894600
theo_n,8,461,false,9,9,offchain,500,457,2.027500,120.981300,197.326400,199.353900,6.827200,true,3104,,0x2fe6349b77f8b704a4b6fda6a67fa440bb1a7ac8a5722ef77d23ee9340b379ca,0x28d2cb099482136fd3f1167fdcd042773850722bd5aa22837e50460cf134bd78,91.665300
theo_n,8,462,false,9,9,offchain,500,458,1.357800,121.932100,200.284900,201.642700,6.967400,true,3104,,0x2fe6349b77f8b704a4b6fda6a67fa440bb1a7ac8a5722ef77d23ee9340b379ca,0x1f7b8c6e710e769bd1cf13a207ade254066a7c9ad1333f60806afd351332f4b5,91.862600
theo_n,8,463,false,9,9,offchain,500,459,1.411200,120.274000,198.397500,199.808700,6.982900,true,3104,,0x2fe6349b77f8b704a4b6fda6a67fa440bb1a7ac8a5722ef77d23ee9340b379ca,0x046c0db199c1147c0e39f2827ba2d5d57dde77da8d81836b40f45c16c3ef1688,93.167900
theo_n,8,464,false,9,9,offchain,500,460,1.349200,120.992000,197.761000,199.110200,7.230400,true,3104,,0x2fe6349b77f8b704a4b6fda6a67fa440bb1a7ac8a5722ef77d23ee9340b379ca,0x1a82f980ed131a96dee238adb71d627e2cb1e3d8648f7119a5344f90ef27ed93,93.816100
theo_n,8,465,false,9,9,offchain,500,461,1.395400,122.172800,198.885900,200.281300,7.668900,true,3104,,0x2fe6349b77f8b704a4b6fda6a67fa440bb1a7ac8a5722ef77d23ee9340b379ca,0x24373920779d6db38f392ba83294738f12306eb2751f0e41a5e51ea110fec8a3,103.699200
theo_n,8,466,false,9,9,offchain,500,462,1.334100,128.854200,219.890400,221.224500,7.595300,true,3104,,0x2fe6349b77f8b704a4b6fda6a67fa440bb1a7ac8a5722ef77d23ee9340b379ca,0x1efd678d74e8fbe9bd05fa096545ebd991a6dfcf99a76857815df82a6e478967,99.308100
theo_n,8,467,false,9,9,offchain,500,463,1.476800,141.957100,233.308300,234.785100,8.509300,true,3104,,0x2fe6349b77f8b704a4b6fda6a67fa440bb1a7ac8a5722ef77d23ee9340b379ca,0x3d7dfec478dc1325a14ebfdf2aed92a5490dd882f66b4c116c8f21772530f217,109.169200
theo_n,8,468,false,9,9,offchain,500,464,1.565600,132.496800,213.623500,215.189100,7.352100,true,3104,,0x2fe6349b77f8b704a4b6fda6a67fa440bb1a7ac8a5722ef77d23ee9340b379ca,0x263189d5f8822b4f70311cbea099edda8b1e8b01abc0bb7f822b463751f99c62,96.818800
theo_n,8,469,false,9,9,offchain,500,465,1.493800,126.674000,204.947600,206.441400,6.987300,true,3104,,0x2fe6349b77f8b704a4b6fda6a67fa440bb1a7ac8a5722ef77d23ee9340b379ca,0x3c3f785924c2f752b812fc586afcf3d3e33f09d1e1262508ec094fdadc8ce9f5,92.902300
theo_n,8,470,false,9,9,offchain,500,466,1.380300,180.848900,203.294600,204.674900,6.921100,true,3104,,0x2fe6349b77f8b704a4b6fda6a67fa440bb1a7ac8a5722ef77d23ee9340b379ca,0x19f1f8a613737783c05a78492a47dbd39bd2ff62f7e2e9bf45e7915ead23092d,95.923700
theo_n,8,471,false,9,9,offchain,500,467,1.363800,121.108700,198.005200,199.369000,6.832100,true,3104,,0x2fe6349b77f8b704a4b6fda6a67fa440bb1a7ac8a5722ef77d23ee9340b379ca,0x11bc0afb1fc5421c087d49f99e01024212fe94a7b26e95b272a39feed80aaaa5,92.995400
theo_n,8,472,false,9,9,offchain,500,468,1.360500,122.382800,198.869400,200.229900,7.066500,true,3104,,0x2fe6349b77f8b704a4b6fda6a67fa440bb1a7ac8a5722ef77d23ee9340b379ca,0x3b2632f5e2340c60fc0086e6d0b94eebe93de7299607b769933d105ce7671be1,94.372200
theo_n,8,473,false,9,9,offchain,500,469,1.418300,122.104400,200.221100,201.639400,6.894300,true,3104,,0x2fe6349b77f8b704a4b6fda6a67fa440bb1a7ac8a5722ef77d23ee9340b379ca,0x3c85c8bcfe13e01a9b7ad594064bc15c667ffc9ee042ea4a39478cd3dd190fbf,92.660500
theo_n,8,474,false,9,9,offchain,500,470,1.533600,120.847600,204.515600,206.049200,6.955400,true,3104,,0x2fe6349b77f8b704a4b6fda6a67fa440bb1a7ac8a5722ef77d23ee9340b379ca,0x1bdeab74cfadbe395b77d92b8e792340a4e74f28ec30d31d6b25cbbe1788f656,93.793300
theo_n,8,475,false,9,9,offchain,500,471,1.460500,125.697900,203.601600,205.062100,6.863200,true,3104,,0x2fe6349b77f8b704a4b6fda6a67fa440bb1a7ac8a5722ef77d23ee9340b379ca,0x2da5b1152e8a3614f9f938dcfe46aafa2fea0df5d01933f5668bc901706ec7a9,93.574700
theo_n,8,476,false,9,9,offchain,500,472,1.288300,121.037400,201.924900,203.213200,7.337600,true,3104,,0x2fe6349b77f8b704a4b6fda6a67fa440bb1a7ac8a5722ef77d23ee9340b379ca,0x3cfea5767e10b395defcecb770cbc3e718b491547a767c38b16a7a42f98e4edd,93.643900
theo_n,8,477,false,9,9,offchain,500,473,1.402100,123.941500,206.296500,207.698600,6.916800,true,3104,,0x2fe6349b77f8b704a4b6fda6a67fa440bb1a7ac8a5722ef77d23ee9340b379ca,0x3a5fadb93e3f4bda78faa87046eec4b7f05f1d42bc270fedd569aa9159d682d2,92.218000
theo_n,8,478,false,9,9,offchain,500,474,1.511700,121.905300,198.942000,200.453700,6.940900,true,3104,,0x2fe6349b77f8b704a4b6fda6a67fa440bb1a7ac8a5722ef77d23ee9340b379ca,0x2b6da1cce10d26ce24b68f5998e18e0e6b9f2f68a1abd7c536531f5b604afeee,93.262500
theo_n,8,479,false,9,9,offchain,500,475,1.418500,120.779600,200.562500,201.981000,7.018700,true,3104,,0x2fe6349b77f8b704a4b6fda6a67fa440bb1a7ac8a5722ef77d23ee9340b379ca,0x25237d563bc0019fa40ace12305aad6cf551c574bc637a067cb0b61f089492bf,93.675600
theo_n,8,480,false,9,9,offchain,500,476,1.456600,122.246800,199.231900,200.688500,6.967400,true,3104,,0x2fe6349b77f8b704a4b6fda6a67fa440bb1a7ac8a5722ef77d23ee9340b379ca,0x23cdce466083e46fbe3c8950bb704c6120b38eba50567603ab77b13edb38eb19,92.536500
theo_n,8,481,false,9,9,offchain,500,477,1.315800,122.249200,197.347600,198.663400,6.917800,true,3104,,0x2fe6349b77f8b704a4b6fda6a67fa440bb1a7ac8a5722ef77d23ee9340b379ca,0x28a43702e3618637c8e95c0743bdd4170d57f7b585705731feeca300dbc75b74,92.688100
theo_n,8,482,false,9,9,offchain,500,478,1.324900,121.115100,210.655600,211.980500,6.999300,true,3104,,0x2fe6349b77f8b704a4b6fda6a67fa440bb1a7ac8a5722ef77d23ee9340b379ca,0x0a9f91542b5d182f0354fadbefef88088f13934a4356a85772d8ec593ea11671,92.090600
theo_n,8,483,false,9,9,offchain,500,479,1.349400,121.199500,258.377400,259.726800,7.439400,true,3104,,0x2fe6349b77f8b704a4b6fda6a67fa440bb1a7ac8a5722ef77d23ee9340b379ca,0x25a6b64bdf37d769433b592ad4d238e5082e0fbca739cb5b94266f486254fb75,92.620400
theo_n,8,484,false,9,9,offchain,500,480,1.690900,126.309900,209.915200,211.606100,7.068300,true,3104,,0x2fe6349b77f8b704a4b6fda6a67fa440bb1a7ac8a5722ef77d23ee9340b379ca,0x1656da303f31fa263f742431516ec6106196bce101abf4b906290db03d2cbd32,95.387800
theo_n,8,485,false,9,9,offchain,500,481,1.333100,123.797600,202.063500,203.396600,6.886200,true,3104,,0x2fe6349b77f8b704a4b6fda6a67fa440bb1a7ac8a5722ef77d23ee9340b379ca,0x022aac70ab03d4e101aa2de4acb16a7b235850930a270938551a70ba185337c6,91.902900
theo_n,8,486,false,9,9,offchain,500,482,1.380500,122.600300,200.981900,202.362400,7.025300,true,3104,,0x2fe6349b77f8b704a4b6fda6a67fa440bb1a7ac8a5722ef77d23ee9340b379ca,0x369ef1d21cbba87606ada86ecd1228f19d62eda411b69f3bb42fe3cd85e2174c,92.371100
theo_n,8,487,false,9,9,offchain,500,483,1.377400,121.432600,196.761900,198.139300,6.911200,true,3104,,0x2fe6349b77f8b704a4b6fda6a67fa440bb1a7ac8a5722ef77d23ee9340b379ca,0x3fcd2257c5217c42444666e1ed1ea368ea4e0fa49a46e61872737fb102349c7f,96.977100
theo_n,8,488,false,9,9,offchain,500,484,1.367100,123.815500,206.942400,208.309500,7.126000,true,3104,,0x2fe6349b77f8b704a4b6fda6a67fa440bb1a7ac8a5722ef77d23ee9340b379ca,0x1961619322259930a950048d8453ff85cd0f6710021675929619671aed29f969,94.524400
theo_n,8,489,false,9,9,offchain,500,485,1.391300,124.721700,202.018100,203.409400,6.913400,true,3104,,0x2fe6349b77f8b704a4b6fda6a67fa440bb1a7ac8a5722ef77d23ee9340b379ca,0x2a7430ce46ae85a1e9d9470ba26b9e641779a7aa81986fbb1cd50792ed0fce21,92.131500
theo_n,8,490,false,9,9,offchain,500,486,1.362200,122.235500,199.861400,201.223600,6.986500,true,3104,,0x2fe6349b77f8b704a4b6fda6a67fa440bb1a7ac8a5722ef77d23ee9340b379ca,0x3b09e4f95321c65024dc1128ca572783ef0fd6d326ad86deb1eb100a63bbe678,92.129100
theo_n,8,491,false,9,9,offchain,500,487,1.464900,129.196200,206.739300,208.204200,7.032400,true,3104,,0x2fe6349b77f8b704a4b6fda6a67fa440bb1a7ac8a5722ef77d23ee9340b379ca,0x22456a792d79a56dfb8f97bdda4dd881e873685ccff935533c185d9e5bce9bf2,92.142500
theo_n,8,492,false,9,9,offchain,500,488,1.317400,121.919000,215.104500,216.421900,7.099600,true,3104,,0x2fe6349b77f8b704a4b6fda6a67fa440bb1a7ac8a5722ef77d23ee9340b379ca,0x1e78ee850b66493a0db80da484fac142eee6e27e658d95876c021d0038634936,95.514700
theo_n,8,493,false,9,9,offchain,500,489,1.434200,124.433700,200.841100,202.275300,7.204500,true,3104,,0x2fe6349b77f8b704a4b6fda6a67fa440bb1a7ac8a5722ef77d23ee9340b379ca,0x0ef99c29683ead0cbf5acc75db2319f5ce9a59f748f08bcba096e9f18bc93fd1,96.303300
theo_n,8,494,false,9,9,offchain,500,490,1.347800,124.876600,202.994500,204.342300,6.898100,true,3104,,0x2fe6349b77f8b704a4b6fda6a67fa440bb1a7ac8a5722ef77d23ee9340b379ca,0x207a5186c3c34f03e1136241eb4967e3ef04523abf2ed6e53e0abcf6413be6d8,97.095200
theo_n,8,495,false,9,9,offchain,500,491,1.383100,121.776300,199.749900,201.133000,6.936800,true,3104,,0x2fe6349b77f8b704a4b6fda6a67fa440bb1a7ac8a5722ef77d23ee9340b379ca,0x2c03f4c00cb186934e855beedc995b24b125cb2ba9ae9ca2a1e2683d3d3b641d,94.982300
theo_n,8,496,false,9,9,offchain,500,492,1.334800,122.832500,199.504700,200.839500,7.212300,true,3104,,0x2fe6349b77f8b704a4b6fda6a67fa440bb1a7ac8a5722ef77d23ee9340b379ca,0x2a4491a9d395798616221dd1cec97778e9068cec0bcebd1df6f7f54a7f8709de,96.476200
theo_n,8,497,false,9,9,offchain,500,493,1.343900,129.797600,203.553100,204.897000,6.945400,true,3104,,0x2fe6349b77f8b704a4b6fda6a67fa440bb1a7ac8a5722ef77d23ee9340b379ca,0x31f9f4ef39e9980944fef56eae532ffd64759c886368a1d3664d2a8b32af4061,92.473100
theo_n,8,498,false,9,9,offchain,500,494,1.563500,184.081000,202.107500,203.671000,7.270700,true,3104,,0x2fe6349b77f8b704a4b6fda6a67fa440bb1a7ac8a5722ef77d23ee9340b379ca,0x1382ac46b683ed93827f9edc831399ff0a7fb3b3604b6aff818778d54aa9bd85,93.926300
theo_n,8,499,false,9,9,offchain,500,495,1.457300,127.833800,202.480600,203.937900,7.300500,true,3104,,0x2fe6349b77f8b704a4b6fda6a67fa440bb1a7ac8a5722ef77d23ee9340b379ca,0x098d8f77a52a20385af5063bc3dda760c6327a039df3bddd9abdd48316e84c2c,94.347100
theo_n,8,500,false,9,9,offchain,500,496,1.518500,123.613000,199.920300,201.438800,6.859300,true,3104,,0x2fe6349b77f8b704a4b6fda6a67fa440bb1a7ac8a5722ef77d23ee9340b379ca,0x33ddc8eeb3b77b0a441a211a1cb69eee70b53a465630619f0814f96337665edf,92.207300
theo_n,8,501,false,9,9,offchain,500,497,1.400400,122.088300,197.738100,199.138500,6.898800,true,3104,,0x2fe6349b77f8b704a4b6fda6a67fa440bb1a7ac8a5722ef77d23ee9340b379ca,0x054e2236fbaad7cc4726815852831e0b24470816a6c07d78b0d9d280456b71a4,93.191900
theo_n,8,502,false,9,9,offchain,500,498,1.364600,129.430800,241.067400,242.432000,7.664200,true,3104,,0x2fe6349b77f8b704a4b6fda6a67fa440bb1a7ac8a5722ef77d23ee9340b379ca,0x099e04b9c764d5f3137e72d7de8c8a64e3f72edd86ea5b1ac089876cf20e393c,119.081800
theo_n,8,503,false,9,9,offchain,500,499,1.502700,132.388700,210.715900,212.218600,7.277900,true,3104,,0x2fe6349b77f8b704a4b6fda6a67fa440bb1a7ac8a5722ef77d23ee9340b379ca,0x0b6f8127080790145005f632c7de6ad5fdb8a886521c8fa39d063e6193ace58b,96.336400
