mechanism,n,student_index,deploy_pool_gas,deploy_verifier_gas,update_root_gas,verify_gas,verify_onchain_ms,withdraw_gas,withdraw_ms,verify_record_gas,verify_record_ms,settle_gas,settle_ms,root,nullifier
onchain,500,0,1979758,4554511,459000,532286,779.279800,582675,968.667600,615667,1108.604200,69626,37.445000,0x098b50423eb1b80e5a7fb520438bb4f17cbf6c9b9e6ebef7938342aa2df694fe,0x0908cbf85e088d680fbd39fdb24b3cc3dd4a43f6c03cd816e06f24aad0ed40c9
onchain,500,1,1979758,4554511,459000,532310,801.653700,582687,897.296700,615679,956.910600,69626,44.577700,0x098b50423eb1b80e5a7fb520438bb4f17cbf6c9b9e6ebef7938342aa2df694fe,0x067e06c893d9a0e4d6fd53a0046674c8f20bf84f7b70811bf473ffa211d8c6bd
onchain,500,2,1979758,4554511,459000,532346,746.105800,582735,696.583600,615727,773.836000,69626,36.603000,0x098b50423eb1b80e5a7fb520438bb4f17cbf6c9b9e6ebef7938342aa2df694fe,0x0b8fe57083cdcc700c57fbcf6933cb725896572c6ab544b6f4d8e1c6ab38f07b
onchain,500,3,1979758,4554511,459000,532310,622.951600,582699,605.163400,615691,733.603500,69626,26.506100,0x098b50423eb1b80e5a7fb520438bb4f17cbf6c9b9e6ebef7938342aa2df694fe,0x107c70d191e489c806456c18cf98e286488b248a7e2ac57b6576b30dfade8db2
onchain,500,4,1979758,4554511,459000,532238,648.072300,582627,643.531800,615619,745.411200,69626,33.907800,0x098b50423eb1b80e5a7fb520438bb4f17cbf6c9b9e6ebef7938342aa2df694fe,0x0a311bfe27c095e9b61eb94f9bfdc9d5e247dfd2f96271cff3d32612a2e7339a
onchain,500,5,1979758,4554511,459000,532226,650.955900,582615,709.192700,615607,724.786200,69626,33.028700,0x098b50423eb1b80e5a7fb520438bb4f17cbf6c9b9e6ebef7938342aa2df694fe,0x18b6e24c33265e51a6ebce655f0c7d8cc56a336e228450d97e77a9ef874404bc
onchain,500,6,1979758,4554511,459000,532322,568.242700,582711,722.685300,615703,708.945700,69626,29.201700,0x098b50423eb1b80e5a7fb520438bb4f17cbf6c9b9e6ebef7938342aa2df694fe,0x178454ab459643088f4034d21806282a31eacc6d694df8a91a76f6cadc1e4e05
onchain,500,7,1979758,4554511,459000,532334,701.526700,582723,627.962000,615715,650.187300,69626,50.742100,0x098b50423eb1b80e5a7fb520438bb4f17cbf6c9b9e6ebef7938342aa2df694fe,0x156330b35df029b9ac8c5cf74cf1978f087f063d91916404df8a0984916950ac
onchain,500,8,1979758,4554511,459000,532178,686.499000,582555,640.626300,615547,702.231800,69614,36.808400,0x098b50423eb1b80e5a7fb520438bb4f17cbf6c9b9e6ebef7938342aa2df694fe,0x15bf766aa145bc49955f4b440b0070cdb1823fdb1a4942a856ae7a53dd251a8a
onchain,500,9,1979758,4554511,459000,532346,642.198400,582723,654.925400,615715,774.275400,69626,29.200600,0x098b50423eb1b80e5a7fb520438bb4f17cbf6c9b9e6ebef7938342aa2df694fe,0x145e23340ae3a5c2a8a430e0bd8150939cf9d3336c5a111f39801cc2a9171cea
onchain,500,10,1979758,4554511,459000,532274,618.953500,582663,710.561900,615655,811.381000,69626,36.679400,0x098b50423eb1b80e5a7fb520438bb4f17cbf6c9b9e6ebef7938342aa2df694fe,0x19d8b479a4eb2ed56fc544f5f258c142afbc9733ce11579245b90f6471cc5aa2
onchain,500,11,1979758,4554511,459000,532238,656.193400,582627,701.843900,615619,723.070100,69626,57.677400,0x098b50423eb1b80e5a7fb520438bb4f17cbf6c9b9e6ebef7938342aa2df694fe,0x17115cce247ab17833ce4f971544dcf98cba44f30ac3caa2b60573600696808c
onchain,500,12,1979758,4554511,459000,532346,622.319700,582735,647.859000,615727,667.151400,69626,65.194900,0x098b50423eb1b80e5a7fb520438bb4f17cbf6c9b9e6ebef7938342aa2df694fe,0x12f7111f7f65e737c4608f3f8cffc3dea6a29e14af7ddcba52cac254304ecd23
onchain,500,13,1979758,4554511,459000,532274,608.322500,582663,669.742100,615655,721.276500,69626,24.457500,0x098b50423eb1b80e5a7fb520438bb4f17cbf6c9b9e6ebef7938342aa2df694fe,0x146554373ef67f5de307538cfcb7e62015f4c7d7791f0be35f5897031ab12a59
onchain,500,14,1979758,4554511,459000,532310,622.030100,582699,747.168700,615691,704.035800,69626,34.366200,0x098b50423eb1b80e5a7fb520438bb4f17cbf6c9b9e6ebef7938342aa2df694fe,0x298177b133ab3f68a2e47c6d74787973892a7540de8dcd16ae80701b4d1a19b5
onchain,500,15,1979758,4554511,459000,532262,792.554500,582651,1048.616500,615643,1297.216600,69626,33.174600,0x098b50423eb1b80e5a7fb520438bb4f17cbf6c9b9e6ebef7938342aa2df694fe,0x290f20350f10923907c139526a8eeb150f99e2573a16d6916fe0f769c993f49a
onchain,500,16,1979758,4554511,459000,532394,1071.074400,582783,978.477400,615775,1290.468000,69626,41.998700,0x098b50423eb1b80e5a7fb520438bb4f17cbf6c9b9e6ebef7938342aa2df694fe,0x171e66512384a041ca6a5f708a5b4fdda9cf24ab176412c6f6900afc3c6dedb8
onchain,500,17,1979758,4554511,459000,532274,710.709400,582663,618.371800,615655,629.418500,69626,36.724100,0x098b50423eb1b80e5a7fb520438bb4f17cbf6c9b9e6ebef7938342aa2df694fe,0x1be2fe80e5029582e3f6e62f4cb2a84d401feee79f16b335d0bc369a395a0853
onchain,500,18,1979758,4554511,459000,532334,600.280200,582723,683.491600,615715,726.142000,69626,30.905100,0x098b50423eb1b80e5a7fb520438bb4f17cbf6c9b9e6ebef7938342aa2df694fe,0x0bb978d615ff4f194a9934af270a428732e8174c4311c8beb31d4e0bbabbc0bc
onchain,500,19,1979758,4554511,459000,532370,585.813100,582759,665.211500,615751,669.013500,69626,23.408200,0x098b50423eb1b80e5a7fb520438bb4f17cbf6c9b9e6ebef7938342aa2df694fe,0x04726770464b2bff8da321b67038b812b34fa5fa5cdf99f1314cba8589a165bc
onchain,500,20,1979758,4554511,459000,532238,603.528500,582627,649.095700,615619,605.919500,69626,21.730900,0x098b50423eb1b80e5a7fb520438bb4f17cbf6c9b9e6ebef7938342aa2df694fe,0x03d6f9ca63a41aff3fb9a8fc838ab1ed3ceedc7c249c5dc4c19d5955e351be13
onchain,500,21,1979758,4554511,459000,532406,581.799500,582795,615.837700,615787,647.022700,69626,24.398900,0x098b50423eb1b80e5a7fb520438bb4f17cbf6c9b9e6ebef7938342aa2df694fe,0x1686fa19ed842d8106f86663fe6e6888a8bfb3e985dcfd2bb1db169ffcda5da5
onchain,500,22,1979758,4554511,459000,532262,574.668600,582651,644.087300,615643,648.098700,69626,23.022300,0x098b50423eb1b80e5a7fb520438bb4f17cbf6c9b9e6ebef7938342aa2df694fe,0x23e82ec09d717b107d77dc26eb5dc265ea1fc45985e29b8cc3cb17430ff24a0c
onchain,500,23,1979758,4554511,459000,532286,615.703600,582675,602.635000,615667,774.984800,69626,28.626000,0x098b50423eb1b80e5a7fb520438bb4f17cbf6c9b9e6ebef7938342aa2df694fe,0x10b3bd195947d421c2d2b26290f8c337fd0828e5148886d256cae19c30dd3457
onchain,500,24,1979758,4554511,459000,532298,619.042600,582675,666.683900,615667,667.756900,69626,31.160800,0x098b50423eb1b80e5a7fb520438bb4f17cbf6c9b9e6ebef7938342aa2df694fe,0x2a99ad2dc4636645cb03a3f8cddbcf89d41b4a9e486facca27dfee54675abb9c
onchain,500,25,1979758,4554511,459000,532298,600.746000,582675,672.956600,615667,875.864600,69614,70.905600,0x098b50423eb1b80e5a7fb520438bb4f17cbf6c9b9e6ebef7938342aa2df694fe,0x1cd40d323ccd0838cfec775d1003317bf356cafeaba2b700c3af3c61def30fca
onchain,500,26,1979758,4554511,459000,532310,590.852100,582699,657.501100,615691,628.764400,69626,25.270600,0x098b50423eb1b80e5a7fb520438bb4f17cbf6c9b9e6ebef7938342aa2df694fe,0x2eb42444691d4d15abfb91e44bb63be709bec40b9e54f4360f24d4480534af10
onchain,500,27,1979758,4554511,459000,532262,807.910100,582651,605.470400,615643,713.332700,69626,39.742700,0x098b50423eb1b80e5a7fb520438bb4f17cbf6c9b9e6ebef7938342aa2df694fe,0x2c174593cceb5f490ba8f6ba09cd052e5c25a821a271f28bc1a25fe480d609d8
onchain,500,28,1979758,4554511,459000,532214,647.655900,582603,776.471300,615595,680.681500,69626,29.986600,0x098b50423eb1b80e5a7fb520438bb4f17cbf6c9b9e6ebef7938342aa2df694fe,0x23665977a843f888d72d4f179e9f9d837be558853b6806d1436951fa322c1221
onchain,500,29,1979758,4554511,459000,532310,596.205400,582699,730.086000,615691,581.420700,69626,37.852700,0x098b50423eb1b80e5a7fb520438bb4f17cbf6c9b9e6ebef7938342aa2df694fe,0x1784bc5a44d0a6e7b87bdd0fd4e563361f98a6aa39b7964e0907b239a38b84e7
onchain,500,30,1979758,4554511,459000,532382,664.950500,582771,606.021300,615763,697.075300,69626,29.005400,0x098b50423eb1b80e5a7fb520438bb4f17cbf6c9b9e6ebef7938342aa2df694fe,0x202c4e9e6402e7f390a4ab85d1370541fe76c37421ce3a51ac5805c4b24b6da9
onchain,500,31,1979758,4554511,459000,532214,703.447800,582603,652.112000,615595,619.595700,69626,21.190400,0x098b50423eb1b80e5a7fb520438bb4f17cbf6c9b9e6ebef7938342aa2df694fe,0x26ac62095e0835f5045ef0c786313c5c49c66bfa9a9c59a9176a5e55ca7e0d2f
onchain,500,32,1979758,4554511,459000,532298,639.611200,582687,591.275000,615679,648.975600,69626,30.421600,0x098b50423eb1b80e5a7fb520438bb4f17cbf6c9b9e6ebef7938342aa2df694fe,0x0999d39078de7333e04118695737bc5efd57941984dd9136fc1c1b2063a26adc
onchain,500,33,1979758,4554511,459000,532394,611.557700,582783,672.534100,615775,621.357800,69626,27.416800,0x098b50423eb1b80e5a7fb520438bb4f17cbf6c9b9e6ebef7938342aa2df694fe,0x21595eb5cbf9542bc3565fb23a44f93e50797512cb2156aa0f1bf0cccd52959e
onchain,500,34,1979758,4554511,459000,532310,585.087000,582687,658.172900,615679,651.674100,69614,26.210500,0x098b50423eb1b80e5a7fb520438bb4f17cbf6c9b9e6ebef7938342aa2df694fe,0x25c79e1b2c8e7e076990cd6c719d9fad9068d6cd9b911cb567af007fd9ae9012
onchain,500,35,1979758,4554511,459000,532274,616.467200,582663,656.080000,615655,799.549100,69626,20.067000,0x098b50423eb1b80e5a7fb520438bb4f17cbf6c9b9e6ebef7938342aa2df694fe,0x12b71401342adb56754a25ca9b90161c500f6d1db94481a55ff459a7aebc3185
onchain,500,36,1979758,4554511,459000,532382,646.528400,582771,637.487400,615763,673.419800,69626,33.827200,0x098b50423eb1b80e5a7fb520438bb4f17cbf6c9b9e6ebef7938342aa2df694fe,0x1bf1c17e9fed35f18ad1a97d36860e5c49872e06811178e1de9764c9d878dc29
onchain,500,37,1979758,4554511,459000,532250,694.353800,582639,622.093800,615631,681.271800,69626,34.328800,0x098b50423eb1b80e5a7fb520438bb4f17cbf6c9b9e6ebef7938342aa2df694fe,0x2b638435867637f2946659187916cd17968a726d781e30c6e61925210b314d02
onchain,500,38,1979758,4554511,459000,532262,613.467700,582639,639.545000,615631,708.316700,69614,31.987500,0x098b50423eb1b80e5a7fb520438bb4f17cbf6c9b9e6ebef7938342aa2df694fe,0x2bdbfab8d0294126af14982e1000d41a61e11326b0ce247a7116adeeea7985cd
onchain,500,39,1979758,4554511,459000,532286,506.445200,582675,685.479600,615667,577.276500,69626,22.846700,0x098b50423eb1b80e5a7fb520438bb4f17cbf6c9b9e6ebef7938342aa2df694fe,0x0aa7bf1d39d93e1954ce66d9858d1198e0ad921a4df6c1181b1ce905784fe958
onchain,500,40,1979758,4554511,459000,532334,788.427400,582723,589.044000,615715,715.327800,69626,25.696100,0x098b50423eb1b80e5a7fb520438bb4f17cbf6c9b9e6ebef7938342aa2df694fe,0x10de1e3d29876f4850189c984ae73d9c11ce68b86aadc32cf461c98d54d62d23
onchain,500,41,1979758,4554511,459000,532358,606.266200,582735,606.938200,615727,703.611100,69614,36.615200,0x098b50423eb1b80e5a7fb520438bb4f17cbf6c9b9e6ebef7938342aa2df694fe,0x1edba77fec60aecefcfe1abd4e72068fd9fb6184a89b43f5c3dc9a00069d74e2
onchain,500,42,1979758,4554511,459000,532334,621.902700,582723,584.941500,615715,736.268000,69626,29.878300,0x098b50423eb1b80e5a7fb520438bb4f17cbf6c9b9e6ebef7938342aa2df694fe,0x15c8ab0ca8377161a0b8ea56ed9e3ae382863e927a1324317f9fa192d6188e2e
onchain,500,43,1979758,4554511,459000,532286,590.628300,582675,559.505200,615667,811.096000,69626,35.164400,0x098b50423eb1b80e5a7fb520438bb4f17cbf6c9b9e6ebef7938342aa2df694fe,0x13eb1c80471a2c64b0c27128ce601b8439e0852909edea7c2fa01c5a8b0cd2a8
onchain,500,44,1979758,4554511,459000,532262,604.645000,582651,598.798900,615643,690.749700,69626,24.772600,0x098b50423eb1b80e5a7fb520438bb4f17cbf6c9b9e6ebef7938342aa2df694fe,0x0231eb71e8795c4c4a35fb9db7f9d3c70fcb8e6537017b7c23770e27edb17c26
onchain,500,45,1979758,4554511,459000,532286,695.946700,582675,663.827000,615667,598.360000,69626,21.038600,0x098b50423eb1b80e5a7fb520438bb4f17cbf6c9b9e6ebef7938342aa2df694fe,0x14bfb435acb7a5d37e0d29a9b6051229ed7acd9fdfc1de220c0337ce6f0f4ed8
onchain,500,46,1979758,4554511,459000,532262,538.032100,582651,699.618600,615643,634.743100,69626,29.500100,0x098b50423eb1b80e5a7fb520438bb4f17cbf6c9b9e6ebef7938342aa2df694fe,0x0d91e737b2843fdf5a8d1394de46dfa3fe679927773f55ff934b561adb0b7fff
onchain,500,47,1979758,4554511,459000,532346,611.810100,582723,1036.217300,615715,1049.317500,69626,32.990100,0x098b50423eb1b80e5a7fb520438bb4f17cbf6c9b9e6ebef7938342aa2df694fe,0x26954244b4ec45232f6c53427aaae47d6f1e18e481e8b23526e02555df48c1df
onchain,500,48,1979758,4554511,459000,532334,949.619500,582723,1098.944400,615715,1046.299800,69626,36.408500,0x098b50423eb1b80e5a7fb520438bb4f17cbf6c9b9e6ebef7938342aa2df694fe,0x239708d53c07d61009f55c15e879487da0622eab4cc30d66f7bca4dbc4bfe44d
onchain,500,49,1979758,4554511,459000,532298,741.295500,582687,630.814400,615679,652.430100,69626,26.732600,0x098b50423eb1b80e5a7fb520438bb4f17cbf6c9b9e6ebef7938342aa2df694fe,0x163233172054b52f81b9f891e2f9d5105c71e0adba76e509daa09013f949b0aa
onchain,500,50,1979758,4554511,459000,532274,554.490000,582663,618.118900,615655,584.511200,69626,34.042700,0x098b50423eb1b80e5a7fb520438bb4f17cbf6c9b9e6ebef7938342aa2df694fe,0x29f882fd660b6a26a77c96e53e736aaae7aec2dcd44d93124440e2b9b84b4a38
onchain,500,51,1979758,4554511,459000,532262,715.061700,582651,597.005000,615643,637.499600,69626,26.303400,0x098b50423eb1b80e5a7fb520438bb4f17cbf6c9b9e6ebef7938342aa2df694fe,0x27e66d84b49036dd0865b9da04321eba233102d93a56847b997b2096cfc0e219
onchain,500,52,1979758,4554511,459000,532298,659.592500,582687,661.138200,615679,604.008400,69626,33.814600,0x098b50423eb1b80e5a7fb520438bb4f17cbf6c9b9e6ebef7938342aa2df694fe,0x041c6acccd0de4874fa535b4423d4a3ab728697b23310712e0d2d3f10927164d
onchain,500,53,1979758,4554511,459000,532286,646.096800,582675,704.615600,615667,697.269000,69626,22.894400,0x098b50423eb1b80e5a7fb520438bb4f17cbf6c9b9e6ebef7938342aa2df694fe,0x1d11e9b323790b3c05df4d5364a35721616441c63f76b36a5b739e880f8fc03c
onchain,500,54,1979758,4554511,459000,532298,565.751100,582687,698.042200,615679,679.782300,69626,28.035100,0x098b50423eb1b80e5a7fb520438bb4f17cbf6c9b9e6ebef7938342aa2df694fe,0x19ed930667ae813189bbaa0641e03f632bed382b9631862cf170dc2cfb08f703
onchain,500,55,1979758,4554511,459000,532262,555.808300,582651,630.746400,615643,741.286100,69626,33.854500,0x098b50423eb1b80e5a7fb520438bb4f17cbf6c9b9e6ebef7938342aa2df694fe,0x286f63b2d20d219a578976c21ed9f8396a9370eb76c1692333fb49e9ffe5eddd
onchain,500,56,1979758,4554511,459000,532118,603.684200,582507,677.294500,615499,671.148700,69626,48.122500,0x098b50423eb1b80e5a7fb520438bb4f17cbf6c9b9e6ebef7938342aa2df694fe,0x1f99a065f3bb98ea5433e6d81e6e27387fc8c025edc841fddcff3cbf77e66024
onchain,500,57,1979758,4554511,459000,532250,631.891600,582639,976.207200,615631,1036.728700,69626,36.095900,0x098b50423eb1b80e5a7fb520438bb4f17cbf6c9b9e6ebef7938342aa2df694fe,0x1feb6f0f68700be050d5e26dfd63e880937685b79efab2b075ec055912a4f5ae
onchain,500,58,1979758,4554511,459000,532274,1011.360200,582663,1039.884100,615655,1107.661600,69626,29.352500,0x098b50423eb1b80e5a7fb520438bb4f17cbf6c9b9e6ebef7938342aa2df694fe,0x0e6c34dbfd1473a1ae9710c16b88cac448410f09637490e3123197c34790a183
onchain,500,59,1979758,4554511,459000,532286,676.236600,582675,627.248200,615667,620.477100,69626,37.639000,0x098b50423eb1b80e5a7fb520438bb4f17cbf6c9b9e6ebef7938342aa2df694fe,0x0bb2842f8a6e91c04573162fc7601b567d7df6749d60979ba332d7b78c328f8d
onchain,500,60,1979758,4554511,459000,532346,589.443400,582735,629.402400,615727,721.450600,69626,36.763600,0x098b50423eb1b80e5a7fb520438bb4f17cbf6c9b9e6ebef7938342aa2df694fe,0x0a7220125db4c9fae9b66dda6e019f9ebbe630298376fe4b51a071b6eb9ddbcf
onchain,500,61,1979758,4554511,459000,532334,649.690700,582723,633.134400,615715,674.398600,69626,25.246200,0x098b50423eb1b80e5a7fb520438bb4f17cbf6c9b9e6ebef7938342aa2df694fe,0x1abe534db0df466d693bdbb58e2e3330a7c9ce60678dcecd580bfa34a5604850
onchain,500,62,1979758,4554511,459000,532298,627.135200,582687,628.168900,615679,750.424400,69626,27.813800,0x098b50423eb1b80e5a7fb520438bb4f17cbf6c9b9e6ebef7938342aa2df694fe,0x12cd93c7fe1e9691bc34c1a151550f01178da157b91296de0279ba930f04a680
onchain,500,63,1979758,4554511,459000,532310,574.821000,582687,627.127200,615679,645.758500,69626,35.255500,0x098b50423eb1b80e5a7fb520438bb4f17cbf6c9b9e6ebef7938342aa2df694fe,0x1efdb02da48822560ee87f9d18dd45890f200b5829646129246afe143791a5ee
onchain,500,64,1979758,4554511,459000,532382,616.268200,582771,929.550200,615763,1094.476900,69626,45.440700,0x098b50423eb1b80e5a7fb520438bb4f17cbf6c9b9e6ebef7938342aa2df694fe,0x18bcb575879217dd771bf3fd110accc154f81eb964db696503ddc5cc982414f3
onchain,500,65,1979758,4554511,459000,532298,926.142300,582687,606.950100,615679,710.027100,69626,28.630100,0x098b50423eb1b80e5a7fb520438bb4f17cbf6c9b9e6ebef7938342aa2df694fe,0x2e969f3908c8262e7c1ef3c63699dc0ca68c5ea634b5f0732921ce9452c32843
onchain,500,66,1979758,4554511,459000,532322,575.332000,582699,661.373900,615691,741.796100,69614,36.557600,0x098b50423eb1b80e5a7fb520438bb4f17cbf6c9b9e6ebef7938342aa2df694fe,0x0088ab77acbdc069cfc9f633fed7cecb143790696b76586df6ef40df2b60952c
onchain,500,67,1979758,4554511,459000,532298,605.745600,582687,593.734900,615679,804.819900,69626,25.862000,0x098b50423eb1b80e5a7fb520438bb4f17cbf6c9b9e6ebef7938342aa2df694fe,0x19266272248a559ab8943ba2d8258af531fe630f833f9241fd43a9bd449ed3a7
onchain,500,68,1979758,4554511,459000,532298,542.607700,582687,647.850500,615679,708.224500,69626,29.945800,0x098b50423eb1b80e5a7fb520438bb4f17cbf6c9b9e6ebef7938342aa2df694fe,0x215eaf1d8e79c9ef4d076f165a4f634ca98f0f5ed28e045b617a86326162e4a2
onchain,500,69,1979758,4554511,459000,532262,585.017700,582651,583.323400,615643,699.666100,69626,33.088600,0x098b50423eb1b80e5a7fb520438bb4f17cbf6c9b9e6ebef7938342aa2df694fe,0x0a7e4f05953ca3db4ac4061d27149a86e58e25f8abe9700123d4376accf763bf
onchain,500,70,1979758,4554511,459000,532322,628.892100,582711,630.782700,615703,651.161700,69626,26.807100,0x098b50423eb1b80e5a7fb520438bb4f17cbf6c9b9e6ebef7938342aa2df694fe,0x08605ab6f0ea9feaba6887ea78431d2492628dfd59a10292fc7afe5ea2e8eece
onchain,500,71,1979758,4554511,459000,532286,573.578700,582675,628.066500,615667,637.232300,69626,29.910900,0x098b50423eb1b80e5a7fb520438bb4f17cbf6c9b9e6ebef7938342aa2df694fe,0x26d317fe0299e077054be278d1f0d21206ca9c25bef0abf439a346026c390dfa
onchain,500,72,1979758,4554511,459000,532334,695.611200,582723,674.744600,615715,710.761600,69626,31.117400,0x098b50423eb1b80e5a7fb520438bb4f17cbf6c9b9e6ebef7938342aa2df694fe,0x25af9ec4cff748dbaf0976a3ff1188e5b628546f7f4f5b9db9eaa477462f7869
onchain,500,73,1979758,4554511,459000,532178,643.480900,582567,667.343000,615559,676.009600,69626,30.578700,0x098b50423eb1b80e5a7fb520438bb4f17cbf6c9b9e6ebef7938342aa2df694fe,0x01fb960b8f1b5d34b7f4749defb02b514c03bec096b79a9bc37ebfdeec741f2b
onchain,500,74,1979758,4554511,459000,532322,605.073400,582711,561.820100,615703,706.940000,69626,36.967300,0x098b50423eb1b80e5a7fb520438bb4f17cbf6c9b9e6ebef7938342aa2df694fe,0x12e08ec57ab72cecc7a3924708902cc02c89942a36fdb660beb16561ed7ef5ce
onchain,500,75,1979758,4554511,459000,532334,647.767200,582723,826.281200,615715,754.176600,69626,39.308300,0x098b50423eb1b80e5a7fb520438bb4f17cbf6c9b9e6ebef7938342aa2df694fe,0x16a729a31e033516db4de85c7111097269183918aa98a399cfd2eabaf4bc6545
onchain,500,76,1979758,4554511,459000,532226,964.369900,582615,1095.527500,615607,1179.548600,69626,38.290600,0x098b50423eb1b80e5a7fb520438bb4f17cbf6c9b9e6ebef7938342aa2df694fe,0x0d453d4335fb2a5c16d11d4240b1166d98908cce0ead0250abff97a9868aecc8
onchain,500,77,1979758,4554511,459000,532226,1047.242600,582615,722.009200,615607,691.240300,69626,42.240900,0x098b50423eb1b80e5a7fb520438bb4f17cbf6c9b9e6ebef7938342aa2df694fe,0x0d4fb35507c4725529bee562d7875325d2200194fbe8fd2e917d6dd1cc23fdc2
onchain,500,78,1979758,4554511,459000,532238,601.089800,582627,707.215900,615619,662.040800,69626,26.629200,0x098b50423eb1b80e5a7fb520438bb4f17cbf6c9b9e6ebef7938342aa2df694fe,0x18fd75dcd068156962b7472b26d5764df5f027a7dc6aba38d75ff522addddc25
onchain,500,79,1979758,4554511,459000,532298,625.301800,582687,656.209300,615679,642.708900,69626,31.861300,0x098b50423eb1b80e5a7fb520438bb4f17cbf6c9b9e6ebef7938342aa2df694fe,0x2be77b57647a6b10a55e242f74a9ccf7e4785095dad898a23c39c7449a8a7c0c
onchain,500,80,1979758,4554511,459000,532334,643.425400,582711,600.434400,615703,636.877800,69626,26.670200,0x098b50423eb1b80e5a7fb520438bb4f17cbf6c9b9e6ebef7938342aa2df694fe,0x0d9b8e94306ca021ecb938f5026044a99fb2903e768e0b859c6cb7f74c89ada6
onchain,500,81,1979758,4554511,459000,532286,579.739700,582675,655.783200,615667,569.668000,69626,26.614200,0x098b50423eb1b80e5a7fb520438bb4f17cbf6c9b9e6ebef7938342aa2df694fe,0x06c0b3f5ffd3b8544f72e020c2ffde1c8399e0f7b3f5c2c98ef2d41a5b6d2a0a
onchain,500,82,1979758,4554511,459000,532250,607.689800,582639,656.126900,615631,666.459200,69626,39.047100,0x098b50423eb1b80e5a7fb520438bb4f17cbf6c9b9e6ebef7938342aa2df694fe,0x0fcde5acfb3565955df8385342e3d172fc5e4376c643a3cb46cf9cada75b9277
onchain,500,83,1979758,4554511,459000,532262,631.031700,582651,664.151400,615643,842.474700,69626,35.055200,0x098b50423eb1b80e5a7fb520438bb4f17cbf6c9b9e6ebef7938342aa2df694fe,0x15051a287f47c76ed7d2269998aa47f5381185b04d9f51445c39087cd8ed01de
onchain,500,84,1979758,4554511,459000,532298,675.129400,582687,651.309600,615679,649.626500,69626,26.574800,0x098b50423eb1b80e5a7fb520438bb4f17cbf6c9b9e6ebef7938342aa2df694fe,0x0f7765a835070e4481f45e0827e06270383d6f9cdbd4196f283b338b9a4e3238
onchain,500,85,1979758,4554511,459000,532262,593.516900,582651,709.200200,615643,773.469100,69626,29.939800,0x098b50423eb1b80e5a7fb520438bb4f17cbf6c9b9e6ebef7938342aa2df694fe,0x2b62ea88645121b88157ac06e4e3f9c3178df965566ae6496a8d6c6bb96fbded
onchain,500,86,1979758,4554511,459000,532334,618.576100,582723,607.152800,615715,775.079300,69626,35.068400,0x098b50423eb1b80e5a7fb520438bb4f17cbf6c9b9e6ebef7938342aa2df694fe,0x2dd46823e0fa0e639cbb8cc928ec221105d0d9a65c31b716e52a5a52adfcfb95
onchain,500,87,1979758,4554511,459000,532250,590.294600,582639,1129.138400,615631,825.475700,69626,65.007700,0x098b50423eb1b80e5a7fb520438bb4f17cbf6c9b9e6ebef7938342aa2df694fe,0x28a7f749444fc4fb853eeff2d8b65c7a41abfea333797977a42f9f84eb0ea79b
onchain,500,88,1979758,4554511,459000,532238,916.189400,582627,956.596900,615619,1193.413100,69626,38.043900,0x098b50423eb1b80e5a7fb520438bb4f17cbf6c9b9e6ebef7938342aa2df694fe,0x1990851d8f9a1f34328e760b34b2c549764ca2e1557dde4c5f189c4e168cd5f9
onchain,500,89,1979758,4554511,459000,532310,1086.936800,582699,1008.506000,615691,822.646900,69626,32.462300,0x098b50423eb1b80e5a7fb520438bb4f17cbf6c9b9e6ebef7938342aa2df694fe,0x2b8d45422864217488a84b2c5d353db89cdf51b5bee10eb545baef4f7381330f
onchain,500,90,1979758,4554511,459000,532262,853.708600,582639,670.227700,615631,623.744800,69614,29.536900,0x098b50423eb1b80e5a7fb520438bb4f17cbf6c9b9e6ebef7938342aa2df694fe,0x00f12dbe894fc42bbde3b356e7868f42f5a9a342cfd632ff464f8fcf9e57333b
onchain,500,91,1979758,4554511,459000,532238,1123.913200,582627,659.847900,615619,780.927000,69626,25.702900,0x098b50423eb1b80e5a7fb520438bb4f17cbf6c9b9e6ebef7938342aa2df694fe,0x1ec83bfd5f380ef673a5af89e992e0d01715ca7d7f2967cc8316c40bb09163a9
onchain,500,92,1979758,4554511,459000,532322,562.433400,582711,936.458900,615703,1016.267400,69626,36.977000,0x098b50423eb1b80e5a7fb520438bb4f17cbf6c9b9e6ebef7938342aa2df694fe,0x0b07c8f3f557a462c6ef632caabdcf5fc3bf382ff18dfe46aae0dadaedd5a8d2
onchain,500,93,1979758,4554511,459000,532238,708.823800,582627,707.708900,615619,725.071300,69626,20.128100,0x098b50423eb1b80e5a7fb520438bb4f17cbf6c9b9e6ebef7938342aa2df694fe,0x0d315137502a0bf670e5c74c46603131659987d14b09d74da3c36de13a608b07
onchain,500,94,1979758,4554511,459000,532346,567.150500,582735,897.181500,615727,967.285200,69626,30.282400,0x098b50423eb1b80e5a7fb520438bb4f17cbf6c9b9e6ebef7938342aa2df694fe,0x2d7c0a2bf3f877b4301edfbb51e2b35bd3c86cfe1d1a492eb454d060ae7778f1
onchain,500,95,1979758,4554511,459000,532370,739.821500,582759,662.940600,615751,762.774800,69626,30.674400,0x098b50423eb1b80e5a7fb520438bb4f17cbf6c9b9e6ebef7938342aa2df694fe,0x08d69a87c1f599104a063e0894e7eb48d057bdabc16119b7d07547d35fa7c8a5
onchain,500,96,1979758,4554511,459000,532262,553.780800,582651,862.283500,615643,1147.760800,69626,27.579200,0x098b50423eb1b80e5a7fb520438bb4f17cbf6c9b9e6ebef7938342aa2df694fe,0x1c7df0827e1080ee71d950a409a18e1518a5e3bce2da8c0ce1b24094d4994b6b
onchain,500,97,1979758,4554511,459000,532382,679.262100,582771,714.655300,615763,670.530900,69626,24.626700,0x098b50423eb1b80e5a7fb520438bb4f17cbf6c9b9e6ebef7938342aa2df694fe,0x2d58a42d5d1cc2791453aaa1b78a1d4086dc79c5bae4a72518c26d1eeeaf480a
onchain,500,98,1979758,4554511,459000,532274,632.386300,582663,921.206800,615655,897.171100,69626,46.339600,0x098b50423eb1b80e5a7fb520438bb4f17cbf6c9b9e6ebef7938342aa2df694fe,0x082328b47921926c3d45725c3c54adb91798ae45bbee77c57c13c78a0e127537
onchain,500,99,1979758,4554511,459000,532262,883.020000,582651,681.015100,615643,745.724000,69626,31.625600,0x098b50423eb1b80e5a7fb520438bb4f17cbf6c9b9e6ebef7938342aa2df694fe,0x0346d298ca5e9ba5bc6d3e3e2e13cc63e6e4d14e53981e988e66eb8d5b87aed3
onchain,500,100,1979758,4554511,459000,532334,781.065700,582723,853.397600,615715,843.325500,69626,40.736400,0x098b50423eb1b80e5a7fb520438bb4f17cbf6c9b9e6ebef7938342aa2df694fe,0x280a714b2978fcf5aba174c93ac09d948715115992029fdb917fd8374ab986bd
onchain,500,101,1979758,4554511,459000,532202,931.485800,582579,989.226600,615571,1200.042400,69626,37.602600,0x098b50423eb1b80e5a7fb520438bb4f17cbf6c9b9e6ebef7938342aa2df694fe,0x085cb394d60f01c45b060e3655b9680d97304f6337b86fda09f0335513c0eaf0
onchain,500,102,1979758,4554511,459000,532226,998.686200,582603,565.273600,615595,668.385800,69614,23.364500,0x098b50423eb1b80e5a7fb520438bb4f17cbf6c9b9e6ebef7938342aa2df694fe,0x1527c5d2d9c656f6144be711876760da3a61cf05ed9e544600be5f4b9cfe074d
onchain,500,103,1979758,4554511,459000,532286,560.802700,582675,663.708700,615667,650.037000,69626,36.145000,0x098b50423eb1b80e5a7fb520438bb4f17cbf6c9b9e6ebef7938342aa2df694fe,0x1eaec94c680ac2a6a85aa250ddf4cb5bd7a659b00b78f4b6b7c75044fad7d3bd
onchain,500,104,1979758,4554511,459000,532358,564.951800,582747,642.489900,615739,677.120900,69626,33.114600,0x098b50423eb1b80e5a7fb520438bb4f17cbf6c9b9e6ebef7938342aa2df694fe,0x15d2afc485db584720f32f6198068e75f1168528ba496590a1980e0f1b270985
onchain,500,105,1979758,4554511,459000,532394,564.521500,582783,574.965300,615775,746.906600,69626,25.215900,0x098b50423eb1b80e5a7fb520438bb4f17cbf6c9b9e6ebef7938342aa2df694fe,0x1a5da863997d24b5471d5d5e81070d3959dae8e5b754f8c0c15c3465fc18ca97
onchain,500,106,1979758,4554511,459000,532250,640.251500,582627,595.334700,615619,692.910400,69614,27.296500,0x098b50423eb1b80e5a7fb520438bb4f17cbf6c9b9e6ebef7938342aa2df694fe,0x273edd203800914995c38c0f86697eebec9b5fe5bbf24f7e1a8008a29448420f
onchain,500,107,1979758,4554511,459000,532250,596.867300,582627,598.382100,615619,700.002500,69626,31.323100,0x098b50423eb1b80e5a7fb520438bb4f17cbf6c9b9e6ebef7938342aa2df694fe,0x2d0b9fe4e87166878564917f8414cfbd31d9faba6cd878a9cbf85c615976b56f
onchain,500,108,1979758,4554511,459000,532358,692.059800,582747,613.107500,615739,784.675900,69626,35.945400,0x098b50423eb1b80e5a7fb520438bb4f17cbf6c9b9e6ebef7938342aa2df694fe,0x132230c786a10fd367e92c57fe0adc7480c4617b2bfbe878a0401dfb1b72cb4f
onchain,500,109,1979758,4554511,459000,532286,584.163500,582675,600.001100,615667,731.645800,69626,40.272200,0x098b50423eb1b80e5a7fb520438bb4f17cbf6c9b9e6ebef7938342aa2df694fe,0x16cd25f623714f4f1b7065482e340f09ca465af9ebcce54ad72bdc27f48342df
onchain,500,110,1979758,4554511,459000,532358,564.024900,582747,790.575300,615739,622.117800,69626,28.375800,0x098b50423eb1b80e5a7fb520438bb4f17cbf6c9b9e6ebef7938342aa2df694fe,0x1bd2861c2b226ae17de48461808c1065c0f1c05fbd72069529891146436c9b34
onchain,500,111,1979758,4554511,459000,532214,541.269400,582591,588.644000,615583,717.224900,69614,34.884500,0x098b50423eb1b80e5a7fb520438bb4f17cbf6c9b9e6ebef7938342aa2df694fe,0x0fae658cab7c5225312015aba3241828f57834001837fa9b2ba7a8dea2a5c6cf
onchain,500,112,1979758,4554511,459000,532250,583.514400,582639,621.092500,615631,733.035200,69626,21.562700,0x098b50423eb1b80e5a7fb520438bb4f17cbf6c9b9e6ebef7938342aa2df694fe,0x1c5bd298c59b7b24b1802fdfa7c5e831f068f3b3f82ee84667b05d2945f3246e
onchain,500,113,1979758,4554511,459000,532238,600.867700,582627,573.332700,615619,766.872000,69626,30.367900,0x098b50423eb1b80e5a7fb520438bb4f17cbf6c9b9e6ebef7938342aa2df694fe,0x2c99a20b86bdb461dd0a77ef1c3714daeaca35a1b808a8abba086b86b93557ce
onchain,500,114,1979758,4554511,459000,532226,631.782100,582615,679.753000,615607,782.600900,69626,34.694800,0x098b50423eb1b80e5a7fb520438bb4f17cbf6c9b9e6ebef7938342aa2df694fe,0x25fd20ab6e32c5e8688735c9a2a6f33777a1d050634219f0b002c81ced1c7b5e
onchain,500,115,1979758,4554511,459000,532166,606.552100,582543,733.409000,615535,696.672400,69626,23.553400,0x098b50423eb1b80e5a7fb520438bb4f17cbf6c9b9e6ebef7938342aa2df694fe,0x291280af54056c2cd9ad444ad2cdf0658fbdf5cdf12638e6ee2b4eb312a06144
onchain,500,116,1979758,4554511,459000,532286,693.270000,582675,662.507400,615667,623.908100,69626,28.060200,0x098b50423eb1b80e5a7fb520438bb4f17cbf6c9b9e6ebef7938342aa2df694fe,0x062716b8ca7b91cefd14777688e1184a74ef6e5c5b6b65936db29c147c43227e
onchain,500,117,1979758,4554511,459000,532322,619.437800,582711,765.779500,615703,875.118900,69626,31.516700,0x098b50423eb1b80e5a7fb520438bb4f17cbf6c9b9e6ebef7938342aa2df694fe,0x048e61258fe1e21ef0d5714d38c150dc8cabb2ab182c87524b52f5ec88e1f81f
onchain,500,118,1979758,4554511,459000,532346,609.790700,582735,636.991100,615727,673.474800,69626,25.126100,0x098b50423eb1b80e5a7fb520438bb4f17cbf6c9b9e6ebef7938342aa2df694fe,0x0337077e10fc7847a1ac99ececa16ab363e8cf5ce0b82290be76dd1dc10769e8
onchain,500,119,1979758,4554511,459000,532358,614.889000,582747,755.390000,615739,638.127600,69626,44.421300,0x098b50423eb1b80e5a7fb520438bb4f17cbf6c9b9e6ebef7938342aa2df694fe,0x122ac2ab494aa392fcee5dd7347129100fc0de2505d46d438da3cd8a2d32e6ea
onchain,500,120,1979758,4554511,459000,532310,684.806100,582699,712.193400,615691,751.946600,69626,22.418900,0x098b50423eb1b80e5a7fb520438bb4f17cbf6c9b9e6ebef7938342aa2df694fe,0x1bb18f78f446215b3d6ac87d13f405094b21b926809bad622f625a5c4aba0aa5
onchain,500,121,1979758,4554511,459000,532322,645.235000,582711,1514.795100,615703,2620.060800,69626,130.977200,0x098b50423eb1b80e5a7fb520438bb4f17cbf6c9b9e6ebef7938342aa2df694fe,0x11586f2d39477f1bc5e9b1d06a9fdff35e236bf3cdc4aab74f621481516d7815
onchain,500,122,1979758,4554511,459000,532238,970.560300,582627,957.713500,615619,711.000800,69626,31.868000,0x098b50423eb1b80e5a7fb520438bb4f17cbf6c9b9e6ebef7938342aa2df694fe,0x1ddb223e1339f8bf0cbed084e0b0a69adf4fe7ca2c5dc312fce34c5ed9fdf094
onchain,500,123,1979758,4554511,459000,532226,1024.173300,582615,600.527300,615607,869.428200,69626,21.715300,0x098b50423eb1b80e5a7fb520438bb4f17cbf6c9b9e6ebef7938342aa2df694fe,0x1840a4c242fef47e8f74cd8aa8295e9b11f3bc37ee4ad16c38a5c208344b37dc
onchain,500,124,1979758,4554511,459000,532250,710.047300,582639,649.567700,615631,653.102700,69626,32.947200,0x098b50423eb1b80e5a7fb520438bb4f17cbf6c9b9e6ebef7938342aa2df694fe,0x1c13441afbd44509328c5d26d85d3acf169464c8375735cbb5efd13c343ad09f
onchain,500,125,1979758,4554511,459000,532262,630.041200,582651,746.146100,615643,758.309200,69626,37.279200,0x098b50423eb1b80e5a7fb520438bb4f17cbf6c9b9e6ebef7938342aa2df694fe,0x1326819b8b7b82169305219445339534c813219958aff00f2de38420d73886c2
onchain,500,126,1979758,4554511,459000,532298,679.329200,582687,774.451600,615679,753.499100,69626,27.417800,0x098b50423eb1b80e5a7fb520438bb4f17cbf6c9b9e6ebef7938342aa2df694fe,0x2ca4fcbbe3622752f4aa4e3ca994d30d0c1456ecbc1cad9193430d998bc7ef6e
onchain,500,127,1979758,4554511,459000,532346,588.746000,582735,644.960900,615727,750.959700,69626,23.433100,0x098b50423eb1b80e5a7fb520438bb4f17cbf6c9b9e6ebef7938342aa2df694fe,0x1b76b599cec9d9ae0690413de23fc0c9eb5a159ef05aea11a95ee8cda8592759
onchain,500,128,1979758,4554511,459000,532286,643.926500,582675,1158.758400,615667,1233.089800,69626,46.666700,0x098b50423eb1b80e5a7fb520438bb4f17cbf6c9b9e6ebef7938342aa2df694fe,0x19fdf3e31ef4713cb2b80a9d45bb04e96c7ee09d39424729962e332821c9888a
onchain,500,129,1979758,4554511,459000,532274,749.198600,582651,752.288200,615643,698.213500,69626,29.987600,0x098b50423eb1b80e5a7fb520438bb4f17cbf6c9b9e6ebef7938342aa2df694fe,0x1f4b342dcdff21fbd66fa67e11c5544bfd8929b923b2dabc1f7ac6cb5151b9b9
onchain,500,130,1979758,4554511,459000,532310,675.865900,582699,637.873300,615691,771.355300,69626,32.593200,0x098b50423eb1b80e5a7fb520438bb4f17cbf6c9b9e6ebef7938342aa2df694fe,0x154b1d74c2618354b26b34c984e94e4f7d706573361930e780b8278071f43a98
onchain,500,131,1979758,4554511,459000,532274,593.736200,582663,618.394700,615655,630.286200,69626,27.711400,0x098b50423eb1b80e5a7fb520438bb4f17cbf6c9b9e6ebef7938342aa2df694fe,0x1cd387bebe939deb9139dccf335cf5da302583a9ba488b7eea65b16b9f797a0d
onchain,500,132,1979758,4554511,459000,532262,619.252000,582639,681.851500,615631,792.846900,69626,31.869700,0x098b50423eb1b80e5a7fb520438bb4f17cbf6c9b9e6ebef7938342aa2df694fe,0x06d6a19737ba3c27075e413dd7860d45cc20cb35ed6c608ac22acc2e5c9c54bb
onchain,500,133,1979758,4554511,459000,532226,600.893800,582603,563.662700,615595,722.724900,69614,31.232500,0x098b50423eb1b80e5a7fb520438bb4f17cbf6c9b9e6ebef7938342aa2df694fe,0x29477a7a12360051ea5c87e3ca17fa0d3d2370b734d34a8bfeccbec806464239
onchain,500,134,1979758,4554511,459000,532286,663.506900,582675,636.110800,615667,776.311300,69626,29.721800,0x098b50423eb1b80e5a7fb520438bb4f17cbf6c9b9e6ebef7938342aa2df694fe,0x261908540691dd3c2c92abe77a9016a9a562140b65ef5e147e1a60d0cdfc90e0
onchain,500,135,1979758,4554511,459000,532262,606.718900,582651,702.358000,615643,663.046800,69626,37.836200,0x098b50423eb1b80e5a7fb520438bb4f17cbf6c9b9e6ebef7938342aa2df694fe,0x2674c02a1b2848b07db064c5a4e58662470a9da5dc7276de3c371db1c33bc5bc
onchain,500,136,1979758,4554511,459000,532334,585.328000,582723,655.675200,615715,813.706500,69626,27.683300,0x098b50423eb1b80e5a7fb520438bb4f17cbf6c9b9e6ebef7938342aa2df694fe,0x19c06805eb153a95eef5e1daec5f4936cfd6b1fd84715978ae293859cf99f2f7
onchain,500,137,1979758,4554511,459000,532310,638.591600,582699,692.366100,615691,646.911900,69626,42.367600,0x098b50423eb1b80e5a7fb520438bb4f17cbf6c9b9e6ebef7938342aa2df694fe,0x2b9386b34b67cca51b5f376f0d9d5825990e05d8a0663acc09cd7ef2478b99ef
onchain,500,138,1979758,4554511,459000,532202,596.903300,582591,729.960500,615583,663.753400,69626,31.974100,0x098b50423eb1b80e5a7fb520438bb4f17cbf6c9b9e6ebef7938342aa2df694fe,0x1d973ebf381de252d781eee0181e4bf96f60364a6355f27faf9d88a26c6d5f74
onchain,500,139,1979758,4554511,459000,532346,568.268700,582735,595.701400,615727,759.054900,69626,26.556400,0x098b50423eb1b80e5a7fb520438bb4f17cbf6c9b9e6ebef7938342aa2df694fe,0x1dbc758c2bdd3ffd4ae4900c512cfdd59aa39693c5da8541569bb1b11a7a4ff7
onchain,500,140,1979758,4554511,459000,532250,623.396100,582639,685.089200,615631,597.786800,69626,34.414600,0x098b50423eb1b80e5a7fb520438bb4f17cbf6c9b9e6ebef7938342aa2df694fe,0x24fefd181e7c2a8b9c3c99e3f098e38499d6eb3748a5bec2ec08c191c32a20c9
onchain,500,141,1979758,4554511,459000,532106,575.241800,582495,736.414700,615487,647.909000,69626,31.137200,0x098b50423eb1b80e5a7fb520438bb4f17cbf6c9b9e6ebef7938342aa2df694fe,0x23968c116ab2270a3af0c481a377d282fa2af22d0df2584795947071ab2e8546
onchain,500,142,1979758,4554511,459000,532286,618.472800,582675,575.544300,615667,768.673300,69626,29.841500,0x098b50423eb1b80e5a7fb520438bb4f17cbf6c9b9e6ebef7938342aa2df694fe,0x1647c354c1f20bac7643c9c62e601536572c45dcedaee32d3ee30e288b2a1fee
onchain,500,143,1979758,4554511,459000,532346,591.882500,582735,1076.540500,615727,1059.267800,69626,32.712100,0x098b50423eb1b80e5a7fb520438bb4f17cbf6c9b9e6ebef7938342aa2df694fe,0x2ea5df06e8526bce926495cfb5bcaeeded936c0d347b1f44869b740c89de802c
onchain,500,144,1979758,4554511,459000,532334,887.985300,582723,1116.588800,615715,961.968300,69626,33.358500,0x098b50423eb1b80e5a7fb520438bb4f17cbf6c9b9e6ebef7938342aa2df694fe,0x0583f5e4a43ff231fab22b74c1e8dc9ca7e11f908ebfec3cae568fa348641be4
onchain,500,145,1979758,4554511,459000,532250,995.363600,582639,568.758500,615631,663.361300,69626,24.560900,0x098b50423eb1b80e5a7fb520438bb4f17cbf6c9b9e6ebef7938342aa2df694fe,0x14e11f8cfedbf4f8cf3085e378b3035aa5a493ea65a91f2de51f071ab1c11333
onchain,500,146,1979758,4554511,459000,532286,553.874100,582651,729.953800,615643,644.045300,69614,18.663500,0x098b50423eb1b80e5a7fb520438bb4f17cbf6c9b9e6ebef7938342aa2df694fe,0x245b631ba32f9e19fd8f3d1bf8329300750d5c30e6151c849be8b7168923763d
onchain,500,147,1979758,4554511,459000,532286,567.444600,582675,632.543800,615667,692.313300,69626,23.437500,0x098b50423eb1b80e5a7fb520438bb4f17cbf6c9b9e6ebef7938342aa2df694fe,0x0a4cf55b4df6d265e96388cc0abf738334a51602cc8ee10b4e6798b91c62ccf6
onchain,500,148,1979758,4554511,459000,532334,571.269900,582723,596.967000,615715,656.670200,69626,34.818200,0x098b50423eb1b80e5a7fb520438bb4f17cbf6c9b9e6ebef7938342aa2df694fe,0x2980306594ba7a72b85f517f2b2217da35af687f784e3e046e7dc5d50302957d
onchain,500,149,1979758,4554511,459000,532286,610.254300,582675,664.104300,615667,673.602800,69626,37.311000,0x098b50423eb1b80e5a7fb520438bb4f17cbf6c9b9e6ebef7938342aa2df694fe,0x0bae57eb5e9667ff3213947821ebf0971fbc22df8df57a3113b581d199257ff1
onchain,500,150,1979758,4554511,459000,532274,621.568100,582651,621.911700,615643,714.730200,69614,27.715800,0x098b50423eb1b80e5a7fb520438bb4f17cbf6c9b9e6ebef7938342aa2df694fe,0x09df330028e60ab8f64f208ed8725b2bd088b3666a34eddd5b59cc30efa91446
onchain,500,151,1979758,4554511,459000,532274,563.754700,582663,725.297800,615655,786.232200,69626,31.160400,0x098b50423eb1b80e5a7fb520438bb4f17cbf6c9b9e6ebef7938342aa2df694fe,0x0e827a40e73cd93978223bdaea2de4a3662c85d4ada215d330dd658fcde25a44
onchain,500,152,1979758,4554511,459000,532250,561.613800,582627,661.733800,615619,678.937700,69614,32.043400,0x098b50423eb1b80e5a7fb520438bb4f17cbf6c9b9e6ebef7938342aa2df694fe,0x2df1bef61f31af46f7936d4d9d4c5ac1d276b7b8eaecfe888700ac1298f92267
onchain,500,153,1979758,4554511,459000,532238,589.339300,582627,598.014400,615619,770.251000,69626,32.285900,0x098b50423eb1b80e5a7fb520438bb4f17cbf6c9b9e6ebef7938342aa2df694fe,0x12915572ab99b6ddc8fea60928bc7ce39caeba0d31257fc844a096476109b36f
onchain,500,154,1979758,4554511,459000,532250,579.713200,582639,712.981400,615631,692.230300,69626,36.968300,0x098b50423eb1b80e5a7fb520438bb4f17cbf6c9b9e6ebef7938342aa2df694fe,0x1a9da40b6a281115b0c04c78ccf79a0177bfd4bd849e7a87b72227206ca49630
onchain,500,155,1979758,4554511,459000,532274,624.610800,582651,659.012600,615643,737.105900,69614,39.483600,0x098b50423eb1b80e5a7fb520438bb4f17cbf6c9b9e6ebef7938342aa2df694fe,0x05a92e4d70718e361377004987d81958215294de37ec7adfa4ae249de133a464
onchain,500,156,1979758,4554511,459000,532322,598.578200,582711,645.145400,615703,725.701900,69626,35.006500,0x098b50423eb1b80e5a7fb520438bb4f17cbf6c9b9e6ebef7938342aa2df694fe,0x011d10d516eb6795ffe1ac987326ec7b8a1bc7c6216fb37623144bce1ea511d9
onchain,500,157,1979758,4554511,459000,532406,692.022400,582795,706.510100,615787,560.971800,69626,25.157800,0x098b50423eb1b80e5a7fb520438bb4f17cbf6c9b9e6ebef7938342aa2df694fe,0x07c2427f7b75d030b8add3786708a7f1ff3619698d999713baa4e3e9179ea69c
onchain,500,158,1979758,4554511,459000,532286,605.999200,582663,580.982300,615655,696.992700,69614,35.659400,0x098b50423eb1b80e5a7fb520438bb4f17cbf6c9b9e6ebef7938342aa2df694fe,0x15b494b2d69d888296e4a53c9138e66b123c8700312e6b706ac66675afaf6f1e
onchain,500,159,1979758,4554511,459000,532298,725.282900,582687,644.634400,615679,731.755700,69626,25.713100,0x098b50423eb1b80e5a7fb520438bb4f17cbf6c9b9e6ebef7938342aa2df694fe,0x09d28e4bc034581881ef74dcd3ef170396e570e5cdac22e022a7b681b15fa3f8
onchain,500,160,1979758,4554511,459000,532334,600.026600,582711,768.490400,615703,596.183000,69626,31.944400,0x098b50423eb1b80e5a7fb520438bb4f17cbf6c9b9e6ebef7938342aa2df694fe,0x06320cda582ab69eba60cc5f2d8f98720c81076f5feb562563b2678474f0e833
onchain,500,161,1979758,4554511,459000,532274,572.836000,582663,676.929500,615655,703.104300,69626,29.685900,0x098b50423eb1b80e5a7fb520438bb4f17cbf6c9b9e6ebef7938342aa2df694fe,0x1ed92eb6f52266c41b5eff71eff811783249cd3cb8dab2b6d993871737888e24
onchain,500,162,1979758,4554511,459000,532358,646.915000,582747,1213.824000,615739,1061.178100,69626,49.886500,0x098b50423eb1b80e5a7fb520438bb4f17cbf6c9b9e6ebef7938342aa2df694fe,0x2f228f71e58a7b39a67b3c4e6272d392223b6299129403e73cd5d22ee0dd12ac
onchain,500,163,1979758,4554511,459000,532298,946.534400,582687,986.233300,615679,1031.624400,69626,28.528000,0x098b50423eb1b80e5a7fb520438bb4f17cbf6c9b9e6ebef7938342aa2df694fe,0x08b9ea24dacf4bb71cd1a71d186ad4a3aa0b1224036b3d5975053220811cfde2
onchain,500,164,1979758,4554511,459000,532286,986.593400,582675,595.547900,615667,681.963700,69626,35.242700,0x098b50423eb1b80e5a7fb520438bb4f17cbf6c9b9e6ebef7938342aa2df694fe,0x1e916b5d46e155942cbf9bd03d57a68d6870f77dfa7a2603838d5697fc064995
onchain,500,165,1979758,4554511,459000,532190,644.077900,582579,635.651300,615571,731.016600,69626,35.081600,0x098b50423eb1b80e5a7fb520438bb4f17cbf6c9b9e6ebef7938342aa2df694fe,0x2083a99ee8336b2216a949706234f1238389c5d988e1a708f1d82d2dd19a36f8
onchain,500,166,1979758,4554511,459000,532310,606.952900,582687,662.963400,615679,687.330400,69614,30.915100,0x098b50423eb1b80e5a7fb520438bb4f17cbf6c9b9e6ebef7938342aa2df694fe,0x0fc49d02f286296ca6aea328cf7989ead6df46008a90ac7708b353d4d1fa50a1
onchain,500,167,1979758,4554511,459000,532238,621.452700,582615,672.467200,615607,677.202800,69614,25.120300,0x098b50423eb1b80e5a7fb520438bb4f17cbf6c9b9e6ebef7938342aa2df694fe,0x01c951890bef8b00ee81b33d53ff33cabfdb08c77cd3d71cf09ae6aa9c8e6223
onchain,500,168,1979758,4554511,459000,532250,567.583000,582639,649.007900,615631,671.874200,69626,45.228000,0x098b50423eb1b80e5a7fb520438bb4f17cbf6c9b9e6ebef7938342aa2df694fe,0x2e21bd7006b2fe0c1b3e8d85680b3db6b9023ae9655b981deba01610d09107ff
onchain,500,169,1979758,4554511,459000,532274,768.724500,582663,650.389600,615655,682.062000,69626,27.234000,0x098b50423eb1b80e5a7fb520438bb4f17cbf6c9b9e6ebef7938342aa2df694fe,0x2dea3ace923241fb9b6cbe0f7cc54de90e793785f271579dc5ba7ed217ecf5de
onchain,500,170,1979758,4554511,459000,532310,585.008400,582699,640.487200,615691,600.267300,69626,30.070800,0x098b50423eb1b80e5a7fb520438bb4f17cbf6c9b9e6ebef7938342aa2df694fe,0x10f12245982fffe007b0ecef635197a5267eb81d727d447237c3f308eeea06c5
onchain,500,171,1979758,4554511,459000,532322,658.433200,582699,568.707600,615691,731.687800,69614,29.102000,0x098b50423eb1b80e5a7fb520438bb4f17cbf6c9b9e6ebef7938342aa2df694fe,0x1fde592bf80e60c3006f6357af1860d7a9c3b5f570bc0e39666b2fa0b0fa623b
onchain,500,172,1979758,4554511,459000,532250,565.127500,582627,639.497000,615619,640.477400,69614,34.152400,0x098b50423eb1b80e5a7fb520438bb4f17cbf6c9b9e6ebef7938342aa2df694fe,0x03f52ca2eb1444ab17b86e0070b7cb17a6e6d8eb47ba455096f24be0ef44e64d
onchain,500,173,1979758,4554511,459000,532286,600.025600,582675,614.981300,615667,597.921800,69626,38.770200,0x098b50423eb1b80e5a7fb520438bb4f17cbf6c9b9e6ebef7938342aa2df694fe,0x298aa57712a04fb53de588b8f1a0b1d1e4227d335b31773343b126bd46d6c8ce
onchain,500,174,1979758,4554511,459000,532274,876.161500,582663,645.076100,615655,665.647000,69626,33.533700,0x098b50423eb1b80e5a7fb520438bb4f17cbf6c9b9e6ebef7938342aa2df694fe,0x107b857578d9cb6989ccf0f30edb97b06bc3833c39c4f2d3e3d372f481dd8023
onchain,500,175,1979758,4554511,459000,532394,647.837500,582783,730.591000,615775,723.477900,69626,87.972000,0x098b50423eb1b80e5a7fb520438bb4f17cbf6c9b9e6ebef7938342aa2df694fe,0x1f04cfcb8e116dbe0f227912a09380f4e32e9e3e5f2256e919bb36f7079c5103
onchain,500,176,1979758,4554511,459000,532250,645.156900,582639,689.454200,615631,660.261300,69626,29.977400,0x098b50423eb1b80e5a7fb520438bb4f17cbf6c9b9e6ebef7938342aa2df694fe,0x1e68c8b38e22bac0843fbbaa1beb99ff308287da69e2748e848701f40806de03
onchain,500,177,1979758,4554511,459000,532298,632.271900,582675,708.193800,615667,675.557600,69614,55.627500,0x098b50423eb1b80e5a7fb520438bb4f17cbf6c9b9e6ebef7938342aa2df694fe,0x00273abbd77c1c843a34dd7136eb304c447c3664dec4b8a1220dfd8f7d419215
onchain,500,178,1979758,4554511,459000,532298,721.741300,582687,573.117800,615679,685.332800,69626,25.347300,0x098b50423eb1b80e5a7fb520438bb4f17cbf6c9b9e6ebef7938342aa2df694fe,0x0b28f864933c885e09f83295b931650d055fc4fc29f027c7f9154c739463a145
onchain,500,179,1979758,4554511,459000,532178,651.500400,582555,600.248100,615547,610.201200,69626,35.698800,0x098b50423eb1b80e5a7fb520438bb4f17cbf6c9b9e6ebef7938342aa2df694fe,0x1942c46688b94e9feac9b79485e5275cd47749110c86881a6f89b4fd673313b8
onchain,500,180,1979758,4554511,459000,532322,588.020900,582711,652.869200,615703,654.702400,69626,22.269100,0x098b50423eb1b80e5a7fb520438bb4f17cbf6c9b9e6ebef7938342aa2df694fe,0x05e66e3156ee58cd9a319fc1bf021b066bb4a12dfcb4065c8fd52badd2816357
onchain,500,181,1979758,4554511,459000,532346,642.493800,582735,669.633700,615727,699.403900,69626,31.140100,0x098b50423eb1b80e5a7fb520438bb4f17cbf6c9b9e6ebef7938342aa2df694fe,0x2a3c82367379ca3bc510fa7cc6292b87adeae422acaf533b481b7ab5a9b74ff8
onchain,500,182,1979758,4554511,459000,532238,566.168600,582627,671.268100,615619,694.740200,69626,29.096600,0x098b50423eb1b80e5a7fb520438bb4f17cbf6c9b9e6ebef7938342aa2df694fe,0x1249bf76e23d7887ed8174d4d5ab76b45d4e883f887862e0fbb6cb1ff0ae511b
onchain,500,183,1979758,4554511,459000,532298,601.018400,582687,709.177900,615679,632.035500,69626,39.976800,0x098b50423eb1b80e5a7fb520438bb4f17cbf6c9b9e6ebef7938342aa2df694fe,0x299618a39d19d4bebd969488c616703e255699e67a2120cf6f08ea875ec432c3
onchain,500,184,1979758,4554511,459000,532250,638.042400,582639,653.319400,615631,678.774000,69626,37.729200,0x098b50423eb1b80e5a7fb520438bb4f17cbf6c9b9e6ebef7938342aa2df694fe,0x1c9a777a7d9c58721c7da841f525a15984b7e891da907c30cff77c20fec58449
onchain,500,185,1979758,4554511,459000,532238,665.834700,582627,882.331900,615619,998.186300,69626,31.852000,0x098b50423eb1b80e5a7fb520438bb4f17cbf6c9b9e6ebef7938342aa2df694fe,0x2608a22fc17f577d6b0c737a1dae9bf3bfcada6e599a32673cc3b22aa3b6190c
onchain,500,186,1979758,4554511,459000,532262,976.942900,582651,1082.413800,615643,1178.948500,69626,33.421900,0x098b50423eb1b80e5a7fb520438bb4f17cbf6c9b9e6ebef7938342aa2df694fe,0x21c60d25a15e9ae91c63bf274725cbd91cce20150f6968f909ed4545bf10f860
onchain,500,187,1979758,4554511,459000,532202,998.171900,582591,586.264600,615583,641.929200,69626,39.128400,0x098b50423eb1b80e5a7fb520438bb4f17cbf6c9b9e6ebef7938342aa2df694fe,0x2a2d7701e0b8c21420d7b7229e667662e2cbb348c0011ae3c54b0a6ef4ddaed2
onchain,500,188,1979758,4554511,459000,532274,576.199600,582663,621.255200,615655,786.706000,69626,34.296000,0x098b50423eb1b80e5a7fb520438bb4f17cbf6c9b9e6ebef7938342aa2df694fe,0x2147d5a5854e8222301664ebdea905cf2129477a5b1fa920e3b69c0ffde3fe7c
onchain,500,189,1979758,4554511,459000,532250,565.775900,582639,612.959800,615631,721.141200,69626,38.116800,0x098b50423eb1b80e5a7fb520438bb4f17cbf6c9b9e6ebef7938342aa2df694fe,0x09e30c2882ee8f7a4d382ee18bfb26fd8cc97e5b71b4abf04cb6ef5c20141ee8
onchain,500,190,1979758,4554511,459000,532178,635.563800,582567,605.752100,615559,719.470800,69626,24.218400,0x098b50423eb1b80e5a7fb520438bb4f17cbf6c9b9e6ebef7938342aa2df694fe,0x29659717e824040f23b91d2d273626a16f2383026d93d647e324bab659038b3b
onchain,500,191,1979758,4554511,459000,532202,585.829600,582591,684.748300,615583,726.547200,69626,28.865600,0x098b50423eb1b80e5a7fb520438bb4f17cbf6c9b9e6ebef7938342aa2df694fe,0x08905947031ddfd20fdb11313343efd9b643df52a76a9d8822b84478d51ef533
onchain,500,192,1979758,4554511,459000,532190,565.994000,582579,736.527500,615571,582.779300,69626,26.528600,0x098b50423eb1b80e5a7fb520438bb4f17cbf6c9b9e6ebef7938342aa2df694fe,0x2623d2f0bb27f75ed651479f235215416974c7ed687818ca2eca4ed54cb0890e
onchain,500,193,1979758,4554511,459000,532214,609.580100,582603,599.333700,615595,689.638700,69626,23.159700,0x098b50423eb1b80e5a7fb520438bb4f17cbf6c9b9e6ebef7938342aa2df694fe,0x17f2a18d1c6af5fbd37c56a76f8d84a8557e3f92f46b9f10c97f07498d7a3e5e
onchain,500,194,1979758,4554511,459000,532238,617.449700,582627,626.603800,615619,676.133900,69626,31.039900,0x098b50423eb1b80e5a7fb520438bb4f17cbf6c9b9e6ebef7938342aa2df694fe,0x080444fd3d681818265e4b132c34ac5d5d0913ad9cde27ae4b3bc8bec9a476aa
onchain,500,195,1979758,4554511,459000,532226,691.477100,582603,625.488300,615595,641.019700,69614,29.849400,0x098b50423eb1b80e5a7fb520438bb4f17cbf6c9b9e6ebef7938342aa2df694fe,0x0650d03351bfa136d51cb721acb4868d9022e9febefe6b28499f0f004f36071e
onchain,500,196,1979758,4554511,459000,532214,656.092100,582603,651.382400,615595,564.444200,69626,28.554500,0x098b50423eb1b80e5a7fb520438bb4f17cbf6c9b9e6ebef7938342aa2df694fe,0x1dce569b979e4239dd9eb95272649e1f5bc3375080e9be8f146870ec3767764c
onchain,500,197,1979758,4554511,459000,532370,707.725200,582759,642.855200,615751,668.735100,69626,30.595800,0x098b50423eb1b80e5a7fb520438bb4f17cbf6c9b9e6ebef7938342aa2df694fe,0x229060fc460a01a09958347d142e63e18fac8e663a93f9c0a697618459f11091
onchain,500,198,1979758,4554511,459000,532298,613.379300,582687,596.672600,615679,718.825800,69626,29.233200,0x098b50423eb1b80e5a7fb520438bb4f17cbf6c9b9e6ebef7938342aa2df694fe,0x14c6c58b860df7cf32a61fa6440107908bc1f58866b5291b6fc0266a44cc4347
onchain,500,199,1979758,4554511,459000,532286,565.604100,582663,695.517900,615655,723.872100,69614,29.906000,0x098b50423eb1b80e5a7fb520438bb4f17cbf6c9b9e6ebef7938342aa2df694fe,0x2c6eca6e9dddf0c400924a7e305eebe78c57a0d68da8b8afe9343f8bb69af311
onchain,500,200,1979758,4554511,459000,532214,570.216900,582603,586.115600,615595,601.637100,69626,35.049600,0x098b50423eb1b80e5a7fb520438bb4f17cbf6c9b9e6ebef7938342aa2df694fe,0x26d10e610f5a898caa541893e7c74d8b589b1bca141f9d5c12129f0ac8c2c4de
onchain,500,201,1979758,4554511,459000,532358,603.794700,582735,597.534500,615727,696.418000,69614,33.630600,0x098b50423eb1b80e5a7fb520438bb4f17cbf6c9b9e6ebef7938342aa2df694fe,0x1de79d5b678871b100b2b73ad88c37f56b46d8c4d0981df6850d7f290419f46f
onchain,500,202,1979758,4554511,459000,532298,588.502600,582687,630.667000,615679,720.722100,69626,36.520800,0x098b50423eb1b80e5a7fb520438bb4f17cbf6c9b9e6ebef7938342aa2df694fe,0x1e084c1e93a570dd4dd924a63074f8e4144d31f5484d14bf9e43031a1408dd37
onchain,500,203,1979758,4554511,459000,532322,576.367800,582711,574.086800,615703,665.932700,69626,40.892200,0x098b50423eb1b80e5a7fb520438bb4f17cbf6c9b9e6ebef7938342aa2df694fe,0x2b491f2eb4c3f055d7784d7f4a35a5a0ffbd04a7375b5db1796d27992d6a78a4
onchain,500,204,1979758,4554511,459000,532250,573.959100,582639,698.863200,615631,607.642300,69626,26.521700,0x098b50423eb1b80e5a7fb520438bb4f17cbf6c9b9e6ebef7938342aa2df694fe,0x2207f01b23ccc5d511b22b388ece1132266a457ae6354b500e3371d8b7b47b8f
onchain,500,205,1979758,4554511,459000,532298,617.903000,582687,746.745000,615679,608.620900,69626,26.150300,0x098b50423eb1b80e5a7fb520438bb4f17cbf6c9b9e6ebef7938342aa2df694fe,0x2820b06f5df5d3e5eac9c631774e2ed85c977ab1010eff6d64f3fb624ad7d7a3
onchain,500,206,1979758,4554511,459000,532322,596.006900,582711,661.029600,615703,678.609600,69626,33.442400,0x098b50423eb1b80e5a7fb520438bb4f17cbf6c9b9e6ebef7938342aa2df694fe,0x27a17ea0f0816d8c2987f01b465a7a7c34a96adc62fd86ae42af4cc4a760bd5b
onchain,500,207,1979758,4554511,459000,532226,672.352200,582615,597.286300,615607,753.592100,69626,30.163900,0x098b50423eb1b80e5a7fb520438bb4f17cbf6c9b9e6ebef7938342aa2df694fe,0x2838bb09aca0424f32baa130c15f81e5704a68065f6de6f27979fc196863b7ae
onchain,500,208,1979758,4554511,459000,532286,600.864000,582675,746.604100,615667,697.680900,69626,30.914600,0x098b50423eb1b80e5a7fb520438bb4f17cbf6c9b9e6ebef7938342aa2df694fe,0x08253658a1a878506ef21181f0975c66ef755715fd66e1573da2305eb0cd2780
onchain,500,209,1979758,4554511,459000,532238,902.162900,582627,1129.649900,615619,1148.908900,69626,34.248300,0x098b50423eb1b80e5a7fb520438bb4f17cbf6c9b9e6ebef7938342aa2df694fe,0x10b028218147aff279afc8483c1d0f2f720bcbff9e7b277074e6f5964c6c1c75
onchain,500,210,1979758,4554511,459000,532250,1120.433800,582639,623.329100,615631,748.393400,69626,23.859800,0x098b50423eb1b80e5a7fb520438bb4f17cbf6c9b9e6ebef7938342aa2df694fe,0x2173732b56584682acdb72c0eb05938ecaa2a2cf7d64074b54076a03bc11d903
onchain,500,211,1979758,4554511,459000,532286,661.392400,582675,765.148600,615667,718.363300,69626,22.295100,0x098b50423eb1b80e5a7fb520438bb4f17cbf6c9b9e6ebef7938342aa2df694fe,0x18f62f27b02c5bdf99fc82b37e136b28c8b03690f7a779e123ec15b179a41357
onchain,500,212,1979758,4554511,459000,532322,697.358600,582711,740.118800,615703,796.283600,69626,25.243300,0x098b50423eb1b80e5a7fb520438bb4f17cbf6c9b9e6ebef7938342aa2df694fe,0x0522989be561c3acf3d13b8ce2579c69fd82702309650aa02dc3f0f1a3aeb51e
onchain,500,213,1979758,4554511,459000,532262,618.242500,582639,588.509000,615631,702.831800,69614,29.894900,0x098b50423eb1b80e5a7fb520438bb4f17cbf6c9b9e6ebef7938342aa2df694fe,0x00abfd86d0b7cd3ef4c548a4842e95cd198e8c13f5984cf7744328f643ecda38
onchain,500,214,1979758,4554511,459000,532310,603.952600,582687,754.336400,615679,562.632900,69614,94.315900,0x098b50423eb1b80e5a7fb520438bb4f17cbf6c9b9e6ebef7938342aa2df694fe,0x00e72a74ffeafc01ff3bc87cbe9cb8991e6ddf6a62704eee18f298fb44947a54
onchain,500,215,1979758,4554511,459000,532358,650.377700,582747,733.147900,615739,597.239500,69626,24.997500,0x098b50423eb1b80e5a7fb520438bb4f17cbf6c9b9e6ebef7938342aa2df694fe,0x09bd4c44b0d8c3f95e85a7ea7eaad034d0bb4a071151c4602d4c25a063e655a3
onchain,500,216,1979758,4554511,459000,532238,612.840600,582615,618.893900,615607,772.956700,69614,29.814200,0x098b50423eb1b80e5a7fb520438bb4f17cbf6c9b9e6ebef7938342aa2df694fe,0x1da98d0d586ad726f7d6d36d081f3b5ddaff00b0e568dc30c9263430f45d0efd
onchain,500,217,1979758,4554511,459000,532310,593.304100,582687,632.891500,615679,631.286600,69614,28.983200,0x098b50423eb1b80e5a7fb520438bb4f17cbf6c9b9e6ebef7938342aa2df694fe,0x0d332cc6cfca7d979739d690576d83fa594a7fade7d1ed233baee5eee47c00aa
onchain,500,218,1979758,4554511,459000,532370,604.675200,582759,658.589500,615751,640.966900,69626,35.487000,0x098b50423eb1b80e5a7fb520438bb4f17cbf6c9b9e6ebef7938342aa2df694fe,0x04df1709421261492f4643397ca9c5a3205a57917e5467927d5d95111e631b98
onchain,500,219,1979758,4554511,459000,532214,600.074500,582603,765.708000,615595,733.629800,69626,22.180200,0x098b50423eb1b80e5a7fb520438bb4f17cbf6c9b9e6ebef7938342aa2df694fe,0x0ca39f899831fd4e5448e7ade10af02c0e1c50d9b33334800989497f9e26e93b
onchain,500,220,1979758,4554511,459000,532274,613.489600,582663,741.874000,615655,918.703600,69626,35.019700,0x098b50423eb1b80e5a7fb520438bb4f17cbf6c9b9e6ebef7938342aa2df694fe,0x17b533f22fbbd4525ea0cb1d23064c62e4d5d81c56b9f425542cd2b8500fe93f
onchain,500,221,1979758,4554511,459000,532310,723.691700,582699,610.072000,615691,681.810000,69626,28.648000,0x098b50423eb1b80e5a7fb520438bb4f17cbf6c9b9e6ebef7938342aa2df694fe,0x30284ab4f906ef741017b6ba866c480fe26022712c2b1f47925878df7ead3942
onchain,500,222,1979758,4554511,459000,532250,640.688200,582639,576.413300,615631,677.034200,69626,39.480100,0x098b50423eb1b80e5a7fb520438bb4f17cbf6c9b9e6ebef7938342aa2df694fe,0x230719c7f7508d7995106104b0fba8547e5ccbc3b2237e6c3681908b8908eb25
onchain,500,223,1979758,4554511,459000,532250,643.178300,582627,664.809800,615619,718.220200,69614,30.146700,0x098b50423eb1b80e5a7fb520438bb4f17cbf6c9b9e6ebef7938342aa2df694fe,0x05e321b5b73ae7dc708200813248dc8ce759f76786404cca834d23fbda676330
onchain,500,224,1979758,4554511,459000,532262,567.338400,582651,694.126600,615643,774.591800,69626,27.403700,0x098b50423eb1b80e5a7fb520438bb4f17cbf6c9b9e6ebef7938342aa2df694fe,0x04f16424a036c1c8b8b62ac3f6fbf1afe4161d95f2745ca23620b11c345ec204
onchain,500,225,1979758,4554511,459000,532346,607.207200,582735,578.769300,615727,711.495600,69626,27.033600,0x098b50423eb1b80e5a7fb520438bb4f17cbf6c9b9e6ebef7938342aa2df694fe,0x1683ef468d4cd009c3194edbbb010a088da918a0690b8a067343e416a6a4b7ff
onchain,500,226,1979758,4554511,459000,532346,579.108500,582723,672.631500,615715,593.903400,69614,28.283600,0x098b50423eb1b80e5a7fb520438bb4f17cbf6c9b9e6ebef7938342aa2df694fe,0x019f440d4f71344df6e4a73f4d2b76d8d021ff64e9805774b700ff240c7e6290
onchain,500,227,1979758,4554511,459000,532322,608.909500,582711,649.249400,615703,649.101900,69626,63.331200,0x098b50423eb1b80e5a7fb520438bb4f17cbf6c9b9e6ebef7938342aa2df694fe,0x2cd3b78cb474d98ab26e82eec456c2b501e97e323c15f190d62a4d50eccd5f21
onchain,500,228,1979758,4554511,459000,532250,666.154300,582639,586.064100,615631,659.357200,69626,27.357600,0x098b50423eb1b80e5a7fb520438bb4f17cbf6c9b9e6ebef7938342aa2df694fe,0x0cd75776cd07fe51cb25d1b9af220f8010d0b1b48eabf6f7c90ee35094b60e35
onchain,500,229,1979758,4554511,459000,532274,642.106700,582663,600.141400,615655,642.260200,69626,27.792500,0x098b50423eb1b80e5a7fb520438bb4f17cbf6c9b9e6ebef7938342aa2df694fe,0x2af48b45a7202a164a90ca6a1725e39467f70a524ea74dfae76a0a6dc0b7be0b
onchain,500,230,1979758,4554511,459000,532310,578.943800,582687,626.483800,615679,697.064500,69626,31.250200,0x098b50423eb1b80e5a7fb520438bb4f17cbf6c9b9e6ebef7938342aa2df694fe,0x0aa6ce31e57d744ae008aec740817366db5ec92d41d4b40a440c5b1c0eb2cd57
onchain,500,231,1979758,4554511,459000,532310,586.983600,582699,727.854300,615691,621.833700,69626,30.719200,0x098b50423eb1b80e5a7fb520438bb4f17cbf6c9b9e6ebef7938342aa2df694fe,0x278b7b3a14762423c4cb23f6ef2bed5f69f610ad64b09fb228de4bdd7b449931
onchain,500,232,1979758,4554511,459000,532202,679.936400,582579,986.542200,615571,1260.586300,69614,33.819000,0x098b50423eb1b80e5a7fb520438bb4f17cbf6c9b9e6ebef7938342aa2df694fe,0x008535962f0a38daf6d8b95158c3c95e2415b4e90d11089c37356fc331072ead
onchain,500,233,1979758,4554511,459000,532226,1035.303000,582615,597.514600,615607,655.127900,69626,30.475300,0x098b50423eb1b80e5a7fb520438bb4f17cbf6c9b9e6ebef7938342aa2df694fe,0x1f283c30d18bf09f79126ecf806edc3bf784d5e0f9725586679bfe0e9c141c4e
onchain,500,234,1979758,4554511,459000,532274,621.976500,582651,654.003300,615643,711.276300,69626,25.868000,0x098b50423eb1b80e5a7fb520438bb4f17cbf6c9b9e6ebef7938342aa2df694fe,0x0ca1cac7f7c4ab67a0c13fbe4385bbfcc207f7258be5b10a821c9e35368bc57c
onchain,500,235,1979758,4554511,459000,532214,606.246600,582603,622.402500,615595,689.379300,69626,34.488000,0x098b50423eb1b80e5a7fb520438bb4f17cbf6c9b9e6ebef7938342aa2df694fe,0x1ee64ecdb87fe16d9a0b2d0a42e45479ccd2fa4753d872229767dfbf44cdf2d9
onchain,500,236,1979758,4554511,459000,532274,597.015800,582663,715.036200,615655,645.604300,69626,31.948900,0x098b50423eb1b80e5a7fb520438bb4f17cbf6c9b9e6ebef7938342aa2df694fe,0x0c61a809f53d171aeb13efc2823b433ee74a4bcb86fcca2c0bbe028b9567aba6
onchain,500,237,1979758,4554511,459000,532322,742.992000,582711,587.917800,615703,641.431100,69626,37.113000,0x098b50423eb1b80e5a7fb520438bb4f17cbf6c9b9e6ebef7938342aa2df694fe,0x249a5db4d7eb6525105d286d5866fa9da2af5e066720dd3e559dc51efb9f1ffb
onchain,500,238,1979758,4554511,459000,532346,596.223800,582735,632.137800,615727,686.430400,69626,36.049900,0x098b50423eb1b80e5a7fb520438bb4f17cbf6c9b9e6ebef7938342aa2df694fe,0x0702f314a3e92da936be90effa3dcc080d999f2e509ef50c2c1d79b4fc8f6bcd
onchain,500,239,1979758,4554511,459000,532346,574.443000,582735,653.187600,615727,698.918000,69626,37.751900,0x098b50423eb1b80e5a7fb520438bb4f17cbf6c9b9e6ebef7938342aa2df694fe,0x0a4b98013160def93d32ab9bd72b198ed733f55b2afe206df82a3170ae024fdf
onchain,500,240,1979758,4554511,459000,532274,576.737900,582663,707.343900,615655,817.524600,69626,28.632000,0x098b50423eb1b80e5a7fb520438bb4f17cbf6c9b9e6ebef7938342aa2df694fe,0x06e7126768d8e8ff17cce3aab2c4804e1cbd3fe8097a56fccac32ae30136f0ca
onchain,500,241,1979758,4554511,459000,532274,615.059600,582663,647.248600,615655,788.768400,69626,34.707600,0x098b50423eb1b80e5a7fb520438bb4f17cbf6c9b9e6ebef7938342aa2df694fe,0x0a3decc0377e13f60cc834863b77ceedbe0fe45696b715b64b35cde307d12ba3
onchain,500,242,1979758,4554511,459000,532262,827.801500,582651,1221.222200,615643,985.002000,69626,92.042700,0x098b50423eb1b80e5a7fb520438bb4f17cbf6c9b9e6ebef7938342aa2df694fe,0x27797a9f69d6b0d7d985d0a46cd91f3d36c9fa86cdbeaa89ce2415172e64f190
onchain,500,243,1979758,4554511,459000,532250,920.034600,582639,692.516000,615631,763.823500,69626,30.007500,0x098b50423eb1b80e5a7fb520438bb4f17cbf6c9b9e6ebef7938342aa2df694fe,0x12e45f07466eecaf4f209e0a6519f666d88d455427c1d676657f276d56339d2f
onchain,500,244,1979758,4554511,459000,532358,656.694900,582747,689.883300,615739,803.514500,69626,29.067600,0x098b50423eb1b80e5a7fb520438bb4f17cbf6c9b9e6ebef7938342aa2df694fe,0x181adf32cfe9935cd5593d715f3eddd6c12cf801141af0412b5002665fb58cf2
onchain,500,245,1979758,4554511,459000,532310,651.282500,582699,792.763900,615691,1477.831600,69626,36.200500,0x098b50423eb1b80e5a7fb520438bb4f17cbf6c9b9e6ebef7938342aa2df694fe,0x0293847ef66f11fb996f93396f52d4a36106d51fcac611aab6fc2563d36d3847
onchain,500,246,1979758,4554511,459000,532322,680.291300,582711,870.917700,615703,1331.311800,69626,48.091000,0x098b50423eb1b80e5a7fb520438bb4f17cbf6c9b9e6ebef7938342aa2df694fe,0x1d92e48e7b37a5203801541414b263b923580ad1025d8385894bced6f5edf1b9
onchain,500,247,1979758,4554511,459000,532310,763.839700,582699,833.843400,615691,764.948200,69626,34.815800,0x098b50423eb1b80e5a7fb520438bb4f17cbf6c9b9e6ebef7938342aa2df694fe,0x30131b16109882349645b305078a9fecd21cd7a7804f32b913f07d7e73239a54
onchain,500,248,1979758,4554511,459000,532238,646.696100,582627,636.967100,615619,710.073600,69626,29.220000,0x098b50423eb1b80e5a7fb520438bb4f17cbf6c9b9e6ebef7938342aa2df694fe,0x0fc687a2a0ff407060788cff48a8795fb72c5d5c1c5e7ace3017c12ace37d25b
onchain,500,249,1979758,4554511,459000,532286,553.256100,582675,732.412600,615667,751.413300,69626,35.795200,0x098b50423eb1b80e5a7fb520438bb4f17cbf6c9b9e6ebef7938342aa2df694fe,0x22883b823b1489571b9345548d36e8a954dcd025de0b04f7911cb92ddae9f0c0
onchain,500,250,1979758,4554511,459000,532214,704.229400,582603,694.774200,615595,664.388500,69626,29.707000,0x098b50423eb1b80e5a7fb520438bb4f17cbf6c9b9e6ebef7938342aa2df694fe,0x06aefe36889e944554c0bfba064c14099209324c84484f7cead0b0fc2721cedb
onchain,500,251,1979758,4554511,459000,532262,551.715000,582651,658.384600,615643,729.310700,69626,32.527100,0x098b50423eb1b80e5a7fb520438bb4f17cbf6c9b9e6ebef7938342aa2df694fe,0x145d657f21439dc6c9e2bde7ace48104cea658ee03160bb6a74dfa6f77de8aab
onchain,500,252,1979758,4554511,459000,532358,583.330400,582747,626.822100,615739,656.610200,69626,31.642000,0x098b50423eb1b80e5a7fb520438bb4f17cbf6c9b9e6ebef7938342aa2df694fe,0x213a5c53e8d401a727fc495f82c4f9716da4d586351dd9d2c2937aee940256b7
onchain,500,253,1979758,4554511,459000,532226,657.072800,582615,692.387200,615607,645.236100,69626,26.214000,0x098b50423eb1b80e5a7fb520438bb4f17cbf6c9b9e6ebef7938342aa2df694fe,0x129596920613df72f1b51a01ba2d240dde9189ba8bce571a63a1f6c061efb954
onchain,500,254,1979758,4554511,459000,532250,667.783500,582639,701.450200,615631,667.627600,69626,39.972600,0x098b50423eb1b80e5a7fb520438bb4f17cbf6c9b9e6ebef7938342aa2df694fe,0x09b8f8929d1692fe3d358cc25686295748c1b1fadfb7c30cbfec622f9d80fd05
onchain,500,255,1979758,4554511,459000,532334,653.604600,582723,694.806300,615715,665.134400,69626,37.114300,0x098b50423eb1b80e5a7fb520438bb4f17cbf6c9b9e6ebef7938342aa2df694fe,0x0bab4493bbfde736a38be14ea8fdfde66333ae2107cfb41a9ddac4a3e9abb33b
onchain,500,256,1979758,4554511,459000,532250,592.445800,582627,708.069300,615619,633.361300,69626,27.975600,0x098b50423eb1b80e5a7fb520438bb4f17cbf6c9b9e6ebef7938342aa2df694fe,0x0273dfe329a161d0be4c0399d8130f91715f853183f8d2686ea659408b63e85a
onchain,500,257,1979758,4554511,459000,532346,603.073200,582735,640.457100,615727,644.742300,69626,29.343800,0x098b50423eb1b80e5a7fb520438bb4f17cbf6c9b9e6ebef7938342aa2df694fe,0x05e37e2666d2b2839c4d81cc0598d09f164406dcbfeedc117caaf487a940f444
onchain,500,258,1979758,4554511,459000,532226,602.275200,582615,652.040900,615607,775.635300,69626,62.212600,0x098b50423eb1b80e5a7fb520438bb4f17cbf6c9b9e6ebef7938342aa2df694fe,0x256f742a38acf6c1a9515ef36c9e4f1eb465c1084cb78949dc4b638af40d646e
onchain,500,259,1979758,4554511,459000,532298,637.858800,582675,1021.649800,615667,1102.573800,69626,30.790400,0x098b50423eb1b80e5a7fb520438bb4f17cbf6c9b9e6ebef7938342aa2df694fe,0x22da3d99a866b36f51c982949d7239cdda27998316552d92d9f9da5f34170e9a
onchain,500,260,1979758,4554511,459000,532274,1002.511700,582663,1184.338200,615655,1067.296200,69626,77.698400,0x098b50423eb1b80e5a7fb520438bb4f17cbf6c9b9e6ebef7938342aa2df694fe,0x2eeb16245d057e1c821d3d115ab4b5dfaaaa7645ac5e97c43a56a1f4a7150914
onchain,500,261,1979758,4554511,459000,532262,691.214200,582651,582.181900,615643,672.345400,69626,30.469100,0x098b50423eb1b80e5a7fb520438bb4f17cbf6c9b9e6ebef7938342aa2df694fe,0x050f3eb658ce524599a8aa3b8d7270a9f39f9024f520e07d9c2957bbac0dd83f
onchain,500,262,1979758,4554511,459000,532406,698.935100,582795,727.982800,615787,699.895800,69626,29.905600,0x098b50423eb1b80e5a7fb520438bb4f17cbf6c9b9e6ebef7938342aa2df694fe,0x2ba47ecc5714b6eb7047b965817a6105041146195243108b88a4aaef2ad003c8
onchain,500,263,1979758,4554511,459000,532310,610.292100,582699,663.464100,615691,654.208500,69626,28.006000,0x098b50423eb1b80e5a7fb520438bb4f17cbf6c9b9e6ebef7938342aa2df694fe,0x2e324cb62c1f9e76d2ebad95ab692d390a6dff346fcc2f8c952dd39314156fb9
onchain,500,264,1979758,4554511,459000,532418,561.188000,582807,553.329900,615799,662.799100,69626,24.888200,0x098b50423eb1b80e5a7fb520438bb4f17cbf6c9b9e6ebef7938342aa2df694fe,0x25f19f2ed933082d6fbbb5bfac709e94b22d54cd2a606841adea1e0f33252529
onchain,500,265,1979758,4554511,459000,532310,739.573500,582699,637.964200,615691,746.127700,69626,33.324900,0x098b50423eb1b80e5a7fb520438bb4f17cbf6c9b9e6ebef7938342aa2df694fe,0x1b73fd036c6904bf7a1b55a35ef8a0322d4aa1afacbdc5b1f5dadda95f2e80d9
onchain,500,266,1979758,4554511,459000,532430,564.589600,582819,689.595500,615811,673.356700,69626,24.171200,0x098b50423eb1b80e5a7fb520438bb4f17cbf6c9b9e6ebef7938342aa2df694fe,0x0d1a891904ce26bcee3cb9f193ef9b557a571025c13617efc5ff3fb14a736eb4
onchain,500,267,1979758,4554511,459000,532202,616.670600,582579,680.674100,615571,659.595300,69614,83.164600,0x098b50423eb1b80e5a7fb520438bb4f17cbf6c9b9e6ebef7938342aa2df694fe,0x07a55a2cc78db673d6ae5e20b0ea0a4dc4565731018c7ff217b15c0007aed7f2
onchain,500,268,1979758,4554511,459000,532250,588.448300,582639,619.742400,615631,679.826900,69626,32.741800,0x098b50423eb1b80e5a7fb520438bb4f17cbf6c9b9e6ebef7938342aa2df694fe,0x1b3425cd994444788f818746c2e7c494544d30a6badeb85248e6ba6f4e1a800c
onchain,500,269,1979758,4554511,459000,532334,598.140000,582723,760.883700,615715,700.726000,69626,66.089100,0x098b50423eb1b80e5a7fb520438bb4f17cbf6c9b9e6ebef7938342aa2df694fe,0x2c26f5f83ded0ff33db808a3707ddc761b49e85e1553363811613e0c2c9d3d55
onchain,500,270,1979758,4554511,459000,532322,561.903000,582711,590.943000,615703,790.198400,69626,30.195800,0x098b50423eb1b80e5a7fb520438bb4f17cbf6c9b9e6ebef7938342aa2df694fe,0x27ab6471727dff3719ef7ffc1265547db50f19af6e3dfad86ccb95714f9a5d7e
onchain,500,271,1979758,4554511,459000,532298,609.632800,582687,687.580700,615679,677.834500,69626,39.378500,0x098b50423eb1b80e5a7fb520438bb4f17cbf6c9b9e6ebef7938342aa2df694fe,0x2eb89a47bfcb01aafba101688f54b1a659eaf923abcdf6feedf40c3336f23910
onchain,500,272,1979758,4554511,459000,532346,687.688900,582723,723.563500,615715,567.667700,69626,40.514500,0x098b50423eb1b80e5a7fb520438bb4f17cbf6c9b9e6ebef7938342aa2df694fe,0x01f877af3a44c875c5ed8ce6ff874d7f2e729e436c223d071c9bab848171ec74
onchain,500,273,1979758,4554511,459000,532358,765.806300,582747,643.874200,615739,678.726400,69626,26.256800,0x098b50423eb1b80e5a7fb520438bb4f17cbf6c9b9e6ebef7938342aa2df694fe,0x1540aab8dbb6cec70f4bcd0ce7a9a9ec2d01ae732153d9b3ce0132b30e5b4b79
onchain,500,274,1979758,4554511,459000,532262,663.265100,582651,676.553100,615643,680.349000,69626,27.844100,0x098b50423eb1b80e5a7fb520438bb4f17cbf6c9b9e6ebef7938342aa2df694fe,0x2472614978251e972b800f9d3fa0c405855b30b1bf99b4d2bded5447950babd5
onchain,500,275,1979758,4554511,459000,532202,610.289100,582579,588.672000,615571,711.019800,69614,26.158500,0x098b50423eb1b80e5a7fb520438bb4f17cbf6c9b9e6ebef7938342aa2df694fe,0x2ecc7b3800f519a1cdbfd4ae30504aa32c2ac390744aeef4ea5d705ec794980c
onchain,500,276,1979758,4554511,459000,532262,709.686100,582651,666.274500,615643,636.610700,69626,36.622800,0x098b50423eb1b80e5a7fb520438bb4f17cbf6c9b9e6ebef7938342aa2df694fe,0x16e181e2115c35c95e67629e1e264b486e3cd2a23231458b49757292f76d6e4b
onchain,500,277,1979758,4554511,459000,532262,624.844300,582651,612.119600,615643,647.632500,69626,30.677400,0x098b50423eb1b80e5a7fb520438bb4f17cbf6c9b9e6ebef7938342aa2df694fe,0x0fa08a215862bfe0e4c17fd8a7fc50c2305c2fd26baa4a1fa80b8af9f36c5d20
onchain,500,278,1979758,4554511,459000,532298,629.364500,582687,582.651100,615679,626.214600,69626,40.727900,0x098b50423eb1b80e5a7fb520438bb4f17cbf6c9b9e6ebef7938342aa2df694fe,0x1b3bf5c183a4d79b4be51a4c7850892bb9bce49b7de06522e8e2a9fb90360c13
onchain,500,279,1979758,4554511,459000,532238,586.387400,582627,621.477600,615619,614.632800,69626,30.830100,0x098b50423eb1b80e5a7fb520438bb4f17cbf6c9b9e6ebef7938342aa2df694fe,0x0aaaf59b863c164df792e94c16b3b8ada0c468ca3bd179729d18462393cddda0
onchain,500,280,1979758,4554511,459000,532202,729.894400,582591,574.580900,615583,825.542600,69626,32.849200,0x098b50423eb1b80e5a7fb520438bb4f17cbf6c9b9e6ebef7938342aa2df694fe,0x2b2e7002b4fde9470b70626703405c69ea6084bb225ab36c13cce721e6956ef3
onchain,500,281,1979758,4554511,459000,532214,696.055900,582579,659.371500,615571,664.453800,69626,36.357400,0x098b50423eb1b80e5a7fb520438bb4f17cbf6c9b9e6ebef7938342aa2df694fe,0x1431efacf1ed954c67b3e8d4d12850b1e7a1f3d8aa3e1c579094e8e871582c83
onchain,500,282,1979758,4554511,459000,532394,602.140400,582783,598.709100,615775,750.955500,69626,22.393500,0x098b50423eb1b80e5a7fb520438bb4f17cbf6c9b9e6ebef7938342aa2df694fe,0x0ce9a17572619681e0ae731dd40898647339b9416c0aaba7d464bf42a07f4b78
onchain,500,283,1979758,4554511,459000,532214,666.544600,582603,682.195700,615595,628.919200,69626,34.151400,0x098b50423eb1b80e5a7fb520438bb4f17cbf6c9b9e6ebef7938342aa2df694fe,0x26154f6664745752deecbb5ba83bd486b93ac9c77cc804c65d16fba210fe7909
onchain,500,284,1979758,4554511,459000,532346,595.851300,582735,731.878800,615727,597.070300,69626,28.530400,0x098b50423eb1b80e5a7fb520438bb4f17cbf6c9b9e6ebef7938342aa2df694fe,0x2c72121ede22164e725242e3e6d4bcfb26dc7d7f3b8da76187489274d70b8a6f
onchain,500,285,1979758,4554511,459000,532358,645.020600,582747,623.332900,615739,673.878300,69626,30.336800,0x098b50423eb1b80e5a7fb520438bb4f17cbf6c9b9e6ebef7938342aa2df694fe,0x03b2a12c78d2b5f466ab8b3f25a12b8df133b21dc585f9274af9daf158fa8d42
onchain,500,286,1979758,4554511,459000,532310,602.790600,582699,599.664800,615691,621.775500,69626,32.188000,0x098b50423eb1b80e5a7fb520438bb4f17cbf6c9b9e6ebef7938342aa2df694fe,0x02b78917243752d5eb913f64f02c2b30b97ca4f9d3cfc8f00da4d48c8feb2a88
onchain,500,287,1979758,4554511,459000,532358,619.611700,582735,641.048600,615727,695.581400,69614,28.531200,0x098b50423eb1b80e5a7fb520438bb4f17cbf6c9b9e6ebef7938342aa2df694fe,0x1da77fd8de37566085180015fec8404cacf7a2d5cd180288bb2944142ff5bf89
onchain,500,288,1979758,4554511,459000,532310,613.619400,582699,611.520100,615691,697.980300,69626,23.891800,0x098b50423eb1b80e5a7fb520438bb4f17cbf6c9b9e6ebef7938342aa2df694fe,0x1e658b47f89ceabf271c6f8f44451fbc0dcc3395e05370047bd0df20381091ef
onchain,500,289,1979758,4554511,459000,532382,546.345900,582771,611.540600,615763,646.145700,69626,30.057500,0x098b50423eb1b80e5a7fb520438bb4f17cbf6c9b9e6ebef7938342aa2df694fe,0x0a195ed7a2d9704acd2e32b8077bb3309442f51b505fcf3f8155664707ce3104
onchain,500,290,1979758,4554511,459000,532250,643.150000,582627,611.866300,615619,637.075400,69626,22.322300,0x098b50423eb1b80e5a7fb520438bb4f17cbf6c9b9e6ebef7938342aa2df694fe,0x1ec09be06e6c9211551e6b993af8a5c1702f96b177c3af931b079059ba0dec2e
onchain,500,291,1979758,4554511,459000,532310,691.672100,582699,989.483100,615691,1172.205700,69626,24.780400,0x098b50423eb1b80e5a7fb520438bb4f17cbf6c9b9e6ebef7938342aa2df694fe,0x2c6bf8a146bc421ed3017f8ae39e8f649c56c07446e96d2cc210fe45ab350309
onchain,500,292,1979758,4554511,459000,532382,919.936000,582771,990.425700,615763,1156.078900,69626,32.854600,0x098b50423eb1b80e5a7fb520438bb4f17cbf6c9b9e6ebef7938342aa2df694fe,0x10bc1ad8741f0d3049216725d2e3aa18850e1f0776d5b583c8d7ccf54e4e8398
onchain,500,293,1979758,4554511,459000,532334,649.855000,582723,646.342500,615715,758.755800,69626,31.456400,0x098b50423eb1b80e5a7fb520438bb4f17cbf6c9b9e6ebef7938342aa2df694fe,0x25d6f87b434119b3ee033b87875c280d4a0aef30b6ddb137a39f327883387c2f
onchain,500,294,1979758,4554511,459000,532286,575.706000,582675,640.801600,615667,701.926900,69626,31.653600,0x098b50423eb1b80e5a7fb520438bb4f17cbf6c9b9e6ebef7938342aa2df694fe,0x2d90252085b20aa667c2b9c9519f0815e21dfde49161c106bdbfb08b20043a84
onchain,500,295,1979758,4554511,459000,532286,560.349700,582663,767.553200,615655,572.035700,69614,67.311100,0x098b50423eb1b80e5a7fb520438bb4f17cbf6c9b9e6ebef7938342aa2df694fe,0x2fba855d2dbb6f112b18c55634cfe76cf45e009e902d3bbba84ef049b87791d0
onchain,500,296,1979758,4554511,459000,532298,583.117400,582687,577.162400,615679,648.791200,69626,39.300900,0x098b50423eb1b80e5a7fb520438bb4f17cbf6c9b9e6ebef7938342aa2df694fe,0x26ed0f074a95c716a837803a907ad3e7099d6f56e27020bab5828bf905560fcf
onchain,500,297,1979758,4554511,459000,532238,618.184800,582627,680.052500,615619,736.472700,69626,25.672400,0x098b50423eb1b80e5a7fb520438bb4f17cbf6c9b9e6ebef7938342aa2df694fe,0x13d065a59a0f5c872fe29642c29186de6b12e548479494b95bef41be4dbc3e97
onchain,500,298,1979758,4554511,459000,532358,681.865000,582735,621.013300,615727,659.331500,69614,26.188600,0x098b50423eb1b80e5a7fb520438bb4f17cbf6c9b9e6ebef7938342aa2df694fe,0x01e080677d2f1b417bd106d2d1537db95612ae997a0165701a8789b90058bd3f
onchain,500,299,1979758,4554511,459000,532286,688.326100,582663,651.445700,615655,706.234900,69614,31.145500,0x098b50423eb1b80e5a7fb520438bb4f17cbf6c9b9e6ebef7938342aa2df694fe,0x0bad777ee7e53cb50bb1a34026c5b600d6b9069343a3a1ee1f82b5341284f325
onchain,500,300,1979758,4554511,459000,532334,595.744500,582723,587.772500,615715,668.538600,69626,25.523600,0x098b50423eb1b80e5a7fb520438bb4f17cbf6c9b9e6ebef7938342aa2df694fe,0x29e9df1a9f6a929fb347fdd94a9a14daa7736582c5e73cdbf766d76f862b8c58
onchain,500,301,1979758,4554511,459000,532274,619.820500,582663,625.748800,615655,687.590500,69626,26.789500,0x098b50423eb1b80e5a7fb520438bb4f17cbf6c9b9e6ebef7938342aa2df694fe,0x2360af7a8639854b5bf50619a49908323f70e65a2265592a8eb29257c42e46b4
onchain,500,302,1979758,4554511,459000,532322,586.694400,582699,647.781000,615691,653.000500,69614,24.993100,0x098b50423eb1b80e5a7fb520438bb4f17cbf6c9b9e6ebef7938342aa2df694fe,0x28a961bf6b8ab2daac54fd3a011d9dd92fa752243b7e72901cd300e296d3d948
onchain,500,303,1979758,4554511,459000,532274,593.939000,582663,597.895500,615655,723.256900,69626,36.254900,0x098b50423eb1b80e5a7fb520438bb4f17cbf6c9b9e6ebef7938342aa2df694fe,0x1dcc13891f21da1e3cc763a16afec731bb0c8988e3610b636da0b2a008d7031a
onchain,500,304,1979758,4554511,459000,532406,657.311700,582795,676.336100,615787,722.506500,69626,66.760500,0x098b50423eb1b80e5a7fb520438bb4f17cbf6c9b9e6ebef7938342aa2df694fe,0x19e0202ff98298b101d39e3d4fe7f23b35f00d7c58c872115d14bcf595570357
onchain,500,305,1979758,4554511,459000,532370,602.000200,582759,582.742700,615751,681.879200,69626,26.113000,0x098b50423eb1b80e5a7fb520438bb4f17cbf6c9b9e6ebef7938342aa2df694fe,0x055772e98620995bf10f5d97b951622b053e9a142ce221a2c724adcded37f455
onchain,500,306,1979758,4554511,459000,532346,659.032700,582723,633.626600,615715,632.405200,69626,27.304000,0x098b50423eb1b80e5a7fb520438bb4f17cbf6c9b9e6ebef7938342aa2df694fe,0x065213b2081f56a0a24a0abf40d5812fc288f37c9abeab33898f23fd19adad1b
onchain,500,307,1979758,4554511,459000,532298,616.103300,582687,728.202200,615679,666.973300,69626,24.293900,0x098b50423eb1b80e5a7fb520438bb4f17cbf6c9b9e6ebef7938342aa2df694fe,0x13deb5509b4f3f347fd99d0db5be92a5df849a1394b1a8d443ca72b5f34cf9d5
onchain,500,308,1979758,4554511,459000,532166,626.282300,582555,574.052400,615547,678.796000,69626,31.038200,0x098b50423eb1b80e5a7fb520438bb4f17cbf6c9b9e6ebef7938342aa2df694fe,0x2a91370e7d4a3f84a7bbf55d3f19f42131c01e265cc5c184a50a0bf18067994f
onchain,500,309,1979758,4554511,459000,532298,726.253600,582687,579.892200,615679,740.566300,69626,33.575000,0x098b50423eb1b80e5a7fb520438bb4f17cbf6c9b9e6ebef7938342aa2df694fe,0x2e9441f3b1b27ec1e9e837bf5d2e32ff106c7e6e6aea479c676958cad5fa5edf
onchain,500,310,1979758,4554511,459000,532250,569.895000,582639,703.335900,615631,729.012600,69626,25.596800,0x098b50423eb1b80e5a7fb520438bb4f17cbf6c9b9e6ebef7938342aa2df694fe,0x07c71a48e349a6047c713105b236aab6c3d61b04aedf07535969e8697ad84cf1
onchain,500,311,1979758,4554511,459000,532262,639.911000,582651,603.477900,615643,658.642800,69626,31.660300,0x098b50423eb1b80e5a7fb520438bb4f17cbf6c9b9e6ebef7938342aa2df694fe,0x1055ac7069959a32a5ba629e0e5a7a5817b8f3b4a69aa6abe13eff713e4aef19
onchain,500,312,1979758,4554511,459000,532322,573.698100,582711,696.964300,615703,846.803300,69626,30.486900,0x098b50423eb1b80e5a7fb520438bb4f17cbf6c9b9e6ebef7938342aa2df694fe,0x095092b3da9bb6bf6c6c69e5b6819772f8288ff048b32f0c7dc3fc1c264602c0
onchain,500,313,1979758,4554511,459000,532178,595.197700,582567,606.702000,615559,648.673900,69626,25.814500,0x098b50423eb1b80e5a7fb520438bb4f17cbf6c9b9e6ebef7938342aa2df694fe,0x229ff620fc9f07679db5848d8066502bdaa08314bae46156ebe6acc5610103cf
onchain,500,314,1979758,4554511,459000,532346,565.067100,582735,993.189600,615727,1041.934200,69626,35.417100,0x098b50423eb1b80e5a7fb520438bb4f17cbf6c9b9e6ebef7938342aa2df694fe,0x2a8c93405a03ec7df6408002ed9e3324d84c46bc227d44d3537e739d6d377147
onchain,500,315,1979758,4554511,459000,532334,1068.737300,582723,986.124300,615715,961.227600,69626,21.022900,0x098b50423eb1b80e5a7fb520438bb4f17cbf6c9b9e6ebef7938342aa2df694fe,0x010c0957ae5bba1a2d5d707b26a2488ef46da238b08f879be8aa979387cfd0aa
onchain,500,316,1979758,4554511,459000,532310,1085.634700,582699,615.785400,615691,674.175100,69626,35.665200,0x098b50423eb1b80e5a7fb520438bb4f17cbf6c9b9e6ebef7938342aa2df694fe,0x14b6fdfa8e46e3fceea1084881eee66fd9603f40bf35f4ee3af1cde8d2762175
onchain,500,317,1979758,4554511,459000,532274,603.012000,582663,585.490500,615655,712.517100,69626,35.730800,0x098b50423eb1b80e5a7fb520438bb4f17cbf6c9b9e6ebef7938342aa2df694fe,0x1f2d9647f78439d922c61a320d9b727a5be6302450b9a0df32d81b8b1b3a281a
onchain,500,318,1979758,4554511,459000,532274,621.418300,582663,625.400900,615655,755.265500,69626,29.002100,0x098b50423eb1b80e5a7fb520438bb4f17cbf6c9b9e6ebef7938342aa2df694fe,0x1f626d575bd1984f2eb74dcb8d863a130ac3d1af50f3efa8c845ca9b531c7e14
onchain,500,319,1979758,4554511,459000,532370,555.376900,582759,636.591000,615751,750.321500,69626,30.180500,0x098b50423eb1b80e5a7fb520438bb4f17cbf6c9b9e6ebef7938342aa2df694fe,0x0dec1f0ca4dc721f9f7a8dd729be3ed84a8c9b78dc5a36a4ab24ec56990c5796
onchain,500,320,1979758,4554511,459000,532286,678.226300,582663,608.869000,615655,697.783000,69614,40.298800,0x098b50423eb1b80e5a7fb520438bb4f17cbf6c9b9e6ebef7938342aa2df694fe,0x002d16b36d6de7474a2ec6ef4c2b5dfe8555d2c0fefc4b45f56f671899f39f19
onchain,500,321,1979758,4554511,459000,532346,557.471700,582735,675.109600,615727,605.483300,69626,50.726200,0x098b50423eb1b80e5a7fb520438bb4f17cbf6c9b9e6ebef7938342aa2df694fe,0x2b2817bc9643603901e9ed0e7a86d1925b681e557ea4ae5f45137ad1836e0fc9
onchain,500,322,1979758,4554511,459000,532274,581.642900,582651,706.832800,615643,684.069700,69626,27.115300,0x098b50423eb1b80e5a7fb520438bb4f17cbf6c9b9e6ebef7938342aa2df694fe,0x287b1719aa0e7765f94a2d4f54ee64d2bdb32bf72a0402d29106e298a0cfdf77
onchain,500,323,1979758,4554511,459000,532346,684.364600,582723,946.600100,615715,614.435300,69626,30.698000,0x098b50423eb1b80e5a7fb520438bb4f17cbf6c9b9e6ebef7938342aa2df694fe,0x275fda5f4888a155da450b110d64dc9a01467d93492c05b3dcff6ab1af0e9fbf
onchain,500,324,1979758,4554511,459000,532238,673.262100,582627,562.029700,615619,745.260200,69626,30.789400,0x098b50423eb1b80e5a7fb520438bb4f17cbf6c9b9e6ebef7938342aa2df694fe,0x095c6031ca7edfb03f9399642d2742f1b595290521f05f2c20339fe4df8b3931
onchain,500,325,1979758,4554511,459000,532322,581.746500,582711,675.639400,615703,650.890100,69626,25.921300,0x098b50423eb1b80e5a7fb520438bb4f17cbf6c9b9e6ebef7938342aa2df694fe,0x17d3d37d5e35f46a2a3fb234d1d1652ca475755f1a07082fd11c0e3a876761a6
onchain,500,326,1979758,4554511,459000,532262,651.896300,582651,689.700000,615643,613.568000,69626,22.172800,0x098b50423eb1b80e5a7fb520438bb4f17cbf6c9b9e6ebef7938342aa2df694fe,0x1ac75c6ed9f90de62f9775ff423b1ff839ac9958915851696307b7a7d6450db6
onchain,500,327,1979758,4554511,459000,532286,595.614900,582675,591.873200,615667,675.081700,69626,23.392700,0x098b50423eb1b80e5a7fb520438bb4f17cbf6c9b9e6ebef7938342aa2df694fe,0x0c2d971bce31e07f0a4d4de39b5c6bac3335d5febb655089ed885cea978a0bb9
onchain,500,328,1979758,4554511,459000,532262,663.021400,582651,659.091200,615643,711.919600,69626,44.065700,0x098b50423eb1b80e5a7fb520438bb4f17cbf6c9b9e6ebef7938342aa2df694fe,0x075654f1c9e5abe5fce4baccbe6da07810dffabc979728eedf550abd56074ba4
onchain,500,329,1979758,4554511,459000,532238,615.742600,582627,638.503100,615619,745.167200,69626,29.719200,0x098b50423eb1b80e5a7fb520438bb4f17cbf6c9b9e6ebef7938342aa2df694fe,0x0a63eac5908ab14b7879638596b87d9140c5474707a3ad072e2f1a34645752ba
onchain,500,330,1979758,4554511,459000,532274,598.347900,582663,719.029100,615655,727.516800,69626,23.940200,0x098b50423eb1b80e5a7fb520438bb4f17cbf6c9b9e6ebef7938342aa2df694fe,0x08e9b9b4e26fc3aca37bccf5629f51a451dbb6ea41a9b4882a3d78932409045a
onchain,500,331,1979758,4554511,459000,532286,588.891700,582675,590.271900,615667,769.808200,69626,32.627800,0x098b50423eb1b80e5a7fb520438bb4f17cbf6c9b9e6ebef7938342aa2df694fe,0x098ff9bfabd2578b64849f372dfccc3889e8f48dd1d57d81e3d9e88fbd994c78
onchain,500,332,1979758,4554511,459000,532286,609.604100,582675,742.514300,615667,625.697300,69626,34.832000,0x098b50423eb1b80e5a7fb520438bb4f17cbf6c9b9e6ebef7938342aa2df694fe,0x1db4b736a2b0ecc19a65c0c07835152665c8e62915ffa56fa7ab6503f5c9bd19
onchain,500,333,1979758,4554511,459000,532370,598.552800,582747,622.199300,615739,680.941800,69614,36.812800,0x098b50423eb1b80e5a7fb520438bb4f17cbf6c9b9e6ebef7938342aa2df694fe,0x2bc5afd849a1330fc452535400ac1d4d8390ff4fc994c438f681397683bc1753
onchain,500,334,1979758,4554511,459000,532226,642.080000,582615,612.243200,615607,658.560900,69626,21.044300,0x098b50423eb1b80e5a7fb520438bb4f17cbf6c9b9e6ebef7938342aa2df694fe,0x12216d0a1f27606101af6298d2b5d879870b6c64de2f8873b7fd2b23867b9935
onchain,500,335,1979758,4554511,459000,532346,573.825300,582735,628.631100,615727,647.747300,69626,21.781000,0x098b50423eb1b80e5a7fb520438bb4f17cbf6c9b9e6ebef7938342aa2df694fe,0x2839f37d67552efb8cead8faa71bb56779c63441b8b5b103c3f779de4528692f
onchain,500,336,1979758,4554511,459000,532154,552.577600,582531,670.031400,615523,622.862700,69614,27.177300,0x098b50423eb1b80e5a7fb520438bb4f17cbf6c9b9e6ebef7938342aa2df694fe,0x204f2b2dc108ebd91b8e8e9b95eea64bb1a6cb4f5ab54c2c0026fd7e839ae592
onchain,500,337,1979758,4554511,459000,532178,651.380800,582567,813.320100,615559,729.615500,69626,29.142300,0x098b50423eb1b80e5a7fb520438bb4f17cbf6c9b9e6ebef7938342aa2df694fe,0x204d869a69ccfa457f8806504f9890bc280efc739f3f0ecf9fc1eb0fb6528c59
onchain,500,338,1979758,4554511,459000,532274,1017.322200,582663,986.436100,615655,1100.127000,69626,32.767400,0x098b50423eb1b80e5a7fb520438bb4f17cbf6c9b9e6ebef7938342aa2df694fe,0x04b5d935609dfcb26d7a583849391abb7d04dfd1781f9026cce73dabe6b5ffc5
onchain,500,339,1979758,4554511,459000,532274,1104.496900,582663,644.432300,615655,707.176200,69626,27.413000,0x098b50423eb1b80e5a7fb520438bb4f17cbf6c9b9e6ebef7938342aa2df694fe,0x152536451a8e9393f717d73e334bfa8514a176570f84aacc7c013645e671935a
onchain,500,340,1979758,4554511,459000,532238,585.253400,582627,661.839100,615619,719.162900,69626,25.352300,0x098b50423eb1b80e5a7fb520438bb4f17cbf6c9b9e6ebef7938342aa2df694fe,0x0457c3089a76f9a9d8acf8fc0271db28cb47b4da13a71cd9ebb0d4f85b06dc91
onchain,500,341,1979758,4554511,459000,532370,638.203300,582759,619.899400,615751,674.672600,69626,27.194400,0x098b50423eb1b80e5a7fb520438bb4f17cbf6c9b9e6ebef7938342aa2df694fe,0x2efb0c793ef2952e6286b0c951664e67f457f2399d5e05fa4f0bb48c137ef7af
onchain,500,342,1979758,4554511,459000,532334,657.717900,582711,664.903600,615703,797.042600,69626,35.287900,0x098b50423eb1b80e5a7fb520438bb4f17cbf6c9b9e6ebef7938342aa2df694fe,0x07c6757702a5062212213dfa130caee8e8c66080fd605f2c89c4bd459c0eb506
onchain,500,343,1979758,4554511,459000,532274,577.456100,582663,647.830300,615655,843.620300,69626,28.274300,0x098b50423eb1b80e5a7fb520438bb4f17cbf6c9b9e6ebef7938342aa2df694fe,0x1f31d06804fe9d643009a57a3670fbf5708c1c3c6251624db210bc9f18177456
onchain,500,344,1979758,4554511,459000,532238,632.126100,582627,927.003400,615619,633.175300,69626,34.858200,0x098b50423eb1b80e5a7fb520438bb4f17cbf6c9b9e6ebef7938342aa2df694fe,0x2e37e091fc8c192e870e9a1bc151044c6f827a9d7b31a863df824e406f8c7cd1
onchain,500,345,1979758,4554511,459000,532370,1136.005100,582759,586.591900,615751,739.280900,69626,31.569500,0x098b50423eb1b80e5a7fb520438bb4f17cbf6c9b9e6ebef7938342aa2df694fe,0x226079d37d6b5905b792bcf76b2799b0253b82604264870bcec2afc3472d5c73
onchain,500,346,1979758,4554511,459000,532310,677.614000,582699,701.953400,615691,701.899300,69626,24.951700,0x098b50423eb1b80e5a7fb520438bb4f17cbf6c9b9e6ebef7938342aa2df694fe,0x117db97a81840683d5f0024370805bbb38977ea928586ac4f07b751d7b8585aa
onchain,500,347,1979758,4554511,459000,532334,658.120600,582723,933.368600,615715,1017.117400,69626,40.745500,0x098b50423eb1b80e5a7fb520438bb4f17cbf6c9b9e6ebef7938342aa2df694fe,0x254f554195b2795e198655ca2a08c0d3b52361f517bfc45abf441ff5f97cb8c0
onchain,500,348,1979758,4554511,459000,532286,994.144800,582675,996.216900,615667,958.236300,69626,27.772100,0x098b50423eb1b80e5a7fb520438bb4f17cbf6c9b9e6ebef7938342aa2df694fe,0x1593770d9d55f43a7cdb36fc0fc3822fa5eb57dd09ab2b86b6688d899c0597a3
onchain,500,349,1979758,4554511,459000,532238,1189.212700,582627,638.337900,615619,677.631700,69626,23.988600,0x098b50423eb1b80e5a7fb520438bb4f17cbf6c9b9e6ebef7938342aa2df694fe,0x20e21d8732cbae26a5eb1e3a08fa1d385815993a3e06bf751447c239e53ebec2
onchain,500,350,1979758,4554511,459000,532298,584.925900,582687,609.689100,615679,617.818200,69626,21.165300,0x098b50423eb1b80e5a7fb520438bb4f17cbf6c9b9e6ebef7938342aa2df694fe,0x0e99cfc4fe2b4260a2b9ad2ea8a798e983acf32369ddff77b9bbbfb006aea219
onchain,500,351,1979758,4554511,459000,532298,565.373500,582687,605.928300,615679,557.283500,69626,25.941700,0x098b50423eb1b80e5a7fb520438bb4f17cbf6c9b9e6ebef7938342aa2df694fe,0x02561cbf09126048622749b6c4fb1d96e7c743c3ddd00c24fe36a90236a1b716
onchain,500,352,1979758,4554511,459000,532250,792.911700,582639,628.849100,615631,629.856900,69626,34.021700,0x098b50423eb1b80e5a7fb520438bb4f17cbf6c9b9e6ebef7938342aa2df694fe,0x1b60a8b5553baadbaddd458ba1d262ab05296dcadb500fffc6521c0670d859de
onchain,500,353,1979758,4554511,459000,532202,625.869500,582591,599.078400,615583,702.494300,69626,32.149000,0x098b50423eb1b80e5a7fb520438bb4f17cbf6c9b9e6ebef7938342aa2df694fe,0x28c3e736537efd4af55e4024deafcb55b364d5be65156ae12c48fb5d62772ff0
onchain,500,354,1979758,4554511,459000,532274,622.166600,582663,564.898900,615655,670.532000,69626,26.139900,0x098b50423eb1b80e5a7fb520438bb4f17cbf6c9b9e6ebef7938342aa2df694fe,0x04b39fd3e5f335a5b634bd563ba92eb4d8fa3f7e32fe4b6a4bc9ac1fd43c19ca
onchain,500,355,1979758,4554511,459000,532286,621.074800,582663,635.214800,615655,665.321300,69614,24.442000,0x098b50423eb1b80e5a7fb520438bb4f17cbf6c9b9e6ebef7938342aa2df694fe,0x0004225074508fa3022f90e37e6c870a9b686a8123ef5bbe2056904cf37642db
onchain,500,356,1979758,4554511,459000,532274,562.343200,582663,716.461400,615655,636.815000,69626,27.095700,0x098b50423eb1b80e5a7fb520438bb4f17cbf6c9b9e6ebef7938342aa2df694fe,0x021bebfbfc5cca243be6d61f58c6fcfc3b49fd9f33fababe9cb255a21de6777c
onchain,500,357,1979758,4554511,459000,532358,644.971600,582747,714.438700,615739,593.261800,69626,45.636000,0x098b50423eb1b80e5a7fb520438bb4f17cbf6c9b9e6ebef7938342aa2df694fe,0x050f085ab3e5f5c3eb150a35091b609b024454e337120d29ab9b71776fc7338d
onchain,500,358,1979758,4554511,459000,532250,682.576900,582639,673.551600,615631,627.859300,69626,23.302400,0x098b50423eb1b80e5a7fb520438bb4f17cbf6c9b9e6ebef7938342aa2df694fe,0x222c67432c9adedc49d9236e9654816e0cf5c7e793e5f52d51452e4d94e61b34
onchain,500,359,1979758,4554511,459000,532310,584.399200,582699,615.233100,615691,633.072500,69626,27.976400,0x098b50423eb1b80e5a7fb520438bb4f17cbf6c9b9e6ebef7938342aa2df694fe,0x27b239bf70d964ad2873d0a1bfdc4491651f20e30617f39306e3109f9444ae1f
onchain,500,360,1979758,4554511,459000,532274,662.520700,582663,632.185700,615655,689.292000,69626,22.105900,0x098b50423eb1b80e5a7fb520438bb4f17cbf6c9b9e6ebef7938342aa2df694fe,0x1e1b5831fdf4b76d30e9b076372b1a47468a39c721bfd22182db547151d10305
onchain,500,361,1979758,4554511,459000,532286,913.278000,582675,622.213800,615667,636.494100,69626,33.525600,0x098b50423eb1b80e5a7fb520438bb4f17cbf6c9b9e6ebef7938342aa2df694fe,0x0605aa46ac40963353ba3f275bdaa747c1794498b7645bbd422dbae339555c55
onchain,500,362,1979758,4554511,459000,532286,569.623000,582675,621.555200,615667,678.516200,69626,34.844500,0x098b50423eb1b80e5a7fb520438bb4f17cbf6c9b9e6ebef7938342aa2df694fe,0x1851f7753135b8747d9eb910c77c916cf827ea9f2155dc9d379ef2afa367a772
onchain,500,363,1979758,4554511,459000,532226,580.327000,582615,587.724000,615607,646.485100,69626,28.800000,0x098b50423eb1b80e5a7fb520438bb4f17cbf6c9b9e6ebef7938342aa2df694fe,0x16fc1f235038e480513f38e613e2d02f17b4832841d68c8ef401b09167c9ff5f
onchain,500,364,1979758,4554511,459000,532202,695.602300,582591,621.241500,615583,725.852800,69626,20.237300,0x098b50423eb1b80e5a7fb520438bb4f17cbf6c9b9e6ebef7938342aa2df694fe,0x193a1a014690b7724bf6978a4714fe2a0476d1eef7c299ca5f750f3cd17874eb
onchain,500,365,1979758,4554511,459000,532226,603.311700,582615,668.013300,615607,659.989900,69626,20.385300,0x098b50423eb1b80e5a7fb520438bb4f17cbf6c9b9e6ebef7938342aa2df694fe,0x0f963c37f6669553709742d3391b6f600bb9eeee0f58acf2765960e71eb5b81c
onchain,500,366,1979758,4554511,459000,532298,597.484800,582687,1186.840400,615679,1112.870200,69626,34.905600,0x098b50423eb1b80e5a7fb520438bb4f17cbf6c9b9e6ebef7938342aa2df694fe,0x303b6b066769651941ebaaebfcd8040f41a717542235e1f57492ed152123cff2
onchain,500,367,1979758,4554511,459000,532298,1062.035200,582687,791.314700,615679,1075.389600,69626,38.108000,0x098b50423eb1b80e5a7fb520438bb4f17cbf6c9b9e6ebef7938342aa2df694fe,0x2ed695d8f21d493b9d35e98eaf8a93b2d7366dc343dd2584f504aa5e64116990
onchain,500,368,1979758,4554511,459000,532358,581.749200,582747,673.200700,615739,721.853800,69626,33.935200,0x098b50423eb1b80e5a7fb520438bb4f17cbf6c9b9e6ebef7938342aa2df694fe,0x1ad4f7e67fe4ff1b47a8341daf54ba4cfc10c65cf1044c60def6d901a807ed46
onchain,500,369,1979758,4554511,459000,532310,759.354900,582699,966.128800,615691,2525.660300,69626,62.343200,0x098b50423eb1b80e5a7fb520438bb4f17cbf6c9b9e6ebef7938342aa2df694fe,0x0c5a630d9f98b120bc544c96c47eec11640c6ab4b933c80d522151a3ff6adf8a
onchain,500,370,1979758,4554511,459000,532322,845.584000,582699,1073.870900,615691,793.206000,69614,44.779000,0x098b50423eb1b80e5a7fb520438bb4f17cbf6c9b9e6ebef7938342aa2df694fe,0x03f5612ddf0d430300b9710c7d5770ca54ee984d0d55902c9e31fec569bca9e3
onchain,500,371,1979758,4554511,459000,532334,803.848600,582723,709.511400,615715,653.621400,69626,26.836700,0x098b50423eb1b80e5a7fb520438bb4f17cbf6c9b9e6ebef7938342aa2df694fe,0x1e849df2f825791fd8ed533d294b831c090962116777818d7fe8e404e5c063fd
onchain,500,372,1979758,4554511,459000,532334,890.905400,582723,602.353000,615715,671.181300,69626,30.707000,0x098b50423eb1b80e5a7fb520438bb4f17cbf6c9b9e6ebef7938342aa2df694fe,0x18cfa5c6cd646ef374aab2e94e771ad9364cf8d95486dbb632ede7bba8b9c2b8
onchain,500,373,1979758,4554511,459000,532286,691.626700,582663,723.443500,615655,693.308500,69626,26.527000,0x098b50423eb1b80e5a7fb520438bb4f17cbf6c9b9e6ebef7938342aa2df694fe,0x25b65d1c3a0bc65503d9a28d15da14bdd9f67ae4de7a884deeedb518e97a9262
onchain,500,374,1979758,4554511,459000,532310,738.365100,582699,674.672000,615691,653.316200,69626,29.585700,0x098b50423eb1b80e5a7fb520438bb4f17cbf6c9b9e6ebef7938342aa2df694fe,0x04814392968319dd081a9b03644408df0f13373cd048e655a8b8de0a52e23270
onchain,500,375,1979758,4554511,459000,532298,758.311700,582687,1091.126000,615679,1150.414600,69626,33.265700,0x098b50423eb1b80e5a7fb520438bb4f17cbf6c9b9e6ebef7938342aa2df694fe,0x118f2bc8abc13248898a6bcd9a243f7ca0a998ade21b658f26f4157747c66bb1
onchain,500,376,1979758,4554511,459000,532298,1181.815200,582687,574.307500,615679,754.546100,69626,30.254100,0x098b50423eb1b80e5a7fb520438bb4f17cbf6c9b9e6ebef7938342aa2df694fe,0x162d42cc97848b8015e6f6973e026d6782e2a7cb2fb68038286cbc81d7508eda
onchain,500,377,1979758,4554511,459000,532310,668.779800,582699,622.071100,615691,714.973100,69626,27.748100,0x098b50423eb1b80e5a7fb520438bb4f17cbf6c9b9e6ebef7938342aa2df694fe,0x157e57147367313af2ccdb0b69a90f60da885d73b45344e360fbc625f7696351
onchain,500,378,1979758,4554511,459000,532238,573.256600,582615,586.048700,615607,776.777400,69614,37.750300,0x098b50423eb1b80e5a7fb520438bb4f17cbf6c9b9e6ebef7938342aa2df694fe,0x0ad9f8b60ac2b27db29f8d015c05982cd6a7f9fe5461daae00a8f8e7b10bb470
onchain,500,379,1979758,4554511,459000,532334,702.756600,582723,695.710900,615715,664.214200,69626,36.247500,0x098b50423eb1b80e5a7fb520438bb4f17cbf6c9b9e6ebef7938342aa2df694fe,0x02d5dff1d08df114839ef1dc507caa525323fb9828ac5daac4983bbfb43f03ee
onchain,500,380,1979758,4554511,459000,532286,625.680600,582675,623.605100,615667,658.379400,69626,21.169500,0x098b50423eb1b80e5a7fb520438bb4f17cbf6c9b9e6ebef7938342aa2df694fe,0x07e27bc2513cc928d26b30eb92d217d53a1f2efa7ec91e9f3281e5893d80ea14
onchain,500,381,1979758,4554511,459000,532238,632.383200,582627,639.797600,615619,648.142400,69626,34.490900,0x098b50423eb1b80e5a7fb520438bb4f17cbf6c9b9e6ebef7938342aa2df694fe,0x17398fc5f1d2e60159ce1452da7355a2234e2843260b50b40ded9b9d1d7fc2c5
onchain,500,382,1979758,4554511,459000,532286,617.312500,582675,866.259900,615667,638.471800,69626,27.054500,0x098b50423eb1b80e5a7fb520438bb4f17cbf6c9b9e6ebef7938342aa2df694fe,0x1bcd1df4387375c9e3d385db43f832b4b6fe272b45f7e52252b39bb8382252e4
onchain,500,383,1979758,4554511,459000,532250,631.384100,582639,756.826100,615631,764.142600,69626,32.193000,0x098b50423eb1b80e5a7fb520438bb4f17cbf6c9b9e6ebef7938342aa2df694fe,0x28bd69fe5fd086a619856936b40121a7155f548d42a84f35bce33cd48f7c5b79
onchain,500,384,1979758,4554511,459000,532274,602.630300,582651,643.448400,615643,645.529000,69614,40.793800,0x098b50423eb1b80e5a7fb520438bb4f17cbf6c9b9e6ebef7938342aa2df694fe,0x1e7e3f9f39ceb8265b464c07373a4b37a800558074e78b931da84545f6d94e6d
onchain,500,385,1979758,4554511,459000,532310,726.154800,582687,666.653600,615679,727.128500,69614,35.762800,0x098b50423eb1b80e5a7fb520438bb4f17cbf6c9b9e6ebef7938342aa2df694fe,0x0de1feb02f5d7b62cce3ccea8a74c6a75a1062001c1a44cae3b015de71aba263
onchain,500,386,1979758,4554511,459000,532310,668.547500,582699,708.063200,615691,662.050300,69626,25.568700,0x098b50423eb1b80e5a7fb520438bb4f17cbf6c9b9e6ebef7938342aa2df694fe,0x0ccf0155d5e5543303c4ae684ea5d6d3506eadcac2a6ce0b43d37b55f33f3ae7
onchain,500,387,1979758,4554511,459000,532262,599.797000,582651,746.975900,615643,620.709800,69626,28.549300,0x098b50423eb1b80e5a7fb520438bb4f17cbf6c9b9e6ebef7938342aa2df694fe,0x092407afbdab9b40602d5946175c6668381b10d76ec0d1fc625720ab89492697
onchain,500,388,1979758,4554511,459000,532274,583.346700,582663,589.823600,615655,732.414900,69626,26.557700,0x098b50423eb1b80e5a7fb520438bb4f17cbf6c9b9e6ebef7938342aa2df694fe,0x057debe0a69bdb13be5df68e059ebc5810b7a076ae38389e59938c99084ee97e
onchain,500,389,1979758,4554511,459000,532286,600.969400,582675,655.828600,615667,702.050600,69626,33.673700,0x098b50423eb1b80e5a7fb520438bb4f17cbf6c9b9e6ebef7938342aa2df694fe,0x303a402911f18f755f5c1a87ec99a33b77d1c2577916758ef573ab2194af50d9
onchain,500,390,1979758,4554511,459000,532214,630.065600,582591,618.527100,615583,605.314500,69614,35.359400,0x098b50423eb1b80e5a7fb520438bb4f17cbf6c9b9e6ebef7938342aa2df694fe,0x263992a8e602149f3b6505ad16e7f04e696f8125783000c71d2ecc897e2a52b7
onchain,500,391,1979758,4554511,459000,532322,588.858100,582711,642.667700,615703,627.200200,69626,58.058300,0x098b50423eb1b80e5a7fb520438bb4f17cbf6c9b9e6ebef7938342aa2df694fe,0x2db9482626db14404a768c8465161d5833bab0bdd0cee894e56dce89b9eb09fd
onchain,500,392,1979758,4554511,459000,532346,621.997100,582735,611.368300,615727,733.851000,69626,25.999800,0x098b50423eb1b80e5a7fb520438bb4f17cbf6c9b9e6ebef7938342aa2df694fe,0x172df5a3f063b8f4f9c1d0f322ca54fa2d5f74aaf6562a8806fdfe2ca2e0483e
onchain,500,393,1979758,4554511,459000,532334,665.705700,582723,689.661400,615715,631.581900,69626,40.249700,0x098b50423eb1b80e5a7fb520438bb4f17cbf6c9b9e6ebef7938342aa2df694fe,0x12c6243e284afc10fb4414ac11753f093a708b67c527cf722831b3a7a593cb08
onchain,500,394,1979758,4554511,459000,532178,668.573700,582567,675.165300,615559,747.062400,69626,30.728900,0x098b50423eb1b80e5a7fb520438bb4f17cbf6c9b9e6ebef7938342aa2df694fe,0x12096b14d65088c6387377b9d89127c1ce5a0b1f72408edea1b850e9e359aa9e
onchain,500,395,1979758,4554511,459000,532322,559.936300,582711,612.223700,615703,676.709400,69626,34.520300,0x098b50423eb1b80e5a7fb520438bb4f17cbf6c9b9e6ebef7938342aa2df694fe,0x18b1832ec6179c73f03c78110ac55f45acae9d0d5117cf6c03da7814f79e5d8f
onchain,500,396,1979758,4554511,459000,532226,650.491300,582615,601.289800,615607,728.877800,69626,28.731200,0x098b50423eb1b80e5a7fb520438bb4f17cbf6c9b9e6ebef7938342aa2df694fe,0x113de8491220bb5eb508d65cc8ee0e1ceb7a712b1a9b95fc93acd8856ecb28f5
onchain,500,397,1979758,4554511,459000,532274,610.483800,582663,644.942500,615655,728.687100,69626,22.752500,0x098b50423eb1b80e5a7fb520438bb4f17cbf6c9b9e6ebef7938342aa2df694fe,0x27a010cf4e19c4a88e2edb7f04ac75b764b8e24719dc82dbbd0c0f7c8934be1e
onchain,500,398,1979758,4554511,459000,532334,613.443600,582723,615.891800,615715,596.838200,69626,50.771800,0x098b50423eb1b80e5a7fb520438bb4f17cbf6c9b9e6ebef7938342aa2df694fe,0x0b023dd915cb016b7238b5bdd3190fe98abd3504c6dbfba463d90bb38ff29ad2
onchain,500,399,1979758,4554511,459000,532226,613.913900,582615,720.521400,615607,684.446700,69626,27.469500,0x098b50423eb1b80e5a7fb520438bb4f17cbf6c9b9e6ebef7938342aa2df694fe,0x1a7e6c56f626be3e54886b792935dd23863f6915b323aa78148b70ab13ec5273
onchain,500,400,1979758,4554511,459000,532370,665.273400,582759,757.684600,615751,685.360300,69626,17.912100,0x098b50423eb1b80e5a7fb520438bb4f17cbf6c9b9e6ebef7938342aa2df694fe,0x2a2bffaf3fae1687545dfd12db373e7029a50e1e72ae6a4acfcbd733129c205d
onchain,500,401,1979758,4554511,459000,532370,581.271600,582759,660.385600,615751,578.037700,69626,24.763800,0x098b50423eb1b80e5a7fb520438bb4f17cbf6c9b9e6ebef7938342aa2df694fe,0x2cc4cf0733e1349358e8a570eac07ff818161987e3a18bfde63a9f0b95deca6d
onchain,500,402,1979758,4554511,459000,532358,607.996600,582747,635.284500,615739,605.318600,69626,24.246700,0x098b50423eb1b80e5a7fb520438bb4f17cbf6c9b9e6ebef7938342aa2df694fe,0x1b8c0ebcb5cf1b7c144731c42fbfeebd4519c91bbe045821496f2975128cd66c
onchain,500,403,1979758,4554511,459000,532334,683.124900,582723,644.584600,615715,674.016400,69626,27.555300,0x098b50423eb1b80e5a7fb520438bb4f17cbf6c9b9e6ebef7938342aa2df694fe,0x2db8f99903aebf090472808a8ea677cc1579e7aa758397d7fd28dd09d7b51280
onchain,500,404,1979758,4554511,459000,532238,577.407400,582627,575.947000,615619,682.843200,69626,31.468200,0x098b50423eb1b80e5a7fb520438bb4f17cbf6c9b9e6ebef7938342aa2df694fe,0x0bf0ebb05a15be9b640ea65b8d18d6832cad86267bf6cb999ad43d7d749ad1be
onchain,500,405,1979758,4554511,459000,532310,575.788100,582699,610.029500,615691,806.404900,69626,30.515400,0x098b50423eb1b80e5a7fb520438bb4f17cbf6c9b9e6ebef7938342aa2df694fe,0x1b988085e3126ddfb6a991df1c0f573fa0e6f9965ef6b3f10de414b3fdd35013
onchain,500,406,1979758,4554511,459000,532262,580.855400,582651,891.389300,615643,750.907400,69626,31.733400,0x098b50423eb1b80e5a7fb520438bb4f17cbf6c9b9e6ebef7938342aa2df694fe,0x154bfdb6e90d7431315c386cc66abcbf3958bded588b405520a34f7d4f56e666
onchain,500,407,1979758,4554511,459000,532250,950.542800,582639,1020.573900,615631,1007.907700,69626,31.348600,0x098b50423eb1b80e5a7fb520438bb4f17cbf6c9b9e6ebef7938342aa2df694fe,0x09dcc218c82397618550beef8f8255788a9ec1329b4e16b1effb79dd16db6db8
onchain,500,408,1979758,4554511,459000,532298,985.297800,582687,627.912000,615679,722.388300,69626,32.449100,0x098b50423eb1b80e5a7fb520438bb4f17cbf6c9b9e6ebef7938342aa2df694fe,0x03e0e67240dac313442539b1a1241dc6465eb385b752bbfd21607f280e9ed7a8
onchain,500,409,1979758,4554511,459000,532334,607.998600,582723,610.614400,615715,624.228600,69626,27.861100,0x098b50423eb1b80e5a7fb520438bb4f17cbf6c9b9e6ebef7938342aa2df694fe,0x3007bee886bfacd3ffad885814b8c4e8cceb990aa13437fa53e86c1dcd321aac
onchain,500,410,1979758,4554511,459000,532310,657.123300,582699,626.879700,615691,712.729800,69626,21.278000,0x098b50423eb1b80e5a7fb520438bb4f17cbf6c9b9e6ebef7938342aa2df694fe,0x181a21556d142138a10d0d14eb5e6c5d16df78825c4945a3d09ac9823e327b17
onchain,500,411,1979758,4554511,459000,532286,632.343700,582675,632.465600,615667,691.320400,69626,31.241300,0x098b50423eb1b80e5a7fb520438bb4f17cbf6c9b9e6ebef7938342aa2df694fe,0x2835faa28d27666daad62898414f35b70a6f1b36e83f6903b595b0b699a120e0
onchain,500,412,1979758,4554511,459000,532286,755.753900,582675,636.567900,615667,643.969600,69626,19.259900,0x098b50423eb1b80e5a7fb520438bb4f17cbf6c9b9e6ebef7938342aa2df694fe,0x06016b8fc0cfb43fe47861f337a516e5702b812d6b62d60cb94bca0b4d6acd7c
onchain,500,413,1979758,4554511,459000,532250,555.023000,582639,620.982000,615631,646.212000,69626,43.565000,0x098b50423eb1b80e5a7fb520438bb4f17cbf6c9b9e6ebef7938342aa2df694fe,0x1bed17d5deba5bed8ba9eed3242058dba5d4c9596776efeb51be6779ca0306a3
onchain,500,414,1979758,4554511,459000,532286,582.799300,582675,610.083100,615667,704.325100,69626,31.304400,0x098b50423eb1b80e5a7fb520438bb4f17cbf6c9b9e6ebef7938342aa2df694fe,0x016ddbf0460e9b0e15e4f146a5a20f1fdcdc6a8561610466846c78fbc49a3d7c
onchain,500,415,1979758,4554511,459000,532274,592.846700,582663,746.598300,615655,701.716500,69626,71.515500,0x098b50423eb1b80e5a7fb520438bb4f17cbf6c9b9e6ebef7938342aa2df694fe,0x0e0771a1c3bbd684257a57be0b21e69a6727489b4ddc066d53818988c039b7c6
onchain,500,416,1979758,4554511,459000,532226,656.562900,582615,608.421800,615607,678.699300,69626,22.390000,0x098b50423eb1b80e5a7fb520438bb4f17cbf6c9b9e6ebef7938342aa2df694fe,0x2830fdb34c979454f9f3421f8b0574c294c79daee7ad2bc1b5dc97a95a4f9d54
onchain,500,417,1979758,4554511,459000,532370,694.200300,582759,671.048600,615751,705.238100,69626,23.993900,0x098b50423eb1b80e5a7fb520438bb4f17cbf6c9b9e6ebef7938342aa2df694fe,0x13a0fb9058def92f47de48cf7aa57b8540d590214e9ee3ef4a3b4e6b1fd39fc7
onchain,500,418,1979758,4554511,459000,532166,618.274600,582555,650.642400,615547,676.879000,69626,22.963200,0x098b50423eb1b80e5a7fb520438bb4f17cbf6c9b9e6ebef7938342aa2df694fe,0x0326508a2e8766b39956ca4bcb280f99a691a9091e7328ef63d81a41a3b488f5
onchain,500,419,1979758,4554511,459000,532238,651.212900,582627,587.364100,615619,691.065300,69626,30.423800,0x098b50423eb1b80e5a7fb520438bb4f17cbf6c9b9e6ebef7938342aa2df694fe,0x1aad75cc6b55ef5aefca1139b211062bbb6f98191567e7e2c53e14c4ed4d2510
onchain,500,420,1979758,4554511,459000,532250,575.084400,582639,656.278200,615631,660.585000,69626,44.692600,0x098b50423eb1b80e5a7fb520438bb4f17cbf6c9b9e6ebef7938342aa2df694fe,0x0762cba02d6c2fd227c1121dbbb65b1dddcd594906111c19dcb75308284fab1e
onchain,500,421,1979758,4554511,459000,532370,597.143600,582759,632.519500,615751,683.392600,69626,24.716600,0x098b50423eb1b80e5a7fb520438bb4f17cbf6c9b9e6ebef7938342aa2df694fe,0x2867d18a8d13dcdcf2a610885da6d6baf390d38a0ba79aa67af91dedf2e4134f
onchain,500,422,1979758,4554511,459000,532358,615.547800,582747,696.631300,615739,757.312800,69626,28.213800,0x098b50423eb1b80e5a7fb520438bb4f17cbf6c9b9e6ebef7938342aa2df694fe,0x10c107c9cda92ec6cf3e9fe22cbf7cda99fe04bfb69b44457736f08daf94178b
onchain,500,423,1979758,4554511,459000,532238,660.147400,582627,648.827400,615619,597.693300,69626,37.184200,0x098b50423eb1b80e5a7fb520438bb4f17cbf6c9b9e6ebef7938342aa2df694fe,0x2581e5575f4204b4a6f3b0e08c12245c083765c1a07f32b13a96895ca1ba1425
onchain,500,424,1979758,4554511,459000,532310,714.304600,582699,637.986600,615691,676.736500,69626,35.365900,0x098b50423eb1b80e5a7fb520438bb4f17cbf6c9b9e6ebef7938342aa2df694fe,0x277aac34d6c47e54cdbb5d62cfd244cec5298c9c26f6aa993fb0e26cf2f1082f
onchain,500,425,1979758,4554511,459000,532250,598.853300,582639,688.184700,615631,816.728500,69626,29.715300,0x098b50423eb1b80e5a7fb520438bb4f17cbf6c9b9e6ebef7938342aa2df694fe,0x03ea32e3c967ab912ee0c86ac10303a8203c3057bba343c213f706eb718cec52
onchain,500,426,1979758,4554511,459000,532262,566.284700,582651,670.657600,615643,651.741400,69626,27.022200,0x098b50423eb1b80e5a7fb520438bb4f17cbf6c9b9e6ebef7938342aa2df694fe,0x3003b73a88a8569a4f81d8beb7f720188535c7718ead6ae84dbe3c272f4f5f3b
onchain,500,427,1979758,4554511,459000,532310,719.949800,582699,702.281000,615691,651.842300,69626,31.787300,0x098b50423eb1b80e5a7fb520438bb4f17cbf6c9b9e6ebef7938342aa2df694fe,0x0a05cfe41f28c738b7d5d7716c8320b06aa79e0e6625c4f3558a58dc9b7fef42
onchain,500,428,1979758,4554511,459000,532214,572.414900,582591,663.080100,615583,619.509100,69614,31.867700,0x098b50423eb1b80e5a7fb520438bb4f17cbf6c9b9e6ebef7938342aa2df694fe,0x2500607ce618ef9bd30f4bc46ee16168b678de82a12629390aecc174960b46cd
onchain,500,429,1979758,4554511,459000,532310,613.321800,582699,788.936600,615691,686.316400,69626,38.182800,0x098b50423eb1b80e5a7fb520438bb4f17cbf6c9b9e6ebef7938342aa2df694fe,0x01c24f87ee6d59ee391a1593ecbeb6d1fa9963826beeb11f5caf468141128f09
onchain,500,430,1979758,4554511,459000,532394,903.901800,582783,868.894200,615775,1071.332200,69626,27.251400,0x098b50423eb1b80e5a7fb520438bb4f17cbf6c9b9e6ebef7938342aa2df694fe,0x2082108df1e5d8328a3a52f2af197ec79b7856c8bc9c44ccf2d1d5951679a4c0
onchain,500,431,1979758,4554511,459000,532334,1167.540100,582723,582.551800,615715,732.435400,69626,37.333500,0x098b50423eb1b80e5a7fb520438bb4f17cbf6c9b9e6ebef7938342aa2df694fe,0x0999ffaafc0622752b26e0380a201e79e330224adc28c45d809d6203c7183765
onchain,500,432,1979758,4554511,459000,532310,592.480400,582687,783.590700,615679,769.453700,69626,26.615400,0x098b50423eb1b80e5a7fb520438bb4f17cbf6c9b9e6ebef7938342aa2df694fe,0x0256f5aa2a81c65d55d7ac3351c57b3fc477bd1a5d4650020d8ac1c2cb98c320
onchain,500,433,1979758,4554511,459000,532346,594.040700,582735,608.246600,615727,681.952600,69626,37.367100,0x098b50423eb1b80e5a7fb520438bb4f17cbf6c9b9e6ebef7938342aa2df694fe,0x037bc2c964784fc7e3cd2de16c3218014bc8ac4ab259c3fc47df759225c0c432
onchain,500,434,1979758,4554511,459000,532274,613.405300,582651,616.920700,615643,784.704400,69614,32.868700,0x098b50423eb1b80e5a7fb520438bb4f17cbf6c9b9e6ebef7938342aa2df694fe,0x173dc3dc4e6fcdf0ebba3fd2fe4632fb42c0ceb9e4cc5e9b374dc60deb000b3f
onchain,500,435,1979758,4554511,459000,532202,589.212400,582591,663.586600,615583,727.769000,69626,41.229800,0x098b50423eb1b80e5a7fb520438bb4f17cbf6c9b9e6ebef7938342aa2df694fe,0x1209c0c6094437ccf08802ad2ccd707c6033334ef0aac113035d1ba5c5d53302
onchain,500,436,1979758,4554511,459000,532322,632.049100,582711,632.797500,615703,682.693200,69626,29.763700,0x098b50423eb1b80e5a7fb520438bb4f17cbf6c9b9e6ebef7938342aa2df694fe,0x11a1aa45758004aee4e35df3345be3240a16450e6c518e436a9fef029035717a
onchain,500,437,1979758,4554511,459000,532310,621.360600,582687,640.981000,615679,741.358800,69614,38.914400,0x098b50423eb1b80e5a7fb520438bb4f17cbf6c9b9e6ebef7938342aa2df694fe,0x04476444e54b8d9345af11b280f951950dec019f5f9ed96cd666000cb6f8c8a4
onchain,500,438,1979758,4554511,459000,532310,679.582400,582699,721.311300,615691,677.068600,69626,44.339600,0x098b50423eb1b80e5a7fb520438bb4f17cbf6c9b9e6ebef7938342aa2df694fe,0x2806a21730d85cb406c3a0c7893edf53a23bb94164481acaec92dfaacc498c43
onchain,500,439,1979758,4554511,459000,532334,769.972200,582723,973.008800,615715,779.824400,69626,24.510900,0x098b50423eb1b80e5a7fb520438bb4f17cbf6c9b9e6ebef7938342aa2df694fe,0x214b13489d4f64f42e4f378022beeb428cee36c93df8f8e97b38d25222015f0e
onchain,500,440,1979758,4554511,459000,532274,804.533100,582651,928.501000,615643,1221.400400,69626,34.080200,0x098b50423eb1b80e5a7fb520438bb4f17cbf6c9b9e6ebef7938342aa2df694fe,0x066f9d468513da57c066c36e999991151e9f59de613bf62318b16f8c0dc85b20
onchain,500,441,1979758,4554511,459000,532202,1035.592200,582591,637.107000,615583,697.014500,69626,24.201700,0x098b50423eb1b80e5a7fb520438bb4f17cbf6c9b9e6ebef7938342aa2df694fe,0x2685af6105268b603a453ab4de1bcdd24c4090058d83280b15b70eb1e3493b77
onchain,500,442,1979758,4554511,459000,532322,648.208900,582711,558.567200,615703,752.545700,69626,38.977000,0x098b50423eb1b80e5a7fb520438bb4f17cbf6c9b9e6ebef7938342aa2df694fe,0x1c157e5b315f744377d41988cc71c4e64d2bb77893f27acd05aad8664ce59a79
onchain,500,443,1979758,4554511,459000,532286,716.591800,582675,807.594900,615667,648.904900,69626,24.408400,0x098b50423eb1b80e5a7fb520438bb4f17cbf6c9b9e6ebef7938342aa2df694fe,0x2267434a9eb55f81aff6acbc29f609c4a6cd46d4f19e735c0845e1e54dc511cf
onchain,500,444,1979758,4554511,459000,532286,894.122300,582675,580.717300,615667,784.323100,69626,28.302000,0x098b50423eb1b80e5a7fb520438bb4f17cbf6c9b9e6ebef7938342aa2df694fe,0x2427edd792ee64541c9bb6a75a9554187a8b10a7730ae17241a149dd8197cb5c
onchain,500,445,1979758,4554511,459000,532214,560.667500,582603,707.627400,615595,686.389000,69626,30.259400,0x098b50423eb1b80e5a7fb520438bb4f17cbf6c9b9e6ebef7938342aa2df694fe,0x0cf8a1ade649c5cea439e53e3be597c4c53290bf1c8b7f8bcb41a7ef7dea770e
onchain,500,446,1979758,4554511,459000,532262,570.468900,582639,594.274700,615631,735.710300,69614,23.975500,0x098b50423eb1b80e5a7fb520438bb4f17cbf6c9b9e6ebef7938342aa2df694fe,0x129883fbbf2647002f7deacb824779cb974c9eee7bbb30bf1261998df957b8dc
onchain,500,447,1979758,4554511,459000,532274,586.503200,582663,586.738100,615655,805.504900,69626,28.292200,0x098b50423eb1b80e5a7fb520438bb4f17cbf6c9b9e6ebef7938342aa2df694fe,0x0594521bbee73c066f93948e2ff7a51262787f7f3a8f16471f68ddf2a657e869
onchain,500,448,1979758,4554511,459000,532262,590.383000,582651,731.670400,615643,725.370300,69626,26.385000,0x098b50423eb1b80e5a7fb520438bb4f17cbf6c9b9e6ebef7938342aa2df694fe,0x13f17dda8cb57596d85fb2110de78808017c61bc82d7b7330c51357cf8ab248e
onchain,500,449,1979758,4554511,459000,532382,631.615600,582771,972.156200,615763,656.379000,69626,67.084100,0x098b50423eb1b80e5a7fb520438bb4f17cbf6c9b9e6ebef7938342aa2df694fe,0x12c9ec6c712307c39974e8ea98426582b0f316e90a50231bc1a00186bd92507e
onchain,500,450,1979758,4554511,459000,532166,649.381700,582555,726.801500,615547,636.050600,69626,32.487900,0x098b50423eb1b80e5a7fb520438bb4f17cbf6c9b9e6ebef7938342aa2df694fe,0x148354c630b4862274a3c4f9627e46281b10d5ce88bc6a9f22459d0f2e6ba9a8
onchain,500,451,1979758,4554511,459000,532250,573.790700,582639,644.982100,615631,650.836300,69626,35.515600,0x098b50423eb1b80e5a7fb520438bb4f17cbf6c9b9e6ebef7938342aa2df694fe,0x20281760db9fef7baf5df36729d8e86b1f03d2bfeeadec7e293627fe630e7d86
onchain,500,452,1979758,4554511,459000,532406,543.722400,582795,618.741700,615787,809.228100,69626,33.089000,0x098b50423eb1b80e5a7fb520438bb4f17cbf6c9b9e6ebef7938342aa2df694fe,0x1f5d68be2c50d3e703fb116f57bfc854bce65788b7ade4c79548c288f898484f
onchain,500,453,1979758,4554511,459000,532274,624.352200,582663,695.952900,615655,673.169400,69626,22.541700,0x098b50423eb1b80e5a7fb520438bb4f17cbf6c9b9e6ebef7938342aa2df694fe,0x2202cbc3666b0757b2bc1092b87ec06aaa632d9b644694c824a1a9f1402fb796
onchain,500,454,1979758,4554511,459000,532142,623.118300,582531,644.796500,615523,749.627900,69626,35.008800,0x098b50423eb1b80e5a7fb520438bb4f17cbf6c9b9e6ebef7938342aa2df694fe,0x27c2dffe7874cdda7cce3b6fb243cb2ca8974f0861a27c2419bf621ed6556606
onchain,500,455,1979758,4554511,459000,532250,668.452000,582627,788.153800,615619,653.552200,69626,24.223500,0x098b50423eb1b80e5a7fb520438bb4f17cbf6c9b9e6ebef7938342aa2df694fe,0x12a504725a3c750c382de4b79051869e38d03e6aa42f4505f940340f4885b7c2
onchain,500,456,1979758,4554511,459000,532370,607.225800,582759,629.904700,615751,586.627100,69626,26.052600,0x098b50423eb1b80e5a7fb520438bb4f17cbf6c9b9e6ebef7938342aa2df694fe,0x2e78ab53da0c12b723f36c4ae0ce7f5b0621afa5eb0811cd6a96df8698650698
onchain,500,457,1979758,4554511,459000,532226,616.649700,582615,739.324100,615607,764.695500,69626,36.243000,0x098b50423eb1b80e5a7fb520438bb4f17cbf6c9b9e6ebef7938342aa2df694fe,0x2fbda956e787d64ca8b6341cc1314e56b201281444c7bf34030a23838bc743ce
onchain,500,458,1979758,4554511,459000,532238,718.204500,582615,1183.046100,615607,1177.717200,69626,44.078200,0x098b50423eb1b80e5a7fb520438bb4f17cbf6c9b9e6ebef7938342aa2df694fe,0x119e6e31b73d1a8836957b9bbf042afcbffe0c2a4f27f87c8be3bdf7f9a74b1f
onchain,500,459,1979758,4554511,459000,532310,1002.125200,582699,614.328700,615691,761.169100,69626,38.463300,0x098b50423eb1b80e5a7fb520438bb4f17cbf6c9b9e6ebef7938342aa2df694fe,0x121504fcf4f883891e0fc21eb1da196a5cc2f172e30aef5860b68086905e0aec
onchain,500,460,1979758,4554511,459000,532382,671.868200,582771,608.222600,615763,681.578500,69626,46.260100,0x098b50423eb1b80e5a7fb520438bb4f17cbf6c9b9e6ebef7938342aa2df694fe,0x1c2d5c6cf07f2dbdd8f604df0337912e297989a309cd33d6dc1239fe147ab4b6
onchain,500,461,1979758,4554511,459000,532322,556.292700,582699,679.008600,615691,839.816400,69614,30.921100,0x098b50423eb1b80e5a7fb520438bb4f17cbf6c9b9e6ebef7938342aa2df694fe,0x0704c0ac4a16b2c09e01e830dfc5b10d7c1b093c7c242fa8c85a1d6afc5b0059
onchain,500,462,1979758,4554511,459000,532250,639.116900,582639,682.419200,615631,643.246200,69626,21.501200,0x098b50423eb1b80e5a7fb520438bb4f17cbf6c9b9e6ebef7938342aa2df694fe,0x26a19ddc2ed55c40fb8bbb487a5e35e680624c166c65eb1a17b4c49f7b963cf4
onchain,500,463,1979758,4554511,459000,532214,595.110400,582603,661.069200,615595,634.459300,69626,31.748300,0x098b50423eb1b80e5a7fb520438bb4f17cbf6c9b9e6ebef7938342aa2df694fe,0x25ef2285374d0d2fb8f352c90602ea21678ab56bfa198771d120d845fd403499
onchain,500,464,1979758,4554511,459000,532298,597.888900,582687,598.756300,615679,762.830800,69626,19.478600,0x098b50423eb1b80e5a7fb520438bb4f17cbf6c9b9e6ebef7938342aa2df694fe,0x2deef529266e39c647c7f8aa57f1736e372c78d3a0c62c5890613454a7c5fba8
onchain,500,465,1979758,4554511,459000,532214,579.645400,582603,631.776000,615595,701.029000,69626,35.197100,0x098b50423eb1b80e5a7fb520438bb4f17cbf6c9b9e6ebef7938342aa2df694fe,0x17e4d436a99114d9778510c1ad0db88c4c9e6d9ff265191a17aec8c9bdc35b0d
onchain,500,466,1979758,4554511,459000,532262,622.695200,582651,733.213700,615643,763.348200,69626,20.589400,0x098b50423eb1b80e5a7fb520438bb4f17cbf6c9b9e6ebef7938342aa2df694fe,0x194895cb66b9d54f2220b208f6d8dfdc02547c4c64f4b73bd9fbf42e3df5bce9
onchain,500,467,1979758,4554511,459000,532202,669.718800,582591,674.542200,615583,637.922300,69626,28.687400,0x098b50423eb1b80e5a7fb520438bb4f17cbf6c9b9e6ebef7938342aa2df694fe,0x17b9faa51b28b1bf98a3d3650f88426d3ec0f81fc68691e2978f685c54039bdf
onchain,500,468,1979758,4554511,459000,532310,583.305600,582699,565.590000,615691,671.057700,69626,32.917400,0x098b50423eb1b80e5a7fb520438bb4f17cbf6c9b9e6ebef7938342aa2df694fe,0x03557e9b7fef581c5a714eec6689e6db4162f91f8d460ae5dcca16d3b3f9e352
onchain,500,469,1979758,4554511,459000,532262,642.701800,582639,616.689300,615631,751.913800,69614,29.513800,0x098b50423eb1b80e5a7fb520438bb4f17cbf6c9b9e6ebef7938342aa2df694fe,0x2c3214b8c0e8434fb6524fb4ff11e4e800a00966657e18a5d88267ae5f781abf
onchain,500,470,1979758,4554511,459000,532250,543.423700,582639,787.847300,615631,651.479600,69626,25.552700,0x098b50423eb1b80e5a7fb520438bb4f17cbf6c9b9e6ebef7938342aa2df694fe,0x0642a894943cd70151604e637ce6b256aef63733dc5c514325eabd85b7873425
onchain,500,471,1979758,4554511,459000,532382,724.168000,582771,566.614200,615763,697.298200,69626,24.413600,0x098b50423eb1b80e5a7fb520438bb4f17cbf6c9b9e6ebef7938342aa2df694fe,0x18552a6e21eecc017d45a61ec84e6f6dafafd85e5f3a8a1b69f6d52891467353
onchain,500,472,1979758,4554511,459000,532322,644.512400,582699,667.768000,615691,627.641400,69614,23.271800,0x098b50423eb1b80e5a7fb520438bb4f17cbf6c9b9e6ebef7938342aa2df694fe,0x09d6031cbe83e6b6daf712c57cef8f8a00092aaa20ee245268c6261746fb3e6d
onchain,500,473,1979758,4554511,459000,532298,608.860700,582687,654.956500,615679,604.497200,69626,26.575200,0x098b50423eb1b80e5a7fb520438bb4f17cbf6c9b9e6ebef7938342aa2df694fe,0x1d2e7002b581918e7f17fd4c88eaa1e2816dd4fceb92b04c7f1dee4714df076c
onchain,500,474,1979758,4554511,459000,532310,552.287400,582699,602.715300,615691,658.323800,69626,23.409900,0x098b50423eb1b80e5a7fb520438bb4f17cbf6c9b9e6ebef7938342aa2df694fe,0x106c70cbd048ff8d859a8c2a2ac67e23ea74f80b5e9723d541592f72a9be6164
onchain,500,475,1979758,4554511,459000,532286,764.649700,582675,609.882600,615667,768.883500,69626,33.446500,0x098b50423eb1b80e5a7fb520438bb4f17cbf6c9b9e6ebef7938342aa2df694fe,0x18f841147423b43a4e24f734b60a18649d2e49861e1471f1293b599ddadb5b4f
onchain,500,476,1979758,4554511,459000,532286,603.383600,582675,614.955700,615667,640.441000,69626,30.308300,0x098b50423eb1b80e5a7fb520438bb4f17cbf6c9b9e6ebef7938342aa2df694fe,0x181f47596bdada82053dbd519feadb3e1decced847c3ebee5da8062170b7a1fd
onchain,500,477,1979758,4554511,459000,532238,569.479300,582627,629.225300,615619,705.736700,69626,31.410200,0x098b50423eb1b80e5a7fb520438bb4f17cbf6c9b9e6ebef7938342aa2df694fe,0x19d72b93da5f25751ed0e6f5181858631c5863ceb85e9b062ae3f523c50c3823
onchain,500,478,1979758,4554511,459000,532322,688.748000,582711,591.623300,615703,738.685600,69626,25.994500,0x098b50423eb1b80e5a7fb520438bb4f17cbf6c9b9e6ebef7938342aa2df694fe,0x08b9371a31a7f0b2166783304eb3dda67b5455dab4f641d34af9e809ae17f981
onchain,500,479,1979758,4554511,459000,532298,591.615500,582687,679.592400,615679,704.867200,69626,20.968800,0x098b50423eb1b80e5a7fb520438bb4f17cbf6c9b9e6ebef7938342aa2df694fe,0x10acd05e15df221672ec5e25ee7ec5383df40f6a96e4be200f349008ee830ed2
onchain,500,480,1979758,4554511,459000,532298,602.117000,582675,708.572000,615667,704.807500,69626,29.103200,0x098b50423eb1b80e5a7fb520438bb4f17cbf6c9b9e6ebef7938342aa2df694fe,0x3012161f3b161556cf3aa88c4d04f0e9cec22c97b7b8e848d5c7178f3e9b74fd
onchain,500,481,1979758,4554511,459000,532334,612.573800,582723,1256.087100,615715,1257.425300,69626,32.527800,0x098b50423eb1b80e5a7fb520438bb4f17cbf6c9b9e6ebef7938342aa2df694fe,0x21472178fbf204e629d62a47c15eef10a81ccebaf9f644bd9e4e46c54d340a59
onchain,500,482,1979758,4554511,459000,532310,1006.547900,582687,667.374600,615679,713.128400,69614,28.619400,0x098b50423eb1b80e5a7fb520438bb4f17cbf6c9b9e6ebef7938342aa2df694fe,0x1cc81977f75add8f0fa8ffdf8e8d9dd6dc1ad4006181c677d57a5e41157e77c1
onchain,500,483,1979758,4554511,459000,532286,604.782500,582663,616.167500,615655,626.412200,69614,31.310400,0x098b50423eb1b80e5a7fb520438bb4f17cbf6c9b9e6ebef7938342aa2df694fe,0x133f3b027ddf242d1e004142a313c84f951891b964cda34421c8e2199d1420c0
onchain,500,484,1979758,4554511,459000,532310,716.962700,582699,680.047200,615691,703.731100,69626,25.444700,0x098b50423eb1b80e5a7fb520438bb4f17cbf6c9b9e6ebef7938342aa2df694fe,0x03c9185fd1372f0e37b4bf9a3f3dd2063edca06487f626d6d85fd838ad3008ca
onchain,500,485,1979758,4554511,459000,532346,564.595300,582735,580.727700,615727,682.266200,69626,33.035500,0x098b50423eb1b80e5a7fb520438bb4f17cbf6c9b9e6ebef7938342aa2df694fe,0x25e0e7e38fef95e132acd28d6c482e384298692bcd6d0473d4a5e7270f432fb0
onchain,500,486,1979758,4554511,459000,532238,638.101700,582627,813.213400,615619,604.162600,69626,28.986500,0x098b50423eb1b80e5a7fb520438bb4f17cbf6c9b9e6ebef7938342aa2df694fe,0x227d5c1302a98c79262e6fe667330fa86813e3133cf5286aa5d1aa56b4d297e4
onchain,500,487,1979758,4554511,459000,532310,664.015300,582687,688.590900,615679,584.543800,69614,24.024800,0x098b50423eb1b80e5a7fb520438bb4f17cbf6c9b9e6ebef7938342aa2df694fe,0x1c00aecebc0b69341373f2e0bb29a3c24aac853fd64da87b62c5b316aeca1219
onchain,500,488,1979758,4554511,459000,532274,590.847300,582663,719.585400,615655,670.678400,69626,33.946100,0x098b50423eb1b80e5a7fb520438bb4f17cbf6c9b9e6ebef7938342aa2df694fe,0x084e8cd0f0efa2d0483d3d7c58e49fc749ef77ebb1737fe33318558c56cf3427
onchain,500,489,1979758,4554511,459000,532250,633.898300,582639,670.502800,615631,669.142700,69626,24.281900,0x098b50423eb1b80e5a7fb520438bb4f17cbf6c9b9e6ebef7938342aa2df694fe,0x0a043a7874d62ba138be2dc0842dd24ce6d289652d427bfd6f79e7c48c37b4f7
onchain,500,490,1979758,4554511,459000,532286,592.890000,582663,688.991300,615655,654.724200,69626,22.927800,0x098b50423eb1b80e5a7fb520438bb4f17cbf6c9b9e6ebef7938342aa2df694fe,0x1a89f23a47b3613d76999e01716fb21161a281ba453f95be5b6ec1a4cd2760ff
onchain,500,491,1979758,4554511,459000,532322,610.067700,582711,666.359000,615703,715.569900,69626,44.816300,0x098b50423eb1b80e5a7fb520438bb4f17cbf6c9b9e6ebef7938342aa2df694fe,0x300e9a493810956b752cdc311daa8c6888ed4496181d73e24231623198cff11e
onchain,500,492,1979758,4554511,459000,532382,663.603200,582771,649.994300,615763,777.804900,69626,32.852800,0x098b50423eb1b80e5a7fb520438bb4f17cbf6c9b9e6ebef7938342aa2df694fe,0x2e66af613bd0b308ea76ce8156c11daa75c95d3f8e0ca9d7b293c31c96014b21
onchain,500,493,1979758,4554511,459000,532226,666.972400,582615,721.563800,615607,790.939000,69626,25.611500,0x098b50423eb1b80e5a7fb520438bb4f17cbf6c9b9e6ebef7938342aa2df694fe,0x02dc77fb04fd69f7fab1957d3aba82ed08d25eac854c3dde2a9cade544679e2b
onchain,500,494,1979758,4554511,459000,532262,566.209100,582639,875.514000,615631,1025.825500,69614,56.611400,0x098b50423eb1b80e5a7fb520438bb4f17cbf6c9b9e6ebef7938342aa2df694fe,0x228653279e7e7b00992306c5edc1435c1091f5e23990f9d8e3779fd1aa32a8de
onchain,500,495,1979758,4554511,459000,532250,778.878000,582639,711.730700,615631,792.161700,69626,33.211200,0x098b50423eb1b80e5a7fb520438bb4f17cbf6c9b9e6ebef7938342aa2df694fe,0x230a0a415e1e60f6e218a20cd575f16422d11c814813bb0c4546415a14659006
onchain,500,496,1979758,4554511,459000,532346,657.171800,582735,912.489900,615727,751.334800,69626,27.080600,0x098b50423eb1b80e5a7fb520438bb4f17cbf6c9b9e6ebef7938342aa2df694fe,0x0975721ab977e0a4a2d19fc776c1a4212a6d048f5a988aa06d9d108845b40913
onchain,500,497,1979758,4554511,459000,532250,659.501500,582639,757.063900,615631,813.037700,69626,31.575200,0x098b50423eb1b80e5a7fb520438bb4f17cbf6c9b9e6ebef7938342aa2df694fe,0x1277fe6d922e86999f40ca4cb0a82e4bbb03db29f014e42a63da54bd386146f0
onchain,500,498,1979758,4554511,459000,532190,733.646700,582567,748.754300,615559,781.336000,69614,30.210600,0x098b50423eb1b80e5a7fb520438bb4f17cbf6c9b9e6ebef7938342aa2df694fe,0x0113f1fb5a35006448b95b51265b86f399805050c99ce68c7e92a1106394a4ee
onchain,500,499,1979758,4554511,459000,532238,765.549800,582627,615.717400,615619,761.463500,69626,40.891500,0x098b50423eb1b80e5a7fb520438bb4f17cbf6c9b9e6ebef7938342aa2df694fe,0x0c0e1ce676ffd8704c6db547c1f554636c17d9d3da8dfce0b63543dfae4b1d6c
