thi_nghiem,run_id,iteration,warmup,d,k,mechanism,n,student_index,deploy_pool_gas,deploy_verifier_gas,update_root_gas,verify_gas,verify_onchain_ms,withdraw_gas,withdraw_ms,root,nullifier
theo_n,5,1,true,9,9,offchain,500,0,968565,,459074,,,64655,33.550500,0x2fe6349b77f8b704a4b6fda6a67fa440bb1a7ac8a5722ef77d23ee9340b379ca,0x31cce6578fc40150881c61af3263887000159f168b78eb0c1c67322a114def10
theo_n,5,2,true,9,9,offchain,500,1,968565,,459074,,,64643,47.114900,0x2fe6349b77f8b704a4b6fda6a67fa440bb1a7ac8a5722ef77d23ee9340b379ca,0x06b149a846c21e833d5cd6933d03540005608217faf9b22fe873f8c17f865e8c
theo_n,5,3,true,9,9,offchain,500,2,968565,,459074,,,64667,48.806400,0x2fe6349b77f8b704a4b6fda6a67fa440bb1a7ac8a5722ef77d23ee9340b379ca,0x1d06a3d96bc0fee0182a90672cc093d7b090bd77f3f3308c9126cfb07e55ad1e
theo_n,5,4,false,9,9,offchain,500,0,968565,,459074,,,64655,36.474200,0x2fe6349b77f8b704a4b6fda6a67fa440bb1a7ac8a5722ef77d23ee9340b379ca,0x31cce6578fc40150881c61af3263887000159f168b78eb0c1c67322a114def10
theo_n,5,5,false,9,9,offchain,500,1,968565,,459074,,,64643,31.600900,0x2fe6349b77f8b704a4b6fda6a67fa440bb1a7ac8a5722ef77d23ee9340b379ca,0x06b149a846c21e833d5cd6933d03540005608217faf9b22fe873f8c17f865e8c
theo_n,5,6,false,9,9,offchain,500,2,968565,,459074,,,64667,31.988200,0x2fe6349b77f8b704a4b6fda6a67fa440bb1a7ac8a5722ef77d23ee9340b379ca,0x1d06a3d96bc0fee0182a90672cc093d7b090bd77f3f3308c9126cfb07e55ad1e
theo_n,5,7,false,9,9,offchain,500,3,968565,,459074,,,64667,26.874500,0x2fe6349b77f8b704a4b6fda6a67fa440bb1a7ac8a5722ef77d23ee9340b379ca,0x2ee3eca2a8acabb5247f13a7dc5bb5745525229c9b0fb6af8461f8add9d6ea42
theo_n,5,8,false,9,9,offchain,500,4,968565,,459074,,,64667,28.321800,0x2fe6349b77f8b704a4b6fda6a67fa440bb1a7ac8a5722ef77d23ee9340b379ca,0x23abcf4c24d8f5eaa25ebedbbad6a842ea7c9839a4809e5f07c904d2874949da
theo_n,5,9,false,9,9,offchain,500,5,968565,,459074,,,64667,27.775000,0x2fe6349b77f8b704a4b6fda6a67fa440bb1a7ac8a5722ef77d23ee9340b379ca,0x053f995315ef14fd41321d4c26fc6e4a11eebe9847b131f33160a845efab237a
theo_n,5,10,false,9,9,offchain,500,6,968565,,459074,,,64667,33.474300,0x2fe6349b77f8b704a4b6fda6a67fa440bb1a7ac8a5722ef77d23ee9340b379ca,0x2253bb49377756b6e039255c2e07e59ebdb5e721de9034b6084a4f646823fb04
theo_n,5,11,false,9,9,offchain,500,7,968565,,459074,,,64667,33.476100,0x2fe6349b77f8b704a4b6fda6a67fa440bb1a7ac8a5722ef77d23ee9340b379ca,0x30a7f45e66796c0bb5e756de164a7408361c1113a9c271d837fc45b7dcd6f659
theo_n,5,12,false,9,9,offchain,500,8,968565,,459074,,,64667,25.216200,0x2fe6349b77f8b704a4b6fda6a67fa440bb1a7ac8a5722ef77d23ee9340b379ca,0x2cd86dce870ffb93e493637ae0ebc4d227e78de147374955ca7c805d2bd92dbb
theo_n,5,13,false,9,9,offchain,500,9,968565,,459074,,,64655,28.711000,0x2fe6349b77f8b704a4b6fda6a67fa440bb1a7ac8a5722ef77d23ee9340b379ca,0x0bb7e3ce2eb37533b72c200e6c6614cb93c18b171631c1ef120a8fd150f2cb13
theo_n,5,14,false,9,9,offchain,500,10,968565,,459074,,,64667,29.051900,0x2fe6349b77f8b704a4b6fda6a67fa440bb1a7ac8a5722ef77d23ee9340b379ca,0x2ddef6234d7e6f2ddbb3ed21a00be7589b7bbf5606b92dcf2b04f4b5bccd4fec
theo_n,5,15,false,9,9,offchain,500,11,968565,,459074,,,64667,31.635300,0x2fe6349b77f8b704a4b6fda6a67fa440bb1a7ac8a5722ef77d23ee9340b379ca,0x3ada3ac697494a8c8f48fd81b4d30c407e5b76c201c8434db157d8b726837548
theo_n,5,16,false,9,9,offchain,500,12,968565,,459074,,,64667,31.844800,0x2fe6349b77f8b704a4b6fda6a67fa440bb1a7ac8a5722ef77d23ee9340b379ca,0x2b1d692090d6ea4a2e3a8e5433f88d3c74ba86937bbe64f14872631fa739b53f
theo_n,5,17,false,9,9,offchain,500,13,968565,,459074,,,64667,32.147300,0x2fe6349b77f8b704a4b6fda6a67fa440bb1a7ac8a5722ef77d23ee9340b379ca,0x184e5193d7aeddeb42bdf7d177255cdc1408f8df7aca9b1c91f801f0b916b0d6
theo_n,5,18,false,9,9,offchain,500,14,968565,,459074,,,64667,24.374300,0x2fe6349b77f8b704a4b6fda6a67fa440bb1a7ac8a5722ef77d23ee9340b379ca,0x1058edf090bdc3434d5a8d0aaae59d1679f4ab8018a6c9def311908fe8a3ea79
theo_n,5,19,false,9,9,offchain,500,15,968565,,459074,,,64667,28.458400,0x2fe6349b77f8b704a4b6fda6a67fa440bb1a7ac8a5722ef77d23ee9340b379ca,0x3b72a670b9b3a3ef60168831693d1465b1b6f88669ba7f1c47c43c4fe8b69559
theo_n,5,20,false,9,9,offchain,500,16,968565,,459074,,,64667,25.556900,0x2fe6349b77f8b704a4b6fda6a67fa440bb1a7ac8a5722ef77d23ee9340b379ca,0x26790d62c5185858bb332e4f92f692c84b23c6be4b30b5a66dce2e37e083442b
theo_n,5,21,false,9,9,offchain,500,17,968565,,459074,,,64667,25.134000,0x2fe6349b77f8b704a4b6fda6a67fa440bb1a7ac8a5722ef77d23ee9340b379ca,0x0238145a7cd2114ded0673cf7b04a8dcef4690c839f508dd14cb073e332ab139
theo_n,5,22,false,9,9,offchain,500,18,968565,,459074,,,64667,27.575900,0x2fe6349b77f8b704a4b6fda6a67fa440bb1a7ac8a5722ef77d23ee9340b379ca,0x36fc3e2add7d8d3afc785b77a54fd23964e7cb8eb494e13e9c6a887965a847cf
theo_n,5,23,false,9,9,offchain,500,19,968565,,459074,,,64655,38.676500,0x2fe6349b77f8b704a4b6fda6a67fa440bb1a7ac8a5722ef77d23ee9340b379ca,0x3cab613111c672bcddd2485adbf14ab6c8aec112b50ea0005aa159b8d973387b
theo_n,5,24,false,9,9,offchain,500,20,968565,,459074,,,64667,57.176400,0x2fe6349b77f8b704a4b6fda6a67fa440bb1a7ac8a5722ef77d23ee9340b379ca,0x0f5ba5eafbd37105956aad8ad60c718f4f0f8c32793fa14d010ec4a8efd5896c
theo_n,5,25,false,9,9,offchain,500,21,968565,,459074,,,64667,48.753700,0x2fe6349b77f8b704a4b6fda6a67fa440bb1a7ac8a5722ef77d23ee9340b379ca,0x345865de75a078c2601df5bf7b8ac01ddc913428ad55c6842fd239d9c1bb2bee
theo_n,5,26,false,9,9,offchain,500,22,968565,,459074,,,64667,42.663300,0x2fe6349b77f8b704a4b6fda6a67fa440bb1a7ac8a5722ef77d23ee9340b379ca,0x381949a023bad7dd72b836139501a18bde8117197414fc26e1861c5833221a06
theo_n,5,27,false,9,9,offchain,500,23,968565,,459074,,,64667,34.041100,0x2fe6349b77f8b704a4b6fda6a67fa440bb1a7ac8a5722ef77d23ee9340b379ca,0x36c9f307ec5cae6c551dbd4ee41275b93d6012c1496b7b824b693747101e4649
theo_n,5,28,false,9,9,offchain,500,24,968565,,459074,,,64655,33.396600,0x2fe6349b77f8b704a4b6fda6a67fa440bb1a7ac8a5722ef77d23ee9340b379ca,0x0e4fa672364ff8d28d324fa63f54a5c0af0eb28a17068e9ff96618692a930a1f
theo_n,5,29,false,9,9,offchain,500,25,968565,,459074,,,64667,36.376000,0x2fe6349b77f8b704a4b6fda6a67fa440bb1a7ac8a5722ef77d23ee9340b379ca,0x1d296167df1398272a65c2152fa42bac6f090a91ea2ef72b15701ec5c4e7351d
theo_n,5,30,false,9,9,offchain,500,26,968565,,459074,,,64667,37.897100,0x2fe6349b77f8b704a4b6fda6a67fa440bb1a7ac8a5722ef77d23ee9340b379ca,0x158799b447546c84c9076c82c385cdacf0e2ce1ba4d011ac2f9b9cca4abbe22b
theo_n,5,31,false,9,9,offchain,500,27,968565,,459074,,,64667,32.799600,0x2fe6349b77f8b704a4b6fda6a67fa440bb1a7ac8a5722ef77d23ee9340b379ca,0x3d6b035fd78b94d7dc88fa276f05bef4a4cb011ff779ffface9f0ef9dff9ef49
theo_n,5,32,false,9,9,offchain,500,28,968565,,459074,,,64655,31.726600,0x2fe6349b77f8b704a4b6fda6a67fa440bb1a7ac8a5722ef77d23ee9340b379ca,0x1081e5213854c477ad9b853775007aac6aa3572c9092f3d51ef4069d592bf93d
theo_n,5,33,false,9,9,offchain,500,29,968565,,459074,,,64667,30.956600,0x2fe6349b77f8b704a4b6fda6a67fa440bb1a7ac8a5722ef77d23ee9340b379ca,0x3265c24e296401ba9bb56bba84a98f7974893fb4ba831c612c6aee4f8e36b5ba
theo_n,5,34,false,9,9,offchain,500,30,968565,,459074,,,64667,31.779500,0x2fe6349b77f8b704a4b6fda6a67fa440bb1a7ac8a5722ef77d23ee9340b379ca,0x37a34c44838bbc5fb890e04ebc426a8b9e08b427b297c08c0aabe144b3adcf0c
theo_n,5,35,false,9,9,offchain,500,31,968565,,459074,,,64667,28.156100,0x2fe6349b77f8b704a4b6fda6a67fa440bb1a7ac8a5722ef77d23ee9340b379ca,0x15f9e59991adcbfb9befc7df4a64145357c0258a75825b8d54edb79a3876ae09
theo_n,5,36,false,9,9,offchain,500,32,968565,,459074,,,64667,35.174600,0x2fe6349b77f8b704a4b6fda6a67fa440bb1a7ac8a5722ef77d23ee9340b379ca,0x2a09e0c9376ab1887e8ed9bdda26a27447b81b76c47152c2d50104fc5626ecc3
theo_n,5,37,false,9,9,offchain,500,33,968565,,459074,,,64667,37.519700,0x2fe6349b77f8b704a4b6fda6a67fa440bb1a7ac8a5722ef77d23ee9340b379ca,0x2a9f0a9dfefd0b687425dbc05c820a0f13332e787844dda043d22dd10df498a6
theo_n,5,38,false,9,9,offchain,500,34,968565,,459074,,,64667,33.879600,0x2fe6349b77f8b704a4b6fda6a67fa440bb1a7ac8a5722ef77d23ee9340b379ca,0x09e02495203c5b1835b1ad1db270049b8a4119702d53dd5886a235a5996bb099
theo_n,5,39,false,9,9,offchain,500,35,968565,,459074,,,64667,29.598800,0x2fe6349b77f8b704a4b6fda6a67fa440bb1a7ac8a5722ef77d23ee9340b379ca,0x15b24bdd1b4b0a5fc499fc6c2dac6f90ccd9b28ef26c850a65e3f88b5c06ccec
theo_n,5,40,false,9,9,offchain,500,36,968565,,459074,,,64667,28.479900,0x2fe6349b77f8b704a4b6fda6a67fa440bb1a7ac8a5722ef77d23ee9340b379ca,0x137e941e9cc4e3016c6985e12467691777c8c4a841527789f6bd0dec5f565c59
theo_n,5,41,false,9,9,offchain,500,37,968565,,459074,,,64667,32.890100,0x2fe6349b77f8b704a4b6fda6a67fa440bb1a7ac8a5722ef77d23ee9340b379ca,0x10cadd1521fa6c0179e0ee11c59d94bc5304a9bba12cff518811447f7919e2cf
theo_n,5,42,false,9,9,offchain,500,38,968565,,459074,,,64667,38.631600,0x2fe6349b77f8b704a4b6fda6a67fa440bb1a7ac8a5722ef77d23ee9340b379ca,0x1ad7e7d5b9ef8cfc0e8304ce037203d2aa80e2e3fcc45eac7c2a356351250524
theo_n,5,43,false,9,9,offchain,500,39,968565,,459074,,,64667,31.132900,0x2fe6349b77f8b704a4b6fda6a67fa440bb1a7ac8a5722ef77d23ee9340b379ca,0x36fe2e9f819dd0e65c674f1dee54da6f9c1a176a655df186b096a3562d852a5d
theo_n,5,44,false,9,9,offchain,500,40,968565,,459074,,,64667,32.594000,0x2fe6349b77f8b704a4b6fda6a67fa440bb1a7ac8a5722ef77d23ee9340b379ca,0x097e34dde40b4321dd80c99af3ef8422ec3a73656e53dc07dbf162c1a7990a32
theo_n,5,45,false,9,9,offchain,500,41,968565,,459074,,,64667,28.728800,0x2fe6349b77f8b704a4b6fda6a67fa440bb1a7ac8a5722ef77d23ee9340b379ca,0x2ca71bcca7bed8690446f6f35eb9fd301a721d2284d5a81310cbc89bc807c08e
theo_n,5,46,false,9,9,offchain,500,42,968565,,459074,,,64667,26.575700,0x2fe6349b77f8b704a4b6fda6a67fa440bb1a7ac8a5722ef77d23ee9340b379ca,0x0eb7c2b13f35ce06c28ef680f6c4cfc8e527cd2cdca83ba49d331a8e5a1a2030
theo_n,5,47,false,9,9,offchain,500,43,968565,,459074,,,64655,25.337500,0x2fe6349b77f8b704a4b6fda6a67fa440bb1a7ac8a5722ef77d23ee9340b379ca,0x34889aed5c7b552ca8c00a9c6ba49700ffd03085af8904500901bc4b08b58faf
theo_n,5,48,false,9,9,offchain,500,44,968565,,459074,,,64667,28.650400,0x2fe6349b77f8b704a4b6fda6a67fa440bb1a7ac8a5722ef77d23ee9340b379ca,0x208406b0c74f9fd5c45c8ba2ee4f58074a9b3e8b67ad550e8c80895095d21eed
theo_n,5,49,false,9,9,offchain,500,45,968565,,459074,,,64667,70.982800,0x2fe6349b77f8b704a4b6fda6a67fa440bb1a7ac8a5722ef77d23ee9340b379ca,0x1e6ba2529c1c51cd0ab99d61e03b52081a2b2f765f142557f0afeda0cff80314
theo_n,5,50,false,9,9,offchain,500,46,968565,,459074,,,64655,44.661900,0x2fe6349b77f8b704a4b6fda6a67fa440bb1a7ac8a5722ef77d23ee9340b379ca,0x24f94e7f98d781cdf3066c1516e1288f985404d2f474d2be5266774f759c0039
theo_n,5,51,false,9,9,offchain,500,47,968565,,459074,,,64655,31.589400,0x2fe6349b77f8b704a4b6fda6a67fa440bb1a7ac8a5722ef77d23ee9340b379ca,0x2bc29b9bb94e111d25dae872bbe9a152f2932fe5c2dcfe7eb4589c3e284bc396
theo_n,5,52,false,9,9,offchain,500,48,968565,,459074,,,64667,32.361400,0x2fe6349b77f8b704a4b6fda6a67fa440bb1a7ac8a5722ef77d23ee9340b379ca,0x3f2c363255bd9ac2db73cd3a02d9edfe2fceaea459f1eae54a9417e23c73fada
theo_n,5,53,false,9,9,offchain,500,49,968565,,459074,,,64667,38.671800,0x2fe6349b77f8b704a4b6fda6a67fa440bb1a7ac8a5722ef77d23ee9340b379ca,0x105b181bd6e1bf4ae344f18d215e64d69671f3453c5ff6e536444dcede6f7a8f
theo_n,5,54,false,9,9,offchain,500,50,968565,,459074,,,64667,41.796200,0x2fe6349b77f8b704a4b6fda6a67fa440bb1a7ac8a5722ef77d23ee9340b379ca,0x367a05d4576bf040770a0dfac5509fa5d77a62782c579bdada5981fe12efaa67
theo_n,5,55,false,9,9,offchain,500,51,968565,,459074,,,64667,36.550400,0x2fe6349b77f8b704a4b6fda6a67fa440bb1a7ac8a5722ef77d23ee9340b379ca,0x1112593ea96c064743ef0a2c5d82b857ff41e53ace5b4abe93b2df0e5fb58a59
theo_n,5,56,false,9,9,offchain,500,52,968565,,459074,,,64667,35.797700,0x2fe6349b77f8b704a4b6fda6a67fa440bb1a7ac8a5722ef77d23ee9340b379ca,0x31b370304c7cff2f4a2864357ffd01bf85f723635ccd35fc4c428b4890f47af1
theo_n,5,57,false,9,9,offchain,500,53,968565,,459074,,,64667,24.367400,0x2fe6349b77f8b704a4b6fda6a67fa440bb1a7ac8a5722ef77d23ee9340b379ca,0x3d3025827bdc7c1a4cbd2fa980467237f17ab492d307245233a87b8a643f14ab
theo_n,5,58,false,9,9,offchain,500,54,968565,,459074,,,64667,28.320900,0x2fe6349b77f8b704a4b6fda6a67fa440bb1a7ac8a5722ef77d23ee9340b379ca,0x34d7867c81d1e736bb70575120a00d08e4553a45a5a5e8213e3ed3d5a862f77a
theo_n,5,59,false,9,9,offchain,500,55,968565,,459074,,,64667,26.675100,0x2fe6349b77f8b704a4b6fda6a67fa440bb1a7ac8a5722ef77d23ee9340b379ca,0x0b7ae8d25e76a5df04d61997493591106f2d742c98bcb28761d82773bf2ab6b3
theo_n,5,60,false,9,9,offchain,500,56,968565,,459074,,,64667,22.733400,0x2fe6349b77f8b704a4b6fda6a67fa440bb1a7ac8a5722ef77d23ee9340b379ca,0x356556a6e6dbcbcf708a745b17a7298946c2d98eb9c544686c018651329069f8
theo_n,5,61,false,9,9,offchain,500,57,968565,,459074,,,64667,27.590000,0x2fe6349b77f8b704a4b6fda6a67fa440bb1a7ac8a5722ef77d23ee9340b379ca,0x35affd8d03feade30e8bcc85d92d5c1e1c3f07572f69a33b47602db639ddf4eb
theo_n,5,62,false,9,9,offchain,500,58,968565,,459074,,,64667,26.569400,0x2fe6349b77f8b704a4b6fda6a67fa440bb1a7ac8a5722ef77d23ee9340b379ca,0x35d159d0434207d958c002bfb58c81e555036eebb77fc92f633d8e45e4138d3a
theo_n,5,63,false,9,9,offchain,500,59,968565,,459074,,,64655,32.560300,0x2fe6349b77f8b704a4b6fda6a67fa440bb1a7ac8a5722ef77d23ee9340b379ca,0x33b7affbeb57a5b82b7b9d668af0c3c7fbda480046926717d3b00c571eb87be4
theo_n,5,64,false,9,9,offchain,500,60,968565,,459074,,,64667,29.633900,0x2fe6349b77f8b704a4b6fda6a67fa440bb1a7ac8a5722ef77d23ee9340b379ca,0x296ae6ced3f1274fe7a3358843e0c842a75bda60b852b254b477f46d82eecc71
theo_n,5,65,false,9,9,offchain,500,61,968565,,459074,,,64667,24.403900,0x2fe6349b77f8b704a4b6fda6a67fa440bb1a7ac8a5722ef77d23ee9340b379ca,0x175131215e7801d8395735d66582488a3f45cf21ca4ac3df1895dd49dca8490d
theo_n,5,66,false,9,9,offchain,500,62,968565,,459074,,,64667,29.247600,0x2fe6349b77f8b704a4b6fda6a67fa440bb1a7ac8a5722ef77d23ee9340b379ca,0x3493b117c949b0c7fad43853e1a11f960ec57e40ed3fedbbe9f6ee98f440c1a2
theo_n,5,67,false,9,9,offchain,500,63,968565,,459074,,,64655,25.144800,0x2fe6349b77f8b704a4b6fda6a67fa440bb1a7ac8a5722ef77d23ee9340b379ca,0x151375a0e2cab64803c0677384030f3bf8d86c80fe19936a69f563c59fab30b1
theo_n,5,68,false,9,9,offchain,500,64,968565,,459074,,,64667,27.671900,0x2fe6349b77f8b704a4b6fda6a67fa440bb1a7ac8a5722ef77d23ee9340b379ca,0x30b5adb40a92895d5ed53a0eeaa9d3c785cd219d950238043d775a741b72bb2c
theo_n,5,69,false,9,9,offchain,500,65,968565,,459074,,,64667,33.009800,0x2fe6349b77f8b704a4b6fda6a67fa440bb1a7ac8a5722ef77d23ee9340b379ca,0x1fc6ffb941b71d65890a8e4128804db657be13262093318e86e8b548e0617dcf
theo_n,5,70,false,9,9,offchain,500,66,968565,,459074,,,64667,24.164400,0x2fe6349b77f8b704a4b6fda6a67fa440bb1a7ac8a5722ef77d23ee9340b379ca,0x1974a9d05c061a4d1440c8e3477485d22643c540777402f3ff4d1226b013dd7b
theo_n,5,71,false,9,9,offchain,500,67,968565,,459074,,,64667,33.274300,0x2fe6349b77f8b704a4b6fda6a67fa440bb1a7ac8a5722ef77d23ee9340b379ca,0x236dbf65939ffa8990a49eac3c48842c8b57d7d33627159fd2f4de1b078902fb
theo_n,5,72,false,9,9,offchain,500,68,968565,,459074,,,64667,30.120600,0x2fe6349b77f8b704a4b6fda6a67fa440bb1a7ac8a5722ef77d23ee9340b379ca,0x069866effa4c385eb367f3e53f17d9a75ce227086c72ae9ebb073fc645606741
theo_n,5,73,false,9,9,offchain,500,69,968565,,459074,,,64667,22.768800,0x2fe6349b77f8b704a4b6fda6a67fa440bb1a7ac8a5722ef77d23ee9340b379ca,0x0c43daa5853350e5fcd53cbe3a9849e42382c8128e6dc59b4a82cd69f7f04379
theo_n,5,74,false,9,9,offchain,500,70,968565,,459074,,,64667,30.537200,0x2fe6349b77f8b704a4b6fda6a67fa440bb1a7ac8a5722ef77d23ee9340b379ca,0x020d9be1a95e587f228ddbf0721bfd65be3457d210f44a88755fcf5c8c274fb9
theo_n,5,75,false,9,9,offchain,500,71,968565,,459074,,,64667,26.882100,0x2fe6349b77f8b704a4b6fda6a67fa440bb1a7ac8a5722ef77d23ee9340b379ca,0x1a892e6a7dc74c42986987fd5e36d2b0742f47af2460dbf0d9fe60320a89d30c
theo_n,5,76,false,9,9,offchain,500,72,968565,,459074,,,64667,38.673000,0x2fe6349b77f8b704a4b6fda6a67fa440bb1a7ac8a5722ef77d23ee9340b379ca,0x24012d177461a632d9c00545fb9834207a4f0913b93c92f9dc477d249a4f5b8b
theo_n,5,77,false,9,9,offchain,500,73,968565,,459074,,,64667,25.037900,0x2fe6349b77f8b704a4b6fda6a67fa440bb1a7ac8a5722ef77d23ee9340b379ca,0x15ddc7f941eb827dc742c94242cdb4202a7531ffe2e1320abb9f2e10c4d46bba
theo_n,5,78,false,9,9,offchain,500,74,968565,,459074,,,64667,24.690800,0x2fe6349b77f8b704a4b6fda6a67fa440bb1a7ac8a5722ef77d23ee9340b379ca,0x0bef9a92e07a5e21d94c0109eaaf18de8f6698543279171aea36f65fee1fe308
theo_n,5,79,false,9,9,offchain,500,75,968565,,459074,,,64667,68.840600,0x2fe6349b77f8b704a4b6fda6a67fa440bb1a7ac8a5722ef77d23ee9340b379ca,0x293dbbf2e0ee6a2c3f9223b121d1a2cfd00c97f67d78970374e17dd67a1d74bc
theo_n,5,80,false,9,9,offchain,500,76,968565,,459074,,,64667,50.967100,0x2fe6349b77f8b704a4b6fda6a67fa440bb1a7ac8a5722ef77d23ee9340b379ca,0x112b1e399fc3ea2c4aa6bc7984dc59c250534aaf21590b036ca8a9e49ec93728
theo_n,5,81,false,9,9,offchain,500,77,968565,,459074,,,64667,30.683300,0x2fe6349b77f8b704a4b6fda6a67fa440bb1a7ac8a5722ef77d23ee9340b379ca,0x2c391d862675b985122b7bde54e8a2413c33251b7ffea59b3eecf9be7a7ab553
theo_n,5,82,false,9,9,offchain,500,78,968565,,459074,,,64667,36.517800,0x2fe6349b77f8b704a4b6fda6a67fa440bb1a7ac8a5722ef77d23ee9340b379ca,0x2b063c3c5c49d33b2da3b817ec149aeae6d7a130d98f861a5ee98a2c27732ff6
theo_n,5,83,false,9,9,offchain,500,79,968565,,459074,,,64667,35.420600,0x2fe6349b77f8b704a4b6fda6a67fa440bb1a7ac8a5722ef77d23ee9340b379ca,0x03a944ffedcb6bd46ba34969f9ffb92fb3a4bf32edf50f1fdbd95a6f28a4f8d5
theo_n,5,84,false,9,9,offchain,500,80,968565,,459074,,,64655,34.922000,0x2fe6349b77f8b704a4b6fda6a67fa440bb1a7ac8a5722ef77d23ee9340b379ca,0x226db5137513309d4a578e1f59e1687c5f8889c53b1e62025e1a3b2ccf3a2eec
theo_n,5,85,false,9,9,offchain,500,81,968565,,459074,,,64667,31.427900,0x2fe6349b77f8b704a4b6fda6a67fa440bb1a7ac8a5722ef77d23ee9340b379ca,0x2327c5299fb59360173e53531f8cfb46faae6cbd3a39b734d4ac13a79305c10c
theo_n,5,86,false,9,9,offchain,500,82,968565,,459074,,,64667,27.021800,0x2fe6349b77f8b704a4b6fda6a67fa440bb1a7ac8a5722ef77d23ee9340b379ca,0x1461edaabe49fbac3d272dd17fa989d2232a197f9f33322d31517a085e7074f6
theo_n,5,87,false,9,9,offchain,500,83,968565,,459074,,,64667,30.434900,0x2fe6349b77f8b704a4b6fda6a67fa440bb1a7ac8a5722ef77d23ee9340b379ca,0x036eb7ef90ea532940cdc20ddf72d9e73001492b4888e85fc17a9f09d7452fca
theo_n,5,88,false,9,9,offchain,500,84,968565,,459074,,,64667,30.743000,0x2fe6349b77f8b704a4b6fda6a67fa440bb1a7ac8a5722ef77d23ee9340b379ca,0x031f5573c450699b4dded04131f53dd85bb0e4432251025023c38abb65b61e56
theo_n,5,89,false,9,9,offchain,500,85,968565,,459074,,,64655,35.698700,0x2fe6349b77f8b704a4b6fda6a67fa440bb1a7ac8a5722ef77d23ee9340b379ca,0x156c7ab873f453c200252bcd74f48164369d02b50a57d9689bc723194b8b3802
theo_n,5,90,false,9,9,offchain,500,86,968565,,459074,,,64667,27.307500,0x2fe6349b77f8b704a4b6fda6a67fa440bb1a7ac8a5722ef77d23ee9340b379ca,0x331138e04ece8a2e6cbb3bc5d980ffb4f9dde1068e227fdb9832b846faaeca0e
theo_n,5,91,false,9,9,offchain,500,87,968565,,459074,,,64667,30.811600,0x2fe6349b77f8b704a4b6fda6a67fa440bb1a7ac8a5722ef77d23ee9340b379ca,0x089d1aa1c2473d25b78af6935dcb93bd07aebbac0257d4d611f18fb5f545beeb
theo_n,5,92,false,9,9,offchain,500,88,968565,,459074,,,64667,26.568700,0x2fe6349b77f8b704a4b6fda6a67fa440bb1a7ac8a5722ef77d23ee9340b379ca,0x1e93ea44a887f2e8fd076e0c7713ae9d34036e5aee4404a35e4b44acd32346c5
theo_n,5,93,false,9,9,offchain,500,89,968565,,459074,,,64667,30.986000,0x2fe6349b77f8b704a4b6fda6a67fa440bb1a7ac8a5722ef77d23ee9340b379ca,0x1e123929cf2884f04173384ef96a723d1629eafc520534c33d5c33cbc548d4e0
theo_n,5,94,false,9,9,offchain,500,90,968565,,459074,,,64655,30.415200,0x2fe6349b77f8b704a4b6fda6a67fa440bb1a7ac8a5722ef77d23ee9340b379ca,0x07e2ce03aef8e0a6f9039888b6581209d9b4511b0045717f795cd28f3fae8498
theo_n,5,95,false,9,9,offchain,500,91,968565,,459074,,,64667,37.857100,0x2fe6349b77f8b704a4b6fda6a67fa440bb1a7ac8a5722ef77d23ee9340b379ca,0x22742fe979ce969d4cdb11f8076cc0152138d594231440b7590a9792caa27ff7
theo_n,5,96,false,9,9,offchain,500,92,968565,,459074,,,64655,39.933400,0x2fe6349b77f8b704a4b6fda6a67fa440bb1a7ac8a5722ef77d23ee9340b379ca,0x2c9d50760aaf6391e556a5ba1c0804e54a3fda00913318e43a266220c37eb935
theo_n,5,97,false,9,9,offchain,500,93,968565,,459074,,,64667,31.541700,0x2fe6349b77f8b704a4b6fda6a67fa440bb1a7ac8a5722ef77d23ee9340b379ca,0x3a752b4e6c05bd74df2d94939f850a55f28a17cceaae03d38743bd8ff61e3d5d
theo_n,5,98,false,9,9,offchain,500,94,968565,,459074,,,64667,33.191700,0x2fe6349b77f8b704a4b6fda6a67fa440bb1a7ac8a5722ef77d23ee9340b379ca,0x3925e2a85c45e174b3dfeacf4d2c36c0b1ae3ff62b57faffa83a135bc086fce8
theo_n,5,99,false,9,9,offchain,500,95,968565,,459074,,,64655,51.091700,0x2fe6349b77f8b704a4b6fda6a67fa440bb1a7ac8a5722ef77d23ee9340b379ca,0x022f8d0056933c95a43ba5b04cd9ad652953a2b5d0d3aea294037033125f5765
theo_n,5,100,false,9,9,offchain,500,96,968565,,459074,,,64667,57.377900,0x2fe6349b77f8b704a4b6fda6a67fa440bb1a7ac8a5722ef77d23ee9340b379ca,0x1e9e2ade609569ab986455245dcd3a8d2cd79d70b61138c0bbd820794bef794a
theo_n,5,101,false,9,9,offchain,500,97,968565,,459074,,,64667,57.358000,0x2fe6349b77f8b704a4b6fda6a67fa440bb1a7ac8a5722ef77d23ee9340b379ca,0x0ea9443dedf0f039461915c560ef0cd5202bc412a1277392db3c9b94736e19df
theo_n,5,102,false,9,9,offchain,500,98,968565,,459074,,,64667,46.608700,0x2fe6349b77f8b704a4b6fda6a67fa440bb1a7ac8a5722ef77d23ee9340b379ca,0x33d4f89aea0692092e94f05f3633d908bf3138cbfc5e1524f6fdeddce4b4e37b
theo_n,5,103,false,9,9,offchain,500,99,968565,,459074,,,64667,34.060800,0x2fe6349b77f8b704a4b6fda6a67fa440bb1a7ac8a5722ef77d23ee9340b379ca,0x2b4e96ee32f42f486de93dd2eb20d76741a3b2ea70a7b41595a5a54555e92a95
theo_n,5,104,false,9,9,offchain,500,100,968565,,459074,,,64667,44.895100,0x2fe6349b77f8b704a4b6fda6a67fa440bb1a7ac8a5722ef77d23ee9340b379ca,0x07dd3f3c07969f48e22eaefcb1c5569a39fc4b5885b4a1a410401d462bfbb021
theo_n,5,105,false,9,9,offchain,500,101,968565,,459074,,,64643,46.311900,0x2fe6349b77f8b704a4b6fda6a67fa440bb1a7ac8a5722ef77d23ee9340b379ca,0x0e7c2cec7b8eb7ce364425826dcf236c306113c8e5096126d3d3ca58007f19a9
theo_n,5,106,false,9,9,offchain,500,102,968565,,459074,,,64667,53.254300,0x2fe6349b77f8b704a4b6fda6a67fa440bb1a7ac8a5722ef77d23ee9340b379ca,0x069e4120e2f7b77982127dc2138ad2c56e45d0e048c76797782b2a01372efecf
theo_n,5,107,false,9,9,offchain,500,103,968565,,459074,,,64667,62.997900,0x2fe6349b77f8b704a4b6fda6a67fa440bb1a7ac8a5722ef77d23ee9340b379ca,0x1ee271b4609e05c1ab103aa937284d86c9dd1b64ab6e491e602267a604692b62
theo_n,5,108,false,9,9,offchain,500,104,968565,,459074,,,64655,42.583200,0x2fe6349b77f8b704a4b6fda6a67fa440bb1a7ac8a5722ef77d23ee9340b379ca,0x18746a559176446a8ab51169501690db7490a782636c8990c5bbaea396bd0089
theo_n,5,109,false,9,9,offchain,500,105,968565,,459074,,,64667,42.676100,0x2fe6349b77f8b704a4b6fda6a67fa440bb1a7ac8a5722ef77d23ee9340b379ca,0x3603939325fcca133581f5e01b0a873c4fb86ff8c8501029242d231030ae4730
theo_n,5,110,false,9,9,offchain,500,106,968565,,459074,,,64667,41.216300,0x2fe6349b77f8b704a4b6fda6a67fa440bb1a7ac8a5722ef77d23ee9340b379ca,0x0309957ed4a228beae35d67e8be5072b3906f9fcf498fd7b8edd8f5cc1e90b88
theo_n,5,111,false,9,9,offchain,500,107,968565,,459074,,,64655,37.422900,0x2fe6349b77f8b704a4b6fda6a67fa440bb1a7ac8a5722ef77d23ee9340b379ca,0x0e535e810973fbba586c3e7e8a4861b5d0379a483763a0b061dea657c3c82ba1
theo_n,5,112,false,9,9,offchain,500,108,968565,,459074,,,64667,35.496500,0x2fe6349b77f8b704a4b6fda6a67fa440bb1a7ac8a5722ef77d23ee9340b379ca,0x2eb59862fcca804139e5e625af2d2e58ca75ea2cbe558917f84c9049f03acf89
theo_n,5,113,false,9,9,offchain,500,109,968565,,459074,,,64655,35.014300,0x2fe6349b77f8b704a4b6fda6a67fa440bb1a7ac8a5722ef77d23ee9340b379ca,0x0eb03cbc9ef61500ebf9525588c063fb9b3da9023a8e98f4e422fbc8b83d21b1
theo_n,5,114,false,9,9,offchain,500,110,968565,,459074,,,64667,36.290400,0x2fe6349b77f8b704a4b6fda6a67fa440bb1a7ac8a5722ef77d23ee9340b379ca,0x2ac49a4ce2066f1f950b20ddfcb22fb7b78f06ff7fc85c670eb62aa061a87187
theo_n,5,115,false,9,9,offchain,500,111,968565,,459074,,,64667,33.101500,0x2fe6349b77f8b704a4b6fda6a67fa440bb1a7ac8a5722ef77d23ee9340b379ca,0x3fedb8027593a48bc73096ede0cc86b15ecc486ec6a5cce25e52762ed90b53e5
theo_n,5,116,false,9,9,offchain,500,112,968565,,459074,,,64667,31.614600,0x2fe6349b77f8b704a4b6fda6a67fa440bb1a7ac8a5722ef77d23ee9340b379ca,0x048dad16b9456d602a09fa4858215cb8db44318b5e5f2cdb8c55d30b16a04ecd
theo_n,5,117,false,9,9,offchain,500,113,968565,,459074,,,64667,34.466500,0x2fe6349b77f8b704a4b6fda6a67fa440bb1a7ac8a5722ef77d23ee9340b379ca,0x3a0f925adf8dcb5a9007b938d68416ada618ec3a24ccb916238a7503423eb662
theo_n,5,118,false,9,9,offchain,500,114,968565,,459074,,,64655,28.919000,0x2fe6349b77f8b704a4b6fda6a67fa440bb1a7ac8a5722ef77d23ee9340b379ca,0x1f8dfb17f1ed7fd6841c4acacd125800bd853f2037fb0b9f940d34a73849f015
theo_n,5,119,false,9,9,offchain,500,115,968565,,459074,,,64643,29.492300,0x2fe6349b77f8b704a4b6fda6a67fa440bb1a7ac8a5722ef77d23ee9340b379ca,0x07bb3c6e78f4931129730cc25a5ebad89b00ac25faa34a030e5bfd6731e85674
theo_n,5,120,false,9,9,offchain,500,116,968565,,459074,,,64667,34.597200,0x2fe6349b77f8b704a4b6fda6a67fa440bb1a7ac8a5722ef77d23ee9340b379ca,0x0f8a51ebe6181317894fee2445b9ee879f41541327aadc9716339ddaa2011394
theo_n,5,121,false,9,9,offchain,500,117,968565,,459074,,,64667,27.783100,0x2fe6349b77f8b704a4b6fda6a67fa440bb1a7ac8a5722ef77d23ee9340b379ca,0x3258a1b5cb69e9110e9233821657be6749c3bc471f62caa7965fd6bbe878a6b3
theo_n,5,122,false,9,9,offchain,500,118,968565,,459074,,,64667,34.599900,0x2fe6349b77f8b704a4b6fda6a67fa440bb1a7ac8a5722ef77d23ee9340b379ca,0x0b4cf66301a979297eb4cef7143a3682226951e81dece88c104598edfa32bb85
theo_n,5,123,false,9,9,offchain,500,119,968565,,459074,,,64655,42.158400,0x2fe6349b77f8b704a4b6fda6a67fa440bb1a7ac8a5722ef77d23ee9340b379ca,0x34a220c56a32ce4457faa733c28fe8ee0c8ba0a43da4c315660071848d20df18
theo_n,5,124,false,9,9,offchain,500,120,968565,,459074,,,64667,33.829600,0x2fe6349b77f8b704a4b6fda6a67fa440bb1a7ac8a5722ef77d23ee9340b379ca,0x068aa72ec6c7edbcc433477b49b79c9fc5b18b94a01b5d659330c7a316f3de52
theo_n,5,125,false,9,9,offchain,500,121,968565,,459074,,,64667,24.754400,0x2fe6349b77f8b704a4b6fda6a67fa440bb1a7ac8a5722ef77d23ee9340b379ca,0x05910f7ef3cccefaa26c691a704fc7c2a067f59954c37580e9918504530860f3
theo_n,5,126,false,9,9,offchain,500,122,968565,,459074,,,64667,33.367700,0x2fe6349b77f8b704a4b6fda6a67fa440bb1a7ac8a5722ef77d23ee9340b379ca,0x2930049629a267aaa310ccce1d3a825b16928a8eae5424f1295da642ca91151e
theo_n,5,127,false,9,9,offchain,500,123,968565,,459074,,,64667,30.725400,0x2fe6349b77f8b704a4b6fda6a67fa440bb1a7ac8a5722ef77d23ee9340b379ca,0x2867e36b12f207389b85f3a7f86ae38b2c25f5cef79359d3774eb971b87710ed
theo_n,5,128,false,9,9,offchain,500,124,968565,,459074,,,64667,29.669900,0x2fe6349b77f8b704a4b6fda6a67fa440bb1a7ac8a5722ef77d23ee9340b379ca,0x21557e7edae2f2f3f591cd9dab903ca6c63f3d7fbfdf3770ed8988d5802bacc4
theo_n,5,129,false,9,9,offchain,500,125,968565,,459074,,,64667,26.456000,0x2fe6349b77f8b704a4b6fda6a67fa440bb1a7ac8a5722ef77d23ee9340b379ca,0x0fde42439e029c080aebfe416b4f08e942d48d8f6d6a8d74d04bed8be3e1ed4b
theo_n,5,130,false,9,9,offchain,500,126,968565,,459074,,,64667,33.522300,0x2fe6349b77f8b704a4b6fda6a67fa440bb1a7ac8a5722ef77d23ee9340b379ca,0x18c1b63ff8bbc1ea27b23ff824ecd084d481e647209ff99aa2ee13536afebf89
theo_n,5,131,false,9,9,offchain,500,127,968565,,459074,,,64667,26.094700,0x2fe6349b77f8b704a4b6fda6a67fa440bb1a7ac8a5722ef77d23ee9340b379ca,0x1a79364a02b8abffda572de7da4499fa1cf6831620760579f9d0ec0961bba3a4
theo_n,5,132,false,9,9,offchain,500,128,968565,,459074,,,64667,68.197900,0x2fe6349b77f8b704a4b6fda6a67fa440bb1a7ac8a5722ef77d23ee9340b379ca,0x0d1f3966fbb5632d1ddb8e1a83bed32d1e264a779841ee03a7ae4a67ea4aa1dc
theo_n,5,133,false,9,9,offchain,500,129,968565,,459074,,,64655,68.729000,0x2fe6349b77f8b704a4b6fda6a67fa440bb1a7ac8a5722ef77d23ee9340b379ca,0x1516595735d5162e2a80b7eb0a22c57c57293051021f5154248f15e3e5191242
theo_n,5,134,false,9,9,offchain,500,130,968565,,459074,,,64667,35.873000,0x2fe6349b77f8b704a4b6fda6a67fa440bb1a7ac8a5722ef77d23ee9340b379ca,0x2b218a7c4d1925e12f52195683b8baa6cfffe3df84bb3b7bbbc793689e7c83cf
theo_n,5,135,false,9,9,offchain,500,131,968565,,459074,,,64655,32.938300,0x2fe6349b77f8b704a4b6fda6a67fa440bb1a7ac8a5722ef77d23ee9340b379ca,0x25aefaa0411f101d91baa21b0091f5694ab2599803c26962de027fc233035fe3
theo_n,5,136,false,9,9,offchain,500,132,968565,,459074,,,64655,51.284600,0x2fe6349b77f8b704a4b6fda6a67fa440bb1a7ac8a5722ef77d23ee9340b379ca,0x17a70a53683d4b040c36c1fe255183f32f5dc797999a9319f4f4112c6a9a7c7e
theo_n,5,137,false,9,9,offchain,500,133,968565,,459074,,,64667,33.735300,0x2fe6349b77f8b704a4b6fda6a67fa440bb1a7ac8a5722ef77d23ee9340b379ca,0x3399af32c63ecf5d04c6da4150a7cbff1075ef256625390233572dc8c51752ea
theo_n,5,138,false,9,9,offchain,500,134,968565,,459074,,,64667,34.225800,0x2fe6349b77f8b704a4b6fda6a67fa440bb1a7ac8a5722ef77d23ee9340b379ca,0x2059c189bc871bf75ae46ccf0ba03b0242f2d9bf028cfd144bd09b783e6486a7
theo_n,5,139,false,9,9,offchain,500,135,968565,,459074,,,64655,31.711300,0x2fe6349b77f8b704a4b6fda6a67fa440bb1a7ac8a5722ef77d23ee9340b379ca,0x01483b9f8413ba2c3770285aa5ca88003e247d038f65cf7c8e04329bd4ef9fb1
theo_n,5,140,false,9,9,offchain,500,136,968565,,459074,,,64667,33.297400,0x2fe6349b77f8b704a4b6fda6a67fa440bb1a7ac8a5722ef77d23ee9340b379ca,0x3182b27c7f50b4f5591b48ea82a6812efc41aae5e762f089dcbfc44ffce137a0
theo_n,5,141,false,9,9,offchain,500,137,968565,,459074,,,64655,27.689600,0x2fe6349b77f8b704a4b6fda6a67fa440bb1a7ac8a5722ef77d23ee9340b379ca,0x12b939036c5f5a6600e63b632922fc5585be477ef3b774b41eabcea9dde66bb9
theo_n,5,142,false,9,9,offchain,500,138,968565,,459074,,,64667,30.094000,0x2fe6349b77f8b704a4b6fda6a67fa440bb1a7ac8a5722ef77d23ee9340b379ca,0x2c16b467a197afddb78e8a9e5831939c4dc8c1a85d9b04498c8dd859dc41ca60
theo_n,5,143,false,9,9,offchain,500,139,968565,,459074,,,64667,35.078400,0x2fe6349b77f8b704a4b6fda6a67fa440bb1a7ac8a5722ef77d23ee9340b379ca,0x079b101af881ff3d804382dee9b96204698a0119a104b27bc0d7571326b7fde0
theo_n,5,144,false,9,9,offchain,500,140,968565,,459074,,,64667,35.038500,0x2fe6349b77f8b704a4b6fda6a67fa440bb1a7ac8a5722ef77d23ee9340b379ca,0x19e60459517470537cdda65f9350fcb29de1d18f6de3ce2d26d063453f7a941c
theo_n,5,145,false,9,9,offchain,500,141,968565,,459074,,,64667,31.668900,0x2fe6349b77f8b704a4b6fda6a67fa440bb1a7ac8a5722ef77d23ee9340b379ca,0x10eb3619499b37f4eeb5f8ce964a3da71095b68758dd7850248ab17def031631
theo_n,5,146,false,9,9,offchain,500,142,968565,,459074,,,64667,25.885900,0x2fe6349b77f8b704a4b6fda6a67fa440bb1a7ac8a5722ef77d23ee9340b379ca,0x32f8601d3837a69cf0d53a7149a6ef9e290a6611a6328205091345073425a736
theo_n,5,147,false,9,9,offchain,500,143,968565,,459074,,,64667,32.012600,0x2fe6349b77f8b704a4b6fda6a67fa440bb1a7ac8a5722ef77d23ee9340b379ca,0x398fc2634d5f6ca65eb333e515f35ee4c90fceb72ef92352576d5be9db50547a
theo_n,5,148,false,9,9,offchain,500,144,968565,,459074,,,64667,32.700100,0x2fe6349b77f8b704a4b6fda6a67fa440bb1a7ac8a5722ef77d23ee9340b379ca,0x3e8ea1b06127b0023d665df6ed81fea19d43191da36ed477807d90072f8c1815
theo_n,5,149,false,9,9,offchain,500,145,968565,,459074,,,64667,30.504400,0x2fe6349b77f8b704a4b6fda6a67fa440bb1a7ac8a5722ef77d23ee9340b379ca,0x2c50b4f04b0b926fe4c16e8f9aaa9aa8ad930e9a47866c1e50e4e68f58906bd8
theo_n,5,150,false,9,9,offchain,500,146,968565,,459074,,,64655,28.639900,0x2fe6349b77f8b704a4b6fda6a67fa440bb1a7ac8a5722ef77d23ee9340b379ca,0x39a11cfc282eb588d3eb0fc40a8c7d8851fabcfad82e23c8b4cf395526b35b9d
theo_n,5,151,false,9,9,offchain,500,147,968565,,459074,,,64667,34.485300,0x2fe6349b77f8b704a4b6fda6a67fa440bb1a7ac8a5722ef77d23ee9340b379ca,0x3775c61e39491aaa4e9ab624a54cd1dc6c02f169415dbcd7f46790d1a41d7959
theo_n,5,152,false,9,9,offchain,500,148,968565,,459074,,,64667,28.702300,0x2fe6349b77f8b704a4b6fda6a67fa440bb1a7ac8a5722ef77d23ee9340b379ca,0x05f3478da4c9280431de1020e72a42e0a6930273bf7a93480c2dfbbbe6033d06
theo_n,5,153,false,9,9,offchain,500,149,968565,,459074,,,64667,27.790800,0x2fe6349b77f8b704a4b6fda6a67fa440bb1a7ac8a5722ef77d23ee9340b379ca,0x030cce050af4b5d35d4022cbcb0373675ad6997be5109433676c856817260626
theo_n,5,154,false,9,9,offchain,500,150,968565,,459074,,,64667,32.552400,0x2fe6349b77f8b704a4b6fda6a67fa440bb1a7ac8a5722ef77d23ee9340b379ca,0x111c7ea6a37c67383e91eaf03f5ab3472bcbc5bf9bbe05827503e4959341a4a1
theo_n,5,155,false,9,9,offchain,500,151,968565,,459074,,,64655,27.574300,0x2fe6349b77f8b704a4b6fda6a67fa440bb1a7ac8a5722ef77d23ee9340b379ca,0x2bfee613bf81411c56d7ef0c003115e225069dab061b90e23a92b98c8ddb26f0
theo_n,5,156,false,9,9,offchain,500,152,968565,,459074,,,64667,35.429500,0x2fe6349b77f8b704a4b6fda6a67fa440bb1a7ac8a5722ef77d23ee9340b379ca,0x383da1d3cf2b4eeffc1b06c810cfe86468f9bf5b7fe643f0b697fc5e1b8ab292
theo_n,5,157,false,9,9,offchain,500,153,968565,,459074,,,64667,27.390600,0x2fe6349b77f8b704a4b6fda6a67fa440bb1a7ac8a5722ef77d23ee9340b379ca,0x3f2d01f65c8b8e3be93bcde41582075e16e5aeb952017f8f2da5e019d3e11bb3
theo_n,5,158,false,9,9,offchain,500,154,968565,,459074,,,64667,31.032000,0x2fe6349b77f8b704a4b6fda6a67fa440bb1a7ac8a5722ef77d23ee9340b379ca,0x21380923866f671c7121d7026e7893bebc3ad0fd1eafa54a6c1ef9f7cf52785d
theo_n,5,159,false,9,9,offchain,500,155,968565,,459074,,,64667,28.863700,0x2fe6349b77f8b704a4b6fda6a67fa440bb1a7ac8a5722ef77d23ee9340b379ca,0x34771d528051bff6572f82c1c48e74a8bba5258f56d6ff8bacddf42e45104d6a
theo_n,5,160,false,9,9,offchain,500,156,968565,,459074,,,64655,84.767700,0x2fe6349b77f8b704a4b6fda6a67fa440bb1a7ac8a5722ef77d23ee9340b379ca,0x2100784b517b09d67e349bb488427c6b04de23e145a8194874ed65a9310e8861
theo_n,5,161,false,9,9,offchain,500,157,968565,,459074,,,64667,65.434300,0x2fe6349b77f8b704a4b6fda6a67fa440bb1a7ac8a5722ef77d23ee9340b379ca,0x0285a09a47a8fa691ba13880fdc9852c771638cc32c694d8b098031a4eb27497
theo_n,5,162,false,9,9,offchain,500,158,968565,,459074,,,64655,37.574900,0x2fe6349b77f8b704a4b6fda6a67fa440bb1a7ac8a5722ef77d23ee9340b379ca,0x1f6bee0fa69b1da9fd33c886502eb4f4125a1cb202a6c0edabcd48c39e3e5c00
theo_n,5,163,false,9,9,offchain,500,159,968565,,459074,,,64655,34.420900,0x2fe6349b77f8b704a4b6fda6a67fa440bb1a7ac8a5722ef77d23ee9340b379ca,0x003bd1345f5975eabb5f63ea452e1b10998e7652b3623d6c6193d19e6398d8c6
theo_n,5,164,false,9,9,offchain,500,160,968565,,459074,,,64655,45.246800,0x2fe6349b77f8b704a4b6fda6a67fa440bb1a7ac8a5722ef77d23ee9340b379ca,0x2921ba822ad6d8a81a6279252f1b385f548fe3027ab76082a833a84cfc2abe09
theo_n,5,165,false,9,9,offchain,500,161,968565,,459074,,,64667,33.112100,0x2fe6349b77f8b704a4b6fda6a67fa440bb1a7ac8a5722ef77d23ee9340b379ca,0x29c4fa1e011e41b79a4af8eb2aa0d14b9a4beecaa1acfd3045ecc3ef3b06c2bd
theo_n,5,166,false,9,9,offchain,500,162,968565,,459074,,,64667,33.440200,0x2fe6349b77f8b704a4b6fda6a67fa440bb1a7ac8a5722ef77d23ee9340b379ca,0x390b3baa40fc93b19b64ec900799079cc4c47fd9f7287fa8ebc0a95218b87163
theo_n,5,167,false,9,9,offchain,500,163,968565,,459074,,,64667,29.459900,0x2fe6349b77f8b704a4b6fda6a67fa440bb1a7ac8a5722ef77d23ee9340b379ca,0x20865171893a06ff4935b221f4e2776f8cbd781eff8b1f83b803d8808c58ec6a
theo_n,5,168,false,9,9,offchain,500,164,968565,,459074,,,64667,31.046700,0x2fe6349b77f8b704a4b6fda6a67fa440bb1a7ac8a5722ef77d23ee9340b379ca,0x29a76e3cc1f9dba9d4312df5f4a14fb4144d14d8831f4765b0bfe43a2e33262b
theo_n,5,169,false,9,9,offchain,500,165,968565,,459074,,,64667,36.508500,0x2fe6349b77f8b704a4b6fda6a67fa440bb1a7ac8a5722ef77d23ee9340b379ca,0x3ef54336234b9d64663652777cdf64f3e2319565d9b5d8726d67f181df78046e
theo_n,5,170,false,9,9,offchain,500,166,968565,,459074,,,64667,31.546600,0x2fe6349b77f8b704a4b6fda6a67fa440bb1a7ac8a5722ef77d23ee9340b379ca,0x33ec92559f58db46a2b4bc334db12e3522bc765c8b0977fcc99f3c725ba58f61
theo_n,5,171,false,9,9,offchain,500,167,968565,,459074,,,64667,29.525000,0x2fe6349b77f8b704a4b6fda6a67fa440bb1a7ac8a5722ef77d23ee9340b379ca,0x1bbfa9f6bb6015919b05a65c69f9bb223d1743a2bd6956aadaaf608e0975c1a0
theo_n,5,172,false,9,9,offchain,500,168,968565,,459074,,,64655,29.262200,0x2fe6349b77f8b704a4b6fda6a67fa440bb1a7ac8a5722ef77d23ee9340b379ca,0x3fcd47ce60762213f034ff04d8625884009e0ea9271e7aab6597ecedddd619bb
theo_n,5,173,false,9,9,offchain,500,169,968565,,459074,,,64667,34.261100,0x2fe6349b77f8b704a4b6fda6a67fa440bb1a7ac8a5722ef77d23ee9340b379ca,0x2fcea9f4f817a98ab8811bf19be916be59700107f1afe7ba961d3dc7691231dc
theo_n,5,174,false,9,9,offchain,500,170,968565,,459074,,,64667,33.061400,0x2fe6349b77f8b704a4b6fda6a67fa440bb1a7ac8a5722ef77d23ee9340b379ca,0x324edb1ce15cb89a0516107640a8a4c7c547b2dd3b7d396ca79e94647a282752
theo_n,5,175,false,9,9,offchain,500,171,968565,,459074,,,64667,34.151100,0x2fe6349b77f8b704a4b6fda6a67fa440bb1a7ac8a5722ef77d23ee9340b379ca,0x38fd2d423d1cdbbe4af263c8937e5990af18153247e6e5c9a0d219e4a4c9d321
theo_n,5,176,false,9,9,offchain,500,172,968565,,459074,,,64667,31.583000,0x2fe6349b77f8b704a4b6fda6a67fa440bb1a7ac8a5722ef77d23ee9340b379ca,0x30a365d6516963fdbd19185279f481dea56b074c1836598dfe107f23c503cf38
theo_n,5,177,false,9,9,offchain,500,173,968565,,459074,,,64667,36.220600,0x2fe6349b77f8b704a4b6fda6a67fa440bb1a7ac8a5722ef77d23ee9340b379ca,0x272209cfb65cddd8022626235236e58546c3379a49e24568c83f302ea6d5ecb9
theo_n,5,178,false,9,9,offchain,500,174,968565,,459074,,,64667,28.138500,0x2fe6349b77f8b704a4b6fda6a67fa440bb1a7ac8a5722ef77d23ee9340b379ca,0x2c84b8ba64a335b92e0bd7f5630eb3b6599e03482fc6624f3bea16212ef6a2ee
theo_n,5,179,false,9,9,offchain,500,175,968565,,459074,,,64667,30.597900,0x2fe6349b77f8b704a4b6fda6a67fa440bb1a7ac8a5722ef77d23ee9340b379ca,0x038dc1414214f5a4d9df4e7a126bf51b554edd9c5b313b919455b9677c1446d4
theo_n,5,180,false,9,9,offchain,500,176,968565,,459074,,,64667,33.165500,0x2fe6349b77f8b704a4b6fda6a67fa440bb1a7ac8a5722ef77d23ee9340b379ca,0x332415f37103751bfefaae181491f80c7b78afc00e928c0cf848720dcc56dd38
theo_n,5,181,false,9,9,offchain,500,177,968565,,459074,,,64667,31.834000,0x2fe6349b77f8b704a4b6fda6a67fa440bb1a7ac8a5722ef77d23ee9340b379ca,0x033d05a8d4a07be1c8e737f9c51f388d72d0719385f2b7696c9d254481e41ddb
theo_n,5,182,false,9,9,offchain,500,178,968565,,459074,,,64667,39.673400,0x2fe6349b77f8b704a4b6fda6a67fa440bb1a7ac8a5722ef77d23ee9340b379ca,0x197af70f9da7ce3f99f32d75e502198249641f5dbd2b5343d08fcb2dc41382e6
theo_n,5,183,false,9,9,offchain,500,179,968565,,459074,,,64655,29.416000,0x2fe6349b77f8b704a4b6fda6a67fa440bb1a7ac8a5722ef77d23ee9340b379ca,0x15ad64e669ba0728c4958183a0b2aa4c4d8e48942cc7c71caebf4945d503f3c2
theo_n,5,184,false,9,9,offchain,500,180,968565,,459074,,,64667,27.209800,0x2fe6349b77f8b704a4b6fda6a67fa440bb1a7ac8a5722ef77d23ee9340b379ca,0x142b57be2fea88cb35f3c7cd3935579d1db786cf39290c7d90e6febad20f5f58
theo_n,5,185,false,9,9,offchain,500,181,968565,,459074,,,64667,29.286600,0x2fe6349b77f8b704a4b6fda6a67fa440bb1a7ac8a5722ef77d23ee9340b379ca,0x2f344243fd50926daf10c60277b47aa96ab3ae49bee2ace467cdd29ef5f09e13
theo_n,5,186,false,9,9,offchain,500,182,968565,,459074,,,64655,63.262300,0x2fe6349b77f8b704a4b6fda6a67fa440bb1a7ac8a5722ef77d23ee9340b379ca,0x0f639c1300db549c48f1b27dafc8b040f3c1cfc9159e496d62be76a608e63acb
theo_n,5,187,false,9,9,offchain,500,183,968565,,459074,,,64655,61.349800,0x2fe6349b77f8b704a4b6fda6a67fa440bb1a7ac8a5722ef77d23ee9340b379ca,0x1112001707407a3e97cda0c1696dcd2afeb1de6c0edc2614bb7e66b10a9811f9
theo_n,5,188,false,9,9,offchain,500,184,968565,,459074,,,64667,43.006700,0x2fe6349b77f8b704a4b6fda6a67fa440bb1a7ac8a5722ef77d23ee9340b379ca,0x20b748016a081789c598c45980038297e9bf621eaab2a5ae4758dc9751b4fcb7
theo_n,5,189,false,9,9,offchain,500,185,968565,,459074,,,64667,42.998800,0x2fe6349b77f8b704a4b6fda6a67fa440bb1a7ac8a5722ef77d23ee9340b379ca,0x3b0467a870288df6b3ee6ac1ac0a244eea16665024e22239ab2a56ba0b6c6c4f
theo_n,5,190,false,9,9,offchain,500,186,968565,,459074,,,64667,34.542500,0x2fe6349b77f8b704a4b6fda6a67fa440bb1a7ac8a5722ef77d23ee9340b379ca,0x13d57e8cf606620453fc0dd19fe83051fda08037e0421d27a7db08ae4c65561d
theo_n,5,191,false,9,9,offchain,500,187,968565,,459074,,,64667,36.054900,0x2fe6349b77f8b704a4b6fda6a67fa440bb1a7ac8a5722ef77d23ee9340b379ca,0x1130d93cb72e0a14d1a6c1f441514c412afdd724723affb16edb8359a53ae6bf
theo_n,5,192,false,9,9,offchain,500,188,968565,,459074,,,64667,50.682800,0x2fe6349b77f8b704a4b6fda6a67fa440bb1a7ac8a5722ef77d23ee9340b379ca,0x21b3a9a5243fc7b838bf09e74ed1d83ca942fc6c57ceb042543f05a175f9557d
theo_n,5,193,false,9,9,offchain,500,189,968565,,459074,,,64655,37.346000,0x2fe6349b77f8b704a4b6fda6a67fa440bb1a7ac8a5722ef77d23ee9340b379ca,0x283a2c1e7554ab9c143d5264b60b1000f0b15c454c13d211e1a5ee74cabffad6
theo_n,5,194,false,9,9,offchain,500,190,968565,,459074,,,64667,36.183100,0x2fe6349b77f8b704a4b6fda6a67fa440bb1a7ac8a5722ef77d23ee9340b379ca,0x02ba6374c6c17cf95392731e7f87d92399dd5e0b23d1d9444bd12fb819da5711
theo_n,5,195,false,9,9,offchain,500,191,968565,,459074,,,64667,37.997700,0x2fe6349b77f8b704a4b6fda6a67fa440bb1a7ac8a5722ef77d23ee9340b379ca,0x0b1650951bc1e1fce7fb91cc2c021c1b19e3314cb416922c6372325ef8376576
theo_n,5,196,false,9,9,offchain,500,192,968565,,459074,,,64667,33.601000,0x2fe6349b77f8b704a4b6fda6a67fa440bb1a7ac8a5722ef77d23ee9340b379ca,0x2dd9ce672ac3eb17d6b5446e7e96708a8532b57a5981e26ade86270db1a6c039
theo_n,5,197,false,9,9,offchain,500,193,968565,,459074,,,64667,38.457300,0x2fe6349b77f8b704a4b6fda6a67fa440bb1a7ac8a5722ef77d23ee9340b379ca,0x1f2068c52ddda17eec4abb5d2cf7343d1f13c6ed173c337b495ff8a281cf745c
theo_n,5,198,false,9,9,offchain,500,194,968565,,459074,,,64667,38.231900,0x2fe6349b77f8b704a4b6fda6a67fa440bb1a7ac8a5722ef77d23ee9340b379ca,0x3d0b8feccd8e664dd8714b01524651cf9f56b0a504916d3c13a73b286c4db56a
theo_n,5,199,false,9,9,offchain,500,195,968565,,459074,,,64667,30.360500,0x2fe6349b77f8b704a4b6fda6a67fa440bb1a7ac8a5722ef77d23ee9340b379ca,0x331ca259bce438b00c014e3f806f228048c9a13f37e48da0b0ef3bf757e67c6e
theo_n,5,200,false,9,9,offchain,500,196,968565,,459074,,,64667,33.996500,0x2fe6349b77f8b704a4b6fda6a67fa440bb1a7ac8a5722ef77d23ee9340b379ca,0x0846074347fad563ae37b34419ca48d2834fb29a9f616efeedf63f972fdf03d4
theo_n,5,201,false,9,9,offchain,500,197,968565,,459074,,,64655,27.927500,0x2fe6349b77f8b704a4b6fda6a67fa440bb1a7ac8a5722ef77d23ee9340b379ca,0x273296438d1fe77303776b743600c96390e0a2c3a430e9083e134caad3aa6fa3
theo_n,5,202,false,9,9,offchain,500,198,968565,,459074,,,64667,39.528400,0x2fe6349b77f8b704a4b6fda6a67fa440bb1a7ac8a5722ef77d23ee9340b379ca,0x2abe995e621cbbcce94e5effcca70dcdb882e997843991c965267abd59c29cfa
theo_n,5,203,false,9,9,offchain,500,199,968565,,459074,,,64667,38.490100,0x2fe6349b77f8b704a4b6fda6a67fa440bb1a7ac8a5722ef77d23ee9340b379ca,0x1fac4fcd1b8acc574b6798e75ab10b59df880c73bafff58347aa86bc0a51c43e
theo_n,5,204,false,9,9,offchain,500,200,968565,,459074,,,64655,33.710500,0x2fe6349b77f8b704a4b6fda6a67fa440bb1a7ac8a5722ef77d23ee9340b379ca,0x1bc4d68efc00df7ee997830ff21f683f9546976b589eff36a51905b7fdfc58ca
theo_n,5,205,false,9,9,offchain,500,201,968565,,459074,,,64667,30.166200,0x2fe6349b77f8b704a4b6fda6a67fa440bb1a7ac8a5722ef77d23ee9340b379ca,0x3f284c76415dc4eee75c087ae3413c0ca08ea6399a5edeb35a5f334f21a539fe
theo_n,5,206,false,9,9,offchain,500,202,968565,,459074,,,64667,33.491200,0x2fe6349b77f8b704a4b6fda6a67fa440bb1a7ac8a5722ef77d23ee9340b379ca,0x24d1804c82c2912aaed224965411d6913e59524312d014390e98202a4aabc378
theo_n,5,207,false,9,9,offchain,500,203,968565,,459074,,,64667,30.879000,0x2fe6349b77f8b704a4b6fda6a67fa440bb1a7ac8a5722ef77d23ee9340b379ca,0x16cb24082fddf3a5f8222e0920ab3cb438d771e34626f517d4cba488e3962386
theo_n,5,208,false,9,9,offchain,500,204,968565,,459074,,,64667,30.379600,0x2fe6349b77f8b704a4b6fda6a67fa440bb1a7ac8a5722ef77d23ee9340b379ca,0x131ea3bfb78a1e6e6abab26bb71334dc6f0b601fa429fede863c93f9d818abb2
theo_n,5,209,false,9,9,offchain,500,205,968565,,459074,,,64667,78.963400,0x2fe6349b77f8b704a4b6fda6a67fa440bb1a7ac8a5722ef77d23ee9340b379ca,0x09596a76ddd57e516f66c2f9a6fcd8ec82d281c7ccc99fe91ec26cc1dd157db3
theo_n,5,210,false,9,9,offchain,500,206,968565,,459074,,,64667,56.785100,0x2fe6349b77f8b704a4b6fda6a67fa440bb1a7ac8a5722ef77d23ee9340b379ca,0x061604f7c3279342f527d4348f7ec1f2c05f8043dacd7f33ad21e53d4fc12390
theo_n,5,211,false,9,9,offchain,500,207,968565,,459074,,,64667,32.261500,0x2fe6349b77f8b704a4b6fda6a67fa440bb1a7ac8a5722ef77d23ee9340b379ca,0x0cd912920c5f798209af86070eef0d6cd0b48c09440772bc28bc9f6717e7c15f
theo_n,5,212,false,9,9,offchain,500,208,968565,,459074,,,64667,37.319700,0x2fe6349b77f8b704a4b6fda6a67fa440bb1a7ac8a5722ef77d23ee9340b379ca,0x30c8ef117e8748987515f4ca33bcbbae5e787d2a3a8978b39cf6574468b93c1d
theo_n,5,213,false,9,9,offchain,500,209,968565,,459074,,,64667,36.023200,0x2fe6349b77f8b704a4b6fda6a67fa440bb1a7ac8a5722ef77d23ee9340b379ca,0x1048d4d217c0b8e44608afcb1ac08d5c4519d821235db477249f52c86c1dc4f4
theo_n,5,214,false,9,9,offchain,500,210,968565,,459074,,,64655,37.900900,0x2fe6349b77f8b704a4b6fda6a67fa440bb1a7ac8a5722ef77d23ee9340b379ca,0x01064a3dd66fe61cea6fbc7fee4dd2e4bf4316a8fdfe2332c692bb40b5070076
theo_n,5,215,false,9,9,offchain,500,211,968565,,459074,,,64667,35.771000,0x2fe6349b77f8b704a4b6fda6a67fa440bb1a7ac8a5722ef77d23ee9340b379ca,0x21ba8af501a4cbfd9a1f3ef54a78e633b70c33ba4585940387538c4f892cfb4e
theo_n,5,216,false,9,9,offchain,500,212,968565,,459074,,,64667,41.507400,0x2fe6349b77f8b704a4b6fda6a67fa440bb1a7ac8a5722ef77d23ee9340b379ca,0x239fea907d60110ce7c16d7ff4b14c4a18324ffa6af0d06688050ca7878b6a52
theo_n,5,217,false,9,9,offchain,500,213,968565,,459074,,,64667,35.188700,0x2fe6349b77f8b704a4b6fda6a67fa440bb1a7ac8a5722ef77d23ee9340b379ca,0x24e94cd78cc4213c982225bcb2991090eb45ac53bb3f3263531d349b13975122
theo_n,5,218,false,9,9,offchain,500,214,968565,,459074,,,64667,36.859900,0x2fe6349b77f8b704a4b6fda6a67fa440bb1a7ac8a5722ef77d23ee9340b379ca,0x1f1a36958171b4ac69e853fa232864a4dfc364ad454b6c9e10ae0b744c1775d4
theo_n,5,219,false,9,9,offchain,500,215,968565,,459074,,,64667,31.882500,0x2fe6349b77f8b704a4b6fda6a67fa440bb1a7ac8a5722ef77d23ee9340b379ca,0x224f7c77edb5dbfe132092e810ac26ad4e6c093e53995d08e51b3212bddf8b5a
theo_n,5,220,false,9,9,offchain,500,216,968565,,459074,,,64667,29.233700,0x2fe6349b77f8b704a4b6fda6a67fa440bb1a7ac8a5722ef77d23ee9340b379ca,0x33c8f00b63241b99b8399696b5ac79215b8847d88b2836480c42c63c3b9338a6
theo_n,5,221,false,9,9,offchain,500,217,968565,,459074,,,64667,31.547700,0x2fe6349b77f8b704a4b6fda6a67fa440bb1a7ac8a5722ef77d23ee9340b379ca,0x22ef695b16b79a12ad82ef7b1578ebaf5624f0cc596cb1376280302cda5e6a44
theo_n,5,222,false,9,9,offchain,500,218,968565,,459074,,,64667,34.179800,0x2fe6349b77f8b704a4b6fda6a67fa440bb1a7ac8a5722ef77d23ee9340b379ca,0x271aa4fbf3693e5b18d829ee9c39cef6bc4da922a2168b6750324caad8d53f21
theo_n,5,223,false,9,9,offchain,500,219,968565,,459074,,,64667,37.533000,0x2fe6349b77f8b704a4b6fda6a67fa440bb1a7ac8a5722ef77d23ee9340b379ca,0x10a4ec0e9594c3d6874d43781b150c230f2ef42aa203d6f5ab383cafb7195b60
theo_n,5,224,false,9,9,offchain,500,220,968565,,459074,,,64667,34.659400,0x2fe6349b77f8b704a4b6fda6a67fa440bb1a7ac8a5722ef77d23ee9340b379ca,0x17249968cfb1672caa6753361693a65c8535d902c553ce902710ed8ff12c272b
theo_n,5,225,false,9,9,offchain,500,221,968565,,459074,,,64667,32.979800,0x2fe6349b77f8b704a4b6fda6a67fa440bb1a7ac8a5722ef77d23ee9340b379ca,0x1b626f535514e4e5a7c4d23db21fd87178cf55d4ddef6c4d32ea7d8a374b9675
theo_n,5,226,false,9,9,offchain,500,222,968565,,459074,,,64667,32.417300,0x2fe6349b77f8b704a4b6fda6a67fa440bb1a7ac8a5722ef77d23ee9340b379ca,0x10074f9eb31e9c6ecea33dd09b942747dde26ea5b43debd11bc3d66d758a78ba
theo_n,5,227,false,9,9,offchain,500,223,968565,,459074,,,64667,30.992400,0x2fe6349b77f8b704a4b6fda6a67fa440bb1a7ac8a5722ef77d23ee9340b379ca,0x08112b8d354d9aaba93692b831a531e7cedd8b1d5a47837c1fedc6aa7f2cae8f
theo_n,5,228,false,9,9,offchain,500,224,968565,,459074,,,64667,25.579400,0x2fe6349b77f8b704a4b6fda6a67fa440bb1a7ac8a5722ef77d23ee9340b379ca,0x04c3840cdc2e4aac80b4c247288eece9d5b17369096381a62cd10420152c2739
theo_n,5,229,false,9,9,offchain,500,225,968565,,459074,,,64667,39.262000,0x2fe6349b77f8b704a4b6fda6a67fa440bb1a7ac8a5722ef77d23ee9340b379ca,0x1d4b623b24f055a834f78f3cf3144039c437442f579b3ebc63271326089f9186
theo_n,5,230,false,9,9,offchain,500,226,968565,,459074,,,64667,30.566000,0x2fe6349b77f8b704a4b6fda6a67fa440bb1a7ac8a5722ef77d23ee9340b379ca,0x2035dedc2eb545642aed0f9606622c5f82294b4b6e544e06b55fd9e8134d213a
theo_n,5,231,false,9,9,offchain,500,227,968565,,459074,,,64667,32.712500,0x2fe6349b77f8b704a4b6fda6a67fa440bb1a7ac8a5722ef77d23ee9340b379ca,0x233ff9f8b02ec4c97f0d1bc984633b2db25ab99a09a83e88f6af57228c0311a3
theo_n,5,232,false,9,9,offchain,500,228,968565,,459074,,,64667,29.182100,0x2fe6349b77f8b704a4b6fda6a67fa440bb1a7ac8a5722ef77d23ee9340b379ca,0x3ce76251dd711f361f2658cafc9885d2de612f82c2243e29a406c3817fa99144
theo_n,5,233,false,9,9,offchain,500,229,968565,,459074,,,64667,32.571800,0x2fe6349b77f8b704a4b6fda6a67fa440bb1a7ac8a5722ef77d23ee9340b379ca,0x01960faf9d44f7a05a9903be0817035bb839c655259186de39824a0205fbf963
theo_n,5,234,false,9,9,offchain,500,230,968565,,459074,,,64655,38.048000,0x2fe6349b77f8b704a4b6fda6a67fa440bb1a7ac8a5722ef77d23ee9340b379ca,0x09bdcc85823e5cb6efe1689ca68d69f7f39a7b342925c6ef2010fb84dc0e5732
theo_n,5,235,false,9,9,offchain,500,231,968565,,459074,,,64667,30.882300,0x2fe6349b77f8b704a4b6fda6a67fa440bb1a7ac8a5722ef77d23ee9340b379ca,0x1cd8f78f237edd4acf466189caacbd6b709dcba35f9e32703c9dde9aa127717c
theo_n,5,236,false,9,9,offchain,500,232,968565,,459074,,,64667,33.657600,0x2fe6349b77f8b704a4b6fda6a67fa440bb1a7ac8a5722ef77d23ee9340b379ca,0x1c18dbcebe2485b6a83380729d5f98097e404059f6b7401f58ce6602117cc0aa
theo_n,5,237,false,9,9,offchain,500,233,968565,,459074,,,64667,31.269100,0x2fe6349b77f8b704a4b6fda6a67fa440bb1a7ac8a5722ef77d23ee9340b379ca,0x29101a89ba44f904e04e8c5f859ff4577a45e0fb480e1f4fb84efb96f84ed6a6
theo_n,5,238,false,9,9,offchain,500,234,968565,,459074,,,64655,67.841200,0x2fe6349b77f8b704a4b6fda6a67fa440bb1a7ac8a5722ef77d23ee9340b379ca,0x0d5ff26441a869edd16f94350c143401dc9839188f1a1cb63ed23c99584d6b0d
theo_n,5,239,false,9,9,offchain,500,235,968565,,459074,,,64667,61.942500,0x2fe6349b77f8b704a4b6fda6a67fa440bb1a7ac8a5722ef77d23ee9340b379ca,0x3fd663fdd4796c0eeb3d2683abcf10e017b1983ed977371a64649c27e26ccdb9
theo_n,5,240,false,9,9,offchain,500,236,968565,,459074,,,64667,31.774200,0x2fe6349b77f8b704a4b6fda6a67fa440bb1a7ac8a5722ef77d23ee9340b379ca,0x2a93c9f51214b5fcf5b02964ba34c8edd54e58bf4151b2599ffe6ece57b6d018
theo_n,5,241,false,9,9,offchain,500,237,968565,,459074,,,64667,28.607000,0x2fe6349b77f8b704a4b6fda6a67fa440bb1a7ac8a5722ef77d23ee9340b379ca,0x13dde27c637f6854bd1c54e4176e97040d810a20d57b43bf9d70d8efc282772d
theo_n,5,242,false,9,9,offchain,500,238,968565,,459074,,,64667,44.747500,0x2fe6349b77f8b704a4b6fda6a67fa440bb1a7ac8a5722ef77d23ee9340b379ca,0x135a4790752389135f911a23431ca22924c7e61a263b54ef292cd06734e0b3cc
theo_n,5,243,false,9,9,offchain,500,239,968565,,459074,,,64655,35.178900,0x2fe6349b77f8b704a4b6fda6a67fa440bb1a7ac8a5722ef77d23ee9340b379ca,0x2050f24f5a3174b112b4d9b8c0cb7d635b007b190fc7128d075c0fc98fc3479a
theo_n,5,244,false,9,9,offchain,500,240,968565,,459074,,,64667,32.034700,0x2fe6349b77f8b704a4b6fda6a67fa440bb1a7ac8a5722ef77d23ee9340b379ca,0x196828bf4d21e668dd09c7bfaf8edeaa2a2bb1af398e35710a9bb057ce7d5681
theo_n,5,245,false,9,9,offchain,500,241,968565,,459074,,,64667,33.275900,0x2fe6349b77f8b704a4b6fda6a67fa440bb1a7ac8a5722ef77d23ee9340b379ca,0x1c10b340a544df81f3b05cefd95c7c798f3d3b4bfc8da9e365685a531f0c8b63
theo_n,5,246,false,9,9,offchain,500,242,968565,,459074,,,64655,28.378600,0x2fe6349b77f8b704a4b6fda6a67fa440bb1a7ac8a5722ef77d23ee9340b379ca,0x1bff1965c200ea6f8b38aec6c6b925b4bfb622a3d2a195f279f0de996636dca4
theo_n,5,247,false,9,9,offchain,500,243,968565,,459074,,,64667,29.123900,0x2fe6349b77f8b704a4b6fda6a67fa440bb1a7ac8a5722ef77d23ee9340b379ca,0x10debae9933f4c4fb21aecdc3fba6aaa30a7b4e0831e6f3967fcace92487f0e1
theo_n,5,248,false,9,9,offchain,500,244,968565,,459074,,,64667,33.648900,0x2fe6349b77f8b704a4b6fda6a67fa440bb1a7ac8a5722ef77d23ee9340b379ca,0x2af5dff9b1175c3ae54eeed0b2ad06c1bfe7b4e45f17840e0a43099c8c03545d
theo_n,5,249,false,9,9,offchain,500,245,968565,,459074,,,64667,35.554200,0x2fe6349b77f8b704a4b6fda6a67fa440bb1a7ac8a5722ef77d23ee9340b379ca,0x0daf01b2722a42cd348621bafad98aec02bc3e1fe6a0b1db2bd1ed7031f74d2e
theo_n,5,250,false,9,9,offchain,500,246,968565,,459074,,,64667,26.813400,0x2fe6349b77f8b704a4b6fda6a67fa440bb1a7ac8a5722ef77d23ee9340b379ca,0x04b12b3f7d7b388ef7881281481d12de7f0dbc48bf6e17c93074dc50cb7fd9be
theo_n,5,251,false,9,9,offchain,500,247,968565,,459074,,,64667,29.168000,0x2fe6349b77f8b704a4b6fda6a67fa440bb1a7ac8a5722ef77d23ee9340b379ca,0x2d7b6585793e0c361bb72f842ede062d5a87d30940f720f426c2fa757faf5b63
theo_n,5,252,false,9,9,offchain,500,248,968565,,459074,,,64667,30.577900,0x2fe6349b77f8b704a4b6fda6a67fa440bb1a7ac8a5722ef77d23ee9340b379ca,0x1be9cacd9a4b9ba6df5a503dc09971d53f38a341768697792466962201878c83
theo_n,5,253,false,9,9,offchain,500,249,968565,,459074,,,64667,27.164400,0x2fe6349b77f8b704a4b6fda6a67fa440bb1a7ac8a5722ef77d23ee9340b379ca,0x2b0854285925fa638f2cffdd4ab25c7b473c93261467a83e9fae0feda21cc6fb
theo_n,5,254,false,9,9,offchain,500,250,968565,,459074,,,64667,30.172900,0x2fe6349b77f8b704a4b6fda6a67fa440bb1a7ac8a5722ef77d23ee9340b379ca,0x1d57d310321c49a17ab0081beb7b202ac05e6ec687754c6e2f432a1220113e1e
theo_n,5,255,false,9,9,offchain,500,251,968565,,459074,,,64655,34.193700,0x2fe6349b77f8b704a4b6fda6a67fa440bb1a7ac8a5722ef77d23ee9340b379ca,0x0003040b0b0c590dce2f7ff9c7bd0e713f9d8b8c05da94cc7347613303651102
theo_n,5,256,false,9,9,offchain,500,252,968565,,459074,,,64667,23.390500,0x2fe6349b77f8b704a4b6fda6a67fa440bb1a7ac8a5722ef77d23ee9340b379ca,0x21f766f2266ac60f05568f423178b36746f3c86bb0808fd706cc3984fe234dc2
theo_n,5,257,false,9,9,offchain,500,253,968565,,459074,,,64667,33.106500,0x2fe6349b77f8b704a4b6fda6a67fa440bb1a7ac8a5722ef77d23ee9340b379ca,0x252da4d2a4b0372e71095387166f170384f70d4de57b5852378c638259d30aba
theo_n,5,258,false,9,9,offchain,500,254,968565,,459074,,,64655,32.682100,0x2fe6349b77f8b704a4b6fda6a67fa440bb1a7ac8a5722ef77d23ee9340b379ca,0x27bb9c63654ccfde000b0c298d39903ed7f8ca14ad1a1a66197320ab1fa69e93
theo_n,5,259,false,9,9,offchain,500,255,968565,,459074,,,64667,33.050100,0x2fe6349b77f8b704a4b6fda6a67fa440bb1a7ac8a5722ef77d23ee9340b379ca,0x19cb507afbc830f4079adeb937659190969ccebb8e9ec80d0f6f9c15abea6c96
theo_n,5,260,false,9,9,offchain,500,256,968565,,459074,,,64655,35.534000,0x2fe6349b77f8b704a4b6fda6a67fa440bb1a7ac8a5722ef77d23ee9340b379ca,0x13af1a03f83f2b7047d438e28e321cabfe9b81d3b0f3e30bf6b68d60e61ccc66
theo_n,5,261,false,9,9,offchain,500,257,968565,,459074,,,64667,33.405100,0x2fe6349b77f8b704a4b6fda6a67fa440bb1a7ac8a5722ef77d23ee9340b379ca,0x1f9d4cfbcd073ff55fd28f14fdc6b04580e8a7b5cc0c815ba75860a438367297
theo_n,5,262,false,9,9,offchain,500,258,968565,,459074,,,64655,36.116500,0x2fe6349b77f8b704a4b6fda6a67fa440bb1a7ac8a5722ef77d23ee9340b379ca,0x16655f002f143b0ff157a38d7bfcf554efe1efa0f01bde17f81f1efd1dac5ae3
theo_n,5,263,false,9,9,offchain,500,259,968565,,459074,,,64655,103.084500,0x2fe6349b77f8b704a4b6fda6a67fa440bb1a7ac8a5722ef77d23ee9340b379ca,0x32e2b5c6eb79d56f6db51b9753908017b27b45c78992dc10c03ec056cd45d1e2
theo_n,5,264,false,9,9,offchain,500,260,968565,,459074,,,64667,67.302200,0x2fe6349b77f8b704a4b6fda6a67fa440bb1a7ac8a5722ef77d23ee9340b379ca,0x15acdef555d7be280128cdcd5173903bba3ea4a130d3ec6e586a9e2c925984fe
theo_n,5,265,false,9,9,offchain,500,261,968565,,459074,,,64667,60.375500,0x2fe6349b77f8b704a4b6fda6a67fa440bb1a7ac8a5722ef77d23ee9340b379ca,0x206f9e957151141c6b08e67861412b9979a6cb5473d656d57c6a3f28dbd71edd
theo_n,5,266,false,9,9,offchain,500,262,968565,,459074,,,64667,39.253200,0x2fe6349b77f8b704a4b6fda6a67fa440bb1a7ac8a5722ef77d23ee9340b379ca,0x1c0c03c3bb02085b517f2b0dd32060227e9a840d4113a6c0ed8e25ef6d037545
theo_n,5,267,false,9,9,offchain,500,263,968565,,459074,,,64667,37.172200,0x2fe6349b77f8b704a4b6fda6a67fa440bb1a7ac8a5722ef77d23ee9340b379ca,0x2ec2fe58ea1c1da21799f323afc5604c7565f777d6920ad3b971d88781ea8688
theo_n,5,268,false,9,9,offchain,500,264,968565,,459074,,,64667,52.668200,0x2fe6349b77f8b704a4b6fda6a67fa440bb1a7ac8a5722ef77d23ee9340b379ca,0x36871a7d5a642a72edb71998ebd57faab9df6f308647e14197d5d4ecc241279b
theo_n,5,269,false,9,9,offchain,500,265,968565,,459074,,,64667,41.096600,0x2fe6349b77f8b704a4b6fda6a67fa440bb1a7ac8a5722ef77d23ee9340b379ca,0x14427ba209a096888541ceaa3ad3513d71c4d7c051585268c45c9226dfe0b256
theo_n,5,270,false,9,9,offchain,500,266,968565,,459074,,,64667,33.117200,0x2fe6349b77f8b704a4b6fda6a67fa440bb1a7ac8a5722ef77d23ee9340b379ca,0x20d30c7b9347b468a850ccf3b369391ef9639cca1987c37584bd7d19ec6ede8c
theo_n,5,271,false,9,9,offchain,500,267,968565,,459074,,,64667,34.455700,0x2fe6349b77f8b704a4b6fda6a67fa440bb1a7ac8a5722ef77d23ee9340b379ca,0x2d9ccd0c2ac36559606a0f205863e02c9c2b2d5f640eaab7c1c6a56b1a103553
theo_n,5,272,false,9,9,offchain,500,268,968565,,459074,,,64667,30.600900,0x2fe6349b77f8b704a4b6fda6a67fa440bb1a7ac8a5722ef77d23ee9340b379ca,0x2b5161b66d16afe0c625e2606fef885e7c98f530e504c631fd79a05fadfe0c71
theo_n,5,273,false,9,9,offchain,500,269,968565,,459074,,,64667,33.030500,0x2fe6349b77f8b704a4b6fda6a67fa440bb1a7ac8a5722ef77d23ee9340b379ca,0x3e21369041a04980f41e38d2ac90d7a9b944478af8be5a41c9c7afdf9469d697
theo_n,5,274,false,9,9,offchain,500,270,968565,,459074,,,64667,33.176100,0x2fe6349b77f8b704a4b6fda6a67fa440bb1a7ac8a5722ef77d23ee9340b379ca,0x2de90771e0c245bdfa0b65bb6ee8361b444a0e72d505a6dccccd1649af6fd5c9
theo_n,5,275,false,9,9,offchain,500,271,968565,,459074,,,64667,38.050900,0x2fe6349b77f8b704a4b6fda6a67fa440bb1a7ac8a5722ef77d23ee9340b379ca,0x3cc0b7377f2fd4ecc5b1dc872298412fde0d67a692b168402caf8860c8195079
theo_n,5,276,false,9,9,offchain,500,272,968565,,459074,,,64655,32.213700,0x2fe6349b77f8b704a4b6fda6a67fa440bb1a7ac8a5722ef77d23ee9340b379ca,0x0fce8eb9bf34b6d3aa2cb311ca9f5c15dc716c28d4d9bb9555e44f0a08ecf8e1
theo_n,5,277,false,9,9,offchain,500,273,968565,,459074,,,64667,27.989600,0x2fe6349b77f8b704a4b6fda6a67fa440bb1a7ac8a5722ef77d23ee9340b379ca,0x05833828f42204b99a454594b21513ff2183c6a99a2b3944e3440f299bb4f266
theo_n,5,278,false,9,9,offchain,500,274,968565,,459074,,,64667,31.366800,0x2fe6349b77f8b704a4b6fda6a67fa440bb1a7ac8a5722ef77d23ee9340b379ca,0x214acd758d2cf355f7d8c5dec2d9e4e50194902c100b583c119a1c8bf2741569
theo_n,5,279,false,9,9,offchain,500,275,968565,,459074,,,64667,32.427600,0x2fe6349b77f8b704a4b6fda6a67fa440bb1a7ac8a5722ef77d23ee9340b379ca,0x2ec1cd97c107f5e7d43f5824152c3b203d583b4c2f8fe719016cf766bdc951f6
theo_n,5,280,false,9,9,offchain,500,276,968565,,459074,,,64667,35.843800,0x2fe6349b77f8b704a4b6fda6a67fa440bb1a7ac8a5722ef77d23ee9340b379ca,0x3db627a7bc1c038baa6bd3b87e0513ba54edd4efc8fce3b09e3faf1c88f5334b
theo_n,5,281,false,9,9,offchain,500,277,968565,,459074,,,64667,37.142200,0x2fe6349b77f8b704a4b6fda6a67fa440bb1a7ac8a5722ef77d23ee9340b379ca,0x3856ddcb158b17f68b73df84a4a414a2bfb3f8ddfd31447ba5d526e199cd1aa1
theo_n,5,282,false,9,9,offchain,500,278,968565,,459074,,,64667,39.628800,0x2fe6349b77f8b704a4b6fda6a67fa440bb1a7ac8a5722ef77d23ee9340b379ca,0x3c982d4cab23cc667f3153144ce83370da4c30519337576650456290fdef4cca
theo_n,5,283,false,9,9,offchain,500,279,968565,,459074,,,64667,34.813400,0x2fe6349b77f8b704a4b6fda6a67fa440bb1a7ac8a5722ef77d23ee9340b379ca,0x3a7dd69177b1615e8955d757be7644bfc671b3e6c0de5476c889722eb94fccc5
theo_n,5,284,false,9,9,offchain,500,280,968565,,459074,,,64667,33.482300,0x2fe6349b77f8b704a4b6fda6a67fa440bb1a7ac8a5722ef77d23ee9340b379ca,0x331d5755c5fdcedf8aa7d4dd13abebb69444e39cc8b7753bd20fbe209dc9bb9b
theo_n,5,285,false,9,9,offchain,500,281,968565,,459074,,,64643,35.102500,0x2fe6349b77f8b704a4b6fda6a67fa440bb1a7ac8a5722ef77d23ee9340b379ca,0x12456bad5ea5ac8701e9f1e0202e980193aac418c73990454cf01f0c6011efaf
theo_n,5,286,false,9,9,offchain,500,282,968565,,459074,,,64667,33.939000,0x2fe6349b77f8b704a4b6fda6a67fa440bb1a7ac8a5722ef77d23ee9340b379ca,0x2c5c303bcdfb63737d7b992cbfa56555f48a5d4cd771732f2cb35390b57dc9dc
theo_n,5,287,false,9,9,offchain,500,283,968565,,459074,,,64667,25.408100,0x2fe6349b77f8b704a4b6fda6a67fa440bb1a7ac8a5722ef77d23ee9340b379ca,0x398093a3ec3cb269bfeb8423a41a3c8706c772840b6047cb9b4426afce8a9426
theo_n,5,288,false,9,9,offchain,500,284,968565,,459074,,,64667,72.000600,0x2fe6349b77f8b704a4b6fda6a67fa440bb1a7ac8a5722ef77d23ee9340b379ca,0x3fde75cc892a5ba434cb91628f9126ab6df18b3ceb5d532a4efed441fd682489
theo_n,5,289,false,9,9,offchain,500,285,968565,,459074,,,64667,58.476200,0x2fe6349b77f8b704a4b6fda6a67fa440bb1a7ac8a5722ef77d23ee9340b379ca,0x1b488a0fc1dcc2b8432e72712ec910c013c293088017ac695bbb56dc71189a82
theo_n,5,290,false,9,9,offchain,500,286,968565,,459074,,,64667,37.063100,0x2fe6349b77f8b704a4b6fda6a67fa440bb1a7ac8a5722ef77d23ee9340b379ca,0x22fb4ba332ae52ec2d4024446d91d18f297796869446a3db080838619881e933
theo_n,5,291,false,9,9,offchain,500,287,968565,,459074,,,64643,44.300300,0x2fe6349b77f8b704a4b6fda6a67fa440bb1a7ac8a5722ef77d23ee9340b379ca,0x21f0d10ccf00498500d95ad876335c49b23c2fc18275790ae389669c8544088c
theo_n,5,292,false,9,9,offchain,500,288,968565,,459074,,,64667,36.898100,0x2fe6349b77f8b704a4b6fda6a67fa440bb1a7ac8a5722ef77d23ee9340b379ca,0x3ede0864c77dc19ead38c4624d41076c05baded30dec030b254489dacb314aa1
theo_n,5,293,false,9,9,offchain,500,289,968565,,459074,,,64667,39.946000,0x2fe6349b77f8b704a4b6fda6a67fa440bb1a7ac8a5722ef77d23ee9340b379ca,0x340a1d29a4decfa8de11ff64dae19d713515a9e9fad0946857f86c5058a12be3
theo_n,5,294,false,9,9,offchain,500,290,968565,,459074,,,64655,31.735700,0x2fe6349b77f8b704a4b6fda6a67fa440bb1a7ac8a5722ef77d23ee9340b379ca,0x17ebbf9bd7f1ef4bb43fc2aaf729e168d717fdaaed1618ea96a49e7a1ce8430b
theo_n,5,295,false,9,9,offchain,500,291,968565,,459074,,,64667,35.361600,0x2fe6349b77f8b704a4b6fda6a67fa440bb1a7ac8a5722ef77d23ee9340b379ca,0x3f524ee21daedd4379074e5c4d675d34891cff3535cd53839e421dea2a3d6e85
theo_n,5,296,false,9,9,offchain,500,292,968565,,459074,,,64667,39.844800,0x2fe6349b77f8b704a4b6fda6a67fa440bb1a7ac8a5722ef77d23ee9340b379ca,0x157335c3a9879e6b3c9e51fdc67047e050c7ab9ebcd8dcc49193385aae72d64e
theo_n,5,297,false,9,9,offchain,500,293,968565,,459074,,,64667,29.157100,0x2fe6349b77f8b704a4b6fda6a67fa440bb1a7ac8a5722ef77d23ee9340b379ca,0x13337dcf205363234901124ae87850237fba5a2cf97131377e393825d1790380
theo_n,5,298,false,9,9,offchain,500,294,968565,,459074,,,64667,36.759800,0x2fe6349b77f8b704a4b6fda6a67fa440bb1a7ac8a5722ef77d23ee9340b379ca,0x0dea04404a701c0cd65f783a999494ee6f3135a604dc6f671711d7d0df94b871
theo_n,5,299,false,9,9,offchain,500,295,968565,,459074,,,64667,33.853300,0x2fe6349b77f8b704a4b6fda6a67fa440bb1a7ac8a5722ef77d23ee9340b379ca,0x30f7ab3f5f6388b7ba4206b7fb8ceb4b450b9b4310d098a84b43a4b149c2d722
theo_n,5,300,false,9,9,offchain,500,296,968565,,459074,,,64667,35.842700,0x2fe6349b77f8b704a4b6fda6a67fa440bb1a7ac8a5722ef77d23ee9340b379ca,0x28a4af16d1084e7845235a5d5f63de2a12e7320ca6294a0942e081ff3bbacad9
theo_n,5,301,false,9,9,offchain,500,297,968565,,459074,,,64667,36.694500,0x2fe6349b77f8b704a4b6fda6a67fa440bb1a7ac8a5722ef77d23ee9340b379ca,0x3669da98be6664f44c90fb9012c1831e02bf594cac32b81e0b35209a0f0bb5df
theo_n,5,302,false,9,9,offchain,500,298,968565,,459074,,,64655,29.455600,0x2fe6349b77f8b704a4b6fda6a67fa440bb1a7ac8a5722ef77d23ee9340b379ca,0x207acd53d1b605cf54c1b07e87961e217936864c0f8d70631c7f4ccf00338787
theo_n,5,303,false,9,9,offchain,500,299,968565,,459074,,,64667,42.936400,0x2fe6349b77f8b704a4b6fda6a67fa440bb1a7ac8a5722ef77d23ee9340b379ca,0x36a9d881956a99b6c4d00e5cc062e85f306b1a4a7190cef1a2ef0846b0d191fd
theo_n,5,304,false,9,9,offchain,500,300,968565,,459074,,,64667,33.524900,0x2fe6349b77f8b704a4b6fda6a67fa440bb1a7ac8a5722ef77d23ee9340b379ca,0x3fae27074f78318b40a5df48f9a4168edf2929fc4ae11181ad1e34674ad615ae
theo_n,5,305,false,9,9,offchain,500,301,968565,,459074,,,64667,29.812200,0x2fe6349b77f8b704a4b6fda6a67fa440bb1a7ac8a5722ef77d23ee9340b379ca,0x179ed4f1e47bb2d4c7e943d5fcb028702e81f974502e699c16aded2d973ce903
theo_n,5,306,false,9,9,offchain,500,302,968565,,459074,,,64667,32.165200,0x2fe6349b77f8b704a4b6fda6a67fa440bb1a7ac8a5722ef77d23ee9340b379ca,0x257a10a072da953507bf7f7e39cf767facefa1ae5201db7269f3566da3a0db78
theo_n,5,307,false,9,9,offchain,500,303,968565,,459074,,,64667,31.366300,0x2fe6349b77f8b704a4b6fda6a67fa440bb1a7ac8a5722ef77d23ee9340b379ca,0x051b473f56ec28fe51543496572291a9273d057b8792a3cda248a8e3e1e72c63
theo_n,5,308,false,9,9,offchain,500,304,968565,,459074,,,64667,29.370000,0x2fe6349b77f8b704a4b6fda6a67fa440bb1a7ac8a5722ef77d23ee9340b379ca,0x33550cff5afe5a46c0fc9e6bbe27c1bd0d0eb09e731b2a2ad6ca242f176eee48
theo_n,5,309,false,9,9,offchain,500,305,968565,,459074,,,64667,41.457900,0x2fe6349b77f8b704a4b6fda6a67fa440bb1a7ac8a5722ef77d23ee9340b379ca,0x347f82166c38900f4a468baac0278c52182223cea86af366433ee9931c3c839b
theo_n,5,310,false,9,9,offchain,500,306,968565,,459074,,,64655,35.946500,0x2fe6349b77f8b704a4b6fda6a67fa440bb1a7ac8a5722ef77d23ee9340b379ca,0x1b7af93cf07c2cff41925485f3f11a822e3e54a05fc157c971dd2dd3caa252e0
theo_n,5,311,false,9,9,offchain,500,307,968565,,459074,,,64667,44.908800,0x2fe6349b77f8b704a4b6fda6a67fa440bb1a7ac8a5722ef77d23ee9340b379ca,0x3a4fef6a829b927be652b82d2ebb3859337bbe7c5f35aa83eae3a43c465dc17c
theo_n,5,312,false,9,9,offchain,500,308,968565,,459074,,,64667,59.481900,0x2fe6349b77f8b704a4b6fda6a67fa440bb1a7ac8a5722ef77d23ee9340b379ca,0x2a5170186b86aba23bc902c9f2fd58e05332b3d2e7d84c3f08a3582aae8e571b
theo_n,5,313,false,9,9,offchain,500,309,968565,,459074,,,64667,43.178800,0x2fe6349b77f8b704a4b6fda6a67fa440bb1a7ac8a5722ef77d23ee9340b379ca,0x171632cbe67b8a7f89caa9d0599bb09d50ab35a070d6d2208aace0c5b826a236
theo_n,5,314,false,9,9,offchain,500,310,968565,,459074,,,64667,34.638800,0x2fe6349b77f8b704a4b6fda6a67fa440bb1a7ac8a5722ef77d23ee9340b379ca,0x013788cf05df5b97a491378c5c86531a12ae3915164b08eb88b317230ac57204
theo_n,5,315,false,9,9,offchain,500,311,968565,,459074,,,64667,47.531400,0x2fe6349b77f8b704a4b6fda6a67fa440bb1a7ac8a5722ef77d23ee9340b379ca,0x0bcdb5fbccd7e14d5e7a421b030cba7754ffa4b72bda954f22a43bde7125a8ee
theo_n,5,316,false,9,9,offchain,500,312,968565,,459074,,,64667,40.136500,0x2fe6349b77f8b704a4b6fda6a67fa440bb1a7ac8a5722ef77d23ee9340b379ca,0x0b1a913db7e13ccb94206caa0a06615433f6757e7f11fd42df2b58de1f8462ad
theo_n,5,317,false,9,9,offchain,500,313,968565,,459074,,,64667,31.089000,0x2fe6349b77f8b704a4b6fda6a67fa440bb1a7ac8a5722ef77d23ee9340b379ca,0x28183fc9feb87ed8bd0f5bef335a502896c57e0580fb209ae814b76f95db15e6
theo_n,5,318,false,9,9,offchain,500,314,968565,,459074,,,64667,35.365400,0x2fe6349b77f8b704a4b6fda6a67fa440bb1a7ac8a5722ef77d23ee9340b379ca,0x39a87344e49adf7c12e72b95d5a757a75896a0eeba260715ac5b7df993b22ad3
theo_n,5,319,false,9,9,offchain,500,315,968565,,459074,,,64667,36.619300,0x2fe6349b77f8b704a4b6fda6a67fa440bb1a7ac8a5722ef77d23ee9340b379ca,0x0eee191ed5a62b9de7667c1788c1bc2988886fbb14d26fda11e78abbfdfbd49c
theo_n,5,320,false,9,9,offchain,500,316,968565,,459074,,,64667,34.968000,0x2fe6349b77f8b704a4b6fda6a67fa440bb1a7ac8a5722ef77d23ee9340b379ca,0x0ecd70e7cef9dba50bab70bf822dd8bea1c051e51d23c84becb490b7a952a76b
theo_n,5,321,false,9,9,offchain,500,317,968565,,459074,,,64667,31.196000,0x2fe6349b77f8b704a4b6fda6a67fa440bb1a7ac8a5722ef77d23ee9340b379ca,0x3158f43ace72da14dd6b26300c09a7b969d8544e0792be0786c39c8b3ba9345f
theo_n,5,322,false,9,9,offchain,500,318,968565,,459074,,,64667,37.525700,0x2fe6349b77f8b704a4b6fda6a67fa440bb1a7ac8a5722ef77d23ee9340b379ca,0x3713cd417ddd28e4f636acf46b0d2a2b069c5b5b9305797764c66795581075e8
theo_n,5,323,false,9,9,offchain,500,319,968565,,459074,,,64667,29.050000,0x2fe6349b77f8b704a4b6fda6a67fa440bb1a7ac8a5722ef77d23ee9340b379ca,0x2164cbce29a7cf495a8b71b01864fe7a90bdfab983596dc3d0b434da5a980108
theo_n,5,324,false,9,9,offchain,500,320,968565,,459074,,,64667,34.968400,0x2fe6349b77f8b704a4b6fda6a67fa440bb1a7ac8a5722ef77d23ee9340b379ca,0x20f2bd23c9ed0d7117d857701ebc07eadf7853be8ba31fa915c6839c5899e9ef
theo_n,5,325,false,9,9,offchain,500,321,968565,,459074,,,64667,33.823600,0x2fe6349b77f8b704a4b6fda6a67fa440bb1a7ac8a5722ef77d23ee9340b379ca,0x3597e04abb934a138da489621b0f15765db7308d36fce7c46e2792e512645315
theo_n,5,326,false,9,9,offchain,500,322,968565,,459074,,,64655,33.792800,0x2fe6349b77f8b704a4b6fda6a67fa440bb1a7ac8a5722ef77d23ee9340b379ca,0x3a701293f7c5a23f34bfce770d2803fb8f92196d1860967205c2c412a11f78d5
theo_n,5,327,false,9,9,offchain,500,323,968565,,459074,,,64655,34.734400,0x2fe6349b77f8b704a4b6fda6a67fa440bb1a7ac8a5722ef77d23ee9340b379ca,0x11041ba6a9ec3b138050f1ab766baacb1c22c088e02f8582213671563dce0dab
theo_n,5,328,false,9,9,offchain,500,324,968565,,459074,,,64667,32.225500,0x2fe6349b77f8b704a4b6fda6a67fa440bb1a7ac8a5722ef77d23ee9340b379ca,0x1eea43fd85f24d8eb08c09904728517c6f0c63eea53dcd8f2a7e37e6d0255896
theo_n,5,329,false,9,9,offchain,500,325,968565,,459074,,,64667,35.354600,0x2fe6349b77f8b704a4b6fda6a67fa440bb1a7ac8a5722ef77d23ee9340b379ca,0x0e1f7beb5bc8c79b8ed2cd2df1f5a03110a0719a39ee4339cbec85c5940a74f9
theo_n,5,330,false,9,9,offchain,500,326,968565,,459074,,,64667,31.084700,0x2fe6349b77f8b704a4b6fda6a67fa440bb1a7ac8a5722ef77d23ee9340b379ca,0x04e8ef58a3bd6c7f38cf6f14c65181eda94b34915bf24e27146c41fe0d6560be
theo_n,5,331,false,9,9,offchain,500,327,968565,,459074,,,64667,24.905300,0x2fe6349b77f8b704a4b6fda6a67fa440bb1a7ac8a5722ef77d23ee9340b379ca,0x26246755fecd067b39a8e935e54a4e4412200f2976bf6f04b38655d28968c044
theo_n,5,332,false,9,9,offchain,500,328,968565,,459074,,,64667,34.035900,0x2fe6349b77f8b704a4b6fda6a67fa440bb1a7ac8a5722ef77d23ee9340b379ca,0x2e5ed345613174629d8d0c1c7e6fca731d1f298a7b35eaa0c22874528ca44b14
theo_n,5,333,false,9,9,offchain,500,329,968565,,459074,,,64667,33.246700,0x2fe6349b77f8b704a4b6fda6a67fa440bb1a7ac8a5722ef77d23ee9340b379ca,0x1ce4878c276eaac2c919e2a0f48adcdc76e6aedfa92a1b0f492bf12b2af33f60
theo_n,5,334,false,9,9,offchain,500,330,968565,,459074,,,64667,32.211800,0x2fe6349b77f8b704a4b6fda6a67fa440bb1a7ac8a5722ef77d23ee9340b379ca,0x0feafc223ea42d9589ed7dc80fff327b46bd9cfb2b2ca8a0988bde5c8d9d863d
theo_n,5,335,false,9,9,offchain,500,331,968565,,459074,,,64655,36.921300,0x2fe6349b77f8b704a4b6fda6a67fa440bb1a7ac8a5722ef77d23ee9340b379ca,0x0e475319efaeda817757ae6de3c7b4b115eb55403500b7dfca1bda72e222d8b1
theo_n,5,336,false,9,9,offchain,500,332,968565,,459074,,,64667,57.028300,0x2fe6349b77f8b704a4b6fda6a67fa440bb1a7ac8a5722ef77d23ee9340b379ca,0x13dae4f73fb8ad970f7bb2776a879a7449d7fd3a88f49771e84d43ffc3255cc9
theo_n,5,337,false,9,9,offchain,500,333,968565,,459074,,,64667,65.935900,0x2fe6349b77f8b704a4b6fda6a67fa440bb1a7ac8a5722ef77d23ee9340b379ca,0x2a9af6815b5db105ccef9d46a5e41c903a16795ed7579b131e2170167e9f93d3
theo_n,5,338,false,9,9,offchain,500,334,968565,,459074,,,64667,31.449400,0x2fe6349b77f8b704a4b6fda6a67fa440bb1a7ac8a5722ef77d23ee9340b379ca,0x11bbbf1caa40d9afa60d20142dc7b40ae4c47413b10780dc49a3656b0cad8f9a
theo_n,5,339,false,9,9,offchain,500,335,968565,,459074,,,64667,34.613700,0x2fe6349b77f8b704a4b6fda6a67fa440bb1a7ac8a5722ef77d23ee9340b379ca,0x19ecbcd0233d6c5d3f9baf4d27ed7e9e0c3848253d725b375bb60867e649f3d9
theo_n,5,340,false,9,9,offchain,500,336,968565,,459074,,,64667,34.134900,0x2fe6349b77f8b704a4b6fda6a67fa440bb1a7ac8a5722ef77d23ee9340b379ca,0x3dcc71fab3c774dfa96e1df6ffdace3f3b2073e9ed443e576727638e8f28f713
theo_n,5,341,false,9,9,offchain,500,337,968565,,459074,,,64667,36.998600,0x2fe6349b77f8b704a4b6fda6a67fa440bb1a7ac8a5722ef77d23ee9340b379ca,0x2b1048ca7c72ab76435f1c2f09d95a106d813e5e0dd341a4497247c766f58067
theo_n,5,342,false,9,9,offchain,500,338,968565,,459074,,,64667,39.015100,0x2fe6349b77f8b704a4b6fda6a67fa440bb1a7ac8a5722ef77d23ee9340b379ca,0x1f859c226fa916bad9c684a17fde078129fa30ceca3b0f6b8cff1e0192022653
theo_n,5,343,false,9,9,offchain,500,339,968565,,459074,,,64667,34.968200,0x2fe6349b77f8b704a4b6fda6a67fa440bb1a7ac8a5722ef77d23ee9340b379ca,0x11d2cacbaeaae9e3e739ff084d60cc7a2b2a51a16f95e1fc934bc24a8b9ac4bd
theo_n,5,344,false,9,9,offchain,500,340,968565,,459074,,,64667,36.045700,0x2fe6349b77f8b704a4b6fda6a67fa440bb1a7ac8a5722ef77d23ee9340b379ca,0x20a6237640b652c2ec5a6b3cde15c5cc3e91bb391eb0f6f9ae9c8ef77ce520d9
theo_n,5,345,false,9,9,offchain,500,341,968565,,459074,,,64655,33.304900,0x2fe6349b77f8b704a4b6fda6a67fa440bb1a7ac8a5722ef77d23ee9340b379ca,0x23267799196fe59cf8521dba9ac922378800fcfad499bd64f6b09b35a533382c
theo_n,5,346,false,9,9,offchain,500,342,968565,,459074,,,64643,28.688800,0x2fe6349b77f8b704a4b6fda6a67fa440bb1a7ac8a5722ef77d23ee9340b379ca,0x008c87b89c78cc57932522061498ea65abd02940d360b323de35bd5cd452bf2f
theo_n,5,347,false,9,9,offchain,500,343,968565,,459074,,,64667,32.552600,0x2fe6349b77f8b704a4b6fda6a67fa440bb1a7ac8a5722ef77d23ee9340b379ca,0x33e842b06e948f99c3241747cdf4ed2d211f74f0deb364d517de542f9cfdea76
theo_n,5,348,false,9,9,offchain,500,344,968565,,459074,,,64667,37.233800,0x2fe6349b77f8b704a4b6fda6a67fa440bb1a7ac8a5722ef77d23ee9340b379ca,0x05e5e60147e8d2e2c9a4b1ad50a0a96d938eecbe964e4fce44f2596131450a22
theo_n,5,349,false,9,9,offchain,500,345,968565,,459074,,,64655,31.828900,0x2fe6349b77f8b704a4b6fda6a67fa440bb1a7ac8a5722ef77d23ee9340b379ca,0x011b716aeeb26286a543b77a9234d4fba9f30010faf2942d8545354ff3282c36
theo_n,5,350,false,9,9,offchain,500,346,968565,,459074,,,64655,32.958400,0x2fe6349b77f8b704a4b6fda6a67fa440bb1a7ac8a5722ef77d23ee9340b379ca,0x24c1cc499b4c66d2811e8bf3f46762c620849bddcbb107395dbc006881ff2e93
theo_n,5,351,false,9,9,offchain,500,347,968565,,459074,,,64667,35.053900,0x2fe6349b77f8b704a4b6fda6a67fa440bb1a7ac8a5722ef77d23ee9340b379ca,0x2a82e7c0a7493283de9d7235505483fb52f564e7c17b0f6c68e1628888a98aae
theo_n,5,352,false,9,9,offchain,500,348,968565,,459074,,,64667,32.533700,0x2fe6349b77f8b704a4b6fda6a67fa440bb1a7ac8a5722ef77d23ee9340b379ca,0x13bbf2f0951ef946b35efc83f75af9cb87cd8ca84cf7a8d02d2fcbedd30a2b06
theo_n,5,353,false,9,9,offchain,500,349,968565,,459074,,,64667,35.953300,0x2fe6349b77f8b704a4b6fda6a67fa440bb1a7ac8a5722ef77d23ee9340b379ca,0x026ddb8d253c842fd31bafe8d44d63f0e7222dfb62bff3244a09138f2cb1262e
theo_n,5,354,false,9,9,offchain,500,350,968565,,459074,,,64667,31.057600,0x2fe6349b77f8b704a4b6fda6a67fa440bb1a7ac8a5722ef77d23ee9340b379ca,0x13c6f51707e7ab8a10b57d92407e719a900fb331cb123f39e39dd00c59bf206e
theo_n,5,355,false,9,9,offchain,500,351,968565,,459074,,,64667,40.040000,0x2fe6349b77f8b704a4b6fda6a67fa440bb1a7ac8a5722ef77d23ee9340b379ca,0x326793c06bcbf56be496c63804b6ce49d4f524894d05524920463eb1f405219b
theo_n,5,356,false,9,9,offchain,500,352,968565,,459074,,,64667,34.211600,0x2fe6349b77f8b704a4b6fda6a67fa440bb1a7ac8a5722ef77d23ee9340b379ca,0x2a785a4ab903731680b64b192038c7225ff9481122529ba90a243d5243421419
theo_n,5,357,false,9,9,offchain,500,353,968565,,459074,,,64667,34.704000,0x2fe6349b77f8b704a4b6fda6a67fa440bb1a7ac8a5722ef77d23ee9340b379ca,0x1ac34198255b23ce92d3efcd9ed10a68aca01cc91af53b232c243f2077e9d8ca
theo_n,5,358,false,9,9,offchain,500,354,968565,,459074,,,64667,37.259600,0x2fe6349b77f8b704a4b6fda6a67fa440bb1a7ac8a5722ef77d23ee9340b379ca,0x0ece68e28fa66c858202ec7e2b0122b790d3c8a6e32164de2ccff3f2f8f9c1cd
theo_n,5,359,false,9,9,offchain,500,355,968565,,459074,,,64667,35.732000,0x2fe6349b77f8b704a4b6fda6a67fa440bb1a7ac8a5722ef77d23ee9340b379ca,0x3fb5b4605b8c379a43823d36cad4659531e671fb44eaac20784a6e297b6b185a
theo_n,5,360,false,9,9,offchain,500,356,968565,,459074,,,64667,37.784000,0x2fe6349b77f8b704a4b6fda6a67fa440bb1a7ac8a5722ef77d23ee9340b379ca,0x21569add1ae527eac5dee3180e1fbbbdab52d47bbd92292baf1ce1266d839fe2
theo_n,5,361,false,9,9,offchain,500,357,968565,,459074,,,64667,45.824400,0x2fe6349b77f8b704a4b6fda6a67fa440bb1a7ac8a5722ef77d23ee9340b379ca,0x2190cb22b8717fc0037afcaec5b056909afa93753955b5637fe50ac35f7688cf
theo_n,5,362,false,9,9,offchain,500,358,968565,,459074,,,64667,77.376600,0x2fe6349b77f8b704a4b6fda6a67fa440bb1a7ac8a5722ef77d23ee9340b379ca,0x129736d53a640c95ca9cec89e0d9f9ec7b3e3aa8c73427ed8d11c6285b19ab42
theo_n,5,363,false,9,9,offchain,500,359,968565,,459074,,,64667,58.356100,0x2fe6349b77f8b704a4b6fda6a67fa440bb1a7ac8a5722ef77d23ee9340b379ca,0x1578dced60b0bd291ce8f05f8191d20f4249f1357f2cd2e902c02b9b479e33ee
theo_n,5,364,false,9,9,offchain,500,360,968565,,459074,,,64667,34.130000,0x2fe6349b77f8b704a4b6fda6a67fa440bb1a7ac8a5722ef77d23ee9340b379ca,0x233878d89fbc8ae41d1378e8c1a297efaba276372c6530c711c097556b0d6ede
theo_n,5,365,false,9,9,offchain,500,361,968565,,459074,,,64667,46.897400,0x2fe6349b77f8b704a4b6fda6a67fa440bb1a7ac8a5722ef77d23ee9340b379ca,0x3a089bd539d33fe66e3e981b9b4c43c00a1380eb25eb1e6c38799369b9ea8b65
theo_n,5,366,false,9,9,offchain,500,362,968565,,459074,,,64667,39.368900,0x2fe6349b77f8b704a4b6fda6a67fa440bb1a7ac8a5722ef77d23ee9340b379ca,0x02e9489b7e19c32707c75e2fb97be6d79420a4a232fbd440ac12beaecc6eacd4
theo_n,5,367,false,9,9,offchain,500,363,968565,,459074,,,64667,32.353700,0x2fe6349b77f8b704a4b6fda6a67fa440bb1a7ac8a5722ef77d23ee9340b379ca,0x1129b0c78fd745eae82f15d7cf92a7a6a845343bd62256749101cf2f1a2e4c4d
theo_n,5,368,false,9,9,offchain,500,364,968565,,459074,,,64667,42.649100,0x2fe6349b77f8b704a4b6fda6a67fa440bb1a7ac8a5722ef77d23ee9340b379ca,0x3da8527b99c305c392fbfd5b3a4a991d111f71e0c8a78d67507376d1e94f3965
theo_n,5,369,false,9,9,offchain,500,365,968565,,459074,,,64667,34.889100,0x2fe6349b77f8b704a4b6fda6a67fa440bb1a7ac8a5722ef77d23ee9340b379ca,0x042d5a1e48d2bf3bd28eb0fc24f1bfc8e189623ee458395c929d2429dae4442f
theo_n,5,370,false,9,9,offchain,500,366,968565,,459074,,,64667,36.676800,0x2fe6349b77f8b704a4b6fda6a67fa440bb1a7ac8a5722ef77d23ee9340b379ca,0x374f33159c146e929ca5e328eab53d92a8e8884fa2f86cd62d37567a33e1a097
theo_n,5,371,false,9,9,offchain,500,367,968565,,459074,,,64667,29.881900,0x2fe6349b77f8b704a4b6fda6a67fa440bb1a7ac8a5722ef77d23ee9340b379ca,0x075352174bb597312f9de58525b513aa9c1a0fb332e10136431936e4861f718b
theo_n,5,372,false,9,9,offchain,500,368,968565,,459074,,,64655,38.096500,0x2fe6349b77f8b704a4b6fda6a67fa440bb1a7ac8a5722ef77d23ee9340b379ca,0x3a17f2cc008f2c1cec3fd09e6c832a4e68e4fc160f8159930d5f1ece679a441c
theo_n,5,373,false,9,9,offchain,500,369,968565,,459074,,,64667,32.558700,0x2fe6349b77f8b704a4b6fda6a67fa440bb1a7ac8a5722ef77d23ee9340b379ca,0x37b4cccdf08f4492d349745827729d64bbbbecb9811fb5defc9442e3717bf1cb
theo_n,5,374,false,9,9,offchain,500,370,968565,,459074,,,64667,44.108700,0x2fe6349b77f8b704a4b6fda6a67fa440bb1a7ac8a5722ef77d23ee9340b379ca,0x035ef62a1666ae0b02052216bacd31c279328d9a072d3a0fc1a2a0662738f740
theo_n,5,375,false,9,9,offchain,500,371,968565,,459074,,,64667,35.992200,0x2fe6349b77f8b704a4b6fda6a67fa440bb1a7ac8a5722ef77d23ee9340b379ca,0x10ba46cae20a9c421f1f0690b1e02a94a2c83bc5f14cadb487e8d219812a623a
theo_n,5,376,false,9,9,offchain,500,372,968565,,459074,,,64667,36.435200,0x2fe6349b77f8b704a4b6fda6a67fa440bb1a7ac8a5722ef77d23ee9340b379ca,0x0b268baed98346a87778c554922b4611b5b073c2c8db0ad259fbc7a8b742d395
theo_n,5,377,false,9,9,offchain,500,373,968565,,459074,,,64655,34.364300,0x2fe6349b77f8b704a4b6fda6a67fa440bb1a7ac8a5722ef77d23ee9340b379ca,0x11f002b23237094e2e05eef8d181e739a6b0523b73ab31081561e59b11fe10d0
theo_n,5,378,false,9,9,offchain,500,374,968565,,459074,,,64667,32.774000,0x2fe6349b77f8b704a4b6fda6a67fa440bb1a7ac8a5722ef77d23ee9340b379ca,0x3738afc4528020bc3732e8d1a66ee12ac4fe368b12952cea53eee21e014c58f6
theo_n,5,379,false,9,9,offchain,500,375,968565,,459074,,,64667,30.946100,0x2fe6349b77f8b704a4b6fda6a67fa440bb1a7ac8a5722ef77d23ee9340b379ca,0x0b12c1a884e88866e4cbc3a87953722b865c93e70b62920cad0fa4f182984fe7
theo_n,5,380,false,9,9,offchain,500,376,968565,,459074,,,64667,35.356200,0x2fe6349b77f8b704a4b6fda6a67fa440bb1a7ac8a5722ef77d23ee9340b379ca,0x2de70f6291ae06b5a1c5819bf3fa7e836e6d130dc5cfeb3fde08d0dad953be0d
theo_n,5,381,false,9,9,offchain,500,377,968565,,459074,,,64667,41.496200,0x2fe6349b77f8b704a4b6fda6a67fa440bb1a7ac8a5722ef77d23ee9340b379ca,0x2340d67cb0b0ee0ac46f075b0f811c160bc5b5505b9520e13e19d10c4f190b2e
theo_n,5,382,false,9,9,offchain,500,378,968565,,459074,,,64667,34.570600,0x2fe6349b77f8b704a4b6fda6a67fa440bb1a7ac8a5722ef77d23ee9340b379ca,0x0529dafcf5a6f2872f62d09a548256ea171d3de17be784115826d5e20ab80de2
theo_n,5,383,false,9,9,offchain,500,379,968565,,459074,,,64667,34.478300,0x2fe6349b77f8b704a4b6fda6a67fa440bb1a7ac8a5722ef77d23ee9340b379ca,0x3e1c806ad5148452804b6382cbf1920552432565d63a6ed0f9656008d14be5ab
theo_n,5,384,false,9,9,offchain,500,380,968565,,459074,,,64667,32.578000,0x2fe6349b77f8b704a4b6fda6a67fa440bb1a7ac8a5722ef77d23ee9340b379ca,0x28f408e14b0a24ff7fd5c4e448cf69da0c0ea5c9015e52e92625706da6cbb5de
theo_n,5,385,false,9,9,offchain,500,381,968565,,459074,,,64655,32.961700,0x2fe6349b77f8b704a4b6fda6a67fa440bb1a7ac8a5722ef77d23ee9340b379ca,0x37002acc711b23105cea799b1f74dd32db4c6b3c2f1a239f202b40ebba1c7a1a
theo_n,5,386,false,9,9,offchain,500,382,968565,,459074,,,64667,33.945400,0x2fe6349b77f8b704a4b6fda6a67fa440bb1a7ac8a5722ef77d23ee9340b379ca,0x0ad3f8032521ba04ffcd84af6bbb0f2f23c4cf6ed3ae1aa844fb2d2eed83761a
theo_n,5,387,false,9,9,offchain,500,383,968565,,459074,,,64667,38.332300,0x2fe6349b77f8b704a4b6fda6a67fa440bb1a7ac8a5722ef77d23ee9340b379ca,0x1a8fae573317e02deebf6e3f3cf71f48cd6a883242b271017f8653b41eea5609
theo_n,5,388,false,9,9,offchain,500,384,968565,,459074,,,64667,79.295100,0x2fe6349b77f8b704a4b6fda6a67fa440bb1a7ac8a5722ef77d23ee9340b379ca,0x17efbd9b6c261dba41228775e46535f336fcb9e9e5c3586cbcb3e40bbe3703c7
theo_n,5,389,false,9,9,offchain,500,385,968565,,459074,,,64655,48.324700,0x2fe6349b77f8b704a4b6fda6a67fa440bb1a7ac8a5722ef77d23ee9340b379ca,0x0007f8c57a174dea30f97f2bd65a127798c24a0e119e8f10774b22887554208f
theo_n,5,390,false,9,9,offchain,500,386,968565,,459074,,,64667,29.775400,0x2fe6349b77f8b704a4b6fda6a67fa440bb1a7ac8a5722ef77d23ee9340b379ca,0x0ebe5e703e22a677886e132cbcbcbae892c71a7e546c89607bc3143fb1a9fe65
theo_n,5,391,false,9,9,offchain,500,387,968565,,459074,,,64667,36.886100,0x2fe6349b77f8b704a4b6fda6a67fa440bb1a7ac8a5722ef77d23ee9340b379ca,0x09c70756981fddd8607cfc8f849599f7371618dcc04162976b79f47ce6ba3757
theo_n,5,392,false,9,9,offchain,500,388,968565,,459074,,,64667,36.191300,0x2fe6349b77f8b704a4b6fda6a67fa440bb1a7ac8a5722ef77d23ee9340b379ca,0x155869798febc9ecb2551cad19e79dc00b155bfa29559fe1261ef2f487ddf703
theo_n,5,393,false,9,9,offchain,500,389,968565,,459074,,,64667,32.817900,0x2fe6349b77f8b704a4b6fda6a67fa440bb1a7ac8a5722ef77d23ee9340b379ca,0x319bd6cfccaaf092ec5822b4d997bfcf3cde92c3d68bf7d4fb633a4587893e28
theo_n,5,394,false,9,9,offchain,500,390,968565,,459074,,,64667,36.610000,0x2fe6349b77f8b704a4b6fda6a67fa440bb1a7ac8a5722ef77d23ee9340b379ca,0x261de1ec6c6a78cce00bf993c58bcfdf7a8d1e8c658d5ee5f5d31181ebedcdb9
theo_n,5,395,false,9,9,offchain,500,391,968565,,459074,,,64667,27.943800,0x2fe6349b77f8b704a4b6fda6a67fa440bb1a7ac8a5722ef77d23ee9340b379ca,0x01332cc5ca3061b027fe435f19121ae29e16e76e32873c9229c3b8497991ff6c
theo_n,5,396,false,9,9,offchain,500,392,968565,,459074,,,64667,38.531400,0x2fe6349b77f8b704a4b6fda6a67fa440bb1a7ac8a5722ef77d23ee9340b379ca,0x01cb378e68d25abc36049bbc8760774aa76e0d1d6339b1fb08706a4002e00aa9
theo_n,5,397,false,9,9,offchain,500,393,968565,,459074,,,64667,36.056700,0x2fe6349b77f8b704a4b6fda6a67fa440bb1a7ac8a5722ef77d23ee9340b379ca,0x1bfd5883a01607c559d2bc2025067c8f5d34ac0417c50a9dd06daaced5e6ae47
theo_n,5,398,false,9,9,offchain,500,394,968565,,459074,,,64655,35.014000,0x2fe6349b77f8b704a4b6fda6a67fa440bb1a7ac8a5722ef77d23ee9340b379ca,0x06b2ff4837c6fca500963fb4613f52699eb0d585a21e344150afaf5debd68768
theo_n,5,399,false,9,9,offchain,500,395,968565,,459074,,,64667,31.340800,0x2fe6349b77f8b704a4b6fda6a67fa440bb1a7ac8a5722ef77d23ee9340b379ca,0x1d1cb6e530fd074c994d87bec78057495a6fe90ac3049144ccf0539c1d0e9efd
theo_n,5,400,false,9,9,offchain,500,396,968565,,459074,,,64667,37.148200,0x2fe6349b77f8b704a4b6fda6a67fa440bb1a7ac8a5722ef77d23ee9340b379ca,0x30169759c6946c413cd35964d87491e00ca78d5e90cdfbf2309aea745863849a
theo_n,5,401,false,9,9,offchain,500,397,968565,,459074,,,64667,32.345900,0x2fe6349b77f8b704a4b6fda6a67fa440bb1a7ac8a5722ef77d23ee9340b379ca,0x17b8ed81af3a720c87c8e8c74a649f22fb8f8dbfe0059ea9ca0f73524f967977
theo_n,5,402,false,9,9,offchain,500,398,968565,,459074,,,64667,40.411700,0x2fe6349b77f8b704a4b6fda6a67fa440bb1a7ac8a5722ef77d23ee9340b379ca,0x3c4cd2b0b6161d79ea35690f49770d2c6eabbd0da71c2351f31493279a97453c
theo_n,5,403,false,9,9,offchain,500,399,968565,,459074,,,64667,34.312000,0x2fe6349b77f8b704a4b6fda6a67fa440bb1a7ac8a5722ef77d23ee9340b379ca,0x203aeeeb17440e04d219428e581319449e4cc0ccfdb05dae1c6d054730b683cb
theo_n,5,404,false,9,9,offchain,500,400,968565,,459074,,,64667,33.781900,0x2fe6349b77f8b704a4b6fda6a67fa440bb1a7ac8a5722ef77d23ee9340b379ca,0x2860468322f6e2f1b292467553c1b2dae1e6e0c897bbbd85941c1e509a2168ba
theo_n,5,405,false,9,9,offchain,500,401,968565,,459074,,,64667,31.568500,0x2fe6349b77f8b704a4b6fda6a67fa440bb1a7ac8a5722ef77d23ee9340b379ca,0x03fcac5b0962b0a09a4d64419730ac2bd42a358d2d60df3ee89fe4c7e75b78fc
theo_n,5,406,false,9,9,offchain,500,402,968565,,459074,,,64667,33.914300,0x2fe6349b77f8b704a4b6fda6a67fa440bb1a7ac8a5722ef77d23ee9340b379ca,0x05d14ee5c81c524e027df7e23af2063022966a38d2ce56387b9db8c39bebc71a
theo_n,5,407,false,9,9,offchain,500,403,968565,,459074,,,64667,32.682200,0x2fe6349b77f8b704a4b6fda6a67fa440bb1a7ac8a5722ef77d23ee9340b379ca,0x382af857ef133c08884cf76c256547f234fba55c50312f1bc77531ff8f661bef
theo_n,5,408,false,9,9,offchain,500,404,968565,,459074,,,64667,36.232600,0x2fe6349b77f8b704a4b6fda6a67fa440bb1a7ac8a5722ef77d23ee9340b379ca,0x378067ce19c59caf2481e3a85cf6ea2d92084606882935c582a0cead0dc67fe9
theo_n,5,409,false,9,9,offchain,500,405,968565,,459074,,,64667,38.580600,0x2fe6349b77f8b704a4b6fda6a67fa440bb1a7ac8a5722ef77d23ee9340b379ca,0x0fcad7247576a1b07bb28672f54e45c1975f4d2cb12ce2a0842156e5fb11b699
theo_n,5,410,false,9,9,offchain,500,406,968565,,459074,,,64667,33.215100,0x2fe6349b77f8b704a4b6fda6a67fa440bb1a7ac8a5722ef77d23ee9340b379ca,0x38a65af790c2c9862784fee26351316db26e567f622e4adb7d0816fd4e9177d5
theo_n,5,411,false,9,9,offchain,500,407,968565,,459074,,,64667,28.250300,0x2fe6349b77f8b704a4b6fda6a67fa440bb1a7ac8a5722ef77d23ee9340b379ca,0x1c2fc2017df1eec0728d9fc214ee10bc9e22479d8e366ba9b187369d70a8027b
theo_n,5,412,false,9,9,offchain,500,408,968565,,459074,,,64667,34.250300,0x2fe6349b77f8b704a4b6fda6a67fa440bb1a7ac8a5722ef77d23ee9340b379ca,0x2749293f5be930225c81f032ae01d3657cf15b9e8f175ccb79165a28ac42c7ea
theo_n,5,413,false,9,9,offchain,500,409,968565,,459074,,,64667,56.653600,0x2fe6349b77f8b704a4b6fda6a67fa440bb1a7ac8a5722ef77d23ee9340b379ca,0x2424c12631278149456d37089d85b1b0096fd5b210e40aae3372fea25e7596eb
theo_n,5,414,false,9,9,offchain,500,410,968565,,459074,,,64655,67.898500,0x2fe6349b77f8b704a4b6fda6a67fa440bb1a7ac8a5722ef77d23ee9340b379ca,0x00890c3627f8b4c1fa33fd130fc8ec8332be8b9a48a24bae26633eb496186801
theo_n,5,415,false,9,9,offchain,500,411,968565,,459074,,,64655,47.378200,0x2fe6349b77f8b704a4b6fda6a67fa440bb1a7ac8a5722ef77d23ee9340b379ca,0x335bc1cf9d1a7a60c04d938ab3dfcba200a4973ac59e01dccc081d830a2ebd20
theo_n,5,416,false,9,9,offchain,500,412,968565,,459074,,,64667,42.544800,0x2fe6349b77f8b704a4b6fda6a67fa440bb1a7ac8a5722ef77d23ee9340b379ca,0x3051eeaae70a0135ca7c06259b60e7300b38b187c83d219e9bf0a110f07936f3
theo_n,5,417,false,9,9,offchain,500,413,968565,,459074,,,64667,41.835800,0x2fe6349b77f8b704a4b6fda6a67fa440bb1a7ac8a5722ef77d23ee9340b379ca,0x38ddc8038dcc084a7f91e85ff123089af9f9fbe059a5d0b5a0461fee19e365a1
theo_n,5,418,false,9,9,offchain,500,414,968565,,459074,,,64667,38.076500,0x2fe6349b77f8b704a4b6fda6a67fa440bb1a7ac8a5722ef77d23ee9340b379ca,0x0c998c6beda0bf7e6d6c4716d2419520ff9614a9536d32f0120b7c7501a6c972
theo_n,5,419,false,9,9,offchain,500,415,968565,,459074,,,64667,32.535900,0x2fe6349b77f8b704a4b6fda6a67fa440bb1a7ac8a5722ef77d23ee9340b379ca,0x21f1763129ecc1166a229c0759f3923e9389dd666a66ac882a8a72b5fcaf3f14
theo_n,5,420,false,9,9,offchain,500,416,968565,,459074,,,64667,31.850300,0x2fe6349b77f8b704a4b6fda6a67fa440bb1a7ac8a5722ef77d23ee9340b379ca,0x062483f552f6f125e85ae7864aecd355503a2660849751d580036c881d968294
theo_n,5,421,false,9,9,offchain,500,417,968565,,459074,,,64655,35.485600,0x2fe6349b77f8b704a4b6fda6a67fa440bb1a7ac8a5722ef77d23ee9340b379ca,0x2a23689e2d52daa118d80b056b3f00ef9c316834825107d8aa5ae12299b560d3
theo_n,5,422,false,9,9,offchain,500,418,968565,,459074,,,64667,40.400300,0x2fe6349b77f8b704a4b6fda6a67fa440bb1a7ac8a5722ef77d23ee9340b379ca,0x15cf0df3bc1e48bdf1f38c9d3cb0a29d6410d1498be1cd77e8655cf63be2af1d
theo_n,5,423,false,9,9,offchain,500,419,968565,,459074,,,64667,34.339100,0x2fe6349b77f8b704a4b6fda6a67fa440bb1a7ac8a5722ef77d23ee9340b379ca,0x3c9cda09eda9a57c62674791dfc47737bcaff5788bf186e41c951a215bb778a3
theo_n,5,424,false,9,9,offchain,500,420,968565,,459074,,,64667,30.356700,0x2fe6349b77f8b704a4b6fda6a67fa440bb1a7ac8a5722ef77d23ee9340b379ca,0x3bddb3e04627052518e44a4aaf33fd5e30adb4e0e62e3eec864ac85ef48292c1
theo_n,5,425,false,9,9,offchain,500,421,968565,,459074,,,64667,34.936400,0x2fe6349b77f8b704a4b6fda6a67fa440bb1a7ac8a5722ef77d23ee9340b379ca,0x1f3b1fd65ea8542ee12d0e4f0fe199613ed2498a8814b94105dbf6728b4dac4f
theo_n,5,426,false,9,9,offchain,500,422,968565,,459074,,,64655,35.361000,0x2fe6349b77f8b704a4b6fda6a67fa440bb1a7ac8a5722ef77d23ee9340b379ca,0x20d5ff6df656d5aa1326cf761556b91b4d854779005b2540ee8542e312ef9add
theo_n,5,427,false,9,9,offchain,500,423,968565,,459074,,,64667,34.526400,0x2fe6349b77f8b704a4b6fda6a67fa440bb1a7ac8a5722ef77d23ee9340b379ca,0x1a18a5b2f846e1dab412439786d5ff449a82aaf62798d12f989bf91b8aa78918
theo_n,5,428,false,9,9,offchain,500,424,968565,,459074,,,64667,36.447200,0x2fe6349b77f8b704a4b6fda6a67fa440bb1a7ac8a5722ef77d23ee9340b379ca,0x3515b98ff4e0c8b08bbbbd56f8c6a8b321062b384341d1619df13c2f948a889e
theo_n,5,429,false,9,9,offchain,500,425,968565,,459074,,,64667,26.181800,0x2fe6349b77f8b704a4b6fda6a67fa440bb1a7ac8a5722ef77d23ee9340b379ca,0x2e73386772fe299bc48b05a02504910a01af30cc20dc49b3341a5ba8db21dbaa
theo_n,5,430,false,9,9,offchain,500,426,968565,,459074,,,64667,31.015400,0x2fe6349b77f8b704a4b6fda6a67fa440bb1a7ac8a5722ef77d23ee9340b379ca,0x34954fbd1ad6acbbb3254e1bb62afdae0687ed87e17c831e9872ba359632bb03
theo_n,5,431,false,9,9,offchain,500,427,968565,,459074,,,64667,32.208700,0x2fe6349b77f8b704a4b6fda6a67fa440bb1a7ac8a5722ef77d23ee9340b379ca,0x216b9ac14777cc5361a76f7ea6c9ff6c8675c31de23904e161e7e216e071bdf4
theo_n,5,432,false,9,9,offchain,500,428,968565,,459074,,,64667,36.485000,0x2fe6349b77f8b704a4b6fda6a67fa440bb1a7ac8a5722ef77d23ee9340b379ca,0x3c8d249ffe5863fc8990b79b6c685c8f2486e040f796de2d6f8ebadb4ec3f88c
theo_n,5,433,false,9,9,offchain,500,429,968565,,459074,,,64667,31.251000,0x2fe6349b77f8b704a4b6fda6a67fa440bb1a7ac8a5722ef77d23ee9340b379ca,0x0bb23f36bda1165957a9810ca40db0293086b3b980d1047beddf88756538c586
theo_n,5,434,false,9,9,offchain,500,430,968565,,459074,,,64667,30.248600,0x2fe6349b77f8b704a4b6fda6a67fa440bb1a7ac8a5722ef77d23ee9340b379ca,0x28239e257c233e813ac6b1c6111a6f4e90dc8d04cf4a533048fb7fbaa927640c
theo_n,5,435,false,9,9,offchain,500,431,968565,,459074,,,64667,36.704700,0x2fe6349b77f8b704a4b6fda6a67fa440bb1a7ac8a5722ef77d23ee9340b379ca,0x1c8e92bdd9f9e7df3daf43a476f574090d58aa79d8c3683907a02dd4fd73b321
theo_n,5,436,false,9,9,offchain,500,432,968565,,459074,,,64655,49.784200,0x2fe6349b77f8b704a4b6fda6a67fa440bb1a7ac8a5722ef77d23ee9340b379ca,0x3bd1dfbad375ccd3da2c236950121b9d0439a1a06ad90c7cf1c42e79b1c6c91d
theo_n,5,437,false,9,9,offchain,500,433,968565,,459074,,,64667,86.131700,0x2fe6349b77f8b704a4b6fda6a67fa440bb1a7ac8a5722ef77d23ee9340b379ca,0x13d90fe9127ebf52315769aec41f0d636a81041b8f226c4cc964af4f202713b8
theo_n,5,438,false,9,9,offchain,500,434,968565,,459074,,,64667,40.098300,0x2fe6349b77f8b704a4b6fda6a67fa440bb1a7ac8a5722ef77d23ee9340b379ca,0x3cb56609cb54db504511e90d8fb65a2d9d59f26b26a7252a39ed50febf575787
theo_n,5,439,false,9,9,offchain,500,435,968565,,459074,,,64667,46.882200,0x2fe6349b77f8b704a4b6fda6a67fa440bb1a7ac8a5722ef77d23ee9340b379ca,0x024d3f5eb6699c0d997702b2663c2448ed4da5f4671ee63615ca2d69231e184c
theo_n,5,440,false,9,9,offchain,500,436,968565,,459074,,,64667,41.057100,0x2fe6349b77f8b704a4b6fda6a67fa440bb1a7ac8a5722ef77d23ee9340b379ca,0x2b458da98e1fe92bf94a4afbed7672a65742f5d95bcce9a4433051ccb1420b2e
theo_n,5,441,false,9,9,offchain,500,437,968565,,459074,,,64667,44.192700,0x2fe6349b77f8b704a4b6fda6a67fa440bb1a7ac8a5722ef77d23ee9340b379ca,0x252b5d09379eb2600b7ad343a6285f062cfd85f3629d9025ecd809d58b811a72
theo_n,5,442,false,9,9,offchain,500,438,968565,,459074,,,64667,31.500700,0x2fe6349b77f8b704a4b6fda6a67fa440bb1a7ac8a5722ef77d23ee9340b379ca,0x2fa0658081700b443fc8d647538adec5766e48ca4a265ca5011d391974a2168d
theo_n,5,443,false,9,9,offchain,500,439,968565,,459074,,,64667,36.528000,0x2fe6349b77f8b704a4b6fda6a67fa440bb1a7ac8a5722ef77d23ee9340b379ca,0x245579a4dd6f15df7303bb30589422b4f17c8231df2cf5703ffb8b6a7e6a2cae
theo_n,5,444,false,9,9,offchain,500,440,968565,,459074,,,64655,38.950700,0x2fe6349b77f8b704a4b6fda6a67fa440bb1a7ac8a5722ef77d23ee9340b379ca,0x1c364c47efeeba8e4d5034a4565aaf179840d59171e45837603a46acd362816c
theo_n,5,445,false,9,9,offchain,500,441,968565,,459074,,,64667,29.416000,0x2fe6349b77f8b704a4b6fda6a67fa440bb1a7ac8a5722ef77d23ee9340b379ca,0x12372317c13c17f17c87d245c5ef3f4d1e771ef3a023f9e1549b8d19c83ac296
theo_n,5,446,false,9,9,offchain,500,442,968565,,459074,,,64667,33.070700,0x2fe6349b77f8b704a4b6fda6a67fa440bb1a7ac8a5722ef77d23ee9340b379ca,0x3a63844d4b224222a5912c8ae2f77102371b2aa547e36634253e5c10dde367fc
theo_n,5,447,false,9,9,offchain,500,443,968565,,459074,,,64655,35.559100,0x2fe6349b77f8b704a4b6fda6a67fa440bb1a7ac8a5722ef77d23ee9340b379ca,0x32a550534ac14b52affa0aa36abce55f842817740033c381a499f32687e505d2
theo_n,5,448,false,9,9,offchain,500,444,968565,,459074,,,64667,35.702800,0x2fe6349b77f8b704a4b6fda6a67fa440bb1a7ac8a5722ef77d23ee9340b379ca,0x395db188ed8f26b2a26e9763fed0c76fb746d6705b3bf9f058c257a85d63d1d4
theo_n,5,449,false,9,9,offchain,500,445,968565,,459074,,,64667,32.971600,0x2fe6349b77f8b704a4b6fda6a67fa440bb1a7ac8a5722ef77d23ee9340b379ca,0x124df98c42d93d1824b40f8019a3ef96a50de6655a38d0d5f69354b6f02e6a69
theo_n,5,450,false,9,9,offchain,500,446,968565,,459074,,,64667,33.713900,0x2fe6349b77f8b704a4b6fda6a67fa440bb1a7ac8a5722ef77d23ee9340b379ca,0x06a70ef54988cfdd19590310811975ab117af4f27221977d44b2285ecfd27081
theo_n,5,451,false,9,9,offchain,500,447,968565,,459074,,,64667,33.358300,0x2fe6349b77f8b704a4b6fda6a67fa440bb1a7ac8a5722ef77d23ee9340b379ca,0x1a12a625214ee86a2afa77c0a050be843c370e9034cb5fcfae6ad43d0a3a0a9a
theo_n,5,452,false,9,9,offchain,500,448,968565,,459074,,,64667,34.614000,0x2fe6349b77f8b704a4b6fda6a67fa440bb1a7ac8a5722ef77d23ee9340b379ca,0x24016291e09c2e574cc110dbf25dc788b858b734b8b80d2fd29e901858c81977
theo_n,5,453,false,9,9,offchain,500,449,968565,,459074,,,64655,34.143900,0x2fe6349b77f8b704a4b6fda6a67fa440bb1a7ac8a5722ef77d23ee9340b379ca,0x2000666d65a525f713184e9e342dab1d135842ea15a91d656b86509e91d2a9a6
theo_n,5,454,false,9,9,offchain,500,450,968565,,459074,,,64667,39.680300,0x2fe6349b77f8b704a4b6fda6a67fa440bb1a7ac8a5722ef77d23ee9340b379ca,0x3c4d5f7ebd1944e26695be9f4c1ffd5d11d9fd995b4570bd08514d9c4281d8f5
theo_n,5,455,false,9,9,offchain,500,451,968565,,459074,,,64667,36.758400,0x2fe6349b77f8b704a4b6fda6a67fa440bb1a7ac8a5722ef77d23ee9340b379ca,0x23a44296cb2007359e11ac651732a70f70c51caea30595bfc0f5644dcd318e51
theo_n,5,456,false,9,9,offchain,500,452,968565,,459074,,,64655,34.189500,0x2fe6349b77f8b704a4b6fda6a67fa440bb1a7ac8a5722ef77d23ee9340b379ca,0x05235900d53e21f8df5a13af4f3768ce4851cfe937f994c756709d774bac7cfd
theo_n,5,457,false,9,9,offchain,500,453,968565,,459074,,,64667,35.134300,0x2fe6349b77f8b704a4b6fda6a67fa440bb1a7ac8a5722ef77d23ee9340b379ca,0x07bf4654e53f195090b658f17474a3cf21b348ddd5f149a4047e6e6f76c73a7f
theo_n,5,458,false,9,9,offchain,500,454,968565,,459074,,,64667,31.842400,0x2fe6349b77f8b704a4b6fda6a67fa440bb1a7ac8a5722ef77d23ee9340b379ca,0x3a9e200c1ba43abe65ca0d961bd837cc8aa76d6560d9270803409cf9ff2f82c4
theo_n,5,459,false,9,9,offchain,500,455,968565,,459074,,,64655,33.650800,0x2fe6349b77f8b704a4b6fda6a67fa440bb1a7ac8a5722ef77d23ee9340b379ca,0x274099acc6646b31b34b7018652aed4e6af6c7b916187ff5234663515a24af6c
theo_n,5,460,false,9,9,offchain,500,456,968565,,459074,,,64667,34.319100,0x2fe6349b77f8b704a4b6fda6a67fa440bb1a7ac8a5722ef77d23ee9340b379ca,0x17b5933323233f8d8327547bca49990423c0bd9a5726a299f57e234b5662c56d
theo_n,5,461,false,9,9,offchain,500,457,968565,,459074,,,64667,38.554100,0x2fe6349b77f8b704a4b6fda6a67fa440bb1a7ac8a5722ef77d23ee9340b379ca,0x28d2cb099482136fd3f1167fdcd042773850722bd5aa22837e50460cf134bd78
theo_n,5,462,false,9,9,offchain,500,458,968565,,459074,,,64655,36.429000,0x2fe6349b77f8b704a4b6fda6a67fa440bb1a7ac8a5722ef77d23ee9340b379ca,0x1f7b8c6e710e769bd1cf13a207ade254066a7c9ad1333f60806afd351332f4b5
theo_n,5,463,false,9,9,offchain,500,459,968565,,459074,,,64667,29.750600,0x2fe6349b77f8b704a4b6fda6a67fa440bb1a7ac8a5722ef77d23ee9340b379ca,0x046c0db199c1147c0e39f2827ba2d5d57dde77da8d81836b40f45c16c3ef1688
theo_n,5,464,false,9,9,offchain,500,460,968565,,459074,,,64667,33.613500,0x2fe6349b77f8b704a4b6fda6a67fa440bb1a7ac8a5722ef77d23ee9340b379ca,0x1a82f980ed131a96dee238adb71d627e2cb1e3d8648f7119a5344f90ef27ed93
theo_n,5,465,false,9,9,offchain,500,461,968565,,459074,,,64667,50.118900,0x2fe6349b77f8b704a4b6fda6a67fa440bb1a7ac8a5722ef77d23ee9340b379ca,0x24373920779d6db38f392ba83294738f12306eb2751f0e41a5e51ea110fec8a3
theo_n,5,466,false,9,9,offchain,500,462,968565,,459074,,,64667,84.499600,0x2fe6349b77f8b704a4b6fda6a67fa440bb1a7ac8a5722ef77d23ee9340b379ca,0x1efd678d74e8fbe9bd05fa096545ebd991a6dfcf99a76857815df82a6e478967
theo_n,5,467,false,9,9,offchain,500,463,968565,,459074,,,64667,40.932100,0x2fe6349b77f8b704a4b6fda6a67fa440bb1a7ac8a5722ef77d23ee9340b379ca,0x3d7dfec478dc1325a14ebfdf2aed92a5490dd882f66b4c116c8f21772530f217
theo_n,5,468,false,9,9,offchain,500,464,968565,,459074,,,64667,44.267100,0x2fe6349b77f8b704a4b6fda6a67fa440bb1a7ac8a5722ef77d23ee9340b379ca,0x263189d5f8822b4f70311cbea099edda8b1e8b01abc0bb7f822b463751f99c62
theo_n,5,469,false,9,9,offchain,500,465,968565,,459074,,,64667,38.660100,0x2fe6349b77f8b704a4b6fda6a67fa440bb1a7ac8a5722ef77d23ee9340b379ca,0x3c3f785924c2f752b812fc586afcf3d3e33f09d1e1262508ec094fdadc8ce9f5
theo_n,5,470,false,9,9,offchain,500,466,968565,,459074,,,64667,48.827200,0x2fe6349b77f8b704a4b6fda6a67fa440bb1a7ac8a5722ef77d23ee9340b379ca,0x19f1f8a613737783c05a78492a47dbd39bd2ff62f7e2e9bf45e7915ead23092d
theo_n,5,471,false,9,9,offchain,500,467,968565,,459074,,,64667,47.411600,0x2fe6349b77f8b704a4b6fda6a67fa440bb1a7ac8a5722ef77d23ee9340b379ca,0x11bc0afb1fc5421c087d49f99e01024212fe94a7b26e95b272a39feed80aaaa5
theo_n,5,472,false,9,9,offchain,500,468,968565,,459074,,,64655,37.233800,0x2fe6349b77f8b704a4b6fda6a67fa440bb1a7ac8a5722ef77d23ee9340b379ca,0x3b2632f5e2340c60fc0086e6d0b94eebe93de7299607b769933d105ce7671be1
theo_n,5,473,false,9,9,offchain,500,469,968565,,459074,,,64667,40.326100,0x2fe6349b77f8b704a4b6fda6a67fa440bb1a7ac8a5722ef77d23ee9340b379ca,0x3c85c8bcfe13e01a9b7ad594064bc15c667ffc9ee042ea4a39478cd3dd190fbf
theo_n,5,474,false,9,9,offchain,500,470,968565,,459074,,,64667,36.631300,0x2fe6349b77f8b704a4b6fda6a67fa440bb1a7ac8a5722ef77d23ee9340b379ca,0x1bdeab74cfadbe395b77d92b8e792340a4e74f28ec30d31d6b25cbbe1788f656
theo_n,5,475,false,9,9,offchain,500,471,968565,,459074,,,64667,34.873500,0x2fe6349b77f8b704a4b6fda6a67fa440bb1a7ac8a5722ef77d23ee9340b379ca,0x2da5b1152e8a3614f9f938dcfe46aafa2fea0df5d01933f5668bc901706ec7a9
theo_n,5,476,false,9,9,offchain,500,472,968565,,459074,,,64667,37.291400,0x2fe6349b77f8b704a4b6fda6a67fa440bb1a7ac8a5722ef77d23ee9340b379ca,0x3cfea5767e10b395defcecb770cbc3e718b491547a767c38b16a7a42f98e4edd
theo_n,5,477,false,9,9,offchain,500,473,968565,,459074,,,64667,42.393400,0x2fe6349b77f8b704a4b6fda6a67fa440bb1a7ac8a5722ef77d23ee9340b379ca,0x3a5fadb93e3f4bda78faa87046eec4b7f05f1d42bc270fedd569aa9159d682d2
theo_n,5,478,false,9,9,offchain,500,474,968565,,459074,,,64667,36.311800,0x2fe6349b77f8b704a4b6fda6a67fa440bb1a7ac8a5722ef77d23ee9340b379ca,0x2b6da1cce10d26ce24b68f5998e18e0e6b9f2f68a1abd7c536531f5b604afeee
theo_n,5,479,false,9,9,offchain,500,475,968565,,459074,,,64667,33.976600,0x2fe6349b77f8b704a4b6fda6a67fa440bb1a7ac8a5722ef77d23ee9340b379ca,0x25237d563bc0019fa40ace12305aad6cf551c574bc637a067cb0b61f089492bf
theo_n,5,480,false,9,9,offchain,500,476,968565,,459074,,,64667,34.967900,0x2fe6349b77f8b704a4b6fda6a67fa440bb1a7ac8a5722ef77d23ee9340b379ca,0x23cdce466083e46fbe3c8950bb704c6120b38eba50567603ab77b13edb38eb19
theo_n,5,481,false,9,9,offchain,500,477,968565,,459074,,,64655,43.915500,0x2fe6349b77f8b704a4b6fda6a67fa440bb1a7ac8a5722ef77d23ee9340b379ca,0x28a43702e3618637c8e95c0743bdd4170d57f7b585705731feeca300dbc75b74
theo_n,5,482,false,9,9,offchain,500,478,968565,,459074,,,64667,40.932500,0x2fe6349b77f8b704a4b6fda6a67fa440bb1a7ac8a5722ef77d23ee9340b379ca,0x0a9f91542b5d182f0354fadbefef88088f13934a4356a85772d8ec593ea11671
theo_n,5,483,false,9,9,offchain,500,479,968565,,459074,,,64667,33.983400,0x2fe6349b77f8b704a4b6fda6a67fa440bb1a7ac8a5722ef77d23ee9340b379ca,0x25a6b64bdf37d769433b592ad4d238e5082e0fbca739cb5b94266f486254fb75
theo_n,5,484,false,9,9,offchain,500,480,968565,,459074,,,64655,30.737900,0x2fe6349b77f8b704a4b6fda6a67fa440bb1a7ac8a5722ef77d23ee9340b379ca,0x1656da303f31fa263f742431516ec6106196bce101abf4b906290db03d2cbd32
theo_n,5,485,false,9,9,offchain,500,481,968565,,459074,,,64667,36.646800,0x2fe6349b77f8b704a4b6fda6a67fa440bb1a7ac8a5722ef77d23ee9340b379ca,0x022aac70ab03d4e101aa2de4acb16a7b235850930a270938551a70ba185337c6
theo_n,5,486,false,9,9,offchain,500,482,968565,,459074,,,64667,26.871900,0x2fe6349b77f8b704a4b6fda6a67fa440bb1a7ac8a5722ef77d23ee9340b379ca,0x369ef1d21cbba87606ada86ecd1228f19d62eda411b69f3bb42fe3cd85e2174c
theo_n,5,487,false,9,9,offchain,500,483,968565,,459074,,,64667,36.143400,0x2fe6349b77f8b704a4b6fda6a67fa440bb1a7ac8a5722ef77d23ee9340b379ca,0x3fcd2257c5217c42444666e1ed1ea368ea4e0fa49a46e61872737fb102349c7f
theo_n,5,488,false,9,9,offchain,500,484,968565,,459074,,,64667,34.355900,0x2fe6349b77f8b704a4b6fda6a67fa440bb1a7ac8a5722ef77d23ee9340b379ca,0x1961619322259930a950048d8453ff85cd0f6710021675929619671aed29f969
theo_n,5,489,false,9,9,offchain,500,485,968565,,459074,,,64667,89.036100,0x2fe6349b77f8b704a4b6fda6a67fa440bb1a7ac8a5722ef77d23ee9340b379ca,0x2a7430ce46ae85a1e9d9470ba26b9e641779a7aa81986fbb1cd50792ed0fce21
theo_n,5,490,false,9,9,offchain,500,486,968565,,459074,,,64667,43.012300,0x2fe6349b77f8b704a4b6fda6a67fa440bb1a7ac8a5722ef77d23ee9340b379ca,0x3b09e4f95321c65024dc1128ca572783ef0fd6d326ad86deb1eb100a63bbe678
theo_n,5,491,false,9,9,offchain,500,487,968565,,459074,,,64667,37.557000,0x2fe6349b77f8b704a4b6fda6a67fa440bb1a7ac8a5722ef77d23ee9340b379ca,0x22456a792d79a56dfb8f97bdda4dd881e873685ccff935533c185d9e5bce9bf2
theo_n,5,492,false,9,9,offchain,500,488,968565,,459074,,,64655,36.664900,0x2fe6349b77f8b704a4b6fda6a67fa440bb1a7ac8a5722ef77d23ee9340b379ca,0x1e78ee850b66493a0db80da484fac142eee6e27e658d95876c021d0038634936
theo_n,5,493,false,9,9,offchain,500,489,968565,,459074,,,64667,30.946200,0x2fe6349b77f8b704a4b6fda6a67fa440bb1a7ac8a5722ef77d23ee9340b379ca,0x0ef99c29683ead0cbf5acc75db2319f5ce9a59f748f08bcba096e9f18bc93fd1
theo_n,5,494,false,9,9,offchain,500,490,968565,,459074,,,64655,36.514000,0x2fe6349b77f8b704a4b6fda6a67fa440bb1a7ac8a5722ef77d23ee9340b379ca,0x207a5186c3c34f03e1136241eb4967e3ef04523abf2ed6e53e0abcf6413be6d8
theo_n,5,495,false,9,9,offchain,500,491,968565,,459074,,,64667,38.470000,0x2fe6349b77f8b704a4b6fda6a67fa440bb1a7ac8a5722ef77d23ee9340b379ca,0x2c03f4c00cb186934e855beedc995b24b125cb2ba9ae9ca2a1e2683d3d3b641d
theo_n,5,496,false,9,9,offchain,500,492,968565,,459074,,,64667,35.461600,0x2fe6349b77f8b704a4b6fda6a67fa440bb1a7ac8a5722ef77d23ee9340b379ca,0x2a4491a9d395798616221dd1cec97778e9068cec0bcebd1df6f7f54a7f8709de
theo_n,5,497,false,9,9,offchain,500,493,968565,,459074,,,64667,35.415500,0x2fe6349b77f8b704a4b6fda6a67fa440bb1a7ac8a5722ef77d23ee9340b379ca,0x31f9f4ef39e9980944fef56eae532ffd64759c886368a1d3664d2a8b32af4061
theo_n,5,498,false,9,9,offchain,500,494,968565,,459074,,,64667,36.025400,0x2fe6349b77f8b704a4b6fda6a67fa440bb1a7ac8a5722ef77d23ee9340b379ca,0x1382ac46b683ed93827f9edc831399ff0a7fb3b3604b6aff818778d54aa9bd85
theo_n,5,499,false,9,9,offchain,500,495,968565,,459074,,,64667,36.844400,0x2fe6349b77f8b704a4b6fda6a67fa440bb1a7ac8a5722ef77d23ee9340b379ca,0x098d8f77a52a20385af5063bc3dda760c6327a039df3bddd9abdd48316e84c2c
theo_n,5,500,false,9,9,offchain,500,496,968565,,459074,,,64667,36.833500,0x2fe6349b77f8b704a4b6fda6a67fa440bb1a7ac8a5722ef77d23ee9340b379ca,0x33ddc8eeb3b77b0a441a211a1cb69eee70b53a465630619f0814f96337665edf
theo_n,5,501,false,9,9,offchain,500,497,968565,,459074,,,64667,38.040100,0x2fe6349b77f8b704a4b6fda6a67fa440bb1a7ac8a5722ef77d23ee9340b379ca,0x054e2236fbaad7cc4726815852831e0b24470816a6c07d78b0d9d280456b71a4
theo_n,5,502,false,9,9,offchain,500,498,968565,,459074,,,64667,41.744000,0x2fe6349b77f8b704a4b6fda6a67fa440bb1a7ac8a5722ef77d23ee9340b379ca,0x099e04b9c764d5f3137e72d7de8c8a64e3f72edd86ea5b1ac089876cf20e393c
theo_n,5,503,false,9,9,offchain,500,499,968565,,459074,,,64667,35.569400,0x2fe6349b77f8b704a4b6fda6a67fa440bb1a7ac8a5722ef77d23ee9340b379ca,0x0b6f8127080790145005f632c7de6ad5fdb8a886521c8fa39d063e6193ace58b
