thi_nghiem,run_id,iteration,warmup,d,k,mechanism,n,student_index,witness_ms,setup_ms,prove_ms,proof_generation_ms,verify_native_ms,verified,proof_bytes,calldata_bytes,root,nullifier,verify_setup_ms
theo_n,5,1,true,9,9,offchain,500,0,1.546600,98.300200,166.630100,168.176700,7.564300,true,3104,,0x2fe6349b77f8b704a4b6fda6a67fa440bb1a7ac8a5722ef77d23ee9340b379ca,0x31cce6578fc40150881c61af3263887000159f168b78eb0c1c67322a114def10,80.526500
theo_n,5,2,true,9,9,offchain,500,1,1.291000,113.307000,192.428100,193.719100,6.747500,true,3104,,0x2fe6349b77f8b704a4b6fda6a67fa440bb1a7ac8a5722ef77d23ee9340b379ca,0x06b149a846c21e833d5cd6933d03540005608217faf9b22fe873f8c17f865e8c,87.518100
theo_n,5,3,true,9,9,offchain,500,2,1.374900,117.188100,197.096300,198.471200,7.192900,true,3104,,0x2fe6349b77f8b704a4b6fda6a67fa440bb1a7ac8a5722ef77d23ee9340b379ca,0x1d06a3d96bc0fee0182a90672cc093d7b090bd77f3f3308c9126cfb07e55ad1e,94.578100
theo_n,5,4,false,9,9,offchain,500,0,1.500000,124.939100,203.319700,204.819700,7.218100,true,3104,,0x2fe6349b77f8b704a4b6fda6a67fa440bb1a7ac8a5722ef77d23ee9340b379ca,0x31cce6578fc40150881c61af3263887000159f168b78eb0c1c67322a114def10,94.927300
theo_n,5,5,false,9,9,offchain,500,1,1.730700,124.965200,203.961800,205.692500,6.925800,true,3104,,0x2fe6349b77f8b704a4b6fda6a67fa440bb1a7ac8a5722ef77d23ee9340b379ca,0x06b149a846c21e833d5cd6933d03540005608217faf9b22fe873f8c17f865e8c,92.636300
theo_n,5,6,false,9,9,offchain,500,2,1.326900,124.841500,201.620000,202.946900,6.905300,true,3104,,0x2fe6349b77f8b704a4b6fda6a67fa440bb1a7ac8a5722ef77d23ee9340b379ca,0x1d06a3d96bc0fee0182a90672cc093d7b090bd77f3f3308c9126cfb07e55ad1e,93.712300
theo_n,5,7,false,9,9,offchain,500,3,1.425400,122.627500,207.715700,209.141100,7.359300,true,3104,,0x2fe6349b77f8b704a4b6fda6a67fa440bb1a7ac8a5722ef77d23ee9340b379ca,0x2ee3eca2a8acabb5247f13a7dc5bb5745525229c9b0fb6af8461f8add9d6ea42,161.031500
theo_n,5,8,false,9,9,offchain,500,4,1.425500,127.705500,203.641500,205.067000,7.193600,true,3104,,0x2fe6349b77f8b704a4b6fda6a67fa440bb1a7ac8a5722ef77d23ee9340b379ca,0x23abcf4c24d8f5eaa25ebedbbad6a842ea7c9839a4809e5f07c904d2874949da,94.937800
theo_n,5,9,false,9,9,offchain,500,5,1.404400,123.799300,202.614100,204.018500,7.070100,true,3104,,0x2fe6349b77f8b704a4b6fda6a67fa440bb1a7ac8a5722ef77d23ee9340b379ca,0x053f995315ef14fd41321d4c26fc6e4a11eebe9847b131f33160a845efab237a,95.501800
theo_n,5,10,false,9,9,offchain,500,6,1.444400,126.023200,203.598900,205.043300,7.257700,true,3104,,0x2fe6349b77f8b704a4b6fda6a67fa440bb1a7ac8a5722ef77d23ee9340b379ca,0x2253bb49377756b6e039255c2e07e59ebdb5e721de9034b6084a4f646823fb04,94.660600
theo_n,5,11,false,9,9,offchain,500,7,1.386800,123.401500,201.208800,202.595600,7.014700,true,3104,,0x2fe6349b77f8b704a4b6fda6a67fa440bb1a7ac8a5722ef77d23ee9340b379ca,0x30a7f45e66796c0bb5e756de164a7408361c1113a9c271d837fc45b7dcd6f659,95.591800
theo_n,5,12,false,9,9,offchain,500,8,1.342500,122.360100,199.994500,201.337000,7.032800,true,3104,,0x2fe6349b77f8b704a4b6fda6a67fa440bb1a7ac8a5722ef77d23ee9340b379ca,0x2cd86dce870ffb93e493637ae0ebc4d227e78de147374955ca7c805d2bd92dbb,93.070900
theo_n,5,13,false,9,9,offchain,500,9,1.457300,122.913900,199.516200,200.973500,6.735500,true,3104,,0x2fe6349b77f8b704a4b6fda6a67fa440bb1a7ac8a5722ef77d23ee9340b379ca,0x0bb7e3ce2eb37533b72c200e6c6614cb93c18b171631c1ef120a8fd150f2cb13,92.645000
theo_n,5,14,false,9,9,offchain,500,10,1.596600,121.613400,201.811100,203.407700,7.419700,true,3104,,0x2fe6349b77f8b704a4b6fda6a67fa440bb1a7ac8a5722ef77d23ee9340b379ca,0x2ddef6234d7e6f2ddbb3ed21a00be7589b7bbf5606b92dcf2b04f4b5bccd4fec,93.587300
theo_n,5,15,false,9,9,offchain,500,11,1.510900,138.662400,235.450800,236.961700,7.736000,true,3104,,0x2fe6349b77f8b704a4b6fda6a67fa440bb1a7ac8a5722ef77d23ee9340b379ca,0x3ada3ac697494a8c8f48fd81b4d30c407e5b76c201c8434db157d8b726837548,167.308400
theo_n,5,16,false,9,9,offchain,500,12,1.477700,141.359400,218.361300,219.839000,7.200300,true,3104,,0x2fe6349b77f8b704a4b6fda6a67fa440bb1a7ac8a5722ef77d23ee9340b379ca,0x2b1d692090d6ea4a2e3a8e5433f88d3c74ba86937bbe64f14872631fa739b53f,96.865300
theo_n,5,17,false,9,9,offchain,500,13,1.453400,126.633100,203.139100,204.592500,6.991700,true,3104,,0x2fe6349b77f8b704a4b6fda6a67fa440bb1a7ac8a5722ef77d23ee9340b379ca,0x184e5193d7aeddeb42bdf7d177255cdc1408f8df7aca9b1c91f801f0b916b0d6,95.546100
theo_n,5,18,false,9,9,offchain,500,14,1.425600,122.261800,199.847500,201.273100,6.949400,true,3104,,0x2fe6349b77f8b704a4b6fda6a67fa440bb1a7ac8a5722ef77d23ee9340b379ca,0x1058edf090bdc3434d5a8d0aaae59d1679f4ab8018a6c9def311908fe8a3ea79,92.495900
theo_n,5,19,false,9,9,offchain,500,15,1.386700,122.440000,199.958900,201.345600,6.942400,true,3104,,0x2fe6349b77f8b704a4b6fda6a67fa440bb1a7ac8a5722ef77d23ee9340b379ca,0x3b72a670b9b3a3ef60168831693d1465b1b6f88669ba7f1c47c43c4fe8b69559,93.050800
theo_n,5,20,false,9,9,offchain,500,16,1.383600,123.128600,244.237300,245.620900,7.311800,true,3104,,0x2fe6349b77f8b704a4b6fda6a67fa440bb1a7ac8a5722ef77d23ee9340b379ca,0x26790d62c5185858bb332e4f92f692c84b23c6be4b30b5a66dce2e37e083442b,93.881400
theo_n,5,21,false,9,9,offchain,500,17,1.405500,124.852600,202.360600,203.766100,6.932000,true,3104,,0x2fe6349b77f8b704a4b6fda6a67fa440bb1a7ac8a5722ef77d23ee9340b379ca,0x0238145a7cd2114ded0673cf7b04a8dcef4690c839f508dd14cb073e332ab139,92.856000
theo_n,5,22,false,9,9,offchain,500,18,1.321800,124.769400,201.150900,202.472700,7.181700,true,3104,,0x2fe6349b77f8b704a4b6fda6a67fa440bb1a7ac8a5722ef77d23ee9340b379ca,0x36fc3e2add7d8d3afc785b77a54fd23964e7cb8eb494e13e9c6a887965a847cf,94.957000
theo_n,5,23,false,9,9,offchain,500,19,1.403000,127.286500,210.536500,211.939500,7.098300,true,3104,,0x2fe6349b77f8b704a4b6fda6a67fa440bb1a7ac8a5722ef77d23ee9340b379ca,0x3cab613111c672bcddd2485adbf14ab6c8aec112b50ea0005aa159b8d973387b,96.084300
theo_n,5,24,false,9,9,offchain,500,20,1.409600,123.432200,201.425900,202.835500,7.293100,true,3104,,0x2fe6349b77f8b704a4b6fda6a67fa440bb1a7ac8a5722ef77d23ee9340b379ca,0x0f5ba5eafbd37105956aad8ad60c718f4f0f8c32793fa14d010ec4a8efd5896c,97.223900
theo_n,5,25,false,9,9,offchain,500,21,1.444900,124.148100,201.601700,203.046600,7.045700,true,3104,,0x2fe6349b77f8b704a4b6fda6a67fa440bb1a7ac8a5722ef77d23ee9340b379ca,0x345865de75a078c2601df5bf7b8ac01ddc913428ad55c6842fd239d9c1bb2bee,93.696900
theo_n,5,26,false,9,9,offchain,500,22,1.363000,121.440200,196.226300,197.589300,6.947800,true,3104,,0x2fe6349b77f8b704a4b6fda6a67fa440bb1a7ac8a5722ef77d23ee9340b379ca,0x381949a023bad7dd72b836139501a18bde8117197414fc26e1861c5833221a06,91.302300
theo_n,5,27,false,9,9,offchain,500,23,1.326200,122.507500,198.977500,200.303700,7.183700,true,3104,,0x2fe6349b77f8b704a4b6fda6a67fa440bb1a7ac8a5722ef77d23ee9340b379ca,0x36c9f307ec5cae6c551dbd4ee41275b93d6012c1496b7b824b693747101e4649,93.382800
theo_n,5,28,false,9,9,offchain,500,24,1.319000,122.483800,199.608000,200.927000,6.909000,true,3104,,0x2fe6349b77f8b704a4b6fda6a67fa440bb1a7ac8a5722ef77d23ee9340b379ca,0x0e4fa672364ff8d28d324fa63f54a5c0af0eb28a17068e9ff96618692a930a1f,92.549900
theo_n,5,29,false,9,9,offchain,500,25,1.350100,122.407400,197.907500,199.257600,6.799500,true,3104,,0x2fe6349b77f8b704a4b6fda6a67fa440bb1a7ac8a5722ef77d23ee9340b379ca,0x1d296167df1398272a65c2152fa42bac6f090a91ea2ef72b15701ec5c4e7351d,96.263900
theo_n,5,30,false,9,9,offchain,500,26,1.436200,121.114300,198.495100,199.931300,7.048700,true,3104,,0x2fe6349b77f8b704a4b6fda6a67fa440bb1a7ac8a5722ef77d23ee9340b379ca,0x158799b447546c84c9076c82c385cdacf0e2ce1ba4d011ac2f9b9cca4abbe22b,93.095800
theo_n,5,31,false,9,9,offchain,500,27,1.452900,123.918500,203.967500,205.420400,7.339800,true,3104,,0x2fe6349b77f8b704a4b6fda6a67fa440bb1a7ac8a5722ef77d23ee9340b379ca,0x3d6b035fd78b94d7dc88fa276f05bef4a4cb011ff779ffface9f0ef9dff9ef49,94.153300
theo_n,5,32,false,9,9,offchain,500,28,1.501900,123.815200,257.819900,259.321800,7.087500,true,3104,,0x2fe6349b77f8b704a4b6fda6a67fa440bb1a7ac8a5722ef77d23ee9340b379ca,0x1081e5213854c477ad9b853775007aac6aa3572c9092f3d51ef4069d592bf93d,95.314700
theo_n,5,33,false,9,9,offchain,500,29,1.595500,131.676100,204.089600,205.685100,6.996400,true,3104,,0x2fe6349b77f8b704a4b6fda6a67fa440bb1a7ac8a5722ef77d23ee9340b379ca,0x3265c24e296401ba9bb56bba84a98f7974893fb4ba831c612c6aee4f8e36b5ba,97.818700
theo_n,5,34,false,9,9,offchain,500,30,1.379300,126.599100,199.603700,200.983000,6.870100,true,3104,,0x2fe6349b77f8b704a4b6fda6a67fa440bb1a7ac8a5722ef77d23ee9340b379ca,0x37a34c44838bbc5fb890e04ebc426a8b9e08b427b297c08c0aabe144b3adcf0c,93.044100
theo_n,5,35,false,9,9,offchain,500,31,1.346900,122.368600,203.525700,204.872600,7.401400,true,3104,,0x2fe6349b77f8b704a4b6fda6a67fa440bb1a7ac8a5722ef77d23ee9340b379ca,0x15f9e59991adcbfb9befc7df4a64145357c0258a75825b8d54edb79a3876ae09,94.184200
theo_n,5,36,false,9,9,offchain,500,32,1.405500,124.339100,204.440000,205.845500,7.252700,true,3104,,0x2fe6349b77f8b704a4b6fda6a67fa440bb1a7ac8a5722ef77d23ee9340b379ca,0x2a09e0c9376ab1887e8ed9bdda26a27447b81b76c47152c2d50104fc5626ecc3,94.883600
theo_n,5,37,false,9,9,offchain,500,33,1.444700,124.398700,203.741300,205.186000,7.203900,true,3104,,0x2fe6349b77f8b704a4b6fda6a67fa440bb1a7ac8a5722ef77d23ee9340b379ca,0x2a9f0a9dfefd0b687425dbc05c820a0f13332e787844dda043d22dd10df498a6,94.687900
theo_n,5,38,false,9,9,offchain,500,34,1.490100,125.439200,202.044000,203.534100,6.910500,true,3104,,0x2fe6349b77f8b704a4b6fda6a67fa440bb1a7ac8a5722ef77d23ee9340b379ca,0x09e02495203c5b1835b1ad1db270049b8a4119702d53dd5886a235a5996bb099,93.180900
theo_n,5,39,false,9,9,offchain,500,35,1.364200,121.608600,202.804300,204.168500,6.976800,true,3104,,0x2fe6349b77f8b704a4b6fda6a67fa440bb1a7ac8a5722ef77d23ee9340b379ca,0x15b24bdd1b4b0a5fc499fc6c2dac6f90ccd9b28ef26c850a65e3f88b5c06ccec,93.099900
theo_n,5,40,false,9,9,offchain,500,36,1.356500,122.289700,200.352500,201.709000,6.911900,true,3104,,0x2fe6349b77f8b704a4b6fda6a67fa440bb1a7ac8a5722ef77d23ee9340b379ca,0x137e941e9cc4e3016c6985e12467691777c8c4a841527789f6bd0dec5f565c59,95.520400
theo_n,5,41,false,9,9,offchain,500,37,1.381600,121.160700,198.652100,200.033700,7.099900,true,3104,,0x2fe6349b77f8b704a4b6fda6a67fa440bb1a7ac8a5722ef77d23ee9340b379ca,0x10cadd1521fa6c0179e0ee11c59d94bc5304a9bba12cff518811447f7919e2cf,92.088600
theo_n,5,42,false,9,9,offchain,500,38,1.317600,122.223300,200.841000,202.158600,7.084100,true,3104,,0x2fe6349b77f8b704a4b6fda6a67fa440bb1a7ac8a5722ef77d23ee9340b379ca,0x1ad7e7d5b9ef8cfc0e8304ce037203d2aa80e2e3fcc45eac7c2a356351250524,95.906000
theo_n,5,43,false,9,9,offchain,500,39,1.397700,122.790100,197.789800,199.187500,7.194100,true,3104,,0x2fe6349b77f8b704a4b6fda6a67fa440bb1a7ac8a5722ef77d23ee9340b379ca,0x36fe2e9f819dd0e65c674f1dee54da6f9c1a176a655df186b096a3562d852a5d,93.577600
theo_n,5,44,false,9,9,offchain,500,40,1.449700,125.758100,207.274100,208.723800,7.320300,true,3104,,0x2fe6349b77f8b704a4b6fda6a67fa440bb1a7ac8a5722ef77d23ee9340b379ca,0x097e34dde40b4321dd80c99af3ef8422ec3a73656e53dc07dbf162c1a7990a32,97.178100
theo_n,5,45,false,9,9,offchain,500,41,1.391100,126.003800,204.270700,205.661800,7.411600,true,3104,,0x2fe6349b77f8b704a4b6fda6a67fa440bb1a7ac8a5722ef77d23ee9340b379ca,0x2ca71bcca7bed8690446f6f35eb9fd301a721d2284d5a81310cbc89bc807c08e,92.782400
theo_n,5,46,false,9,9,offchain,500,42,1.473200,126.474300,264.399100,265.872300,7.018600,true,3104,,0x2fe6349b77f8b704a4b6fda6a67fa440bb1a7ac8a5722ef77d23ee9340b379ca,0x0eb7c2b13f35ce06c28ef680f6c4cfc8e527cd2cdca83ba49d331a8e5a1a2030,101.222600
theo_n,5,47,false,9,9,offchain,500,43,1.368100,121.929500,197.791400,199.159500,6.932700,true,3104,,0x2fe6349b77f8b704a4b6fda6a67fa440bb1a7ac8a5722ef77d23ee9340b379ca,0x34889aed5c7b552ca8c00a9c6ba49700ffd03085af8904500901bc4b08b58faf,92.693700
theo_n,5,48,false,9,9,offchain,500,44,1.366900,122.212800,198.977600,200.344500,6.945700,true,3104,,0x2fe6349b77f8b704a4b6fda6a67fa440bb1a7ac8a5722ef77d23ee9340b379ca,0x208406b0c74f9fd5c45c8ba2ee4f58074a9b3e8b67ad550e8c80895095d21eed,96.139000
theo_n,5,49,false,9,9,offchain,500,45,1.430200,122.232600,201.015500,202.445700,6.875900,true,3104,,0x2fe6349b77f8b704a4b6fda6a67fa440bb1a7ac8a5722ef77d23ee9340b379ca,0x1e6ba2529c1c51cd0ab99d61e03b52081a2b2f765f142557f0afeda0cff80314,91.688100
theo_n,5,50,false,9,9,offchain,500,46,1.399100,122.501400,211.243900,212.643000,7.207200,true,3104,,0x2fe6349b77f8b704a4b6fda6a67fa440bb1a7ac8a5722ef77d23ee9340b379ca,0x24f94e7f98d781cdf3066c1516e1288f985404d2f474d2be5266774f759c0039,92.420300
theo_n,5,51,false,9,9,offchain,500,47,1.337800,124.372100,205.937500,207.275300,6.907800,true,3104,,0x2fe6349b77f8b704a4b6fda6a67fa440bb1a7ac8a5722ef77d23ee9340b379ca,0x2bc29b9bb94e111d25dae872bbe9a152f2932fe5c2dcfe7eb4589c3e284bc396,95.064200
theo_n,5,52,false,9,9,offchain,500,48,1.375900,121.317300,203.302200,204.678100,7.225400,true,3104,,0x2fe6349b77f8b704a4b6fda6a67fa440bb1a7ac8a5722ef77d23ee9340b379ca,0x3f2c363255bd9ac2db73cd3a02d9edfe2fceaea459f1eae54a9417e23c73fada,93.576100
theo_n,5,53,false,9,9,offchain,500,49,1.430500,123.671900,201.358100,202.788600,6.929000,true,3104,,0x2fe6349b77f8b704a4b6fda6a67fa440bb1a7ac8a5722ef77d23ee9340b379ca,0x105b181bd6e1bf4ae344f18d215e64d69671f3453c5ff6e536444dcede6f7a8f,93.292200
theo_n,5,54,false,9,9,offchain,500,50,1.353800,123.876100,202.151400,203.505200,7.334400,true,3104,,0x2fe6349b77f8b704a4b6fda6a67fa440bb1a7ac8a5722ef77d23ee9340b379ca,0x367a05d4576bf040770a0dfac5509fa5d77a62782c579bdada5981fe12efaa67,92.594600
theo_n,5,55,false,9,9,offchain,500,51,1.396100,123.548000,199.875800,201.271900,6.895300,true,3104,,0x2fe6349b77f8b704a4b6fda6a67fa440bb1a7ac8a5722ef77d23ee9340b379ca,0x1112593ea96c064743ef0a2c5d82b857ff41e53ace5b4abe93b2df0e5fb58a59,93.641400
theo_n,5,56,false,9,9,offchain,500,52,1.419500,121.643900,199.431800,200.851300,7.045400,true,3104,,0x2fe6349b77f8b704a4b6fda6a67fa440bb1a7ac8a5722ef77d23ee9340b379ca,0x31b370304c7cff2f4a2864357ffd01bf85f723635ccd35fc4c428b4890f47af1,92.690000
theo_n,5,57,false,9,9,offchain,500,53,1.379800,125.456900,200.918100,202.297900,6.942900,true,3104,,0x2fe6349b77f8b704a4b6fda6a67fa440bb1a7ac8a5722ef77d23ee9340b379ca,0x3d3025827bdc7c1a4cbd2fa980467237f17ab492d307245233a87b8a643f14ab,92.239800
theo_n,5,58,false,9,9,offchain,500,54,1.383400,123.519700,205.524800,206.908200,7.073000,true,3104,,0x2fe6349b77f8b704a4b6fda6a67fa440bb1a7ac8a5722ef77d23ee9340b379ca,0x34d7867c81d1e736bb70575120a00d08e4553a45a5a5e8213e3ed3d5a862f77a,100.052500
theo_n,5,59,false,9,9,offchain,500,55,1.436500,121.099300,198.713800,200.150300,7.242200,true,3104,,0x2fe6349b77f8b704a4b6fda6a67fa440bb1a7ac8a5722ef77d23ee9340b379ca,0x0b7ae8d25e76a5df04d61997493591106f2d742c98bcb28761d82773bf2ab6b3,92.518300
theo_n,5,60,false,9,9,offchain,500,56,1.366400,124.639800,201.834200,203.200600,7.113300,true,3104,,0x2fe6349b77f8b704a4b6fda6a67fa440bb1a7ac8a5722ef77d23ee9340b379ca,0x356556a6e6dbcbcf708a745b17a7298946c2d98eb9c544686c018651329069f8,92.470300
theo_n,5,61,false,9,9,offchain,500,57,1.323700,171.303300,203.170300,204.494000,6.872800,true,3104,,0x2fe6349b77f8b704a4b6fda6a67fa440bb1a7ac8a5722ef77d23ee9340b379ca,0x35affd8d03feade30e8bcc85d92d5c1e1c3f07572f69a33b47602db639ddf4eb,95.252900
theo_n,5,62,false,9,9,offchain,500,58,1.369400,124.171300,201.243100,202.612500,7.152800,true,3104,,0x2fe6349b77f8b704a4b6fda6a67fa440bb1a7ac8a5722ef77d23ee9340b379ca,0x35d159d0434207d958c002bfb58c81e555036eebb77fc92f633d8e45e4138d3a,93.802600
theo_n,5,63,false,9,9,offchain,500,59,1.340200,124.848400,204.501200,205.841400,6.813100,true,3104,,0x2fe6349b77f8b704a4b6fda6a67fa440bb1a7ac8a5722ef77d23ee9340b379ca,0x33b7affbeb57a5b82b7b9d668af0c3c7fbda480046926717d3b00c571eb87be4,92.350700
theo_n,5,64,false,9,9,offchain,500,60,1.406000,122.298500,204.951800,206.357800,6.911500,true,3104,,0x2fe6349b77f8b704a4b6fda6a67fa440bb1a7ac8a5722ef77d23ee9340b379ca,0x296ae6ced3f1274fe7a3358843e0c842a75bda60b852b254b477f46d82eecc71,92.758600
theo_n,5,65,false,9,9,offchain,500,61,1.461700,121.908200,198.606300,200.068000,6.833000,true,3104,,0x2fe6349b77f8b704a4b6fda6a67fa440bb1a7ac8a5722ef77d23ee9340b379ca,0x175131215e7801d8395735d66582488a3f45cf21ca4ac3df1895dd49dca8490d,100.656000
theo_n,5,66,false,9,9,offchain,500,62,1.336500,121.304400,202.794900,204.131400,7.237300,true,3104,,0x2fe6349b77f8b704a4b6fda6a67fa440bb1a7ac8a5722ef77d23ee9340b379ca,0x3493b117c949b0c7fad43853e1a11f960ec57e40ed3fedbbe9f6ee98f440c1a2,95.800400
theo_n,5,67,false,9,9,offchain,500,63,1.494500,123.814400,203.545100,205.039600,7.310700,true,3104,,0x2fe6349b77f8b704a4b6fda6a67fa440bb1a7ac8a5722ef77d23ee9340b379ca,0x151375a0e2cab64803c0677384030f3bf8d86c80fe19936a69f563c59fab30b1,94.497000
theo_n,5,68,false,9,9,offchain,500,64,1.414700,130.550700,203.795800,205.210500,7.125200,true,3104,,0x2fe6349b77f8b704a4b6fda6a67fa440bb1a7ac8a5722ef77d23ee9340b379ca,0x30b5adb40a92895d5ed53a0eeaa9d3c785cd219d950238043d775a741b72bb2c,94.151100
theo_n,5,69,false,9,9,offchain,500,65,1.440200,123.506700,201.743300,203.183500,7.014000,true,3104,,0x2fe6349b77f8b704a4b6fda6a67fa440bb1a7ac8a5722ef77d23ee9340b379ca,0x1fc6ffb941b71d65890a8e4128804db657be13262093318e86e8b548e0617dcf,93.244600
theo_n,5,70,false,9,9,offchain,500,66,1.485300,122.434500,198.652500,200.137800,7.017200,true,3104,,0x2fe6349b77f8b704a4b6fda6a67fa440bb1a7ac8a5722ef77d23ee9340b379ca,0x1974a9d05c061a4d1440c8e3477485d22643c540777402f3ff4d1226b013dd7b,92.377300
theo_n,5,71,false,9,9,offchain,500,67,1.403200,123.058900,199.935400,201.338600,7.093600,true,3104,,0x2fe6349b77f8b704a4b6fda6a67fa440bb1a7ac8a5722ef77d23ee9340b379ca,0x236dbf65939ffa8990a49eac3c48842c8b57d7d33627159fd2f4de1b078902fb,92.432700
theo_n,5,72,false,9,9,offchain,500,68,1.344800,122.578000,201.373300,202.718100,6.844800,true,3104,,0x2fe6349b77f8b704a4b6fda6a67fa440bb1a7ac8a5722ef77d23ee9340b379ca,0x069866effa4c385eb367f3e53f17d9a75ce227086c72ae9ebb073fc645606741,98.352000
theo_n,5,73,false,9,9,offchain,500,69,1.357200,123.043000,198.782400,200.139600,6.963300,true,3104,,0x2fe6349b77f8b704a4b6fda6a67fa440bb1a7ac8a5722ef77d23ee9340b379ca,0x0c43daa5853350e5fcd53cbe3a9849e42382c8128e6dc59b4a82cd69f7f04379,92.684500
theo_n,5,74,false,9,9,offchain,500,70,1.601000,124.209700,197.652000,199.253000,6.983700,true,3104,,0x2fe6349b77f8b704a4b6fda6a67fa440bb1a7ac8a5722ef77d23ee9340b379ca,0x020d9be1a95e587f228ddbf0721bfd65be3457d210f44a88755fcf5c8c274fb9,92.785900
theo_n,5,75,false,9,9,offchain,500,71,1.600200,178.197200,199.858600,201.458800,7.057300,true,3104,,0x2fe6349b77f8b704a4b6fda6a67fa440bb1a7ac8a5722ef77d23ee9340b379ca,0x1a892e6a7dc74c42986987fd5e36d2b0742f47af2460dbf0d9fe60320a89d30c,93.525200
theo_n,5,76,false,9,9,offchain,500,72,1.599200,124.083500,199.832800,201.432000,6.924800,true,3104,,0x2fe6349b77f8b704a4b6fda6a67fa440bb1a7ac8a5722ef77d23ee9340b379ca,0x24012d177461a632d9c00545fb9834207a4f0913b93c92f9dc477d249a4f5b8b,92.484100
theo_n,5,77,false,9,9,offchain,500,73,1.388800,122.892100,204.682200,206.071000,7.153400,true,3104,,0x2fe6349b77f8b704a4b6fda6a67fa440bb1a7ac8a5722ef77d23ee9340b379ca,0x15ddc7f941eb827dc742c94242cdb4202a7531ffe2e1320abb9f2e10c4d46bba,93.244300
theo_n,5,78,false,9,9,offchain,500,74,1.385900,124.062600,200.773600,202.159500,7.548800,true,3104,,0x2fe6349b77f8b704a4b6fda6a67fa440bb1a7ac8a5722ef77d23ee9340b379ca,0x0bef9a92e07a5e21d94c0109eaaf18de8f6698543279171aea36f65fee1fe308,92.468000
theo_n,5,79,false,9,9,offchain,500,75,1.473700,123.543200,201.247400,202.721100,6.892000,true,3104,,0x2fe6349b77f8b704a4b6fda6a67fa440bb1a7ac8a5722ef77d23ee9340b379ca,0x293dbbf2e0ee6a2c3f9223b121d1a2cfd00c97f67d78970374e17dd67a1d74bc,92.165400
theo_n,5,80,false,9,9,offchain,500,76,1.329200,127.269700,204.328400,205.657600,7.160800,true,3104,,0x2fe6349b77f8b704a4b6fda6a67fa440bb1a7ac8a5722ef77d23ee9340b379ca,0x112b1e399fc3ea2c4aa6bc7984dc59c250534aaf21590b036ca8a9e49ec93728,95.156400
theo_n,5,81,false,9,9,offchain,500,77,1.453700,125.943600,202.048100,203.501800,7.027400,true,3104,,0x2fe6349b77f8b704a4b6fda6a67fa440bb1a7ac8a5722ef77d23ee9340b379ca,0x2c391d862675b985122b7bde54e8a2413c33251b7ffea59b3eecf9be7a7ab553,94.683200
theo_n,5,82,false,9,9,offchain,500,78,1.375100,121.665400,200.019800,201.394900,7.254000,true,3104,,0x2fe6349b77f8b704a4b6fda6a67fa440bb1a7ac8a5722ef77d23ee9340b379ca,0x2b063c3c5c49d33b2da3b817ec149aeae6d7a130d98f861a5ee98a2c27732ff6,92.593200
theo_n,5,83,false,9,9,offchain,500,79,1.731600,124.202300,202.165300,203.896900,6.979600,true,3104,,0x2fe6349b77f8b704a4b6fda6a67fa440bb1a7ac8a5722ef77d23ee9340b379ca,0x03a944ffedcb6bd46ba34969f9ffb92fb3a4bf32edf50f1fdbd95a6f28a4f8d5,93.883700
theo_n,5,84,false,9,9,offchain,500,80,1.436200,121.739400,200.899400,202.335600,7.216000,true,3104,,0x2fe6349b77f8b704a4b6fda6a67fa440bb1a7ac8a5722ef77d23ee9340b379ca,0x226db5137513309d4a578e1f59e1687c5f8889c53b1e62025e1a3b2ccf3a2eec,95.030100
theo_n,5,85,false,9,9,offchain,500,81,1.419700,129.844600,222.340500,223.760200,7.136200,true,3104,,0x2fe6349b77f8b704a4b6fda6a67fa440bb1a7ac8a5722ef77d23ee9340b379ca,0x2327c5299fb59360173e53531f8cfb46faae6cbd3a39b734d4ac13a79305c10c,95.061900
theo_n,5,86,false,9,9,offchain,500,82,1.357700,126.972100,205.778900,207.136600,7.114700,true,3104,,0x2fe6349b77f8b704a4b6fda6a67fa440bb1a7ac8a5722ef77d23ee9340b379ca,0x1461edaabe49fbac3d272dd17fa989d2232a197f9f33322d31517a085e7074f6,98.608900
theo_n,5,87,false,9,9,offchain,500,83,1.427100,127.993700,209.143800,210.570900,7.291600,true,3104,,0x2fe6349b77f8b704a4b6fda6a67fa440bb1a7ac8a5722ef77d23ee9340b379ca,0x036eb7ef90ea532940cdc20ddf72d9e73001492b4888e85fc17a9f09d7452fca,96.273700
theo_n,5,88,false,9,9,offchain,500,84,1.393700,126.452800,207.646100,209.039800,7.425000,true,3104,,0x2fe6349b77f8b704a4b6fda6a67fa440bb1a7ac8a5722ef77d23ee9340b379ca,0x031f5573c450699b4dded04131f53dd85bb0e4432251025023c38abb65b61e56,98.587600
theo_n,5,89,false,9,9,offchain,500,85,1.410800,126.642500,260.907200,262.318000,6.906400,true,3104,,0x2fe6349b77f8b704a4b6fda6a67fa440bb1a7ac8a5722ef77d23ee9340b379ca,0x156c7ab873f453c200252bcd74f48164369d02b50a57d9689bc723194b8b3802,94.968200
theo_n,5,90,false,9,9,offchain,500,86,1.383800,122.552500,198.333200,199.717000,7.129900,true,3104,,0x2fe6349b77f8b704a4b6fda6a67fa440bb1a7ac8a5722ef77d23ee9340b379ca,0x331138e04ece8a2e6cbb3bc5d980ffb4f9dde1068e227fdb9832b846faaeca0e,91.263500
theo_n,5,91,false,9,9,offchain,500,87,1.337900,122.097200,197.792100,199.130000,7.011900,true,3104,,0x2fe6349b77f8b704a4b6fda6a67fa440bb1a7ac8a5722ef77d23ee9340b379ca,0x089d1aa1c2473d25b78af6935dcb93bd07aebbac0257d4d611f18fb5f545beeb,92.355500
theo_n,5,92,false,9,9,offchain,500,88,1.384900,124.331900,201.845700,203.230600,6.924900,true,3104,,0x2fe6349b77f8b704a4b6fda6a67fa440bb1a7ac8a5722ef77d23ee9340b379ca,0x1e93ea44a887f2e8fd076e0c7713ae9d34036e5aee4404a35e4b44acd32346c5,91.972600
theo_n,5,93,false,9,9,offchain,500,89,1.399000,122.892900,198.676000,200.075000,6.766000,true,3104,,0x2fe6349b77f8b704a4b6fda6a67fa440bb1a7ac8a5722ef77d23ee9340b379ca,0x1e123929cf2884f04173384ef96a723d1629eafc520534c33d5c33cbc548d4e0,93.442600
theo_n,5,94,false,9,9,offchain,500,90,1.728300,123.143600,199.794900,201.523200,6.934300,true,3104,,0x2fe6349b77f8b704a4b6fda6a67fa440bb1a7ac8a5722ef77d23ee9340b379ca,0x07e2ce03aef8e0a6f9039888b6581209d9b4511b0045717f795cd28f3fae8498,91.618300
theo_n,5,95,false,9,9,offchain,500,91,1.433100,124.470400,204.014800,205.447900,7.345000,true,3104,,0x2fe6349b77f8b704a4b6fda6a67fa440bb1a7ac8a5722ef77d23ee9340b379ca,0x22742fe979ce969d4cdb11f8076cc0152138d594231440b7590a9792caa27ff7,92.766700
theo_n,5,96,false,9,9,offchain,500,92,1.395200,125.143100,205.364900,206.760100,6.983700,true,3104,,0x2fe6349b77f8b704a4b6fda6a67fa440bb1a7ac8a5722ef77d23ee9340b379ca,0x2c9d50760aaf6391e556a5ba1c0804e54a3fda00913318e43a266220c37eb935,93.136200
theo_n,5,97,false,9,9,offchain,500,93,1.458500,122.678700,201.535100,202.993600,6.945500,true,3104,,0x2fe6349b77f8b704a4b6fda6a67fa440bb1a7ac8a5722ef77d23ee9340b379ca,0x3a752b4e6c05bd74df2d94939f850a55f28a17cceaae03d38743bd8ff61e3d5d,92.671500
theo_n,5,98,false,9,9,offchain,500,94,1.407600,123.208400,200.246200,201.653800,6.946000,true,3104,,0x2fe6349b77f8b704a4b6fda6a67fa440bb1a7ac8a5722ef77d23ee9340b379ca,0x3925e2a85c45e174b3dfeacf4d2c36c0b1ae3ff62b57faffa83a135bc086fce8,92.960800
theo_n,5,99,false,9,9,offchain,500,95,1.408200,121.805100,196.898600,198.306800,6.972800,true,3104,,0x2fe6349b77f8b704a4b6fda6a67fa440bb1a7ac8a5722ef77d23ee9340b379ca,0x022f8d0056933c95a43ba5b04cd9ad652953a2b5d0d3aea294037033125f5765,93.514400
theo_n,5,100,false,9,9,offchain,500,96,1.367200,121.596800,198.287200,199.654400,6.969800,true,3104,,0x2fe6349b77f8b704a4b6fda6a67fa440bb1a7ac8a5722ef77d23ee9340b379ca,0x1e9e2ade609569ab986455245dcd3a8d2cd79d70b61138c0bbd820794bef794a,96.869800
theo_n,5,101,false,9,9,offchain,500,97,1.460800,123.865600,210.691900,212.152700,7.578700,true,3104,,0x2fe6349b77f8b704a4b6fda6a67fa440bb1a7ac8a5722ef77d23ee9340b379ca,0x0ea9443dedf0f039461915c560ef0cd5202bc412a1277392db3c9b94736e19df,99.498300
theo_n,5,102,false,9,9,offchain,500,98,1.503000,127.645000,264.406900,265.909900,7.322700,true,3104,,0x2fe6349b77f8b704a4b6fda6a67fa440bb1a7ac8a5722ef77d23ee9340b379ca,0x33d4f89aea0692092e94f05f3633d908bf3138cbfc5e1524f6fdeddce4b4e37b,101.271400
theo_n,5,103,false,9,9,offchain,500,99,1.461500,127.162500,205.701900,207.163400,7.221000,true,3104,,0x2fe6349b77f8b704a4b6fda6a67fa440bb1a7ac8a5722ef77d23ee9340b379ca,0x2b4e96ee32f42f486de93dd2eb20d76741a3b2ea70a7b41595a5a54555e92a95,92.984000
theo_n,5,104,false,9,9,offchain,500,100,1.453400,124.447400,200.874300,202.327700,7.429000,true,3104,,0x2fe6349b77f8b704a4b6fda6a67fa440bb1a7ac8a5722ef77d23ee9340b379ca,0x07dd3f3c07969f48e22eaefcb1c5569a39fc4b5885b4a1a410401d462bfbb021,99.503800
theo_n,5,105,false,9,9,offchain,500,101,1.488800,122.646600,201.421300,202.910100,6.948700,true,3104,,0x2fe6349b77f8b704a4b6fda6a67fa440bb1a7ac8a5722ef77d23ee9340b379ca,0x0e7c2cec7b8eb7ce364425826dcf236c306113c8e5096126d3d3ca58007f19a9,92.934200
theo_n,5,106,false,9,9,offchain,500,102,1.382600,133.261700,204.895500,206.278100,7.419800,true,3104,,0x2fe6349b77f8b704a4b6fda6a67fa440bb1a7ac8a5722ef77d23ee9340b379ca,0x069e4120e2f7b77982127dc2138ad2c56e45d0e048c76797782b2a01372efecf,93.680400
theo_n,5,107,false,9,9,offchain,500,103,1.485600,125.994900,216.723600,218.209200,7.268500,true,3104,,0x2fe6349b77f8b704a4b6fda6a67fa440bb1a7ac8a5722ef77d23ee9340b379ca,0x1ee271b4609e05c1ab103aa937284d86c9dd1b64ab6e491e602267a604692b62,96.011800
theo_n,5,108,false,9,9,offchain,500,104,1.408800,124.921100,206.801900,208.210700,7.252400,true,3104,,0x2fe6349b77f8b704a4b6fda6a67fa440bb1a7ac8a5722ef77d23ee9340b379ca,0x18746a559176446a8ab51169501690db7490a782636c8990c5bbaea396bd0089,94.823100
theo_n,5,109,false,9,9,offchain,500,105,1.326900,127.305000,216.701400,218.028300,7.137200,true,3104,,0x2fe6349b77f8b704a4b6fda6a67fa440bb1a7ac8a5722ef77d23ee9340b379ca,0x3603939325fcca133581f5e01b0a873c4fb86ff8c8501029242d231030ae4730,94.121800
theo_n,5,110,false,9,9,offchain,500,106,1.372600,125.189100,202.300900,203.673500,7.169200,true,3104,,0x2fe6349b77f8b704a4b6fda6a67fa440bb1a7ac8a5722ef77d23ee9340b379ca,0x0309957ed4a228beae35d67e8be5072b3906f9fcf498fd7b8edd8f5cc1e90b88,93.331600
theo_n,5,111,false,9,9,offchain,500,107,1.385700,122.163900,200.395200,201.780900,7.068500,true,3104,,0x2fe6349b77f8b704a4b6fda6a67fa440bb1a7ac8a5722ef77d23ee9340b379ca,0x0e535e810973fbba586c3e7e8a4861b5d0379a483763a0b061dea657c3c82ba1,92.205300
theo_n,5,112,false,9,9,offchain,500,108,1.326500,122.065900,209.027500,210.354000,6.968300,true,3104,,0x2fe6349b77f8b704a4b6fda6a67fa440bb1a7ac8a5722ef77d23ee9340b379ca,0x2eb59862fcca804139e5e625af2d2e58ca75ea2cbe558917f84c9049f03acf89,92.600500
theo_n,5,113,false,9,9,offchain,500,109,1.363200,124.529700,202.775100,204.138300,6.983500,true,3104,,0x2fe6349b77f8b704a4b6fda6a67fa440bb1a7ac8a5722ef77d23ee9340b379ca,0x0eb03cbc9ef61500ebf9525588c063fb9b3da9023a8e98f4e422fbc8b83d21b1,99.230800
theo_n,5,114,false,9,9,offchain,500,110,1.319800,121.452500,198.715300,200.035100,6.969600,true,3104,,0x2fe6349b77f8b704a4b6fda6a67fa440bb1a7ac8a5722ef77d23ee9340b379ca,0x2ac49a4ce2066f1f950b20ddfcb22fb7b78f06ff7fc85c670eb62aa061a87187,92.043900
theo_n,5,115,false,9,9,offchain,500,111,1.336800,122.325400,200.508500,201.845300,6.832700,true,3104,,0x2fe6349b77f8b704a4b6fda6a67fa440bb1a7ac8a5722ef77d23ee9340b379ca,0x3fedb8027593a48bc73096ede0cc86b15ecc486ec6a5cce25e52762ed90b53e5,92.749500
theo_n,5,116,false,9,9,offchain,500,112,1.381200,177.216300,204.227800,205.609000,7.257100,true,3104,,0x2fe6349b77f8b704a4b6fda6a67fa440bb1a7ac8a5722ef77d23ee9340b379ca,0x048dad16b9456d602a09fa4858215cb8db44318b5e5f2cdb8c55d30b16a04ecd,94.605100
theo_n,5,117,false,9,9,offchain,500,113,1.462100,123.498500,201.501800,202.963900,6.925600,true,3104,,0x2fe6349b77f8b704a4b6fda6a67fa440bb1a7ac8a5722ef77d23ee9340b379ca,0x3a0f925adf8dcb5a9007b938d68416ada618ec3a24ccb916238a7503423eb662,92.274600
theo_n,5,118,false,9,9,offchain,500,114,1.398000,123.418000,198.819000,200.217000,6.874900,true,3104,,0x2fe6349b77f8b704a4b6fda6a67fa440bb1a7ac8a5722ef77d23ee9340b379ca,0x1f8dfb17f1ed7fd6841c4acacd125800bd853f2037fb0b9f940d34a73849f015,96.504500
theo_n,5,119,false,9,9,offchain,500,115,1.370100,121.266400,199.201600,200.571700,6.840800,true,3104,,0x2fe6349b77f8b704a4b6fda6a67fa440bb1a7ac8a5722ef77d23ee9340b379ca,0x07bb3c6e78f4931129730cc25a5ebad89b00ac25faa34a030e5bfd6731e85674,95.134900
theo_n,5,120,false,9,9,offchain,500,116,1.352100,128.037600,197.756200,199.108300,7.214800,true,3104,,0x2fe6349b77f8b704a4b6fda6a67fa440bb1a7ac8a5722ef77d23ee9340b379ca,0x0f8a51ebe6181317894fee2445b9ee879f41541327aadc9716339ddaa2011394,93.696000
theo_n,5,121,false,9,9,offchain,500,117,1.327100,120.872000,199.785800,201.112900,6.883500,true,3104,,0x2fe6349b77f8b704a4b6fda6a67fa440bb1a7ac8a5722ef77d23ee9340b379ca,0x3258a1b5cb69e9110e9233821657be6749c3bc471f62caa7965fd6bbe878a6b3,92.309100
theo_n,5,122,false,9,9,offchain,500,118,1.336400,120.818900,198.371800,199.708200,6.979700,true,3104,,0x2fe6349b77f8b704a4b6fda6a67fa440bb1a7ac8a5722ef77d23ee9340b379ca,0x0b4cf66301a979297eb4cef7143a3682226951e81dece88c104598edfa32bb85,93.838900
theo_n,5,123,false,9,9,offchain,500,119,1.390700,126.372400,201.124100,202.514800,6.852000,true,3104,,0x2fe6349b77f8b704a4b6fda6a67fa440bb1a7ac8a5722ef77d23ee9340b379ca,0x34a220c56a32ce4457faa733c28fe8ee0c8ba0a43da4c315660071848d20df18,92.190500
theo_n,5,124,false,9,9,offchain,500,120,1.366300,122.593300,200.064500,201.430800,6.901500,true,3104,,0x2fe6349b77f8b704a4b6fda6a67fa440bb1a7ac8a5722ef77d23ee9340b379ca,0x068aa72ec6c7edbcc433477b49b79c9fc5b18b94a01b5d659330c7a316f3de52,92.896300
theo_n,5,125,false,9,9,offchain,500,121,1.341900,122.156300,200.288300,201.630200,6.847300,true,3104,,0x2fe6349b77f8b704a4b6fda6a67fa440bb1a7ac8a5722ef77d23ee9340b379ca,0x05910f7ef3cccefaa26c691a704fc7c2a067f59954c37580e9918504530860f3,93.074900
theo_n,5,126,false,9,9,offchain,500,122,1.395300,121.369200,197.795100,199.190400,6.857400,true,3104,,0x2fe6349b77f8b704a4b6fda6a67fa440bb1a7ac8a5722ef77d23ee9340b379ca,0x2930049629a267aaa310ccce1d3a825b16928a8eae5424f1295da642ca91151e,96.870400
theo_n,5,127,false,9,9,offchain,500,123,1.416500,122.706200,200.137700,201.554200,7.318100,true,3104,,0x2fe6349b77f8b704a4b6fda6a67fa440bb1a7ac8a5722ef77d23ee9340b379ca,0x2867e36b12f207389b85f3a7f86ae38b2c25f5cef79359d3774eb971b87710ed,93.432400
theo_n,5,128,false,9,9,offchain,500,124,1.433400,125.099300,204.365500,205.798900,7.038800,true,3104,,0x2fe6349b77f8b704a4b6fda6a67fa440bb1a7ac8a5722ef77d23ee9340b379ca,0x21557e7edae2f2f3f591cd9dab903ca6c63f3d7fbfdf3770ed8988d5802bacc4,92.784700
theo_n,5,129,false,9,9,offchain,500,125,1.340100,120.973700,200.863100,202.203200,7.460500,true,3104,,0x2fe6349b77f8b704a4b6fda6a67fa440bb1a7ac8a5722ef77d23ee9340b379ca,0x0fde42439e029c080aebfe416b4f08e942d48d8f6d6a8d74d04bed8be3e1ed4b,94.752800
theo_n,5,130,false,9,9,offchain,500,126,1.472000,178.621700,209.129600,210.601600,7.335300,true,3104,,0x2fe6349b77f8b704a4b6fda6a67fa440bb1a7ac8a5722ef77d23ee9340b379ca,0x18c1b63ff8bbc1ea27b23ff824ecd084d481e647209ff99aa2ee13536afebf89,100.246200
theo_n,5,131,false,9,9,offchain,500,127,1.381400,132.279000,205.617200,206.998600,7.659400,true,3104,,0x2fe6349b77f8b704a4b6fda6a67fa440bb1a7ac8a5722ef77d23ee9340b379ca,0x1a79364a02b8abffda572de7da4499fa1cf6831620760579f9d0ec0961bba3a4,94.650100
theo_n,5,132,false,9,9,offchain,500,128,1.879200,123.235300,204.311500,206.190700,6.916200,true,3104,,0x2fe6349b77f8b704a4b6fda6a67fa440bb1a7ac8a5722ef77d23ee9340b379ca,0x0d1f3966fbb5632d1ddb8e1a83bed32d1e264a779841ee03a7ae4a67ea4aa1dc,93.042400
theo_n,5,133,false,9,9,offchain,500,129,1.342000,124.092500,202.145800,203.487800,7.273300,true,3104,,0x2fe6349b77f8b704a4b6fda6a67fa440bb1a7ac8a5722ef77d23ee9340b379ca,0x1516595735d5162e2a80b7eb0a22c57c57293051021f5154248f15e3e5191242,97.765200
theo_n,5,134,false,9,9,offchain,500,130,1.532600,126.391100,200.526000,202.058600,7.015600,true,3104,,0x2fe6349b77f8b704a4b6fda6a67fa440bb1a7ac8a5722ef77d23ee9340b379ca,0x2b218a7c4d1925e12f52195683b8baa6cfffe3df84bb3b7bbbc793689e7c83cf,93.182900
theo_n,5,135,false,9,9,offchain,500,131,1.387800,121.809200,198.864000,200.251800,7.059000,true,3104,,0x2fe6349b77f8b704a4b6fda6a67fa440bb1a7ac8a5722ef77d23ee9340b379ca,0x25aefaa0411f101d91baa21b0091f5694ab2599803c26962de027fc233035fe3,92.635400
theo_n,5,136,false,9,9,offchain,500,132,1.334800,123.486500,201.794600,203.129400,6.945400,true,3104,,0x2fe6349b77f8b704a4b6fda6a67fa440bb1a7ac8a5722ef77d23ee9340b379ca,0x17a70a53683d4b040c36c1fe255183f32f5dc797999a9319f4f4112c6a9a7c7e,92.778700
theo_n,5,137,false,9,9,offchain,500,133,1.372200,122.328200,208.374800,209.747000,7.153600,true,3104,,0x2fe6349b77f8b704a4b6fda6a67fa440bb1a7ac8a5722ef77d23ee9340b379ca,0x3399af32c63ecf5d04c6da4150a7cbff1075ef256625390233572dc8c51752ea,97.365300
theo_n,5,138,false,9,9,offchain,500,134,1.344600,121.450000,201.027800,202.372400,6.976300,true,3104,,0x2fe6349b77f8b704a4b6fda6a67fa440bb1a7ac8a5722ef77d23ee9340b379ca,0x2059c189bc871bf75ae46ccf0ba03b0242f2d9bf028cfd144bd09b783e6486a7,92.535900
theo_n,5,139,false,9,9,offchain,500,135,1.405600,124.896300,202.219300,203.624900,7.201600,true,3104,,0x2fe6349b77f8b704a4b6fda6a67fa440bb1a7ac8a5722ef77d23ee9340b379ca,0x01483b9f8413ba2c3770285aa5ca88003e247d038f65cf7c8e04329bd4ef9fb1,96.804600
theo_n,5,140,false,9,9,offchain,500,136,1.392500,123.452200,202.540700,203.933200,7.327100,true,3104,,0x2fe6349b77f8b704a4b6fda6a67fa440bb1a7ac8a5722ef77d23ee9340b379ca,0x3182b27c7f50b4f5591b48ea82a6812efc41aae5e762f089dcbfc44ffce137a0,93.266600
theo_n,5,141,false,9,9,offchain,500,137,1.447200,125.523700,206.480200,207.927400,7.290600,true,3104,,0x2fe6349b77f8b704a4b6fda6a67fa440bb1a7ac8a5722ef77d23ee9340b379ca,0x12b939036c5f5a6600e63b632922fc5585be477ef3b774b41eabcea9dde66bb9,93.423500
theo_n,5,142,false,9,9,offchain,500,138,1.408000,124.990200,202.167700,203.575700,7.043100,true,3104,,0x2fe6349b77f8b704a4b6fda6a67fa440bb1a7ac8a5722ef77d23ee9340b379ca,0x2c16b467a197afddb78e8a9e5831939c4dc8c1a85d9b04498c8dd859dc41ca60,92.773500
theo_n,5,143,false,9,9,offchain,500,139,1.332300,124.207200,269.293800,270.626100,7.955700,true,3104,,0x2fe6349b77f8b704a4b6fda6a67fa440bb1a7ac8a5722ef77d23ee9340b379ca,0x079b101af881ff3d804382dee9b96204698a0119a104b27bc0d7571326b7fde0,103.241000
theo_n,5,144,false,9,9,offchain,500,140,1.437300,139.323800,254.514400,255.951700,7.568700,true,3104,,0x2fe6349b77f8b704a4b6fda6a67fa440bb1a7ac8a5722ef77d23ee9340b379ca,0x19e60459517470537cdda65f9350fcb29de1d18f6de3ce2d26d063453f7a941c,99.475200
theo_n,5,145,false,9,9,offchain,500,141,1.459300,126.964300,206.180300,207.639600,7.146400,true,3104,,0x2fe6349b77f8b704a4b6fda6a67fa440bb1a7ac8a5722ef77d23ee9340b379ca,0x10eb3619499b37f4eeb5f8ce964a3da71095b68758dd7850248ab17def031631,93.599600
theo_n,5,146,false,9,9,offchain,500,142,1.352200,122.261000,202.125800,203.478000,6.956600,true,3104,,0x2fe6349b77f8b704a4b6fda6a67fa440bb1a7ac8a5722ef77d23ee9340b379ca,0x32f8601d3837a69cf0d53a7149a6ef9e290a6611a6328205091345073425a736,91.932300
theo_n,5,147,false,9,9,offchain,500,143,1.341800,121.410900,207.174800,208.516600,7.116200,true,3104,,0x2fe6349b77f8b704a4b6fda6a67fa440bb1a7ac8a5722ef77d23ee9340b379ca,0x398fc2634d5f6ca65eb333e515f35ee4c90fceb72ef92352576d5be9db50547a,93.598400
theo_n,5,148,false,9,9,offchain,500,144,1.488500,123.145700,200.389100,201.877600,6.875100,true,3104,,0x2fe6349b77f8b704a4b6fda6a67fa440bb1a7ac8a5722ef77d23ee9340b379ca,0x3e8ea1b06127b0023d665df6ed81fea19d43191da36ed477807d90072f8c1815,92.679600
theo_n,5,149,false,9,9,offchain,500,145,1.459000,121.340500,199.475700,200.934700,6.889400,true,3104,,0x2fe6349b77f8b704a4b6fda6a67fa440bb1a7ac8a5722ef77d23ee9340b379ca,0x2c50b4f04b0b926fe4c16e8f9aaa9aa8ad930e9a47866c1e50e4e68f58906bd8,92.352600
theo_n,5,150,false,9,9,offchain,500,146,1.365000,122.541300,198.020600,199.385600,7.020000,true,3104,,0x2fe6349b77f8b704a4b6fda6a67fa440bb1a7ac8a5722ef77d23ee9340b379ca,0x39a11cfc282eb588d3eb0fc40a8c7d8851fabcfad82e23c8b4cf395526b35b9d,93.286300
theo_n,5,151,false,9,9,offchain,500,147,1.332900,121.685200,203.421500,204.754400,6.868100,true,3104,,0x2fe6349b77f8b704a4b6fda6a67fa440bb1a7ac8a5722ef77d23ee9340b379ca,0x3775c61e39491aaa4e9ab624a54cd1dc6c02f169415dbcd7f46790d1a41d7959,98.221600
theo_n,5,152,false,9,9,offchain,500,148,1.421000,120.761000,203.732900,205.153900,6.963800,true,3104,,0x2fe6349b77f8b704a4b6fda6a67fa440bb1a7ac8a5722ef77d23ee9340b379ca,0x05f3478da4c9280431de1020e72a42e0a6930273bf7a93480c2dfbbbe6033d06,92.314800
theo_n,5,153,false,9,9,offchain,500,149,1.327900,123.454300,205.031300,206.359200,7.273500,true,3104,,0x2fe6349b77f8b704a4b6fda6a67fa440bb1a7ac8a5722ef77d23ee9340b379ca,0x030cce050af4b5d35d4022cbcb0373675ad6997be5109433676c856817260626,94.624600
theo_n,5,154,false,9,9,offchain,500,150,1.467700,124.560500,200.789300,202.257000,7.552700,true,3104,,0x2fe6349b77f8b704a4b6fda6a67fa440bb1a7ac8a5722ef77d23ee9340b379ca,0x111c7ea6a37c67383e91eaf03f5ab3472bcbc5bf9bbe05827503e4959341a4a1,98.517600
theo_n,5,155,false,9,9,offchain,500,151,1.337200,122.057400,199.261600,200.598800,7.027600,true,3104,,0x2fe6349b77f8b704a4b6fda6a67fa440bb1a7ac8a5722ef77d23ee9340b379ca,0x2bfee613bf81411c56d7ef0c003115e225069dab061b90e23a92b98c8ddb26f0,93.774500
theo_n,5,156,false,9,9,offchain,500,152,1.534300,122.194100,203.125000,204.659300,7.006100,true,3104,,0x2fe6349b77f8b704a4b6fda6a67fa440bb1a7ac8a5722ef77d23ee9340b379ca,0x383da1d3cf2b4eeffc1b06c810cfe86468f9bf5b7fe643f0b697fc5e1b8ab292,95.331500
theo_n,5,157,false,9,9,offchain,500,153,1.390000,121.990600,263.528600,264.918600,7.429300,true,3104,,0x2fe6349b77f8b704a4b6fda6a67fa440bb1a7ac8a5722ef77d23ee9340b379ca,0x3f2d01f65c8b8e3be93bcde41582075e16e5aeb952017f8f2da5e019d3e11bb3,92.611500
theo_n,5,158,false,9,9,offchain,500,154,1.450000,121.819500,199.885600,201.335600,6.931800,true,3104,,0x2fe6349b77f8b704a4b6fda6a67fa440bb1a7ac8a5722ef77d23ee9340b379ca,0x21380923866f671c7121d7026e7893bebc3ad0fd1eafa54a6c1ef9f7cf52785d,93.168800
theo_n,5,159,false,9,9,offchain,500,155,1.345400,122.202100,203.577100,204.922500,7.258600,true,3104,,0x2fe6349b77f8b704a4b6fda6a67fa440bb1a7ac8a5722ef77d23ee9340b379ca,0x34771d528051bff6572f82c1c48e74a8bba5258f56d6ff8bacddf42e45104d6a,94.758700
theo_n,5,160,false,9,9,offchain,500,156,1.426800,125.639800,203.975600,205.402400,8.007400,true,3104,,0x2fe6349b77f8b704a4b6fda6a67fa440bb1a7ac8a5722ef77d23ee9340b379ca,0x2100784b517b09d67e349bb488427c6b04de23e145a8194874ed65a9310e8861,94.143200
theo_n,5,161,false,9,9,offchain,500,157,1.511800,127.601900,200.249700,201.761500,7.322400,true,3104,,0x2fe6349b77f8b704a4b6fda6a67fa440bb1a7ac8a5722ef77d23ee9340b379ca,0x0285a09a47a8fa691ba13880fdc9852c771638cc32c694d8b098031a4eb27497,95.413300
theo_n,5,162,false,9,9,offchain,500,158,1.412100,125.321500,203.810500,205.222600,7.225100,true,3104,,0x2fe6349b77f8b704a4b6fda6a67fa440bb1a7ac8a5722ef77d23ee9340b379ca,0x1f6bee0fa69b1da9fd33c886502eb4f4125a1cb202a6c0edabcd48c39e3e5c00,95.568400
theo_n,5,163,false,9,9,offchain,500,159,1.487500,125.520000,200.908800,202.396300,7.234600,true,3104,,0x2fe6349b77f8b704a4b6fda6a67fa440bb1a7ac8a5722ef77d23ee9340b379ca,0x003bd1345f5975eabb5f63ea452e1b10998e7652b3623d6c6193d19e6398d8c6,92.323000
theo_n,5,164,false,9,9,offchain,500,160,1.415100,125.101500,202.357200,203.772300,6.993700,true,3104,,0x2fe6349b77f8b704a4b6fda6a67fa440bb1a7ac8a5722ef77d23ee9340b379ca,0x2921ba822ad6d8a81a6279252f1b385f548fe3027ab76082a833a84cfc2abe09,94.326700
theo_n,5,165,false,9,9,offchain,500,161,1.387400,123.706100,202.393900,203.781300,7.377200,true,3104,,0x2fe6349b77f8b704a4b6fda6a67fa440bb1a7ac8a5722ef77d23ee9340b379ca,0x29c4fa1e011e41b79a4af8eb2aa0d14b9a4beecaa1acfd3045ecc3ef3b06c2bd,95.194600
theo_n,5,166,false,9,9,offchain,500,162,1.362600,124.039100,200.781700,202.144300,7.240800,true,3104,,0x2fe6349b77f8b704a4b6fda6a67fa440bb1a7ac8a5722ef77d23ee9340b379ca,0x390b3baa40fc93b19b64ec900799079cc4c47fd9f7287fa8ebc0a95218b87163,98.777900
theo_n,5,167,false,9,9,offchain,500,163,1.450200,124.915200,201.574800,203.025000,6.927200,true,3104,,0x2fe6349b77f8b704a4b6fda6a67fa440bb1a7ac8a5722ef77d23ee9340b379ca,0x20865171893a06ff4935b221f4e2776f8cbd781eff8b1f83b803d8808c58ec6a,92.724000
theo_n,5,168,false,9,9,offchain,500,164,1.417700,126.392900,204.547700,205.965400,7.213400,true,3104,,0x2fe6349b77f8b704a4b6fda6a67fa440bb1a7ac8a5722ef77d23ee9340b379ca,0x29a76e3cc1f9dba9d4312df5f4a14fb4144d14d8831f4765b0bfe43a2e33262b,93.653700
theo_n,5,169,false,9,9,offchain,500,165,1.442300,125.482100,202.615700,204.058000,6.899900,true,3104,,0x2fe6349b77f8b704a4b6fda6a67fa440bb1a7ac8a5722ef77d23ee9340b379ca,0x3ef54336234b9d64663652777cdf64f3e2319565d9b5d8726d67f181df78046e,94.765400
theo_n,5,170,false,9,9,offchain,500,166,1.533600,123.316600,200.006100,201.539700,7.088500,true,3104,,0x2fe6349b77f8b704a4b6fda6a67fa440bb1a7ac8a5722ef77d23ee9340b379ca,0x33ec92559f58db46a2b4bc334db12e3522bc765c8b0977fcc99f3c725ba58f61,94.496200
theo_n,5,171,false,9,9,offchain,500,167,1.902100,169.988700,203.799500,205.701600,7.138900,true,3104,,0x2fe6349b77f8b704a4b6fda6a67fa440bb1a7ac8a5722ef77d23ee9340b379ca,0x1bbfa9f6bb6015919b05a65c69f9bb223d1743a2bd6956aadaaf608e0975c1a0,93.393600
theo_n,5,172,false,9,9,offchain,500,168,1.460800,125.470500,206.530000,207.990800,7.127400,true,3104,,0x2fe6349b77f8b704a4b6fda6a67fa440bb1a7ac8a5722ef77d23ee9340b379ca,0x3fcd47ce60762213f034ff04d8625884009e0ea9271e7aab6597ecedddd619bb,94.459500
theo_n,5,173,false,9,9,offchain,500,169,1.408600,123.889100,213.065600,214.474200,7.463200,true,3104,,0x2fe6349b77f8b704a4b6fda6a67fa440bb1a7ac8a5722ef77d23ee9340b379ca,0x2fcea9f4f817a98ab8811bf19be916be59700107f1afe7ba961d3dc7691231dc,95.496700
theo_n,5,174,false,9,9,offchain,500,170,1.432900,126.441500,202.358900,203.791800,6.975200,true,3104,,0x2fe6349b77f8b704a4b6fda6a67fa440bb1a7ac8a5722ef77d23ee9340b379ca,0x324edb1ce15cb89a0516107640a8a4c7c547b2dd3b7d396ca79e94647a282752,91.812600
theo_n,5,175,false,9,9,offchain,500,171,1.418500,124.335900,200.355400,201.773900,7.065200,true,3104,,0x2fe6349b77f8b704a4b6fda6a67fa440bb1a7ac8a5722ef77d23ee9340b379ca,0x38fd2d423d1cdbbe4af263c8937e5990af18153247e6e5c9a0d219e4a4c9d321,91.671500
theo_n,5,176,false,9,9,offchain,500,172,1.379300,121.158200,204.794800,206.174100,7.265800,true,3104,,0x2fe6349b77f8b704a4b6fda6a67fa440bb1a7ac8a5722ef77d23ee9340b379ca,0x30a365d6516963fdbd19185279f481dea56b074c1836598dfe107f23c503cf38,93.122500
theo_n,5,177,false,9,9,offchain,500,173,1.383000,122.489000,199.695600,201.078600,6.950100,true,3104,,0x2fe6349b77f8b704a4b6fda6a67fa440bb1a7ac8a5722ef77d23ee9340b379ca,0x272209cfb65cddd8022626235236e58546c3379a49e24568c83f302ea6d5ecb9,93.266800
theo_n,5,178,false,9,9,offchain,500,174,1.363000,121.826000,197.349200,198.712200,7.577700,true,3104,,0x2fe6349b77f8b704a4b6fda6a67fa440bb1a7ac8a5722ef77d23ee9340b379ca,0x2c84b8ba64a335b92e0bd7f5630eb3b6599e03482fc6624f3bea16212ef6a2ee,92.991600
theo_n,5,179,false,9,9,offchain,500,175,1.406000,121.057400,197.609500,199.015500,6.905700,true,3104,,0x2fe6349b77f8b704a4b6fda6a67fa440bb1a7ac8a5722ef77d23ee9340b379ca,0x038dc1414214f5a4d9df4e7a126bf51b554edd9c5b313b919455b9677c1446d4,92.180300
theo_n,5,180,false,9,9,offchain,500,176,1.341000,122.182400,199.419300,200.760300,6.805000,true,3104,,0x2fe6349b77f8b704a4b6fda6a67fa440bb1a7ac8a5722ef77d23ee9340b379ca,0x332415f37103751bfefaae181491f80c7b78afc00e928c0cf848720dcc56dd38,96.430400
theo_n,5,181,false,9,9,offchain,500,177,1.371300,175.667900,215.737500,217.108800,7.261400,true,3104,,0x2fe6349b77f8b704a4b6fda6a67fa440bb1a7ac8a5722ef77d23ee9340b379ca,0x033d05a8d4a07be1c8e737f9c51f388d72d0719385f2b7696c9d254481e41ddb,95.167300
theo_n,5,182,false,9,9,offchain,500,178,1.424400,129.416800,206.954000,208.378400,7.295700,true,3104,,0x2fe6349b77f8b704a4b6fda6a67fa440bb1a7ac8a5722ef77d23ee9340b379ca,0x197af70f9da7ce3f99f32d75e502198249641f5dbd2b5343d08fcb2dc41382e6,94.455300
theo_n,5,183,false,9,9,offchain,500,179,1.358500,139.566100,207.706000,209.064500,7.151700,true,3104,,0x2fe6349b77f8b704a4b6fda6a67fa440bb1a7ac8a5722ef77d23ee9340b379ca,0x15ad64e669ba0728c4958183a0b2aa4c4d8e48942cc7c71caebf4945d503f3c2,97.990900
theo_n,5,184,false,9,9,offchain,500,180,1.453000,125.307900,261.417600,262.870600,6.926300,true,3104,,0x2fe6349b77f8b704a4b6fda6a67fa440bb1a7ac8a5722ef77d23ee9340b379ca,0x142b57be2fea88cb35f3c7cd3935579d1db786cf39290c7d90e6febad20f5f58,93.534400
theo_n,5,185,false,9,9,offchain,500,181,1.690300,121.327700,199.668300,201.358600,6.991100,true,3104,,0x2fe6349b77f8b704a4b6fda6a67fa440bb1a7ac8a5722ef77d23ee9340b379ca,0x2f344243fd50926daf10c60277b47aa96ab3ae49bee2ace467cdd29ef5f09e13,93.974400
theo_n,5,186,false,9,9,offchain,500,182,1.316200,123.774600,200.676200,201.992400,6.991700,true,3104,,0x2fe6349b77f8b704a4b6fda6a67fa440bb1a7ac8a5722ef77d23ee9340b379ca,0x0f639c1300db549c48f1b27dafc8b040f3c1cfc9159e496d62be76a608e63acb,98.861900
theo_n,5,187,false,9,9,offchain,500,183,1.300400,123.783000,199.962200,201.262600,6.910000,true,3104,,0x2fe6349b77f8b704a4b6fda6a67fa440bb1a7ac8a5722ef77d23ee9340b379ca,0x1112001707407a3e97cda0c1696dcd2afeb1de6c0edc2614bb7e66b10a9811f9,91.715200
theo_n,5,188,false,9,9,offchain,500,184,1.382500,121.970600,202.195000,203.577500,6.933100,true,3104,,0x2fe6349b77f8b704a4b6fda6a67fa440bb1a7ac8a5722ef77d23ee9340b379ca,0x20b748016a081789c598c45980038297e9bf621eaab2a5ae4758dc9751b4fcb7,92.055200
theo_n,5,189,false,9,9,offchain,500,185,1.623000,127.647000,208.536800,210.159800,6.953100,true,3104,,0x2fe6349b77f8b704a4b6fda6a67fa440bb1a7ac8a5722ef77d23ee9340b379ca,0x3b0467a870288df6b3ee6ac1ac0a244eea16665024e22239ab2a56ba0b6c6c4f,91.791600
theo_n,5,190,false,9,9,offchain,500,186,1.517100,120.923300,200.621900,202.139000,7.444700,true,3104,,0x2fe6349b77f8b704a4b6fda6a67fa440bb1a7ac8a5722ef77d23ee9340b379ca,0x13d57e8cf606620453fc0dd19fe83051fda08037e0421d27a7db08ae4c65561d,92.410500
theo_n,5,191,false,9,9,offchain,500,187,1.428100,122.175400,201.948600,203.376700,6.936800,true,3104,,0x2fe6349b77f8b704a4b6fda6a67fa440bb1a7ac8a5722ef77d23ee9340b379ca,0x1130d93cb72e0a14d1a6c1f441514c412afdd724723affb16edb8359a53ae6bf,99.614300
theo_n,5,192,false,9,9,offchain,500,188,1.383300,122.455200,201.650200,203.033500,7.018300,true,3104,,0x2fe6349b77f8b704a4b6fda6a67fa440bb1a7ac8a5722ef77d23ee9340b379ca,0x21b3a9a5243fc7b838bf09e74ed1d83ca942fc6c57ceb042543f05a175f9557d,93.048700
theo_n,5,193,false,9,9,offchain,500,189,1.343000,121.920100,198.304100,199.647100,6.917800,true,3104,,0x2fe6349b77f8b704a4b6fda6a67fa440bb1a7ac8a5722ef77d23ee9340b379ca,0x283a2c1e7554ab9c143d5264b60b1000f0b15c454c13d211e1a5ee74cabffad6,96.638700
theo_n,5,194,false,9,9,offchain,500,190,1.339300,123.057200,201.728000,203.067300,7.153200,true,3104,,0x2fe6349b77f8b704a4b6fda6a67fa440bb1a7ac8a5722ef77d23ee9340b379ca,0x02ba6374c6c17cf95392731e7f87d92399dd5e0b23d1d9444bd12fb819da5711,93.050800
theo_n,5,195,false,9,9,offchain,500,191,1.349500,129.062500,210.857500,212.207000,7.290800,true,3104,,0x2fe6349b77f8b704a4b6fda6a67fa440bb1a7ac8a5722ef77d23ee9340b379ca,0x0b1650951bc1e1fce7fb91cc2c021c1b19e3314cb416922c6372325ef8376576,93.136400
theo_n,5,196,false,9,9,offchain,500,192,1.410100,124.143900,200.792400,202.202500,6.851300,true,3104,,0x2fe6349b77f8b704a4b6fda6a67fa440bb1a7ac8a5722ef77d23ee9340b379ca,0x2dd9ce672ac3eb17d6b5446e7e96708a8532b57a5981e26ade86270db1a6c039,97.914000
theo_n,5,197,false,9,9,offchain,500,193,1.385000,122.368900,200.559200,201.944200,7.209800,true,3104,,0x2fe6349b77f8b704a4b6fda6a67fa440bb1a7ac8a5722ef77d23ee9340b379ca,0x1f2068c52ddda17eec4abb5d2cf7343d1f13c6ed173c337b495ff8a281cf745c,93.776700
theo_n,5,198,false,9,9,offchain,500,194,1.414800,121.986000,200.406600,201.821400,6.983300,true,3104,,0x2fe6349b77f8b704a4b6fda6a67fa440bb1a7ac8a5722ef77d23ee9340b379ca,0x3d0b8feccd8e664dd8714b01524651cf9f56b0a504916d3c13a73b286c4db56a,92.254000
theo_n,5,199,false,9,9,offchain,500,195,1.400100,122.076600,254.581000,255.981100,7.236500,true,3104,,0x2fe6349b77f8b704a4b6fda6a67fa440bb1a7ac8a5722ef77d23ee9340b379ca,0x331ca259bce438b00c014e3f806f228048c9a13f37e48da0b0ef3bf757e67c6e,103.848400
theo_n,5,200,false,9,9,offchain,500,196,1.438400,125.509700,202.883600,204.322000,6.935500,true,3104,,0x2fe6349b77f8b704a4b6fda6a67fa440bb1a7ac8a5722ef77d23ee9340b379ca,0x0846074347fad563ae37b34419ca48d2834fb29a9f616efeedf63f972fdf03d4,92.198900
theo_n,5,201,false,9,9,offchain,500,197,1.338900,125.312900,202.129300,203.468200,6.947300,true,3104,,0x2fe6349b77f8b704a4b6fda6a67fa440bb1a7ac8a5722ef77d23ee9340b379ca,0x273296438d1fe77303776b743600c96390e0a2c3a430e9083e134caad3aa6fa3,94.170300
theo_n,5,202,false,9,9,offchain,500,198,1.350800,122.802200,198.211300,199.562100,7.082700,true,3104,,0x2fe6349b77f8b704a4b6fda6a67fa440bb1a7ac8a5722ef77d23ee9340b379ca,0x2abe995e621cbbcce94e5effcca70dcdb882e997843991c965267abd59c29cfa,93.094600
theo_n,5,203,false,9,9,offchain,500,199,1.337300,122.017500,201.710700,203.048000,7.057900,true,3104,,0x2fe6349b77f8b704a4b6fda6a67fa440bb1a7ac8a5722ef77d23ee9340b379ca,0x1fac4fcd1b8acc574b6798e75ab10b59df880c73bafff58347aa86bc0a51c43e,92.256500
theo_n,5,204,false,9,9,offchain,500,200,1.423800,121.970700,197.932600,199.356400,7.293000,true,3104,,0x2fe6349b77f8b704a4b6fda6a67fa440bb1a7ac8a5722ef77d23ee9340b379ca,0x1bc4d68efc00df7ee997830ff21f683f9546976b589eff36a51905b7fdfc58ca,95.624900
theo_n,5,205,false,9,9,offchain,500,201,1.369300,123.504900,200.493900,201.863200,6.848800,true,3104,,0x2fe6349b77f8b704a4b6fda6a67fa440bb1a7ac8a5722ef77d23ee9340b379ca,0x3f284c76415dc4eee75c087ae3413c0ca08ea6399a5edeb35a5f334f21a539fe,97.793100
theo_n,5,206,false,9,9,offchain,500,202,1.417400,121.132400,199.144700,200.562100,6.916400,true,3104,,0x2fe6349b77f8b704a4b6fda6a67fa440bb1a7ac8a5722ef77d23ee9340b379ca,0x24d1804c82c2912aaed224965411d6913e59524312d014390e98202a4aabc378,95.267700
theo_n,5,207,false,9,9,offchain,500,203,1.364400,130.328500,208.082000,209.446400,6.878800,true,3104,,0x2fe6349b77f8b704a4b6fda6a67fa440bb1a7ac8a5722ef77d23ee9340b379ca,0x16cb24082fddf3a5f8222e0920ab3cb438d771e34626f517d4cba488e3962386,97.630300
theo_n,5,208,false,9,9,offchain,500,204,1.452500,121.495800,199.771600,201.224100,7.777400,true,3104,,0x2fe6349b77f8b704a4b6fda6a67fa440bb1a7ac8a5722ef77d23ee9340b379ca,0x131ea3bfb78a1e6e6abab26bb71334dc6f0b601fa429fede863c93f9d818abb2,98.577400
theo_n,5,209,false,9,9,offchain,500,205,1.369800,123.951000,201.531200,202.901000,7.034200,true,3104,,0x2fe6349b77f8b704a4b6fda6a67fa440bb1a7ac8a5722ef77d23ee9340b379ca,0x09596a76ddd57e516f66c2f9a6fcd8ec82d281c7ccc99fe91ec26cc1dd157db3,92.536300
theo_n,5,210,false,9,9,offchain,500,206,1.336500,122.979700,199.428500,200.765000,6.988600,true,3104,,0x2fe6349b77f8b704a4b6fda6a67fa440bb1a7ac8a5722ef77d23ee9340b379ca,0x061604f7c3279342f527d4348f7ec1f2c05f8043dacd7f33ad21e53d4fc12390,91.896600
theo_n,5,211,false,9,9,offchain,500,207,1.442300,122.789300,198.657500,200.099800,6.714400,true,3104,,0x2fe6349b77f8b704a4b6fda6a67fa440bb1a7ac8a5722ef77d23ee9340b379ca,0x0cd912920c5f798209af86070eef0d6cd0b48c09440772bc28bc9f6717e7c15f,93.559200
theo_n,5,212,false,9,9,offchain,500,208,1.367100,122.731000,200.507600,201.874700,6.878500,true,3104,,0x2fe6349b77f8b704a4b6fda6a67fa440bb1a7ac8a5722ef77d23ee9340b379ca,0x30c8ef117e8748987515f4ca33bcbbae5e787d2a3a8978b39cf6574468b93c1d,91.992600
theo_n,5,213,false,9,9,offchain,500,209,1.389300,173.504700,199.678800,201.068100,6.836600,true,3104,,0x2fe6349b77f8b704a4b6fda6a67fa440bb1a7ac8a5722ef77d23ee9340b379ca,0x1048d4d217c0b8e44608afcb1ac08d5c4519d821235db477249f52c86c1dc4f4,92.905800
theo_n,5,214,false,9,9,offchain,500,210,1.317900,121.495200,200.938600,202.256500,7.162900,true,3104,,0x2fe6349b77f8b704a4b6fda6a67fa440bb1a7ac8a5722ef77d23ee9340b379ca,0x01064a3dd66fe61cea6fbc7fee4dd2e4bf4316a8fdfe2332c692bb40b5070076,95.534900
theo_n,5,215,false,9,9,offchain,500,211,1.485600,125.438400,205.755200,207.240800,7.263500,true,3104,,0x2fe6349b77f8b704a4b6fda6a67fa440bb1a7ac8a5722ef77d23ee9340b379ca,0x21ba8af501a4cbfd9a1f3ef54a78e633b70c33ba4585940387538c4f892cfb4e,96.731000
theo_n,5,216,false,9,9,offchain,500,212,1.534800,127.353900,207.252900,208.787700,6.876200,true,3104,,0x2fe6349b77f8b704a4b6fda6a67fa440bb1a7ac8a5722ef77d23ee9340b379ca,0x239fea907d60110ce7c16d7ff4b14c4a18324ffa6af0d06688050ca7878b6a52,94.732900
theo_n,5,217,false,9,9,offchain,500,213,1.320600,118.816700,198.830800,200.151400,7.277500,true,3104,,0x2fe6349b77f8b704a4b6fda6a67fa440bb1a7ac8a5722ef77d23ee9340b379ca,0x24e94cd78cc4213c982225bcb2991090eb45ac53bb3f3263531d349b13975122,96.278400
theo_n,5,218,false,9,9,offchain,500,214,1.463800,131.624600,216.377700,217.841500,7.511600,true,3104,,0x2fe6349b77f8b704a4b6fda6a67fa440bb1a7ac8a5722ef77d23ee9340b379ca,0x1f1a36958171b4ac69e853fa232864a4dfc364ad454b6c9e10ae0b744c1775d4,98.882200
theo_n,5,219,false,9,9,offchain,500,215,1.331700,121.417700,197.838700,199.170400,7.026100,true,3104,,0x2fe6349b77f8b704a4b6fda6a67fa440bb1a7ac8a5722ef77d23ee9340b379ca,0x224f7c77edb5dbfe132092e810ac26ad4e6c093e53995d08e51b3212bddf8b5a,91.089500
theo_n,5,220,false,9,9,offchain,500,216,1.360200,120.963200,199.863200,201.223400,6.936000,true,3104,,0x2fe6349b77f8b704a4b6fda6a67fa440bb1a7ac8a5722ef77d23ee9340b379ca,0x33c8f00b63241b99b8399696b5ac79215b8847d88b2836480c42c63c3b9338a6,97.646000
theo_n,5,221,false,9,9,offchain,500,217,1.371200,121.765300,198.108900,199.480100,6.980400,true,3104,,0x2fe6349b77f8b704a4b6fda6a67fa440bb1a7ac8a5722ef77d23ee9340b379ca,0x22ef695b16b79a12ad82ef7b1578ebaf5624f0cc596cb1376280302cda5e6a44,92.969600
theo_n,5,222,false,9,9,offchain,500,218,1.351700,122.041200,198.452800,199.804500,6.998400,true,3104,,0x2fe6349b77f8b704a4b6fda6a67fa440bb1a7ac8a5722ef77d23ee9340b379ca,0x271aa4fbf3693e5b18d829ee9c39cef6bc4da922a2168b6750324caad8d53f21,92.604000
theo_n,5,223,false,9,9,offchain,500,219,1.382500,122.824700,201.351300,202.733800,7.085800,true,3104,,0x2fe6349b77f8b704a4b6fda6a67fa440bb1a7ac8a5722ef77d23ee9340b379ca,0x10a4ec0e9594c3d6874d43781b150c230f2ef42aa203d6f5ab383cafb7195b60,93.428600
theo_n,5,224,false,9,9,offchain,500,220,1.415200,125.350700,219.447900,220.863100,7.325800,true,3104,,0x2fe6349b77f8b704a4b6fda6a67fa440bb1a7ac8a5722ef77d23ee9340b379ca,0x17249968cfb1672caa6753361693a65c8535d902c553ce902710ed8ff12c272b,92.472500
theo_n,5,225,false,9,9,offchain,500,221,1.319500,125.037300,258.252600,259.572100,7.136000,true,3104,,0x2fe6349b77f8b704a4b6fda6a67fa440bb1a7ac8a5722ef77d23ee9340b379ca,0x1b626f535514e4e5a7c4d23db21fd87178cf55d4ddef6c4d32ea7d8a374b9675,93.807100
theo_n,5,226,false,9,9,offchain,500,222,1.935100,126.988600,207.407700,209.342800,7.002500,true,3104,,0x2fe6349b77f8b704a4b6fda6a67fa440bb1a7ac8a5722ef77d23ee9340b379ca,0x10074f9eb31e9c6ecea33dd09b942747dde26ea5b43debd11bc3d66d758a78ba,97.566900
theo_n,5,227,false,9,9,offchain,500,223,1.344100,121.761300,198.879900,200.224000,7.095400,true,3104,,0x2fe6349b77f8b704a4b6fda6a67fa440bb1a7ac8a5722ef77d23ee9340b379ca,0x08112b8d354d9aaba93692b831a531e7cedd8b1d5a47837c1fedc6aa7f2cae8f,92.827900
theo_n,5,228,false,9,9,offchain,500,224,1.739100,121.892400,199.599300,201.338400,7.190800,true,3104,,0x2fe6349b77f8b704a4b6fda6a67fa440bb1a7ac8a5722ef77d23ee9340b379ca,0x04c3840cdc2e4aac80b4c247288eece9d5b17369096381a62cd10420152c2739,95.861300
theo_n,5,229,false,9,9,offchain,500,225,1.376000,123.410800,203.588500,204.964500,7.247800,true,3104,,0x2fe6349b77f8b704a4b6fda6a67fa440bb1a7ac8a5722ef77d23ee9340b379ca,0x1d4b623b24f055a834f78f3cf3144039c437442f579b3ebc63271326089f9186,92.883600
theo_n,5,230,false,9,9,offchain,500,226,1.395900,126.649200,215.973400,217.369300,7.047400,true,3104,,0x2fe6349b77f8b704a4b6fda6a67fa440bb1a7ac8a5722ef77d23ee9340b379ca,0x2035dedc2eb545642aed0f9606622c5f82294b4b6e544e06b55fd9e8134d213a,96.577500
theo_n,5,231,false,9,9,offchain,500,227,1.434800,126.835700,207.942000,209.376800,7.313900,true,3104,,0x2fe6349b77f8b704a4b6fda6a67fa440bb1a7ac8a5722ef77d23ee9340b379ca,0x233ff9f8b02ec4c97f0d1bc984633b2db25ab99a09a83e88f6af57228c0311a3,93.659700
theo_n,5,232,false,9,9,offchain,500,228,1.373600,123.983400,203.217700,204.591300,6.955600,true,3104,,0x2fe6349b77f8b704a4b6fda6a67fa440bb1a7ac8a5722ef77d23ee9340b379ca,0x3ce76251dd711f361f2658cafc9885d2de612f82c2243e29a406c3817fa99144,93.701700
theo_n,5,233,false,9,9,offchain,500,229,1.457800,121.075600,198.801100,200.258900,6.850900,true,3104,,0x2fe6349b77f8b704a4b6fda6a67fa440bb1a7ac8a5722ef77d23ee9340b379ca,0x01960faf9d44f7a05a9903be0817035bb839c655259186de39824a0205fbf963,92.140100
theo_n,5,234,false,9,9,offchain,500,230,1.379400,122.851200,199.785700,201.165100,7.006800,true,3104,,0x2fe6349b77f8b704a4b6fda6a67fa440bb1a7ac8a5722ef77d23ee9340b379ca,0x09bdcc85823e5cb6efe1689ca68d69f7f39a7b342925c6ef2010fb84dc0e5732,93.407800
theo_n,5,235,false,9,9,offchain,500,231,1.494100,122.123400,199.465000,200.959100,7.127400,true,3104,,0x2fe6349b77f8b704a4b6fda6a67fa440bb1a7ac8a5722ef77d23ee9340b379ca,0x1cd8f78f237edd4acf466189caacbd6b709dcba35f9e32703c9dde9aa127717c,92.308400
theo_n,5,236,false,9,9,offchain,500,232,1.386100,120.511600,197.054500,198.440600,6.979000,true,3104,,0x2fe6349b77f8b704a4b6fda6a67fa440bb1a7ac8a5722ef77d23ee9340b379ca,0x1c18dbcebe2485b6a83380729d5f98097e404059f6b7401f58ce6602117cc0aa,94.738700
theo_n,5,237,false,9,9,offchain,500,233,1.372200,121.785300,200.561700,201.933900,6.943400,true,3104,,0x2fe6349b77f8b704a4b6fda6a67fa440bb1a7ac8a5722ef77d23ee9340b379ca,0x29101a89ba44f904e04e8c5f859ff4577a45e0fb480e1f4fb84efb96f84ed6a6,93.262600
theo_n,5,238,false,9,9,offchain,500,234,1.650100,124.233000,203.773800,205.423900,7.028600,true,3104,,0x2fe6349b77f8b704a4b6fda6a67fa440bb1a7ac8a5722ef77d23ee9340b379ca,0x0d5ff26441a869edd16f94350c143401dc9839188f1a1cb63ed23c99584d6b0d,91.837600
theo_n,5,239,false,9,9,offchain,500,235,1.404400,121.391100,202.009800,203.414200,7.095600,true,3104,,0x2fe6349b77f8b704a4b6fda6a67fa440bb1a7ac8a5722ef77d23ee9340b379ca,0x3fd663fdd4796c0eeb3d2683abcf10e017b1983ed977371a64649c27e26ccdb9,93.370200
theo_n,5,240,false,9,9,offchain,500,236,1.440000,124.045300,264.232600,265.672600,7.075100,true,3104,,0x2fe6349b77f8b704a4b6fda6a67fa440bb1a7ac8a5722ef77d23ee9340b379ca,0x2a93c9f51214b5fcf5b02964ba34c8edd54e58bf4151b2599ffe6ece57b6d018,97.094500
theo_n,5,241,false,9,9,offchain,500,237,1.324400,125.508900,201.534900,202.859300,8.140300,true,3104,,0x2fe6349b77f8b704a4b6fda6a67fa440bb1a7ac8a5722ef77d23ee9340b379ca,0x13dde27c637f6854bd1c54e4176e97040d810a20d57b43bf9d70d8efc282772d,97.266200
theo_n,5,242,false,9,9,offchain,500,238,1.421700,127.477500,202.643400,204.065100,6.889400,true,3104,,0x2fe6349b77f8b704a4b6fda6a67fa440bb1a7ac8a5722ef77d23ee9340b379ca,0x135a4790752389135f911a23431ca22924c7e61a263b54ef292cd06734e0b3cc,94.029500
theo_n,5,243,false,9,9,offchain,500,239,1.702400,121.872400,198.755500,200.457900,6.839900,true,3104,,0x2fe6349b77f8b704a4b6fda6a67fa440bb1a7ac8a5722ef77d23ee9340b379ca,0x2050f24f5a3174b112b4d9b8c0cb7d635b007b190fc7128d075c0fc98fc3479a,93.767100
theo_n,5,244,false,9,9,offchain,500,240,1.288900,121.299800,199.435000,200.723900,6.858900,true,3104,,0x2fe6349b77f8b704a4b6fda6a67fa440bb1a7ac8a5722ef77d23ee9340b379ca,0x196828bf4d21e668dd09c7bfaf8edeaa2a2bb1af398e35710a9bb057ce7d5681,92.033100
theo_n,5,245,false,9,9,offchain,500,241,1.382900,121.360000,206.050100,207.433000,6.949600,true,3104,,0x2fe6349b77f8b704a4b6fda6a67fa440bb1a7ac8a5722ef77d23ee9340b379ca,0x1c10b340a544df81f3b05cefd95c7c798f3d3b4bfc8da9e365685a531f0c8b63,96.382700
theo_n,5,246,false,9,9,offchain,500,242,1.350300,121.708400,198.988500,200.338800,6.875900,true,3104,,0x2fe6349b77f8b704a4b6fda6a67fa440bb1a7ac8a5722ef77d23ee9340b379ca,0x1bff1965c200ea6f8b38aec6c6b925b4bfb622a3d2a195f279f0de996636dca4,103.132400
theo_n,5,247,false,9,9,offchain,500,243,1.343900,121.151900,198.920200,200.264100,6.956600,true,3104,,0x2fe6349b77f8b704a4b6fda6a67fa440bb1a7ac8a5722ef77d23ee9340b379ca,0x10debae9933f4c4fb21aecdc3fba6aaa30a7b4e0831e6f3967fcace92487f0e1,98.902400
theo_n,5,248,false,9,9,offchain,500,244,1.388300,121.840300,197.126100,198.514400,7.163800,true,3104,,0x2fe6349b77f8b704a4b6fda6a67fa440bb1a7ac8a5722ef77d23ee9340b379ca,0x2af5dff9b1175c3ae54eeed0b2ad06c1bfe7b4e45f17840e0a43099c8c03545d,94.532700
theo_n,5,249,false,9,9,offchain,500,245,1.393600,123.482900,199.465300,200.858900,7.400500,true,3104,,0x2fe6349b77f8b704a4b6fda6a67fa440bb1a7ac8a5722ef77d23ee9340b379ca,0x0daf01b2722a42cd348621bafad98aec02bc3e1fe6a0b1db2bd1ed7031f74d2e,92.894100
theo_n,5,250,false,9,9,offchain,500,246,1.373900,125.190600,203.622200,204.996100,7.064400,true,3104,,0x2fe6349b77f8b704a4b6fda6a67fa440bb1a7ac8a5722ef77d23ee9340b379ca,0x04b12b3f7d7b388ef7881281481d12de7f0dbc48bf6e17c93074dc50cb7fd9be,93.161500
theo_n,5,251,false,9,9,offchain,500,247,1.344400,124.737100,201.408500,202.752900,7.016200,true,3104,,0x2fe6349b77f8b704a4b6fda6a67fa440bb1a7ac8a5722ef77d23ee9340b379ca,0x2d7b6585793e0c361bb72f842ede062d5a87d30940f720f426c2fa757faf5b63,93.284100
theo_n,5,252,false,9,9,offchain,500,248,1.351300,122.716900,200.554300,201.905600,7.186200,true,3104,,0x2fe6349b77f8b704a4b6fda6a67fa440bb1a7ac8a5722ef77d23ee9340b379ca,0x1be9cacd9a4b9ba6df5a503dc09971d53f38a341768697792466962201878c83,93.297100
theo_n,5,253,false,9,9,offchain,500,249,1.407400,123.494900,199.251300,200.658700,6.785200,true,3104,,0x2fe6349b77f8b704a4b6fda6a67fa440bb1a7ac8a5722ef77d23ee9340b379ca,0x2b0854285925fa638f2cffdd4ab25c7b473c93261467a83e9fae0feda21cc6fb,92.849200
theo_n,5,254,false,9,9,offchain,500,250,1.355300,121.715800,258.060700,259.416000,6.966700,true,3104,,0x2fe6349b77f8b704a4b6fda6a67fa440bb1a7ac8a5722ef77d23ee9340b379ca,0x1d57d310321c49a17ab0081beb7b202ac05e6ec687754c6e2f432a1220113e1e,92.664300
theo_n,5,255,false,9,9,offchain,500,251,1.323500,121.969500,205.919700,207.243200,6.689100,true,3104,,0x2fe6349b77f8b704a4b6fda6a67fa440bb1a7ac8a5722ef77d23ee9340b379ca,0x0003040b0b0c590dce2f7ff9c7bd0e713f9d8b8c05da94cc7347613303651102,96.067300
theo_n,5,256,false,9,9,offchain,500,252,1.327400,122.219100,200.400400,201.727800,6.994900,true,3104,,0x2fe6349b77f8b704a4b6fda6a67fa440bb1a7ac8a5722ef77d23ee9340b379ca,0x21f766f2266ac60f05568f423178b36746f3c86bb0808fd706cc3984fe234dc2,92.127800
theo_n,5,257,false,9,9,offchain,500,253,1.419300,122.798800,198.060000,199.479300,6.926900,true,3104,,0x2fe6349b77f8b704a4b6fda6a67fa440bb1a7ac8a5722ef77d23ee9340b379ca,0x252da4d2a4b0372e71095387166f170384f70d4de57b5852378c638259d30aba,94.896200
theo_n,5,258,false,9,9,offchain,500,254,1.826800,120.968000,197.268300,199.095100,7.034300,true,3104,,0x2fe6349b77f8b704a4b6fda6a67fa440bb1a7ac8a5722ef77d23ee9340b379ca,0x27bb9c63654ccfde000b0c298d39903ed7f8ca14ad1a1a66197320ab1fa69e93,95.906100
theo_n,5,259,false,9,9,offchain,500,255,1.308700,121.119200,220.534400,221.843100,8.863800,true,3104,,0x2fe6349b77f8b704a4b6fda6a67fa440bb1a7ac8a5722ef77d23ee9340b379ca,0x19cb507afbc830f4079adeb937659190969ccebb8e9ec80d0f6f9c15abea6c96,95.508600
theo_n,5,260,false,9,9,offchain,500,256,1.338400,121.882700,200.732900,202.071300,7.142100,true,3104,,0x2fe6349b77f8b704a4b6fda6a67fa440bb1a7ac8a5722ef77d23ee9340b379ca,0x13af1a03f83f2b7047d438e28e321cabfe9b81d3b0f3e30bf6b68d60e61ccc66,94.076000
theo_n,5,261,false,9,9,offchain,500,257,1.447200,128.672000,202.631800,204.079000,7.157100,true,3104,,0x2fe6349b77f8b704a4b6fda6a67fa440bb1a7ac8a5722ef77d23ee9340b379ca,0x1f9d4cfbcd073ff55fd28f14fdc6b04580e8a7b5cc0c815ba75860a438367297,94.471700
theo_n,5,262,false,9,9,offchain,500,258,1.514000,123.887600,200.736700,202.250700,6.915100,true,3104,,0x2fe6349b77f8b704a4b6fda6a67fa440bb1a7ac8a5722ef77d23ee9340b379ca,0x16655f002f143b0ff157a38d7bfcf554efe1efa0f01bde17f81f1efd1dac5ae3,91.894400
theo_n,5,263,false,9,9,offchain,500,259,1.397300,122.288400,197.820100,199.217400,6.969900,true,3104,,0x2fe6349b77f8b704a4b6fda6a67fa440bb1a7ac8a5722ef77d23ee9340b379ca,0x32e2b5c6eb79d56f6db51b9753908017b27b45c78992dc10c03ec056cd45d1e2,93.675500
theo_n,5,264,false,9,9,offchain,500,260,1.418400,121.374200,198.717400,200.135800,7.277000,true,3104,,0x2fe6349b77f8b704a4b6fda6a67fa440bb1a7ac8a5722ef77d23ee9340b379ca,0x15acdef555d7be280128cdcd5173903bba3ea4a130d3ec6e586a9e2c925984fe,93.067000
theo_n,5,265,false,9,9,offchain,500,261,1.405400,123.233500,201.294400,202.699800,6.993700,true,3104,,0x2fe6349b77f8b704a4b6fda6a67fa440bb1a7ac8a5722ef77d23ee9340b379ca,0x206f9e957151141c6b08e67861412b9979a6cb5473d656d57c6a3f28dbd71edd,91.676300
theo_n,5,266,false,9,9,offchain,500,262,1.392300,122.535000,200.691200,202.083500,6.961200,true,3104,,0x2fe6349b77f8b704a4b6fda6a67fa440bb1a7ac8a5722ef77d23ee9340b379ca,0x1c0c03c3bb02085b517f2b0dd32060227e9a840d4113a6c0ed8e25ef6d037545,92.841800
theo_n,5,267,false,9,9,offchain,500,263,1.348900,121.143100,198.577700,199.926600,6.954500,true,3104,,0x2fe6349b77f8b704a4b6fda6a67fa440bb1a7ac8a5722ef77d23ee9340b379ca,0x2ec2fe58ea1c1da21799f323afc5604c7565f777d6920ad3b971d88781ea8688,92.438400
theo_n,5,268,false,9,9,offchain,500,264,1.378300,121.469600,263.207700,264.586000,6.775200,true,3104,,0x2fe6349b77f8b704a4b6fda6a67fa440bb1a7ac8a5722ef77d23ee9340b379ca,0x36871a7d5a642a72edb71998ebd57faab9df6f308647e14197d5d4ecc241279b,98.301900
theo_n,5,269,false,9,9,offchain,500,265,1.336700,121.988000,200.047100,201.383800,8.517400,true,3104,,0x2fe6349b77f8b704a4b6fda6a67fa440bb1a7ac8a5722ef77d23ee9340b379ca,0x14427ba209a096888541ceaa3ad3513d71c4d7c051585268c45c9226dfe0b256,95.841100
theo_n,5,270,false,9,9,offchain,500,266,1.357200,122.877700,200.820100,202.177300,8.035200,true,3104,,0x2fe6349b77f8b704a4b6fda6a67fa440bb1a7ac8a5722ef77d23ee9340b379ca,0x20d30c7b9347b468a850ccf3b369391ef9639cca1987c37584bd7d19ec6ede8c,104.534400
theo_n,5,271,false,9,9,offchain,500,267,1.599900,136.472800,214.947600,216.547500,7.005300,true,3104,,0x2fe6349b77f8b704a4b6fda6a67fa440bb1a7ac8a5722ef77d23ee9340b379ca,0x2d9ccd0c2ac36559606a0f205863e02c9c2b2d5f640eaab7c1c6a56b1a103553,96.389900
theo_n,5,272,false,9,9,offchain,500,268,1.471100,136.422300,234.059900,235.531000,8.295400,true,3104,,0x2fe6349b77f8b704a4b6fda6a67fa440bb1a7ac8a5722ef77d23ee9340b379ca,0x2b5161b66d16afe0c625e2606fef885e7c98f530e504c631fd79a05fadfe0c71,110.403700
theo_n,5,273,false,9,9,offchain,500,269,1.474400,140.697300,212.889700,214.364100,7.130000,true,3104,,0x2fe6349b77f8b704a4b6fda6a67fa440bb1a7ac8a5722ef77d23ee9340b379ca,0x3e21369041a04980f41e38d2ac90d7a9b944478af8be5a41c9c7afdf9469d697,96.464600
theo_n,5,274,false,9,9,offchain,500,270,1.460400,125.084900,201.722300,203.182700,7.186400,true,3104,,0x2fe6349b77f8b704a4b6fda6a67fa440bb1a7ac8a5722ef77d23ee9340b379ca,0x2de90771e0c245bdfa0b65bb6ee8361b444a0e72d505a6dccccd1649af6fd5c9,93.608400
theo_n,5,275,false,9,9,offchain,500,271,1.403900,125.838100,200.420000,201.823900,7.213500,true,3104,,0x2fe6349b77f8b704a4b6fda6a67fa440bb1a7ac8a5722ef77d23ee9340b379ca,0x3cc0b7377f2fd4ecc5b1dc872298412fde0d67a692b168402caf8860c8195079,94.617700
theo_n,5,276,false,9,9,offchain,500,272,1.386000,125.094000,203.653400,205.039400,7.280700,true,3104,,0x2fe6349b77f8b704a4b6fda6a67fa440bb1a7ac8a5722ef77d23ee9340b379ca,0x0fce8eb9bf34b6d3aa2cb311ca9f5c15dc716c28d4d9bb9555e44f0a08ecf8e1,97.869200
theo_n,5,277,false,9,9,offchain,500,273,1.425400,125.784700,199.963900,201.389300,7.002300,true,3104,,0x2fe6349b77f8b704a4b6fda6a67fa440bb1a7ac8a5722ef77d23ee9340b379ca,0x05833828f42204b99a454594b21513ff2183c6a99a2b3944e3440f299bb4f266,92.522300
theo_n,5,278,false,9,9,offchain,500,274,1.312600,122.477600,198.055800,199.368400,6.937800,true,3104,,0x2fe6349b77f8b704a4b6fda6a67fa440bb1a7ac8a5722ef77d23ee9340b379ca,0x214acd758d2cf355f7d8c5dec2d9e4e50194902c100b583c119a1c8bf2741569,94.472100
theo_n,5,279,false,9,9,offchain,500,275,1.347300,120.995400,200.453600,201.800900,7.069800,true,3104,,0x2fe6349b77f8b704a4b6fda6a67fa440bb1a7ac8a5722ef77d23ee9340b379ca,0x2ec1cd97c107f5e7d43f5824152c3b203d583b4c2f8fe719016cf766bdc951f6,92.767300
theo_n,5,280,false,9,9,offchain,500,276,1.451500,124.593300,201.706000,203.157500,8.647900,true,3104,,0x2fe6349b77f8b704a4b6fda6a67fa440bb1a7ac8a5722ef77d23ee9340b379ca,0x3db627a7bc1c038baa6bd3b87e0513ba54edd4efc8fce3b09e3faf1c88f5334b,95.497700
theo_n,5,281,false,9,9,offchain,500,277,1.341200,129.578400,204.190700,205.531900,7.230000,true,3104,,0x2fe6349b77f8b704a4b6fda6a67fa440bb1a7ac8a5722ef77d23ee9340b379ca,0x3856ddcb158b17f68b73df84a4a414a2bfb3f8ddfd31447ba5d526e199cd1aa1,93.071600
theo_n,5,282,false,9,9,offchain,500,278,1.430100,136.874700,206.581900,208.012000,7.121300,true,3104,,0x2fe6349b77f8b704a4b6fda6a67fa440bb1a7ac8a5722ef77d23ee9340b379ca,0x3c982d4cab23cc667f3153144ce83370da4c30519337576650456290fdef4cca,96.143200
theo_n,5,283,false,9,9,offchain,500,279,1.399600,179.764600,204.798100,206.197700,6.875900,true,3104,,0x2fe6349b77f8b704a4b6fda6a67fa440bb1a7ac8a5722ef77d23ee9340b379ca,0x3a7dd69177b1615e8955d757be7644bfc671b3e6c0de5476c889722eb94fccc5,94.277400
theo_n,5,284,false,9,9,offchain,500,280,1.362300,121.230700,201.496300,202.858600,6.995300,true,3104,,0x2fe6349b77f8b704a4b6fda6a67fa440bb1a7ac8a5722ef77d23ee9340b379ca,0x331d5755c5fdcedf8aa7d4dd13abebb69444e39cc8b7753bd20fbe209dc9bb9b,100.803100
theo_n,5,285,false,9,9,offchain,500,281,1.335100,126.800700,203.118600,204.453700,7.053400,true,3104,,0x2fe6349b77f8b704a4b6fda6a67fa440bb1a7ac8a5722ef77d23ee9340b379ca,0x12456bad5ea5ac8701e9f1e0202e980193aac418c73990454cf01f0c6011efaf,92.887200
theo_n,5,286,false,9,9,offchain,500,282,1.361600,122.692500,199.896700,201.258300,7.005500,true,3104,,0x2fe6349b77f8b704a4b6fda6a67fa440bb1a7ac8a5722ef77d23ee9340b379ca,0x2c5c303bcdfb63737d7b992cbfa56555f48a5d4cd771732f2cb35390b57dc9dc,93.189400
theo_n,5,287,false,9,9,offchain,500,283,1.393100,125.355100,211.514300,212.907400,7.247600,true,3104,,0x2fe6349b77f8b704a4b6fda6a67fa440bb1a7ac8a5722ef77d23ee9340b379ca,0x398093a3ec3cb269bfeb8423a41a3c8706c772840b6047cb9b4426afce8a9426,94.259100
theo_n,5,288,false,9,9,offchain,500,284,1.618500,127.344200,204.240000,205.858500,7.052100,true,3104,,0x2fe6349b77f8b704a4b6fda6a67fa440bb1a7ac8a5722ef77d23ee9340b379ca,0x3fde75cc892a5ba434cb91628f9126ab6df18b3ceb5d532a4efed441fd682489,93.476400
theo_n,5,289,false,9,9,offchain,500,285,1.342300,122.724700,203.106900,204.449200,7.003800,true,3104,,0x2fe6349b77f8b704a4b6fda6a67fa440bb1a7ac8a5722ef77d23ee9340b379ca,0x1b488a0fc1dcc2b8432e72712ec910c013c293088017ac695bbb56dc71189a82,92.665100
theo_n,5,290,false,9,9,offchain,500,286,1.345900,121.367800,199.823000,201.168900,7.286300,true,3104,,0x2fe6349b77f8b704a4b6fda6a67fa440bb1a7ac8a5722ef77d23ee9340b379ca,0x22fb4ba332ae52ec2d4024446d91d18f297796869446a3db080838619881e933,94.919100
theo_n,5,291,false,9,9,offchain,500,287,1.539700,127.628200,204.001700,205.541400,6.915400,true,3104,,0x2fe6349b77f8b704a4b6fda6a67fa440bb1a7ac8a5722ef77d23ee9340b379ca,0x21f0d10ccf00498500d95ad876335c49b23c2fc18275790ae389669c8544088c,93.037100
theo_n,5,292,false,9,9,offchain,500,288,1.367400,123.062300,201.078100,202.445500,7.322500,true,3104,,0x2fe6349b77f8b704a4b6fda6a67fa440bb1a7ac8a5722ef77d23ee9340b379ca,0x3ede0864c77dc19ead38c4624d41076c05baded30dec030b254489dacb314aa1,91.879400
theo_n,5,293,false,9,9,offchain,500,289,1.323200,124.975100,202.588600,203.911800,7.410000,true,3104,,0x2fe6349b77f8b704a4b6fda6a67fa440bb1a7ac8a5722ef77d23ee9340b379ca,0x340a1d29a4decfa8de11ff64dae19d713515a9e9fad0946857f86c5058a12be3,95.113400
theo_n,5,294,false,9,9,offchain,500,290,1.496500,128.961900,210.193100,211.689600,7.226200,true,3104,,0x2fe6349b77f8b704a4b6fda6a67fa440bb1a7ac8a5722ef77d23ee9340b379ca,0x17ebbf9bd7f1ef4bb43fc2aaf729e168d717fdaaed1618ea96a49e7a1ce8430b,94.002200
theo_n,5,295,false,9,9,offchain,500,291,1.483300,179.914000,203.502000,204.985300,7.258400,true,3104,,0x2fe6349b77f8b704a4b6fda6a67fa440bb1a7ac8a5722ef77d23ee9340b379ca,0x3f524ee21daedd4379074e5c4d675d34891cff3535cd53839e421dea2a3d6e85,94.300700
theo_n,5,296,false,9,9,offchain,500,292,1.473000,124.257600,204.517000,205.990000,7.205500,true,3104,,0x2fe6349b77f8b704a4b6fda6a67fa440bb1a7ac8a5722ef77d23ee9340b379ca,0x157335c3a9879e6b3c9e51fdc67047e050c7ab9ebcd8dcc49193385aae72d64e,94.564400
theo_n,5,297,false,9,9,offchain,500,293,1.425600,130.936200,203.072600,204.498200,7.150900,true,3104,,0x2fe6349b77f8b704a4b6fda6a67fa440bb1a7ac8a5722ef77d23ee9340b379ca,0x13337dcf205363234901124ae87850237fba5a2cf97131377e393825d1790380,97.338300
theo_n,5,298,false,9,9,offchain,500,294,1.440300,123.328100,200.532900,201.973200,7.042600,true,3104,,0x2fe6349b77f8b704a4b6fda6a67fa440bb1a7ac8a5722ef77d23ee9340b379ca,0x0dea04404a701c0cd65f783a999494ee6f3135a604dc6f671711d7d0df94b871,92.435600
theo_n,5,299,false,9,9,offchain,500,295,1.322100,122.116600,201.854900,203.177000,7.230600,true,3104,,0x2fe6349b77f8b704a4b6fda6a67fa440bb1a7ac8a5722ef77d23ee9340b379ca,0x30f7ab3f5f6388b7ba4206b7fb8ceb4b450b9b4310d098a84b43a4b149c2d722,92.660400
theo_n,5,300,false,9,9,offchain,500,296,1.339500,123.398500,201.783900,203.123400,7.018200,true,3104,,0x2fe6349b77f8b704a4b6fda6a67fa440bb1a7ac8a5722ef77d23ee9340b379ca,0x28a4af16d1084e7845235a5d5f63de2a12e7320ca6294a0942e081ff3bbacad9,94.556800
theo_n,5,301,false,9,9,offchain,500,297,1.367200,123.061300,202.229700,203.596900,6.879900,true,3104,,0x2fe6349b77f8b704a4b6fda6a67fa440bb1a7ac8a5722ef77d23ee9340b379ca,0x3669da98be6664f44c90fb9012c1831e02bf594cac32b81e0b35209a0f0bb5df,92.684000
theo_n,5,302,false,9,9,offchain,500,298,1.424200,122.824400,207.203400,208.627600,7.252000,true,3104,,0x2fe6349b77f8b704a4b6fda6a67fa440bb1a7ac8a5722ef77d23ee9340b379ca,0x207acd53d1b605cf54c1b07e87961e217936864c0f8d70631c7f4ccf00338787,97.425900
theo_n,5,303,false,9,9,offchain,500,299,1.398900,124.927800,200.833100,202.232000,7.245900,true,3104,,0x2fe6349b77f8b704a4b6fda6a67fa440bb1a7ac8a5722ef77d23ee9340b379ca,0x36a9d881956a99b6c4d00e5cc062e85f306b1a4a7190cef1a2ef0846b0d191fd,93.130200
theo_n,5,304,false,9,9,offchain,500,300,1.384800,124.087600,203.104000,204.488800,7.194100,true,3104,,0x2fe6349b77f8b704a4b6fda6a67fa440bb1a7ac8a5722ef77d23ee9340b379ca,0x3fae27074f78318b40a5df48f9a4168edf2929fc4ae11181ad1e34674ad615ae,93.638600
theo_n,5,305,false,9,9,offchain,500,301,1.401700,124.567400,202.718800,204.120500,6.948100,true,3104,,0x2fe6349b77f8b704a4b6fda6a67fa440bb1a7ac8a5722ef77d23ee9340b379ca,0x179ed4f1e47bb2d4c7e943d5fcb028702e81f974502e699c16aded2d973ce903,92.876700
theo_n,5,306,false,9,9,offchain,500,302,1.353200,121.394900,197.800100,199.153300,7.118600,true,3104,,0x2fe6349b77f8b704a4b6fda6a67fa440bb1a7ac8a5722ef77d23ee9340b379ca,0x257a10a072da953507bf7f7e39cf767facefa1ae5201db7269f3566da3a0db78,93.164300
theo_n,5,307,false,9,9,offchain,500,303,1.756500,122.044600,197.483500,199.240000,6.961500,true,3104,,0x2fe6349b77f8b704a4b6fda6a67fa440bb1a7ac8a5722ef77d23ee9340b379ca,0x051b473f56ec28fe51543496572291a9273d057b8792a3cda248a8e3e1e72c63,92.167200
theo_n,5,308,false,9,9,offchain,500,304,1.455600,121.990200,198.636100,200.091700,6.912300,true,3104,,0x2fe6349b77f8b704a4b6fda6a67fa440bb1a7ac8a5722ef77d23ee9340b379ca,0x33550cff5afe5a46c0fc9e6bbe27c1bd0d0eb09e731b2a2ad6ca242f176eee48,92.883200
theo_n,5,309,false,9,9,offchain,500,305,1.395600,173.436200,210.660400,212.056000,7.458900,true,3104,,0x2fe6349b77f8b704a4b6fda6a67fa440bb1a7ac8a5722ef77d23ee9340b379ca,0x347f82166c38900f4a468baac0278c52182223cea86af366433ee9931c3c839b,99.978800
theo_n,5,310,false,9,9,offchain,500,306,1.367900,123.696300,206.988000,208.355900,7.209100,true,3104,,0x2fe6349b77f8b704a4b6fda6a67fa440bb1a7ac8a5722ef77d23ee9340b379ca,0x1b7af93cf07c2cff41925485f3f11a822e3e54a05fc157c971dd2dd3caa252e0,94.771600
theo_n,5,311,false,9,9,offchain,500,307,1.464300,127.454700,226.652300,228.116600,7.280400,true,3104,,0x2fe6349b77f8b704a4b6fda6a67fa440bb1a7ac8a5722ef77d23ee9340b379ca,0x3a4fef6a829b927be652b82d2ebb3859337bbe7c5f35aa83eae3a43c465dc17c,94.433200
theo_n,5,312,false,9,9,offchain,500,308,1.382700,127.218800,218.166200,219.548900,8.737300,true,3104,,0x2fe6349b77f8b704a4b6fda6a67fa440bb1a7ac8a5722ef77d23ee9340b379ca,0x2a5170186b86aba23bc902c9f2fd58e05332b3d2e7d84c3f08a3582aae8e571b,96.978200
theo_n,5,313,false,9,9,offchain,500,309,1.405200,127.574500,202.885600,204.290800,6.963000,true,3104,,0x2fe6349b77f8b704a4b6fda6a67fa440bb1a7ac8a5722ef77d23ee9340b379ca,0x171632cbe67b8a7f89caa9d0599bb09d50ab35a070d6d2208aace0c5b826a236,92.772400
theo_n,5,314,false,9,9,offchain,500,310,1.463700,124.961800,202.751500,204.215200,6.965400,true,3104,,0x2fe6349b77f8b704a4b6fda6a67fa440bb1a7ac8a5722ef77d23ee9340b379ca,0x013788cf05df5b97a491378c5c86531a12ae3915164b08eb88b317230ac57204,93.071200
theo_n,5,315,false,9,9,offchain,500,311,2.027000,124.786100,207.368500,209.395500,6.827100,true,3104,,0x2fe6349b77f8b704a4b6fda6a67fa440bb1a7ac8a5722ef77d23ee9340b379ca,0x0bcdb5fbccd7e14d5e7a421b030cba7754ffa4b72bda954f22a43bde7125a8ee,94.440300
theo_n,5,316,false,9,9,offchain,500,312,1.391400,122.649900,200.915400,202.306800,7.360600,true,3104,,0x2fe6349b77f8b704a4b6fda6a67fa440bb1a7ac8a5722ef77d23ee9340b379ca,0x0b1a913db7e13ccb94206caa0a06615433f6757e7f11fd42df2b58de1f8462ad,93.286100
theo_n,5,317,false,9,9,offchain,500,313,1.435000,124.140500,200.622500,202.057500,7.170800,true,3104,,0x2fe6349b77f8b704a4b6fda6a67fa440bb1a7ac8a5722ef77d23ee9340b379ca,0x28183fc9feb87ed8bd0f5bef335a502896c57e0580fb209ae814b76f95db15e6,92.993600
theo_n,5,318,false,9,9,offchain,500,314,1.357700,122.919300,201.816600,203.174300,6.980600,true,3104,,0x2fe6349b77f8b704a4b6fda6a67fa440bb1a7ac8a5722ef77d23ee9340b379ca,0x39a87344e49adf7c12e72b95d5a757a75896a0eeba260715ac5b7df993b22ad3,93.408300
theo_n,5,319,false,9,9,offchain,500,315,1.461800,121.492900,196.812900,198.274700,6.814200,true,3104,,0x2fe6349b77f8b704a4b6fda6a67fa440bb1a7ac8a5722ef77d23ee9340b379ca,0x0eee191ed5a62b9de7667c1788c1bc2988886fbb14d26fda11e78abbfdfbd49c,93.542500
theo_n,5,320,false,9,9,offchain,500,316,1.332900,124.358700,199.537700,200.870600,7.196100,true,3104,,0x2fe6349b77f8b704a4b6fda6a67fa440bb1a7ac8a5722ef77d23ee9340b379ca,0x0ecd70e7cef9dba50bab70bf822dd8bea1c051e51d23c84becb490b7a952a76b,93.126300
theo_n,5,321,false,9,9,offchain,500,317,1.554200,124.880900,201.720000,203.274200,6.853400,true,3104,,0x2fe6349b77f8b704a4b6fda6a67fa440bb1a7ac8a5722ef77d23ee9340b379ca,0x3158f43ace72da14dd6b26300c09a7b969d8544e0792be0786c39c8b3ba9345f,92.949000
theo_n,5,322,false,9,9,offchain,500,318,1.334900,122.736500,256.802000,258.136900,7.037900,true,3104,,0x2fe6349b77f8b704a4b6fda6a67fa440bb1a7ac8a5722ef77d23ee9340b379ca,0x3713cd417ddd28e4f636acf46b0d2a2b069c5b5b9305797764c66795581075e8,94.785300
theo_n,5,323,false,9,9,offchain,500,319,1.478700,127.153800,205.463700,206.942400,6.960700,true,3104,,0x2fe6349b77f8b704a4b6fda6a67fa440bb1a7ac8a5722ef77d23ee9340b379ca,0x2164cbce29a7cf495a8b71b01864fe7a90bdfab983596dc3d0b434da5a980108,92.984400
theo_n,5,324,false,9,9,offchain,500,320,1.448400,123.668700,207.222700,208.671100,7.136300,true,3104,,0x2fe6349b77f8b704a4b6fda6a67fa440bb1a7ac8a5722ef77d23ee9340b379ca,0x20f2bd23c9ed0d7117d857701ebc07eadf7853be8ba31fa915c6839c5899e9ef,94.866400
theo_n,5,325,false,9,9,offchain,500,321,1.376000,124.647000,205.546800,206.922800,7.359000,true,3104,,0x2fe6349b77f8b704a4b6fda6a67fa440bb1a7ac8a5722ef77d23ee9340b379ca,0x3597e04abb934a138da489621b0f15765db7308d36fce7c46e2792e512645315,96.872600
theo_n,5,326,false,9,9,offchain,500,322,1.422700,125.467100,206.472900,207.895600,7.082600,true,3104,,0x2fe6349b77f8b704a4b6fda6a67fa440bb1a7ac8a5722ef77d23ee9340b379ca,0x3a701293f7c5a23f34bfce770d2803fb8f92196d1860967205c2c412a11f78d5,98.279200
theo_n,5,327,false,9,9,offchain,500,323,1.422600,122.909300,198.703300,200.125900,6.986600,true,3104,,0x2fe6349b77f8b704a4b6fda6a67fa440bb1a7ac8a5722ef77d23ee9340b379ca,0x11041ba6a9ec3b138050f1ab766baacb1c22c088e02f8582213671563dce0dab,93.014700
theo_n,5,328,false,9,9,offchain,500,324,1.464600,120.948500,199.947600,201.412200,7.494800,true,3104,,0x2fe6349b77f8b704a4b6fda6a67fa440bb1a7ac8a5722ef77d23ee9340b379ca,0x1eea43fd85f24d8eb08c09904728517c6f0c63eea53dcd8f2a7e37e6d0255896,100.557500
theo_n,5,329,false,9,9,offchain,500,325,1.453300,123.573900,208.297900,209.751200,6.921600,true,3104,,0x2fe6349b77f8b704a4b6fda6a67fa440bb1a7ac8a5722ef77d23ee9340b379ca,0x0e1f7beb5bc8c79b8ed2cd2df1f5a03110a0719a39ee4339cbec85c5940a74f9,92.429900
theo_n,5,330,false,9,9,offchain,500,326,1.400900,122.175700,198.607700,200.008600,6.920200,true,3104,,0x2fe6349b77f8b704a4b6fda6a67fa440bb1a7ac8a5722ef77d23ee9340b379ca,0x04e8ef58a3bd6c7f38cf6f14c65181eda94b34915bf24e27146c41fe0d6560be,92.647000
theo_n,5,331,false,9,9,offchain,500,327,1.387800,122.643300,198.182800,199.570600,6.945200,true,3104,,0x2fe6349b77f8b704a4b6fda6a67fa440bb1a7ac8a5722ef77d23ee9340b379ca,0x26246755fecd067b39a8e935e54a4e4412200f2976bf6f04b38655d28968c044,91.900200
theo_n,5,332,false,9,9,offchain,500,328,1.452500,121.433800,200.922000,202.374500,7.076300,true,3104,,0x2fe6349b77f8b704a4b6fda6a67fa440bb1a7ac8a5722ef77d23ee9340b379ca,0x2e5ed345613174629d8d0c1c7e6fca731d1f298a7b35eaa0c22874528ca44b14,101.957000
theo_n,5,333,false,9,9,offchain,500,329,1.371700,123.481000,204.907700,206.279400,7.400200,true,3104,,0x2fe6349b77f8b704a4b6fda6a67fa440bb1a7ac8a5722ef77d23ee9340b379ca,0x1ce4878c276eaac2c919e2a0f48adcdc76e6aedfa92a1b0f492bf12b2af33f60,93.312600
theo_n,5,334,false,9,9,offchain,500,330,1.420100,129.154800,204.684700,206.104800,7.306800,true,3104,,0x2fe6349b77f8b704a4b6fda6a67fa440bb1a7ac8a5722ef77d23ee9340b379ca,0x0feafc223ea42d9589ed7dc80fff327b46bd9cfb2b2ca8a0988bde5c8d9d863d,96.302100
theo_n,5,335,false,9,9,offchain,500,331,1.516200,125.179800,204.001700,205.517900,6.985900,true,3104,,0x2fe6349b77f8b704a4b6fda6a67fa440bb1a7ac8a5722ef77d23ee9340b379ca,0x0e475319efaeda817757ae6de3c7b4b115eb55403500b7dfca1bda72e222d8b1,92.993300
theo_n,5,336,false,9,9,offchain,500,332,1.467000,125.472500,263.948100,265.415100,7.260200,true,3104,,0x2fe6349b77f8b704a4b6fda6a67fa440bb1a7ac8a5722ef77d23ee9340b379ca,0x13dae4f73fb8ad970f7bb2776a879a7449d7fd3a88f49771e84d43ffc3255cc9,97.586500
theo_n,5,337,false,9,9,offchain,500,333,1.802800,124.934600,209.157000,210.959800,7.132800,true,3104,,0x2fe6349b77f8b704a4b6fda6a67fa440bb1a7ac8a5722ef77d23ee9340b379ca,0x2a9af6815b5db105ccef9d46a5e41c903a16795ed7579b131e2170167e9f93d3,98.136300
theo_n,5,338,false,9,9,offchain,500,334,1.399300,126.310600,204.883100,206.282400,7.419000,true,3104,,0x2fe6349b77f8b704a4b6fda6a67fa440bb1a7ac8a5722ef77d23ee9340b379ca,0x11bbbf1caa40d9afa60d20142dc7b40ae4c47413b10780dc49a3656b0cad8f9a,93.715500
theo_n,5,339,false,9,9,offchain,500,335,1.397400,125.151000,220.315000,221.712400,7.023000,true,3104,,0x2fe6349b77f8b704a4b6fda6a67fa440bb1a7ac8a5722ef77d23ee9340b379ca,0x19ecbcd0233d6c5d3f9baf4d27ed7e9e0c3848253d725b375bb60867e649f3d9,94.750500
theo_n,5,340,false,9,9,offchain,500,336,1.385600,122.269800,203.360500,204.746100,7.273400,true,3104,,0x2fe6349b77f8b704a4b6fda6a67fa440bb1a7ac8a5722ef77d23ee9340b379ca,0x3dcc71fab3c774dfa96e1df6ffdace3f3b2073e9ed443e576727638e8f28f713,99.441000
theo_n,5,341,false,9,9,offchain,500,337,1.391000,124.235400,202.755300,204.146300,7.348200,true,3104,,0x2fe6349b77f8b704a4b6fda6a67fa440bb1a7ac8a5722ef77d23ee9340b379ca,0x2b1048ca7c72ab76435f1c2f09d95a106d813e5e0dd341a4497247c766f58067,94.402600
theo_n,5,342,false,9,9,offchain,500,338,1.435500,135.751400,207.426500,208.862000,7.860900,true,3104,,0x2fe6349b77f8b704a4b6fda6a67fa440bb1a7ac8a5722ef77d23ee9340b379ca,0x1f859c226fa916bad9c684a17fde078129fa30ceca3b0f6b8cff1e0192022653,101.542300
theo_n,5,343,false,9,9,offchain,500,339,1.383100,128.813000,212.289200,213.672300,7.647200,true,3104,,0x2fe6349b77f8b704a4b6fda6a67fa440bb1a7ac8a5722ef77d23ee9340b379ca,0x11d2cacbaeaae9e3e739ff084d60cc7a2b2a51a16f95e1fc934bc24a8b9ac4bd,97.755000
theo_n,5,344,false,9,9,offchain,500,340,1.420100,129.196800,223.259500,224.679600,7.302800,true,3104,,0x2fe6349b77f8b704a4b6fda6a67fa440bb1a7ac8a5722ef77d23ee9340b379ca,0x20a6237640b652c2ec5a6b3cde15c5cc3e91bb391eb0f6f9ae9c8ef77ce520d9,99.234500
theo_n,5,345,false,9,9,offchain,500,341,1.395800,129.467100,205.585400,206.981200,7.989500,true,3104,,0x2fe6349b77f8b704a4b6fda6a67fa440bb1a7ac8a5722ef77d23ee9340b379ca,0x23267799196fe59cf8521dba9ac922378800fcfad499bd64f6b09b35a533382c,93.711800
theo_n,5,346,false,9,9,offchain,500,342,1.445800,129.403000,207.218800,208.664600,7.105600,true,3104,,0x2fe6349b77f8b704a4b6fda6a67fa440bb1a7ac8a5722ef77d23ee9340b379ca,0x008c87b89c78cc57932522061498ea65abd02940d360b323de35bd5cd452bf2f,97.276500
theo_n,5,347,false,9,9,offchain,500,343,1.478900,133.846700,204.204000,205.682900,6.887900,true,3104,,0x2fe6349b77f8b704a4b6fda6a67fa440bb1a7ac8a5722ef77d23ee9340b379ca,0x33e842b06e948f99c3241747cdf4ed2d211f74f0deb364d517de542f9cfdea76,92.791000
theo_n,5,348,false,9,9,offchain,500,344,1.386400,130.010900,203.824700,205.211100,7.249700,true,3104,,0x2fe6349b77f8b704a4b6fda6a67fa440bb1a7ac8a5722ef77d23ee9340b379ca,0x05e5e60147e8d2e2c9a4b1ad50a0a96d938eecbe964e4fce44f2596131450a22,93.858100
theo_n,5,349,false,9,9,offchain,500,345,1.365700,128.199900,208.658600,210.024300,7.029300,true,3104,,0x2fe6349b77f8b704a4b6fda6a67fa440bb1a7ac8a5722ef77d23ee9340b379ca,0x011b716aeeb26286a543b77a9234d4fba9f30010faf2942d8545354ff3282c36,92.862800
theo_n,5,350,false,9,9,offchain,500,346,1.318500,124.099800,261.129200,262.447700,6.893900,true,3104,,0x2fe6349b77f8b704a4b6fda6a67fa440bb1a7ac8a5722ef77d23ee9340b379ca,0x24c1cc499b4c66d2811e8bf3f46762c620849bddcbb107395dbc006881ff2e93,93.071600
theo_n,5,351,false,9,9,offchain,500,347,1.419000,121.710300,202.709600,204.128600,6.948200,true,3104,,0x2fe6349b77f8b704a4b6fda6a67fa440bb1a7ac8a5722ef77d23ee9340b379ca,0x2a82e7c0a7493283de9d7235505483fb52f564e7c17b0f6c68e1628888a98aae,96.174100
theo_n,5,352,false,9,9,offchain,500,348,1.387500,124.304100,207.899600,209.287100,6.947700,true,3104,,0x2fe6349b77f8b704a4b6fda6a67fa440bb1a7ac8a5722ef77d23ee9340b379ca,0x13bbf2f0951ef946b35efc83f75af9cb87cd8ca84cf7a8d02d2fcbedd30a2b06,92.809600
theo_n,5,353,false,9,9,offchain,500,349,1.377700,123.392700,202.237000,203.614700,6.844000,true,3104,,0x2fe6349b77f8b704a4b6fda6a67fa440bb1a7ac8a5722ef77d23ee9340b379ca,0x026ddb8d253c842fd31bafe8d44d63f0e7222dfb62bff3244a09138f2cb1262e,92.072000
theo_n,5,354,false,9,9,offchain,500,350,1.386200,123.796600,201.758600,203.144800,7.157100,true,3104,,0x2fe6349b77f8b704a4b6fda6a67fa440bb1a7ac8a5722ef77d23ee9340b379ca,0x13c6f51707e7ab8a10b57d92407e719a900fb331cb123f39e39dd00c59bf206e,93.312300
theo_n,5,355,false,9,9,offchain,500,351,1.420500,126.838700,207.564900,208.985400,7.231200,true,3104,,0x2fe6349b77f8b704a4b6fda6a67fa440bb1a7ac8a5722ef77d23ee9340b379ca,0x326793c06bcbf56be496c63804b6ce49d4f524894d05524920463eb1f405219b,92.654600
theo_n,5,356,false,9,9,offchain,500,352,1.509200,122.976100,203.911700,205.420900,7.016700,true,3104,,0x2fe6349b77f8b704a4b6fda6a67fa440bb1a7ac8a5722ef77d23ee9340b379ca,0x2a785a4ab903731680b64b192038c7225ff9481122529ba90a243d5243421419,94.520800
theo_n,5,357,false,9,9,offchain,500,353,1.498200,126.805100,209.875000,211.373200,7.234000,true,3104,,0x2fe6349b77f8b704a4b6fda6a67fa440bb1a7ac8a5722ef77d23ee9340b379ca,0x1ac34198255b23ce92d3efcd9ed10a68aca01cc91af53b232c243f2077e9d8ca,98.402700
theo_n,5,358,false,9,9,offchain,500,354,1.516200,127.872500,205.071600,206.587800,7.305600,true,3104,,0x2fe6349b77f8b704a4b6fda6a67fa440bb1a7ac8a5722ef77d23ee9340b379ca,0x0ece68e28fa66c858202ec7e2b0122b790d3c8a6e32164de2ccff3f2f8f9c1cd,94.015500
theo_n,5,359,false,9,9,offchain,500,355,1.394400,127.890500,205.053500,206.447900,7.221100,true,3104,,0x2fe6349b77f8b704a4b6fda6a67fa440bb1a7ac8a5722ef77d23ee9340b379ca,0x3fb5b4605b8c379a43823d36cad4659531e671fb44eaac20784a6e297b6b185a,94.445600
theo_n,5,360,false,9,9,offchain,500,356,1.385800,125.780400,201.993500,203.379300,7.246700,true,3104,,0x2fe6349b77f8b704a4b6fda6a67fa440bb1a7ac8a5722ef77d23ee9340b379ca,0x21569add1ae527eac5dee3180e1fbbbdab52d47bbd92292baf1ce1266d839fe2,94.422600
theo_n,5,361,false,9,9,offchain,500,357,1.381400,124.062800,205.124600,206.506000,7.160800,true,3104,,0x2fe6349b77f8b704a4b6fda6a67fa440bb1a7ac8a5722ef77d23ee9340b379ca,0x2190cb22b8717fc0037afcaec5b056909afa93753955b5637fe50ac35f7688cf,92.891100
theo_n,5,362,false,9,9,offchain,500,358,1.428300,138.580900,202.977100,204.405400,6.972900,true,3104,,0x2fe6349b77f8b704a4b6fda6a67fa440bb1a7ac8a5722ef77d23ee9340b379ca,0x129736d53a640c95ca9cec89e0d9f9ec7b3e3aa8c73427ed8d11c6285b19ab42,93.691600
theo_n,5,363,false,9,9,offchain,500,359,1.410300,181.211200,206.546000,207.956300,7.263100,true,3104,,0x2fe6349b77f8b704a4b6fda6a67fa440bb1a7ac8a5722ef77d23ee9340b379ca,0x1578dced60b0bd291ce8f05f8191d20f4249f1357f2cd2e902c02b9b479e33ee,95.987200
theo_n,5,364,false,9,9,offchain,500,360,1.423300,124.972100,201.872100,203.295400,6.910000,true,3104,,0x2fe6349b77f8b704a4b6fda6a67fa440bb1a7ac8a5722ef77d23ee9340b379ca,0x233878d89fbc8ae41d1378e8c1a297efaba276372c6530c711c097556b0d6ede,91.905300
theo_n,5,365,false,9,9,offchain,500,361,2.006500,136.487300,203.873900,205.880400,7.031200,true,3104,,0x2fe6349b77f8b704a4b6fda6a67fa440bb1a7ac8a5722ef77d23ee9340b379ca,0x3a089bd539d33fe66e3e981b9b4c43c00a1380eb25eb1e6c38799369b9ea8b65,92.607000
theo_n,5,366,false,9,9,offchain,500,362,1.440000,128.166600,206.531100,207.971100,7.285800,true,3104,,0x2fe6349b77f8b704a4b6fda6a67fa440bb1a7ac8a5722ef77d23ee9340b379ca,0x02e9489b7e19c32707c75e2fb97be6d79420a4a232fbd440ac12beaecc6eacd4,92.760100
theo_n,5,367,false,9,9,offchain,500,363,1.408400,123.859100,204.966900,206.375300,7.454700,true,3104,,0x2fe6349b77f8b704a4b6fda6a67fa440bb1a7ac8a5722ef77d23ee9340b379ca,0x1129b0c78fd745eae82f15d7cf92a7a6a845343bd62256749101cf2f1a2e4c4d,95.504400
theo_n,5,368,false,9,9,offchain,500,364,1.427500,126.409900,202.787800,204.215300,6.964700,true,3104,,0x2fe6349b77f8b704a4b6fda6a67fa440bb1a7ac8a5722ef77d23ee9340b379ca,0x3da8527b99c305c392fbfd5b3a4a991d111f71e0c8a78d67507376d1e94f3965,96.189900
theo_n,5,369,false,9,9,offchain,500,365,1.354500,123.771200,206.853900,208.208400,7.190300,true,3104,,0x2fe6349b77f8b704a4b6fda6a67fa440bb1a7ac8a5722ef77d23ee9340b379ca,0x042d5a1e48d2bf3bd28eb0fc24f1bfc8e189623ee458395c929d2429dae4442f,93.929500
theo_n,5,370,false,9,9,offchain,500,366,1.430000,126.250200,207.069700,208.499700,6.929600,true,3104,,0x2fe6349b77f8b704a4b6fda6a67fa440bb1a7ac8a5722ef77d23ee9340b379ca,0x374f33159c146e929ca5e328eab53d92a8e8884fa2f86cd62d37567a33e1a097,93.457100
theo_n,5,371,false,9,9,offchain,500,367,1.388600,124.207600,200.723000,202.111600,7.055200,true,3104,,0x2fe6349b77f8b704a4b6fda6a67fa440bb1a7ac8a5722ef77d23ee9340b379ca,0x075352174bb597312f9de58525b513aa9c1a0fb332e10136431936e4861f718b,95.646000
theo_n,5,372,false,9,9,offchain,500,368,1.376500,127.961200,223.972700,225.349200,7.192000,true,3104,,0x2fe6349b77f8b704a4b6fda6a67fa440bb1a7ac8a5722ef77d23ee9340b379ca,0x3a17f2cc008f2c1cec3fd09e6c832a4e68e4fc160f8159930d5f1ece679a441c,94.057200
theo_n,5,373,false,9,9,offchain,500,369,1.350800,124.791800,205.088000,206.438800,7.339800,true,3104,,0x2fe6349b77f8b704a4b6fda6a67fa440bb1a7ac8a5722ef77d23ee9340b379ca,0x37b4cccdf08f4492d349745827729d64bbbbecb9811fb5defc9442e3717bf1cb,98.829100
theo_n,5,374,false,9,9,offchain,500,370,1.427400,128.058600,204.949900,206.377300,7.083200,true,3104,,0x2fe6349b77f8b704a4b6fda6a67fa440bb1a7ac8a5722ef77d23ee9340b379ca,0x035ef62a1666ae0b02052216bacd31c279328d9a072d3a0fc1a2a0662738f740,92.988300
theo_n,5,375,false,9,9,offchain,500,371,1.520800,123.418400,204.234100,205.754900,7.380000,true,3104,,0x2fe6349b77f8b704a4b6fda6a67fa440bb1a7ac8a5722ef77d23ee9340b379ca,0x10ba46cae20a9c421f1f0690b1e02a94a2c83bc5f14cadb487e8d219812a623a,95.218100
theo_n,5,376,false,9,9,offchain,500,372,1.498900,128.180800,207.265600,208.764500,7.482300,true,3104,,0x2fe6349b77f8b704a4b6fda6a67fa440bb1a7ac8a5722ef77d23ee9340b379ca,0x0b268baed98346a87778c554922b4611b5b073c2c8db0ad259fbc7a8b742d395,92.108900
theo_n,5,377,false,9,9,offchain,500,373,1.719700,185.368600,208.511100,210.230800,7.731400,true,3104,,0x2fe6349b77f8b704a4b6fda6a67fa440bb1a7ac8a5722ef77d23ee9340b379ca,0x11f002b23237094e2e05eef8d181e739a6b0523b73ab31081561e59b11fe10d0,94.653000
theo_n,5,378,false,9,9,offchain,500,374,1.414800,127.824700,206.430800,207.845600,7.240200,true,3104,,0x2fe6349b77f8b704a4b6fda6a67fa440bb1a7ac8a5722ef77d23ee9340b379ca,0x3738afc4528020bc3732e8d1a66ee12ac4fe368b12952cea53eee21e014c58f6,97.251000
theo_n,5,379,false,9,9,offchain,500,375,1.534100,125.526600,202.630000,204.164100,7.141800,true,3104,,0x2fe6349b77f8b704a4b6fda6a67fa440bb1a7ac8a5722ef77d23ee9340b379ca,0x0b12c1a884e88866e4cbc3a87953722b865c93e70b62920cad0fa4f182984fe7,92.922800
theo_n,5,380,false,9,9,offchain,500,376,1.698200,125.826700,210.961100,212.659300,7.218700,true,3104,,0x2fe6349b77f8b704a4b6fda6a67fa440bb1a7ac8a5722ef77d23ee9340b379ca,0x2de70f6291ae06b5a1c5819bf3fa7e836e6d130dc5cfeb3fde08d0dad953be0d,97.451200
theo_n,5,381,false,9,9,offchain,500,377,1.389300,123.760300,200.842000,202.231300,6.748300,true,3104,,0x2fe6349b77f8b704a4b6fda6a67fa440bb1a7ac8a5722ef77d23ee9340b379ca,0x2340d67cb0b0ee0ac46f075b0f811c160bc5b5505b9520e13e19d10c4f190b2e,93.289500
theo_n,5,382,false,9,9,offchain,500,378,1.427400,122.267400,203.249800,204.677200,6.886800,true,3104,,0x2fe6349b77f8b704a4b6fda6a67fa440bb1a7ac8a5722ef77d23ee9340b379ca,0x0529dafcf5a6f2872f62d09a548256ea171d3de17be784115826d5e20ab80de2,97.680200
theo_n,5,383,false,9,9,offchain,500,379,1.315500,123.248300,201.125700,202.441200,7.337900,true,3104,,0x2fe6349b77f8b704a4b6fda6a67fa440bb1a7ac8a5722ef77d23ee9340b379ca,0x3e1c806ad5148452804b6382cbf1920552432565d63a6ed0f9656008d14be5ab,93.632400
theo_n,5,384,false,9,9,offchain,500,380,1.911900,127.763100,202.923300,204.835200,7.036200,true,3104,,0x2fe6349b77f8b704a4b6fda6a67fa440bb1a7ac8a5722ef77d23ee9340b379ca,0x28f408e14b0a24ff7fd5c4e448cf69da0c0ea5c9015e52e92625706da6cbb5de,95.867100
theo_n,5,385,false,9,9,offchain,500,381,1.345900,121.939300,199.588200,200.934100,7.075200,true,3104,,0x2fe6349b77f8b704a4b6fda6a67fa440bb1a7ac8a5722ef77d23ee9340b379ca,0x37002acc711b23105cea799b1f74dd32db4c6b3c2f1a239f202b40ebba1c7a1a,92.660100
theo_n,5,386,false,9,9,offchain,500,382,1.324500,121.396200,204.107800,205.432300,7.004000,true,3104,,0x2fe6349b77f8b704a4b6fda6a67fa440bb1a7ac8a5722ef77d23ee9340b379ca,0x0ad3f8032521ba04ffcd84af6bbb0f2f23c4cf6ed3ae1aa844fb2d2eed83761a,95.999200
theo_n,5,387,false,9,9,offchain,500,383,1.346500,125.285000,203.856600,205.203100,7.322100,true,3104,,0x2fe6349b77f8b704a4b6fda6a67fa440bb1a7ac8a5722ef77d23ee9340b379ca,0x1a8fae573317e02deebf6e3f3cf71f48cd6a883242b271017f8653b41eea5609,94.915400
theo_n,5,388,false,9,9,offchain,500,384,1.659500,122.046600,204.825000,206.484500,7.220100,true,3104,,0x2fe6349b77f8b704a4b6fda6a67fa440bb1a7ac8a5722ef77d23ee9340b379ca,0x17efbd9b6c261dba41228775e46535f336fcb9e9e5c3586cbcb3e40bbe3703c7,93.031700
theo_n,5,389,false,9,9,offchain,500,385,1.504000,126.447400,207.496600,209.000600,7.333400,true,3104,,0x2fe6349b77f8b704a4b6fda6a67fa440bb1a7ac8a5722ef77d23ee9340b379ca,0x0007f8c57a174dea30f97f2bd65a127798c24a0e119e8f10774b22887554208f,94.475600
theo_n,5,390,false,9,9,offchain,500,386,1.409900,129.057800,204.852600,206.262500,7.138100,true,3104,,0x2fe6349b77f8b704a4b6fda6a67fa440bb1a7ac8a5722ef77d23ee9340b379ca,0x0ebe5e703e22a677886e132cbcbcbae892c71a7e546c89607bc3143fb1a9fe65,96.010100
theo_n,5,391,false,9,9,offchain,500,387,1.369000,125.700900,264.783100,266.152100,7.174100,true,3104,,0x2fe6349b77f8b704a4b6fda6a67fa440bb1a7ac8a5722ef77d23ee9340b379ca,0x09c70756981fddd8607cfc8f849599f7371618dcc04162976b79f47ce6ba3757,93.943900
theo_n,5,392,false,9,9,offchain,500,388,1.407400,125.304200,207.974300,209.381700,7.383900,true,3104,,0x2fe6349b77f8b704a4b6fda6a67fa440bb1a7ac8a5722ef77d23ee9340b379ca,0x155869798febc9ecb2551cad19e79dc00b155bfa29559fe1261ef2f487ddf703,93.405600
theo_n,5,393,false,9,9,offchain,500,389,1.455900,123.877200,204.541000,205.996900,6.836500,true,3104,,0x2fe6349b77f8b704a4b6fda6a67fa440bb1a7ac8a5722ef77d23ee9340b379ca,0x319bd6cfccaaf092ec5822b4d997bfcf3cde92c3d68bf7d4fb633a4587893e28,95.225300
theo_n,5,394,false,9,9,offchain,500,390,1.342500,122.019600,199.963200,201.305700,6.881000,true,3104,,0x2fe6349b77f8b704a4b6fda6a67fa440bb1a7ac8a5722ef77d23ee9340b379ca,0x261de1ec6c6a78cce00bf993c58bcfdf7a8d1e8c658d5ee5f5d31181ebedcdb9,96.518500
theo_n,5,395,false,9,9,offchain,500,391,1.398200,124.022200,200.749200,202.147400,6.878100,true,3104,,0x2fe6349b77f8b704a4b6fda6a67fa440bb1a7ac8a5722ef77d23ee9340b379ca,0x01332cc5ca3061b027fe435f19121ae29e16e76e32873c9229c3b8497991ff6c,119.413300
theo_n,5,396,false,9,9,offchain,500,392,1.396900,123.194100,200.996900,202.393800,6.882600,true,3104,,0x2fe6349b77f8b704a4b6fda6a67fa440bb1a7ac8a5722ef77d23ee9340b379ca,0x01cb378e68d25abc36049bbc8760774aa76e0d1d6339b1fb08706a4002e00aa9,95.989300
theo_n,5,397,false,9,9,offchain,500,393,1.419500,127.382000,214.247500,215.667000,7.239900,true,3104,,0x2fe6349b77f8b704a4b6fda6a67fa440bb1a7ac8a5722ef77d23ee9340b379ca,0x1bfd5883a01607c559d2bc2025067c8f5d34ac0417c50a9dd06daaced5e6ae47,96.214400
theo_n,5,398,false,9,9,offchain,500,394,1.404200,126.354700,211.740200,213.144400,6.963900,true,3104,,0x2fe6349b77f8b704a4b6fda6a67fa440bb1a7ac8a5722ef77d23ee9340b379ca,0x06b2ff4837c6fca500963fb4613f52699eb0d585a21e344150afaf5debd68768,92.536000
theo_n,5,399,false,9,9,offchain,500,395,1.382700,124.664700,209.914200,211.296900,8.490900,true,3104,,0x2fe6349b77f8b704a4b6fda6a67fa440bb1a7ac8a5722ef77d23ee9340b379ca,0x1d1cb6e530fd074c994d87bec78057495a6fe90ac3049144ccf0539c1d0e9efd,105.977500
theo_n,5,400,false,9,9,offchain,500,396,1.574300,139.485800,322.523300,324.097600,7.620800,true,3104,,0x2fe6349b77f8b704a4b6fda6a67fa440bb1a7ac8a5722ef77d23ee9340b379ca,0x30169759c6946c413cd35964d87491e00ca78d5e90cdfbf2309aea745863849a,102.752500
theo_n,5,401,false,9,9,offchain,500,397,1.458200,130.181200,210.071100,211.529300,7.452300,true,3104,,0x2fe6349b77f8b704a4b6fda6a67fa440bb1a7ac8a5722ef77d23ee9340b379ca,0x17b8ed81af3a720c87c8e8c74a649f22fb8f8dbfe0059ea9ca0f73524f967977,96.170700
theo_n,5,402,false,9,9,offchain,500,398,1.446200,126.415400,209.054300,210.500500,7.147600,true,3104,,0x2fe6349b77f8b704a4b6fda6a67fa440bb1a7ac8a5722ef77d23ee9340b379ca,0x3c4cd2b0b6161d79ea35690f49770d2c6eabbd0da71c2351f31493279a97453c,95.028000
theo_n,5,403,false,9,9,offchain,500,399,1.486100,127.768800,204.410300,205.896400,7.260100,true,3104,,0x2fe6349b77f8b704a4b6fda6a67fa440bb1a7ac8a5722ef77d23ee9340b379ca,0x203aeeeb17440e04d219428e581319449e4cc0ccfdb05dae1c6d054730b683cb,97.765900
theo_n,5,404,false,9,9,offchain,500,400,1.465000,128.451300,206.189600,207.654600,6.876200,true,3104,,0x2fe6349b77f8b704a4b6fda6a67fa440bb1a7ac8a5722ef77d23ee9340b379ca,0x2860468322f6e2f1b292467553c1b2dae1e6e0c897bbbd85941c1e509a2168ba,92.908000
theo_n,5,405,false,9,9,offchain,500,401,1.463400,127.914800,264.559100,266.022500,7.436400,true,3104,,0x2fe6349b77f8b704a4b6fda6a67fa440bb1a7ac8a5722ef77d23ee9340b379ca,0x03fcac5b0962b0a09a4d64419730ac2bd42a358d2d60df3ee89fe4c7e75b78fc,95.298700
theo_n,5,406,false,9,9,offchain,500,402,1.408800,125.018100,204.273400,205.682200,7.200600,true,3104,,0x2fe6349b77f8b704a4b6fda6a67fa440bb1a7ac8a5722ef77d23ee9340b379ca,0x05d14ee5c81c524e027df7e23af2063022966a38d2ce56387b9db8c39bebc71a,94.475700
theo_n,5,407,false,9,9,offchain,500,403,1.384200,125.061100,207.359300,208.743500,7.335700,true,3104,,0x2fe6349b77f8b704a4b6fda6a67fa440bb1a7ac8a5722ef77d23ee9340b379ca,0x382af857ef133c08884cf76c256547f234fba55c50312f1bc77531ff8f661bef,94.824400
theo_n,5,408,false,9,9,offchain,500,404,1.447900,127.193700,204.603700,206.051600,7.198100,true,3104,,0x2fe6349b77f8b704a4b6fda6a67fa440bb1a7ac8a5722ef77d23ee9340b379ca,0x378067ce19c59caf2481e3a85cf6ea2d92084606882935c582a0cead0dc67fe9,94.754700
theo_n,5,409,false,9,9,offchain,500,405,1.660500,126.687200,208.213200,209.873700,7.376300,true,3104,,0x2fe6349b77f8b704a4b6fda6a67fa440bb1a7ac8a5722ef77d23ee9340b379ca,0x0fcad7247576a1b07bb28672f54e45c1975f4d2cb12ce2a0842156e5fb11b699,98.848400
theo_n,5,410,false,9,9,offchain,500,406,1.375600,130.179300,209.787800,211.163400,6.929300,true,3104,,0x2fe6349b77f8b704a4b6fda6a67fa440bb1a7ac8a5722ef77d23ee9340b379ca,0x38a65af790c2c9862784fee26351316db26e567f622e4adb7d0816fd4e9177d5,93.247700
theo_n,5,411,false,9,9,offchain,500,407,1.326900,124.028800,206.063600,207.390500,8.070700,true,3104,,0x2fe6349b77f8b704a4b6fda6a67fa440bb1a7ac8a5722ef77d23ee9340b379ca,0x1c2fc2017df1eec0728d9fc214ee10bc9e22479d8e366ba9b187369d70a8027b,102.349200
theo_n,5,412,false,9,9,offchain,500,408,1.437800,140.591100,234.318800,235.756600,7.184700,true,3104,,0x2fe6349b77f8b704a4b6fda6a67fa440bb1a7ac8a5722ef77d23ee9340b379ca,0x2749293f5be930225c81f032ae01d3657cf15b9e8f175ccb79165a28ac42c7ea,95.695800
theo_n,5,413,false,9,9,offchain,500,409,1.491000,125.137200,203.394500,204.885500,6.782600,true,3104,,0x2fe6349b77f8b704a4b6fda6a67fa440bb1a7ac8a5722ef77d23ee9340b379ca,0x2424c12631278149456d37089d85b1b0096fd5b210e40aae3372fea25e7596eb,92.316700
theo_n,5,414,false,9,9,offchain,500,410,1.680100,126.319400,214.929300,216.609400,7.481400,true,3104,,0x2fe6349b77f8b704a4b6fda6a67fa440bb1a7ac8a5722ef77d23ee9340b379ca,0x00890c3627f8b4c1fa33fd130fc8ec8332be8b9a48a24bae26633eb496186801,95.252600
theo_n,5,415,false,9,9,offchain,500,411,1.476000,126.287000,212.834100,214.310100,7.339300,true,3104,,0x2fe6349b77f8b704a4b6fda6a67fa440bb1a7ac8a5722ef77d23ee9340b379ca,0x335bc1cf9d1a7a60c04d938ab3dfcba200a4973ac59e01dccc081d830a2ebd20,94.134300
theo_n,5,416,false,9,9,offchain,500,412,1.459200,124.780500,202.620900,204.080100,7.290300,true,3104,,0x2fe6349b77f8b704a4b6fda6a67fa440bb1a7ac8a5722ef77d23ee9340b379ca,0x3051eeaae70a0135ca7c06259b60e7300b38b187c83d219e9bf0a110f07936f3,93.683000
theo_n,5,417,false,9,9,offchain,500,413,1.610500,126.542100,204.938000,206.548500,7.224600,true,3104,,0x2fe6349b77f8b704a4b6fda6a67fa440bb1a7ac8a5722ef77d23ee9340b379ca,0x38ddc8038dcc084a7f91e85ff123089af9f9fbe059a5d0b5a0461fee19e365a1,93.811400
theo_n,5,418,false,9,9,offchain,500,414,1.472200,126.620400,210.228400,211.700600,7.205200,true,3104,,0x2fe6349b77f8b704a4b6fda6a67fa440bb1a7ac8a5722ef77d23ee9340b379ca,0x0c998c6beda0bf7e6d6c4716d2419520ff9614a9536d32f0120b7c7501a6c972,94.945400
theo_n,5,419,false,9,9,offchain,500,415,1.384500,191.306400,207.135800,208.520300,7.237300,true,3104,,0x2fe6349b77f8b704a4b6fda6a67fa440bb1a7ac8a5722ef77d23ee9340b379ca,0x21f1763129ecc1166a229c0759f3923e9389dd666a66ac882a8a72b5fcaf3f14,100.717400
theo_n,5,420,false,9,9,offchain,500,416,1.379500,130.777400,208.456800,209.836300,7.436600,true,3104,,0x2fe6349b77f8b704a4b6fda6a67fa440bb1a7ac8a5722ef77d23ee9340b379ca,0x062483f552f6f125e85ae7864aecd355503a2660849751d580036c881d968294,96.571100
theo_n,5,421,false,9,9,offchain,500,417,1.400200,126.439500,208.849900,210.250100,7.487500,true,3104,,0x2fe6349b77f8b704a4b6fda6a67fa440bb1a7ac8a5722ef77d23ee9340b379ca,0x2a23689e2d52daa118d80b056b3f00ef9c316834825107d8aa5ae12299b560d3,94.543900
theo_n,5,422,false,9,9,offchain,500,418,1.460000,128.876400,222.094400,223.554400,7.305700,true,3104,,0x2fe6349b77f8b704a4b6fda6a67fa440bb1a7ac8a5722ef77d23ee9340b379ca,0x15cf0df3bc1e48bdf1f38c9d3cb0a29d6410d1498be1cd77e8655cf63be2af1d,96.464300
theo_n,5,423,false,9,9,offchain,500,419,1.521900,126.041900,224.430100,225.952000,7.259600,true,3104,,0x2fe6349b77f8b704a4b6fda6a67fa440bb1a7ac8a5722ef77d23ee9340b379ca,0x3c9cda09eda9a57c62674791dfc47737bcaff5788bf186e41c951a215bb778a3,97.094700
theo_n,5,424,false,9,9,offchain,500,420,1.465500,128.546300,209.846300,211.311800,7.383100,true,3104,,0x2fe6349b77f8b704a4b6fda6a67fa440bb1a7ac8a5722ef77d23ee9340b379ca,0x3bddb3e04627052518e44a4aaf33fd5e30adb4e0e62e3eec864ac85ef48292c1,95.598000
theo_n,5,425,false,9,9,offchain,500,421,1.363300,126.281700,208.791000,210.154300,7.340900,true,3104,,0x2fe6349b77f8b704a4b6fda6a67fa440bb1a7ac8a5722ef77d23ee9340b379ca,0x1f3b1fd65ea8542ee12d0e4f0fe199613ed2498a8814b94105dbf6728b4dac4f,94.330200
theo_n,5,426,false,9,9,offchain,500,422,1.418500,127.365800,209.206700,210.625200,7.251700,true,3104,,0x2fe6349b77f8b704a4b6fda6a67fa440bb1a7ac8a5722ef77d23ee9340b379ca,0x20d5ff6df656d5aa1326cf761556b91b4d854779005b2540ee8542e312ef9add,95.808600
theo_n,5,427,false,9,9,offchain,500,423,1.381000,128.821500,206.915000,208.296000,7.129100,true,3104,,0x2fe6349b77f8b704a4b6fda6a67fa440bb1a7ac8a5722ef77d23ee9340b379ca,0x1a18a5b2f846e1dab412439786d5ff449a82aaf62798d12f989bf91b8aa78918,92.124800
theo_n,5,428,false,9,9,offchain,500,424,1.442300,127.432200,207.818700,209.261000,7.229200,true,3104,,0x2fe6349b77f8b704a4b6fda6a67fa440bb1a7ac8a5722ef77d23ee9340b379ca,0x3515b98ff4e0c8b08bbbbd56f8c6a8b321062b384341d1619df13c2f948a889e,94.370000
theo_n,5,429,false,9,9,offchain,500,425,1.417900,127.996300,207.508900,208.926800,7.196100,true,3104,,0x2fe6349b77f8b704a4b6fda6a67fa440bb1a7ac8a5722ef77d23ee9340b379ca,0x2e73386772fe299bc48b05a02504910a01af30cc20dc49b3341a5ba8db21dbaa,93.946400
theo_n,5,430,false,9,9,offchain,500,426,1.534900,125.998900,205.484100,207.019000,7.230000,true,3104,,0x2fe6349b77f8b704a4b6fda6a67fa440bb1a7ac8a5722ef77d23ee9340b379ca,0x34954fbd1ad6acbbb3254e1bb62afdae0687ed87e17c831e9872ba359632bb03,94.507900
theo_n,5,431,false,9,9,offchain,500,427,1.414000,124.261600,210.877400,212.291400,7.330600,true,3104,,0x2fe6349b77f8b704a4b6fda6a67fa440bb1a7ac8a5722ef77d23ee9340b379ca,0x216b9ac14777cc5361a76f7ea6c9ff6c8675c31de23904e161e7e216e071bdf4,100.727500
theo_n,5,432,false,9,9,offchain,500,428,1.406500,125.518800,208.592300,209.998800,7.228400,true,3104,,0x2fe6349b77f8b704a4b6fda6a67fa440bb1a7ac8a5722ef77d23ee9340b379ca,0x3c8d249ffe5863fc8990b79b6c685c8f2486e040f796de2d6f8ebadb4ec3f88c,95.967900
theo_n,5,433,false,9,9,offchain,500,429,1.462300,182.514800,209.199200,210.661500,6.642500,true,3104,,0x2fe6349b77f8b704a4b6fda6a67fa440bb1a7ac8a5722ef77d23ee9340b379ca,0x0bb23f36bda1165957a9810ca40db0293086b3b980d1047beddf88756538c586,93.849300
theo_n,5,434,false,9,9,offchain,500,430,1.949700,121.066300,202.161900,204.111600,7.894400,true,3104,,0x2fe6349b77f8b704a4b6fda6a67fa440bb1a7ac8a5722ef77d23ee9340b379ca,0x28239e257c233e813ac6b1c6111a6f4e90dc8d04cf4a533048fb7fbaa927640c,94.404600
theo_n,5,435,false,9,9,offchain,500,431,1.465900,126.888700,206.254100,207.720000,7.139100,true,3104,,0x2fe6349b77f8b704a4b6fda6a67fa440bb1a7ac8a5722ef77d23ee9340b379ca,0x1c8e92bdd9f9e7df3daf43a476f574090d58aa79d8c3683907a02dd4fd73b321,103.590200
theo_n,5,436,false,9,9,offchain,500,432,1.355500,131.374700,203.889400,205.244900,7.078900,true,3104,,0x2fe6349b77f8b704a4b6fda6a67fa440bb1a7ac8a5722ef77d23ee9340b379ca,0x3bd1dfbad375ccd3da2c236950121b9d0439a1a06ad90c7cf1c42e79b1c6c91d,93.303100
theo_n,5,437,false,9,9,offchain,500,433,1.458800,126.905400,202.858800,204.317600,7.377400,true,3104,,0x2fe6349b77f8b704a4b6fda6a67fa440bb1a7ac8a5722ef77d23ee9340b379ca,0x13d90fe9127ebf52315769aec41f0d636a81041b8f226c4cc964af4f202713b8,95.425000
theo_n,5,438,false,9,9,offchain,500,434,1.414300,124.264600,201.588500,203.002800,7.216700,true,3104,,0x2fe6349b77f8b704a4b6fda6a67fa440bb1a7ac8a5722ef77d23ee9340b379ca,0x3cb56609cb54db504511e90d8fb65a2d9d59f26b26a7252a39ed50febf575787,94.319800
theo_n,5,439,false,9,9,offchain,500,435,1.644000,124.172200,204.566100,206.210100,7.309200,true,3104,,0x2fe6349b77f8b704a4b6fda6a67fa440bb1a7ac8a5722ef77d23ee9340b379ca,0x024d3f5eb6699c0d997702b2663c2448ed4da5f4671ee63615ca2d69231e184c,92.835700
theo_n,5,440,false,9,9,offchain,500,436,1.391800,123.440200,203.826100,205.217900,7.432200,true,3104,,0x2fe6349b77f8b704a4b6fda6a67fa440bb1a7ac8a5722ef77d23ee9340b379ca,0x2b458da98e1fe92bf94a4afbed7672a65742f5d95bcce9a4433051ccb1420b2e,93.602700
theo_n,5,441,false,9,9,offchain,500,437,1.408200,124.387300,205.888700,207.296900,7.171800,true,3104,,0x2fe6349b77f8b704a4b6fda6a67fa440bb1a7ac8a5722ef77d23ee9340b379ca,0x252b5d09379eb2600b7ad343a6285f062cfd85f3629d9025ecd809d58b811a72,92.603300
theo_n,5,442,false,9,9,offchain,500,438,1.436200,127.544800,213.834700,215.270900,7.226500,true,3104,,0x2fe6349b77f8b704a4b6fda6a67fa440bb1a7ac8a5722ef77d23ee9340b379ca,0x2fa0658081700b443fc8d647538adec5766e48ca4a265ca5011d391974a2168d,92.552800
theo_n,5,443,false,9,9,offchain,500,439,1.384800,124.568000,209.177700,210.562500,7.220900,true,3104,,0x2fe6349b77f8b704a4b6fda6a67fa440bb1a7ac8a5722ef77d23ee9340b379ca,0x245579a4dd6f15df7303bb30589422b4f17c8231df2cf5703ffb8b6a7e6a2cae,95.312900
theo_n,5,444,false,9,9,offchain,500,440,1.431900,125.266300,203.498300,204.930200,7.503600,true,3104,,0x2fe6349b77f8b704a4b6fda6a67fa440bb1a7ac8a5722ef77d23ee9340b379ca,0x1c364c47efeeba8e4d5034a4565aaf179840d59171e45837603a46acd362816c,93.827200
theo_n,5,445,false,9,9,offchain,500,441,1.343400,123.476200,203.586700,204.930100,7.148300,true,3104,,0x2fe6349b77f8b704a4b6fda6a67fa440bb1a7ac8a5722ef77d23ee9340b379ca,0x12372317c13c17f17c87d245c5ef3f4d1e771ef3a023f9e1549b8d19c83ac296,93.836800
theo_n,5,446,false,9,9,offchain,500,442,1.469900,123.668200,260.954800,262.424700,6.976600,true,3104,,0x2fe6349b77f8b704a4b6fda6a67fa440bb1a7ac8a5722ef77d23ee9340b379ca,0x3a63844d4b224222a5912c8ae2f77102371b2aa547e36634253e5c10dde367fc,95.470800
theo_n,5,447,false,9,9,offchain,500,443,1.394200,128.399100,225.719800,227.114000,7.179600,true,3104,,0x2fe6349b77f8b704a4b6fda6a67fa440bb1a7ac8a5722ef77d23ee9340b379ca,0x32a550534ac14b52affa0aa36abce55f842817740033c381a499f32687e505d2,92.790500
theo_n,5,448,false,9,9,offchain,500,444,1.613000,129.012600,214.131200,215.744200,7.486500,true,3104,,0x2fe6349b77f8b704a4b6fda6a67fa440bb1a7ac8a5722ef77d23ee9340b379ca,0x395db188ed8f26b2a26e9763fed0c76fb746d6705b3bf9f058c257a85d63d1d4,95.363900
theo_n,5,449,false,9,9,offchain,500,445,1.418600,125.667400,213.543100,214.961700,7.467200,true,3104,,0x2fe6349b77f8b704a4b6fda6a67fa440bb1a7ac8a5722ef77d23ee9340b379ca,0x124df98c42d93d1824b40f8019a3ef96a50de6655a38d0d5f69354b6f02e6a69,93.297200
theo_n,5,450,false,9,9,offchain,500,446,1.404500,123.989400,209.827800,211.232300,7.269200,true,3104,,0x2fe6349b77f8b704a4b6fda6a67fa440bb1a7ac8a5722ef77d23ee9340b379ca,0x06a70ef54988cfdd19590310811975ab117af4f27221977d44b2285ecfd27081,98.450000
theo_n,5,451,false,9,9,offchain,500,447,1.425000,125.016500,211.546900,212.971900,7.637900,true,3104,,0x2fe6349b77f8b704a4b6fda6a67fa440bb1a7ac8a5722ef77d23ee9340b379ca,0x1a12a625214ee86a2afa77c0a050be843c370e9034cb5fcfae6ad43d0a3a0a9a,102.076900
theo_n,5,452,false,9,9,offchain,500,448,1.458500,127.997700,224.482300,225.940800,7.186400,true,3104,,0x2fe6349b77f8b704a4b6fda6a67fa440bb1a7ac8a5722ef77d23ee9340b379ca,0x24016291e09c2e574cc110dbf25dc788b858b734b8b80d2fd29e901858c81977,97.781600
theo_n,5,453,false,9,9,offchain,500,449,1.399000,127.906100,207.579000,208.978000,6.973400,true,3104,,0x2fe6349b77f8b704a4b6fda6a67fa440bb1a7ac8a5722ef77d23ee9340b379ca,0x2000666d65a525f713184e9e342dab1d135842ea15a91d656b86509e91d2a9a6,96.277900
theo_n,5,454,false,9,9,offchain,500,450,1.331700,122.364900,200.672400,202.004100,7.795100,true,3104,,0x2fe6349b77f8b704a4b6fda6a67fa440bb1a7ac8a5722ef77d23ee9340b379ca,0x3c4d5f7ebd1944e26695be9f4c1ffd5d11d9fd995b4570bd08514d9c4281d8f5,95.555500
theo_n,5,455,false,9,9,offchain,500,451,1.441900,133.069100,205.823300,207.265200,7.192800,true,3104,,0x2fe6349b77f8b704a4b6fda6a67fa440bb1a7ac8a5722ef77d23ee9340b379ca,0x23a44296cb2007359e11ac651732a70f70c51caea30595bfc0f5644dcd318e51,95.234400
theo_n,5,456,false,9,9,offchain,500,452,1.537500,125.875500,207.687000,209.224500,6.944000,true,3104,,0x2fe6349b77f8b704a4b6fda6a67fa440bb1a7ac8a5722ef77d23ee9340b379ca,0x05235900d53e21f8df5a13af4f3768ce4851cfe937f994c756709d774bac7cfd,97.408400
theo_n,5,457,false,9,9,offchain,500,453,1.370100,121.907700,200.692500,202.062600,7.060200,true,3104,,0x2fe6349b77f8b704a4b6fda6a67fa440bb1a7ac8a5722ef77d23ee9340b379ca,0x07bf4654e53f195090b658f17474a3cf21b348ddd5f149a4047e6e6f76c73a7f,98.652600
theo_n,5,458,false,9,9,offchain,500,454,1.410500,132.547600,202.461500,203.872000,6.969600,true,3104,,0x2fe6349b77f8b704a4b6fda6a67fa440bb1a7ac8a5722ef77d23ee9340b379ca,0x3a9e200c1ba43abe65ca0d961bd837cc8aa76d6560d9270803409cf9ff2f82c4,94.211700
theo_n,5,459,false,9,9,offchain,500,455,1.417300,121.596100,200.922000,202.339300,6.858300,true,3104,,0x2fe6349b77f8b704a4b6fda6a67fa440bb1a7ac8a5722ef77d23ee9340b379ca,0x274099acc6646b31b34b7018652aed4e6af6c7b916187ff5234663515a24af6c,93.564600
theo_n,5,460,false,9,9,offchain,500,456,1.419400,125.435400,211.566100,212.985500,7.193400,true,3104,,0x2fe6349b77f8b704a4b6fda6a67fa440bb1a7ac8a5722ef77d23ee9340b379ca,0x17b5933323233f8d8327547bca49990423c0bd9a5726a299f57e234b5662c56d,93.488600
theo_n,5,461,false,9,9,offchain,500,457,1.362400,198.095900,205.650400,207.012800,7.361800,true,3104,,0x2fe6349b77f8b704a4b6fda6a67fa440bb1a7ac8a5722ef77d23ee9340b379ca,0x28d2cb099482136fd3f1167fdcd042773850722bd5aa22837e50460cf134bd78,92.562000
theo_n,5,462,false,9,9,offchain,500,458,1.465600,125.081700,215.644900,217.110500,7.849200,true,3104,,0x2fe6349b77f8b704a4b6fda6a67fa440bb1a7ac8a5722ef77d23ee9340b379ca,0x1f7b8c6e710e769bd1cf13a207ade254066a7c9ad1333f60806afd351332f4b5,101.420400
theo_n,5,463,false,9,9,offchain,500,459,1.447300,130.871100,206.238700,207.686000,7.108000,true,3104,,0x2fe6349b77f8b704a4b6fda6a67fa440bb1a7ac8a5722ef77d23ee9340b379ca,0x046c0db199c1147c0e39f2827ba2d5d57dde77da8d81836b40f45c16c3ef1688,94.500400
theo_n,5,464,false,9,9,offchain,500,460,1.430800,125.449100,206.816400,208.247200,7.402600,true,3104,,0x2fe6349b77f8b704a4b6fda6a67fa440bb1a7ac8a5722ef77d23ee9340b379ca,0x1a82f980ed131a96dee238adb71d627e2cb1e3d8648f7119a5344f90ef27ed93,94.392700
theo_n,5,465,false,9,9,offchain,500,461,1.381800,124.256500,212.822000,214.203800,6.843300,true,3104,,0x2fe6349b77f8b704a4b6fda6a67fa440bb1a7ac8a5722ef77d23ee9340b379ca,0x24373920779d6db38f392ba83294738f12306eb2751f0e41a5e51ea110fec8a3,99.368800
theo_n,5,466,false,9,9,offchain,500,462,1.380100,123.061400,202.867600,204.247700,6.830700,true,3104,,0x2fe6349b77f8b704a4b6fda6a67fa440bb1a7ac8a5722ef77d23ee9340b379ca,0x1efd678d74e8fbe9bd05fa096545ebd991a6dfcf99a76857815df82a6e478967,98.749500
theo_n,5,467,false,9,9,offchain,500,463,1.359900,120.721800,199.975300,201.335200,6.787800,true,3104,,0x2fe6349b77f8b704a4b6fda6a67fa440bb1a7ac8a5722ef77d23ee9340b379ca,0x3d7dfec478dc1325a14ebfdf2aed92a5490dd882f66b4c116c8f21772530f217,92.587300
theo_n,5,468,false,9,9,offchain,500,464,1.407900,123.797200,203.099000,204.506900,7.229100,true,3104,,0x2fe6349b77f8b704a4b6fda6a67fa440bb1a7ac8a5722ef77d23ee9340b379ca,0x263189d5f8822b4f70311cbea099edda8b1e8b01abc0bb7f822b463751f99c62,100.439500
theo_n,5,469,false,9,9,offchain,500,465,1.452600,127.427900,205.841000,207.293600,7.335000,true,3104,,0x2fe6349b77f8b704a4b6fda6a67fa440bb1a7ac8a5722ef77d23ee9340b379ca,0x3c3f785924c2f752b812fc586afcf3d3e33f09d1e1262508ec094fdadc8ce9f5,95.950900
theo_n,5,470,false,9,9,offchain,500,466,1.390800,128.474600,210.122000,211.512800,7.233200,true,3104,,0x2fe6349b77f8b704a4b6fda6a67fa440bb1a7ac8a5722ef77d23ee9340b379ca,0x19f1f8a613737783c05a78492a47dbd39bd2ff62f7e2e9bf45e7915ead23092d,96.722100
theo_n,5,471,false,9,9,offchain,500,467,1.415300,124.992300,215.467200,216.882500,7.482100,true,3104,,0x2fe6349b77f8b704a4b6fda6a67fa440bb1a7ac8a5722ef77d23ee9340b379ca,0x11bc0afb1fc5421c087d49f99e01024212fe94a7b26e95b272a39feed80aaaa5,96.621400
theo_n,5,472,false,9,9,offchain,500,468,1.425800,131.905400,209.648000,211.073800,7.250800,true,3104,,0x2fe6349b77f8b704a4b6fda6a67fa440bb1a7ac8a5722ef77d23ee9340b379ca,0x3b2632f5e2340c60fc0086e6d0b94eebe93de7299607b769933d105ce7671be1,98.685200
theo_n,5,473,false,9,9,offchain,500,469,1.364700,138.834000,208.178900,209.543600,7.330500,true,3104,,0x2fe6349b77f8b704a4b6fda6a67fa440bb1a7ac8a5722ef77d23ee9340b379ca,0x3c85c8bcfe13e01a9b7ad594064bc15c667ffc9ee042ea4a39478cd3dd190fbf,96.350200
theo_n,5,474,false,9,9,offchain,500,470,1.415300,128.091900,267.435300,268.850600,7.373700,true,3104,,0x2fe6349b77f8b704a4b6fda6a67fa440bb1a7ac8a5722ef77d23ee9340b379ca,0x1bdeab74cfadbe395b77d92b8e792340a4e74f28ec30d31d6b25cbbe1788f656,96.786800
theo_n,5,475,false,9,9,offchain,500,471,1.835200,126.135200,204.997500,206.832700,6.861400,true,3104,,0x2fe6349b77f8b704a4b6fda6a67fa440bb1a7ac8a5722ef77d23ee9340b379ca,0x2da5b1152e8a3614f9f938dcfe46aafa2fea0df5d01933f5668bc901706ec7a9,92.814600
theo_n,5,476,false,9,9,offchain,500,472,1.414800,121.693100,200.157300,201.572100,7.277300,true,3104,,0x2fe6349b77f8b704a4b6fda6a67fa440bb1a7ac8a5722ef77d23ee9340b379ca,0x3cfea5767e10b395defcecb770cbc3e718b491547a767c38b16a7a42f98e4edd,92.605100
theo_n,5,477,false,9,9,offchain,500,473,1.404900,124.982900,199.166300,200.571200,6.909400,true,3104,,0x2fe6349b77f8b704a4b6fda6a67fa440bb1a7ac8a5722ef77d23ee9340b379ca,0x3a5fadb93e3f4bda78faa87046eec4b7f05f1d42bc270fedd569aa9159d682d2,92.450900
theo_n,5,478,false,9,9,offchain,500,474,1.396100,125.962700,202.950200,204.346300,6.984600,true,3104,,0x2fe6349b77f8b704a4b6fda6a67fa440bb1a7ac8a5722ef77d23ee9340b379ca,0x2b6da1cce10d26ce24b68f5998e18e0e6b9f2f68a1abd7c536531f5b604afeee,92.546600
theo_n,5,479,false,9,9,offchain,500,475,1.367800,123.137900,202.560000,203.927800,6.864100,true,3104,,0x2fe6349b77f8b704a4b6fda6a67fa440bb1a7ac8a5722ef77d23ee9340b379ca,0x25237d563bc0019fa40ace12305aad6cf551c574bc637a067cb0b61f089492bf,92.247500
theo_n,5,480,false,9,9,offchain,500,476,1.309100,131.166900,213.688200,214.997300,7.265000,true,3104,,0x2fe6349b77f8b704a4b6fda6a67fa440bb1a7ac8a5722ef77d23ee9340b379ca,0x23cdce466083e46fbe3c8950bb704c6120b38eba50567603ab77b13edb38eb19,94.788700
theo_n,5,481,false,9,9,offchain,500,477,1.403200,141.542400,207.537400,208.940600,7.274400,true,3104,,0x2fe6349b77f8b704a4b6fda6a67fa440bb1a7ac8a5722ef77d23ee9340b379ca,0x28a43702e3618637c8e95c0743bdd4170d57f7b585705731feeca300dbc75b74,96.165400
theo_n,5,482,false,9,9,offchain,500,478,1.943400,126.274100,218.962400,220.905800,7.082000,true,3104,,0x2fe6349b77f8b704a4b6fda6a67fa440bb1a7ac8a5722ef77d23ee9340b379ca,0x0a9f91542b5d182f0354fadbefef88088f13934a4356a85772d8ec593ea11671,94.305100
theo_n,5,483,false,9,9,offchain,500,479,1.432000,128.418400,212.996000,214.428000,7.296900,true,3104,,0x2fe6349b77f8b704a4b6fda6a67fa440bb1a7ac8a5722ef77d23ee9340b379ca,0x25a6b64bdf37d769433b592ad4d238e5082e0fbca739cb5b94266f486254fb75,95.281500
theo_n,5,484,false,9,9,offchain,500,480,1.447200,126.399800,208.088500,209.535700,7.323100,true,3104,,0x2fe6349b77f8b704a4b6fda6a67fa440bb1a7ac8a5722ef77d23ee9340b379ca,0x1656da303f31fa263f742431516ec6106196bce101abf4b906290db03d2cbd32,94.614500
theo_n,5,485,false,9,9,offchain,500,481,1.429300,126.120800,204.285800,205.715100,6.891000,true,3104,,0x2fe6349b77f8b704a4b6fda6a67fa440bb1a7ac8a5722ef77d23ee9340b379ca,0x022aac70ab03d4e101aa2de4acb16a7b235850930a270938551a70ba185337c6,92.451600
theo_n,5,486,false,9,9,offchain,500,482,1.406900,125.414200,206.821100,208.228000,7.151100,true,3104,,0x2fe6349b77f8b704a4b6fda6a67fa440bb1a7ac8a5722ef77d23ee9340b379ca,0x369ef1d21cbba87606ada86ecd1228f19d62eda411b69f3bb42fe3cd85e2174c,95.744900
theo_n,5,487,false,9,9,offchain,500,483,1.396200,178.009200,208.391100,209.787300,7.254400,true,3104,,0x2fe6349b77f8b704a4b6fda6a67fa440bb1a7ac8a5722ef77d23ee9340b379ca,0x3fcd2257c5217c42444666e1ed1ea368ea4e0fa49a46e61872737fb102349c7f,94.849200
theo_n,5,488,false,9,9,offchain,500,484,1.416800,129.039700,203.666700,205.083500,7.208900,true,3104,,0x2fe6349b77f8b704a4b6fda6a67fa440bb1a7ac8a5722ef77d23ee9340b379ca,0x1961619322259930a950048d8453ff85cd0f6710021675929619671aed29f969,93.464900
theo_n,5,489,false,9,9,offchain,500,485,1.483300,124.553900,203.794600,205.277900,7.098400,true,3104,,0x2fe6349b77f8b704a4b6fda6a67fa440bb1a7ac8a5722ef77d23ee9340b379ca,0x2a7430ce46ae85a1e9d9470ba26b9e641779a7aa81986fbb1cd50792ed0fce21,93.207700
theo_n,5,490,false,9,9,offchain,500,486,1.325900,124.421300,206.543600,207.869500,7.213600,true,3104,,0x2fe6349b77f8b704a4b6fda6a67fa440bb1a7ac8a5722ef77d23ee9340b379ca,0x3b09e4f95321c65024dc1128ca572783ef0fd6d326ad86deb1eb100a63bbe678,93.206900
theo_n,5,491,false,9,9,offchain,500,487,1.487800,124.392200,202.736000,204.223800,7.099300,true,3104,,0x2fe6349b77f8b704a4b6fda6a67fa440bb1a7ac8a5722ef77d23ee9340b379ca,0x22456a792d79a56dfb8f97bdda4dd881e873685ccff935533c185d9e5bce9bf2,93.298900
theo_n,5,492,false,9,9,offchain,500,488,1.410400,124.652500,205.551600,206.962000,7.199000,true,3104,,0x2fe6349b77f8b704a4b6fda6a67fa440bb1a7ac8a5722ef77d23ee9340b379ca,0x1e78ee850b66493a0db80da484fac142eee6e27e658d95876c021d0038634936,94.168000
theo_n,5,493,false,9,9,offchain,500,489,1.408800,128.745500,203.439500,204.848300,7.255300,true,3104,,0x2fe6349b77f8b704a4b6fda6a67fa440bb1a7ac8a5722ef77d23ee9340b379ca,0x0ef99c29683ead0cbf5acc75db2319f5ce9a59f748f08bcba096e9f18bc93fd1,97.765800
theo_n,5,494,false,9,9,offchain,500,490,1.763900,128.934300,211.292900,213.056800,6.900100,true,3104,,0x2fe6349b77f8b704a4b6fda6a67fa440bb1a7ac8a5722ef77d23ee9340b379ca,0x207a5186c3c34f03e1136241eb4967e3ef04523abf2ed6e53e0abcf6413be6d8,92.389700
theo_n,5,495,false,9,9,offchain,500,491,1.598500,130.112500,214.157200,215.755700,7.443300,true,3104,,0x2fe6349b77f8b704a4b6fda6a67fa440bb1a7ac8a5722ef77d23ee9340b379ca,0x2c03f4c00cb186934e855beedc995b24b125cb2ba9ae9ca2a1e2683d3d3b641d,97.622900
theo_n,5,496,false,9,9,offchain,500,492,1.414400,128.934300,205.285600,206.700000,6.993100,true,3104,,0x2fe6349b77f8b704a4b6fda6a67fa440bb1a7ac8a5722ef77d23ee9340b379ca,0x2a4491a9d395798616221dd1cec97778e9068cec0bcebd1df6f7f54a7f8709de,92.711500
theo_n,5,497,false,9,9,offchain,500,493,1.369400,124.738400,201.749500,203.118900,7.262700,true,3104,,0x2fe6349b77f8b704a4b6fda6a67fa440bb1a7ac8a5722ef77d23ee9340b379ca,0x31f9f4ef39e9980944fef56eae532ffd64759c886368a1d3664d2a8b32af4061,94.072400
theo_n,5,498,false,9,9,offchain,500,494,1.376300,125.343700,203.018100,204.394400,6.924800,true,3104,,0x2fe6349b77f8b704a4b6fda6a67fa440bb1a7ac8a5722ef77d23ee9340b379ca,0x1382ac46b683ed93827f9edc831399ff0a7fb3b3604b6aff818778d54aa9bd85,93.148600
theo_n,5,499,false,9,9,offchain,500,495,1.405800,122.438700,208.128200,209.534000,7.253400,true,3104,,0x2fe6349b77f8b704a4b6fda6a67fa440bb1a7ac8a5722ef77d23ee9340b379ca,0x098d8f77a52a20385af5063bc3dda760c6327a039df3bddd9abdd48316e84c2c,98.502300
theo_n,5,500,false,9,9,offchain,500,496,1.420400,125.763300,204.783900,206.204300,7.106700,true,3104,,0x2fe6349b77f8b704a4b6fda6a67fa440bb1a7ac8a5722ef77d23ee9340b379ca,0x33ddc8eeb3b77b0a441a211a1cb69eee70b53a465630619f0814f96337665edf,94.027900
theo_n,5,501,false,9,9,offchain,500,497,1.489200,128.079300,280.469900,281.959100,7.261500,true,3104,,0x2fe6349b77f8b704a4b6fda6a67fa440bb1a7ac8a5722ef77d23ee9340b379ca,0x054e2236fbaad7cc4726815852831e0b24470816a6c07d78b0d9d280456b71a4,93.113800
theo_n,5,502,false,9,9,offchain,500,498,1.727600,125.995800,202.484700,204.212300,7.151900,true,3104,,0x2fe6349b77f8b704a4b6fda6a67fa440bb1a7ac8a5722ef77d23ee9340b379ca,0x099e04b9c764d5f3137e72d7de8c8a64e3f72edd86ea5b1ac089876cf20e393c,92.718900
theo_n,5,503,false,9,9,offchain,500,499,1.338700,124.299500,202.786200,204.124900,7.166300,true,3104,,0x2fe6349b77f8b704a4b6fda6a67fa440bb1a7ac8a5722ef77d23ee9340b379ca,0x0b6f8127080790145005f632c7de6ad5fdb8a886521c8fa39d063e6193ace58b,94.467200
