thi_nghiem,run_id,iteration,warmup,d,k,mechanism,n,student_index,witness_ms,setup_ms,prove_ms,proof_generation_ms,verify_native_ms,verified,proof_bytes,calldata_bytes,root,nullifier,verify_setup_ms
theo_n,2,1,true,9,9,offchain,500,0,0.820400,88.351100,149.957000,150.777400,5.264300,true,3104,,0x2fe6349b77f8b704a4b6fda6a67fa440bb1a7ac8a5722ef77d23ee9340b379ca,0x31cce6578fc40150881c61af3263887000159f168b78eb0c1c67322a114def10,
theo_n,2,2,true,9,9,offchain,500,1,0.914400,88.351100,152.595200,153.509600,5.244000,true,3104,,0x2fe6349b77f8b704a4b6fda6a67fa440bb1a7ac8a5722ef77d23ee9340b379ca,0x06b149a846c21e833d5cd6933d03540005608217faf9b22fe873f8c17f865e8c,
theo_n,2,3,true,9,9,offchain,500,2,0.948400,88.351100,154.128100,155.076500,5.597400,true,3104,,0x2fe6349b77f8b704a4b6fda6a67fa440bb1a7ac8a5722ef77d23ee9340b379ca,0x1d06a3d96bc0fee0182a90672cc093d7b090bd77f3f3308c9126cfb07e55ad1e,
theo_n,2,4,false,9,9,offchain,500,0,0.929500,88.351100,160.577900,161.507400,5.492700,true,3104,,0x2fe6349b77f8b704a4b6fda6a67fa440bb1a7ac8a5722ef77d23ee9340b379ca,0x31cce6578fc40150881c61af3263887000159f168b78eb0c1c67322a114def10,
theo_n,2,5,false,9,9,offchain,500,1,1.005100,88.351100,160.809300,161.814400,5.399400,true,3104,,0x2fe6349b77f8b704a4b6fda6a67fa440bb1a7ac8a5722ef77d23ee9340b379ca,0x06b149a846c21e833d5cd6933d03540005608217faf9b22fe873f8c17f865e8c,
theo_n,2,6,false,9,9,offchain,500,2,1.104200,88.351100,158.914000,160.018200,5.663100,true,3104,,0x2fe6349b77f8b704a4b6fda6a67fa440bb1a7ac8a5722ef77d23ee9340b379ca,0x1d06a3d96bc0fee0182a90672cc093d7b090bd77f3f3308c9126cfb07e55ad1e,
theo_n,2,7,false,9,9,offchain,500,3,0.979900,88.351100,161.062200,162.042100,5.715600,true,3104,,0x2fe6349b77f8b704a4b6fda6a67fa440bb1a7ac8a5722ef77d23ee9340b379ca,0x2ee3eca2a8acabb5247f13a7dc5bb5745525229c9b0fb6af8461f8add9d6ea42,
theo_n,2,8,false,9,9,offchain,500,4,0.937700,88.351100,163.062300,164.000000,5.874400,true,3104,,0x2fe6349b77f8b704a4b6fda6a67fa440bb1a7ac8a5722ef77d23ee9340b379ca,0x23abcf4c24d8f5eaa25ebedbbad6a842ea7c9839a4809e5f07c904d2874949da,
theo_n,2,9,false,9,9,offchain,500,5,0.952400,88.351100,158.770900,159.723300,5.603200,true,3104,,0x2fe6349b77f8b704a4b6fda6a67fa440bb1a7ac8a5722ef77d23ee9340b379ca,0x053f995315ef14fd41321d4c26fc6e4a11eebe9847b131f33160a845efab237a,
theo_n,2,10,false,9,9,offchain,500,6,0.979700,88.351100,170.021000,171.000700,6.515300,true,3104,,0x2fe6349b77f8b704a4b6fda6a67fa440bb1a7ac8a5722ef77d23ee9340b379ca,0x2253bb49377756b6e039255c2e07e59ebdb5e721de9034b6084a4f646823fb04,
theo_n,2,11,false,9,9,offchain,500,7,0.961100,88.351100,198.146200,199.107300,6.790500,true,3104,,0x2fe6349b77f8b704a4b6fda6a67fa440bb1a7ac8a5722ef77d23ee9340b379ca,0x30a7f45e66796c0bb5e756de164a7408361c1113a9c271d837fc45b7dcd6f659,
theo_n,2,12,false,9,9,offchain,500,8,1.072100,88.351100,176.840900,177.913000,5.891100,true,3104,,0x2fe6349b77f8b704a4b6fda6a67fa440bb1a7ac8a5722ef77d23ee9340b379ca,0x2cd86dce870ffb93e493637ae0ebc4d227e78de147374955ca7c805d2bd92dbb,
theo_n,2,13,false,9,9,offchain,500,9,0.972300,88.351100,171.899200,172.871500,7.499600,true,3104,,0x2fe6349b77f8b704a4b6fda6a67fa440bb1a7ac8a5722ef77d23ee9340b379ca,0x0bb7e3ce2eb37533b72c200e6c6614cb93c18b171631c1ef120a8fd150f2cb13,
theo_n,2,14,false,9,9,offchain,500,10,1.288200,88.351100,196.969600,198.257800,6.376300,true,3104,,0x2fe6349b77f8b704a4b6fda6a67fa440bb1a7ac8a5722ef77d23ee9340b379ca,0x2ddef6234d7e6f2ddbb3ed21a00be7589b7bbf5606b92dcf2b04f4b5bccd4fec,
theo_n,2,15,false,9,9,offchain,500,11,1.123900,88.351100,174.685800,175.809700,6.113100,true,3104,,0x2fe6349b77f8b704a4b6fda6a67fa440bb1a7ac8a5722ef77d23ee9340b379ca,0x3ada3ac697494a8c8f48fd81b4d30c407e5b76c201c8434db157d8b726837548,
theo_n,2,16,false,9,9,offchain,500,12,0.995200,88.351100,170.380100,171.375300,5.947000,true,3104,,0x2fe6349b77f8b704a4b6fda6a67fa440bb1a7ac8a5722ef77d23ee9340b379ca,0x2b1d692090d6ea4a2e3a8e5433f88d3c74ba86937bbe64f14872631fa739b53f,
theo_n,2,17,false,9,9,offchain,500,13,0.970300,88.351100,225.741100,226.711400,7.392700,true,3104,,0x2fe6349b77f8b704a4b6fda6a67fa440bb1a7ac8a5722ef77d23ee9340b379ca,0x184e5193d7aeddeb42bdf7d177255cdc1408f8df7aca9b1c91f801f0b916b0d6,
theo_n,2,18,false,9,9,offchain,500,14,1.080000,88.351100,168.658800,169.738800,6.025600,true,3104,,0x2fe6349b77f8b704a4b6fda6a67fa440bb1a7ac8a5722ef77d23ee9340b379ca,0x1058edf090bdc3434d5a8d0aaae59d1679f4ab8018a6c9def311908fe8a3ea79,
theo_n,2,19,false,9,9,offchain,500,15,0.976300,88.351100,167.244800,168.221100,5.928700,true,3104,,0x2fe6349b77f8b704a4b6fda6a67fa440bb1a7ac8a5722ef77d23ee9340b379ca,0x3b72a670b9b3a3ef60168831693d1465b1b6f88669ba7f1c47c43c4fe8b69559,
theo_n,2,20,false,9,9,offchain,500,16,1.004700,88.351100,180.737900,181.742600,6.416300,true,3104,,0x2fe6349b77f8b704a4b6fda6a67fa440bb1a7ac8a5722ef77d23ee9340b379ca,0x26790d62c5185858bb332e4f92f692c84b23c6be4b30b5a66dce2e37e083442b,
theo_n,2,21,false,9,9,offchain,500,17,1.043900,88.351100,278.694900,279.738800,7.128500,true,3104,,0x2fe6349b77f8b704a4b6fda6a67fa440bb1a7ac8a5722ef77d23ee9340b379ca,0x0238145a7cd2114ded0673cf7b04a8dcef4690c839f508dd14cb073e332ab139,
theo_n,2,22,false,9,9,offchain,500,18,1.118600,88.351100,171.180400,172.299000,5.837200,true,3104,,0x2fe6349b77f8b704a4b6fda6a67fa440bb1a7ac8a5722ef77d23ee9340b379ca,0x36fc3e2add7d8d3afc785b77a54fd23964e7cb8eb494e13e9c6a887965a847cf,
theo_n,2,23,false,9,9,offchain,500,19,0.934500,88.351100,165.688100,166.622600,5.877300,true,3104,,0x2fe6349b77f8b704a4b6fda6a67fa440bb1a7ac8a5722ef77d23ee9340b379ca,0x3cab613111c672bcddd2485adbf14ab6c8aec112b50ea0005aa159b8d973387b,
theo_n,2,24,false,9,9,offchain,500,20,1.063100,88.351100,171.920000,172.983100,5.665400,true,3104,,0x2fe6349b77f8b704a4b6fda6a67fa440bb1a7ac8a5722ef77d23ee9340b379ca,0x0f5ba5eafbd37105956aad8ad60c718f4f0f8c32793fa14d010ec4a8efd5896c,
theo_n,2,25,false,9,9,offchain,500,21,0.932800,88.351100,168.931600,169.864400,5.595500,true,3104,,0x2fe6349b77f8b704a4b6fda6a67fa440bb1a7ac8a5722ef77d23ee9340b379ca,0x345865de75a078c2601df5bf7b8ac01ddc913428ad55c6842fd239d9c1bb2bee,
theo_n,2,26,false,9,9,offchain,500,22,0.915100,88.351100,160.498600,161.413700,5.894200,true,3104,,0x2fe6349b77f8b704a4b6fda6a67fa440bb1a7ac8a5722ef77d23ee9340b379ca,0x381949a023bad7dd72b836139501a18bde8117197414fc26e1861c5833221a06,
theo_n,2,27,false,9,9,offchain,500,23,1.011400,88.351100,164.050100,165.061500,5.836400,true,3104,,0x2fe6349b77f8b704a4b6fda6a67fa440bb1a7ac8a5722ef77d23ee9340b379ca,0x36c9f307ec5cae6c551dbd4ee41275b93d6012c1496b7b824b693747101e4649,
theo_n,2,28,false,9,9,offchain,500,24,3.919100,88.351100,165.930300,169.849400,5.540600,true,3104,,0x2fe6349b77f8b704a4b6fda6a67fa440bb1a7ac8a5722ef77d23ee9340b379ca,0x0e4fa672364ff8d28d324fa63f54a5c0af0eb28a17068e9ff96618692a930a1f,
theo_n,2,29,false,9,9,offchain,500,25,0.920300,88.351100,159.785600,160.705900,5.866100,true,3104,,0x2fe6349b77f8b704a4b6fda6a67fa440bb1a7ac8a5722ef77d23ee9340b379ca,0x1d296167df1398272a65c2152fa42bac6f090a91ea2ef72b15701ec5c4e7351d,
theo_n,2,30,false,9,9,offchain,500,26,0.934600,88.351100,163.290800,164.225400,5.557500,true,3104,,0x2fe6349b77f8b704a4b6fda6a67fa440bb1a7ac8a5722ef77d23ee9340b379ca,0x158799b447546c84c9076c82c385cdacf0e2ce1ba4d011ac2f9b9cca4abbe22b,
theo_n,2,31,false,9,9,offchain,500,27,0.964700,88.351100,165.580700,166.545400,5.659500,true,3104,,0x2fe6349b77f8b704a4b6fda6a67fa440bb1a7ac8a5722ef77d23ee9340b379ca,0x3d6b035fd78b94d7dc88fa276f05bef4a4cb011ff779ffface9f0ef9dff9ef49,
theo_n,2,32,false,9,9,offchain,500,28,0.995300,88.351100,163.152500,164.147800,5.658500,true,3104,,0x2fe6349b77f8b704a4b6fda6a67fa440bb1a7ac8a5722ef77d23ee9340b379ca,0x1081e5213854c477ad9b853775007aac6aa3572c9092f3d51ef4069d592bf93d,
theo_n,2,33,false,9,9,offchain,500,29,1.024500,88.351100,166.465200,167.489700,5.746900,true,3104,,0x2fe6349b77f8b704a4b6fda6a67fa440bb1a7ac8a5722ef77d23ee9340b379ca,0x3265c24e296401ba9bb56bba84a98f7974893fb4ba831c612c6aee4f8e36b5ba,
theo_n,2,34,false,9,9,offchain,500,30,0.920700,88.351100,165.945600,166.866300,5.595200,true,3104,,0x2fe6349b77f8b704a4b6fda6a67fa440bb1a7ac8a5722ef77d23ee9340b379ca,0x37a34c44838bbc5fb890e04ebc426a8b9e08b427b297c08c0aabe144b3adcf0c,
theo_n,2,35,false,9,9,offchain,500,31,0.994200,88.351100,166.411700,167.405900,6.025200,true,3104,,0x2fe6349b77f8b704a4b6fda6a67fa440bb1a7ac8a5722ef77d23ee9340b379ca,0x15f9e59991adcbfb9befc7df4a64145357c0258a75825b8d54edb79a3876ae09,
theo_n,2,36,false,9,9,offchain,500,32,1.018700,88.351100,169.233800,170.252500,6.162900,true,3104,,0x2fe6349b77f8b704a4b6fda6a67fa440bb1a7ac8a5722ef77d23ee9340b379ca,0x2a09e0c9376ab1887e8ed9bdda26a27447b81b76c47152c2d50104fc5626ecc3,
theo_n,2,37,false,9,9,offchain,500,33,0.968200,88.351100,167.491700,168.459900,6.700800,true,3104,,0x2fe6349b77f8b704a4b6fda6a67fa440bb1a7ac8a5722ef77d23ee9340b379ca,0x2a9f0a9dfefd0b687425dbc05c820a0f13332e787844dda043d22dd10df498a6,
theo_n,2,38,false,9,9,offchain,500,34,0.945500,88.351100,167.710300,168.655800,6.140200,true,3104,,0x2fe6349b77f8b704a4b6fda6a67fa440bb1a7ac8a5722ef77d23ee9340b379ca,0x09e02495203c5b1835b1ad1db270049b8a4119702d53dd5886a235a5996bb099,
theo_n,2,39,false,9,9,offchain,500,35,0.945400,88.351100,165.910200,166.855600,5.908000,true,3104,,0x2fe6349b77f8b704a4b6fda6a67fa440bb1a7ac8a5722ef77d23ee9340b379ca,0x15b24bdd1b4b0a5fc499fc6c2dac6f90ccd9b28ef26c850a65e3f88b5c06ccec,
theo_n,2,40,false,9,9,offchain,500,36,0.945700,88.351100,166.372600,167.318300,5.941600,true,3104,,0x2fe6349b77f8b704a4b6fda6a67fa440bb1a7ac8a5722ef77d23ee9340b379ca,0x137e941e9cc4e3016c6985e12467691777c8c4a841527789f6bd0dec5f565c59,
theo_n,2,41,false,9,9,offchain,500,37,0.985500,88.351100,167.256800,168.242300,6.000700,true,3104,,0x2fe6349b77f8b704a4b6fda6a67fa440bb1a7ac8a5722ef77d23ee9340b379ca,0x10cadd1521fa6c0179e0ee11c59d94bc5304a9bba12cff518811447f7919e2cf,
theo_n,2,42,false,9,9,offchain,500,38,0.972000,88.351100,167.908000,168.880000,5.921400,true,3104,,0x2fe6349b77f8b704a4b6fda6a67fa440bb1a7ac8a5722ef77d23ee9340b379ca,0x1ad7e7d5b9ef8cfc0e8304ce037203d2aa80e2e3fcc45eac7c2a356351250524,
theo_n,2,43,false,9,9,offchain,500,39,1.038000,88.351100,186.303500,187.341500,8.510700,true,3104,,0x2fe6349b77f8b704a4b6fda6a67fa440bb1a7ac8a5722ef77d23ee9340b379ca,0x36fe2e9f819dd0e65c674f1dee54da6f9c1a176a655df186b096a3562d852a5d,
theo_n,2,44,false,9,9,offchain,500,40,1.212400,88.351100,223.045300,224.257700,7.890200,true,3104,,0x2fe6349b77f8b704a4b6fda6a67fa440bb1a7ac8a5722ef77d23ee9340b379ca,0x097e34dde40b4321dd80c99af3ef8422ec3a73656e53dc07dbf162c1a7990a32,
theo_n,2,45,false,9,9,offchain,500,41,1.155000,88.351100,239.433900,240.588900,7.284200,true,3104,,0x2fe6349b77f8b704a4b6fda6a67fa440bb1a7ac8a5722ef77d23ee9340b379ca,0x2ca71bcca7bed8690446f6f35eb9fd301a721d2284d5a81310cbc89bc807c08e,
theo_n,2,46,false,9,9,offchain,500,42,1.427900,88.351100,195.750800,197.178700,6.869900,true,3104,,0x2fe6349b77f8b704a4b6fda6a67fa440bb1a7ac8a5722ef77d23ee9340b379ca,0x0eb7c2b13f35ce06c28ef680f6c4cfc8e527cd2cdca83ba49d331a8e5a1a2030,
theo_n,2,47,false,9,9,offchain,500,43,1.021500,88.351100,203.603100,204.624600,7.240700,true,3104,,0x2fe6349b77f8b704a4b6fda6a67fa440bb1a7ac8a5722ef77d23ee9340b379ca,0x34889aed5c7b552ca8c00a9c6ba49700ffd03085af8904500901bc4b08b58faf,
theo_n,2,48,false,9,9,offchain,500,44,1.287900,88.351100,203.615900,204.903800,6.756600,true,3104,,0x2fe6349b77f8b704a4b6fda6a67fa440bb1a7ac8a5722ef77d23ee9340b379ca,0x208406b0c74f9fd5c45c8ba2ee4f58074a9b3e8b67ad550e8c80895095d21eed,
theo_n,2,49,false,9,9,offchain,500,45,1.041200,88.351100,193.257300,194.298500,6.535400,true,3104,,0x2fe6349b77f8b704a4b6fda6a67fa440bb1a7ac8a5722ef77d23ee9340b379ca,0x1e6ba2529c1c51cd0ab99d61e03b52081a2b2f765f142557f0afeda0cff80314,
theo_n,2,50,false,9,9,offchain,500,46,1.102000,88.351100,209.788100,210.890100,7.110200,true,3104,,0x2fe6349b77f8b704a4b6fda6a67fa440bb1a7ac8a5722ef77d23ee9340b379ca,0x24f94e7f98d781cdf3066c1516e1288f985404d2f474d2be5266774f759c0039,
theo_n,2,51,false,9,9,offchain,500,47,1.090300,88.351100,174.175500,175.265800,5.897100,true,3104,,0x2fe6349b77f8b704a4b6fda6a67fa440bb1a7ac8a5722ef77d23ee9340b379ca,0x2bc29b9bb94e111d25dae872bbe9a152f2932fe5c2dcfe7eb4589c3e284bc396,
theo_n,2,52,false,9,9,offchain,500,48,1.039500,88.351100,186.525000,187.564500,6.074600,true,3104,,0x2fe6349b77f8b704a4b6fda6a67fa440bb1a7ac8a5722ef77d23ee9340b379ca,0x3f2c363255bd9ac2db73cd3a02d9edfe2fceaea459f1eae54a9417e23c73fada,
theo_n,2,53,false,9,9,offchain,500,49,0.983000,88.351100,184.938400,185.921400,6.659700,true,3104,,0x2fe6349b77f8b704a4b6fda6a67fa440bb1a7ac8a5722ef77d23ee9340b379ca,0x105b181bd6e1bf4ae344f18d215e64d69671f3453c5ff6e536444dcede6f7a8f,
theo_n,2,54,false,9,9,offchain,500,50,0.990400,88.351100,192.737700,193.728100,5.911600,true,3104,,0x2fe6349b77f8b704a4b6fda6a67fa440bb1a7ac8a5722ef77d23ee9340b379ca,0x367a05d4576bf040770a0dfac5509fa5d77a62782c579bdada5981fe12efaa67,
theo_n,2,55,false,9,9,offchain,500,51,0.982500,88.351100,169.559900,170.542400,5.918200,true,3104,,0x2fe6349b77f8b704a4b6fda6a67fa440bb1a7ac8a5722ef77d23ee9340b379ca,0x1112593ea96c064743ef0a2c5d82b857ff41e53ace5b4abe93b2df0e5fb58a59,
theo_n,2,56,false,9,9,offchain,500,52,0.959000,88.351100,167.954000,168.913000,5.992600,true,3104,,0x2fe6349b77f8b704a4b6fda6a67fa440bb1a7ac8a5722ef77d23ee9340b379ca,0x31b370304c7cff2f4a2864357ffd01bf85f723635ccd35fc4c428b4890f47af1,
theo_n,2,57,false,9,9,offchain,500,53,0.975000,88.351100,181.688300,182.663300,6.399600,true,3104,,0x2fe6349b77f8b704a4b6fda6a67fa440bb1a7ac8a5722ef77d23ee9340b379ca,0x3d3025827bdc7c1a4cbd2fa980467237f17ab492d307245233a87b8a643f14ab,
theo_n,2,58,false,9,9,offchain,500,54,0.961100,88.351100,179.216300,180.177400,6.098500,true,3104,,0x2fe6349b77f8b704a4b6fda6a67fa440bb1a7ac8a5722ef77d23ee9340b379ca,0x34d7867c81d1e736bb70575120a00d08e4553a45a5a5e8213e3ed3d5a862f77a,
theo_n,2,59,false,9,9,offchain,500,55,1.003100,88.351100,173.601700,174.604800,5.903500,true,3104,,0x2fe6349b77f8b704a4b6fda6a67fa440bb1a7ac8a5722ef77d23ee9340b379ca,0x0b7ae8d25e76a5df04d61997493591106f2d742c98bcb28761d82773bf2ab6b3,
theo_n,2,60,false,9,9,offchain,500,56,0.988700,88.351100,169.652800,170.641500,6.064000,true,3104,,0x2fe6349b77f8b704a4b6fda6a67fa440bb1a7ac8a5722ef77d23ee9340b379ca,0x356556a6e6dbcbcf708a745b17a7298946c2d98eb9c544686c018651329069f8,
theo_n,2,61,false,9,9,offchain,500,57,0.979400,88.351100,168.723600,169.703000,5.900600,true,3104,,0x2fe6349b77f8b704a4b6fda6a67fa440bb1a7ac8a5722ef77d23ee9340b379ca,0x35affd8d03feade30e8bcc85d92d5c1e1c3f07572f69a33b47602db639ddf4eb,
theo_n,2,62,false,9,9,offchain,500,58,0.955700,88.351100,168.124100,169.079800,5.912700,true,3104,,0x2fe6349b77f8b704a4b6fda6a67fa440bb1a7ac8a5722ef77d23ee9340b379ca,0x35d159d0434207d958c002bfb58c81e555036eebb77fc92f633d8e45e4138d3a,
theo_n,2,63,false,9,9,offchain,500,59,1.000900,88.351100,170.510700,171.511600,6.009400,true,3104,,0x2fe6349b77f8b704a4b6fda6a67fa440bb1a7ac8a5722ef77d23ee9340b379ca,0x33b7affbeb57a5b82b7b9d668af0c3c7fbda480046926717d3b00c571eb87be4,
theo_n,2,64,false,9,9,offchain,500,60,0.953700,88.351100,168.096700,169.050400,5.959300,true,3104,,0x2fe6349b77f8b704a4b6fda6a67fa440bb1a7ac8a5722ef77d23ee9340b379ca,0x296ae6ced3f1274fe7a3358843e0c842a75bda60b852b254b477f46d82eecc71,
theo_n,2,65,false,9,9,offchain,500,61,0.930600,88.351100,174.475900,175.406500,5.895400,true,3104,,0x2fe6349b77f8b704a4b6fda6a67fa440bb1a7ac8a5722ef77d23ee9340b379ca,0x175131215e7801d8395735d66582488a3f45cf21ca4ac3df1895dd49dca8490d,
theo_n,2,66,false,9,9,offchain,500,62,0.967800,88.351100,167.619400,168.587200,5.936400,true,3104,,0x2fe6349b77f8b704a4b6fda6a67fa440bb1a7ac8a5722ef77d23ee9340b379ca,0x3493b117c949b0c7fad43853e1a11f960ec57e40ed3fedbbe9f6ee98f440c1a2,
theo_n,2,67,false,9,9,offchain,500,63,0.958700,88.351100,166.469600,167.428300,5.920100,true,3104,,0x2fe6349b77f8b704a4b6fda6a67fa440bb1a7ac8a5722ef77d23ee9340b379ca,0x151375a0e2cab64803c0677384030f3bf8d86c80fe19936a69f563c59fab30b1,
theo_n,2,68,false,9,9,offchain,500,64,0.919800,88.351100,172.324300,173.244100,5.669400,true,3104,,0x2fe6349b77f8b704a4b6fda6a67fa440bb1a7ac8a5722ef77d23ee9340b379ca,0x30b5adb40a92895d5ed53a0eeaa9d3c785cd219d950238043d775a741b72bb2c,
theo_n,2,69,false,9,9,offchain,500,65,1.019000,88.351100,168.202200,169.221200,5.861400,true,3104,,0x2fe6349b77f8b704a4b6fda6a67fa440bb1a7ac8a5722ef77d23ee9340b379ca,0x1fc6ffb941b71d65890a8e4128804db657be13262093318e86e8b548e0617dcf,
theo_n,2,70,false,9,9,offchain,500,66,0.981400,88.351100,170.437800,171.419200,5.783400,true,3104,,0x2fe6349b77f8b704a4b6fda6a67fa440bb1a7ac8a5722ef77d23ee9340b379ca,0x1974a9d05c061a4d1440c8e3477485d22643c540777402f3ff4d1226b013dd7b,
theo_n,2,71,false,9,9,offchain,500,67,0.981900,88.351100,169.146500,170.128400,5.596200,true,3104,,0x2fe6349b77f8b704a4b6fda6a67fa440bb1a7ac8a5722ef77d23ee9340b379ca,0x236dbf65939ffa8990a49eac3c48842c8b57d7d33627159fd2f4de1b078902fb,
theo_n,2,72,false,9,9,offchain,500,68,0.927500,88.351100,166.628200,167.555700,5.787300,true,3104,,0x2fe6349b77f8b704a4b6fda6a67fa440bb1a7ac8a5722ef77d23ee9340b379ca,0x069866effa4c385eb367f3e53f17d9a75ce227086c72ae9ebb073fc645606741,
theo_n,2,73,false,9,9,offchain,500,69,0.938800,88.351100,167.359200,168.298000,5.660500,true,3104,,0x2fe6349b77f8b704a4b6fda6a67fa440bb1a7ac8a5722ef77d23ee9340b379ca,0x0c43daa5853350e5fcd53cbe3a9849e42382c8128e6dc59b4a82cd69f7f04379,
theo_n,2,74,false,9,9,offchain,500,70,0.948100,88.351100,167.303900,168.252000,5.567500,true,3104,,0x2fe6349b77f8b704a4b6fda6a67fa440bb1a7ac8a5722ef77d23ee9340b379ca,0x020d9be1a95e587f228ddbf0721bfd65be3457d210f44a88755fcf5c8c274fb9,
theo_n,2,75,false,9,9,offchain,500,71,0.925500,88.351100,167.660300,168.585800,5.708000,true,3104,,0x2fe6349b77f8b704a4b6fda6a67fa440bb1a7ac8a5722ef77d23ee9340b379ca,0x1a892e6a7dc74c42986987fd5e36d2b0742f47af2460dbf0d9fe60320a89d30c,
theo_n,2,76,false,9,9,offchain,500,72,1.002000,88.351100,166.063400,167.065400,6.058600,true,3104,,0x2fe6349b77f8b704a4b6fda6a67fa440bb1a7ac8a5722ef77d23ee9340b379ca,0x24012d177461a632d9c00545fb9834207a4f0913b93c92f9dc477d249a4f5b8b,
theo_n,2,77,false,9,9,offchain,500,73,0.956400,88.351100,166.103800,167.060200,6.054500,true,3104,,0x2fe6349b77f8b704a4b6fda6a67fa440bb1a7ac8a5722ef77d23ee9340b379ca,0x15ddc7f941eb827dc742c94242cdb4202a7531ffe2e1320abb9f2e10c4d46bba,
theo_n,2,78,false,9,9,offchain,500,74,0.956900,88.351100,170.610800,171.567700,6.511100,true,3104,,0x2fe6349b77f8b704a4b6fda6a67fa440bb1a7ac8a5722ef77d23ee9340b379ca,0x0bef9a92e07a5e21d94c0109eaaf18de8f6698543279171aea36f65fee1fe308,
theo_n,2,79,false,9,9,offchain,500,75,1.004900,88.351100,171.582800,172.587700,5.969400,true,3104,,0x2fe6349b77f8b704a4b6fda6a67fa440bb1a7ac8a5722ef77d23ee9340b379ca,0x293dbbf2e0ee6a2c3f9223b121d1a2cfd00c97f67d78970374e17dd67a1d74bc,
theo_n,2,80,false,9,9,offchain,500,76,0.974000,88.351100,170.080500,171.054500,6.147200,true,3104,,0x2fe6349b77f8b704a4b6fda6a67fa440bb1a7ac8a5722ef77d23ee9340b379ca,0x112b1e399fc3ea2c4aa6bc7984dc59c250534aaf21590b036ca8a9e49ec93728,
theo_n,2,81,false,9,9,offchain,500,77,0.996600,88.351100,167.003800,168.000400,5.858400,true,3104,,0x2fe6349b77f8b704a4b6fda6a67fa440bb1a7ac8a5722ef77d23ee9340b379ca,0x2c391d862675b985122b7bde54e8a2413c33251b7ffea59b3eecf9be7a7ab553,
theo_n,2,82,false,9,9,offchain,500,78,0.962700,88.351100,163.497300,164.460000,5.551400,true,3104,,0x2fe6349b77f8b704a4b6fda6a67fa440bb1a7ac8a5722ef77d23ee9340b379ca,0x2b063c3c5c49d33b2da3b817ec149aeae6d7a130d98f861a5ee98a2c27732ff6,
theo_n,2,83,false,9,9,offchain,500,79,0.987800,88.351100,162.988400,163.976200,6.080500,true,3104,,0x2fe6349b77f8b704a4b6fda6a67fa440bb1a7ac8a5722ef77d23ee9340b379ca,0x03a944ffedcb6bd46ba34969f9ffb92fb3a4bf32edf50f1fdbd95a6f28a4f8d5,
theo_n,2,84,false,9,9,offchain,500,80,0.932800,88.351100,163.349900,164.282700,5.890000,true,3104,,0x2fe6349b77f8b704a4b6fda6a67fa440bb1a7ac8a5722ef77d23ee9340b379ca,0x226db5137513309d4a578e1f59e1687c5f8889c53b1e62025e1a3b2ccf3a2eec,
theo_n,2,85,false,9,9,offchain,500,81,1.052800,88.351100,164.246300,165.299100,5.948500,true,3104,,0x2fe6349b77f8b704a4b6fda6a67fa440bb1a7ac8a5722ef77d23ee9340b379ca,0x2327c5299fb59360173e53531f8cfb46faae6cbd3a39b734d4ac13a79305c10c,
theo_n,2,86,false,9,9,offchain,500,82,0.961800,88.351100,166.599500,167.561300,6.066800,true,3104,,0x2fe6349b77f8b704a4b6fda6a67fa440bb1a7ac8a5722ef77d23ee9340b379ca,0x1461edaabe49fbac3d272dd17fa989d2232a197f9f33322d31517a085e7074f6,
theo_n,2,87,false,9,9,offchain,500,83,0.929700,88.351100,167.690800,168.620500,6.026400,true,3104,,0x2fe6349b77f8b704a4b6fda6a67fa440bb1a7ac8a5722ef77d23ee9340b379ca,0x036eb7ef90ea532940cdc20ddf72d9e73001492b4888e85fc17a9f09d7452fca,
theo_n,2,88,false,9,9,offchain,500,84,0.971900,88.351100,168.192800,169.164700,5.860800,true,3104,,0x2fe6349b77f8b704a4b6fda6a67fa440bb1a7ac8a5722ef77d23ee9340b379ca,0x031f5573c450699b4dded04131f53dd85bb0e4432251025023c38abb65b61e56,
theo_n,2,89,false,9,9,offchain,500,85,0.932200,88.351100,168.306000,169.238200,5.851800,true,3104,,0x2fe6349b77f8b704a4b6fda6a67fa440bb1a7ac8a5722ef77d23ee9340b379ca,0x156c7ab873f453c200252bcd74f48164369d02b50a57d9689bc723194b8b3802,
theo_n,2,90,false,9,9,offchain,500,86,1.003000,88.351100,170.954900,171.957900,6.014500,true,3104,,0x2fe6349b77f8b704a4b6fda6a67fa440bb1a7ac8a5722ef77d23ee9340b379ca,0x331138e04ece8a2e6cbb3bc5d980ffb4f9dde1068e227fdb9832b846faaeca0e,
theo_n,2,91,false,9,9,offchain,500,87,0.967600,88.351100,171.078900,172.046500,5.973900,true,3104,,0x2fe6349b77f8b704a4b6fda6a67fa440bb1a7ac8a5722ef77d23ee9340b379ca,0x089d1aa1c2473d25b78af6935dcb93bd07aebbac0257d4d611f18fb5f545beeb,
theo_n,2,92,false,9,9,offchain,500,88,1.065200,88.351100,167.339000,168.404200,5.850600,true,3104,,0x2fe6349b77f8b704a4b6fda6a67fa440bb1a7ac8a5722ef77d23ee9340b379ca,0x1e93ea44a887f2e8fd076e0c7713ae9d34036e5aee4404a35e4b44acd32346c5,
theo_n,2,93,false,9,9,offchain,500,89,0.950400,88.351100,165.885300,166.835700,5.655200,true,3104,,0x2fe6349b77f8b704a4b6fda6a67fa440bb1a7ac8a5722ef77d23ee9340b379ca,0x1e123929cf2884f04173384ef96a723d1629eafc520534c33d5c33cbc548d4e0,
theo_n,2,94,false,9,9,offchain,500,90,0.954400,88.351100,165.468500,166.422900,5.695100,true,3104,,0x2fe6349b77f8b704a4b6fda6a67fa440bb1a7ac8a5722ef77d23ee9340b379ca,0x07e2ce03aef8e0a6f9039888b6581209d9b4511b0045717f795cd28f3fae8498,
theo_n,2,95,false,9,9,offchain,500,91,1.057400,88.351100,166.776500,167.833900,5.931500,true,3104,,0x2fe6349b77f8b704a4b6fda6a67fa440bb1a7ac8a5722ef77d23ee9340b379ca,0x22742fe979ce969d4cdb11f8076cc0152138d594231440b7590a9792caa27ff7,
theo_n,2,96,false,9,9,offchain,500,92,0.928700,88.351100,167.358300,168.287000,5.709100,true,3104,,0x2fe6349b77f8b704a4b6fda6a67fa440bb1a7ac8a5722ef77d23ee9340b379ca,0x2c9d50760aaf6391e556a5ba1c0804e54a3fda00913318e43a266220c37eb935,
theo_n,2,97,false,9,9,offchain,500,93,0.930600,88.351100,167.777400,168.708000,5.963300,true,3104,,0x2fe6349b77f8b704a4b6fda6a67fa440bb1a7ac8a5722ef77d23ee9340b379ca,0x3a752b4e6c05bd74df2d94939f850a55f28a17cceaae03d38743bd8ff61e3d5d,
theo_n,2,98,false,9,9,offchain,500,94,1.058600,88.351100,170.951500,172.010100,5.857500,true,3104,,0x2fe6349b77f8b704a4b6fda6a67fa440bb1a7ac8a5722ef77d23ee9340b379ca,0x3925e2a85c45e174b3dfeacf4d2c36c0b1ae3ff62b57faffa83a135bc086fce8,
theo_n,2,99,false,9,9,offchain,500,95,0.989700,88.351100,167.191700,168.181400,5.971600,true,3104,,0x2fe6349b77f8b704a4b6fda6a67fa440bb1a7ac8a5722ef77d23ee9340b379ca,0x022f8d0056933c95a43ba5b04cd9ad652953a2b5d0d3aea294037033125f5765,
theo_n,2,100,false,9,9,offchain,500,96,0.979800,88.351100,167.353700,168.333500,5.851500,true,3104,,0x2fe6349b77f8b704a4b6fda6a67fa440bb1a7ac8a5722ef77d23ee9340b379ca,0x1e9e2ade609569ab986455245dcd3a8d2cd79d70b61138c0bbd820794bef794a,
theo_n,2,101,false,9,9,offchain,500,97,0.965900,88.351100,165.403000,166.368900,5.859600,true,3104,,0x2fe6349b77f8b704a4b6fda6a67fa440bb1a7ac8a5722ef77d23ee9340b379ca,0x0ea9443dedf0f039461915c560ef0cd5202bc412a1277392db3c9b94736e19df,
theo_n,2,102,false,9,9,offchain,500,98,0.976700,88.351100,166.867600,167.844300,5.785400,true,3104,,0x2fe6349b77f8b704a4b6fda6a67fa440bb1a7ac8a5722ef77d23ee9340b379ca,0x33d4f89aea0692092e94f05f3633d908bf3138cbfc5e1524f6fdeddce4b4e37b,
theo_n,2,103,false,9,9,offchain,500,99,0.976000,88.351100,166.651000,167.627000,5.698700,true,3104,,0x2fe6349b77f8b704a4b6fda6a67fa440bb1a7ac8a5722ef77d23ee9340b379ca,0x2b4e96ee32f42f486de93dd2eb20d76741a3b2ea70a7b41595a5a54555e92a95,
theo_n,2,104,false,9,9,offchain,500,100,0.929700,88.351100,165.341200,166.270900,5.740300,true,3104,,0x2fe6349b77f8b704a4b6fda6a67fa440bb1a7ac8a5722ef77d23ee9340b379ca,0x07dd3f3c07969f48e22eaefcb1c5569a39fc4b5885b4a1a410401d462bfbb021,
theo_n,2,105,false,9,9,offchain,500,101,0.926200,88.351100,166.146100,167.072300,6.836000,true,3104,,0x2fe6349b77f8b704a4b6fda6a67fa440bb1a7ac8a5722ef77d23ee9340b379ca,0x0e7c2cec7b8eb7ce364425826dcf236c306113c8e5096126d3d3ca58007f19a9,
theo_n,2,106,false,9,9,offchain,500,102,0.962800,88.351100,167.912200,168.875000,5.903500,true,3104,,0x2fe6349b77f8b704a4b6fda6a67fa440bb1a7ac8a5722ef77d23ee9340b379ca,0x069e4120e2f7b77982127dc2138ad2c56e45d0e048c76797782b2a01372efecf,
theo_n,2,107,false,9,9,offchain,500,103,0.969600,88.351100,170.163800,171.133400,5.875400,true,3104,,0x2fe6349b77f8b704a4b6fda6a67fa440bb1a7ac8a5722ef77d23ee9340b379ca,0x1ee271b4609e05c1ab103aa937284d86c9dd1b64ab6e491e602267a604692b62,
theo_n,2,108,false,9,9,offchain,500,104,1.032100,88.351100,167.449200,168.481300,6.025200,true,3104,,0x2fe6349b77f8b704a4b6fda6a67fa440bb1a7ac8a5722ef77d23ee9340b379ca,0x18746a559176446a8ab51169501690db7490a782636c8990c5bbaea396bd0089,
theo_n,2,109,false,9,9,offchain,500,105,1.038700,88.351100,167.450900,168.489600,5.818200,true,3104,,0x2fe6349b77f8b704a4b6fda6a67fa440bb1a7ac8a5722ef77d23ee9340b379ca,0x3603939325fcca133581f5e01b0a873c4fb86ff8c8501029242d231030ae4730,
theo_n,2,110,false,9,9,offchain,500,106,0.988900,88.351100,165.781800,166.770700,5.933900,true,3104,,0x2fe6349b77f8b704a4b6fda6a67fa440bb1a7ac8a5722ef77d23ee9340b379ca,0x0309957ed4a228beae35d67e8be5072b3906f9fcf498fd7b8edd8f5cc1e90b88,
theo_n,2,111,false,9,9,offchain,500,107,1.044600,88.351100,183.591400,184.636000,5.805300,true,3104,,0x2fe6349b77f8b704a4b6fda6a67fa440bb1a7ac8a5722ef77d23ee9340b379ca,0x0e535e810973fbba586c3e7e8a4861b5d0379a483763a0b061dea657c3c82ba1,
theo_n,2,112,false,9,9,offchain,500,108,0.913300,88.351100,164.637100,165.550400,5.759100,true,3104,,0x2fe6349b77f8b704a4b6fda6a67fa440bb1a7ac8a5722ef77d23ee9340b379ca,0x2eb59862fcca804139e5e625af2d2e58ca75ea2cbe558917f84c9049f03acf89,
theo_n,2,113,false,9,9,offchain,500,109,0.932300,88.351100,168.901700,169.834000,6.014300,true,3104,,0x2fe6349b77f8b704a4b6fda6a67fa440bb1a7ac8a5722ef77d23ee9340b379ca,0x0eb03cbc9ef61500ebf9525588c063fb9b3da9023a8e98f4e422fbc8b83d21b1,
theo_n,2,114,false,9,9,offchain,500,110,0.967600,88.351100,170.747400,171.715000,5.734700,true,3104,,0x2fe6349b77f8b704a4b6fda6a67fa440bb1a7ac8a5722ef77d23ee9340b379ca,0x2ac49a4ce2066f1f950b20ddfcb22fb7b78f06ff7fc85c670eb62aa061a87187,
theo_n,2,115,false,9,9,offchain,500,111,0.990100,88.351100,165.324500,166.314600,5.879500,true,3104,,0x2fe6349b77f8b704a4b6fda6a67fa440bb1a7ac8a5722ef77d23ee9340b379ca,0x3fedb8027593a48bc73096ede0cc86b15ecc486ec6a5cce25e52762ed90b53e5,
theo_n,2,116,false,9,9,offchain,500,112,1.176500,88.351100,165.962300,167.138800,5.849800,true,3104,,0x2fe6349b77f8b704a4b6fda6a67fa440bb1a7ac8a5722ef77d23ee9340b379ca,0x048dad16b9456d602a09fa4858215cb8db44318b5e5f2cdb8c55d30b16a04ecd,
theo_n,2,117,false,9,9,offchain,500,113,1.045600,88.351100,166.785900,167.831500,5.893600,true,3104,,0x2fe6349b77f8b704a4b6fda6a67fa440bb1a7ac8a5722ef77d23ee9340b379ca,0x3a0f925adf8dcb5a9007b938d68416ada618ec3a24ccb916238a7503423eb662,
theo_n,2,118,false,9,9,offchain,500,114,0.948500,88.351100,166.147700,167.096200,5.802700,true,3104,,0x2fe6349b77f8b704a4b6fda6a67fa440bb1a7ac8a5722ef77d23ee9340b379ca,0x1f8dfb17f1ed7fd6841c4acacd125800bd853f2037fb0b9f940d34a73849f015,
theo_n,2,119,false,9,9,offchain,500,115,0.914900,88.351100,164.515500,165.430400,5.777200,true,3104,,0x2fe6349b77f8b704a4b6fda6a67fa440bb1a7ac8a5722ef77d23ee9340b379ca,0x07bb3c6e78f4931129730cc25a5ebad89b00ac25faa34a030e5bfd6731e85674,
theo_n,2,120,false,9,9,offchain,500,116,0.930700,88.351100,167.120400,168.051100,5.509600,true,3104,,0x2fe6349b77f8b704a4b6fda6a67fa440bb1a7ac8a5722ef77d23ee9340b379ca,0x0f8a51ebe6181317894fee2445b9ee879f41541327aadc9716339ddaa2011394,
theo_n,2,121,false,9,9,offchain,500,117,0.941800,88.351100,165.126900,166.068700,5.821000,true,3104,,0x2fe6349b77f8b704a4b6fda6a67fa440bb1a7ac8a5722ef77d23ee9340b379ca,0x3258a1b5cb69e9110e9233821657be6749c3bc471f62caa7965fd6bbe878a6b3,
theo_n,2,122,false,9,9,offchain,500,118,0.937800,88.351100,171.781300,172.719100,5.912100,true,3104,,0x2fe6349b77f8b704a4b6fda6a67fa440bb1a7ac8a5722ef77d23ee9340b379ca,0x0b4cf66301a979297eb4cef7143a3682226951e81dece88c104598edfa32bb85,
theo_n,2,123,false,9,9,offchain,500,119,1.042700,88.351100,167.784700,168.827400,6.022800,true,3104,,0x2fe6349b77f8b704a4b6fda6a67fa440bb1a7ac8a5722ef77d23ee9340b379ca,0x34a220c56a32ce4457faa733c28fe8ee0c8ba0a43da4c315660071848d20df18,
theo_n,2,124,false,9,9,offchain,500,120,1.032700,88.351100,177.594500,178.627200,6.017000,true,3104,,0x2fe6349b77f8b704a4b6fda6a67fa440bb1a7ac8a5722ef77d23ee9340b379ca,0x068aa72ec6c7edbcc433477b49b79c9fc5b18b94a01b5d659330c7a316f3de52,
theo_n,2,125,false,9,9,offchain,500,121,0.969800,88.351100,164.126100,165.095900,5.772600,true,3104,,0x2fe6349b77f8b704a4b6fda6a67fa440bb1a7ac8a5722ef77d23ee9340b379ca,0x05910f7ef3cccefaa26c691a704fc7c2a067f59954c37580e9918504530860f3,
theo_n,2,126,false,9,9,offchain,500,122,1.030200,88.351100,164.595400,165.625600,5.802900,true,3104,,0x2fe6349b77f8b704a4b6fda6a67fa440bb1a7ac8a5722ef77d23ee9340b379ca,0x2930049629a267aaa310ccce1d3a825b16928a8eae5424f1295da642ca91151e,
theo_n,2,127,false,9,9,offchain,500,123,0.975700,88.351100,164.089500,165.065200,5.882200,true,3104,,0x2fe6349b77f8b704a4b6fda6a67fa440bb1a7ac8a5722ef77d23ee9340b379ca,0x2867e36b12f207389b85f3a7f86ae38b2c25f5cef79359d3774eb971b87710ed,
theo_n,2,128,false,9,9,offchain,500,124,0.956100,88.351100,166.160400,167.116500,6.064900,true,3104,,0x2fe6349b77f8b704a4b6fda6a67fa440bb1a7ac8a5722ef77d23ee9340b379ca,0x21557e7edae2f2f3f591cd9dab903ca6c63f3d7fbfdf3770ed8988d5802bacc4,
theo_n,2,129,false,9,9,offchain,500,125,0.963700,88.351100,166.829900,167.793600,5.809300,true,3104,,0x2fe6349b77f8b704a4b6fda6a67fa440bb1a7ac8a5722ef77d23ee9340b379ca,0x0fde42439e029c080aebfe416b4f08e942d48d8f6d6a8d74d04bed8be3e1ed4b,
theo_n,2,130,false,9,9,offchain,500,126,0.965700,88.351100,164.514400,165.480100,5.874000,true,3104,,0x2fe6349b77f8b704a4b6fda6a67fa440bb1a7ac8a5722ef77d23ee9340b379ca,0x18c1b63ff8bbc1ea27b23ff824ecd084d481e647209ff99aa2ee13536afebf89,
theo_n,2,131,false,9,9,offchain,500,127,0.975000,88.351100,167.905800,168.880800,5.892600,true,3104,,0x2fe6349b77f8b704a4b6fda6a67fa440bb1a7ac8a5722ef77d23ee9340b379ca,0x1a79364a02b8abffda572de7da4499fa1cf6831620760579f9d0ec0961bba3a4,
theo_n,2,132,false,9,9,offchain,500,128,0.975600,88.351100,166.033100,167.008700,6.029200,true,3104,,0x2fe6349b77f8b704a4b6fda6a67fa440bb1a7ac8a5722ef77d23ee9340b379ca,0x0d1f3966fbb5632d1ddb8e1a83bed32d1e264a779841ee03a7ae4a67ea4aa1dc,
theo_n,2,133,false,9,9,offchain,500,129,1.057500,88.351100,169.109800,170.167300,5.571900,true,3104,,0x2fe6349b77f8b704a4b6fda6a67fa440bb1a7ac8a5722ef77d23ee9340b379ca,0x1516595735d5162e2a80b7eb0a22c57c57293051021f5154248f15e3e5191242,
theo_n,2,134,false,9,9,offchain,500,130,0.941600,88.351100,164.193000,165.134600,5.748500,true,3104,,0x2fe6349b77f8b704a4b6fda6a67fa440bb1a7ac8a5722ef77d23ee9340b379ca,0x2b218a7c4d1925e12f52195683b8baa6cfffe3df84bb3b7bbbc793689e7c83cf,
theo_n,2,135,false,9,9,offchain,500,131,0.938500,88.351100,167.317100,168.255600,6.484300,true,3104,,0x2fe6349b77f8b704a4b6fda6a67fa440bb1a7ac8a5722ef77d23ee9340b379ca,0x25aefaa0411f101d91baa21b0091f5694ab2599803c26962de027fc233035fe3,
theo_n,2,136,false,9,9,offchain,500,132,0.951900,88.351100,173.711400,174.663300,5.639200,true,3104,,0x2fe6349b77f8b704a4b6fda6a67fa440bb1a7ac8a5722ef77d23ee9340b379ca,0x17a70a53683d4b040c36c1fe255183f32f5dc797999a9319f4f4112c6a9a7c7e,
theo_n,2,137,false,9,9,offchain,500,133,0.925900,88.351100,169.032600,169.958500,5.926400,true,3104,,0x2fe6349b77f8b704a4b6fda6a67fa440bb1a7ac8a5722ef77d23ee9340b379ca,0x3399af32c63ecf5d04c6da4150a7cbff1075ef256625390233572dc8c51752ea,
theo_n,2,138,false,9,9,offchain,500,134,0.984400,88.351100,165.808000,166.792400,5.559000,true,3104,,0x2fe6349b77f8b704a4b6fda6a67fa440bb1a7ac8a5722ef77d23ee9340b379ca,0x2059c189bc871bf75ae46ccf0ba03b0242f2d9bf028cfd144bd09b783e6486a7,
theo_n,2,139,false,9,9,offchain,500,135,0.925600,88.351100,165.909400,166.835000,5.601500,true,3104,,0x2fe6349b77f8b704a4b6fda6a67fa440bb1a7ac8a5722ef77d23ee9340b379ca,0x01483b9f8413ba2c3770285aa5ca88003e247d038f65cf7c8e04329bd4ef9fb1,
theo_n,2,140,false,9,9,offchain,500,136,0.951900,88.351100,165.069400,166.021300,5.587200,true,3104,,0x2fe6349b77f8b704a4b6fda6a67fa440bb1a7ac8a5722ef77d23ee9340b379ca,0x3182b27c7f50b4f5591b48ea82a6812efc41aae5e762f089dcbfc44ffce137a0,
theo_n,2,141,false,9,9,offchain,500,137,0.983500,88.351100,166.617200,167.600700,5.914500,true,3104,,0x2fe6349b77f8b704a4b6fda6a67fa440bb1a7ac8a5722ef77d23ee9340b379ca,0x12b939036c5f5a6600e63b632922fc5585be477ef3b774b41eabcea9dde66bb9,
theo_n,2,142,false,9,9,offchain,500,138,1.050500,88.351100,168.009800,169.060300,5.717000,true,3104,,0x2fe6349b77f8b704a4b6fda6a67fa440bb1a7ac8a5722ef77d23ee9340b379ca,0x2c16b467a197afddb78e8a9e5831939c4dc8c1a85d9b04498c8dd859dc41ca60,
theo_n,2,143,false,9,9,offchain,500,139,0.922900,88.351100,166.254500,167.177400,5.791700,true,3104,,0x2fe6349b77f8b704a4b6fda6a67fa440bb1a7ac8a5722ef77d23ee9340b379ca,0x079b101af881ff3d804382dee9b96204698a0119a104b27bc0d7571326b7fde0,
theo_n,2,144,false,9,9,offchain,500,140,0.937900,88.351100,164.921100,165.859000,5.880800,true,3104,,0x2fe6349b77f8b704a4b6fda6a67fa440bb1a7ac8a5722ef77d23ee9340b379ca,0x19e60459517470537cdda65f9350fcb29de1d18f6de3ce2d26d063453f7a941c,
theo_n,2,145,false,9,9,offchain,500,141,0.916600,88.351100,166.012900,166.929500,5.836300,true,3104,,0x2fe6349b77f8b704a4b6fda6a67fa440bb1a7ac8a5722ef77d23ee9340b379ca,0x10eb3619499b37f4eeb5f8ce964a3da71095b68758dd7850248ab17def031631,
theo_n,2,146,false,9,9,offchain,500,142,0.974200,88.351100,167.262000,168.236200,5.795700,true,3104,,0x2fe6349b77f8b704a4b6fda6a67fa440bb1a7ac8a5722ef77d23ee9340b379ca,0x32f8601d3837a69cf0d53a7149a6ef9e290a6611a6328205091345073425a736,
theo_n,2,147,false,9,9,offchain,500,143,0.936100,88.351100,164.123400,165.059500,5.999700,true,3104,,0x2fe6349b77f8b704a4b6fda6a67fa440bb1a7ac8a5722ef77d23ee9340b379ca,0x398fc2634d5f6ca65eb333e515f35ee4c90fceb72ef92352576d5be9db50547a,
theo_n,2,148,false,9,9,offchain,500,144,1.021500,88.351100,163.721800,164.743300,5.685400,true,3104,,0x2fe6349b77f8b704a4b6fda6a67fa440bb1a7ac8a5722ef77d23ee9340b379ca,0x3e8ea1b06127b0023d665df6ed81fea19d43191da36ed477807d90072f8c1815,
theo_n,2,149,false,9,9,offchain,500,145,0.929900,88.351100,164.202700,165.132600,5.751300,true,3104,,0x2fe6349b77f8b704a4b6fda6a67fa440bb1a7ac8a5722ef77d23ee9340b379ca,0x2c50b4f04b0b926fe4c16e8f9aaa9aa8ad930e9a47866c1e50e4e68f58906bd8,
theo_n,2,150,false,9,9,offchain,500,146,0.947400,88.351100,166.250400,167.197800,6.728400,true,3104,,0x2fe6349b77f8b704a4b6fda6a67fa440bb1a7ac8a5722ef77d23ee9340b379ca,0x39a11cfc282eb588d3eb0fc40a8c7d8851fabcfad82e23c8b4cf395526b35b9d,
theo_n,2,151,false,9,9,offchain,500,147,0.924200,88.351100,164.032200,164.956400,6.123400,true,3104,,0x2fe6349b77f8b704a4b6fda6a67fa440bb1a7ac8a5722ef77d23ee9340b379ca,0x3775c61e39491aaa4e9ab624a54cd1dc6c02f169415dbcd7f46790d1a41d7959,
theo_n,2,152,false,9,9,offchain,500,148,0.930100,88.351100,164.995600,165.925700,5.623900,true,3104,,0x2fe6349b77f8b704a4b6fda6a67fa440bb1a7ac8a5722ef77d23ee9340b379ca,0x05f3478da4c9280431de1020e72a42e0a6930273bf7a93480c2dfbbbe6033d06,
theo_n,2,153,false,9,9,offchain,500,149,0.952400,88.351100,164.004100,164.956500,5.646800,true,3104,,0x2fe6349b77f8b704a4b6fda6a67fa440bb1a7ac8a5722ef77d23ee9340b379ca,0x030cce050af4b5d35d4022cbcb0373675ad6997be5109433676c856817260626,
theo_n,2,154,false,9,9,offchain,500,150,1.038500,88.351100,166.114700,167.153200,5.843600,true,3104,,0x2fe6349b77f8b704a4b6fda6a67fa440bb1a7ac8a5722ef77d23ee9340b379ca,0x111c7ea6a37c67383e91eaf03f5ab3472bcbc5bf9bbe05827503e4959341a4a1,
theo_n,2,155,false,9,9,offchain,500,151,0.934600,88.351100,163.893500,164.828100,6.138300,true,3104,,0x2fe6349b77f8b704a4b6fda6a67fa440bb1a7ac8a5722ef77d23ee9340b379ca,0x2bfee613bf81411c56d7ef0c003115e225069dab061b90e23a92b98c8ddb26f0,
theo_n,2,156,false,9,9,offchain,500,152,0.999800,88.351100,166.400100,167.399900,5.763200,true,3104,,0x2fe6349b77f8b704a4b6fda6a67fa440bb1a7ac8a5722ef77d23ee9340b379ca,0x383da1d3cf2b4eeffc1b06c810cfe86468f9bf5b7fe643f0b697fc5e1b8ab292,
theo_n,2,157,false,9,9,offchain,500,153,0.998200,88.351100,170.729900,171.728100,5.970000,true,3104,,0x2fe6349b77f8b704a4b6fda6a67fa440bb1a7ac8a5722ef77d23ee9340b379ca,0x3f2d01f65c8b8e3be93bcde41582075e16e5aeb952017f8f2da5e019d3e11bb3,
theo_n,2,158,false,9,9,offchain,500,154,0.967100,88.351100,194.077600,195.044700,5.785000,true,3104,,0x2fe6349b77f8b704a4b6fda6a67fa440bb1a7ac8a5722ef77d23ee9340b379ca,0x21380923866f671c7121d7026e7893bebc3ad0fd1eafa54a6c1ef9f7cf52785d,
theo_n,2,159,false,9,9,offchain,500,155,0.967200,88.351100,167.054400,168.021600,6.192600,true,3104,,0x2fe6349b77f8b704a4b6fda6a67fa440bb1a7ac8a5722ef77d23ee9340b379ca,0x34771d528051bff6572f82c1c48e74a8bba5258f56d6ff8bacddf42e45104d6a,
theo_n,2,160,false,9,9,offchain,500,156,0.993600,88.351100,167.884100,168.877700,5.908900,true,3104,,0x2fe6349b77f8b704a4b6fda6a67fa440bb1a7ac8a5722ef77d23ee9340b379ca,0x2100784b517b09d67e349bb488427c6b04de23e145a8194874ed65a9310e8861,
theo_n,2,161,false,9,9,offchain,500,157,0.961200,88.351100,165.807900,166.769100,5.608300,true,3104,,0x2fe6349b77f8b704a4b6fda6a67fa440bb1a7ac8a5722ef77d23ee9340b379ca,0x0285a09a47a8fa691ba13880fdc9852c771638cc32c694d8b098031a4eb27497,
theo_n,2,162,false,9,9,offchain,500,158,0.919300,88.351100,164.360300,165.279600,5.918700,true,3104,,0x2fe6349b77f8b704a4b6fda6a67fa440bb1a7ac8a5722ef77d23ee9340b379ca,0x1f6bee0fa69b1da9fd33c886502eb4f4125a1cb202a6c0edabcd48c39e3e5c00,
theo_n,2,163,false,9,9,offchain,500,159,0.952100,88.351100,169.202800,170.154900,5.752000,true,3104,,0x2fe6349b77f8b704a4b6fda6a67fa440bb1a7ac8a5722ef77d23ee9340b379ca,0x003bd1345f5975eabb5f63ea452e1b10998e7652b3623d6c6193d19e6398d8c6,
theo_n,2,164,false,9,9,offchain,500,160,0.996100,88.351100,165.495800,166.491900,5.906100,true,3104,,0x2fe6349b77f8b704a4b6fda6a67fa440bb1a7ac8a5722ef77d23ee9340b379ca,0x2921ba822ad6d8a81a6279252f1b385f548fe3027ab76082a833a84cfc2abe09,
theo_n,2,165,false,9,9,offchain,500,161,1.034200,88.351100,168.153900,169.188100,5.785800,true,3104,,0x2fe6349b77f8b704a4b6fda6a67fa440bb1a7ac8a5722ef77d23ee9340b379ca,0x29c4fa1e011e41b79a4af8eb2aa0d14b9a4beecaa1acfd3045ecc3ef3b06c2bd,
theo_n,2,166,false,9,9,offchain,500,162,0.954100,88.351100,167.273700,168.227800,5.818400,true,3104,,0x2fe6349b77f8b704a4b6fda6a67fa440bb1a7ac8a5722ef77d23ee9340b379ca,0x390b3baa40fc93b19b64ec900799079cc4c47fd9f7287fa8ebc0a95218b87163,
theo_n,2,167,false,9,9,offchain,500,163,1.071800,88.351100,167.455800,168.527600,5.888200,true,3104,,0x2fe6349b77f8b704a4b6fda6a67fa440bb1a7ac8a5722ef77d23ee9340b379ca,0x20865171893a06ff4935b221f4e2776f8cbd781eff8b1f83b803d8808c58ec6a,
theo_n,2,168,false,9,9,offchain,500,164,0.967900,88.351100,166.769100,167.737000,5.914600,true,3104,,0x2fe6349b77f8b704a4b6fda6a67fa440bb1a7ac8a5722ef77d23ee9340b379ca,0x29a76e3cc1f9dba9d4312df5f4a14fb4144d14d8831f4765b0bfe43a2e33262b,
theo_n,2,169,false,9,9,offchain,500,165,0.951000,88.351100,165.399600,166.350600,5.726700,true,3104,,0x2fe6349b77f8b704a4b6fda6a67fa440bb1a7ac8a5722ef77d23ee9340b379ca,0x3ef54336234b9d64663652777cdf64f3e2319565d9b5d8726d67f181df78046e,
theo_n,2,170,false,9,9,offchain,500,166,0.923900,88.351100,166.248800,167.172700,5.698800,true,3104,,0x2fe6349b77f8b704a4b6fda6a67fa440bb1a7ac8a5722ef77d23ee9340b379ca,0x33ec92559f58db46a2b4bc334db12e3522bc765c8b0977fcc99f3c725ba58f61,
theo_n,2,171,false,9,9,offchain,500,167,0.921800,88.351100,165.135200,166.057000,5.750300,true,3104,,0x2fe6349b77f8b704a4b6fda6a67fa440bb1a7ac8a5722ef77d23ee9340b379ca,0x1bbfa9f6bb6015919b05a65c69f9bb223d1743a2bd6956aadaaf608e0975c1a0,
theo_n,2,172,false,9,9,offchain,500,168,0.996400,88.351100,165.730700,166.727100,5.863400,true,3104,,0x2fe6349b77f8b704a4b6fda6a67fa440bb1a7ac8a5722ef77d23ee9340b379ca,0x3fcd47ce60762213f034ff04d8625884009e0ea9271e7aab6597ecedddd619bb,
theo_n,2,173,false,9,9,offchain,500,169,0.944300,88.351100,167.921000,168.865300,5.900100,true,3104,,0x2fe6349b77f8b704a4b6fda6a67fa440bb1a7ac8a5722ef77d23ee9340b379ca,0x2fcea9f4f817a98ab8811bf19be916be59700107f1afe7ba961d3dc7691231dc,
theo_n,2,174,false,9,9,offchain,500,170,0.964200,88.351100,164.410000,165.374200,5.840800,true,3104,,0x2fe6349b77f8b704a4b6fda6a67fa440bb1a7ac8a5722ef77d23ee9340b379ca,0x324edb1ce15cb89a0516107640a8a4c7c547b2dd3b7d396ca79e94647a282752,
theo_n,2,175,false,9,9,offchain,500,171,1.059300,88.351100,165.049900,166.109200,5.719100,true,3104,,0x2fe6349b77f8b704a4b6fda6a67fa440bb1a7ac8a5722ef77d23ee9340b379ca,0x38fd2d423d1cdbbe4af263c8937e5990af18153247e6e5c9a0d219e4a4c9d321,
theo_n,2,176,false,9,9,offchain,500,172,0.922700,88.351100,164.091200,165.013900,5.834200,true,3104,,0x2fe6349b77f8b704a4b6fda6a67fa440bb1a7ac8a5722ef77d23ee9340b379ca,0x30a365d6516963fdbd19185279f481dea56b074c1836598dfe107f23c503cf38,
theo_n,2,177,false,9,9,offchain,500,173,0.956300,88.351100,163.926500,164.882800,5.751900,true,3104,,0x2fe6349b77f8b704a4b6fda6a67fa440bb1a7ac8a5722ef77d23ee9340b379ca,0x272209cfb65cddd8022626235236e58546c3379a49e24568c83f302ea6d5ecb9,
theo_n,2,178,false,9,9,offchain,500,174,1.005300,88.351100,166.049500,167.054800,5.959000,true,3104,,0x2fe6349b77f8b704a4b6fda6a67fa440bb1a7ac8a5722ef77d23ee9340b379ca,0x2c84b8ba64a335b92e0bd7f5630eb3b6599e03482fc6624f3bea16212ef6a2ee,
theo_n,2,179,false,9,9,offchain,500,175,0.956600,88.351100,165.479100,166.435700,5.743600,true,3104,,0x2fe6349b77f8b704a4b6fda6a67fa440bb1a7ac8a5722ef77d23ee9340b379ca,0x038dc1414214f5a4d9df4e7a126bf51b554edd9c5b313b919455b9677c1446d4,
theo_n,2,180,false,9,9,offchain,500,176,1.047600,88.351100,167.737500,168.785100,5.801300,true,3104,,0x2fe6349b77f8b704a4b6fda6a67fa440bb1a7ac8a5722ef77d23ee9340b379ca,0x332415f37103751bfefaae181491f80c7b78afc00e928c0cf848720dcc56dd38,
theo_n,2,181,false,9,9,offchain,500,177,0.965600,88.351100,166.534900,167.500500,6.096400,true,3104,,0x2fe6349b77f8b704a4b6fda6a67fa440bb1a7ac8a5722ef77d23ee9340b379ca,0x033d05a8d4a07be1c8e737f9c51f388d72d0719385f2b7696c9d254481e41ddb,
theo_n,2,182,false,9,9,offchain,500,178,0.977100,88.351100,166.068500,167.045600,5.636700,true,3104,,0x2fe6349b77f8b704a4b6fda6a67fa440bb1a7ac8a5722ef77d23ee9340b379ca,0x197af70f9da7ce3f99f32d75e502198249641f5dbd2b5343d08fcb2dc41382e6,
theo_n,2,183,false,9,9,offchain,500,179,0.927100,88.351100,167.794500,168.721600,5.767100,true,3104,,0x2fe6349b77f8b704a4b6fda6a67fa440bb1a7ac8a5722ef77d23ee9340b379ca,0x15ad64e669ba0728c4958183a0b2aa4c4d8e48942cc7c71caebf4945d503f3c2,
theo_n,2,184,false,9,9,offchain,500,180,1.002400,88.351100,165.381300,166.383700,5.810400,true,3104,,0x2fe6349b77f8b704a4b6fda6a67fa440bb1a7ac8a5722ef77d23ee9340b379ca,0x142b57be2fea88cb35f3c7cd3935579d1db786cf39290c7d90e6febad20f5f58,
theo_n,2,185,false,9,9,offchain,500,181,0.964500,88.351100,165.559500,166.524000,5.542900,true,3104,,0x2fe6349b77f8b704a4b6fda6a67fa440bb1a7ac8a5722ef77d23ee9340b379ca,0x2f344243fd50926daf10c60277b47aa96ab3ae49bee2ace467cdd29ef5f09e13,
theo_n,2,186,false,9,9,offchain,500,182,0.950600,88.351100,163.495700,164.446300,5.714200,true,3104,,0x2fe6349b77f8b704a4b6fda6a67fa440bb1a7ac8a5722ef77d23ee9340b379ca,0x0f639c1300db549c48f1b27dafc8b040f3c1cfc9159e496d62be76a608e63acb,
theo_n,2,187,false,9,9,offchain,500,183,0.945500,88.351100,167.964600,168.910100,5.970400,true,3104,,0x2fe6349b77f8b704a4b6fda6a67fa440bb1a7ac8a5722ef77d23ee9340b379ca,0x1112001707407a3e97cda0c1696dcd2afeb1de6c0edc2614bb7e66b10a9811f9,
theo_n,2,188,false,9,9,offchain,500,184,0.955400,88.351100,164.046500,165.001900,5.776900,true,3104,,0x2fe6349b77f8b704a4b6fda6a67fa440bb1a7ac8a5722ef77d23ee9340b379ca,0x20b748016a081789c598c45980038297e9bf621eaab2a5ae4758dc9751b4fcb7,
theo_n,2,189,false,9,9,offchain,500,185,0.961800,88.351100,168.254200,169.216000,5.784300,true,3104,,0x2fe6349b77f8b704a4b6fda6a67fa440bb1a7ac8a5722ef77d23ee9340b379ca,0x3b0467a870288df6b3ee6ac1ac0a244eea16665024e22239ab2a56ba0b6c6c4f,
theo_n,2,190,false,9,9,offchain,500,186,0.959500,88.351100,166.833900,167.793400,5.907100,true,3104,,0x2fe6349b77f8b704a4b6fda6a67fa440bb1a7ac8a5722ef77d23ee9340b379ca,0x13d57e8cf606620453fc0dd19fe83051fda08037e0421d27a7db08ae4c65561d,
theo_n,2,191,false,9,9,offchain,500,187,1.006600,88.351100,166.153000,167.159600,5.690700,true,3104,,0x2fe6349b77f8b704a4b6fda6a67fa440bb1a7ac8a5722ef77d23ee9340b379ca,0x1130d93cb72e0a14d1a6c1f441514c412afdd724723affb16edb8359a53ae6bf,
theo_n,2,192,false,9,9,offchain,500,188,0.943100,88.351100,165.048100,165.991200,5.886900,true,3104,,0x2fe6349b77f8b704a4b6fda6a67fa440bb1a7ac8a5722ef77d23ee9340b379ca,0x21b3a9a5243fc7b838bf09e74ed1d83ca942fc6c57ceb042543f05a175f9557d,
theo_n,2,193,false,9,9,offchain,500,189,0.950000,88.351100,167.233400,168.183400,5.620600,true,3104,,0x2fe6349b77f8b704a4b6fda6a67fa440bb1a7ac8a5722ef77d23ee9340b379ca,0x283a2c1e7554ab9c143d5264b60b1000f0b15c454c13d211e1a5ee74cabffad6,
theo_n,2,194,false,9,9,offchain,500,190,0.923100,88.351100,163.547400,164.470500,5.936800,true,3104,,0x2fe6349b77f8b704a4b6fda6a67fa440bb1a7ac8a5722ef77d23ee9340b379ca,0x02ba6374c6c17cf95392731e7f87d92399dd5e0b23d1d9444bd12fb819da5711,
theo_n,2,195,false,9,9,offchain,500,191,0.965800,88.351100,167.019400,167.985200,5.776600,true,3104,,0x2fe6349b77f8b704a4b6fda6a67fa440bb1a7ac8a5722ef77d23ee9340b379ca,0x0b1650951bc1e1fce7fb91cc2c021c1b19e3314cb416922c6372325ef8376576,
theo_n,2,196,false,9,9,offchain,500,192,0.957800,88.351100,167.135800,168.093600,5.686500,true,3104,,0x2fe6349b77f8b704a4b6fda6a67fa440bb1a7ac8a5722ef77d23ee9340b379ca,0x2dd9ce672ac3eb17d6b5446e7e96708a8532b57a5981e26ade86270db1a6c039,
theo_n,2,197,false,9,9,offchain,500,193,0.927900,88.351100,165.624000,166.551900,5.557100,true,3104,,0x2fe6349b77f8b704a4b6fda6a67fa440bb1a7ac8a5722ef77d23ee9340b379ca,0x1f2068c52ddda17eec4abb5d2cf7343d1f13c6ed173c337b495ff8a281cf745c,
theo_n,2,198,false,9,9,offchain,500,194,0.940300,88.351100,166.446400,167.386700,5.808200,true,3104,,0x2fe6349b77f8b704a4b6fda6a67fa440bb1a7ac8a5722ef77d23ee9340b379ca,0x3d0b8feccd8e664dd8714b01524651cf9f56b0a504916d3c13a73b286c4db56a,
theo_n,2,199,false,9,9,offchain,500,195,0.934100,88.351100,192.828100,193.762200,7.514900,true,3104,,0x2fe6349b77f8b704a4b6fda6a67fa440bb1a7ac8a5722ef77d23ee9340b379ca,0x331ca259bce438b00c014e3f806f228048c9a13f37e48da0b0ef3bf757e67c6e,
theo_n,2,200,false,9,9,offchain,500,196,1.254400,88.351100,279.419100,280.673500,7.326300,true,3104,,0x2fe6349b77f8b704a4b6fda6a67fa440bb1a7ac8a5722ef77d23ee9340b379ca,0x0846074347fad563ae37b34419ca48d2834fb29a9f616efeedf63f972fdf03d4,
theo_n,2,201,false,9,9,offchain,500,197,1.102000,88.351100,216.148500,217.250500,6.833500,true,3104,,0x2fe6349b77f8b704a4b6fda6a67fa440bb1a7ac8a5722ef77d23ee9340b379ca,0x273296438d1fe77303776b743600c96390e0a2c3a430e9083e134caad3aa6fa3,
theo_n,2,202,false,9,9,offchain,500,198,1.050500,88.351100,204.951200,206.001700,6.447700,true,3104,,0x2fe6349b77f8b704a4b6fda6a67fa440bb1a7ac8a5722ef77d23ee9340b379ca,0x2abe995e621cbbcce94e5effcca70dcdb882e997843991c965267abd59c29cfa,
theo_n,2,203,false,9,9,offchain,500,199,1.111200,88.351100,308.667900,309.779100,6.361700,true,3104,,0x2fe6349b77f8b704a4b6fda6a67fa440bb1a7ac8a5722ef77d23ee9340b379ca,0x1fac4fcd1b8acc574b6798e75ab10b59df880c73bafff58347aa86bc0a51c43e,
theo_n,2,204,false,9,9,offchain,500,200,1.074400,88.351100,189.205500,190.279900,6.372300,true,3104,,0x2fe6349b77f8b704a4b6fda6a67fa440bb1a7ac8a5722ef77d23ee9340b379ca,0x1bc4d68efc00df7ee997830ff21f683f9546976b589eff36a51905b7fdfc58ca,
theo_n,2,205,false,9,9,offchain,500,201,1.054300,88.351100,175.003000,176.057300,6.039900,true,3104,,0x2fe6349b77f8b704a4b6fda6a67fa440bb1a7ac8a5722ef77d23ee9340b379ca,0x3f284c76415dc4eee75c087ae3413c0ca08ea6399a5edeb35a5f334f21a539fe,
theo_n,2,206,false,9,9,offchain,500,202,1.370700,88.351100,173.659400,175.030100,5.844100,true,3104,,0x2fe6349b77f8b704a4b6fda6a67fa440bb1a7ac8a5722ef77d23ee9340b379ca,0x24d1804c82c2912aaed224965411d6913e59524312d014390e98202a4aabc378,
theo_n,2,207,false,9,9,offchain,500,203,0.982100,88.351100,167.687800,168.669900,5.945200,true,3104,,0x2fe6349b77f8b704a4b6fda6a67fa440bb1a7ac8a5722ef77d23ee9340b379ca,0x16cb24082fddf3a5f8222e0920ab3cb438d771e34626f517d4cba488e3962386,
theo_n,2,208,false,9,9,offchain,500,204,0.957400,88.351100,164.225400,165.182800,5.863700,true,3104,,0x2fe6349b77f8b704a4b6fda6a67fa440bb1a7ac8a5722ef77d23ee9340b379ca,0x131ea3bfb78a1e6e6abab26bb71334dc6f0b601fa429fede863c93f9d818abb2,
theo_n,2,209,false,9,9,offchain,500,205,1.045400,88.351100,171.704800,172.750200,5.918400,true,3104,,0x2fe6349b77f8b704a4b6fda6a67fa440bb1a7ac8a5722ef77d23ee9340b379ca,0x09596a76ddd57e516f66c2f9a6fcd8ec82d281c7ccc99fe91ec26cc1dd157db3,
theo_n,2,210,false,9,9,offchain,500,206,0.984800,88.351100,168.852000,169.836800,5.771700,true,3104,,0x2fe6349b77f8b704a4b6fda6a67fa440bb1a7ac8a5722ef77d23ee9340b379ca,0x061604f7c3279342f527d4348f7ec1f2c05f8043dacd7f33ad21e53d4fc12390,
theo_n,2,211,false,9,9,offchain,500,207,1.021300,88.351100,163.601500,164.622800,5.607900,true,3104,,0x2fe6349b77f8b704a4b6fda6a67fa440bb1a7ac8a5722ef77d23ee9340b379ca,0x0cd912920c5f798209af86070eef0d6cd0b48c09440772bc28bc9f6717e7c15f,
theo_n,2,212,false,9,9,offchain,500,208,0.980500,88.351100,166.296200,167.276700,5.868100,true,3104,,0x2fe6349b77f8b704a4b6fda6a67fa440bb1a7ac8a5722ef77d23ee9340b379ca,0x30c8ef117e8748987515f4ca33bcbbae5e787d2a3a8978b39cf6574468b93c1d,
theo_n,2,213,false,9,9,offchain,500,209,0.965700,88.351100,165.991500,166.957200,5.770800,true,3104,,0x2fe6349b77f8b704a4b6fda6a67fa440bb1a7ac8a5722ef77d23ee9340b379ca,0x1048d4d217c0b8e44608afcb1ac08d5c4519d821235db477249f52c86c1dc4f4,
theo_n,2,214,false,9,9,offchain,500,210,0.947000,88.351100,182.757300,183.704300,6.296500,true,3104,,0x2fe6349b77f8b704a4b6fda6a67fa440bb1a7ac8a5722ef77d23ee9340b379ca,0x01064a3dd66fe61cea6fbc7fee4dd2e4bf4316a8fdfe2332c692bb40b5070076,
theo_n,2,215,false,9,9,offchain,500,211,1.034500,88.351100,166.276600,167.311100,5.874600,true,3104,,0x2fe6349b77f8b704a4b6fda6a67fa440bb1a7ac8a5722ef77d23ee9340b379ca,0x21ba8af501a4cbfd9a1f3ef54a78e633b70c33ba4585940387538c4f892cfb4e,
theo_n,2,216,false,9,9,offchain,500,212,1.045900,88.351100,166.671400,167.717300,5.917500,true,3104,,0x2fe6349b77f8b704a4b6fda6a67fa440bb1a7ac8a5722ef77d23ee9340b379ca,0x239fea907d60110ce7c16d7ff4b14c4a18324ffa6af0d06688050ca7878b6a52,
theo_n,2,217,false,9,9,offchain,500,213,1.045600,88.351100,166.534900,167.580500,6.002300,true,3104,,0x2fe6349b77f8b704a4b6fda6a67fa440bb1a7ac8a5722ef77d23ee9340b379ca,0x24e94cd78cc4213c982225bcb2991090eb45ac53bb3f3263531d349b13975122,
theo_n,2,218,false,9,9,offchain,500,214,1.026600,88.351100,182.580400,183.607000,6.360700,true,3104,,0x2fe6349b77f8b704a4b6fda6a67fa440bb1a7ac8a5722ef77d23ee9340b379ca,0x1f1a36958171b4ac69e853fa232864a4dfc364ad454b6c9e10ae0b744c1775d4,
theo_n,2,219,false,9,9,offchain,500,215,1.298300,88.351100,167.026500,168.324800,5.791800,true,3104,,0x2fe6349b77f8b704a4b6fda6a67fa440bb1a7ac8a5722ef77d23ee9340b379ca,0x224f7c77edb5dbfe132092e810ac26ad4e6c093e53995d08e51b3212bddf8b5a,
theo_n,2,220,false,9,9,offchain,500,216,0.966500,88.351100,166.358800,167.325300,5.664100,true,3104,,0x2fe6349b77f8b704a4b6fda6a67fa440bb1a7ac8a5722ef77d23ee9340b379ca,0x33c8f00b63241b99b8399696b5ac79215b8847d88b2836480c42c63c3b9338a6,
theo_n,2,221,false,9,9,offchain,500,217,0.954300,88.351100,169.382800,170.337100,5.648800,true,3104,,0x2fe6349b77f8b704a4b6fda6a67fa440bb1a7ac8a5722ef77d23ee9340b379ca,0x22ef695b16b79a12ad82ef7b1578ebaf5624f0cc596cb1376280302cda5e6a44,
theo_n,2,222,false,9,9,offchain,500,218,0.959800,88.351100,164.255300,165.215100,5.695500,true,3104,,0x2fe6349b77f8b704a4b6fda6a67fa440bb1a7ac8a5722ef77d23ee9340b379ca,0x271aa4fbf3693e5b18d829ee9c39cef6bc4da922a2168b6750324caad8d53f21,
theo_n,2,223,false,9,9,offchain,500,219,0.971200,88.351100,164.940300,165.911500,5.866600,true,3104,,0x2fe6349b77f8b704a4b6fda6a67fa440bb1a7ac8a5722ef77d23ee9340b379ca,0x10a4ec0e9594c3d6874d43781b150c230f2ef42aa203d6f5ab383cafb7195b60,
theo_n,2,224,false,9,9,offchain,500,220,0.916700,88.351100,166.446500,167.363200,5.988000,true,3104,,0x2fe6349b77f8b704a4b6fda6a67fa440bb1a7ac8a5722ef77d23ee9340b379ca,0x17249968cfb1672caa6753361693a65c8535d902c553ce902710ed8ff12c272b,
theo_n,2,225,false,9,9,offchain,500,221,0.965500,88.351100,166.087100,167.052600,5.840800,true,3104,,0x2fe6349b77f8b704a4b6fda6a67fa440bb1a7ac8a5722ef77d23ee9340b379ca,0x1b626f535514e4e5a7c4d23db21fd87178cf55d4ddef6c4d32ea7d8a374b9675,
theo_n,2,226,false,9,9,offchain,500,222,1.368400,88.351100,164.991600,166.360000,5.598200,true,3104,,0x2fe6349b77f8b704a4b6fda6a67fa440bb1a7ac8a5722ef77d23ee9340b379ca,0x10074f9eb31e9c6ecea33dd09b942747dde26ea5b43debd11bc3d66d758a78ba,
theo_n,2,227,false,9,9,offchain,500,223,1.010800,88.351100,164.592100,165.602900,5.672800,true,3104,,0x2fe6349b77f8b704a4b6fda6a67fa440bb1a7ac8a5722ef77d23ee9340b379ca,0x08112b8d354d9aaba93692b831a531e7cedd8b1d5a47837c1fedc6aa7f2cae8f,
theo_n,2,228,false,9,9,offchain,500,224,0.923700,88.351100,165.620400,166.544100,5.588300,true,3104,,0x2fe6349b77f8b704a4b6fda6a67fa440bb1a7ac8a5722ef77d23ee9340b379ca,0x04c3840cdc2e4aac80b4c247288eece9d5b17369096381a62cd10420152c2739,
theo_n,2,229,false,9,9,offchain,500,225,0.991600,88.351100,164.147300,165.138900,5.850400,true,3104,,0x2fe6349b77f8b704a4b6fda6a67fa440bb1a7ac8a5722ef77d23ee9340b379ca,0x1d4b623b24f055a834f78f3cf3144039c437442f579b3ebc63271326089f9186,
theo_n,2,230,false,9,9,offchain,500,226,1.028200,88.351100,187.057100,188.085300,5.908100,true,3104,,0x2fe6349b77f8b704a4b6fda6a67fa440bb1a7ac8a5722ef77d23ee9340b379ca,0x2035dedc2eb545642aed0f9606622c5f82294b4b6e544e06b55fd9e8134d213a,
theo_n,2,231,false,9,9,offchain,500,227,1.106300,88.351100,165.403100,166.509400,5.977300,true,3104,,0x2fe6349b77f8b704a4b6fda6a67fa440bb1a7ac8a5722ef77d23ee9340b379ca,0x233ff9f8b02ec4c97f0d1bc984633b2db25ab99a09a83e88f6af57228c0311a3,
theo_n,2,232,false,9,9,offchain,500,228,0.955700,88.351100,184.388400,185.344100,6.631400,true,3104,,0x2fe6349b77f8b704a4b6fda6a67fa440bb1a7ac8a5722ef77d23ee9340b379ca,0x3ce76251dd711f361f2658cafc9885d2de612f82c2243e29a406c3817fa99144,
theo_n,2,233,false,9,9,offchain,500,229,0.993000,88.351100,191.529900,192.522900,6.708700,true,3104,,0x2fe6349b77f8b704a4b6fda6a67fa440bb1a7ac8a5722ef77d23ee9340b379ca,0x01960faf9d44f7a05a9903be0817035bb839c655259186de39824a0205fbf963,
theo_n,2,234,false,9,9,offchain,500,230,0.972300,88.351100,201.086700,202.059000,5.949800,true,3104,,0x2fe6349b77f8b704a4b6fda6a67fa440bb1a7ac8a5722ef77d23ee9340b379ca,0x09bdcc85823e5cb6efe1689ca68d69f7f39a7b342925c6ef2010fb84dc0e5732,
theo_n,2,235,false,9,9,offchain,500,231,0.969800,88.351100,165.483100,166.452900,5.913000,true,3104,,0x2fe6349b77f8b704a4b6fda6a67fa440bb1a7ac8a5722ef77d23ee9340b379ca,0x1cd8f78f237edd4acf466189caacbd6b709dcba35f9e32703c9dde9aa127717c,
theo_n,2,236,false,9,9,offchain,500,232,0.959800,88.351100,172.235900,173.195700,5.900100,true,3104,,0x2fe6349b77f8b704a4b6fda6a67fa440bb1a7ac8a5722ef77d23ee9340b379ca,0x1c18dbcebe2485b6a83380729d5f98097e404059f6b7401f58ce6602117cc0aa,
theo_n,2,237,false,9,9,offchain,500,233,1.022800,88.351100,167.227800,168.250600,5.775800,true,3104,,0x2fe6349b77f8b704a4b6fda6a67fa440bb1a7ac8a5722ef77d23ee9340b379ca,0x29101a89ba44f904e04e8c5f859ff4577a45e0fb480e1f4fb84efb96f84ed6a6,
theo_n,2,238,false,9,9,offchain,500,234,0.928100,88.351100,167.554100,168.482200,5.806800,true,3104,,0x2fe6349b77f8b704a4b6fda6a67fa440bb1a7ac8a5722ef77d23ee9340b379ca,0x0d5ff26441a869edd16f94350c143401dc9839188f1a1cb63ed23c99584d6b0d,
theo_n,2,239,false,9,9,offchain,500,235,0.968700,88.351100,165.614200,166.582900,6.026900,true,3104,,0x2fe6349b77f8b704a4b6fda6a67fa440bb1a7ac8a5722ef77d23ee9340b379ca,0x3fd663fdd4796c0eeb3d2683abcf10e017b1983ed977371a64649c27e26ccdb9,
theo_n,2,240,false,9,9,offchain,500,236,0.992000,88.351100,166.894600,167.886600,5.767800,true,3104,,0x2fe6349b77f8b704a4b6fda6a67fa440bb1a7ac8a5722ef77d23ee9340b379ca,0x2a93c9f51214b5fcf5b02964ba34c8edd54e58bf4151b2599ffe6ece57b6d018,
theo_n,2,241,false,9,9,offchain,500,237,0.921200,88.351100,164.751700,165.672900,5.886100,true,3104,,0x2fe6349b77f8b704a4b6fda6a67fa440bb1a7ac8a5722ef77d23ee9340b379ca,0x13dde27c637f6854bd1c54e4176e97040d810a20d57b43bf9d70d8efc282772d,
theo_n,2,242,false,9,9,offchain,500,238,1.160400,88.351100,165.881100,167.041500,5.739000,true,3104,,0x2fe6349b77f8b704a4b6fda6a67fa440bb1a7ac8a5722ef77d23ee9340b379ca,0x135a4790752389135f911a23431ca22924c7e61a263b54ef292cd06734e0b3cc,
theo_n,2,243,false,9,9,offchain,500,239,0.922000,88.351100,162.451500,163.373500,5.616900,true,3104,,0x2fe6349b77f8b704a4b6fda6a67fa440bb1a7ac8a5722ef77d23ee9340b379ca,0x2050f24f5a3174b112b4d9b8c0cb7d635b007b190fc7128d075c0fc98fc3479a,
theo_n,2,244,false,9,9,offchain,500,240,0.955400,88.351100,164.255700,165.211100,5.624900,true,3104,,0x2fe6349b77f8b704a4b6fda6a67fa440bb1a7ac8a5722ef77d23ee9340b379ca,0x196828bf4d21e668dd09c7bfaf8edeaa2a2bb1af398e35710a9bb057ce7d5681,
theo_n,2,245,false,9,9,offchain,500,241,0.940000,88.351100,166.600900,167.540900,5.706500,true,3104,,0x2fe6349b77f8b704a4b6fda6a67fa440bb1a7ac8a5722ef77d23ee9340b379ca,0x1c10b340a544df81f3b05cefd95c7c798f3d3b4bfc8da9e365685a531f0c8b63,
theo_n,2,246,false,9,9,offchain,500,242,0.929900,88.351100,169.057100,169.987000,5.797800,true,3104,,0x2fe6349b77f8b704a4b6fda6a67fa440bb1a7ac8a5722ef77d23ee9340b379ca,0x1bff1965c200ea6f8b38aec6c6b925b4bfb622a3d2a195f279f0de996636dca4,
theo_n,2,247,false,9,9,offchain,500,243,1.051700,88.351100,163.945400,164.997100,5.809100,true,3104,,0x2fe6349b77f8b704a4b6fda6a67fa440bb1a7ac8a5722ef77d23ee9340b379ca,0x10debae9933f4c4fb21aecdc3fba6aaa30a7b4e0831e6f3967fcace92487f0e1,
theo_n,2,248,false,9,9,offchain,500,244,0.952400,88.351100,175.545700,176.498100,5.824700,true,3104,,0x2fe6349b77f8b704a4b6fda6a67fa440bb1a7ac8a5722ef77d23ee9340b379ca,0x2af5dff9b1175c3ae54eeed0b2ad06c1bfe7b4e45f17840e0a43099c8c03545d,
theo_n,2,249,false,9,9,offchain,500,245,0.954000,88.351100,165.852600,166.806600,6.107500,true,3104,,0x2fe6349b77f8b704a4b6fda6a67fa440bb1a7ac8a5722ef77d23ee9340b379ca,0x0daf01b2722a42cd348621bafad98aec02bc3e1fe6a0b1db2bd1ed7031f74d2e,
theo_n,2,250,false,9,9,offchain,500,246,1.091500,88.351100,163.454400,164.545900,5.660100,true,3104,,0x2fe6349b77f8b704a4b6fda6a67fa440bb1a7ac8a5722ef77d23ee9340b379ca,0x04b12b3f7d7b388ef7881281481d12de7f0dbc48bf6e17c93074dc50cb7fd9be,
theo_n,2,251,false,9,9,offchain,500,247,0.923300,88.351100,190.349300,191.272600,6.942400,true,3104,,0x2fe6349b77f8b704a4b6fda6a67fa440bb1a7ac8a5722ef77d23ee9340b379ca,0x2d7b6585793e0c361bb72f842ede062d5a87d30940f720f426c2fa757faf5b63,
theo_n,2,252,false,9,9,offchain,500,248,1.421500,88.351100,278.395200,279.816700,7.211900,true,3104,,0x2fe6349b77f8b704a4b6fda6a67fa440bb1a7ac8a5722ef77d23ee9340b379ca,0x1be9cacd9a4b9ba6df5a503dc09971d53f38a341768697792466962201878c83,
theo_n,2,253,false,9,9,offchain,500,249,1.536500,88.351100,332.857500,334.394000,13.564100,true,3104,,0x2fe6349b77f8b704a4b6fda6a67fa440bb1a7ac8a5722ef77d23ee9340b379ca,0x2b0854285925fa638f2cffdd4ab25c7b473c93261467a83e9fae0feda21cc6fb,
theo_n,2,254,false,9,9,offchain,500,250,1.536400,88.351100,391.053500,392.589900,6.583900,true,3104,,0x2fe6349b77f8b704a4b6fda6a67fa440bb1a7ac8a5722ef77d23ee9340b379ca,0x1d57d310321c49a17ab0081beb7b202ac05e6ec687754c6e2f432a1220113e1e,
theo_n,2,255,false,9,9,offchain,500,251,1.494500,88.351100,180.303000,181.797500,6.115700,true,3104,,0x2fe6349b77f8b704a4b6fda6a67fa440bb1a7ac8a5722ef77d23ee9340b379ca,0x0003040b0b0c590dce2f7ff9c7bd0e713f9d8b8c05da94cc7347613303651102,
theo_n,2,256,false,9,9,offchain,500,252,1.034700,88.351100,171.584200,172.618900,5.966800,true,3104,,0x2fe6349b77f8b704a4b6fda6a67fa440bb1a7ac8a5722ef77d23ee9340b379ca,0x21f766f2266ac60f05568f423178b36746f3c86bb0808fd706cc3984fe234dc2,
theo_n,2,257,false,9,9,offchain,500,253,0.959000,88.351100,168.700300,169.659300,5.803200,true,3104,,0x2fe6349b77f8b704a4b6fda6a67fa440bb1a7ac8a5722ef77d23ee9340b379ca,0x252da4d2a4b0372e71095387166f170384f70d4de57b5852378c638259d30aba,
theo_n,2,258,false,9,9,offchain,500,254,1.023600,88.351100,191.329200,192.352800,6.420200,true,3104,,0x2fe6349b77f8b704a4b6fda6a67fa440bb1a7ac8a5722ef77d23ee9340b379ca,0x27bb9c63654ccfde000b0c298d39903ed7f8ca14ad1a1a66197320ab1fa69e93,
theo_n,2,259,false,9,9,offchain,500,255,0.955200,88.351100,203.233600,204.188800,6.461500,true,3104,,0x2fe6349b77f8b704a4b6fda6a67fa440bb1a7ac8a5722ef77d23ee9340b379ca,0x19cb507afbc830f4079adeb937659190969ccebb8e9ec80d0f6f9c15abea6c96,
theo_n,2,260,false,9,9,offchain,500,256,1.032400,88.351100,198.422400,199.454800,6.409700,true,3104,,0x2fe6349b77f8b704a4b6fda6a67fa440bb1a7ac8a5722ef77d23ee9340b379ca,0x13af1a03f83f2b7047d438e28e321cabfe9b81d3b0f3e30bf6b68d60e61ccc66,
theo_n,2,261,false,9,9,offchain,500,257,1.076100,88.351100,188.624600,189.700700,5.938500,true,3104,,0x2fe6349b77f8b704a4b6fda6a67fa440bb1a7ac8a5722ef77d23ee9340b379ca,0x1f9d4cfbcd073ff55fd28f14fdc6b04580e8a7b5cc0c815ba75860a438367297,
theo_n,2,262,false,9,9,offchain,500,258,1.058900,88.351100,171.705600,172.764500,5.890600,true,3104,,0x2fe6349b77f8b704a4b6fda6a67fa440bb1a7ac8a5722ef77d23ee9340b379ca,0x16655f002f143b0ff157a38d7bfcf554efe1efa0f01bde17f81f1efd1dac5ae3,
theo_n,2,263,false,9,9,offchain,500,259,1.229100,88.351100,166.441100,167.670200,5.841400,true,3104,,0x2fe6349b77f8b704a4b6fda6a67fa440bb1a7ac8a5722ef77d23ee9340b379ca,0x32e2b5c6eb79d56f6db51b9753908017b27b45c78992dc10c03ec056cd45d1e2,
theo_n,2,264,false,9,9,offchain,500,260,0.962200,88.351100,169.552400,170.514600,6.257100,true,3104,,0x2fe6349b77f8b704a4b6fda6a67fa440bb1a7ac8a5722ef77d23ee9340b379ca,0x15acdef555d7be280128cdcd5173903bba3ea4a130d3ec6e586a9e2c925984fe,
theo_n,2,265,false,9,9,offchain,500,261,0.984700,88.351100,165.780100,166.764800,6.143000,true,3104,,0x2fe6349b77f8b704a4b6fda6a67fa440bb1a7ac8a5722ef77d23ee9340b379ca,0x206f9e957151141c6b08e67861412b9979a6cb5473d656d57c6a3f28dbd71edd,
theo_n,2,266,false,9,9,offchain,500,262,1.175200,88.351100,165.786000,166.961200,5.850600,true,3104,,0x2fe6349b77f8b704a4b6fda6a67fa440bb1a7ac8a5722ef77d23ee9340b379ca,0x1c0c03c3bb02085b517f2b0dd32060227e9a840d4113a6c0ed8e25ef6d037545,
theo_n,2,267,false,9,9,offchain,500,263,0.977700,88.351100,168.197100,169.174800,5.808700,true,3104,,0x2fe6349b77f8b704a4b6fda6a67fa440bb1a7ac8a5722ef77d23ee9340b379ca,0x2ec2fe58ea1c1da21799f323afc5604c7565f777d6920ad3b971d88781ea8688,
theo_n,2,268,false,9,9,offchain,500,264,0.928400,88.351100,165.088100,166.016500,5.813400,true,3104,,0x2fe6349b77f8b704a4b6fda6a67fa440bb1a7ac8a5722ef77d23ee9340b379ca,0x36871a7d5a642a72edb71998ebd57faab9df6f308647e14197d5d4ecc241279b,
theo_n,2,269,false,9,9,offchain,500,265,0.971400,88.351100,165.030800,166.002200,5.753900,true,3104,,0x2fe6349b77f8b704a4b6fda6a67fa440bb1a7ac8a5722ef77d23ee9340b379ca,0x14427ba209a096888541ceaa3ad3513d71c4d7c051585268c45c9226dfe0b256,
theo_n,2,270,false,9,9,offchain,500,266,1.007800,88.351100,165.436600,166.444400,5.690100,true,3104,,0x2fe6349b77f8b704a4b6fda6a67fa440bb1a7ac8a5722ef77d23ee9340b379ca,0x20d30c7b9347b468a850ccf3b369391ef9639cca1987c37584bd7d19ec6ede8c,
theo_n,2,271,false,9,9,offchain,500,267,0.959600,88.351100,166.119800,167.079400,5.555500,true,3104,,0x2fe6349b77f8b704a4b6fda6a67fa440bb1a7ac8a5722ef77d23ee9340b379ca,0x2d9ccd0c2ac36559606a0f205863e02c9c2b2d5f640eaab7c1c6a56b1a103553,
theo_n,2,272,false,9,9,offchain,500,268,1.010600,88.351100,165.459100,166.469700,5.848000,true,3104,,0x2fe6349b77f8b704a4b6fda6a67fa440bb1a7ac8a5722ef77d23ee9340b379ca,0x2b5161b66d16afe0c625e2606fef885e7c98f530e504c631fd79a05fadfe0c71,
theo_n,2,273,false,9,9,offchain,500,269,0.959700,88.351100,163.856500,164.816200,5.781400,true,3104,,0x2fe6349b77f8b704a4b6fda6a67fa440bb1a7ac8a5722ef77d23ee9340b379ca,0x3e21369041a04980f41e38d2ac90d7a9b944478af8be5a41c9c7afdf9469d697,
theo_n,2,274,false,9,9,offchain,500,270,0.926700,88.351100,170.017900,170.944600,5.800500,true,3104,,0x2fe6349b77f8b704a4b6fda6a67fa440bb1a7ac8a5722ef77d23ee9340b379ca,0x2de90771e0c245bdfa0b65bb6ee8361b444a0e72d505a6dccccd1649af6fd5c9,
theo_n,2,275,false,9,9,offchain,500,271,0.984500,88.351100,166.068500,167.053000,5.791300,true,3104,,0x2fe6349b77f8b704a4b6fda6a67fa440bb1a7ac8a5722ef77d23ee9340b379ca,0x3cc0b7377f2fd4ecc5b1dc872298412fde0d67a692b168402caf8860c8195079,
theo_n,2,276,false,9,9,offchain,500,272,0.971000,88.351100,165.165800,166.136800,5.757700,true,3104,,0x2fe6349b77f8b704a4b6fda6a67fa440bb1a7ac8a5722ef77d23ee9340b379ca,0x0fce8eb9bf34b6d3aa2cb311ca9f5c15dc716c28d4d9bb9555e44f0a08ecf8e1,
theo_n,2,277,false,9,9,offchain,500,273,0.928300,88.351100,163.466200,164.394500,5.621200,true,3104,,0x2fe6349b77f8b704a4b6fda6a67fa440bb1a7ac8a5722ef77d23ee9340b379ca,0x05833828f42204b99a454594b21513ff2183c6a99a2b3944e3440f299bb4f266,
theo_n,2,278,false,9,9,offchain,500,274,0.989400,88.351100,164.782800,165.772200,5.937800,true,3104,,0x2fe6349b77f8b704a4b6fda6a67fa440bb1a7ac8a5722ef77d23ee9340b379ca,0x214acd758d2cf355f7d8c5dec2d9e4e50194902c100b583c119a1c8bf2741569,
theo_n,2,279,false,9,9,offchain,500,275,0.966300,88.351100,165.674100,166.640400,5.987700,true,3104,,0x2fe6349b77f8b704a4b6fda6a67fa440bb1a7ac8a5722ef77d23ee9340b379ca,0x2ec1cd97c107f5e7d43f5824152c3b203d583b4c2f8fe719016cf766bdc951f6,
theo_n,2,280,false,9,9,offchain,500,276,0.967100,88.351100,171.108300,172.075400,5.626200,true,3104,,0x2fe6349b77f8b704a4b6fda6a67fa440bb1a7ac8a5722ef77d23ee9340b379ca,0x3db627a7bc1c038baa6bd3b87e0513ba54edd4efc8fce3b09e3faf1c88f5334b,
theo_n,2,281,false,9,9,offchain,500,277,0.970500,88.351100,164.201700,165.172200,5.833800,true,3104,,0x2fe6349b77f8b704a4b6fda6a67fa440bb1a7ac8a5722ef77d23ee9340b379ca,0x3856ddcb158b17f68b73df84a4a414a2bfb3f8ddfd31447ba5d526e199cd1aa1,
theo_n,2,282,false,9,9,offchain,500,278,0.931200,88.351100,170.207300,171.138500,6.696800,true,3104,,0x2fe6349b77f8b704a4b6fda6a67fa440bb1a7ac8a5722ef77d23ee9340b379ca,0x3c982d4cab23cc667f3153144ce83370da4c30519337576650456290fdef4cca,
theo_n,2,283,false,9,9,offchain,500,279,1.032200,88.351100,168.324800,169.357000,5.775400,true,3104,,0x2fe6349b77f8b704a4b6fda6a67fa440bb1a7ac8a5722ef77d23ee9340b379ca,0x3a7dd69177b1615e8955d757be7644bfc671b3e6c0de5476c889722eb94fccc5,
theo_n,2,284,false,9,9,offchain,500,280,0.973000,88.351100,167.611700,168.584700,5.841300,true,3104,,0x2fe6349b77f8b704a4b6fda6a67fa440bb1a7ac8a5722ef77d23ee9340b379ca,0x331d5755c5fdcedf8aa7d4dd13abebb69444e39cc8b7753bd20fbe209dc9bb9b,
theo_n,2,285,false,9,9,offchain,500,281,0.920200,88.351100,165.557100,166.477300,5.501700,true,3104,,0x2fe6349b77f8b704a4b6fda6a67fa440bb1a7ac8a5722ef77d23ee9340b379ca,0x12456bad5ea5ac8701e9f1e0202e980193aac418c73990454cf01f0c6011efaf,
theo_n,2,286,false,9,9,offchain,500,282,0.929600,88.351100,176.320300,177.249900,6.654700,true,3104,,0x2fe6349b77f8b704a4b6fda6a67fa440bb1a7ac8a5722ef77d23ee9340b379ca,0x2c5c303bcdfb63737d7b992cbfa56555f48a5d4cd771732f2cb35390b57dc9dc,
theo_n,2,287,false,9,9,offchain,500,283,1.056100,88.351100,208.688200,209.744300,6.743900,true,3104,,0x2fe6349b77f8b704a4b6fda6a67fa440bb1a7ac8a5722ef77d23ee9340b379ca,0x398093a3ec3cb269bfeb8423a41a3c8706c772840b6047cb9b4426afce8a9426,
theo_n,2,288,false,9,9,offchain,500,284,1.463500,88.351100,219.271900,220.735400,6.958200,true,3104,,0x2fe6349b77f8b704a4b6fda6a67fa440bb1a7ac8a5722ef77d23ee9340b379ca,0x3fde75cc892a5ba434cb91628f9126ab6df18b3ceb5d532a4efed441fd682489,
theo_n,2,289,false,9,9,offchain,500,285,1.541200,88.351100,211.793200,213.334400,6.175500,true,3104,,0x2fe6349b77f8b704a4b6fda6a67fa440bb1a7ac8a5722ef77d23ee9340b379ca,0x1b488a0fc1dcc2b8432e72712ec910c013c293088017ac695bbb56dc71189a82,
theo_n,2,290,false,9,9,offchain,500,286,1.429300,88.351100,230.645600,232.074900,7.314600,true,3104,,0x2fe6349b77f8b704a4b6fda6a67fa440bb1a7ac8a5722ef77d23ee9340b379ca,0x22fb4ba332ae52ec2d4024446d91d18f297796869446a3db080838619881e933,
theo_n,2,291,false,9,9,offchain,500,287,1.589700,88.351100,221.826600,223.416300,8.434000,true,3104,,0x2fe6349b77f8b704a4b6fda6a67fa440bb1a7ac8a5722ef77d23ee9340b379ca,0x21f0d10ccf00498500d95ad876335c49b23c2fc18275790ae389669c8544088c,
theo_n,2,292,false,9,9,offchain,500,288,1.400400,88.351100,217.171000,218.571400,9.004200,true,3104,,0x2fe6349b77f8b704a4b6fda6a67fa440bb1a7ac8a5722ef77d23ee9340b379ca,0x3ede0864c77dc19ead38c4624d41076c05baded30dec030b254489dacb314aa1,
theo_n,2,293,false,9,9,offchain,500,289,1.579400,88.351100,248.733200,250.312600,7.863100,true,3104,,0x2fe6349b77f8b704a4b6fda6a67fa440bb1a7ac8a5722ef77d23ee9340b379ca,0x340a1d29a4decfa8de11ff64dae19d713515a9e9fad0946857f86c5058a12be3,
theo_n,2,294,false,9,9,offchain,500,290,1.288300,88.351100,214.151500,215.439800,6.531100,true,3104,,0x2fe6349b77f8b704a4b6fda6a67fa440bb1a7ac8a5722ef77d23ee9340b379ca,0x17ebbf9bd7f1ef4bb43fc2aaf729e168d717fdaaed1618ea96a49e7a1ce8430b,
theo_n,2,295,false,9,9,offchain,500,291,1.075900,88.351100,208.347500,209.423400,7.071000,true,3104,,0x2fe6349b77f8b704a4b6fda6a67fa440bb1a7ac8a5722ef77d23ee9340b379ca,0x3f524ee21daedd4379074e5c4d675d34891cff3535cd53839e421dea2a3d6e85,
theo_n,2,296,false,9,9,offchain,500,292,1.036400,88.351100,205.374600,206.411000,6.874800,true,3104,,0x2fe6349b77f8b704a4b6fda6a67fa440bb1a7ac8a5722ef77d23ee9340b379ca,0x157335c3a9879e6b3c9e51fdc67047e050c7ab9ebcd8dcc49193385aae72d64e,
theo_n,2,297,false,9,9,offchain,500,293,1.100500,88.351100,195.373300,196.473800,6.383900,true,3104,,0x2fe6349b77f8b704a4b6fda6a67fa440bb1a7ac8a5722ef77d23ee9340b379ca,0x13337dcf205363234901124ae87850237fba5a2cf97131377e393825d1790380,
theo_n,2,298,false,9,9,offchain,500,294,1.013000,88.351100,186.312000,187.325000,6.345700,true,3104,,0x2fe6349b77f8b704a4b6fda6a67fa440bb1a7ac8a5722ef77d23ee9340b379ca,0x0dea04404a701c0cd65f783a999494ee6f3135a604dc6f671711d7d0df94b871,
theo_n,2,299,false,9,9,offchain,500,295,1.013200,88.351100,169.930500,170.943700,6.592600,true,3104,,0x2fe6349b77f8b704a4b6fda6a67fa440bb1a7ac8a5722ef77d23ee9340b379ca,0x30f7ab3f5f6388b7ba4206b7fb8ceb4b450b9b4310d098a84b43a4b149c2d722,
theo_n,2,300,false,9,9,offchain,500,296,0.968100,88.351100,196.040000,197.008100,6.104500,true,3104,,0x2fe6349b77f8b704a4b6fda6a67fa440bb1a7ac8a5722ef77d23ee9340b379ca,0x28a4af16d1084e7845235a5d5f63de2a12e7320ca6294a0942e081ff3bbacad9,
theo_n,2,301,false,9,9,offchain,500,297,1.345700,88.351100,192.632300,193.978000,6.527900,true,3104,,0x2fe6349b77f8b704a4b6fda6a67fa440bb1a7ac8a5722ef77d23ee9340b379ca,0x3669da98be6664f44c90fb9012c1831e02bf594cac32b81e0b35209a0f0bb5df,
theo_n,2,302,false,9,9,offchain,500,298,1.442500,88.351100,181.554400,182.996900,5.868500,true,3104,,0x2fe6349b77f8b704a4b6fda6a67fa440bb1a7ac8a5722ef77d23ee9340b379ca,0x207acd53d1b605cf54c1b07e87961e217936864c0f8d70631c7f4ccf00338787,
theo_n,2,303,false,9,9,offchain,500,299,1.053100,88.351100,166.516400,167.569500,5.779400,true,3104,,0x2fe6349b77f8b704a4b6fda6a67fa440bb1a7ac8a5722ef77d23ee9340b379ca,0x36a9d881956a99b6c4d00e5cc062e85f306b1a4a7190cef1a2ef0846b0d191fd,
theo_n,2,304,false,9,9,offchain,500,300,0.962100,88.351100,166.469900,167.432000,5.953500,true,3104,,0x2fe6349b77f8b704a4b6fda6a67fa440bb1a7ac8a5722ef77d23ee9340b379ca,0x3fae27074f78318b40a5df48f9a4168edf2929fc4ae11181ad1e34674ad615ae,
theo_n,2,305,false,9,9,offchain,500,301,0.975600,88.351100,191.846000,192.821600,6.864000,true,3104,,0x2fe6349b77f8b704a4b6fda6a67fa440bb1a7ac8a5722ef77d23ee9340b379ca,0x179ed4f1e47bb2d4c7e943d5fcb028702e81f974502e699c16aded2d973ce903,
theo_n,2,306,false,9,9,offchain,500,302,1.004800,88.351100,181.067800,182.072600,6.102500,true,3104,,0x2fe6349b77f8b704a4b6fda6a67fa440bb1a7ac8a5722ef77d23ee9340b379ca,0x257a10a072da953507bf7f7e39cf767facefa1ae5201db7269f3566da3a0db78,
theo_n,2,307,false,9,9,offchain,500,303,1.096300,88.351100,167.282000,168.378300,5.831400,true,3104,,0x2fe6349b77f8b704a4b6fda6a67fa440bb1a7ac8a5722ef77d23ee9340b379ca,0x051b473f56ec28fe51543496572291a9273d057b8792a3cda248a8e3e1e72c63,
theo_n,2,308,false,9,9,offchain,500,304,1.057400,88.351100,163.217500,164.274900,5.690600,true,3104,,0x2fe6349b77f8b704a4b6fda6a67fa440bb1a7ac8a5722ef77d23ee9340b379ca,0x33550cff5afe5a46c0fc9e6bbe27c1bd0d0eb09e731b2a2ad6ca242f176eee48,
theo_n,2,309,false,9,9,offchain,500,305,1.060700,88.351100,164.846600,165.907300,5.967100,true,3104,,0x2fe6349b77f8b704a4b6fda6a67fa440bb1a7ac8a5722ef77d23ee9340b379ca,0x347f82166c38900f4a468baac0278c52182223cea86af366433ee9931c3c839b,
theo_n,2,310,false,9,9,offchain,500,306,1.006500,88.351100,166.860200,167.866700,6.970200,true,3104,,0x2fe6349b77f8b704a4b6fda6a67fa440bb1a7ac8a5722ef77d23ee9340b379ca,0x1b7af93cf07c2cff41925485f3f11a822e3e54a05fc157c971dd2dd3caa252e0,
theo_n,2,311,false,9,9,offchain,500,307,1.033800,88.351100,182.856700,183.890500,5.819500,true,3104,,0x2fe6349b77f8b704a4b6fda6a67fa440bb1a7ac8a5722ef77d23ee9340b379ca,0x3a4fef6a829b927be652b82d2ebb3859337bbe7c5f35aa83eae3a43c465dc17c,
theo_n,2,312,false,9,9,offchain,500,308,0.993000,88.351100,165.382700,166.375700,5.887200,true,3104,,0x2fe6349b77f8b704a4b6fda6a67fa440bb1a7ac8a5722ef77d23ee9340b379ca,0x2a5170186b86aba23bc902c9f2fd58e05332b3d2e7d84c3f08a3582aae8e571b,
theo_n,2,313,false,9,9,offchain,500,309,0.922100,88.351100,167.901200,168.823300,5.894000,true,3104,,0x2fe6349b77f8b704a4b6fda6a67fa440bb1a7ac8a5722ef77d23ee9340b379ca,0x171632cbe67b8a7f89caa9d0599bb09d50ab35a070d6d2208aace0c5b826a236,
theo_n,2,314,false,9,9,offchain,500,310,0.994000,88.351100,164.207600,165.201600,5.925500,true,3104,,0x2fe6349b77f8b704a4b6fda6a67fa440bb1a7ac8a5722ef77d23ee9340b379ca,0x013788cf05df5b97a491378c5c86531a12ae3915164b08eb88b317230ac57204,
theo_n,2,315,false,9,9,offchain,500,311,0.935600,88.351100,166.266500,167.202100,5.715000,true,3104,,0x2fe6349b77f8b704a4b6fda6a67fa440bb1a7ac8a5722ef77d23ee9340b379ca,0x0bcdb5fbccd7e14d5e7a421b030cba7754ffa4b72bda954f22a43bde7125a8ee,
theo_n,2,316,false,9,9,offchain,500,312,1.013100,88.351100,169.805000,170.818100,6.997200,true,3104,,0x2fe6349b77f8b704a4b6fda6a67fa440bb1a7ac8a5722ef77d23ee9340b379ca,0x0b1a913db7e13ccb94206caa0a06615433f6757e7f11fd42df2b58de1f8462ad,
theo_n,2,317,false,9,9,offchain,500,313,1.271000,88.351100,167.612700,168.883700,6.327600,true,3104,,0x2fe6349b77f8b704a4b6fda6a67fa440bb1a7ac8a5722ef77d23ee9340b379ca,0x28183fc9feb87ed8bd0f5bef335a502896c57e0580fb209ae814b76f95db15e6,
theo_n,2,318,false,9,9,offchain,500,314,1.024900,88.351100,166.279300,167.304200,5.924000,true,3104,,0x2fe6349b77f8b704a4b6fda6a67fa440bb1a7ac8a5722ef77d23ee9340b379ca,0x39a87344e49adf7c12e72b95d5a757a75896a0eeba260715ac5b7df993b22ad3,
theo_n,2,319,false,9,9,offchain,500,315,0.934300,88.351100,166.860700,167.795000,5.776300,true,3104,,0x2fe6349b77f8b704a4b6fda6a67fa440bb1a7ac8a5722ef77d23ee9340b379ca,0x0eee191ed5a62b9de7667c1788c1bc2988886fbb14d26fda11e78abbfdfbd49c,
theo_n,2,320,false,9,9,offchain,500,316,0.914600,88.351100,165.197200,166.111800,5.846000,true,3104,,0x2fe6349b77f8b704a4b6fda6a67fa440bb1a7ac8a5722ef77d23ee9340b379ca,0x0ecd70e7cef9dba50bab70bf822dd8bea1c051e51d23c84becb490b7a952a76b,
theo_n,2,321,false,9,9,offchain,500,317,1.064200,88.351100,163.760700,164.824900,5.878100,true,3104,,0x2fe6349b77f8b704a4b6fda6a67fa440bb1a7ac8a5722ef77d23ee9340b379ca,0x3158f43ace72da14dd6b26300c09a7b969d8544e0792be0786c39c8b3ba9345f,
theo_n,2,322,false,9,9,offchain,500,318,0.926600,88.351100,167.038500,167.965100,5.853400,true,3104,,0x2fe6349b77f8b704a4b6fda6a67fa440bb1a7ac8a5722ef77d23ee9340b379ca,0x3713cd417ddd28e4f636acf46b0d2a2b069c5b5b9305797764c66795581075e8,
theo_n,2,323,false,9,9,offchain,500,319,0.977300,88.351100,164.911500,165.888800,5.815200,true,3104,,0x2fe6349b77f8b704a4b6fda6a67fa440bb1a7ac8a5722ef77d23ee9340b379ca,0x2164cbce29a7cf495a8b71b01864fe7a90bdfab983596dc3d0b434da5a980108,
theo_n,2,324,false,9,9,offchain,500,320,0.981300,88.351100,163.663700,164.645000,6.563500,true,3104,,0x2fe6349b77f8b704a4b6fda6a67fa440bb1a7ac8a5722ef77d23ee9340b379ca,0x20f2bd23c9ed0d7117d857701ebc07eadf7853be8ba31fa915c6839c5899e9ef,
theo_n,2,325,false,9,9,offchain,500,321,1.005400,88.351100,168.532200,169.537600,6.000600,true,3104,,0x2fe6349b77f8b704a4b6fda6a67fa440bb1a7ac8a5722ef77d23ee9340b379ca,0x3597e04abb934a138da489621b0f15765db7308d36fce7c46e2792e512645315,
theo_n,2,326,false,9,9,offchain,500,322,1.037900,88.351100,168.768000,169.805900,5.842200,true,3104,,0x2fe6349b77f8b704a4b6fda6a67fa440bb1a7ac8a5722ef77d23ee9340b379ca,0x3a701293f7c5a23f34bfce770d2803fb8f92196d1860967205c2c412a11f78d5,
theo_n,2,327,false,9,9,offchain,500,323,1.035900,88.351100,165.737900,166.773800,5.794700,true,3104,,0x2fe6349b77f8b704a4b6fda6a67fa440bb1a7ac8a5722ef77d23ee9340b379ca,0x11041ba6a9ec3b138050f1ab766baacb1c22c088e02f8582213671563dce0dab,
theo_n,2,328,false,9,9,offchain,500,324,0.967400,88.351100,168.183300,169.150700,5.660600,true,3104,,0x2fe6349b77f8b704a4b6fda6a67fa440bb1a7ac8a5722ef77d23ee9340b379ca,0x1eea43fd85f24d8eb08c09904728517c6f0c63eea53dcd8f2a7e37e6d0255896,
theo_n,2,329,false,9,9,offchain,500,325,0.938200,88.351100,166.119000,167.057200,5.935000,true,3104,,0x2fe6349b77f8b704a4b6fda6a67fa440bb1a7ac8a5722ef77d23ee9340b379ca,0x0e1f7beb5bc8c79b8ed2cd2df1f5a03110a0719a39ee4339cbec85c5940a74f9,
theo_n,2,330,false,9,9,offchain,500,326,0.969000,88.351100,166.598400,167.567400,5.845800,true,3104,,0x2fe6349b77f8b704a4b6fda6a67fa440bb1a7ac8a5722ef77d23ee9340b379ca,0x04e8ef58a3bd6c7f38cf6f14c65181eda94b34915bf24e27146c41fe0d6560be,
theo_n,2,331,false,9,9,offchain,500,327,0.988700,88.351100,166.976400,167.965100,5.738300,true,3104,,0x2fe6349b77f8b704a4b6fda6a67fa440bb1a7ac8a5722ef77d23ee9340b379ca,0x26246755fecd067b39a8e935e54a4e4412200f2976bf6f04b38655d28968c044,
theo_n,2,332,false,9,9,offchain,500,328,0.929500,88.351100,165.866800,166.796300,5.788500,true,3104,,0x2fe6349b77f8b704a4b6fda6a67fa440bb1a7ac8a5722ef77d23ee9340b379ca,0x2e5ed345613174629d8d0c1c7e6fca731d1f298a7b35eaa0c22874528ca44b14,
theo_n,2,333,false,9,9,offchain,500,329,0.972400,88.351100,175.190000,176.162400,5.851300,true,3104,,0x2fe6349b77f8b704a4b6fda6a67fa440bb1a7ac8a5722ef77d23ee9340b379ca,0x1ce4878c276eaac2c919e2a0f48adcdc76e6aedfa92a1b0f492bf12b2af33f60,
theo_n,2,334,false,9,9,offchain,500,330,0.978600,88.351100,167.372100,168.350700,5.789600,true,3104,,0x2fe6349b77f8b704a4b6fda6a67fa440bb1a7ac8a5722ef77d23ee9340b379ca,0x0feafc223ea42d9589ed7dc80fff327b46bd9cfb2b2ca8a0988bde5c8d9d863d,
theo_n,2,335,false,9,9,offchain,500,331,0.959900,88.351100,166.012800,166.972700,5.660000,true,3104,,0x2fe6349b77f8b704a4b6fda6a67fa440bb1a7ac8a5722ef77d23ee9340b379ca,0x0e475319efaeda817757ae6de3c7b4b115eb55403500b7dfca1bda72e222d8b1,
theo_n,2,336,false,9,9,offchain,500,332,0.932400,88.351100,162.893200,163.825600,5.970300,true,3104,,0x2fe6349b77f8b704a4b6fda6a67fa440bb1a7ac8a5722ef77d23ee9340b379ca,0x13dae4f73fb8ad970f7bb2776a879a7449d7fd3a88f49771e84d43ffc3255cc9,
theo_n,2,337,false,9,9,offchain,500,333,0.973800,88.351100,164.331500,165.305300,5.716400,true,3104,,0x2fe6349b77f8b704a4b6fda6a67fa440bb1a7ac8a5722ef77d23ee9340b379ca,0x2a9af6815b5db105ccef9d46a5e41c903a16795ed7579b131e2170167e9f93d3,
theo_n,2,338,false,9,9,offchain,500,334,0.940300,88.351100,163.676400,164.616700,5.780700,true,3104,,0x2fe6349b77f8b704a4b6fda6a67fa440bb1a7ac8a5722ef77d23ee9340b379ca,0x11bbbf1caa40d9afa60d20142dc7b40ae4c47413b10780dc49a3656b0cad8f9a,
theo_n,2,339,false,9,9,offchain,500,335,0.928000,88.351100,163.798100,164.726100,5.683800,true,3104,,0x2fe6349b77f8b704a4b6fda6a67fa440bb1a7ac8a5722ef77d23ee9340b379ca,0x19ecbcd0233d6c5d3f9baf4d27ed7e9e0c3848253d725b375bb60867e649f3d9,
theo_n,2,340,false,9,9,offchain,500,336,0.926300,88.351100,164.666700,165.593000,5.846300,true,3104,,0x2fe6349b77f8b704a4b6fda6a67fa440bb1a7ac8a5722ef77d23ee9340b379ca,0x3dcc71fab3c774dfa96e1df6ffdace3f3b2073e9ed443e576727638e8f28f713,
theo_n,2,341,false,9,9,offchain,500,337,1.042800,88.351100,177.492700,178.535500,5.813800,true,3104,,0x2fe6349b77f8b704a4b6fda6a67fa440bb1a7ac8a5722ef77d23ee9340b379ca,0x2b1048ca7c72ab76435f1c2f09d95a106d813e5e0dd341a4497247c766f58067,
theo_n,2,342,false,9,9,offchain,500,338,0.970600,88.351100,167.613700,168.584300,5.892400,true,3104,,0x2fe6349b77f8b704a4b6fda6a67fa440bb1a7ac8a5722ef77d23ee9340b379ca,0x1f859c226fa916bad9c684a17fde078129fa30ceca3b0f6b8cff1e0192022653,
theo_n,2,343,false,9,9,offchain,500,339,0.962600,88.351100,167.544500,168.507100,5.766300,true,3104,,0x2fe6349b77f8b704a4b6fda6a67fa440bb1a7ac8a5722ef77d23ee9340b379ca,0x11d2cacbaeaae9e3e739ff084d60cc7a2b2a51a16f95e1fc934bc24a8b9ac4bd,
theo_n,2,344,false,9,9,offchain,500,340,1.033100,88.351100,196.758600,197.791700,6.796100,true,3104,,0x2fe6349b77f8b704a4b6fda6a67fa440bb1a7ac8a5722ef77d23ee9340b379ca,0x20a6237640b652c2ec5a6b3cde15c5cc3e91bb391eb0f6f9ae9c8ef77ce520d9,
theo_n,2,345,false,9,9,offchain,500,341,1.127200,88.351100,185.303400,186.430600,6.450600,true,3104,,0x2fe6349b77f8b704a4b6fda6a67fa440bb1a7ac8a5722ef77d23ee9340b379ca,0x23267799196fe59cf8521dba9ac922378800fcfad499bd64f6b09b35a533382c,
theo_n,2,346,false,9,9,offchain,500,342,1.057300,88.351100,177.860100,178.917400,5.905700,true,3104,,0x2fe6349b77f8b704a4b6fda6a67fa440bb1a7ac8a5722ef77d23ee9340b379ca,0x008c87b89c78cc57932522061498ea65abd02940d360b323de35bd5cd452bf2f,
theo_n,2,347,false,9,9,offchain,500,343,1.089600,88.351100,163.953000,165.042600,5.717900,true,3104,,0x2fe6349b77f8b704a4b6fda6a67fa440bb1a7ac8a5722ef77d23ee9340b379ca,0x33e842b06e948f99c3241747cdf4ed2d211f74f0deb364d517de542f9cfdea76,
theo_n,2,348,false,9,9,offchain,500,344,0.924300,88.351100,163.658900,164.583200,5.843700,true,3104,,0x2fe6349b77f8b704a4b6fda6a67fa440bb1a7ac8a5722ef77d23ee9340b379ca,0x05e5e60147e8d2e2c9a4b1ad50a0a96d938eecbe964e4fce44f2596131450a22,
theo_n,2,349,false,9,9,offchain,500,345,0.958800,88.351100,165.384400,166.343200,5.831300,true,3104,,0x2fe6349b77f8b704a4b6fda6a67fa440bb1a7ac8a5722ef77d23ee9340b379ca,0x011b716aeeb26286a543b77a9234d4fba9f30010faf2942d8545354ff3282c36,
theo_n,2,350,false,9,9,offchain,500,346,0.916400,88.351100,172.862700,173.779100,6.171000,true,3104,,0x2fe6349b77f8b704a4b6fda6a67fa440bb1a7ac8a5722ef77d23ee9340b379ca,0x24c1cc499b4c66d2811e8bf3f46762c620849bddcbb107395dbc006881ff2e93,
theo_n,2,351,false,9,9,offchain,500,347,1.003600,88.351100,175.582000,176.585600,5.942100,true,3104,,0x2fe6349b77f8b704a4b6fda6a67fa440bb1a7ac8a5722ef77d23ee9340b379ca,0x2a82e7c0a7493283de9d7235505483fb52f564e7c17b0f6c68e1628888a98aae,
theo_n,2,352,false,9,9,offchain,500,348,0.951900,88.351100,169.031700,169.983600,5.873300,true,3104,,0x2fe6349b77f8b704a4b6fda6a67fa440bb1a7ac8a5722ef77d23ee9340b379ca,0x13bbf2f0951ef946b35efc83f75af9cb87cd8ca84cf7a8d02d2fcbedd30a2b06,
theo_n,2,353,false,9,9,offchain,500,349,0.948500,88.351100,160.737200,161.685700,5.917900,true,3104,,0x2fe6349b77f8b704a4b6fda6a67fa440bb1a7ac8a5722ef77d23ee9340b379ca,0x026ddb8d253c842fd31bafe8d44d63f0e7222dfb62bff3244a09138f2cb1262e,
theo_n,2,354,false,9,9,offchain,500,350,1.024800,88.351100,163.144100,164.168900,5.852200,true,3104,,0x2fe6349b77f8b704a4b6fda6a67fa440bb1a7ac8a5722ef77d23ee9340b379ca,0x13c6f51707e7ab8a10b57d92407e719a900fb331cb123f39e39dd00c59bf206e,
theo_n,2,355,false,9,9,offchain,500,351,1.016100,88.351100,161.353800,162.369900,5.649900,true,3104,,0x2fe6349b77f8b704a4b6fda6a67fa440bb1a7ac8a5722ef77d23ee9340b379ca,0x326793c06bcbf56be496c63804b6ce49d4f524894d05524920463eb1f405219b,
theo_n,2,356,false,9,9,offchain,500,352,0.950500,88.351100,160.933200,161.883700,5.722500,true,3104,,0x2fe6349b77f8b704a4b6fda6a67fa440bb1a7ac8a5722ef77d23ee9340b379ca,0x2a785a4ab903731680b64b192038c7225ff9481122529ba90a243d5243421419,
theo_n,2,357,false,9,9,offchain,500,353,0.924500,88.351100,161.071900,161.996400,5.612800,true,3104,,0x2fe6349b77f8b704a4b6fda6a67fa440bb1a7ac8a5722ef77d23ee9340b379ca,0x1ac34198255b23ce92d3efcd9ed10a68aca01cc91af53b232c243f2077e9d8ca,
theo_n,2,358,false,9,9,offchain,500,354,0.942100,88.351100,160.720200,161.662300,6.656200,true,3104,,0x2fe6349b77f8b704a4b6fda6a67fa440bb1a7ac8a5722ef77d23ee9340b379ca,0x0ece68e28fa66c858202ec7e2b0122b790d3c8a6e32164de2ccff3f2f8f9c1cd,
theo_n,2,359,false,9,9,offchain,500,355,1.007200,88.351100,160.811700,161.818900,5.504700,true,3104,,0x2fe6349b77f8b704a4b6fda6a67fa440bb1a7ac8a5722ef77d23ee9340b379ca,0x3fb5b4605b8c379a43823d36cad4659531e671fb44eaac20784a6e297b6b185a,
theo_n,2,360,false,9,9,offchain,500,356,0.912400,88.351100,160.314900,161.227300,5.789500,true,3104,,0x2fe6349b77f8b704a4b6fda6a67fa440bb1a7ac8a5722ef77d23ee9340b379ca,0x21569add1ae527eac5dee3180e1fbbbdab52d47bbd92292baf1ce1266d839fe2,
theo_n,2,361,false,9,9,offchain,500,357,0.958100,88.351100,162.531200,163.489300,5.717300,true,3104,,0x2fe6349b77f8b704a4b6fda6a67fa440bb1a7ac8a5722ef77d23ee9340b379ca,0x2190cb22b8717fc0037afcaec5b056909afa93753955b5637fe50ac35f7688cf,
theo_n,2,362,false,9,9,offchain,500,358,0.943400,88.351100,163.759900,164.703300,6.233800,true,3104,,0x2fe6349b77f8b704a4b6fda6a67fa440bb1a7ac8a5722ef77d23ee9340b379ca,0x129736d53a640c95ca9cec89e0d9f9ec7b3e3aa8c73427ed8d11c6285b19ab42,
theo_n,2,363,false,9,9,offchain,500,359,0.943900,88.351100,161.820700,162.764600,5.711000,true,3104,,0x2fe6349b77f8b704a4b6fda6a67fa440bb1a7ac8a5722ef77d23ee9340b379ca,0x1578dced60b0bd291ce8f05f8191d20f4249f1357f2cd2e902c02b9b479e33ee,
theo_n,2,364,false,9,9,offchain,500,360,0.929400,88.351100,172.762500,173.691900,6.516000,true,3104,,0x2fe6349b77f8b704a4b6fda6a67fa440bb1a7ac8a5722ef77d23ee9340b379ca,0x233878d89fbc8ae41d1378e8c1a297efaba276372c6530c711c097556b0d6ede,
theo_n,2,365,false,9,9,offchain,500,361,0.969600,88.351100,166.036200,167.005800,5.855600,true,3104,,0x2fe6349b77f8b704a4b6fda6a67fa440bb1a7ac8a5722ef77d23ee9340b379ca,0x3a089bd539d33fe66e3e981b9b4c43c00a1380eb25eb1e6c38799369b9ea8b65,
theo_n,2,366,false,9,9,offchain,500,362,0.966900,88.351100,168.846400,169.813300,5.635700,true,3104,,0x2fe6349b77f8b704a4b6fda6a67fa440bb1a7ac8a5722ef77d23ee9340b379ca,0x02e9489b7e19c32707c75e2fb97be6d79420a4a232fbd440ac12beaecc6eacd4,
theo_n,2,367,false,9,9,offchain,500,363,0.989400,88.351100,165.724800,166.714200,6.023700,true,3104,,0x2fe6349b77f8b704a4b6fda6a67fa440bb1a7ac8a5722ef77d23ee9340b379ca,0x1129b0c78fd745eae82f15d7cf92a7a6a845343bd62256749101cf2f1a2e4c4d,
theo_n,2,368,false,9,9,offchain,500,364,0.966700,88.351100,169.286400,170.253100,5.784400,true,3104,,0x2fe6349b77f8b704a4b6fda6a67fa440bb1a7ac8a5722ef77d23ee9340b379ca,0x3da8527b99c305c392fbfd5b3a4a991d111f71e0c8a78d67507376d1e94f3965,
theo_n,2,369,false,9,9,offchain,500,365,1.038900,88.351100,166.185700,167.224600,5.991500,true,3104,,0x2fe6349b77f8b704a4b6fda6a67fa440bb1a7ac8a5722ef77d23ee9340b379ca,0x042d5a1e48d2bf3bd28eb0fc24f1bfc8e189623ee458395c929d2429dae4442f,
theo_n,2,370,false,9,9,offchain,500,366,0.927200,88.351100,166.715900,167.643100,5.859500,true,3104,,0x2fe6349b77f8b704a4b6fda6a67fa440bb1a7ac8a5722ef77d23ee9340b379ca,0x374f33159c146e929ca5e328eab53d92a8e8884fa2f86cd62d37567a33e1a097,
theo_n,2,371,false,9,9,offchain,500,367,0.972500,88.351100,172.189500,173.162000,6.003400,true,3104,,0x2fe6349b77f8b704a4b6fda6a67fa440bb1a7ac8a5722ef77d23ee9340b379ca,0x075352174bb597312f9de58525b513aa9c1a0fb332e10136431936e4861f718b,
theo_n,2,372,false,9,9,offchain,500,368,1.343900,88.351100,167.504500,168.848400,5.789100,true,3104,,0x2fe6349b77f8b704a4b6fda6a67fa440bb1a7ac8a5722ef77d23ee9340b379ca,0x3a17f2cc008f2c1cec3fd09e6c832a4e68e4fc160f8159930d5f1ece679a441c,
theo_n,2,373,false,9,9,offchain,500,369,0.972400,88.351100,164.176900,165.149300,5.823600,true,3104,,0x2fe6349b77f8b704a4b6fda6a67fa440bb1a7ac8a5722ef77d23ee9340b379ca,0x37b4cccdf08f4492d349745827729d64bbbbecb9811fb5defc9442e3717bf1cb,
theo_n,2,374,false,9,9,offchain,500,370,1.034800,88.351100,168.660100,169.694900,5.972200,true,3104,,0x2fe6349b77f8b704a4b6fda6a67fa440bb1a7ac8a5722ef77d23ee9340b379ca,0x035ef62a1666ae0b02052216bacd31c279328d9a072d3a0fc1a2a0662738f740,
theo_n,2,375,false,9,9,offchain,500,371,0.974900,88.351100,165.639900,166.614800,5.586100,true,3104,,0x2fe6349b77f8b704a4b6fda6a67fa440bb1a7ac8a5722ef77d23ee9340b379ca,0x10ba46cae20a9c421f1f0690b1e02a94a2c83bc5f14cadb487e8d219812a623a,
theo_n,2,376,false,9,9,offchain,500,372,1.026600,88.351100,169.725100,170.751700,5.858300,true,3104,,0x2fe6349b77f8b704a4b6fda6a67fa440bb1a7ac8a5722ef77d23ee9340b379ca,0x0b268baed98346a87778c554922b4611b5b073c2c8db0ad259fbc7a8b742d395,
theo_n,2,377,false,9,9,offchain,500,373,0.982400,88.351100,166.742500,167.724900,5.869400,true,3104,,0x2fe6349b77f8b704a4b6fda6a67fa440bb1a7ac8a5722ef77d23ee9340b379ca,0x11f002b23237094e2e05eef8d181e739a6b0523b73ab31081561e59b11fe10d0,
theo_n,2,378,false,9,9,offchain,500,374,1.067900,88.351100,164.395600,165.463500,5.872600,true,3104,,0x2fe6349b77f8b704a4b6fda6a67fa440bb1a7ac8a5722ef77d23ee9340b379ca,0x3738afc4528020bc3732e8d1a66ee12ac4fe368b12952cea53eee21e014c58f6,
theo_n,2,379,false,9,9,offchain,500,375,0.968600,88.351100,165.458800,166.427400,5.911400,true,3104,,0x2fe6349b77f8b704a4b6fda6a67fa440bb1a7ac8a5722ef77d23ee9340b379ca,0x0b12c1a884e88866e4cbc3a87953722b865c93e70b62920cad0fa4f182984fe7,
theo_n,2,380,false,9,9,offchain,500,376,1.333800,88.351100,170.139300,171.473100,5.891700,true,3104,,0x2fe6349b77f8b704a4b6fda6a67fa440bb1a7ac8a5722ef77d23ee9340b379ca,0x2de70f6291ae06b5a1c5819bf3fa7e836e6d130dc5cfeb3fde08d0dad953be0d,
theo_n,2,381,false,9,9,offchain,500,377,1.024800,88.351100,166.492000,167.516800,5.842400,true,3104,,0x2fe6349b77f8b704a4b6fda6a67fa440bb1a7ac8a5722ef77d23ee9340b379ca,0x2340d67cb0b0ee0ac46f075b0f811c160bc5b5505b9520e13e19d10c4f190b2e,
theo_n,2,382,false,9,9,offchain,500,378,0.973100,88.351100,166.480900,167.454000,5.852800,true,3104,,0x2fe6349b77f8b704a4b6fda6a67fa440bb1a7ac8a5722ef77d23ee9340b379ca,0x0529dafcf5a6f2872f62d09a548256ea171d3de17be784115826d5e20ab80de2,
theo_n,2,383,false,9,9,offchain,500,379,0.991900,88.351100,162.796300,163.788200,5.878100,true,3104,,0x2fe6349b77f8b704a4b6fda6a67fa440bb1a7ac8a5722ef77d23ee9340b379ca,0x3e1c806ad5148452804b6382cbf1920552432565d63a6ed0f9656008d14be5ab,
theo_n,2,384,false,9,9,offchain,500,380,1.024400,88.351100,165.366900,166.391300,5.833300,true,3104,,0x2fe6349b77f8b704a4b6fda6a67fa440bb1a7ac8a5722ef77d23ee9340b379ca,0x28f408e14b0a24ff7fd5c4e448cf69da0c0ea5c9015e52e92625706da6cbb5de,
theo_n,2,385,false,9,9,offchain,500,381,1.056300,88.351100,167.405200,168.461500,5.769100,true,3104,,0x2fe6349b77f8b704a4b6fda6a67fa440bb1a7ac8a5722ef77d23ee9340b379ca,0x37002acc711b23105cea799b1f74dd32db4c6b3c2f1a239f202b40ebba1c7a1a,
theo_n,2,386,false,9,9,offchain,500,382,0.971000,88.351100,163.884000,164.855000,5.905500,true,3104,,0x2fe6349b77f8b704a4b6fda6a67fa440bb1a7ac8a5722ef77d23ee9340b379ca,0x0ad3f8032521ba04ffcd84af6bbb0f2f23c4cf6ed3ae1aa844fb2d2eed83761a,
theo_n,2,387,false,9,9,offchain,500,383,1.192600,88.351100,166.073800,167.266400,5.905200,true,3104,,0x2fe6349b77f8b704a4b6fda6a67fa440bb1a7ac8a5722ef77d23ee9340b379ca,0x1a8fae573317e02deebf6e3f3cf71f48cd6a883242b271017f8653b41eea5609,
theo_n,2,388,false,9,9,offchain,500,384,0.969300,88.351100,169.259400,170.228700,5.793100,true,3104,,0x2fe6349b77f8b704a4b6fda6a67fa440bb1a7ac8a5722ef77d23ee9340b379ca,0x17efbd9b6c261dba41228775e46535f336fcb9e9e5c3586cbcb3e40bbe3703c7,
theo_n,2,389,false,9,9,offchain,500,385,1.055400,88.351100,171.411800,172.467200,6.222900,true,3104,,0x2fe6349b77f8b704a4b6fda6a67fa440bb1a7ac8a5722ef77d23ee9340b379ca,0x0007f8c57a174dea30f97f2bd65a127798c24a0e119e8f10774b22887554208f,
theo_n,2,390,false,9,9,offchain,500,386,1.012600,88.351100,167.754100,168.766700,5.900000,true,3104,,0x2fe6349b77f8b704a4b6fda6a67fa440bb1a7ac8a5722ef77d23ee9340b379ca,0x0ebe5e703e22a677886e132cbcbcbae892c71a7e546c89607bc3143fb1a9fe65,
theo_n,2,391,false,9,9,offchain,500,387,1.034200,88.351100,168.644900,169.679100,5.846800,true,3104,,0x2fe6349b77f8b704a4b6fda6a67fa440bb1a7ac8a5722ef77d23ee9340b379ca,0x09c70756981fddd8607cfc8f849599f7371618dcc04162976b79f47ce6ba3757,
theo_n,2,392,false,9,9,offchain,500,388,1.018400,88.351100,166.697700,167.716100,5.859200,true,3104,,0x2fe6349b77f8b704a4b6fda6a67fa440bb1a7ac8a5722ef77d23ee9340b379ca,0x155869798febc9ecb2551cad19e79dc00b155bfa29559fe1261ef2f487ddf703,
theo_n,2,393,false,9,9,offchain,500,389,0.927100,88.351100,169.132600,170.059700,5.927600,true,3104,,0x2fe6349b77f8b704a4b6fda6a67fa440bb1a7ac8a5722ef77d23ee9340b379ca,0x319bd6cfccaaf092ec5822b4d997bfcf3cde92c3d68bf7d4fb633a4587893e28,
theo_n,2,394,false,9,9,offchain,500,390,0.960100,88.351100,168.360700,169.320800,5.994800,true,3104,,0x2fe6349b77f8b704a4b6fda6a67fa440bb1a7ac8a5722ef77d23ee9340b379ca,0x261de1ec6c6a78cce00bf993c58bcfdf7a8d1e8c658d5ee5f5d31181ebedcdb9,
theo_n,2,395,false,9,9,offchain,500,391,0.987700,88.351100,163.829800,164.817500,5.899900,true,3104,,0x2fe6349b77f8b704a4b6fda6a67fa440bb1a7ac8a5722ef77d23ee9340b379ca,0x01332cc5ca3061b027fe435f19121ae29e16e76e32873c9229c3b8497991ff6c,
theo_n,2,396,false,9,9,offchain,500,392,0.964300,88.351100,183.100300,184.064600,6.142100,true,3104,,0x2fe6349b77f8b704a4b6fda6a67fa440bb1a7ac8a5722ef77d23ee9340b379ca,0x01cb378e68d25abc36049bbc8760774aa76e0d1d6339b1fb08706a4002e00aa9,
theo_n,2,397,false,9,9,offchain,500,393,1.000100,88.351100,171.573600,172.573700,6.166600,true,3104,,0x2fe6349b77f8b704a4b6fda6a67fa440bb1a7ac8a5722ef77d23ee9340b379ca,0x1bfd5883a01607c559d2bc2025067c8f5d34ac0417c50a9dd06daaced5e6ae47,
theo_n,2,398,false,9,9,offchain,500,394,0.958500,88.351100,169.850800,170.809300,5.921100,true,3104,,0x2fe6349b77f8b704a4b6fda6a67fa440bb1a7ac8a5722ef77d23ee9340b379ca,0x06b2ff4837c6fca500963fb4613f52699eb0d585a21e344150afaf5debd68768,
theo_n,2,399,false,9,9,offchain,500,395,1.132800,88.351100,166.912200,168.045000,5.834300,true,3104,,0x2fe6349b77f8b704a4b6fda6a67fa440bb1a7ac8a5722ef77d23ee9340b379ca,0x1d1cb6e530fd074c994d87bec78057495a6fe90ac3049144ccf0539c1d0e9efd,
theo_n,2,400,false,9,9,offchain,500,396,1.028200,88.351100,168.856700,169.884900,6.259500,true,3104,,0x2fe6349b77f8b704a4b6fda6a67fa440bb1a7ac8a5722ef77d23ee9340b379ca,0x30169759c6946c413cd35964d87491e00ca78d5e90cdfbf2309aea745863849a,
theo_n,2,401,false,9,9,offchain,500,397,1.038800,88.351100,168.414100,169.452900,5.868700,true,3104,,0x2fe6349b77f8b704a4b6fda6a67fa440bb1a7ac8a5722ef77d23ee9340b379ca,0x17b8ed81af3a720c87c8e8c74a649f22fb8f8dbfe0059ea9ca0f73524f967977,
theo_n,2,402,false,9,9,offchain,500,398,0.971400,88.351100,164.848900,165.820300,5.845500,true,3104,,0x2fe6349b77f8b704a4b6fda6a67fa440bb1a7ac8a5722ef77d23ee9340b379ca,0x3c4cd2b0b6161d79ea35690f49770d2c6eabbd0da71c2351f31493279a97453c,
theo_n,2,403,false,9,9,offchain,500,399,0.986500,88.351100,164.459200,165.445700,6.194000,true,3104,,0x2fe6349b77f8b704a4b6fda6a67fa440bb1a7ac8a5722ef77d23ee9340b379ca,0x203aeeeb17440e04d219428e581319449e4cc0ccfdb05dae1c6d054730b683cb,
theo_n,2,404,false,9,9,offchain,500,400,0.959900,88.351100,186.693400,187.653300,6.565500,true,3104,,0x2fe6349b77f8b704a4b6fda6a67fa440bb1a7ac8a5722ef77d23ee9340b379ca,0x2860468322f6e2f1b292467553c1b2dae1e6e0c897bbbd85941c1e509a2168ba,
theo_n,2,405,false,9,9,offchain,500,401,1.031700,88.351100,192.767100,193.798800,6.146700,true,3104,,0x2fe6349b77f8b704a4b6fda6a67fa440bb1a7ac8a5722ef77d23ee9340b379ca,0x03fcac5b0962b0a09a4d64419730ac2bd42a358d2d60df3ee89fe4c7e75b78fc,
theo_n,2,406,false,9,9,offchain,500,402,1.240300,88.351100,190.358800,191.599100,6.017900,true,3104,,0x2fe6349b77f8b704a4b6fda6a67fa440bb1a7ac8a5722ef77d23ee9340b379ca,0x05d14ee5c81c524e027df7e23af2063022966a38d2ce56387b9db8c39bebc71a,
theo_n,2,407,false,9,9,offchain,500,403,1.033500,88.351100,193.137200,194.170700,6.802100,true,3104,,0x2fe6349b77f8b704a4b6fda6a67fa440bb1a7ac8a5722ef77d23ee9340b379ca,0x382af857ef133c08884cf76c256547f234fba55c50312f1bc77531ff8f661bef,
theo_n,2,408,false,9,9,offchain,500,404,0.965800,88.351100,190.664800,191.630600,6.652200,true,3104,,0x2fe6349b77f8b704a4b6fda6a67fa440bb1a7ac8a5722ef77d23ee9340b379ca,0x378067ce19c59caf2481e3a85cf6ea2d92084606882935c582a0cead0dc67fe9,
theo_n,2,409,false,9,9,offchain,500,405,0.987600,88.351100,192.001600,192.989200,6.479200,true,3104,,0x2fe6349b77f8b704a4b6fda6a67fa440bb1a7ac8a5722ef77d23ee9340b379ca,0x0fcad7247576a1b07bb28672f54e45c1975f4d2cb12ce2a0842156e5fb11b699,
theo_n,2,410,false,9,9,offchain,500,406,0.986500,88.351100,191.236400,192.222900,6.753300,true,3104,,0x2fe6349b77f8b704a4b6fda6a67fa440bb1a7ac8a5722ef77d23ee9340b379ca,0x38a65af790c2c9862784fee26351316db26e567f622e4adb7d0816fd4e9177d5,
theo_n,2,411,false,9,9,offchain,500,407,1.620600,88.351100,189.479600,191.100200,6.681600,true,3104,,0x2fe6349b77f8b704a4b6fda6a67fa440bb1a7ac8a5722ef77d23ee9340b379ca,0x1c2fc2017df1eec0728d9fc214ee10bc9e22479d8e366ba9b187369d70a8027b,
theo_n,2,412,false,9,9,offchain,500,408,0.992100,88.351100,174.670200,175.662300,5.765400,true,3104,,0x2fe6349b77f8b704a4b6fda6a67fa440bb1a7ac8a5722ef77d23ee9340b379ca,0x2749293f5be930225c81f032ae01d3657cf15b9e8f175ccb79165a28ac42c7ea,
theo_n,2,413,false,9,9,offchain,500,409,0.986600,88.351100,169.042900,170.029500,5.946500,true,3104,,0x2fe6349b77f8b704a4b6fda6a67fa440bb1a7ac8a5722ef77d23ee9340b379ca,0x2424c12631278149456d37089d85b1b0096fd5b210e40aae3372fea25e7596eb,
theo_n,2,414,false,9,9,offchain,500,410,1.042800,88.351100,165.940500,166.983300,5.863200,true,3104,,0x2fe6349b77f8b704a4b6fda6a67fa440bb1a7ac8a5722ef77d23ee9340b379ca,0x00890c3627f8b4c1fa33fd130fc8ec8332be8b9a48a24bae26633eb496186801,
theo_n,2,415,false,9,9,offchain,500,411,1.043000,88.351100,163.879100,164.922100,5.614900,true,3104,,0x2fe6349b77f8b704a4b6fda6a67fa440bb1a7ac8a5722ef77d23ee9340b379ca,0x335bc1cf9d1a7a60c04d938ab3dfcba200a4973ac59e01dccc081d830a2ebd20,
theo_n,2,416,false,9,9,offchain,500,412,0.921400,88.351100,164.878800,165.800200,6.083300,true,3104,,0x2fe6349b77f8b704a4b6fda6a67fa440bb1a7ac8a5722ef77d23ee9340b379ca,0x3051eeaae70a0135ca7c06259b60e7300b38b187c83d219e9bf0a110f07936f3,
theo_n,2,417,false,9,9,offchain,500,413,0.930600,88.351100,171.986300,172.916900,6.064900,true,3104,,0x2fe6349b77f8b704a4b6fda6a67fa440bb1a7ac8a5722ef77d23ee9340b379ca,0x38ddc8038dcc084a7f91e85ff123089af9f9fbe059a5d0b5a0461fee19e365a1,
theo_n,2,418,false,9,9,offchain,500,414,1.011200,88.351100,172.166800,173.178000,6.086800,true,3104,,0x2fe6349b77f8b704a4b6fda6a67fa440bb1a7ac8a5722ef77d23ee9340b379ca,0x0c998c6beda0bf7e6d6c4716d2419520ff9614a9536d32f0120b7c7501a6c972,
theo_n,2,419,false,9,9,offchain,500,415,0.992300,88.351100,173.205400,174.197700,5.875900,true,3104,,0x2fe6349b77f8b704a4b6fda6a67fa440bb1a7ac8a5722ef77d23ee9340b379ca,0x21f1763129ecc1166a229c0759f3923e9389dd666a66ac882a8a72b5fcaf3f14,
theo_n,2,420,false,9,9,offchain,500,416,0.976800,88.351100,179.713900,180.690700,6.241500,true,3104,,0x2fe6349b77f8b704a4b6fda6a67fa440bb1a7ac8a5722ef77d23ee9340b379ca,0x062483f552f6f125e85ae7864aecd355503a2660849751d580036c881d968294,
theo_n,2,421,false,9,9,offchain,500,417,1.048900,88.351100,176.814300,177.863200,6.116700,true,3104,,0x2fe6349b77f8b704a4b6fda6a67fa440bb1a7ac8a5722ef77d23ee9340b379ca,0x2a23689e2d52daa118d80b056b3f00ef9c316834825107d8aa5ae12299b560d3,
theo_n,2,422,false,9,9,offchain,500,418,1.021700,88.351100,176.857300,177.879000,6.632700,true,3104,,0x2fe6349b77f8b704a4b6fda6a67fa440bb1a7ac8a5722ef77d23ee9340b379ca,0x15cf0df3bc1e48bdf1f38c9d3cb0a29d6410d1498be1cd77e8655cf63be2af1d,
theo_n,2,423,false,9,9,offchain,500,419,0.997200,88.351100,190.289000,191.286200,6.268700,true,3104,,0x2fe6349b77f8b704a4b6fda6a67fa440bb1a7ac8a5722ef77d23ee9340b379ca,0x3c9cda09eda9a57c62674791dfc47737bcaff5788bf186e41c951a215bb778a3,
theo_n,2,424,false,9,9,offchain,500,420,1.077300,88.351100,200.928400,202.005700,6.465400,true,3104,,0x2fe6349b77f8b704a4b6fda6a67fa440bb1a7ac8a5722ef77d23ee9340b379ca,0x3bddb3e04627052518e44a4aaf33fd5e30adb4e0e62e3eec864ac85ef48292c1,
theo_n,2,425,false,9,9,offchain,500,421,1.047200,88.351100,187.237100,188.284300,6.017700,true,3104,,0x2fe6349b77f8b704a4b6fda6a67fa440bb1a7ac8a5722ef77d23ee9340b379ca,0x1f3b1fd65ea8542ee12d0e4f0fe199613ed2498a8814b94105dbf6728b4dac4f,
theo_n,2,426,false,9,9,offchain,500,422,1.067500,88.351100,169.022900,170.090400,6.545800,true,3104,,0x2fe6349b77f8b704a4b6fda6a67fa440bb1a7ac8a5722ef77d23ee9340b379ca,0x20d5ff6df656d5aa1326cf761556b91b4d854779005b2540ee8542e312ef9add,
theo_n,2,427,false,9,9,offchain,500,423,1.288900,88.351100,168.213200,169.502100,5.799500,true,3104,,0x2fe6349b77f8b704a4b6fda6a67fa440bb1a7ac8a5722ef77d23ee9340b379ca,0x1a18a5b2f846e1dab412439786d5ff449a82aaf62798d12f989bf91b8aa78918,
theo_n,2,428,false,9,9,offchain,500,424,0.995700,88.351100,165.127500,166.123200,5.870300,true,3104,,0x2fe6349b77f8b704a4b6fda6a67fa440bb1a7ac8a5722ef77d23ee9340b379ca,0x3515b98ff4e0c8b08bbbbd56f8c6a8b321062b384341d1619df13c2f948a889e,
theo_n,2,429,false,9,9,offchain,500,425,0.970100,88.351100,165.840800,166.810900,5.981400,true,3104,,0x2fe6349b77f8b704a4b6fda6a67fa440bb1a7ac8a5722ef77d23ee9340b379ca,0x2e73386772fe299bc48b05a02504910a01af30cc20dc49b3341a5ba8db21dbaa,
theo_n,2,430,false,9,9,offchain,500,426,0.973700,88.351100,167.388300,168.362000,5.877700,true,3104,,0x2fe6349b77f8b704a4b6fda6a67fa440bb1a7ac8a5722ef77d23ee9340b379ca,0x34954fbd1ad6acbbb3254e1bb62afdae0687ed87e17c831e9872ba359632bb03,
theo_n,2,431,false,9,9,offchain,500,427,1.026100,88.351100,165.712600,166.738700,5.847800,true,3104,,0x2fe6349b77f8b704a4b6fda6a67fa440bb1a7ac8a5722ef77d23ee9340b379ca,0x216b9ac14777cc5361a76f7ea6c9ff6c8675c31de23904e161e7e216e071bdf4,
theo_n,2,432,false,9,9,offchain,500,428,0.960400,88.351100,165.970400,166.930800,5.939300,true,3104,,0x2fe6349b77f8b704a4b6fda6a67fa440bb1a7ac8a5722ef77d23ee9340b379ca,0x3c8d249ffe5863fc8990b79b6c685c8f2486e040f796de2d6f8ebadb4ec3f88c,
theo_n,2,433,false,9,9,offchain,500,429,0.979400,88.351100,165.889900,166.869300,6.076600,true,3104,,0x2fe6349b77f8b704a4b6fda6a67fa440bb1a7ac8a5722ef77d23ee9340b379ca,0x0bb23f36bda1165957a9810ca40db0293086b3b980d1047beddf88756538c586,
theo_n,2,434,false,9,9,offchain,500,430,1.036700,88.351100,165.889700,166.926400,6.164500,true,3104,,0x2fe6349b77f8b704a4b6fda6a67fa440bb1a7ac8a5722ef77d23ee9340b379ca,0x28239e257c233e813ac6b1c6111a6f4e90dc8d04cf4a533048fb7fbaa927640c,
theo_n,2,435,false,9,9,offchain,500,431,1.056900,88.351100,166.583300,167.640200,5.871400,true,3104,,0x2fe6349b77f8b704a4b6fda6a67fa440bb1a7ac8a5722ef77d23ee9340b379ca,0x1c8e92bdd9f9e7df3daf43a476f574090d58aa79d8c3683907a02dd4fd73b321,
theo_n,2,436,false,9,9,offchain,500,432,0.933800,88.351100,165.984600,166.918400,5.891800,true,3104,,0x2fe6349b77f8b704a4b6fda6a67fa440bb1a7ac8a5722ef77d23ee9340b379ca,0x3bd1dfbad375ccd3da2c236950121b9d0439a1a06ad90c7cf1c42e79b1c6c91d,
theo_n,2,437,false,9,9,offchain,500,433,0.965800,88.351100,163.284700,164.250500,5.722600,true,3104,,0x2fe6349b77f8b704a4b6fda6a67fa440bb1a7ac8a5722ef77d23ee9340b379ca,0x13d90fe9127ebf52315769aec41f0d636a81041b8f226c4cc964af4f202713b8,
theo_n,2,438,false,9,9,offchain,500,434,0.930600,88.351100,163.344800,164.275400,5.537900,true,3104,,0x2fe6349b77f8b704a4b6fda6a67fa440bb1a7ac8a5722ef77d23ee9340b379ca,0x3cb56609cb54db504511e90d8fb65a2d9d59f26b26a7252a39ed50febf575787,
theo_n,2,439,false,9,9,offchain,500,435,0.924100,88.351100,166.436300,167.360400,5.600500,true,3104,,0x2fe6349b77f8b704a4b6fda6a67fa440bb1a7ac8a5722ef77d23ee9340b379ca,0x024d3f5eb6699c0d997702b2663c2448ed4da5f4671ee63615ca2d69231e184c,
theo_n,2,440,false,9,9,offchain,500,436,0.966300,88.351100,245.872100,246.838400,5.882900,true,3104,,0x2fe6349b77f8b704a4b6fda6a67fa440bb1a7ac8a5722ef77d23ee9340b379ca,0x2b458da98e1fe92bf94a4afbed7672a65742f5d95bcce9a4433051ccb1420b2e,
theo_n,2,441,false,9,9,offchain,500,437,0.968400,88.351100,165.140800,166.109200,5.846900,true,3104,,0x2fe6349b77f8b704a4b6fda6a67fa440bb1a7ac8a5722ef77d23ee9340b379ca,0x252b5d09379eb2600b7ad343a6285f062cfd85f3629d9025ecd809d58b811a72,
theo_n,2,442,false,9,9,offchain,500,438,0.969400,88.351100,166.221000,167.190400,6.098000,true,3104,,0x2fe6349b77f8b704a4b6fda6a67fa440bb1a7ac8a5722ef77d23ee9340b379ca,0x2fa0658081700b443fc8d647538adec5766e48ca4a265ca5011d391974a2168d,
theo_n,2,443,false,9,9,offchain,500,439,1.057300,88.351100,165.891600,166.948900,5.863800,true,3104,,0x2fe6349b77f8b704a4b6fda6a67fa440bb1a7ac8a5722ef77d23ee9340b379ca,0x245579a4dd6f15df7303bb30589422b4f17c8231df2cf5703ffb8b6a7e6a2cae,
theo_n,2,444,false,9,9,offchain,500,440,1.044000,88.351100,163.880800,164.924800,5.931300,true,3104,,0x2fe6349b77f8b704a4b6fda6a67fa440bb1a7ac8a5722ef77d23ee9340b379ca,0x1c364c47efeeba8e4d5034a4565aaf179840d59171e45837603a46acd362816c,
theo_n,2,445,false,9,9,offchain,500,441,1.041900,88.351100,164.391200,165.433100,5.931700,true,3104,,0x2fe6349b77f8b704a4b6fda6a67fa440bb1a7ac8a5722ef77d23ee9340b379ca,0x12372317c13c17f17c87d245c5ef3f4d1e771ef3a023f9e1549b8d19c83ac296,
theo_n,2,446,false,9,9,offchain,500,442,0.977300,88.351100,171.680500,172.657800,5.797900,true,3104,,0x2fe6349b77f8b704a4b6fda6a67fa440bb1a7ac8a5722ef77d23ee9340b379ca,0x3a63844d4b224222a5912c8ae2f77102371b2aa547e36634253e5c10dde367fc,
theo_n,2,447,false,9,9,offchain,500,443,1.028400,88.351100,167.133000,168.161400,6.019500,true,3104,,0x2fe6349b77f8b704a4b6fda6a67fa440bb1a7ac8a5722ef77d23ee9340b379ca,0x32a550534ac14b52affa0aa36abce55f842817740033c381a499f32687e505d2,
theo_n,2,448,false,9,9,offchain,500,444,0.977100,88.351100,172.043500,173.020600,6.108300,true,3104,,0x2fe6349b77f8b704a4b6fda6a67fa440bb1a7ac8a5722ef77d23ee9340b379ca,0x395db188ed8f26b2a26e9763fed0c76fb746d6705b3bf9f058c257a85d63d1d4,
theo_n,2,449,false,9,9,offchain,500,445,0.970300,88.351100,168.539400,169.509700,5.938700,true,3104,,0x2fe6349b77f8b704a4b6fda6a67fa440bb1a7ac8a5722ef77d23ee9340b379ca,0x124df98c42d93d1824b40f8019a3ef96a50de6655a38d0d5f69354b6f02e6a69,
theo_n,2,450,false,9,9,offchain,500,446,0.972800,88.351100,164.462600,165.435400,6.814000,true,3104,,0x2fe6349b77f8b704a4b6fda6a67fa440bb1a7ac8a5722ef77d23ee9340b379ca,0x06a70ef54988cfdd19590310811975ab117af4f27221977d44b2285ecfd27081,
theo_n,2,451,false,9,9,offchain,500,447,0.950300,88.351100,185.812400,186.762700,6.086200,true,3104,,0x2fe6349b77f8b704a4b6fda6a67fa440bb1a7ac8a5722ef77d23ee9340b379ca,0x1a12a625214ee86a2afa77c0a050be843c370e9034cb5fcfae6ad43d0a3a0a9a,
theo_n,2,452,false,9,9,offchain,500,448,0.975900,88.351100,180.032400,181.008300,6.837800,true,3104,,0x2fe6349b77f8b704a4b6fda6a67fa440bb1a7ac8a5722ef77d23ee9340b379ca,0x24016291e09c2e574cc110dbf25dc788b858b734b8b80d2fd29e901858c81977,
theo_n,2,453,false,9,9,offchain,500,449,1.342600,88.351100,200.307900,201.650500,6.406000,true,3104,,0x2fe6349b77f8b704a4b6fda6a67fa440bb1a7ac8a5722ef77d23ee9340b379ca,0x2000666d65a525f713184e9e342dab1d135842ea15a91d656b86509e91d2a9a6,
theo_n,2,454,false,9,9,offchain,500,450,1.477000,88.351100,181.603900,183.080900,6.044800,true,3104,,0x2fe6349b77f8b704a4b6fda6a67fa440bb1a7ac8a5722ef77d23ee9340b379ca,0x3c4d5f7ebd1944e26695be9f4c1ffd5d11d9fd995b4570bd08514d9c4281d8f5,
theo_n,2,455,false,9,9,offchain,500,451,1.011500,88.351100,181.189600,182.201100,6.219000,true,3104,,0x2fe6349b77f8b704a4b6fda6a67fa440bb1a7ac8a5722ef77d23ee9340b379ca,0x23a44296cb2007359e11ac651732a70f70c51caea30595bfc0f5644dcd318e51,
theo_n,2,456,false,9,9,offchain,500,452,0.958400,88.351100,188.110800,189.069200,6.523700,true,3104,,0x2fe6349b77f8b704a4b6fda6a67fa440bb1a7ac8a5722ef77d23ee9340b379ca,0x05235900d53e21f8df5a13af4f3768ce4851cfe937f994c756709d774bac7cfd,
theo_n,2,457,false,9,9,offchain,500,453,0.969100,88.351100,188.687300,189.656400,7.194600,true,3104,,0x2fe6349b77f8b704a4b6fda6a67fa440bb1a7ac8a5722ef77d23ee9340b379ca,0x07bf4654e53f195090b658f17474a3cf21b348ddd5f149a4047e6e6f76c73a7f,
theo_n,2,458,false,9,9,offchain,500,454,1.104200,88.351100,209.470300,210.574500,7.181800,true,3104,,0x2fe6349b77f8b704a4b6fda6a67fa440bb1a7ac8a5722ef77d23ee9340b379ca,0x3a9e200c1ba43abe65ca0d961bd837cc8aa76d6560d9270803409cf9ff2f82c4,
theo_n,2,459,false,9,9,offchain,500,455,1.743600,88.351100,193.082100,194.825700,6.391000,true,3104,,0x2fe6349b77f8b704a4b6fda6a67fa440bb1a7ac8a5722ef77d23ee9340b379ca,0x274099acc6646b31b34b7018652aed4e6af6c7b916187ff5234663515a24af6c,
theo_n,2,460,false,9,9,offchain,500,456,1.360300,88.351100,230.559500,231.919800,7.022200,true,3104,,0x2fe6349b77f8b704a4b6fda6a67fa440bb1a7ac8a5722ef77d23ee9340b379ca,0x17b5933323233f8d8327547bca49990423c0bd9a5726a299f57e234b5662c56d,
theo_n,2,461,false,9,9,offchain,500,457,1.130500,88.351100,211.988000,213.118500,6.087900,true,3104,,0x2fe6349b77f8b704a4b6fda6a67fa440bb1a7ac8a5722ef77d23ee9340b379ca,0x28d2cb099482136fd3f1167fdcd042773850722bd5aa22837e50460cf134bd78,
theo_n,2,462,false,9,9,offchain,500,458,0.981600,88.351100,171.803700,172.785300,6.025600,true,3104,,0x2fe6349b77f8b704a4b6fda6a67fa440bb1a7ac8a5722ef77d23ee9340b379ca,0x1f7b8c6e710e769bd1cf13a207ade254066a7c9ad1333f60806afd351332f4b5,
theo_n,2,463,false,9,9,offchain,500,459,0.989200,88.351100,169.774400,170.763600,5.889700,true,3104,,0x2fe6349b77f8b704a4b6fda6a67fa440bb1a7ac8a5722ef77d23ee9340b379ca,0x046c0db199c1147c0e39f2827ba2d5d57dde77da8d81836b40f45c16c3ef1688,
theo_n,2,464,false,9,9,offchain,500,460,0.967800,88.351100,168.770500,169.738300,5.832900,true,3104,,0x2fe6349b77f8b704a4b6fda6a67fa440bb1a7ac8a5722ef77d23ee9340b379ca,0x1a82f980ed131a96dee238adb71d627e2cb1e3d8648f7119a5344f90ef27ed93,
theo_n,2,465,false,9,9,offchain,500,461,1.043600,88.351100,187.893800,188.937400,5.905500,true,3104,,0x2fe6349b77f8b704a4b6fda6a67fa440bb1a7ac8a5722ef77d23ee9340b379ca,0x24373920779d6db38f392ba83294738f12306eb2751f0e41a5e51ea110fec8a3,
theo_n,2,466,false,9,9,offchain,500,462,1.056600,88.351100,166.325100,167.381700,5.593700,true,3104,,0x2fe6349b77f8b704a4b6fda6a67fa440bb1a7ac8a5722ef77d23ee9340b379ca,0x1efd678d74e8fbe9bd05fa096545ebd991a6dfcf99a76857815df82a6e478967,
theo_n,2,467,false,9,9,offchain,500,463,0.928600,88.351100,164.671400,165.600000,5.919700,true,3104,,0x2fe6349b77f8b704a4b6fda6a67fa440bb1a7ac8a5722ef77d23ee9340b379ca,0x3d7dfec478dc1325a14ebfdf2aed92a5490dd882f66b4c116c8f21772530f217,
theo_n,2,468,false,9,9,offchain,500,464,1.035700,88.351100,184.951200,185.986900,5.867100,true,3104,,0x2fe6349b77f8b704a4b6fda6a67fa440bb1a7ac8a5722ef77d23ee9340b379ca,0x263189d5f8822b4f70311cbea099edda8b1e8b01abc0bb7f822b463751f99c62,
theo_n,2,469,false,9,9,offchain,500,465,0.917300,88.351100,166.812100,167.729400,5.704100,true,3104,,0x2fe6349b77f8b704a4b6fda6a67fa440bb1a7ac8a5722ef77d23ee9340b379ca,0x3c3f785924c2f752b812fc586afcf3d3e33f09d1e1262508ec094fdadc8ce9f5,
theo_n,2,470,false,9,9,offchain,500,466,0.972600,88.351100,167.866800,168.839400,5.991100,true,3104,,0x2fe6349b77f8b704a4b6fda6a67fa440bb1a7ac8a5722ef77d23ee9340b379ca,0x19f1f8a613737783c05a78492a47dbd39bd2ff62f7e2e9bf45e7915ead23092d,
theo_n,2,471,false,9,9,offchain,500,467,1.034500,88.351100,167.681100,168.715600,5.840900,true,3104,,0x2fe6349b77f8b704a4b6fda6a67fa440bb1a7ac8a5722ef77d23ee9340b379ca,0x11bc0afb1fc5421c087d49f99e01024212fe94a7b26e95b272a39feed80aaaa5,
theo_n,2,472,false,9,9,offchain,500,468,1.013000,88.351100,165.382800,166.395800,5.911600,true,3104,,0x2fe6349b77f8b704a4b6fda6a67fa440bb1a7ac8a5722ef77d23ee9340b379ca,0x3b2632f5e2340c60fc0086e6d0b94eebe93de7299607b769933d105ce7671be1,
theo_n,2,473,false,9,9,offchain,500,469,0.975400,88.351100,168.114400,169.089800,5.898600,true,3104,,0x2fe6349b77f8b704a4b6fda6a67fa440bb1a7ac8a5722ef77d23ee9340b379ca,0x3c85c8bcfe13e01a9b7ad594064bc15c667ffc9ee042ea4a39478cd3dd190fbf,
theo_n,2,474,false,9,9,offchain,500,470,1.025500,88.351100,168.952700,169.978200,5.787600,true,3104,,0x2fe6349b77f8b704a4b6fda6a67fa440bb1a7ac8a5722ef77d23ee9340b379ca,0x1bdeab74cfadbe395b77d92b8e792340a4e74f28ec30d31d6b25cbbe1788f656,
theo_n,2,475,false,9,9,offchain,500,471,0.922600,88.351100,183.464900,184.387500,7.013100,true,3104,,0x2fe6349b77f8b704a4b6fda6a67fa440bb1a7ac8a5722ef77d23ee9340b379ca,0x2da5b1152e8a3614f9f938dcfe46aafa2fea0df5d01933f5668bc901706ec7a9,
theo_n,2,476,false,9,9,offchain,500,472,1.243000,88.351100,203.487300,204.730300,6.359300,true,3104,,0x2fe6349b77f8b704a4b6fda6a67fa440bb1a7ac8a5722ef77d23ee9340b379ca,0x3cfea5767e10b395defcecb770cbc3e718b491547a767c38b16a7a42f98e4edd,
theo_n,2,477,false,9,9,offchain,500,473,1.103300,88.351100,211.923800,213.027100,6.307700,true,3104,,0x2fe6349b77f8b704a4b6fda6a67fa440bb1a7ac8a5722ef77d23ee9340b379ca,0x3a5fadb93e3f4bda78faa87046eec4b7f05f1d42bc270fedd569aa9159d682d2,
theo_n,2,478,false,9,9,offchain,500,474,1.393400,88.351100,210.659900,212.053300,6.458900,true,3104,,0x2fe6349b77f8b704a4b6fda6a67fa440bb1a7ac8a5722ef77d23ee9340b379ca,0x2b6da1cce10d26ce24b68f5998e18e0e6b9f2f68a1abd7c536531f5b604afeee,
theo_n,2,479,false,9,9,offchain,500,475,1.033500,88.351100,214.709700,215.743200,6.293700,true,3104,,0x2fe6349b77f8b704a4b6fda6a67fa440bb1a7ac8a5722ef77d23ee9340b379ca,0x25237d563bc0019fa40ace12305aad6cf551c574bc637a067cb0b61f089492bf,
theo_n,2,480,false,9,9,offchain,500,476,1.042100,88.351100,183.141500,184.183600,7.056200,true,3104,,0x2fe6349b77f8b704a4b6fda6a67fa440bb1a7ac8a5722ef77d23ee9340b379ca,0x23cdce466083e46fbe3c8950bb704c6120b38eba50567603ab77b13edb38eb19,
theo_n,2,481,false,9,9,offchain,500,477,1.255600,88.351100,233.146700,234.402300,7.938200,true,3104,,0x2fe6349b77f8b704a4b6fda6a67fa440bb1a7ac8a5722ef77d23ee9340b379ca,0x28a43702e3618637c8e95c0743bdd4170d57f7b585705731feeca300dbc75b74,
theo_n,2,482,false,9,9,offchain,500,478,1.645200,88.351100,236.369000,238.014200,8.656300,true,3104,,0x2fe6349b77f8b704a4b6fda6a67fa440bb1a7ac8a5722ef77d23ee9340b379ca,0x0a9f91542b5d182f0354fadbefef88088f13934a4356a85772d8ec593ea11671,
theo_n,2,483,false,9,9,offchain,500,479,1.630500,88.351100,197.965000,199.595500,6.466000,true,3104,,0x2fe6349b77f8b704a4b6fda6a67fa440bb1a7ac8a5722ef77d23ee9340b379ca,0x25a6b64bdf37d769433b592ad4d238e5082e0fbca739cb5b94266f486254fb75,
theo_n,2,484,false,9,9,offchain,500,480,1.137100,88.351100,184.220300,185.357400,6.758900,true,3104,,0x2fe6349b77f8b704a4b6fda6a67fa440bb1a7ac8a5722ef77d23ee9340b379ca,0x1656da303f31fa263f742431516ec6106196bce101abf4b906290db03d2cbd32,
theo_n,2,485,false,9,9,offchain,500,481,1.275100,88.351100,231.756200,233.031300,8.327400,true,3104,,0x2fe6349b77f8b704a4b6fda6a67fa440bb1a7ac8a5722ef77d23ee9340b379ca,0x022aac70ab03d4e101aa2de4acb16a7b235850930a270938551a70ba185337c6,
theo_n,2,486,false,9,9,offchain,500,482,1.498400,88.351100,214.237300,215.735700,6.576900,true,3104,,0x2fe6349b77f8b704a4b6fda6a67fa440bb1a7ac8a5722ef77d23ee9340b379ca,0x369ef1d21cbba87606ada86ecd1228f19d62eda411b69f3bb42fe3cd85e2174c,
theo_n,2,487,false,9,9,offchain,500,483,1.086500,88.351100,188.749100,189.835600,6.052000,true,3104,,0x2fe6349b77f8b704a4b6fda6a67fa440bb1a7ac8a5722ef77d23ee9340b379ca,0x3fcd2257c5217c42444666e1ed1ea368ea4e0fa49a46e61872737fb102349c7f,
theo_n,2,488,false,9,9,offchain,500,484,1.009000,88.351100,187.890800,188.899800,6.505800,true,3104,,0x2fe6349b77f8b704a4b6fda6a67fa440bb1a7ac8a5722ef77d23ee9340b379ca,0x1961619322259930a950048d8453ff85cd0f6710021675929619671aed29f969,
theo_n,2,489,false,9,9,offchain,500,485,1.059200,88.351100,252.876600,253.935800,8.918800,true,3104,,0x2fe6349b77f8b704a4b6fda6a67fa440bb1a7ac8a5722ef77d23ee9340b379ca,0x2a7430ce46ae85a1e9d9470ba26b9e641779a7aa81986fbb1cd50792ed0fce21,
theo_n,2,490,false,9,9,offchain,500,486,1.491400,88.351100,245.617900,247.109300,6.768500,true,3104,,0x2fe6349b77f8b704a4b6fda6a67fa440bb1a7ac8a5722ef77d23ee9340b379ca,0x3b09e4f95321c65024dc1128ca572783ef0fd6d326ad86deb1eb100a63bbe678,
theo_n,2,491,false,9,9,offchain,500,487,1.105700,88.351100,185.974800,187.080500,6.242600,true,3104,,0x2fe6349b77f8b704a4b6fda6a67fa440bb1a7ac8a5722ef77d23ee9340b379ca,0x22456a792d79a56dfb8f97bdda4dd881e873685ccff935533c185d9e5bce9bf2,
theo_n,2,492,false,9,9,offchain,500,488,1.029100,88.351100,175.553300,176.582400,6.063500,true,3104,,0x2fe6349b77f8b704a4b6fda6a67fa440bb1a7ac8a5722ef77d23ee9340b379ca,0x1e78ee850b66493a0db80da484fac142eee6e27e658d95876c021d0038634936,
theo_n,2,493,false,9,9,offchain,500,489,0.996500,88.351100,176.623200,177.619700,6.889400,true,3104,,0x2fe6349b77f8b704a4b6fda6a67fa440bb1a7ac8a5722ef77d23ee9340b379ca,0x0ef99c29683ead0cbf5acc75db2319f5ce9a59f748f08bcba096e9f18bc93fd1,
theo_n,2,494,false,9,9,offchain,500,490,0.997300,88.351100,171.296700,172.294000,5.887600,true,3104,,0x2fe6349b77f8b704a4b6fda6a67fa440bb1a7ac8a5722ef77d23ee9340b379ca,0x207a5186c3c34f03e1136241eb4967e3ef04523abf2ed6e53e0abcf6413be6d8,
theo_n,2,495,false,9,9,offchain,500,491,0.978700,88.351100,170.679700,171.658400,5.843300,true,3104,,0x2fe6349b77f8b704a4b6fda6a67fa440bb1a7ac8a5722ef77d23ee9340b379ca,0x2c03f4c00cb186934e855beedc995b24b125cb2ba9ae9ca2a1e2683d3d3b641d,
theo_n,2,496,false,9,9,offchain,500,492,0.962500,88.351100,172.429800,173.392300,6.349700,true,3104,,0x2fe6349b77f8b704a4b6fda6a67fa440bb1a7ac8a5722ef77d23ee9340b379ca,0x2a4491a9d395798616221dd1cec97778e9068cec0bcebd1df6f7f54a7f8709de,
theo_n,2,497,false,9,9,offchain,500,493,1.033200,88.351100,189.879200,190.912400,6.494100,true,3104,,0x2fe6349b77f8b704a4b6fda6a67fa440bb1a7ac8a5722ef77d23ee9340b379ca,0x31f9f4ef39e9980944fef56eae532ffd64759c886368a1d3664d2a8b32af4061,
theo_n,2,498,false,9,9,offchain,500,494,0.983200,88.351100,226.787700,227.770900,8.207100,true,3104,,0x2fe6349b77f8b704a4b6fda6a67fa440bb1a7ac8a5722ef77d23ee9340b379ca,0x1382ac46b683ed93827f9edc831399ff0a7fb3b3604b6aff818778d54aa9bd85,
theo_n,2,499,false,9,9,offchain,500,495,0.869100,88.351100,251.819600,252.688700,13.324300,true,3104,,0x2fe6349b77f8b704a4b6fda6a67fa440bb1a7ac8a5722ef77d23ee9340b379ca,0x098d8f77a52a20385af5063bc3dda760c6327a039df3bddd9abdd48316e84c2c,
theo_n,2,500,false,9,9,offchain,500,496,0.848400,88.351100,231.227800,232.076200,5.482200,true,3104,,0x2fe6349b77f8b704a4b6fda6a67fa440bb1a7ac8a5722ef77d23ee9340b379ca,0x33ddc8eeb3b77b0a441a211a1cb69eee70b53a465630619f0814f96337665edf,
theo_n,2,501,false,9,9,offchain,500,497,0.918000,88.351100,157.839900,158.757900,5.847100,true,3104,,0x2fe6349b77f8b704a4b6fda6a67fa440bb1a7ac8a5722ef77d23ee9340b379ca,0x054e2236fbaad7cc4726815852831e0b24470816a6c07d78b0d9d280456b71a4,
theo_n,2,502,false,9,9,offchain,500,498,1.004500,88.351100,164.222400,165.226900,5.822500,true,3104,,0x2fe6349b77f8b704a4b6fda6a67fa440bb1a7ac8a5722ef77d23ee9340b379ca,0x099e04b9c764d5f3137e72d7de8c8a64e3f72edd86ea5b1ac089876cf20e393c,
theo_n,2,503,false,9,9,offchain,500,499,0.934800,88.351100,180.025100,180.959900,7.136700,true,3104,,0x2fe6349b77f8b704a4b6fda6a67fa440bb1a7ac8a5722ef77d23ee9340b379ca,0x0b6f8127080790145005f632c7de6ad5fdb8a886521c8fa39d063e6193ace58b,
