thi_nghiem,run_id,iteration,warmup,d,k,mechanism,n,student_index,witness_ms,setup_ms,prove_ms,proof_generation_ms,verify_native_ms,verified,proof_bytes,calldata_bytes,root,nullifier,verify_setup_ms
theo_n,20,1,true,9,9,offchain,500,0,0.881100,98.098700,165.379500,166.260600,6.155900,true,3104,,0x2fe6349b77f8b704a4b6fda6a67fa440bb1a7ac8a5722ef77d23ee9340b379ca,0x31cce6578fc40150881c61af3263887000159f168b78eb0c1c67322a114def10,
theo_n,20,2,true,9,9,offchain,500,1,0.986100,98.098700,174.551800,175.537900,6.141000,true,3104,,0x2fe6349b77f8b704a4b6fda6a67fa440bb1a7ac8a5722ef77d23ee9340b379ca,0x06b149a846c21e833d5cd6933d03540005608217faf9b22fe873f8c17f865e8c,
theo_n,20,3,true,9,9,offchain,500,2,0.995800,98.098700,180.028400,181.024200,6.560300,true,3104,,0x2fe6349b77f8b704a4b6fda6a67fa440bb1a7ac8a5722ef77d23ee9340b379ca,0x1d06a3d96bc0fee0182a90672cc093d7b090bd77f3f3308c9126cfb07e55ad1e,
theo_n,20,4,false,9,9,offchain,500,0,1.076500,98.098700,186.196700,187.273200,6.578100,true,3104,,0x2fe6349b77f8b704a4b6fda6a67fa440bb1a7ac8a5722ef77d23ee9340b379ca,0x31cce6578fc40150881c61af3263887000159f168b78eb0c1c67322a114def10,
theo_n,20,5,false,9,9,offchain,500,1,1.063700,98.098700,189.457800,190.521500,6.689100,true,3104,,0x2fe6349b77f8b704a4b6fda6a67fa440bb1a7ac8a5722ef77d23ee9340b379ca,0x06b149a846c21e833d5cd6933d03540005608217faf9b22fe873f8c17f865e8c,
theo_n,20,6,false,9,9,offchain,500,2,1.090300,98.098700,189.365300,190.455600,6.664900,true,3104,,0x2fe6349b77f8b704a4b6fda6a67fa440bb1a7ac8a5722ef77d23ee9340b379ca,0x1d06a3d96bc0fee0182a90672cc093d7b090bd77f3f3308c9126cfb07e55ad1e,
theo_n,20,7,false,9,9,offchain,500,3,1.066300,98.098700,190.037100,191.103400,6.550900,true,3104,,0x2fe6349b77f8b704a4b6fda6a67fa440bb1a7ac8a5722ef77d23ee9340b379ca,0x2ee3eca2a8acabb5247f13a7dc5bb5745525229c9b0fb6af8461f8add9d6ea42,
theo_n,20,8,false,9,9,offchain,500,4,1.088200,98.098700,191.080600,192.168800,6.591500,true,3104,,0x2fe6349b77f8b704a4b6fda6a67fa440bb1a7ac8a5722ef77d23ee9340b379ca,0x23abcf4c24d8f5eaa25ebedbbad6a842ea7c9839a4809e5f07c904d2874949da,
theo_n,20,9,false,9,9,offchain,500,5,1.109800,98.098700,191.400100,192.509900,6.649900,true,3104,,0x2fe6349b77f8b704a4b6fda6a67fa440bb1a7ac8a5722ef77d23ee9340b379ca,0x053f995315ef14fd41321d4c26fc6e4a11eebe9847b131f33160a845efab237a,
theo_n,20,10,false,9,9,offchain,500,6,1.065500,98.098700,192.178200,193.243700,6.844300,true,3104,,0x2fe6349b77f8b704a4b6fda6a67fa440bb1a7ac8a5722ef77d23ee9340b379ca,0x2253bb49377756b6e039255c2e07e59ebdb5e721de9034b6084a4f646823fb04,
theo_n,20,11,false,9,9,offchain,500,7,1.117400,98.098700,192.139900,193.257300,7.011200,true,3104,,0x2fe6349b77f8b704a4b6fda6a67fa440bb1a7ac8a5722ef77d23ee9340b379ca,0x30a7f45e66796c0bb5e756de164a7408361c1113a9c271d837fc45b7dcd6f659,
theo_n,20,12,false,9,9,offchain,500,8,1.187500,98.098700,192.663400,193.850900,6.794600,true,3104,,0x2fe6349b77f8b704a4b6fda6a67fa440bb1a7ac8a5722ef77d23ee9340b379ca,0x2cd86dce870ffb93e493637ae0ebc4d227e78de147374955ca7c805d2bd92dbb,
theo_n,20,13,false,9,9,offchain,500,9,1.111300,98.098700,194.335300,195.446600,6.621600,true,3104,,0x2fe6349b77f8b704a4b6fda6a67fa440bb1a7ac8a5722ef77d23ee9340b379ca,0x0bb7e3ce2eb37533b72c200e6c6614cb93c18b171631c1ef120a8fd150f2cb13,
theo_n,20,14,false,9,9,offchain,500,10,1.065300,98.098700,191.410800,192.476100,6.953900,true,3104,,0x2fe6349b77f8b704a4b6fda6a67fa440bb1a7ac8a5722ef77d23ee9340b379ca,0x2ddef6234d7e6f2ddbb3ed21a00be7589b7bbf5606b92dcf2b04f4b5bccd4fec,
theo_n,20,15,false,9,9,offchain,500,11,1.091200,98.098700,202.760000,203.851200,11.025900,true,3104,,0x2fe6349b77f8b704a4b6fda6a67fa440bb1a7ac8a5722ef77d23ee9340b379ca,0x3ada3ac697494a8c8f48fd81b4d30c407e5b76c201c8434db157d8b726837548,
theo_n,20,16,false,9,9,offchain,500,12,1.715500,98.098700,212.175500,213.891000,6.316200,true,3104,,0x2fe6349b77f8b704a4b6fda6a67fa440bb1a7ac8a5722ef77d23ee9340b379ca,0x2b1d692090d6ea4a2e3a8e5433f88d3c74ba86937bbe64f14872631fa739b53f,
theo_n,20,17,false,9,9,offchain,500,13,1.047700,98.098700,225.099200,226.146900,11.012900,true,3104,,0x2fe6349b77f8b704a4b6fda6a67fa440bb1a7ac8a5722ef77d23ee9340b379ca,0x184e5193d7aeddeb42bdf7d177255cdc1408f8df7aca9b1c91f801f0b916b0d6,
theo_n,20,18,false,9,9,offchain,500,14,1.297700,98.098700,232.733700,234.031400,6.952800,true,3104,,0x2fe6349b77f8b704a4b6fda6a67fa440bb1a7ac8a5722ef77d23ee9340b379ca,0x1058edf090bdc3434d5a8d0aaae59d1679f4ab8018a6c9def311908fe8a3ea79,
theo_n,20,19,false,9,9,offchain,500,15,1.007000,98.098700,210.501800,211.508800,9.116800,true,3104,,0x2fe6349b77f8b704a4b6fda6a67fa440bb1a7ac8a5722ef77d23ee9340b379ca,0x3b72a670b9b3a3ef60168831693d1465b1b6f88669ba7f1c47c43c4fe8b69559,
theo_n,20,20,false,9,9,offchain,500,16,1.012200,98.098700,219.549700,220.561900,7.198200,true,3104,,0x2fe6349b77f8b704a4b6fda6a67fa440bb1a7ac8a5722ef77d23ee9340b379ca,0x26790d62c5185858bb332e4f92f692c84b23c6be4b30b5a66dce2e37e083442b,
theo_n,20,21,false,9,9,offchain,500,17,0.974300,98.098700,227.617200,228.591500,8.689000,true,3104,,0x2fe6349b77f8b704a4b6fda6a67fa440bb1a7ac8a5722ef77d23ee9340b379ca,0x0238145a7cd2114ded0673cf7b04a8dcef4690c839f508dd14cb073e332ab139,
theo_n,20,22,false,9,9,offchain,500,18,1.923300,98.098700,286.899200,288.822500,7.518300,true,3104,,0x2fe6349b77f8b704a4b6fda6a67fa440bb1a7ac8a5722ef77d23ee9340b379ca,0x36fc3e2add7d8d3afc785b77a54fd23964e7cb8eb494e13e9c6a887965a847cf,
theo_n,20,23,false,9,9,offchain,500,19,1.331500,98.098700,232.669600,234.001100,11.354200,true,3104,,0x2fe6349b77f8b704a4b6fda6a67fa440bb1a7ac8a5722ef77d23ee9340b379ca,0x3cab613111c672bcddd2485adbf14ab6c8aec112b50ea0005aa159b8d973387b,
theo_n,20,24,false,9,9,offchain,500,20,1.954800,98.098700,210.506100,212.460900,7.148000,true,3104,,0x2fe6349b77f8b704a4b6fda6a67fa440bb1a7ac8a5722ef77d23ee9340b379ca,0x0f5ba5eafbd37105956aad8ad60c718f4f0f8c32793fa14d010ec4a8efd5896c,
theo_n,20,25,false,9,9,offchain,500,21,1.007400,98.098700,287.786900,288.794300,9.876800,true,3104,,0x2fe6349b77f8b704a4b6fda6a67fa440bb1a7ac8a5722ef77d23ee9340b379ca,0x345865de75a078c2601df5bf7b8ac01ddc913428ad55c6842fd239d9c1bb2bee,
theo_n,20,26,false,9,9,offchain,500,22,1.750600,98.098700,220.936400,222.687000,7.741000,true,3104,,0x2fe6349b77f8b704a4b6fda6a67fa440bb1a7ac8a5722ef77d23ee9340b379ca,0x381949a023bad7dd72b836139501a18bde8117197414fc26e1861c5833221a06,
theo_n,20,27,false,9,9,offchain,500,23,1.176400,98.098700,208.344700,209.521100,8.747600,true,3104,,0x2fe6349b77f8b704a4b6fda6a67fa440bb1a7ac8a5722ef77d23ee9340b379ca,0x36c9f307ec5cae6c551dbd4ee41275b93d6012c1496b7b824b693747101e4649,
theo_n,20,28,false,9,9,offchain,500,24,1.622500,98.098700,213.840100,215.462600,6.859600,true,3104,,0x2fe6349b77f8b704a4b6fda6a67fa440bb1a7ac8a5722ef77d23ee9340b379ca,0x0e4fa672364ff8d28d324fa63f54a5c0af0eb28a17068e9ff96618692a930a1f,
theo_n,20,29,false,9,9,offchain,500,25,0.989900,98.098700,194.527900,195.517800,5.934100,true,3104,,0x2fe6349b77f8b704a4b6fda6a67fa440bb1a7ac8a5722ef77d23ee9340b379ca,0x1d296167df1398272a65c2152fa42bac6f090a91ea2ef72b15701ec5c4e7351d,
theo_n,20,30,false,9,9,offchain,500,26,0.982800,98.098700,211.593100,212.575900,7.428100,true,3104,,0x2fe6349b77f8b704a4b6fda6a67fa440bb1a7ac8a5722ef77d23ee9340b379ca,0x158799b447546c84c9076c82c385cdacf0e2ce1ba4d011ac2f9b9cca4abbe22b,
theo_n,20,31,false,9,9,offchain,500,27,1.130100,98.098700,203.462200,204.592300,6.145400,true,3104,,0x2fe6349b77f8b704a4b6fda6a67fa440bb1a7ac8a5722ef77d23ee9340b379ca,0x3d6b035fd78b94d7dc88fa276f05bef4a4cb011ff779ffface9f0ef9dff9ef49,
theo_n,20,32,false,9,9,offchain,500,28,1.080600,98.098700,198.380100,199.460700,8.205700,true,3104,,0x2fe6349b77f8b704a4b6fda6a67fa440bb1a7ac8a5722ef77d23ee9340b379ca,0x1081e5213854c477ad9b853775007aac6aa3572c9092f3d51ef4069d592bf93d,
theo_n,20,33,false,9,9,offchain,500,29,1.160200,98.098700,208.237400,209.397600,9.928800,true,3104,,0x2fe6349b77f8b704a4b6fda6a67fa440bb1a7ac8a5722ef77d23ee9340b379ca,0x3265c24e296401ba9bb56bba84a98f7974893fb4ba831c612c6aee4f8e36b5ba,
theo_n,20,34,false,9,9,offchain,500,30,2.312600,98.098700,209.841400,212.154000,10.126300,true,3104,,0x2fe6349b77f8b704a4b6fda6a67fa440bb1a7ac8a5722ef77d23ee9340b379ca,0x37a34c44838bbc5fb890e04ebc426a8b9e08b427b297c08c0aabe144b3adcf0c,
theo_n,20,35,false,9,9,offchain,500,31,1.092800,98.098700,216.328800,217.421600,9.018000,true,3104,,0x2fe6349b77f8b704a4b6fda6a67fa440bb1a7ac8a5722ef77d23ee9340b379ca,0x15f9e59991adcbfb9befc7df4a64145357c0258a75825b8d54edb79a3876ae09,
theo_n,20,36,false,9,9,offchain,500,32,1.573000,98.098700,207.598000,209.171000,8.320300,true,3104,,0x2fe6349b77f8b704a4b6fda6a67fa440bb1a7ac8a5722ef77d23ee9340b379ca,0x2a09e0c9376ab1887e8ed9bdda26a27447b81b76c47152c2d50104fc5626ecc3,
theo_n,20,37,false,9,9,offchain,500,33,1.350300,98.098700,233.264300,234.614600,7.806700,true,3104,,0x2fe6349b77f8b704a4b6fda6a67fa440bb1a7ac8a5722ef77d23ee9340b379ca,0x2a9f0a9dfefd0b687425dbc05c820a0f13332e787844dda043d22dd10df498a6,
theo_n,20,38,false,9,9,offchain,500,34,1.047600,98.098700,232.462100,233.509700,11.629800,true,3104,,0x2fe6349b77f8b704a4b6fda6a67fa440bb1a7ac8a5722ef77d23ee9340b379ca,0x09e02495203c5b1835b1ad1db270049b8a4119702d53dd5886a235a5996bb099,
theo_n,20,39,false,9,9,offchain,500,35,1.789600,98.098700,232.396900,234.186500,7.256700,true,3104,,0x2fe6349b77f8b704a4b6fda6a67fa440bb1a7ac8a5722ef77d23ee9340b379ca,0x15b24bdd1b4b0a5fc499fc6c2dac6f90ccd9b28ef26c850a65e3f88b5c06ccec,
theo_n,20,40,false,9,9,offchain,500,36,1.903600,98.098700,207.019900,208.923500,8.020100,true,3104,,0x2fe6349b77f8b704a4b6fda6a67fa440bb1a7ac8a5722ef77d23ee9340b379ca,0x137e941e9cc4e3016c6985e12467691777c8c4a841527789f6bd0dec5f565c59,
theo_n,20,41,false,9,9,offchain,500,37,1.045300,98.098700,221.689700,222.735000,11.456400,true,3104,,0x2fe6349b77f8b704a4b6fda6a67fa440bb1a7ac8a5722ef77d23ee9340b379ca,0x10cadd1521fa6c0179e0ee11c59d94bc5304a9bba12cff518811447f7919e2cf,
theo_n,20,42,false,9,9,offchain,500,38,1.864700,98.098700,240.553600,242.418300,7.520000,true,3104,,0x2fe6349b77f8b704a4b6fda6a67fa440bb1a7ac8a5722ef77d23ee9340b379ca,0x1ad7e7d5b9ef8cfc0e8304ce037203d2aa80e2e3fcc45eac7c2a356351250524,
theo_n,20,43,false,9,9,offchain,500,39,1.325800,98.098700,226.837000,228.162800,10.407700,true,3104,,0x2fe6349b77f8b704a4b6fda6a67fa440bb1a7ac8a5722ef77d23ee9340b379ca,0x36fe2e9f819dd0e65c674f1dee54da6f9c1a176a655df186b096a3562d852a5d,
theo_n,20,44,false,9,9,offchain,500,40,1.881300,98.098700,228.438000,230.319300,8.817600,true,3104,,0x2fe6349b77f8b704a4b6fda6a67fa440bb1a7ac8a5722ef77d23ee9340b379ca,0x097e34dde40b4321dd80c99af3ef8422ec3a73656e53dc07dbf162c1a7990a32,
theo_n,20,45,false,9,9,offchain,500,41,1.497000,98.098700,219.694700,221.191700,9.009600,true,3104,,0x2fe6349b77f8b704a4b6fda6a67fa440bb1a7ac8a5722ef77d23ee9340b379ca,0x2ca71bcca7bed8690446f6f35eb9fd301a721d2284d5a81310cbc89bc807c08e,
theo_n,20,46,false,9,9,offchain,500,42,1.530700,98.098700,223.810800,225.341500,7.498500,true,3104,,0x2fe6349b77f8b704a4b6fda6a67fa440bb1a7ac8a5722ef77d23ee9340b379ca,0x0eb7c2b13f35ce06c28ef680f6c4cfc8e527cd2cdca83ba49d331a8e5a1a2030,
theo_n,20,47,false,9,9,offchain,500,43,1.018200,98.098700,218.965300,219.983500,7.222600,true,3104,,0x2fe6349b77f8b704a4b6fda6a67fa440bb1a7ac8a5722ef77d23ee9340b379ca,0x34889aed5c7b552ca8c00a9c6ba49700ffd03085af8904500901bc4b08b58faf,
theo_n,20,48,false,9,9,offchain,500,44,0.973200,98.098700,193.628500,194.601700,6.966800,true,3104,,0x2fe6349b77f8b704a4b6fda6a67fa440bb1a7ac8a5722ef77d23ee9340b379ca,0x208406b0c74f9fd5c45c8ba2ee4f58074a9b3e8b67ad550e8c80895095d21eed,
theo_n,20,49,false,9,9,offchain,500,45,1.013700,98.098700,207.613600,208.627300,10.074400,true,3104,,0x2fe6349b77f8b704a4b6fda6a67fa440bb1a7ac8a5722ef77d23ee9340b379ca,0x1e6ba2529c1c51cd0ab99d61e03b52081a2b2f765f142557f0afeda0cff80314,
theo_n,20,50,false,9,9,offchain,500,46,2.031000,98.098700,228.886000,230.917000,8.007400,true,3104,,0x2fe6349b77f8b704a4b6fda6a67fa440bb1a7ac8a5722ef77d23ee9340b379ca,0x24f94e7f98d781cdf3066c1516e1288f985404d2f474d2be5266774f759c0039,
theo_n,20,51,false,9,9,offchain,500,47,0.980600,98.098700,191.532000,192.512600,8.930300,true,3104,,0x2fe6349b77f8b704a4b6fda6a67fa440bb1a7ac8a5722ef77d23ee9340b379ca,0x2bc29b9bb94e111d25dae872bbe9a152f2932fe5c2dcfe7eb4589c3e284bc396,
theo_n,20,52,false,9,9,offchain,500,48,1.010700,98.098700,218.742700,219.753400,10.485400,true,3104,,0x2fe6349b77f8b704a4b6fda6a67fa440bb1a7ac8a5722ef77d23ee9340b379ca,0x3f2c363255bd9ac2db73cd3a02d9edfe2fceaea459f1eae54a9417e23c73fada,
theo_n,20,53,false,9,9,offchain,500,49,1.813200,98.098700,208.016200,209.829400,8.782800,true,3104,,0x2fe6349b77f8b704a4b6fda6a67fa440bb1a7ac8a5722ef77d23ee9340b379ca,0x105b181bd6e1bf4ae344f18d215e64d69671f3453c5ff6e536444dcede6f7a8f,
theo_n,20,54,false,9,9,offchain,500,50,1.379800,98.098700,209.009400,210.389200,7.405700,true,3104,,0x2fe6349b77f8b704a4b6fda6a67fa440bb1a7ac8a5722ef77d23ee9340b379ca,0x367a05d4576bf040770a0dfac5509fa5d77a62782c579bdada5981fe12efaa67,
theo_n,20,55,false,9,9,offchain,500,51,1.678600,98.098700,187.633500,189.312100,7.465200,true,3104,,0x2fe6349b77f8b704a4b6fda6a67fa440bb1a7ac8a5722ef77d23ee9340b379ca,0x1112593ea96c064743ef0a2c5d82b857ff41e53ace5b4abe93b2df0e5fb58a59,
theo_n,20,56,false,9,9,offchain,500,52,1.036400,98.098700,207.210200,208.246600,10.117900,true,3104,,0x2fe6349b77f8b704a4b6fda6a67fa440bb1a7ac8a5722ef77d23ee9340b379ca,0x31b370304c7cff2f4a2864357ffd01bf85f723635ccd35fc4c428b4890f47af1,
theo_n,20,57,false,9,9,offchain,500,53,1.926100,98.098700,203.856400,205.782500,6.279600,true,3104,,0x2fe6349b77f8b704a4b6fda6a67fa440bb1a7ac8a5722ef77d23ee9340b379ca,0x3d3025827bdc7c1a4cbd2fa980467237f17ab492d307245233a87b8a643f14ab,
theo_n,20,58,false,9,9,offchain,500,54,1.569300,98.098700,216.143100,217.712400,10.981400,true,3104,,0x2fe6349b77f8b704a4b6fda6a67fa440bb1a7ac8a5722ef77d23ee9340b379ca,0x34d7867c81d1e736bb70575120a00d08e4553a45a5a5e8213e3ed3d5a862f77a,
theo_n,20,59,false,9,9,offchain,500,55,1.852700,98.098700,221.323000,223.175700,8.959100,true,3104,,0x2fe6349b77f8b704a4b6fda6a67fa440bb1a7ac8a5722ef77d23ee9340b379ca,0x0b7ae8d25e76a5df04d61997493591106f2d742c98bcb28761d82773bf2ab6b3,
theo_n,20,60,false,9,9,offchain,500,56,1.472300,98.098700,205.093900,206.566200,8.536900,true,3104,,0x2fe6349b77f8b704a4b6fda6a67fa440bb1a7ac8a5722ef77d23ee9340b379ca,0x356556a6e6dbcbcf708a745b17a7298946c2d98eb9c544686c018651329069f8,
theo_n,20,61,false,9,9,offchain,500,57,1.887000,98.098700,217.686000,219.573000,6.963200,true,3104,,0x2fe6349b77f8b704a4b6fda6a67fa440bb1a7ac8a5722ef77d23ee9340b379ca,0x35affd8d03feade30e8bcc85d92d5c1e1c3f07572f69a33b47602db639ddf4eb,
theo_n,20,62,false,9,9,offchain,500,58,1.012300,98.098700,212.632100,213.644400,7.640100,true,3104,,0x2fe6349b77f8b704a4b6fda6a67fa440bb1a7ac8a5722ef77d23ee9340b379ca,0x35d159d0434207d958c002bfb58c81e555036eebb77fc92f633d8e45e4138d3a,
theo_n,20,63,false,9,9,offchain,500,59,0.985100,98.098700,199.893700,200.878800,7.298800,true,3104,,0x2fe6349b77f8b704a4b6fda6a67fa440bb1a7ac8a5722ef77d23ee9340b379ca,0x33b7affbeb57a5b82b7b9d668af0c3c7fbda480046926717d3b00c571eb87be4,
theo_n,20,64,false,9,9,offchain,500,60,1.015400,98.098700,214.354900,215.370300,6.643600,true,3104,,0x2fe6349b77f8b704a4b6fda6a67fa440bb1a7ac8a5722ef77d23ee9340b379ca,0x296ae6ced3f1274fe7a3358843e0c842a75bda60b852b254b477f46d82eecc71,
theo_n,20,65,false,9,9,offchain,500,61,0.976800,98.098700,211.767500,212.744300,6.928300,true,3104,,0x2fe6349b77f8b704a4b6fda6a67fa440bb1a7ac8a5722ef77d23ee9340b379ca,0x175131215e7801d8395735d66582488a3f45cf21ca4ac3df1895dd49dca8490d,
theo_n,20,66,false,9,9,offchain,500,62,0.984400,98.098700,195.698500,196.682900,7.021000,true,3104,,0x2fe6349b77f8b704a4b6fda6a67fa440bb1a7ac8a5722ef77d23ee9340b379ca,0x3493b117c949b0c7fad43853e1a11f960ec57e40ed3fedbbe9f6ee98f440c1a2,
theo_n,20,67,false,9,9,offchain,500,63,1.012200,98.098700,194.001800,195.014000,7.343700,true,3104,,0x2fe6349b77f8b704a4b6fda6a67fa440bb1a7ac8a5722ef77d23ee9340b379ca,0x151375a0e2cab64803c0677384030f3bf8d86c80fe19936a69f563c59fab30b1,
theo_n,20,68,false,9,9,offchain,500,64,1.458000,98.098700,203.331300,204.789300,7.090400,true,3104,,0x2fe6349b77f8b704a4b6fda6a67fa440bb1a7ac8a5722ef77d23ee9340b379ca,0x30b5adb40a92895d5ed53a0eeaa9d3c785cd219d950238043d775a741b72bb2c,
theo_n,20,69,false,9,9,offchain,500,65,1.021600,98.098700,218.997900,220.019500,7.325400,true,3104,,0x2fe6349b77f8b704a4b6fda6a67fa440bb1a7ac8a5722ef77d23ee9340b379ca,0x1fc6ffb941b71d65890a8e4128804db657be13262093318e86e8b548e0617dcf,
theo_n,20,70,false,9,9,offchain,500,66,0.983900,98.098700,206.070300,207.054200,7.127300,true,3104,,0x2fe6349b77f8b704a4b6fda6a67fa440bb1a7ac8a5722ef77d23ee9340b379ca,0x1974a9d05c061a4d1440c8e3477485d22643c540777402f3ff4d1226b013dd7b,
theo_n,20,71,false,9,9,offchain,500,67,1.306600,98.098700,196.514200,197.820800,6.403100,true,3104,,0x2fe6349b77f8b704a4b6fda6a67fa440bb1a7ac8a5722ef77d23ee9340b379ca,0x236dbf65939ffa8990a49eac3c48842c8b57d7d33627159fd2f4de1b078902fb,
theo_n,20,72,false,9,9,offchain,500,68,1.019700,98.098700,207.220900,208.240600,7.589100,true,3104,,0x2fe6349b77f8b704a4b6fda6a67fa440bb1a7ac8a5722ef77d23ee9340b379ca,0x069866effa4c385eb367f3e53f17d9a75ce227086c72ae9ebb073fc645606741,
theo_n,20,73,false,9,9,offchain,500,69,1.011600,98.098700,216.261800,217.273400,7.393900,true,3104,,0x2fe6349b77f8b704a4b6fda6a67fa440bb1a7ac8a5722ef77d23ee9340b379ca,0x0c43daa5853350e5fcd53cbe3a9849e42382c8128e6dc59b4a82cd69f7f04379,
theo_n,20,74,false,9,9,offchain,500,70,0.945900,98.098700,203.563000,204.508900,8.477400,true,3104,,0x2fe6349b77f8b704a4b6fda6a67fa440bb1a7ac8a5722ef77d23ee9340b379ca,0x020d9be1a95e587f228ddbf0721bfd65be3457d210f44a88755fcf5c8c274fb9,
theo_n,20,75,false,9,9,offchain,500,71,1.546000,98.098700,222.339600,223.885600,9.809500,true,3104,,0x2fe6349b77f8b704a4b6fda6a67fa440bb1a7ac8a5722ef77d23ee9340b379ca,0x1a892e6a7dc74c42986987fd5e36d2b0742f47af2460dbf0d9fe60320a89d30c,
theo_n,20,76,false,9,9,offchain,500,72,1.466000,98.098700,222.204300,223.670300,7.302300,true,3104,,0x2fe6349b77f8b704a4b6fda6a67fa440bb1a7ac8a5722ef77d23ee9340b379ca,0x24012d177461a632d9c00545fb9834207a4f0913b93c92f9dc477d249a4f5b8b,
theo_n,20,77,false,9,9,offchain,500,73,0.978600,98.098700,195.977500,196.956100,10.144700,true,3104,,0x2fe6349b77f8b704a4b6fda6a67fa440bb1a7ac8a5722ef77d23ee9340b379ca,0x15ddc7f941eb827dc742c94242cdb4202a7531ffe2e1320abb9f2e10c4d46bba,
theo_n,20,78,false,9,9,offchain,500,74,0.978500,98.098700,192.351800,193.330300,9.326800,true,3104,,0x2fe6349b77f8b704a4b6fda6a67fa440bb1a7ac8a5722ef77d23ee9340b379ca,0x0bef9a92e07a5e21d94c0109eaaf18de8f6698543279171aea36f65fee1fe308,
theo_n,20,79,false,9,9,offchain,500,75,1.754400,98.098700,207.400300,209.154700,7.381200,true,3104,,0x2fe6349b77f8b704a4b6fda6a67fa440bb1a7ac8a5722ef77d23ee9340b379ca,0x293dbbf2e0ee6a2c3f9223b121d1a2cfd00c97f67d78970374e17dd67a1d74bc,
theo_n,20,80,false,9,9,offchain,500,76,1.009900,98.098700,195.352900,196.362800,11.475700,true,3104,,0x2fe6349b77f8b704a4b6fda6a67fa440bb1a7ac8a5722ef77d23ee9340b379ca,0x112b1e399fc3ea2c4aa6bc7984dc59c250534aaf21590b036ca8a9e49ec93728,
theo_n,20,81,false,9,9,offchain,500,77,1.893800,98.098700,218.452500,220.346300,9.018800,true,3104,,0x2fe6349b77f8b704a4b6fda6a67fa440bb1a7ac8a5722ef77d23ee9340b379ca,0x2c391d862675b985122b7bde54e8a2413c33251b7ffea59b3eecf9be7a7ab553,
theo_n,20,82,false,9,9,offchain,500,78,1.596700,98.098700,207.163100,208.759800,11.337600,true,3104,,0x2fe6349b77f8b704a4b6fda6a67fa440bb1a7ac8a5722ef77d23ee9340b379ca,0x2b063c3c5c49d33b2da3b817ec149aeae6d7a130d98f861a5ee98a2c27732ff6,
theo_n,20,83,false,9,9,offchain,500,79,1.861000,98.098700,198.505300,200.366300,6.148000,true,3104,,0x2fe6349b77f8b704a4b6fda6a67fa440bb1a7ac8a5722ef77d23ee9340b379ca,0x03a944ffedcb6bd46ba34969f9ffb92fb3a4bf32edf50f1fdbd95a6f28a4f8d5,
theo_n,20,84,false,9,9,offchain,500,80,0.982400,98.098700,207.968300,208.950700,8.755500,true,3104,,0x2fe6349b77f8b704a4b6fda6a67fa440bb1a7ac8a5722ef77d23ee9340b379ca,0x226db5137513309d4a578e1f59e1687c5f8889c53b1e62025e1a3b2ccf3a2eec,
theo_n,20,85,false,9,9,offchain,500,81,1.430800,98.098700,197.444400,198.875200,8.514700,true,3104,,0x2fe6349b77f8b704a4b6fda6a67fa440bb1a7ac8a5722ef77d23ee9340b379ca,0x2327c5299fb59360173e53531f8cfb46faae6cbd3a39b734d4ac13a79305c10c,
theo_n,20,86,false,9,9,offchain,500,82,1.383500,98.098700,205.587700,206.971200,9.378900,true,3104,,0x2fe6349b77f8b704a4b6fda6a67fa440bb1a7ac8a5722ef77d23ee9340b379ca,0x1461edaabe49fbac3d272dd17fa989d2232a197f9f33322d31517a085e7074f6,
theo_n,20,87,false,9,9,offchain,500,83,1.134500,98.098700,213.053400,214.187900,8.928400,true,3104,,0x2fe6349b77f8b704a4b6fda6a67fa440bb1a7ac8a5722ef77d23ee9340b379ca,0x036eb7ef90ea532940cdc20ddf72d9e73001492b4888e85fc17a9f09d7452fca,
theo_n,20,88,false,9,9,offchain,500,84,1.371900,98.098700,203.384000,204.755900,10.112700,true,3104,,0x2fe6349b77f8b704a4b6fda6a67fa440bb1a7ac8a5722ef77d23ee9340b379ca,0x031f5573c450699b4dded04131f53dd85bb0e4432251025023c38abb65b61e56,
theo_n,20,89,false,9,9,offchain,500,85,1.414300,98.098700,211.609900,213.024200,7.454900,true,3104,,0x2fe6349b77f8b704a4b6fda6a67fa440bb1a7ac8a5722ef77d23ee9340b379ca,0x156c7ab873f453c200252bcd74f48164369d02b50a57d9689bc723194b8b3802,
theo_n,20,90,false,9,9,offchain,500,86,0.980400,98.098700,205.703700,206.684100,10.213600,true,3104,,0x2fe6349b77f8b704a4b6fda6a67fa440bb1a7ac8a5722ef77d23ee9340b379ca,0x331138e04ece8a2e6cbb3bc5d980ffb4f9dde1068e227fdb9832b846faaeca0e,
theo_n,20,91,false,9,9,offchain,500,87,1.648700,98.098700,214.862300,216.511000,7.004100,true,3104,,0x2fe6349b77f8b704a4b6fda6a67fa440bb1a7ac8a5722ef77d23ee9340b379ca,0x089d1aa1c2473d25b78af6935dcb93bd07aebbac0257d4d611f18fb5f545beeb,
theo_n,20,92,false,9,9,offchain,500,88,1.300000,98.098700,203.303700,204.603700,7.436000,true,3104,,0x2fe6349b77f8b704a4b6fda6a67fa440bb1a7ac8a5722ef77d23ee9340b379ca,0x1e93ea44a887f2e8fd076e0c7713ae9d34036e5aee4404a35e4b44acd32346c5,
theo_n,20,93,false,9,9,offchain,500,89,1.010000,98.098700,199.301200,200.311200,8.573200,true,3104,,0x2fe6349b77f8b704a4b6fda6a67fa440bb1a7ac8a5722ef77d23ee9340b379ca,0x1e123929cf2884f04173384ef96a723d1629eafc520534c33d5c33cbc548d4e0,
theo_n,20,94,false,9,9,offchain,500,90,1.496700,98.098700,203.816100,205.312800,7.316200,true,3104,,0x2fe6349b77f8b704a4b6fda6a67fa440bb1a7ac8a5722ef77d23ee9340b379ca,0x07e2ce03aef8e0a6f9039888b6581209d9b4511b0045717f795cd28f3fae8498,
theo_n,20,95,false,9,9,offchain,500,91,1.033200,98.098700,193.501800,194.535000,8.509100,true,3104,,0x2fe6349b77f8b704a4b6fda6a67fa440bb1a7ac8a5722ef77d23ee9340b379ca,0x22742fe979ce969d4cdb11f8076cc0152138d594231440b7590a9792caa27ff7,
theo_n,20,96,false,9,9,offchain,500,92,1.832800,98.098700,209.451600,211.284400,9.802100,true,3104,,0x2fe6349b77f8b704a4b6fda6a67fa440bb1a7ac8a5722ef77d23ee9340b379ca,0x2c9d50760aaf6391e556a5ba1c0804e54a3fda00913318e43a266220c37eb935,
theo_n,20,97,false,9,9,offchain,500,93,1.251300,98.098700,205.671700,206.923000,7.797600,true,3104,,0x2fe6349b77f8b704a4b6fda6a67fa440bb1a7ac8a5722ef77d23ee9340b379ca,0x3a752b4e6c05bd74df2d94939f850a55f28a17cceaae03d38743bd8ff61e3d5d,
theo_n,20,98,false,9,9,offchain,500,94,1.081300,98.098700,201.215100,202.296400,6.181900,true,3104,,0x2fe6349b77f8b704a4b6fda6a67fa440bb1a7ac8a5722ef77d23ee9340b379ca,0x3925e2a85c45e174b3dfeacf4d2c36c0b1ae3ff62b57faffa83a135bc086fce8,
theo_n,20,99,false,9,9,offchain,500,95,1.027200,98.098700,204.999600,206.026800,10.801800,true,3104,,0x2fe6349b77f8b704a4b6fda6a67fa440bb1a7ac8a5722ef77d23ee9340b379ca,0x022f8d0056933c95a43ba5b04cd9ad652953a2b5d0d3aea294037033125f5765,
theo_n,20,100,false,9,9,offchain,500,96,1.924300,98.098700,233.609200,235.533500,9.897100,true,3104,,0x2fe6349b77f8b704a4b6fda6a67fa440bb1a7ac8a5722ef77d23ee9340b379ca,0x1e9e2ade609569ab986455245dcd3a8d2cd79d70b61138c0bbd820794bef794a,
theo_n,20,101,false,9,9,offchain,500,97,1.608700,98.098700,235.038800,236.647500,9.116900,true,3104,,0x2fe6349b77f8b704a4b6fda6a67fa440bb1a7ac8a5722ef77d23ee9340b379ca,0x0ea9443dedf0f039461915c560ef0cd5202bc412a1277392db3c9b94736e19df,
theo_n,20,102,false,9,9,offchain,500,98,1.352300,98.098700,228.887900,230.240200,9.546400,true,3104,,0x2fe6349b77f8b704a4b6fda6a67fa440bb1a7ac8a5722ef77d23ee9340b379ca,0x33d4f89aea0692092e94f05f3633d908bf3138cbfc5e1524f6fdeddce4b4e37b,
theo_n,20,103,false,9,9,offchain,500,99,1.481500,98.098700,225.756400,227.237900,7.028600,true,3104,,0x2fe6349b77f8b704a4b6fda6a67fa440bb1a7ac8a5722ef77d23ee9340b379ca,0x2b4e96ee32f42f486de93dd2eb20d76741a3b2ea70a7b41595a5a54555e92a95,
theo_n,20,104,false,9,9,offchain,500,100,0.922900,98.098700,205.789700,206.712600,10.306600,true,3104,,0x2fe6349b77f8b704a4b6fda6a67fa440bb1a7ac8a5722ef77d23ee9340b379ca,0x07dd3f3c07969f48e22eaefcb1c5569a39fc4b5885b4a1a410401d462bfbb021,
theo_n,20,105,false,9,9,offchain,500,101,1.577400,98.098700,209.745400,211.322800,9.463300,true,3104,,0x2fe6349b77f8b704a4b6fda6a67fa440bb1a7ac8a5722ef77d23ee9340b379ca,0x0e7c2cec7b8eb7ce364425826dcf236c306113c8e5096126d3d3ca58007f19a9,
theo_n,20,106,false,9,9,offchain,500,102,1.298700,98.098700,221.435600,222.734300,10.818900,true,3104,,0x2fe6349b77f8b704a4b6fda6a67fa440bb1a7ac8a5722ef77d23ee9340b379ca,0x069e4120e2f7b77982127dc2138ad2c56e45d0e048c76797782b2a01372efecf,
theo_n,20,107,false,9,9,offchain,500,103,1.778800,98.098700,220.879400,222.658200,10.703900,true,3104,,0x2fe6349b77f8b704a4b6fda6a67fa440bb1a7ac8a5722ef77d23ee9340b379ca,0x1ee271b4609e05c1ab103aa937284d86c9dd1b64ab6e491e602267a604692b62,
theo_n,20,108,false,9,9,offchain,500,104,1.548500,98.098700,210.425400,211.973900,7.572700,true,3104,,0x2fe6349b77f8b704a4b6fda6a67fa440bb1a7ac8a5722ef77d23ee9340b379ca,0x18746a559176446a8ab51169501690db7490a782636c8990c5bbaea396bd0089,
theo_n,20,109,false,9,9,offchain,500,105,0.984600,98.098700,225.281000,226.265600,11.412900,true,3104,,0x2fe6349b77f8b704a4b6fda6a67fa440bb1a7ac8a5722ef77d23ee9340b379ca,0x3603939325fcca133581f5e01b0a873c4fb86ff8c8501029242d231030ae4730,
theo_n,20,110,false,9,9,offchain,500,106,1.972600,98.098700,226.042000,228.014600,7.541400,true,3104,,0x2fe6349b77f8b704a4b6fda6a67fa440bb1a7ac8a5722ef77d23ee9340b379ca,0x0309957ed4a228beae35d67e8be5072b3906f9fcf498fd7b8edd8f5cc1e90b88,
theo_n,20,111,false,9,9,offchain,500,107,1.015400,98.098700,215.743900,216.759300,9.006000,true,3104,,0x2fe6349b77f8b704a4b6fda6a67fa440bb1a7ac8a5722ef77d23ee9340b379ca,0x0e535e810973fbba586c3e7e8a4861b5d0379a483763a0b061dea657c3c82ba1,
theo_n,20,112,false,9,9,offchain,500,108,1.589800,98.098700,218.854900,220.444700,7.129700,true,3104,,0x2fe6349b77f8b704a4b6fda6a67fa440bb1a7ac8a5722ef77d23ee9340b379ca,0x2eb59862fcca804139e5e625af2d2e58ca75ea2cbe558917f84c9049f03acf89,
theo_n,20,113,false,9,9,offchain,500,109,1.549800,98.098700,216.142500,217.692300,8.029800,true,3104,,0x2fe6349b77f8b704a4b6fda6a67fa440bb1a7ac8a5722ef77d23ee9340b379ca,0x0eb03cbc9ef61500ebf9525588c063fb9b3da9023a8e98f4e422fbc8b83d21b1,
theo_n,20,114,false,9,9,offchain,500,110,1.816000,98.098700,219.041200,220.857200,9.094300,true,3104,,0x2fe6349b77f8b704a4b6fda6a67fa440bb1a7ac8a5722ef77d23ee9340b379ca,0x2ac49a4ce2066f1f950b20ddfcb22fb7b78f06ff7fc85c670eb62aa061a87187,
theo_n,20,115,false,9,9,offchain,500,111,1.910900,98.098700,214.051200,215.962100,11.098700,true,3104,,0x2fe6349b77f8b704a4b6fda6a67fa440bb1a7ac8a5722ef77d23ee9340b379ca,0x3fedb8027593a48bc73096ede0cc86b15ecc486ec6a5cce25e52762ed90b53e5,
theo_n,20,116,false,9,9,offchain,500,112,1.868800,98.098700,203.681400,205.550200,8.884500,true,3104,,0x2fe6349b77f8b704a4b6fda6a67fa440bb1a7ac8a5722ef77d23ee9340b379ca,0x048dad16b9456d602a09fa4858215cb8db44318b5e5f2cdb8c55d30b16a04ecd,
theo_n,20,117,false,9,9,offchain,500,113,1.847100,98.098700,212.794600,214.641700,9.506000,true,3104,,0x2fe6349b77f8b704a4b6fda6a67fa440bb1a7ac8a5722ef77d23ee9340b379ca,0x3a0f925adf8dcb5a9007b938d68416ada618ec3a24ccb916238a7503423eb662,
theo_n,20,118,false,9,9,offchain,500,114,1.081500,98.098700,205.796100,206.877600,9.442000,true,3104,,0x2fe6349b77f8b704a4b6fda6a67fa440bb1a7ac8a5722ef77d23ee9340b379ca,0x1f8dfb17f1ed7fd6841c4acacd125800bd853f2037fb0b9f940d34a73849f015,
theo_n,20,119,false,9,9,offchain,500,115,1.652600,98.098700,216.743300,218.395900,8.439800,true,3104,,0x2fe6349b77f8b704a4b6fda6a67fa440bb1a7ac8a5722ef77d23ee9340b379ca,0x07bb3c6e78f4931129730cc25a5ebad89b00ac25faa34a030e5bfd6731e85674,
theo_n,20,120,false,9,9,offchain,500,116,1.795300,98.098700,203.204900,205.000200,6.989900,true,3104,,0x2fe6349b77f8b704a4b6fda6a67fa440bb1a7ac8a5722ef77d23ee9340b379ca,0x0f8a51ebe6181317894fee2445b9ee879f41541327aadc9716339ddaa2011394,
theo_n,20,121,false,9,9,offchain,500,117,0.999100,98.098700,216.463100,217.462200,9.502900,true,3104,,0x2fe6349b77f8b704a4b6fda6a67fa440bb1a7ac8a5722ef77d23ee9340b379ca,0x3258a1b5cb69e9110e9233821657be6749c3bc471f62caa7965fd6bbe878a6b3,
theo_n,20,122,false,9,9,offchain,500,118,1.599400,98.098700,195.258600,196.858000,11.128300,true,3104,,0x2fe6349b77f8b704a4b6fda6a67fa440bb1a7ac8a5722ef77d23ee9340b379ca,0x0b4cf66301a979297eb4cef7143a3682226951e81dece88c104598edfa32bb85,
theo_n,20,123,false,9,9,offchain,500,119,1.961700,98.098700,215.850900,217.812600,7.384500,true,3104,,0x2fe6349b77f8b704a4b6fda6a67fa440bb1a7ac8a5722ef77d23ee9340b379ca,0x34a220c56a32ce4457faa733c28fe8ee0c8ba0a43da4c315660071848d20df18,
theo_n,20,124,false,9,9,offchain,500,120,0.975400,98.098700,211.572900,212.548300,7.979400,true,3104,,0x2fe6349b77f8b704a4b6fda6a67fa440bb1a7ac8a5722ef77d23ee9340b379ca,0x068aa72ec6c7edbcc433477b49b79c9fc5b18b94a01b5d659330c7a316f3de52,
theo_n,20,125,false,9,9,offchain,500,121,2.307900,98.098700,194.004800,196.312700,6.253100,true,3104,,0x2fe6349b77f8b704a4b6fda6a67fa440bb1a7ac8a5722ef77d23ee9340b379ca,0x05910f7ef3cccefaa26c691a704fc7c2a067f59954c37580e9918504530860f3,
theo_n,20,126,false,9,9,offchain,500,122,1.264800,98.098700,210.441500,211.706300,9.797900,true,3104,,0x2fe6349b77f8b704a4b6fda6a67fa440bb1a7ac8a5722ef77d23ee9340b379ca,0x2930049629a267aaa310ccce1d3a825b16928a8eae5424f1295da642ca91151e,
theo_n,20,127,false,9,9,offchain,500,123,1.847700,98.098700,218.464700,220.312400,7.655700,true,3104,,0x2fe6349b77f8b704a4b6fda6a67fa440bb1a7ac8a5722ef77d23ee9340b379ca,0x2867e36b12f207389b85f3a7f86ae38b2c25f5cef79359d3774eb971b87710ed,
theo_n,20,128,false,9,9,offchain,500,124,1.505700,98.098700,213.109000,214.614700,11.276700,true,3104,,0x2fe6349b77f8b704a4b6fda6a67fa440bb1a7ac8a5722ef77d23ee9340b379ca,0x21557e7edae2f2f3f591cd9dab903ca6c63f3d7fbfdf3770ed8988d5802bacc4,
theo_n,20,129,false,9,9,offchain,500,125,1.955500,98.098700,228.351800,230.307300,7.606900,true,3104,,0x2fe6349b77f8b704a4b6fda6a67fa440bb1a7ac8a5722ef77d23ee9340b379ca,0x0fde42439e029c080aebfe416b4f08e942d48d8f6d6a8d74d04bed8be3e1ed4b,
theo_n,20,130,false,9,9,offchain,500,126,1.306100,98.098700,220.674200,221.980300,5.950300,true,3104,,0x2fe6349b77f8b704a4b6fda6a67fa440bb1a7ac8a5722ef77d23ee9340b379ca,0x18c1b63ff8bbc1ea27b23ff824ecd084d481e647209ff99aa2ee13536afebf89,
theo_n,20,131,false,9,9,offchain,500,127,1.137900,98.098700,219.670900,220.808800,7.970300,true,3104,,0x2fe6349b77f8b704a4b6fda6a67fa440bb1a7ac8a5722ef77d23ee9340b379ca,0x1a79364a02b8abffda572de7da4499fa1cf6831620760579f9d0ec0961bba3a4,
theo_n,20,132,false,9,9,offchain,500,128,1.155200,98.098700,212.037200,213.192400,8.217600,true,3104,,0x2fe6349b77f8b704a4b6fda6a67fa440bb1a7ac8a5722ef77d23ee9340b379ca,0x0d1f3966fbb5632d1ddb8e1a83bed32d1e264a779841ee03a7ae4a67ea4aa1dc,
theo_n,20,133,false,9,9,offchain,500,129,1.987700,98.098700,216.035200,218.022900,7.336600,true,3104,,0x2fe6349b77f8b704a4b6fda6a67fa440bb1a7ac8a5722ef77d23ee9340b379ca,0x1516595735d5162e2a80b7eb0a22c57c57293051021f5154248f15e3e5191242,
theo_n,20,134,false,9,9,offchain,500,130,1.589000,98.098700,220.264200,221.853200,10.453200,true,3104,,0x2fe6349b77f8b704a4b6fda6a67fa440bb1a7ac8a5722ef77d23ee9340b379ca,0x2b218a7c4d1925e12f52195683b8baa6cfffe3df84bb3b7bbbc793689e7c83cf,
theo_n,20,135,false,9,9,offchain,500,131,1.644800,98.098700,195.714900,197.359700,7.031300,true,3104,,0x2fe6349b77f8b704a4b6fda6a67fa440bb1a7ac8a5722ef77d23ee9340b379ca,0x25aefaa0411f101d91baa21b0091f5694ab2599803c26962de027fc233035fe3,
theo_n,20,136,false,9,9,offchain,500,132,1.783800,98.098700,201.846100,203.629900,6.908300,true,3104,,0x2fe6349b77f8b704a4b6fda6a67fa440bb1a7ac8a5722ef77d23ee9340b379ca,0x17a70a53683d4b040c36c1fe255183f32f5dc797999a9319f4f4112c6a9a7c7e,
theo_n,20,137,false,9,9,offchain,500,133,1.002200,98.098700,214.160600,215.162800,6.909600,true,3104,,0x2fe6349b77f8b704a4b6fda6a67fa440bb1a7ac8a5722ef77d23ee9340b379ca,0x3399af32c63ecf5d04c6da4150a7cbff1075ef256625390233572dc8c51752ea,
theo_n,20,138,false,9,9,offchain,500,134,1.671900,98.098700,209.343500,211.015400,11.195700,true,3104,,0x2fe6349b77f8b704a4b6fda6a67fa440bb1a7ac8a5722ef77d23ee9340b379ca,0x2059c189bc871bf75ae46ccf0ba03b0242f2d9bf028cfd144bd09b783e6486a7,
theo_n,20,139,false,9,9,offchain,500,135,1.933500,98.098700,215.808800,217.742300,7.684400,true,3104,,0x2fe6349b77f8b704a4b6fda6a67fa440bb1a7ac8a5722ef77d23ee9340b379ca,0x01483b9f8413ba2c3770285aa5ca88003e247d038f65cf7c8e04329bd4ef9fb1,
theo_n,20,140,false,9,9,offchain,500,136,1.149900,98.098700,198.818100,199.968000,8.742000,true,3104,,0x2fe6349b77f8b704a4b6fda6a67fa440bb1a7ac8a5722ef77d23ee9340b379ca,0x3182b27c7f50b4f5591b48ea82a6812efc41aae5e762f089dcbfc44ffce137a0,
theo_n,20,141,false,9,9,offchain,500,137,1.759000,98.098700,191.878000,193.637000,7.405100,true,3104,,0x2fe6349b77f8b704a4b6fda6a67fa440bb1a7ac8a5722ef77d23ee9340b379ca,0x12b939036c5f5a6600e63b632922fc5585be477ef3b774b41eabcea9dde66bb9,
theo_n,20,142,false,9,9,offchain,500,138,1.016000,98.098700,198.925900,199.941900,9.374800,true,3104,,0x2fe6349b77f8b704a4b6fda6a67fa440bb1a7ac8a5722ef77d23ee9340b379ca,0x2c16b467a197afddb78e8a9e5831939c4dc8c1a85d9b04498c8dd859dc41ca60,
theo_n,20,143,false,9,9,offchain,500,139,1.012600,98.098700,210.281800,211.294400,9.217300,true,3104,,0x2fe6349b77f8b704a4b6fda6a67fa440bb1a7ac8a5722ef77d23ee9340b379ca,0x079b101af881ff3d804382dee9b96204698a0119a104b27bc0d7571326b7fde0,
theo_n,20,144,false,9,9,offchain,500,140,1.559000,98.098700,184.754200,186.313200,7.053200,true,3104,,0x2fe6349b77f8b704a4b6fda6a67fa440bb1a7ac8a5722ef77d23ee9340b379ca,0x19e60459517470537cdda65f9350fcb29de1d18f6de3ce2d26d063453f7a941c,
theo_n,20,145,false,9,9,offchain,500,141,1.926000,98.098700,215.577200,217.503200,8.243700,true,3104,,0x2fe6349b77f8b704a4b6fda6a67fa440bb1a7ac8a5722ef77d23ee9340b379ca,0x10eb3619499b37f4eeb5f8ce964a3da71095b68758dd7850248ab17def031631,
theo_n,20,146,false,9,9,offchain,500,142,1.021300,98.098700,218.494300,219.515600,7.942000,true,3104,,0x2fe6349b77f8b704a4b6fda6a67fa440bb1a7ac8a5722ef77d23ee9340b379ca,0x32f8601d3837a69cf0d53a7149a6ef9e290a6611a6328205091345073425a736,
theo_n,20,147,false,9,9,offchain,500,143,1.625400,98.098700,208.582000,210.207400,8.368600,true,3104,,0x2fe6349b77f8b704a4b6fda6a67fa440bb1a7ac8a5722ef77d23ee9340b379ca,0x398fc2634d5f6ca65eb333e515f35ee4c90fceb72ef92352576d5be9db50547a,
theo_n,20,148,false,9,9,offchain,500,144,1.613500,98.098700,219.796400,221.409900,7.790100,true,3104,,0x2fe6349b77f8b704a4b6fda6a67fa440bb1a7ac8a5722ef77d23ee9340b379ca,0x3e8ea1b06127b0023d665df6ed81fea19d43191da36ed477807d90072f8c1815,
theo_n,20,149,false,9,9,offchain,500,145,0.981100,98.098700,201.160700,202.141800,8.643700,true,3104,,0x2fe6349b77f8b704a4b6fda6a67fa440bb1a7ac8a5722ef77d23ee9340b379ca,0x2c50b4f04b0b926fe4c16e8f9aaa9aa8ad930e9a47866c1e50e4e68f58906bd8,
theo_n,20,150,false,9,9,offchain,500,146,1.310100,98.098700,197.959900,199.270000,6.969100,true,3104,,0x2fe6349b77f8b704a4b6fda6a67fa440bb1a7ac8a5722ef77d23ee9340b379ca,0x39a11cfc282eb588d3eb0fc40a8c7d8851fabcfad82e23c8b4cf395526b35b9d,
theo_n,20,151,false,9,9,offchain,500,147,0.986900,98.098700,200.670500,201.657400,6.125400,true,3104,,0x2fe6349b77f8b704a4b6fda6a67fa440bb1a7ac8a5722ef77d23ee9340b379ca,0x3775c61e39491aaa4e9ab624a54cd1dc6c02f169415dbcd7f46790d1a41d7959,
theo_n,20,152,false,9,9,offchain,500,148,1.021900,98.098700,223.197100,224.219000,7.241000,true,3104,,0x2fe6349b77f8b704a4b6fda6a67fa440bb1a7ac8a5722ef77d23ee9340b379ca,0x05f3478da4c9280431de1020e72a42e0a6930273bf7a93480c2dfbbbe6033d06,
theo_n,20,153,false,9,9,offchain,500,149,1.010900,98.098700,199.526200,200.537100,6.222700,true,3104,,0x2fe6349b77f8b704a4b6fda6a67fa440bb1a7ac8a5722ef77d23ee9340b379ca,0x030cce050af4b5d35d4022cbcb0373675ad6997be5109433676c856817260626,
theo_n,20,154,false,9,9,offchain,500,150,1.198800,98.098700,191.310500,192.509300,6.042700,true,3104,,0x2fe6349b77f8b704a4b6fda6a67fa440bb1a7ac8a5722ef77d23ee9340b379ca,0x111c7ea6a37c67383e91eaf03f5ab3472bcbc5bf9bbe05827503e4959341a4a1,
theo_n,20,155,false,9,9,offchain,500,151,1.022300,98.098700,195.617400,196.639700,7.105600,true,3104,,0x2fe6349b77f8b704a4b6fda6a67fa440bb1a7ac8a5722ef77d23ee9340b379ca,0x2bfee613bf81411c56d7ef0c003115e225069dab061b90e23a92b98c8ddb26f0,
theo_n,20,156,false,9,9,offchain,500,152,1.058700,98.098700,202.951700,204.010400,6.257400,true,3104,,0x2fe6349b77f8b704a4b6fda6a67fa440bb1a7ac8a5722ef77d23ee9340b379ca,0x383da1d3cf2b4eeffc1b06c810cfe86468f9bf5b7fe643f0b697fc5e1b8ab292,
theo_n,20,157,false,9,9,offchain,500,153,1.053000,98.098700,211.175800,212.228800,10.184700,true,3104,,0x2fe6349b77f8b704a4b6fda6a67fa440bb1a7ac8a5722ef77d23ee9340b379ca,0x3f2d01f65c8b8e3be93bcde41582075e16e5aeb952017f8f2da5e019d3e11bb3,
theo_n,20,158,false,9,9,offchain,500,154,1.519600,98.098700,205.440200,206.959800,10.211300,true,3104,,0x2fe6349b77f8b704a4b6fda6a67fa440bb1a7ac8a5722ef77d23ee9340b379ca,0x21380923866f671c7121d7026e7893bebc3ad0fd1eafa54a6c1ef9f7cf52785d,
theo_n,20,159,false,9,9,offchain,500,155,1.766700,98.098700,219.954800,221.721500,8.094100,true,3104,,0x2fe6349b77f8b704a4b6fda6a67fa440bb1a7ac8a5722ef77d23ee9340b379ca,0x34771d528051bff6572f82c1c48e74a8bba5258f56d6ff8bacddf42e45104d6a,
theo_n,20,160,false,9,9,offchain,500,156,1.120600,98.098700,199.499800,200.620400,9.636400,true,3104,,0x2fe6349b77f8b704a4b6fda6a67fa440bb1a7ac8a5722ef77d23ee9340b379ca,0x2100784b517b09d67e349bb488427c6b04de23e145a8194874ed65a9310e8861,
theo_n,20,161,false,9,9,offchain,500,157,1.699400,98.098700,213.225100,214.924500,7.648900,true,3104,,0x2fe6349b77f8b704a4b6fda6a67fa440bb1a7ac8a5722ef77d23ee9340b379ca,0x0285a09a47a8fa691ba13880fdc9852c771638cc32c694d8b098031a4eb27497,
theo_n,20,162,false,9,9,offchain,500,158,1.475300,98.098700,199.069400,200.544700,6.054300,true,3104,,0x2fe6349b77f8b704a4b6fda6a67fa440bb1a7ac8a5722ef77d23ee9340b379ca,0x1f6bee0fa69b1da9fd33c886502eb4f4125a1cb202a6c0edabcd48c39e3e5c00,
theo_n,20,163,false,9,9,offchain,500,159,1.020700,98.098700,202.697800,203.718500,6.276200,true,3104,,0x2fe6349b77f8b704a4b6fda6a67fa440bb1a7ac8a5722ef77d23ee9340b379ca,0x003bd1345f5975eabb5f63ea452e1b10998e7652b3623d6c6193d19e6398d8c6,
theo_n,20,164,false,9,9,offchain,500,160,1.060600,98.098700,212.686500,213.747100,7.700000,true,3104,,0x2fe6349b77f8b704a4b6fda6a67fa440bb1a7ac8a5722ef77d23ee9340b379ca,0x2921ba822ad6d8a81a6279252f1b385f548fe3027ab76082a833a84cfc2abe09,
theo_n,20,165,false,9,9,offchain,500,161,1.008400,98.098700,202.006700,203.015100,7.721500,true,3104,,0x2fe6349b77f8b704a4b6fda6a67fa440bb1a7ac8a5722ef77d23ee9340b379ca,0x29c4fa1e011e41b79a4af8eb2aa0d14b9a4beecaa1acfd3045ecc3ef3b06c2bd,
theo_n,20,166,false,9,9,offchain,500,162,1.451600,98.098700,216.164000,217.615600,7.737100,true,3104,,0x2fe6349b77f8b704a4b6fda6a67fa440bb1a7ac8a5722ef77d23ee9340b379ca,0x390b3baa40fc93b19b64ec900799079cc4c47fd9f7287fa8ebc0a95218b87163,
theo_n,20,167,false,9,9,offchain,500,163,1.705500,98.098700,202.967600,204.673100,11.057000,true,3104,,0x2fe6349b77f8b704a4b6fda6a67fa440bb1a7ac8a5722ef77d23ee9340b379ca,0x20865171893a06ff4935b221f4e2776f8cbd781eff8b1f83b803d8808c58ec6a,
theo_n,20,168,false,9,9,offchain,500,164,1.884000,98.098700,209.208400,211.092400,9.863100,true,3104,,0x2fe6349b77f8b704a4b6fda6a67fa440bb1a7ac8a5722ef77d23ee9340b379ca,0x29a76e3cc1f9dba9d4312df5f4a14fb4144d14d8831f4765b0bfe43a2e33262b,
theo_n,20,169,false,9,9,offchain,500,165,1.606700,98.098700,213.877800,215.484500,9.173300,true,3104,,0x2fe6349b77f8b704a4b6fda6a67fa440bb1a7ac8a5722ef77d23ee9340b379ca,0x3ef54336234b9d64663652777cdf64f3e2319565d9b5d8726d67f181df78046e,
theo_n,20,170,false,9,9,offchain,500,166,1.035400,98.098700,192.516100,193.551500,6.810300,true,3104,,0x2fe6349b77f8b704a4b6fda6a67fa440bb1a7ac8a5722ef77d23ee9340b379ca,0x33ec92559f58db46a2b4bc334db12e3522bc765c8b0977fcc99f3c725ba58f61,
theo_n,20,171,false,9,9,offchain,500,167,1.014200,98.098700,218.893800,219.908000,9.047800,true,3104,,0x2fe6349b77f8b704a4b6fda6a67fa440bb1a7ac8a5722ef77d23ee9340b379ca,0x1bbfa9f6bb6015919b05a65c69f9bb223d1743a2bd6956aadaaf608e0975c1a0,
theo_n,20,172,false,9,9,offchain,500,168,1.273600,98.098700,204.912600,206.186200,10.871000,true,3104,,0x2fe6349b77f8b704a4b6fda6a67fa440bb1a7ac8a5722ef77d23ee9340b379ca,0x3fcd47ce60762213f034ff04d8625884009e0ea9271e7aab6597ecedddd619bb,
theo_n,20,173,false,9,9,offchain,500,169,1.528800,98.098700,200.051100,201.579900,8.487300,true,3104,,0x2fe6349b77f8b704a4b6fda6a67fa440bb1a7ac8a5722ef77d23ee9340b379ca,0x2fcea9f4f817a98ab8811bf19be916be59700107f1afe7ba961d3dc7691231dc,
theo_n,20,174,false,9,9,offchain,500,170,1.474900,98.098700,206.076800,207.551700,10.479200,true,3104,,0x2fe6349b77f8b704a4b6fda6a67fa440bb1a7ac8a5722ef77d23ee9340b379ca,0x324edb1ce15cb89a0516107640a8a4c7c547b2dd3b7d396ca79e94647a282752,
theo_n,20,175,false,9,9,offchain,500,171,1.798500,98.098700,227.829500,229.628000,9.078400,true,3104,,0x2fe6349b77f8b704a4b6fda6a67fa440bb1a7ac8a5722ef77d23ee9340b379ca,0x38fd2d423d1cdbbe4af263c8937e5990af18153247e6e5c9a0d219e4a4c9d321,
theo_n,20,176,false,9,9,offchain,500,172,0.979500,98.098700,219.592600,220.572100,10.998600,true,3104,,0x2fe6349b77f8b704a4b6fda6a67fa440bb1a7ac8a5722ef77d23ee9340b379ca,0x30a365d6516963fdbd19185279f481dea56b074c1836598dfe107f23c503cf38,
theo_n,20,177,false,9,9,offchain,500,173,2.144900,98.098700,221.289600,223.434500,6.715500,true,3104,,0x2fe6349b77f8b704a4b6fda6a67fa440bb1a7ac8a5722ef77d23ee9340b379ca,0x272209cfb65cddd8022626235236e58546c3379a49e24568c83f302ea6d5ecb9,
theo_n,20,178,false,9,9,offchain,500,174,1.588400,98.098700,202.176800,203.765200,8.632500,true,3104,,0x2fe6349b77f8b704a4b6fda6a67fa440bb1a7ac8a5722ef77d23ee9340b379ca,0x2c84b8ba64a335b92e0bd7f5630eb3b6599e03482fc6624f3bea16212ef6a2ee,
theo_n,20,179,false,9,9,offchain,500,175,1.326700,98.098700,202.215300,203.542000,8.031900,true,3104,,0x2fe6349b77f8b704a4b6fda6a67fa440bb1a7ac8a5722ef77d23ee9340b379ca,0x038dc1414214f5a4d9df4e7a126bf51b554edd9c5b313b919455b9677c1446d4,
theo_n,20,180,false,9,9,offchain,500,176,1.002900,98.098700,203.304900,204.307800,7.170400,true,3104,,0x2fe6349b77f8b704a4b6fda6a67fa440bb1a7ac8a5722ef77d23ee9340b379ca,0x332415f37103751bfefaae181491f80c7b78afc00e928c0cf848720dcc56dd38,
theo_n,20,181,false,9,9,offchain,500,177,1.619200,98.098700,204.731100,206.350300,7.791800,true,3104,,0x2fe6349b77f8b704a4b6fda6a67fa440bb1a7ac8a5722ef77d23ee9340b379ca,0x033d05a8d4a07be1c8e737f9c51f388d72d0719385f2b7696c9d254481e41ddb,
theo_n,20,182,false,9,9,offchain,500,178,1.213000,98.098700,216.424800,217.637800,6.346600,true,3104,,0x2fe6349b77f8b704a4b6fda6a67fa440bb1a7ac8a5722ef77d23ee9340b379ca,0x197af70f9da7ce3f99f32d75e502198249641f5dbd2b5343d08fcb2dc41382e6,
theo_n,20,183,false,9,9,offchain,500,179,1.480700,98.098700,225.045100,226.525800,6.513400,true,3104,,0x2fe6349b77f8b704a4b6fda6a67fa440bb1a7ac8a5722ef77d23ee9340b379ca,0x15ad64e669ba0728c4958183a0b2aa4c4d8e48942cc7c71caebf4945d503f3c2,
theo_n,20,184,false,9,9,offchain,500,180,1.080000,98.098700,230.067700,231.147700,6.913600,true,3104,,0x2fe6349b77f8b704a4b6fda6a67fa440bb1a7ac8a5722ef77d23ee9340b379ca,0x142b57be2fea88cb35f3c7cd3935579d1db786cf39290c7d90e6febad20f5f58,
theo_n,20,185,false,9,9,offchain,500,181,0.985500,98.098700,212.949000,213.934500,11.806800,true,3104,,0x2fe6349b77f8b704a4b6fda6a67fa440bb1a7ac8a5722ef77d23ee9340b379ca,0x2f344243fd50926daf10c60277b47aa96ab3ae49bee2ace467cdd29ef5f09e13,
theo_n,20,186,false,9,9,offchain,500,182,1.986200,98.098700,193.644300,195.630500,9.812400,true,3104,,0x2fe6349b77f8b704a4b6fda6a67fa440bb1a7ac8a5722ef77d23ee9340b379ca,0x0f639c1300db549c48f1b27dafc8b040f3c1cfc9159e496d62be76a608e63acb,
theo_n,20,187,false,9,9,offchain,500,183,1.275500,98.098700,210.950500,212.226000,9.062600,true,3104,,0x2fe6349b77f8b704a4b6fda6a67fa440bb1a7ac8a5722ef77d23ee9340b379ca,0x1112001707407a3e97cda0c1696dcd2afeb1de6c0edc2614bb7e66b10a9811f9,
theo_n,20,188,false,9,9,offchain,500,184,1.854300,98.098700,198.858900,200.713200,8.097200,true,3104,,0x2fe6349b77f8b704a4b6fda6a67fa440bb1a7ac8a5722ef77d23ee9340b379ca,0x20b748016a081789c598c45980038297e9bf621eaab2a5ae4758dc9751b4fcb7,
theo_n,20,189,false,9,9,offchain,500,185,1.014300,98.098700,202.574400,203.588700,9.192400,true,3104,,0x2fe6349b77f8b704a4b6fda6a67fa440bb1a7ac8a5722ef77d23ee9340b379ca,0x3b0467a870288df6b3ee6ac1ac0a244eea16665024e22239ab2a56ba0b6c6c4f,
theo_n,20,190,false,9,9,offchain,500,186,1.727300,98.098700,216.983800,218.711100,8.738800,true,3104,,0x2fe6349b77f8b704a4b6fda6a67fa440bb1a7ac8a5722ef77d23ee9340b379ca,0x13d57e8cf606620453fc0dd19fe83051fda08037e0421d27a7db08ae4c65561d,
theo_n,20,191,false,9,9,offchain,500,187,1.539600,98.098700,215.977500,217.517100,9.515900,true,3104,,0x2fe6349b77f8b704a4b6fda6a67fa440bb1a7ac8a5722ef77d23ee9340b379ca,0x1130d93cb72e0a14d1a6c1f441514c412afdd724723affb16edb8359a53ae6bf,
theo_n,20,192,false,9,9,offchain,500,188,1.800500,98.098700,221.158500,222.959000,11.476100,true,3104,,0x2fe6349b77f8b704a4b6fda6a67fa440bb1a7ac8a5722ef77d23ee9340b379ca,0x21b3a9a5243fc7b838bf09e74ed1d83ca942fc6c57ceb042543f05a175f9557d,
theo_n,20,193,false,9,9,offchain,500,189,2.418200,98.098700,223.655400,226.073600,7.369700,true,3104,,0x2fe6349b77f8b704a4b6fda6a67fa440bb1a7ac8a5722ef77d23ee9340b379ca,0x283a2c1e7554ab9c143d5264b60b1000f0b15c454c13d211e1a5ee74cabffad6,
theo_n,20,194,false,9,9,offchain,500,190,1.212200,98.098700,221.568800,222.781000,8.413900,true,3104,,0x2fe6349b77f8b704a4b6fda6a67fa440bb1a7ac8a5722ef77d23ee9340b379ca,0x02ba6374c6c17cf95392731e7f87d92399dd5e0b23d1d9444bd12fb819da5711,
theo_n,20,195,false,9,9,offchain,500,191,1.855000,98.098700,219.947000,221.802000,9.735400,true,3104,,0x2fe6349b77f8b704a4b6fda6a67fa440bb1a7ac8a5722ef77d23ee9340b379ca,0x0b1650951bc1e1fce7fb91cc2c021c1b19e3314cb416922c6372325ef8376576,
theo_n,20,196,false,9,9,offchain,500,192,1.833100,98.098700,213.754300,215.587400,8.739700,true,3104,,0x2fe6349b77f8b704a4b6fda6a67fa440bb1a7ac8a5722ef77d23ee9340b379ca,0x2dd9ce672ac3eb17d6b5446e7e96708a8532b57a5981e26ade86270db1a6c039,
theo_n,20,197,false,9,9,offchain,500,193,1.748100,98.098700,209.597200,211.345300,8.725600,true,3104,,0x2fe6349b77f8b704a4b6fda6a67fa440bb1a7ac8a5722ef77d23ee9340b379ca,0x1f2068c52ddda17eec4abb5d2cf7343d1f13c6ed173c337b495ff8a281cf745c,
theo_n,20,198,false,9,9,offchain,500,194,1.155900,98.098700,239.217300,240.373200,10.884200,true,3104,,0x2fe6349b77f8b704a4b6fda6a67fa440bb1a7ac8a5722ef77d23ee9340b379ca,0x3d0b8feccd8e664dd8714b01524651cf9f56b0a504916d3c13a73b286c4db56a,
theo_n,20,199,false,9,9,offchain,500,195,2.679100,98.098700,235.436000,238.115100,8.448100,true,3104,,0x2fe6349b77f8b704a4b6fda6a67fa440bb1a7ac8a5722ef77d23ee9340b379ca,0x331ca259bce438b00c014e3f806f228048c9a13f37e48da0b0ef3bf757e67c6e,
theo_n,20,200,false,9,9,offchain,500,196,2.078800,98.098700,227.140000,229.218800,9.492400,true,3104,,0x2fe6349b77f8b704a4b6fda6a67fa440bb1a7ac8a5722ef77d23ee9340b379ca,0x0846074347fad563ae37b34419ca48d2834fb29a9f616efeedf63f972fdf03d4,
theo_n,20,201,false,9,9,offchain,500,197,1.929100,98.098700,209.089200,211.018300,7.116400,true,3104,,0x2fe6349b77f8b704a4b6fda6a67fa440bb1a7ac8a5722ef77d23ee9340b379ca,0x273296438d1fe77303776b743600c96390e0a2c3a430e9083e134caad3aa6fa3,
theo_n,20,202,false,9,9,offchain,500,198,1.142200,98.098700,207.388400,208.530600,6.921300,true,3104,,0x2fe6349b77f8b704a4b6fda6a67fa440bb1a7ac8a5722ef77d23ee9340b379ca,0x2abe995e621cbbcce94e5effcca70dcdb882e997843991c965267abd59c29cfa,
theo_n,20,203,false,9,9,offchain,500,199,0.971900,98.098700,205.495600,206.467500,7.524500,true,3104,,0x2fe6349b77f8b704a4b6fda6a67fa440bb1a7ac8a5722ef77d23ee9340b379ca,0x1fac4fcd1b8acc574b6798e75ab10b59df880c73bafff58347aa86bc0a51c43e,
theo_n,20,204,false,9,9,offchain,500,200,1.924700,98.098700,226.243300,228.168000,8.934600,true,3104,,0x2fe6349b77f8b704a4b6fda6a67fa440bb1a7ac8a5722ef77d23ee9340b379ca,0x1bc4d68efc00df7ee997830ff21f683f9546976b589eff36a51905b7fdfc58ca,
theo_n,20,205,false,9,9,offchain,500,201,1.149200,98.098700,207.362700,208.511900,9.226600,true,3104,,0x2fe6349b77f8b704a4b6fda6a67fa440bb1a7ac8a5722ef77d23ee9340b379ca,0x3f284c76415dc4eee75c087ae3413c0ca08ea6399a5edeb35a5f334f21a539fe,
theo_n,20,206,false,9,9,offchain,500,202,1.890600,98.098700,211.215300,213.105900,8.499600,true,3104,,0x2fe6349b77f8b704a4b6fda6a67fa440bb1a7ac8a5722ef77d23ee9340b379ca,0x24d1804c82c2912aaed224965411d6913e59524312d014390e98202a4aabc378,
theo_n,20,207,false,9,9,offchain,500,203,1.091200,98.098700,212.357600,213.448800,9.170100,true,3104,,0x2fe6349b77f8b704a4b6fda6a67fa440bb1a7ac8a5722ef77d23ee9340b379ca,0x16cb24082fddf3a5f8222e0920ab3cb438d771e34626f517d4cba488e3962386,
theo_n,20,208,false,9,9,offchain,500,204,1.543300,98.098700,213.570400,215.113700,9.743800,true,3104,,0x2fe6349b77f8b704a4b6fda6a67fa440bb1a7ac8a5722ef77d23ee9340b379ca,0x131ea3bfb78a1e6e6abab26bb71334dc6f0b601fa429fede863c93f9d818abb2,
theo_n,20,209,false,9,9,offchain,500,205,1.022000,98.098700,204.272700,205.294700,9.831300,true,3104,,0x2fe6349b77f8b704a4b6fda6a67fa440bb1a7ac8a5722ef77d23ee9340b379ca,0x09596a76ddd57e516f66c2f9a6fcd8ec82d281c7ccc99fe91ec26cc1dd157db3,
theo_n,20,210,false,9,9,offchain,500,206,1.846600,98.098700,206.464000,208.310600,9.735200,true,3104,,0x2fe6349b77f8b704a4b6fda6a67fa440bb1a7ac8a5722ef77d23ee9340b379ca,0x061604f7c3279342f527d4348f7ec1f2c05f8043dacd7f33ad21e53d4fc12390,
theo_n,20,211,false,9,9,offchain,500,207,1.098400,98.098700,204.160600,205.259000,7.568200,true,3104,,0x2fe6349b77f8b704a4b6fda6a67fa440bb1a7ac8a5722ef77d23ee9340b379ca,0x0cd912920c5f798209af86070eef0d6cd0b48c09440772bc28bc9f6717e7c15f,
theo_n,20,212,false,9,9,offchain,500,208,1.345500,98.098700,210.611800,211.957300,5.920800,true,3104,,0x2fe6349b77f8b704a4b6fda6a67fa440bb1a7ac8a5722ef77d23ee9340b379ca,0x30c8ef117e8748987515f4ca33bcbbae5e787d2a3a8978b39cf6574468b93c1d,
theo_n,20,213,false,9,9,offchain,500,209,1.977100,98.098700,210.172000,212.149100,8.775500,true,3104,,0x2fe6349b77f8b704a4b6fda6a67fa440bb1a7ac8a5722ef77d23ee9340b379ca,0x1048d4d217c0b8e44608afcb1ac08d5c4519d821235db477249f52c86c1dc4f4,
theo_n,20,214,false,9,9,offchain,500,210,1.197800,98.098700,210.717300,211.915100,10.790300,true,3104,,0x2fe6349b77f8b704a4b6fda6a67fa440bb1a7ac8a5722ef77d23ee9340b379ca,0x01064a3dd66fe61cea6fbc7fee4dd2e4bf4316a8fdfe2332c692bb40b5070076,
theo_n,20,215,false,9,9,offchain,500,211,1.962900,98.098700,214.000500,215.963400,7.140200,true,3104,,0x2fe6349b77f8b704a4b6fda6a67fa440bb1a7ac8a5722ef77d23ee9340b379ca,0x21ba8af501a4cbfd9a1f3ef54a78e633b70c33ba4585940387538c4f892cfb4e,
theo_n,20,216,false,9,9,offchain,500,212,1.754600,98.098700,208.001400,209.756000,8.528700,true,3104,,0x2fe6349b77f8b704a4b6fda6a67fa440bb1a7ac8a5722ef77d23ee9340b379ca,0x239fea907d60110ce7c16d7ff4b14c4a18324ffa6af0d06688050ca7878b6a52,
theo_n,20,217,false,9,9,offchain,500,213,1.381700,98.098700,197.616400,198.998100,7.480900,true,3104,,0x2fe6349b77f8b704a4b6fda6a67fa440bb1a7ac8a5722ef77d23ee9340b379ca,0x24e94cd78cc4213c982225bcb2991090eb45ac53bb3f3263531d349b13975122,
theo_n,20,218,false,9,9,offchain,500,214,1.306500,98.098700,240.057600,241.364100,9.919300,true,3104,,0x2fe6349b77f8b704a4b6fda6a67fa440bb1a7ac8a5722ef77d23ee9340b379ca,0x1f1a36958171b4ac69e853fa232864a4dfc364ad454b6c9e10ae0b744c1775d4,
theo_n,20,219,false,9,9,offchain,500,215,1.371200,98.098700,285.116800,286.488000,6.741600,true,3104,,0x2fe6349b77f8b704a4b6fda6a67fa440bb1a7ac8a5722ef77d23ee9340b379ca,0x224f7c77edb5dbfe132092e810ac26ad4e6c093e53995d08e51b3212bddf8b5a,
theo_n,20,220,false,9,9,offchain,500,216,2.187100,98.098700,231.733300,233.920400,9.188900,true,3104,,0x2fe6349b77f8b704a4b6fda6a67fa440bb1a7ac8a5722ef77d23ee9340b379ca,0x33c8f00b63241b99b8399696b5ac79215b8847d88b2836480c42c63c3b9338a6,
theo_n,20,221,false,9,9,offchain,500,217,1.387300,98.098700,221.522800,222.910100,7.193000,true,3104,,0x2fe6349b77f8b704a4b6fda6a67fa440bb1a7ac8a5722ef77d23ee9340b379ca,0x22ef695b16b79a12ad82ef7b1578ebaf5624f0cc596cb1376280302cda5e6a44,
theo_n,20,222,false,9,9,offchain,500,218,1.222900,98.098700,218.741500,219.964400,9.316300,true,3104,,0x2fe6349b77f8b704a4b6fda6a67fa440bb1a7ac8a5722ef77d23ee9340b379ca,0x271aa4fbf3693e5b18d829ee9c39cef6bc4da922a2168b6750324caad8d53f21,
theo_n,20,223,false,9,9,offchain,500,219,1.677500,98.098700,227.400800,229.078300,7.579400,true,3104,,0x2fe6349b77f8b704a4b6fda6a67fa440bb1a7ac8a5722ef77d23ee9340b379ca,0x10a4ec0e9594c3d6874d43781b150c230f2ef42aa203d6f5ab383cafb7195b60,
theo_n,20,224,false,9,9,offchain,500,220,1.147200,98.098700,214.595100,215.742300,6.779000,true,3104,,0x2fe6349b77f8b704a4b6fda6a67fa440bb1a7ac8a5722ef77d23ee9340b379ca,0x17249968cfb1672caa6753361693a65c8535d902c553ce902710ed8ff12c272b,
theo_n,20,225,false,9,9,offchain,500,221,0.954900,98.098700,216.291600,217.246500,8.613000,true,3104,,0x2fe6349b77f8b704a4b6fda6a67fa440bb1a7ac8a5722ef77d23ee9340b379ca,0x1b626f535514e4e5a7c4d23db21fd87178cf55d4ddef6c4d32ea7d8a374b9675,
theo_n,20,226,false,9,9,offchain,500,222,1.209300,98.098700,199.435000,200.644300,8.020400,true,3104,,0x2fe6349b77f8b704a4b6fda6a67fa440bb1a7ac8a5722ef77d23ee9340b379ca,0x10074f9eb31e9c6ecea33dd09b942747dde26ea5b43debd11bc3d66d758a78ba,
theo_n,20,227,false,9,9,offchain,500,223,1.475700,98.098700,210.038700,211.514400,7.378100,true,3104,,0x2fe6349b77f8b704a4b6fda6a67fa440bb1a7ac8a5722ef77d23ee9340b379ca,0x08112b8d354d9aaba93692b831a531e7cedd8b1d5a47837c1fedc6aa7f2cae8f,
theo_n,20,228,false,9,9,offchain,500,224,1.617300,98.098700,211.302800,212.920100,8.361300,true,3104,,0x2fe6349b77f8b704a4b6fda6a67fa440bb1a7ac8a5722ef77d23ee9340b379ca,0x04c3840cdc2e4aac80b4c247288eece9d5b17369096381a62cd10420152c2739,
theo_n,20,229,false,9,9,offchain,500,225,1.361100,98.098700,191.772800,193.133900,6.158700,true,3104,,0x2fe6349b77f8b704a4b6fda6a67fa440bb1a7ac8a5722ef77d23ee9340b379ca,0x1d4b623b24f055a834f78f3cf3144039c437442f579b3ebc63271326089f9186,
theo_n,20,230,false,9,9,offchain,500,226,1.023500,98.098700,195.485700,196.509200,9.158400,true,3104,,0x2fe6349b77f8b704a4b6fda6a67fa440bb1a7ac8a5722ef77d23ee9340b379ca,0x2035dedc2eb545642aed0f9606622c5f82294b4b6e544e06b55fd9e8134d213a,
theo_n,20,231,false,9,9,offchain,500,227,1.013000,98.098700,210.341600,211.354600,10.081500,true,3104,,0x2fe6349b77f8b704a4b6fda6a67fa440bb1a7ac8a5722ef77d23ee9340b379ca,0x233ff9f8b02ec4c97f0d1bc984633b2db25ab99a09a83e88f6af57228c0311a3,
theo_n,20,232,false,9,9,offchain,500,228,1.755900,98.098700,205.145400,206.901300,8.258900,true,3104,,0x2fe6349b77f8b704a4b6fda6a67fa440bb1a7ac8a5722ef77d23ee9340b379ca,0x3ce76251dd711f361f2658cafc9885d2de612f82c2243e29a406c3817fa99144,
theo_n,20,233,false,9,9,offchain,500,229,1.675600,98.098700,215.659200,217.334800,6.920800,true,3104,,0x2fe6349b77f8b704a4b6fda6a67fa440bb1a7ac8a5722ef77d23ee9340b379ca,0x01960faf9d44f7a05a9903be0817035bb839c655259186de39824a0205fbf963,
theo_n,20,234,false,9,9,offchain,500,230,0.987100,98.098700,201.665900,202.653000,8.087100,true,3104,,0x2fe6349b77f8b704a4b6fda6a67fa440bb1a7ac8a5722ef77d23ee9340b379ca,0x09bdcc85823e5cb6efe1689ca68d69f7f39a7b342925c6ef2010fb84dc0e5732,
theo_n,20,235,false,9,9,offchain,500,231,1.171400,98.098700,192.212300,193.383700,7.863500,true,3104,,0x2fe6349b77f8b704a4b6fda6a67fa440bb1a7ac8a5722ef77d23ee9340b379ca,0x1cd8f78f237edd4acf466189caacbd6b709dcba35f9e32703c9dde9aa127717c,
theo_n,20,236,false,9,9,offchain,500,232,1.276300,98.098700,212.648700,213.925000,7.626700,true,3104,,0x2fe6349b77f8b704a4b6fda6a67fa440bb1a7ac8a5722ef77d23ee9340b379ca,0x1c18dbcebe2485b6a83380729d5f98097e404059f6b7401f58ce6602117cc0aa,
theo_n,20,237,false,9,9,offchain,500,233,1.339700,98.098700,205.257100,206.596800,8.441500,true,3104,,0x2fe6349b77f8b704a4b6fda6a67fa440bb1a7ac8a5722ef77d23ee9340b379ca,0x29101a89ba44f904e04e8c5f859ff4577a45e0fb480e1f4fb84efb96f84ed6a6,
theo_n,20,238,false,9,9,offchain,500,234,1.308000,98.098700,209.433600,210.741600,8.291300,true,3104,,0x2fe6349b77f8b704a4b6fda6a67fa440bb1a7ac8a5722ef77d23ee9340b379ca,0x0d5ff26441a869edd16f94350c143401dc9839188f1a1cb63ed23c99584d6b0d,
theo_n,20,239,false,9,9,offchain,500,235,1.521000,98.098700,214.472400,215.993400,11.334100,true,3104,,0x2fe6349b77f8b704a4b6fda6a67fa440bb1a7ac8a5722ef77d23ee9340b379ca,0x3fd663fdd4796c0eeb3d2683abcf10e017b1983ed977371a64649c27e26ccdb9,
theo_n,20,240,false,9,9,offchain,500,236,1.791400,98.098700,211.967900,213.759300,8.464000,true,3104,,0x2fe6349b77f8b704a4b6fda6a67fa440bb1a7ac8a5722ef77d23ee9340b379ca,0x2a93c9f51214b5fcf5b02964ba34c8edd54e58bf4151b2599ffe6ece57b6d018,
theo_n,20,241,false,9,9,offchain,500,237,1.017100,98.098700,208.632400,209.649500,9.806200,true,3104,,0x2fe6349b77f8b704a4b6fda6a67fa440bb1a7ac8a5722ef77d23ee9340b379ca,0x13dde27c637f6854bd1c54e4176e97040d810a20d57b43bf9d70d8efc282772d,
theo_n,20,242,false,9,9,offchain,500,238,1.185300,98.098700,221.780300,222.965600,10.723300,true,3104,,0x2fe6349b77f8b704a4b6fda6a67fa440bb1a7ac8a5722ef77d23ee9340b379ca,0x135a4790752389135f911a23431ca22924c7e61a263b54ef292cd06734e0b3cc,
theo_n,20,243,false,9,9,offchain,500,239,1.978200,98.098700,205.791400,207.769600,7.235200,true,3104,,0x2fe6349b77f8b704a4b6fda6a67fa440bb1a7ac8a5722ef77d23ee9340b379ca,0x2050f24f5a3174b112b4d9b8c0cb7d635b007b190fc7128d075c0fc98fc3479a,
theo_n,20,244,false,9,9,offchain,500,240,0.995900,98.098700,213.795400,214.791300,6.979600,true,3104,,0x2fe6349b77f8b704a4b6fda6a67fa440bb1a7ac8a5722ef77d23ee9340b379ca,0x196828bf4d21e668dd09c7bfaf8edeaa2a2bb1af398e35710a9bb057ce7d5681,
theo_n,20,245,false,9,9,offchain,500,241,0.991200,98.098700,199.699800,200.691000,9.035300,true,3104,,0x2fe6349b77f8b704a4b6fda6a67fa440bb1a7ac8a5722ef77d23ee9340b379ca,0x1c10b340a544df81f3b05cefd95c7c798f3d3b4bfc8da9e365685a531f0c8b63,
theo_n,20,246,false,9,9,offchain,500,242,1.563700,98.098700,200.332100,201.895800,8.347100,true,3104,,0x2fe6349b77f8b704a4b6fda6a67fa440bb1a7ac8a5722ef77d23ee9340b379ca,0x1bff1965c200ea6f8b38aec6c6b925b4bfb622a3d2a195f279f0de996636dca4,
theo_n,20,247,false,9,9,offchain,500,243,1.057100,98.098700,209.846300,210.903400,7.259400,true,3104,,0x2fe6349b77f8b704a4b6fda6a67fa440bb1a7ac8a5722ef77d23ee9340b379ca,0x10debae9933f4c4fb21aecdc3fba6aaa30a7b4e0831e6f3967fcace92487f0e1,
theo_n,20,248,false,9,9,offchain,500,244,1.232800,98.098700,207.764200,208.997000,6.005400,true,3104,,0x2fe6349b77f8b704a4b6fda6a67fa440bb1a7ac8a5722ef77d23ee9340b379ca,0x2af5dff9b1175c3ae54eeed0b2ad06c1bfe7b4e45f17840e0a43099c8c03545d,
theo_n,20,249,false,9,9,offchain,500,245,0.983300,98.098700,204.851800,205.835100,9.082400,true,3104,,0x2fe6349b77f8b704a4b6fda6a67fa440bb1a7ac8a5722ef77d23ee9340b379ca,0x0daf01b2722a42cd348621bafad98aec02bc3e1fe6a0b1db2bd1ed7031f74d2e,
theo_n,20,250,false,9,9,offchain,500,246,1.598200,98.098700,205.379400,206.977600,9.113200,true,3104,,0x2fe6349b77f8b704a4b6fda6a67fa440bb1a7ac8a5722ef77d23ee9340b379ca,0x04b12b3f7d7b388ef7881281481d12de7f0dbc48bf6e17c93074dc50cb7fd9be,
theo_n,20,251,false,9,9,offchain,500,247,1.055500,98.098700,208.596500,209.652000,8.903200,true,3104,,0x2fe6349b77f8b704a4b6fda6a67fa440bb1a7ac8a5722ef77d23ee9340b379ca,0x2d7b6585793e0c361bb72f842ede062d5a87d30940f720f426c2fa757faf5b63,
theo_n,20,252,false,9,9,offchain,500,248,1.482000,98.098700,202.566400,204.048400,9.918800,true,3104,,0x2fe6349b77f8b704a4b6fda6a67fa440bb1a7ac8a5722ef77d23ee9340b379ca,0x1be9cacd9a4b9ba6df5a503dc09971d53f38a341768697792466962201878c83,
theo_n,20,253,false,9,9,offchain,500,249,1.711900,98.098700,201.349500,203.061400,8.979100,true,3104,,0x2fe6349b77f8b704a4b6fda6a67fa440bb1a7ac8a5722ef77d23ee9340b379ca,0x2b0854285925fa638f2cffdd4ab25c7b473c93261467a83e9fae0feda21cc6fb,
theo_n,20,254,false,9,9,offchain,500,250,1.268200,98.098700,222.091900,223.360100,8.884900,true,3104,,0x2fe6349b77f8b704a4b6fda6a67fa440bb1a7ac8a5722ef77d23ee9340b379ca,0x1d57d310321c49a17ab0081beb7b202ac05e6ec687754c6e2f432a1220113e1e,
theo_n,20,255,false,9,9,offchain,500,251,0.978600,98.098700,208.045100,209.023700,7.104900,true,3104,,0x2fe6349b77f8b704a4b6fda6a67fa440bb1a7ac8a5722ef77d23ee9340b379ca,0x0003040b0b0c590dce2f7ff9c7bd0e713f9d8b8c05da94cc7347613303651102,
theo_n,20,256,false,9,9,offchain,500,252,0.981200,98.098700,201.732400,202.713600,8.585600,true,3104,,0x2fe6349b77f8b704a4b6fda6a67fa440bb1a7ac8a5722ef77d23ee9340b379ca,0x21f766f2266ac60f05568f423178b36746f3c86bb0808fd706cc3984fe234dc2,
theo_n,20,257,false,9,9,offchain,500,253,1.429500,98.098700,217.590300,219.019800,7.934100,true,3104,,0x2fe6349b77f8b704a4b6fda6a67fa440bb1a7ac8a5722ef77d23ee9340b379ca,0x252da4d2a4b0372e71095387166f170384f70d4de57b5852378c638259d30aba,
theo_n,20,258,false,9,9,offchain,500,254,1.021600,98.098700,199.476300,200.497900,9.901400,true,3104,,0x2fe6349b77f8b704a4b6fda6a67fa440bb1a7ac8a5722ef77d23ee9340b379ca,0x27bb9c63654ccfde000b0c298d39903ed7f8ca14ad1a1a66197320ab1fa69e93,
theo_n,20,259,false,9,9,offchain,500,255,1.419200,98.098700,197.278800,198.698000,6.179700,true,3104,,0x2fe6349b77f8b704a4b6fda6a67fa440bb1a7ac8a5722ef77d23ee9340b379ca,0x19cb507afbc830f4079adeb937659190969ccebb8e9ec80d0f6f9c15abea6c96,
theo_n,20,260,false,9,9,offchain,500,256,1.039600,98.098700,197.676400,198.716000,6.656000,true,3104,,0x2fe6349b77f8b704a4b6fda6a67fa440bb1a7ac8a5722ef77d23ee9340b379ca,0x13af1a03f83f2b7047d438e28e321cabfe9b81d3b0f3e30bf6b68d60e61ccc66,
theo_n,20,261,false,9,9,offchain,500,257,0.991900,98.098700,211.506700,212.498600,6.982700,true,3104,,0x2fe6349b77f8b704a4b6fda6a67fa440bb1a7ac8a5722ef77d23ee9340b379ca,0x1f9d4cfbcd073ff55fd28f14fdc6b04580e8a7b5cc0c815ba75860a438367297,
theo_n,20,262,false,9,9,offchain,500,258,1.026400,98.098700,206.193100,207.219500,7.397200,true,3104,,0x2fe6349b77f8b704a4b6fda6a67fa440bb1a7ac8a5722ef77d23ee9340b379ca,0x16655f002f143b0ff157a38d7bfcf554efe1efa0f01bde17f81f1efd1dac5ae3,
theo_n,20,263,false,9,9,offchain,500,259,1.017300,98.098700,200.941900,201.959200,8.856600,true,3104,,0x2fe6349b77f8b704a4b6fda6a67fa440bb1a7ac8a5722ef77d23ee9340b379ca,0x32e2b5c6eb79d56f6db51b9753908017b27b45c78992dc10c03ec056cd45d1e2,
theo_n,20,264,false,9,9,offchain,500,260,1.227600,98.098700,212.418800,213.646400,10.843000,true,3104,,0x2fe6349b77f8b704a4b6fda6a67fa440bb1a7ac8a5722ef77d23ee9340b379ca,0x15acdef555d7be280128cdcd5173903bba3ea4a130d3ec6e586a9e2c925984fe,
theo_n,20,265,false,9,9,offchain,500,261,1.950700,98.098700,217.066800,219.017500,11.046900,true,3104,,0x2fe6349b77f8b704a4b6fda6a67fa440bb1a7ac8a5722ef77d23ee9340b379ca,0x206f9e957151141c6b08e67861412b9979a6cb5473d656d57c6a3f28dbd71edd,
theo_n,20,266,false,9,9,offchain,500,262,1.760300,98.098700,209.265400,211.025700,9.521200,true,3104,,0x2fe6349b77f8b704a4b6fda6a67fa440bb1a7ac8a5722ef77d23ee9340b379ca,0x1c0c03c3bb02085b517f2b0dd32060227e9a840d4113a6c0ed8e25ef6d037545,
theo_n,20,267,false,9,9,offchain,500,263,1.272500,98.098700,192.345200,193.617700,8.687500,true,3104,,0x2fe6349b77f8b704a4b6fda6a67fa440bb1a7ac8a5722ef77d23ee9340b379ca,0x2ec2fe58ea1c1da21799f323afc5604c7565f777d6920ad3b971d88781ea8688,
theo_n,20,268,false,9,9,offchain,500,264,1.822600,98.098700,200.040600,201.863200,7.181600,true,3104,,0x2fe6349b77f8b704a4b6fda6a67fa440bb1a7ac8a5722ef77d23ee9340b379ca,0x36871a7d5a642a72edb71998ebd57faab9df6f308647e14197d5d4ecc241279b,
theo_n,20,269,false,9,9,offchain,500,265,1.091100,98.098700,194.732100,195.823200,7.175800,true,3104,,0x2fe6349b77f8b704a4b6fda6a67fa440bb1a7ac8a5722ef77d23ee9340b379ca,0x14427ba209a096888541ceaa3ad3513d71c4d7c051585268c45c9226dfe0b256,
theo_n,20,270,false,9,9,offchain,500,266,1.114300,98.098700,213.244300,214.358600,7.294900,true,3104,,0x2fe6349b77f8b704a4b6fda6a67fa440bb1a7ac8a5722ef77d23ee9340b379ca,0x20d30c7b9347b468a850ccf3b369391ef9639cca1987c37584bd7d19ec6ede8c,
theo_n,20,271,false,9,9,offchain,500,267,1.011000,98.098700,206.265400,207.276400,6.897500,true,3104,,0x2fe6349b77f8b704a4b6fda6a67fa440bb1a7ac8a5722ef77d23ee9340b379ca,0x2d9ccd0c2ac36559606a0f205863e02c9c2b2d5f640eaab7c1c6a56b1a103553,
theo_n,20,272,false,9,9,offchain,500,268,1.016600,98.098700,188.396600,189.413200,10.984500,true,3104,,0x2fe6349b77f8b704a4b6fda6a67fa440bb1a7ac8a5722ef77d23ee9340b379ca,0x2b5161b66d16afe0c625e2606fef885e7c98f530e504c631fd79a05fadfe0c71,
theo_n,20,273,false,9,9,offchain,500,269,1.653500,98.098700,216.410500,218.064000,6.239500,true,3104,,0x2fe6349b77f8b704a4b6fda6a67fa440bb1a7ac8a5722ef77d23ee9340b379ca,0x3e21369041a04980f41e38d2ac90d7a9b944478af8be5a41c9c7afdf9469d697,
theo_n,20,274,false,9,9,offchain,500,270,1.044800,98.098700,220.416900,221.461700,11.034000,true,3104,,0x2fe6349b77f8b704a4b6fda6a67fa440bb1a7ac8a5722ef77d23ee9340b379ca,0x2de90771e0c245bdfa0b65bb6ee8361b444a0e72d505a6dccccd1649af6fd5c9,
theo_n,20,275,false,9,9,offchain,500,271,1.717900,98.098700,212.004200,213.722100,8.595500,true,3104,,0x2fe6349b77f8b704a4b6fda6a67fa440bb1a7ac8a5722ef77d23ee9340b379ca,0x3cc0b7377f2fd4ecc5b1dc872298412fde0d67a692b168402caf8860c8195079,
theo_n,20,276,false,9,9,offchain,500,272,1.916500,98.098700,206.995000,208.911500,7.730000,true,3104,,0x2fe6349b77f8b704a4b6fda6a67fa440bb1a7ac8a5722ef77d23ee9340b379ca,0x0fce8eb9bf34b6d3aa2cb311ca9f5c15dc716c28d4d9bb9555e44f0a08ecf8e1,
theo_n,20,277,false,9,9,offchain,500,273,0.973400,98.098700,207.791300,208.764700,6.759200,true,3104,,0x2fe6349b77f8b704a4b6fda6a67fa440bb1a7ac8a5722ef77d23ee9340b379ca,0x05833828f42204b99a454594b21513ff2183c6a99a2b3944e3440f299bb4f266,
theo_n,20,278,false,9,9,offchain,500,274,0.971800,98.098700,197.784900,198.756700,5.926100,true,3104,,0x2fe6349b77f8b704a4b6fda6a67fa440bb1a7ac8a5722ef77d23ee9340b379ca,0x214acd758d2cf355f7d8c5dec2d9e4e50194902c100b583c119a1c8bf2741569,
theo_n,20,279,false,9,9,offchain,500,275,0.982200,98.098700,199.379000,200.361200,7.109500,true,3104,,0x2fe6349b77f8b704a4b6fda6a67fa440bb1a7ac8a5722ef77d23ee9340b379ca,0x2ec1cd97c107f5e7d43f5824152c3b203d583b4c2f8fe719016cf766bdc951f6,
theo_n,20,280,false,9,9,offchain,500,276,1.910600,98.098700,225.226900,227.137500,6.708500,true,3104,,0x2fe6349b77f8b704a4b6fda6a67fa440bb1a7ac8a5722ef77d23ee9340b379ca,0x3db627a7bc1c038baa6bd3b87e0513ba54edd4efc8fce3b09e3faf1c88f5334b,
theo_n,20,281,false,9,9,offchain,500,277,1.388800,98.098700,198.074100,199.462900,6.031900,true,3104,,0x2fe6349b77f8b704a4b6fda6a67fa440bb1a7ac8a5722ef77d23ee9340b379ca,0x3856ddcb158b17f68b73df84a4a414a2bfb3f8ddfd31447ba5d526e199cd1aa1,
theo_n,20,282,false,9,9,offchain,500,278,1.036900,98.098700,198.254900,199.291800,9.073100,true,3104,,0x2fe6349b77f8b704a4b6fda6a67fa440bb1a7ac8a5722ef77d23ee9340b379ca,0x3c982d4cab23cc667f3153144ce83370da4c30519337576650456290fdef4cca,
theo_n,20,283,false,9,9,offchain,500,279,1.478000,98.098700,207.958900,209.436900,8.447600,true,3104,,0x2fe6349b77f8b704a4b6fda6a67fa440bb1a7ac8a5722ef77d23ee9340b379ca,0x3a7dd69177b1615e8955d757be7644bfc671b3e6c0de5476c889722eb94fccc5,
theo_n,20,284,false,9,9,offchain,500,280,1.140800,98.098700,211.477800,212.618600,6.068900,true,3104,,0x2fe6349b77f8b704a4b6fda6a67fa440bb1a7ac8a5722ef77d23ee9340b379ca,0x331d5755c5fdcedf8aa7d4dd13abebb69444e39cc8b7753bd20fbe209dc9bb9b,
theo_n,20,285,false,9,9,offchain,500,281,1.019200,98.098700,194.543600,195.562800,8.462500,true,3104,,0x2fe6349b77f8b704a4b6fda6a67fa440bb1a7ac8a5722ef77d23ee9340b379ca,0x12456bad5ea5ac8701e9f1e0202e980193aac418c73990454cf01f0c6011efaf,
theo_n,20,286,false,9,9,offchain,500,282,1.189900,98.098700,194.845300,196.035200,7.625800,true,3104,,0x2fe6349b77f8b704a4b6fda6a67fa440bb1a7ac8a5722ef77d23ee9340b379ca,0x2c5c303bcdfb63737d7b992cbfa56555f48a5d4cd771732f2cb35390b57dc9dc,
theo_n,20,287,false,9,9,offchain,500,283,1.048400,98.098700,275.575800,276.624200,8.732400,true,3104,,0x2fe6349b77f8b704a4b6fda6a67fa440bb1a7ac8a5722ef77d23ee9340b379ca,0x398093a3ec3cb269bfeb8423a41a3c8706c772840b6047cb9b4426afce8a9426,
theo_n,20,288,false,9,9,offchain,500,284,1.669900,98.098700,240.360100,242.030000,9.162900,true,3104,,0x2fe6349b77f8b704a4b6fda6a67fa440bb1a7ac8a5722ef77d23ee9340b379ca,0x3fde75cc892a5ba434cb91628f9126ab6df18b3ceb5d532a4efed441fd682489,
theo_n,20,289,false,9,9,offchain,500,285,1.612100,98.098700,241.188100,242.800200,9.004500,true,3104,,0x2fe6349b77f8b704a4b6fda6a67fa440bb1a7ac8a5722ef77d23ee9340b379ca,0x1b488a0fc1dcc2b8432e72712ec910c013c293088017ac695bbb56dc71189a82,
theo_n,20,290,false,9,9,offchain,500,286,1.875300,98.098700,208.851400,210.726700,9.075100,true,3104,,0x2fe6349b77f8b704a4b6fda6a67fa440bb1a7ac8a5722ef77d23ee9340b379ca,0x22fb4ba332ae52ec2d4024446d91d18f297796869446a3db080838619881e933,
theo_n,20,291,false,9,9,offchain,500,287,1.267700,98.098700,213.776700,215.044400,7.706800,true,3104,,0x2fe6349b77f8b704a4b6fda6a67fa440bb1a7ac8a5722ef77d23ee9340b379ca,0x21f0d10ccf00498500d95ad876335c49b23c2fc18275790ae389669c8544088c,
theo_n,20,292,false,9,9,offchain,500,288,0.972500,98.098700,206.134200,207.106700,7.008100,true,3104,,0x2fe6349b77f8b704a4b6fda6a67fa440bb1a7ac8a5722ef77d23ee9340b379ca,0x3ede0864c77dc19ead38c4624d41076c05baded30dec030b254489dacb314aa1,
theo_n,20,293,false,9,9,offchain,500,289,1.653800,98.098700,205.094900,206.748700,9.248500,true,3104,,0x2fe6349b77f8b704a4b6fda6a67fa440bb1a7ac8a5722ef77d23ee9340b379ca,0x340a1d29a4decfa8de11ff64dae19d713515a9e9fad0946857f86c5058a12be3,
theo_n,20,294,false,9,9,offchain,500,290,0.976100,98.098700,213.507400,214.483500,9.197800,true,3104,,0x2fe6349b77f8b704a4b6fda6a67fa440bb1a7ac8a5722ef77d23ee9340b379ca,0x17ebbf9bd7f1ef4bb43fc2aaf729e168d717fdaaed1618ea96a49e7a1ce8430b,
theo_n,20,295,false,9,9,offchain,500,291,1.403100,98.098700,222.440100,223.843200,10.537100,true,3104,,0x2fe6349b77f8b704a4b6fda6a67fa440bb1a7ac8a5722ef77d23ee9340b379ca,0x3f524ee21daedd4379074e5c4d675d34891cff3535cd53839e421dea2a3d6e85,
theo_n,20,296,false,9,9,offchain,500,292,1.469300,98.098700,206.486800,207.956100,10.771700,true,3104,,0x2fe6349b77f8b704a4b6fda6a67fa440bb1a7ac8a5722ef77d23ee9340b379ca,0x157335c3a9879e6b3c9e51fdc67047e050c7ab9ebcd8dcc49193385aae72d64e,
theo_n,20,297,false,9,9,offchain,500,293,1.411900,98.098700,208.331300,209.743200,5.798400,true,3104,,0x2fe6349b77f8b704a4b6fda6a67fa440bb1a7ac8a5722ef77d23ee9340b379ca,0x13337dcf205363234901124ae87850237fba5a2cf97131377e393825d1790380,
theo_n,20,298,false,9,9,offchain,500,294,0.973300,98.098700,188.871200,189.844500,7.618900,true,3104,,0x2fe6349b77f8b704a4b6fda6a67fa440bb1a7ac8a5722ef77d23ee9340b379ca,0x0dea04404a701c0cd65f783a999494ee6f3135a604dc6f671711d7d0df94b871,
theo_n,20,299,false,9,9,offchain,500,295,1.152800,98.098700,215.573300,216.726100,7.744300,true,3104,,0x2fe6349b77f8b704a4b6fda6a67fa440bb1a7ac8a5722ef77d23ee9340b379ca,0x30f7ab3f5f6388b7ba4206b7fb8ceb4b450b9b4310d098a84b43a4b149c2d722,
theo_n,20,300,false,9,9,offchain,500,296,1.012200,98.098700,198.280000,199.292200,8.822600,true,3104,,0x2fe6349b77f8b704a4b6fda6a67fa440bb1a7ac8a5722ef77d23ee9340b379ca,0x28a4af16d1084e7845235a5d5f63de2a12e7320ca6294a0942e081ff3bbacad9,
theo_n,20,301,false,9,9,offchain,500,297,1.222200,98.098700,202.311100,203.533300,8.988400,true,3104,,0x2fe6349b77f8b704a4b6fda6a67fa440bb1a7ac8a5722ef77d23ee9340b379ca,0x3669da98be6664f44c90fb9012c1831e02bf594cac32b81e0b35209a0f0bb5df,
theo_n,20,302,false,9,9,offchain,500,298,1.256200,98.098700,222.815800,224.072000,9.350700,true,3104,,0x2fe6349b77f8b704a4b6fda6a67fa440bb1a7ac8a5722ef77d23ee9340b379ca,0x207acd53d1b605cf54c1b07e87961e217936864c0f8d70631c7f4ccf00338787,
theo_n,20,303,false,9,9,offchain,500,299,1.527700,98.098700,207.873800,209.401500,7.946800,true,3104,,0x2fe6349b77f8b704a4b6fda6a67fa440bb1a7ac8a5722ef77d23ee9340b379ca,0x36a9d881956a99b6c4d00e5cc062e85f306b1a4a7190cef1a2ef0846b0d191fd,
theo_n,20,304,false,9,9,offchain,500,300,1.269500,98.098700,220.155100,221.424600,7.848100,true,3104,,0x2fe6349b77f8b704a4b6fda6a67fa440bb1a7ac8a5722ef77d23ee9340b379ca,0x3fae27074f78318b40a5df48f9a4168edf2929fc4ae11181ad1e34674ad615ae,
theo_n,20,305,false,9,9,offchain,500,301,1.123400,98.098700,207.406900,208.530300,8.958400,true,3104,,0x2fe6349b77f8b704a4b6fda6a67fa440bb1a7ac8a5722ef77d23ee9340b379ca,0x179ed4f1e47bb2d4c7e943d5fcb028702e81f974502e699c16aded2d973ce903,
theo_n,20,306,false,9,9,offchain,500,302,1.440400,98.098700,201.918600,203.359000,11.760400,true,3104,,0x2fe6349b77f8b704a4b6fda6a67fa440bb1a7ac8a5722ef77d23ee9340b379ca,0x257a10a072da953507bf7f7e39cf767facefa1ae5201db7269f3566da3a0db78,
theo_n,20,307,false,9,9,offchain,500,303,1.907900,98.098700,204.883700,206.791600,7.348500,true,3104,,0x2fe6349b77f8b704a4b6fda6a67fa440bb1a7ac8a5722ef77d23ee9340b379ca,0x051b473f56ec28fe51543496572291a9273d057b8792a3cda248a8e3e1e72c63,
theo_n,20,308,false,9,9,offchain,500,304,0.979100,98.098700,212.135200,213.114300,7.880000,true,3104,,0x2fe6349b77f8b704a4b6fda6a67fa440bb1a7ac8a5722ef77d23ee9340b379ca,0x33550cff5afe5a46c0fc9e6bbe27c1bd0d0eb09e731b2a2ad6ca242f176eee48,
theo_n,20,309,false,9,9,offchain,500,305,0.977600,98.098700,218.279900,219.257500,8.441200,true,3104,,0x2fe6349b77f8b704a4b6fda6a67fa440bb1a7ac8a5722ef77d23ee9340b379ca,0x347f82166c38900f4a468baac0278c52182223cea86af366433ee9931c3c839b,
theo_n,20,310,false,9,9,offchain,500,306,1.159000,98.098700,212.649400,213.808400,11.831200,true,3104,,0x2fe6349b77f8b704a4b6fda6a67fa440bb1a7ac8a5722ef77d23ee9340b379ca,0x1b7af93cf07c2cff41925485f3f11a822e3e54a05fc157c971dd2dd3caa252e0,
theo_n,20,311,false,9,9,offchain,500,307,1.880500,98.098700,208.402400,210.282900,8.132600,true,3104,,0x2fe6349b77f8b704a4b6fda6a67fa440bb1a7ac8a5722ef77d23ee9340b379ca,0x3a4fef6a829b927be652b82d2ebb3859337bbe7c5f35aa83eae3a43c465dc17c,
theo_n,20,312,false,9,9,offchain,500,308,0.985800,98.098700,199.697800,200.683600,8.944400,true,3104,,0x2fe6349b77f8b704a4b6fda6a67fa440bb1a7ac8a5722ef77d23ee9340b379ca,0x2a5170186b86aba23bc902c9f2fd58e05332b3d2e7d84c3f08a3582aae8e571b,
theo_n,20,313,false,9,9,offchain,500,309,1.993300,98.098700,217.003400,218.996700,8.021600,true,3104,,0x2fe6349b77f8b704a4b6fda6a67fa440bb1a7ac8a5722ef77d23ee9340b379ca,0x171632cbe67b8a7f89caa9d0599bb09d50ab35a070d6d2208aace0c5b826a236,
theo_n,20,314,false,9,9,offchain,500,310,1.012800,98.098700,187.401800,188.414600,6.151600,true,3104,,0x2fe6349b77f8b704a4b6fda6a67fa440bb1a7ac8a5722ef77d23ee9340b379ca,0x013788cf05df5b97a491378c5c86531a12ae3915164b08eb88b317230ac57204,
theo_n,20,315,false,9,9,offchain,500,311,1.015300,98.098700,184.184300,185.199600,7.260100,true,3104,,0x2fe6349b77f8b704a4b6fda6a67fa440bb1a7ac8a5722ef77d23ee9340b379ca,0x0bcdb5fbccd7e14d5e7a421b030cba7754ffa4b72bda954f22a43bde7125a8ee,
theo_n,20,316,false,9,9,offchain,500,312,1.050600,98.098700,203.674800,204.725400,10.213500,true,3104,,0x2fe6349b77f8b704a4b6fda6a67fa440bb1a7ac8a5722ef77d23ee9340b379ca,0x0b1a913db7e13ccb94206caa0a06615433f6757e7f11fd42df2b58de1f8462ad,
theo_n,20,317,false,9,9,offchain,500,313,1.748200,98.098700,217.166400,218.914600,7.309700,true,3104,,0x2fe6349b77f8b704a4b6fda6a67fa440bb1a7ac8a5722ef77d23ee9340b379ca,0x28183fc9feb87ed8bd0f5bef335a502896c57e0580fb209ae814b76f95db15e6,
theo_n,20,318,false,9,9,offchain,500,314,1.012100,98.098700,210.958000,211.970100,8.883700,true,3104,,0x2fe6349b77f8b704a4b6fda6a67fa440bb1a7ac8a5722ef77d23ee9340b379ca,0x39a87344e49adf7c12e72b95d5a757a75896a0eeba260715ac5b7df993b22ad3,
theo_n,20,319,false,9,9,offchain,500,315,1.276900,98.098700,201.438500,202.715400,7.560500,true,3104,,0x2fe6349b77f8b704a4b6fda6a67fa440bb1a7ac8a5722ef77d23ee9340b379ca,0x0eee191ed5a62b9de7667c1788c1bc2988886fbb14d26fda11e78abbfdfbd49c,
theo_n,20,320,false,9,9,offchain,500,316,1.082700,98.098700,218.538800,219.621500,8.539700,true,3104,,0x2fe6349b77f8b704a4b6fda6a67fa440bb1a7ac8a5722ef77d23ee9340b379ca,0x0ecd70e7cef9dba50bab70bf822dd8bea1c051e51d23c84becb490b7a952a76b,
theo_n,20,321,false,9,9,offchain,500,317,1.176200,98.098700,220.498300,221.674500,10.107800,true,3104,,0x2fe6349b77f8b704a4b6fda6a67fa440bb1a7ac8a5722ef77d23ee9340b379ca,0x3158f43ace72da14dd6b26300c09a7b969d8544e0792be0786c39c8b3ba9345f,
theo_n,20,322,false,9,9,offchain,500,318,1.742500,98.098700,200.777400,202.519900,7.372400,true,3104,,0x2fe6349b77f8b704a4b6fda6a67fa440bb1a7ac8a5722ef77d23ee9340b379ca,0x3713cd417ddd28e4f636acf46b0d2a2b069c5b5b9305797764c66795581075e8,
theo_n,20,323,false,9,9,offchain,500,319,1.000200,98.098700,200.287600,201.287800,7.088000,true,3104,,0x2fe6349b77f8b704a4b6fda6a67fa440bb1a7ac8a5722ef77d23ee9340b379ca,0x2164cbce29a7cf495a8b71b01864fe7a90bdfab983596dc3d0b434da5a980108,
theo_n,20,324,false,9,9,offchain,500,320,0.980500,98.098700,181.194500,182.175000,8.047100,true,3104,,0x2fe6349b77f8b704a4b6fda6a67fa440bb1a7ac8a5722ef77d23ee9340b379ca,0x20f2bd23c9ed0d7117d857701ebc07eadf7853be8ba31fa915c6839c5899e9ef,
theo_n,20,325,false,9,9,offchain,500,321,1.013100,98.098700,199.164100,200.177200,10.936700,true,3104,,0x2fe6349b77f8b704a4b6fda6a67fa440bb1a7ac8a5722ef77d23ee9340b379ca,0x3597e04abb934a138da489621b0f15765db7308d36fce7c46e2792e512645315,
theo_n,20,326,false,9,9,offchain,500,322,1.384900,98.098700,214.821000,216.205900,7.423400,true,3104,,0x2fe6349b77f8b704a4b6fda6a67fa440bb1a7ac8a5722ef77d23ee9340b379ca,0x3a701293f7c5a23f34bfce770d2803fb8f92196d1860967205c2c412a11f78d5,
theo_n,20,327,false,9,9,offchain,500,323,1.039600,98.098700,209.955700,210.995300,9.011200,true,3104,,0x2fe6349b77f8b704a4b6fda6a67fa440bb1a7ac8a5722ef77d23ee9340b379ca,0x11041ba6a9ec3b138050f1ab766baacb1c22c088e02f8582213671563dce0dab,
theo_n,20,328,false,9,9,offchain,500,324,1.073400,98.098700,206.546700,207.620100,11.827300,true,3104,,0x2fe6349b77f8b704a4b6fda6a67fa440bb1a7ac8a5722ef77d23ee9340b379ca,0x1eea43fd85f24d8eb08c09904728517c6f0c63eea53dcd8f2a7e37e6d0255896,
theo_n,20,329,false,9,9,offchain,500,325,1.889000,98.098700,211.464100,213.353100,10.703600,true,3104,,0x2fe6349b77f8b704a4b6fda6a67fa440bb1a7ac8a5722ef77d23ee9340b379ca,0x0e1f7beb5bc8c79b8ed2cd2df1f5a03110a0719a39ee4339cbec85c5940a74f9,
theo_n,20,330,false,9,9,offchain,500,326,0.983600,98.098700,204.129200,205.112800,7.474100,true,3104,,0x2fe6349b77f8b704a4b6fda6a67fa440bb1a7ac8a5722ef77d23ee9340b379ca,0x04e8ef58a3bd6c7f38cf6f14c65181eda94b34915bf24e27146c41fe0d6560be,
theo_n,20,331,false,9,9,offchain,500,327,1.528700,98.098700,209.953700,211.482400,7.716600,true,3104,,0x2fe6349b77f8b704a4b6fda6a67fa440bb1a7ac8a5722ef77d23ee9340b379ca,0x26246755fecd067b39a8e935e54a4e4412200f2976bf6f04b38655d28968c044,
theo_n,20,332,false,9,9,offchain,500,328,1.315600,98.098700,221.898300,223.213900,7.295600,true,3104,,0x2fe6349b77f8b704a4b6fda6a67fa440bb1a7ac8a5722ef77d23ee9340b379ca,0x2e5ed345613174629d8d0c1c7e6fca731d1f298a7b35eaa0c22874528ca44b14,
theo_n,20,333,false,9,9,offchain,500,329,1.093800,98.098700,199.358800,200.452600,7.593600,true,3104,,0x2fe6349b77f8b704a4b6fda6a67fa440bb1a7ac8a5722ef77d23ee9340b379ca,0x1ce4878c276eaac2c919e2a0f48adcdc76e6aedfa92a1b0f492bf12b2af33f60,
theo_n,20,334,false,9,9,offchain,500,330,1.708400,98.098700,213.156000,214.864400,9.349900,true,3104,,0x2fe6349b77f8b704a4b6fda6a67fa440bb1a7ac8a5722ef77d23ee9340b379ca,0x0feafc223ea42d9589ed7dc80fff327b46bd9cfb2b2ca8a0988bde5c8d9d863d,
theo_n,20,335,false,9,9,offchain,500,331,1.312100,98.098700,224.489600,225.801700,7.158100,true,3104,,0x2fe6349b77f8b704a4b6fda6a67fa440bb1a7ac8a5722ef77d23ee9340b379ca,0x0e475319efaeda817757ae6de3c7b4b115eb55403500b7dfca1bda72e222d8b1,
theo_n,20,336,false,9,9,offchain,500,332,1.912000,98.098700,197.539900,199.451900,10.982400,true,3104,,0x2fe6349b77f8b704a4b6fda6a67fa440bb1a7ac8a5722ef77d23ee9340b379ca,0x13dae4f73fb8ad970f7bb2776a879a7449d7fd3a88f49771e84d43ffc3255cc9,
theo_n,20,337,false,9,9,offchain,500,333,1.871200,98.098700,204.294100,206.165300,9.928400,true,3104,,0x2fe6349b77f8b704a4b6fda6a67fa440bb1a7ac8a5722ef77d23ee9340b379ca,0x2a9af6815b5db105ccef9d46a5e41c903a16795ed7579b131e2170167e9f93d3,
theo_n,20,338,false,9,9,offchain,500,334,2.031200,98.098700,194.817000,196.848200,7.044300,true,3104,,0x2fe6349b77f8b704a4b6fda6a67fa440bb1a7ac8a5722ef77d23ee9340b379ca,0x11bbbf1caa40d9afa60d20142dc7b40ae4c47413b10780dc49a3656b0cad8f9a,
theo_n,20,339,false,9,9,offchain,500,335,1.036200,98.098700,193.853700,194.889900,7.177800,true,3104,,0x2fe6349b77f8b704a4b6fda6a67fa440bb1a7ac8a5722ef77d23ee9340b379ca,0x19ecbcd0233d6c5d3f9baf4d27ed7e9e0c3848253d725b375bb60867e649f3d9,
theo_n,20,340,false,9,9,offchain,500,336,1.009400,98.098700,205.451000,206.460400,6.524000,true,3104,,0x2fe6349b77f8b704a4b6fda6a67fa440bb1a7ac8a5722ef77d23ee9340b379ca,0x3dcc71fab3c774dfa96e1df6ffdace3f3b2073e9ed443e576727638e8f28f713,
theo_n,20,341,false,9,9,offchain,500,337,1.156400,98.098700,211.324300,212.480700,7.565600,true,3104,,0x2fe6349b77f8b704a4b6fda6a67fa440bb1a7ac8a5722ef77d23ee9340b379ca,0x2b1048ca7c72ab76435f1c2f09d95a106d813e5e0dd341a4497247c766f58067,
theo_n,20,342,false,9,9,offchain,500,338,1.172400,98.098700,194.540100,195.712500,6.041000,true,3104,,0x2fe6349b77f8b704a4b6fda6a67fa440bb1a7ac8a5722ef77d23ee9340b379ca,0x1f859c226fa916bad9c684a17fde078129fa30ceca3b0f6b8cff1e0192022653,
theo_n,20,343,false,9,9,offchain,500,339,1.017100,98.098700,199.654300,200.671400,6.444400,true,3104,,0x2fe6349b77f8b704a4b6fda6a67fa440bb1a7ac8a5722ef77d23ee9340b379ca,0x11d2cacbaeaae9e3e739ff084d60cc7a2b2a51a16f95e1fc934bc24a8b9ac4bd,
theo_n,20,344,false,9,9,offchain,500,340,1.055000,98.098700,219.655900,220.710900,9.865900,true,3104,,0x2fe6349b77f8b704a4b6fda6a67fa440bb1a7ac8a5722ef77d23ee9340b379ca,0x20a6237640b652c2ec5a6b3cde15c5cc3e91bb391eb0f6f9ae9c8ef77ce520d9,
theo_n,20,345,false,9,9,offchain,500,341,1.038900,98.098700,187.693700,188.732600,8.180500,true,3104,,0x2fe6349b77f8b704a4b6fda6a67fa440bb1a7ac8a5722ef77d23ee9340b379ca,0x23267799196fe59cf8521dba9ac922378800fcfad499bd64f6b09b35a533382c,
theo_n,20,346,false,9,9,offchain,500,342,1.015600,98.098700,212.278500,213.294100,7.207200,true,3104,,0x2fe6349b77f8b704a4b6fda6a67fa440bb1a7ac8a5722ef77d23ee9340b379ca,0x008c87b89c78cc57932522061498ea65abd02940d360b323de35bd5cd452bf2f,
theo_n,20,347,false,9,9,offchain,500,343,1.637300,98.098700,192.434000,194.071300,6.018400,true,3104,,0x2fe6349b77f8b704a4b6fda6a67fa440bb1a7ac8a5722ef77d23ee9340b379ca,0x33e842b06e948f99c3241747cdf4ed2d211f74f0deb364d517de542f9cfdea76,
theo_n,20,348,false,9,9,offchain,500,344,1.730800,98.098700,195.515400,197.246200,8.235600,true,3104,,0x2fe6349b77f8b704a4b6fda6a67fa440bb1a7ac8a5722ef77d23ee9340b379ca,0x05e5e60147e8d2e2c9a4b1ad50a0a96d938eecbe964e4fce44f2596131450a22,
theo_n,20,349,false,9,9,offchain,500,345,1.412600,98.098700,209.837300,211.249900,7.735100,true,3104,,0x2fe6349b77f8b704a4b6fda6a67fa440bb1a7ac8a5722ef77d23ee9340b379ca,0x011b716aeeb26286a543b77a9234d4fba9f30010faf2942d8545354ff3282c36,
theo_n,20,350,false,9,9,offchain,500,346,1.079800,98.098700,209.747600,210.827400,8.780300,true,3104,,0x2fe6349b77f8b704a4b6fda6a67fa440bb1a7ac8a5722ef77d23ee9340b379ca,0x24c1cc499b4c66d2811e8bf3f46762c620849bddcbb107395dbc006881ff2e93,
theo_n,20,351,false,9,9,offchain,500,347,1.173200,98.098700,235.992500,237.165700,9.241800,true,3104,,0x2fe6349b77f8b704a4b6fda6a67fa440bb1a7ac8a5722ef77d23ee9340b379ca,0x2a82e7c0a7493283de9d7235505483fb52f564e7c17b0f6c68e1628888a98aae,
theo_n,20,352,false,9,9,offchain,500,348,1.115000,98.098700,205.703400,206.818400,6.998600,true,3104,,0x2fe6349b77f8b704a4b6fda6a67fa440bb1a7ac8a5722ef77d23ee9340b379ca,0x13bbf2f0951ef946b35efc83f75af9cb87cd8ca84cf7a8d02d2fcbedd30a2b06,
theo_n,20,353,false,9,9,offchain,500,349,0.973200,98.098700,191.392600,192.365800,6.468300,true,3104,,0x2fe6349b77f8b704a4b6fda6a67fa440bb1a7ac8a5722ef77d23ee9340b379ca,0x026ddb8d253c842fd31bafe8d44d63f0e7222dfb62bff3244a09138f2cb1262e,
theo_n,20,354,false,9,9,offchain,500,350,1.222500,98.098700,215.942800,217.165300,8.255400,true,3104,,0x2fe6349b77f8b704a4b6fda6a67fa440bb1a7ac8a5722ef77d23ee9340b379ca,0x13c6f51707e7ab8a10b57d92407e719a900fb331cb123f39e39dd00c59bf206e,
theo_n,20,355,false,9,9,offchain,500,351,1.301500,98.098700,203.332700,204.634200,7.844200,true,3104,,0x2fe6349b77f8b704a4b6fda6a67fa440bb1a7ac8a5722ef77d23ee9340b379ca,0x326793c06bcbf56be496c63804b6ce49d4f524894d05524920463eb1f405219b,
theo_n,20,356,false,9,9,offchain,500,352,0.987000,98.098700,197.882200,198.869200,6.930600,true,3104,,0x2fe6349b77f8b704a4b6fda6a67fa440bb1a7ac8a5722ef77d23ee9340b379ca,0x2a785a4ab903731680b64b192038c7225ff9481122529ba90a243d5243421419,
theo_n,20,357,false,9,9,offchain,500,353,1.031000,98.098700,200.292600,201.323600,9.333200,true,3104,,0x2fe6349b77f8b704a4b6fda6a67fa440bb1a7ac8a5722ef77d23ee9340b379ca,0x1ac34198255b23ce92d3efcd9ed10a68aca01cc91af53b232c243f2077e9d8ca,
theo_n,20,358,false,9,9,offchain,500,354,1.043200,98.098700,187.247500,188.290700,8.326900,true,3104,,0x2fe6349b77f8b704a4b6fda6a67fa440bb1a7ac8a5722ef77d23ee9340b379ca,0x0ece68e28fa66c858202ec7e2b0122b790d3c8a6e32164de2ccff3f2f8f9c1cd,
theo_n,20,359,false,9,9,offchain,500,355,1.043600,98.098700,217.243900,218.287500,9.330200,true,3104,,0x2fe6349b77f8b704a4b6fda6a67fa440bb1a7ac8a5722ef77d23ee9340b379ca,0x3fb5b4605b8c379a43823d36cad4659531e671fb44eaac20784a6e297b6b185a,
theo_n,20,360,false,9,9,offchain,500,356,2.058400,98.098700,214.350800,216.409200,7.547900,true,3104,,0x2fe6349b77f8b704a4b6fda6a67fa440bb1a7ac8a5722ef77d23ee9340b379ca,0x21569add1ae527eac5dee3180e1fbbbdab52d47bbd92292baf1ce1266d839fe2,
theo_n,20,361,false,9,9,offchain,500,357,1.033700,98.098700,190.690200,191.723900,8.778000,true,3104,,0x2fe6349b77f8b704a4b6fda6a67fa440bb1a7ac8a5722ef77d23ee9340b379ca,0x2190cb22b8717fc0037afcaec5b056909afa93753955b5637fe50ac35f7688cf,
theo_n,20,362,false,9,9,offchain,500,358,1.468200,98.098700,207.532900,209.001100,7.357400,true,3104,,0x2fe6349b77f8b704a4b6fda6a67fa440bb1a7ac8a5722ef77d23ee9340b379ca,0x129736d53a640c95ca9cec89e0d9f9ec7b3e3aa8c73427ed8d11c6285b19ab42,
theo_n,20,363,false,9,9,offchain,500,359,1.017800,98.098700,198.124400,199.142200,7.206800,true,3104,,0x2fe6349b77f8b704a4b6fda6a67fa440bb1a7ac8a5722ef77d23ee9340b379ca,0x1578dced60b0bd291ce8f05f8191d20f4249f1357f2cd2e902c02b9b479e33ee,
theo_n,20,364,false,9,9,offchain,500,360,1.171900,98.098700,206.219900,207.391800,7.915900,true,3104,,0x2fe6349b77f8b704a4b6fda6a67fa440bb1a7ac8a5722ef77d23ee9340b379ca,0x233878d89fbc8ae41d1378e8c1a297efaba276372c6530c711c097556b0d6ede,
theo_n,20,365,false,9,9,offchain,500,361,1.247200,98.098700,220.532900,221.780100,11.709100,true,3104,,0x2fe6349b77f8b704a4b6fda6a67fa440bb1a7ac8a5722ef77d23ee9340b379ca,0x3a089bd539d33fe66e3e981b9b4c43c00a1380eb25eb1e6c38799369b9ea8b65,
theo_n,20,366,false,9,9,offchain,500,362,2.457200,98.098700,210.204000,212.661200,7.237800,true,3104,,0x2fe6349b77f8b704a4b6fda6a67fa440bb1a7ac8a5722ef77d23ee9340b379ca,0x02e9489b7e19c32707c75e2fb97be6d79420a4a232fbd440ac12beaecc6eacd4,
theo_n,20,367,false,9,9,offchain,500,363,1.219700,98.098700,199.489100,200.708800,8.011000,true,3104,,0x2fe6349b77f8b704a4b6fda6a67fa440bb1a7ac8a5722ef77d23ee9340b379ca,0x1129b0c78fd745eae82f15d7cf92a7a6a845343bd62256749101cf2f1a2e4c4d,
theo_n,20,368,false,9,9,offchain,500,364,1.018600,98.098700,193.137200,194.155800,8.653800,true,3104,,0x2fe6349b77f8b704a4b6fda6a67fa440bb1a7ac8a5722ef77d23ee9340b379ca,0x3da8527b99c305c392fbfd5b3a4a991d111f71e0c8a78d67507376d1e94f3965,
theo_n,20,369,false,9,9,offchain,500,365,1.473000,98.098700,219.050100,220.523100,6.026700,true,3104,,0x2fe6349b77f8b704a4b6fda6a67fa440bb1a7ac8a5722ef77d23ee9340b379ca,0x042d5a1e48d2bf3bd28eb0fc24f1bfc8e189623ee458395c929d2429dae4442f,
theo_n,20,370,false,9,9,offchain,500,366,1.014000,98.098700,210.092100,211.106100,7.669300,true,3104,,0x2fe6349b77f8b704a4b6fda6a67fa440bb1a7ac8a5722ef77d23ee9340b379ca,0x374f33159c146e929ca5e328eab53d92a8e8884fa2f86cd62d37567a33e1a097,
theo_n,20,371,false,9,9,offchain,500,367,1.144500,98.098700,200.383300,201.527800,6.865300,true,3104,,0x2fe6349b77f8b704a4b6fda6a67fa440bb1a7ac8a5722ef77d23ee9340b379ca,0x075352174bb597312f9de58525b513aa9c1a0fb332e10136431936e4861f718b,
theo_n,20,372,false,9,9,offchain,500,368,1.027500,98.098700,182.279800,183.307300,6.267800,true,3104,,0x2fe6349b77f8b704a4b6fda6a67fa440bb1a7ac8a5722ef77d23ee9340b379ca,0x3a17f2cc008f2c1cec3fd09e6c832a4e68e4fc160f8159930d5f1ece679a441c,
theo_n,20,373,false,9,9,offchain,500,369,1.235700,98.098700,201.045000,202.280700,10.188300,true,3104,,0x2fe6349b77f8b704a4b6fda6a67fa440bb1a7ac8a5722ef77d23ee9340b379ca,0x37b4cccdf08f4492d349745827729d64bbbbecb9811fb5defc9442e3717bf1cb,
theo_n,20,374,false,9,9,offchain,500,370,1.873900,98.098700,193.664100,195.538000,7.898500,true,3104,,0x2fe6349b77f8b704a4b6fda6a67fa440bb1a7ac8a5722ef77d23ee9340b379ca,0x035ef62a1666ae0b02052216bacd31c279328d9a072d3a0fc1a2a0662738f740,
theo_n,20,375,false,9,9,offchain,500,371,1.227700,98.098700,211.175200,212.402900,7.688700,true,3104,,0x2fe6349b77f8b704a4b6fda6a67fa440bb1a7ac8a5722ef77d23ee9340b379ca,0x10ba46cae20a9c421f1f0690b1e02a94a2c83bc5f14cadb487e8d219812a623a,
theo_n,20,376,false,9,9,offchain,500,372,1.315300,98.098700,199.414800,200.730100,7.514100,true,3104,,0x2fe6349b77f8b704a4b6fda6a67fa440bb1a7ac8a5722ef77d23ee9340b379ca,0x0b268baed98346a87778c554922b4611b5b073c2c8db0ad259fbc7a8b742d395,
theo_n,20,377,false,9,9,offchain,500,373,1.122200,98.098700,206.584800,207.707000,10.359400,true,3104,,0x2fe6349b77f8b704a4b6fda6a67fa440bb1a7ac8a5722ef77d23ee9340b379ca,0x11f002b23237094e2e05eef8d181e739a6b0523b73ab31081561e59b11fe10d0,
theo_n,20,378,false,9,9,offchain,500,374,1.865400,98.098700,189.437000,191.302400,5.833300,true,3104,,0x2fe6349b77f8b704a4b6fda6a67fa440bb1a7ac8a5722ef77d23ee9340b379ca,0x3738afc4528020bc3732e8d1a66ee12ac4fe368b12952cea53eee21e014c58f6,
theo_n,20,379,false,9,9,offchain,500,375,1.022900,98.098700,207.004900,208.027800,7.238100,true,3104,,0x2fe6349b77f8b704a4b6fda6a67fa440bb1a7ac8a5722ef77d23ee9340b379ca,0x0b12c1a884e88866e4cbc3a87953722b865c93e70b62920cad0fa4f182984fe7,
theo_n,20,380,false,9,9,offchain,500,376,1.130600,98.098700,204.867000,205.997600,8.484900,true,3104,,0x2fe6349b77f8b704a4b6fda6a67fa440bb1a7ac8a5722ef77d23ee9340b379ca,0x2de70f6291ae06b5a1c5819bf3fa7e836e6d130dc5cfeb3fde08d0dad953be0d,
theo_n,20,381,false,9,9,offchain,500,377,1.005000,98.098700,197.964000,198.969000,8.418500,true,3104,,0x2fe6349b77f8b704a4b6fda6a67fa440bb1a7ac8a5722ef77d23ee9340b379ca,0x2340d67cb0b0ee0ac46f075b0f811c160bc5b5505b9520e13e19d10c4f190b2e,
theo_n,20,382,false,9,9,offchain,500,378,1.039600,98.098700,211.230600,212.270200,7.190600,true,3104,,0x2fe6349b77f8b704a4b6fda6a67fa440bb1a7ac8a5722ef77d23ee9340b379ca,0x0529dafcf5a6f2872f62d09a548256ea171d3de17be784115826d5e20ab80de2,
theo_n,20,383,false,9,9,offchain,500,379,0.991600,98.098700,191.961300,192.952900,8.375000,true,3104,,0x2fe6349b77f8b704a4b6fda6a67fa440bb1a7ac8a5722ef77d23ee9340b379ca,0x3e1c806ad5148452804b6382cbf1920552432565d63a6ed0f9656008d14be5ab,
theo_n,20,384,false,9,9,offchain,500,380,1.051500,98.098700,218.537500,219.589000,7.087400,true,3104,,0x2fe6349b77f8b704a4b6fda6a67fa440bb1a7ac8a5722ef77d23ee9340b379ca,0x28f408e14b0a24ff7fd5c4e448cf69da0c0ea5c9015e52e92625706da6cbb5de,
theo_n,20,385,false,9,9,offchain,500,381,1.006700,98.098700,199.453700,200.460400,7.813300,true,3104,,0x2fe6349b77f8b704a4b6fda6a67fa440bb1a7ac8a5722ef77d23ee9340b379ca,0x37002acc711b23105cea799b1f74dd32db4c6b3c2f1a239f202b40ebba1c7a1a,
theo_n,20,386,false,9,9,offchain,500,382,1.032800,98.098700,219.632200,220.665000,6.899000,true,3104,,0x2fe6349b77f8b704a4b6fda6a67fa440bb1a7ac8a5722ef77d23ee9340b379ca,0x0ad3f8032521ba04ffcd84af6bbb0f2f23c4cf6ed3ae1aa844fb2d2eed83761a,
theo_n,20,387,false,9,9,offchain,500,383,1.172000,98.098700,198.569300,199.741300,7.777800,true,3104,,0x2fe6349b77f8b704a4b6fda6a67fa440bb1a7ac8a5722ef77d23ee9340b379ca,0x1a8fae573317e02deebf6e3f3cf71f48cd6a883242b271017f8653b41eea5609,
theo_n,20,388,false,9,9,offchain,500,384,0.988000,98.098700,207.263000,208.251000,10.811900,true,3104,,0x2fe6349b77f8b704a4b6fda6a67fa440bb1a7ac8a5722ef77d23ee9340b379ca,0x17efbd9b6c261dba41228775e46535f336fcb9e9e5c3586cbcb3e40bbe3703c7,
theo_n,20,389,false,9,9,offchain,500,385,1.830200,98.098700,191.867900,193.698100,6.430000,true,3104,,0x2fe6349b77f8b704a4b6fda6a67fa440bb1a7ac8a5722ef77d23ee9340b379ca,0x0007f8c57a174dea30f97f2bd65a127798c24a0e119e8f10774b22887554208f,
theo_n,20,390,false,9,9,offchain,500,386,1.155200,98.098700,197.981300,199.136500,8.143600,true,3104,,0x2fe6349b77f8b704a4b6fda6a67fa440bb1a7ac8a5722ef77d23ee9340b379ca,0x0ebe5e703e22a677886e132cbcbcbae892c71a7e546c89607bc3143fb1a9fe65,
theo_n,20,391,false,9,9,offchain,500,387,1.001800,98.098700,204.826800,205.828600,9.242300,true,3104,,0x2fe6349b77f8b704a4b6fda6a67fa440bb1a7ac8a5722ef77d23ee9340b379ca,0x09c70756981fddd8607cfc8f849599f7371618dcc04162976b79f47ce6ba3757,
theo_n,20,392,false,9,9,offchain,500,388,1.449700,98.098700,206.430400,207.880100,7.945200,true,3104,,0x2fe6349b77f8b704a4b6fda6a67fa440bb1a7ac8a5722ef77d23ee9340b379ca,0x155869798febc9ecb2551cad19e79dc00b155bfa29559fe1261ef2f487ddf703,
theo_n,20,393,false,9,9,offchain,500,389,1.840700,98.098700,182.119800,183.960500,5.955100,true,3104,,0x2fe6349b77f8b704a4b6fda6a67fa440bb1a7ac8a5722ef77d23ee9340b379ca,0x319bd6cfccaaf092ec5822b4d997bfcf3cde92c3d68bf7d4fb633a4587893e28,
theo_n,20,394,false,9,9,offchain,500,390,1.042000,98.098700,202.809100,203.851100,7.417300,true,3104,,0x2fe6349b77f8b704a4b6fda6a67fa440bb1a7ac8a5722ef77d23ee9340b379ca,0x261de1ec6c6a78cce00bf993c58bcfdf7a8d1e8c658d5ee5f5d31181ebedcdb9,
theo_n,20,395,false,9,9,offchain,500,391,1.081800,98.098700,196.508600,197.590400,7.247600,true,3104,,0x2fe6349b77f8b704a4b6fda6a67fa440bb1a7ac8a5722ef77d23ee9340b379ca,0x01332cc5ca3061b027fe435f19121ae29e16e76e32873c9229c3b8497991ff6c,
theo_n,20,396,false,9,9,offchain,500,392,1.010600,98.098700,202.606900,203.617500,6.787500,true,3104,,0x2fe6349b77f8b704a4b6fda6a67fa440bb1a7ac8a5722ef77d23ee9340b379ca,0x01cb378e68d25abc36049bbc8760774aa76e0d1d6339b1fb08706a4002e00aa9,
theo_n,20,397,false,9,9,offchain,500,393,1.001100,98.098700,207.395900,208.397000,9.342400,true,3104,,0x2fe6349b77f8b704a4b6fda6a67fa440bb1a7ac8a5722ef77d23ee9340b379ca,0x1bfd5883a01607c559d2bc2025067c8f5d34ac0417c50a9dd06daaced5e6ae47,
theo_n,20,398,false,9,9,offchain,500,394,1.008600,98.098700,201.106500,202.115100,6.982900,true,3104,,0x2fe6349b77f8b704a4b6fda6a67fa440bb1a7ac8a5722ef77d23ee9340b379ca,0x06b2ff4837c6fca500963fb4613f52699eb0d585a21e344150afaf5debd68768,
theo_n,20,399,false,9,9,offchain,500,395,1.187100,98.098700,194.673200,195.860300,7.853100,true,3104,,0x2fe6349b77f8b704a4b6fda6a67fa440bb1a7ac8a5722ef77d23ee9340b379ca,0x1d1cb6e530fd074c994d87bec78057495a6fe90ac3049144ccf0539c1d0e9efd,
theo_n,20,400,false,9,9,offchain,500,396,1.891600,98.098700,198.993400,200.885000,7.624300,true,3104,,0x2fe6349b77f8b704a4b6fda6a67fa440bb1a7ac8a5722ef77d23ee9340b379ca,0x30169759c6946c413cd35964d87491e00ca78d5e90cdfbf2309aea745863849a,
theo_n,20,401,false,9,9,offchain,500,397,1.039500,98.098700,204.935300,205.974800,8.556500,true,3104,,0x2fe6349b77f8b704a4b6fda6a67fa440bb1a7ac8a5722ef77d23ee9340b379ca,0x17b8ed81af3a720c87c8e8c74a649f22fb8f8dbfe0059ea9ca0f73524f967977,
theo_n,20,402,false,9,9,offchain,500,398,1.127500,98.098700,215.139300,216.266800,7.566800,true,3104,,0x2fe6349b77f8b704a4b6fda6a67fa440bb1a7ac8a5722ef77d23ee9340b379ca,0x3c4cd2b0b6161d79ea35690f49770d2c6eabbd0da71c2351f31493279a97453c,
theo_n,20,403,false,9,9,offchain,500,399,1.366500,98.098700,214.297000,215.663500,7.892300,true,3104,,0x2fe6349b77f8b704a4b6fda6a67fa440bb1a7ac8a5722ef77d23ee9340b379ca,0x203aeeeb17440e04d219428e581319449e4cc0ccfdb05dae1c6d054730b683cb,
theo_n,20,404,false,9,9,offchain,500,400,1.007400,98.098700,200.373700,201.381100,7.354800,true,3104,,0x2fe6349b77f8b704a4b6fda6a67fa440bb1a7ac8a5722ef77d23ee9340b379ca,0x2860468322f6e2f1b292467553c1b2dae1e6e0c897bbbd85941c1e509a2168ba,
theo_n,20,405,false,9,9,offchain,500,401,1.029500,98.098700,201.617200,202.646700,6.117800,true,3104,,0x2fe6349b77f8b704a4b6fda6a67fa440bb1a7ac8a5722ef77d23ee9340b379ca,0x03fcac5b0962b0a09a4d64419730ac2bd42a358d2d60df3ee89fe4c7e75b78fc,
theo_n,20,406,false,9,9,offchain,500,402,1.013600,98.098700,207.096900,208.110500,7.829900,true,3104,,0x2fe6349b77f8b704a4b6fda6a67fa440bb1a7ac8a5722ef77d23ee9340b379ca,0x05d14ee5c81c524e027df7e23af2063022966a38d2ce56387b9db8c39bebc71a,
theo_n,20,407,false,9,9,offchain,500,403,1.606000,98.098700,234.697600,236.303600,8.321800,true,3104,,0x2fe6349b77f8b704a4b6fda6a67fa440bb1a7ac8a5722ef77d23ee9340b379ca,0x382af857ef133c08884cf76c256547f234fba55c50312f1bc77531ff8f661bef,
theo_n,20,408,false,9,9,offchain,500,404,1.377300,98.098700,207.869500,209.246800,7.770000,true,3104,,0x2fe6349b77f8b704a4b6fda6a67fa440bb1a7ac8a5722ef77d23ee9340b379ca,0x378067ce19c59caf2481e3a85cf6ea2d92084606882935c582a0cead0dc67fe9,
theo_n,20,409,false,9,9,offchain,500,405,1.032200,98.098700,209.821600,210.853800,6.813100,true,3104,,0x2fe6349b77f8b704a4b6fda6a67fa440bb1a7ac8a5722ef77d23ee9340b379ca,0x0fcad7247576a1b07bb28672f54e45c1975f4d2cb12ce2a0842156e5fb11b699,
theo_n,20,410,false,9,9,offchain,500,406,0.980700,98.098700,200.168500,201.149200,7.908200,true,3104,,0x2fe6349b77f8b704a4b6fda6a67fa440bb1a7ac8a5722ef77d23ee9340b379ca,0x38a65af790c2c9862784fee26351316db26e567f622e4adb7d0816fd4e9177d5,
theo_n,20,411,false,9,9,offchain,500,407,1.028700,98.098700,200.907900,201.936600,7.105800,true,3104,,0x2fe6349b77f8b704a4b6fda6a67fa440bb1a7ac8a5722ef77d23ee9340b379ca,0x1c2fc2017df1eec0728d9fc214ee10bc9e22479d8e366ba9b187369d70a8027b,
theo_n,20,412,false,9,9,offchain,500,408,1.010300,98.098700,192.478700,193.489000,6.544300,true,3104,,0x2fe6349b77f8b704a4b6fda6a67fa440bb1a7ac8a5722ef77d23ee9340b379ca,0x2749293f5be930225c81f032ae01d3657cf15b9e8f175ccb79165a28ac42c7ea,
theo_n,20,413,false,9,9,offchain,500,409,1.176500,98.098700,209.255600,210.432100,7.159500,true,3104,,0x2fe6349b77f8b704a4b6fda6a67fa440bb1a7ac8a5722ef77d23ee9340b379ca,0x2424c12631278149456d37089d85b1b0096fd5b210e40aae3372fea25e7596eb,
theo_n,20,414,false,9,9,offchain,500,410,1.145500,98.098700,194.570100,195.715600,7.266500,true,3104,,0x2fe6349b77f8b704a4b6fda6a67fa440bb1a7ac8a5722ef77d23ee9340b379ca,0x00890c3627f8b4c1fa33fd130fc8ec8332be8b9a48a24bae26633eb496186801,
theo_n,20,415,false,9,9,offchain,500,411,1.512800,98.098700,195.343100,196.855900,8.182600,true,3104,,0x2fe6349b77f8b704a4b6fda6a67fa440bb1a7ac8a5722ef77d23ee9340b379ca,0x335bc1cf9d1a7a60c04d938ab3dfcba200a4973ac59e01dccc081d830a2ebd20,
theo_n,20,416,false,9,9,offchain,500,412,1.040700,98.098700,199.762400,200.803100,8.044100,true,3104,,0x2fe6349b77f8b704a4b6fda6a67fa440bb1a7ac8a5722ef77d23ee9340b379ca,0x3051eeaae70a0135ca7c06259b60e7300b38b187c83d219e9bf0a110f07936f3,
theo_n,20,417,false,9,9,offchain,500,413,1.285500,98.098700,203.958600,205.244100,7.190100,true,3104,,0x2fe6349b77f8b704a4b6fda6a67fa440bb1a7ac8a5722ef77d23ee9340b379ca,0x38ddc8038dcc084a7f91e85ff123089af9f9fbe059a5d0b5a0461fee19e365a1,
theo_n,20,418,false,9,9,offchain,500,414,1.030700,98.098700,196.751300,197.782000,6.322100,true,3104,,0x2fe6349b77f8b704a4b6fda6a67fa440bb1a7ac8a5722ef77d23ee9340b379ca,0x0c998c6beda0bf7e6d6c4716d2419520ff9614a9536d32f0120b7c7501a6c972,
theo_n,20,419,false,9,9,offchain,500,415,1.058300,98.098700,205.754300,206.812600,7.396200,true,3104,,0x2fe6349b77f8b704a4b6fda6a67fa440bb1a7ac8a5722ef77d23ee9340b379ca,0x21f1763129ecc1166a229c0759f3923e9389dd666a66ac882a8a72b5fcaf3f14,
theo_n,20,420,false,9,9,offchain,500,416,0.982500,98.098700,194.528000,195.510500,9.039800,true,3104,,0x2fe6349b77f8b704a4b6fda6a67fa440bb1a7ac8a5722ef77d23ee9340b379ca,0x062483f552f6f125e85ae7864aecd355503a2660849751d580036c881d968294,
theo_n,20,421,false,9,9,offchain,500,417,1.706400,98.098700,197.440700,199.147100,8.136100,true,3104,,0x2fe6349b77f8b704a4b6fda6a67fa440bb1a7ac8a5722ef77d23ee9340b379ca,0x2a23689e2d52daa118d80b056b3f00ef9c316834825107d8aa5ae12299b560d3,
theo_n,20,422,false,9,9,offchain,500,418,1.426700,98.098700,206.953200,208.379900,7.218700,true,3104,,0x2fe6349b77f8b704a4b6fda6a67fa440bb1a7ac8a5722ef77d23ee9340b379ca,0x15cf0df3bc1e48bdf1f38c9d3cb0a29d6410d1498be1cd77e8655cf63be2af1d,
theo_n,20,423,false,9,9,offchain,500,419,1.053400,98.098700,192.785100,193.838500,8.562300,true,3104,,0x2fe6349b77f8b704a4b6fda6a67fa440bb1a7ac8a5722ef77d23ee9340b379ca,0x3c9cda09eda9a57c62674791dfc47737bcaff5788bf186e41c951a215bb778a3,
theo_n,20,424,false,9,9,offchain,500,420,1.050200,98.098700,202.011000,203.061200,7.065900,true,3104,,0x2fe6349b77f8b704a4b6fda6a67fa440bb1a7ac8a5722ef77d23ee9340b379ca,0x3bddb3e04627052518e44a4aaf33fd5e30adb4e0e62e3eec864ac85ef48292c1,
theo_n,20,425,false,9,9,offchain,500,421,1.044600,98.098700,205.954100,206.998700,11.192000,true,3104,,0x2fe6349b77f8b704a4b6fda6a67fa440bb1a7ac8a5722ef77d23ee9340b379ca,0x1f3b1fd65ea8542ee12d0e4f0fe199613ed2498a8814b94105dbf6728b4dac4f,
theo_n,20,426,false,9,9,offchain,500,422,1.851300,98.098700,213.491800,215.343100,8.226200,true,3104,,0x2fe6349b77f8b704a4b6fda6a67fa440bb1a7ac8a5722ef77d23ee9340b379ca,0x20d5ff6df656d5aa1326cf761556b91b4d854779005b2540ee8542e312ef9add,
theo_n,20,427,false,9,9,offchain,500,423,1.020400,98.098700,196.880800,197.901200,6.206600,true,3104,,0x2fe6349b77f8b704a4b6fda6a67fa440bb1a7ac8a5722ef77d23ee9340b379ca,0x1a18a5b2f846e1dab412439786d5ff449a82aaf62798d12f989bf91b8aa78918,
theo_n,20,428,false,9,9,offchain,500,424,1.441200,98.098700,210.152000,211.593200,9.326800,true,3104,,0x2fe6349b77f8b704a4b6fda6a67fa440bb1a7ac8a5722ef77d23ee9340b379ca,0x3515b98ff4e0c8b08bbbbd56f8c6a8b321062b384341d1619df13c2f948a889e,
theo_n,20,429,false,9,9,offchain,500,425,1.400600,98.098700,211.130900,212.531500,8.088700,true,3104,,0x2fe6349b77f8b704a4b6fda6a67fa440bb1a7ac8a5722ef77d23ee9340b379ca,0x2e73386772fe299bc48b05a02504910a01af30cc20dc49b3341a5ba8db21dbaa,
theo_n,20,430,false,9,9,offchain,500,426,1.004600,98.098700,185.197300,186.201900,6.152000,true,3104,,0x2fe6349b77f8b704a4b6fda6a67fa440bb1a7ac8a5722ef77d23ee9340b379ca,0x34954fbd1ad6acbbb3254e1bb62afdae0687ed87e17c831e9872ba359632bb03,
theo_n,20,431,false,9,9,offchain,500,427,1.056800,98.098700,186.643900,187.700700,6.275600,true,3104,,0x2fe6349b77f8b704a4b6fda6a67fa440bb1a7ac8a5722ef77d23ee9340b379ca,0x216b9ac14777cc5361a76f7ea6c9ff6c8675c31de23904e161e7e216e071bdf4,
theo_n,20,432,false,9,9,offchain,500,428,1.067600,98.098700,197.489100,198.556700,6.735800,true,3104,,0x2fe6349b77f8b704a4b6fda6a67fa440bb1a7ac8a5722ef77d23ee9340b379ca,0x3c8d249ffe5863fc8990b79b6c685c8f2486e040f796de2d6f8ebadb4ec3f88c,
theo_n,20,433,false,9,9,offchain,500,429,1.685900,98.098700,199.566500,201.252400,8.145600,true,3104,,0x2fe6349b77f8b704a4b6fda6a67fa440bb1a7ac8a5722ef77d23ee9340b379ca,0x0bb23f36bda1165957a9810ca40db0293086b3b980d1047beddf88756538c586,
theo_n,20,434,false,9,9,offchain,500,430,1.071200,98.098700,203.294800,204.366000,7.219400,true,3104,,0x2fe6349b77f8b704a4b6fda6a67fa440bb1a7ac8a5722ef77d23ee9340b379ca,0x28239e257c233e813ac6b1c6111a6f4e90dc8d04cf4a533048fb7fbaa927640c,
theo_n,20,435,false,9,9,offchain,500,431,1.036400,98.098700,203.667300,204.703700,6.350700,true,3104,,0x2fe6349b77f8b704a4b6fda6a67fa440bb1a7ac8a5722ef77d23ee9340b379ca,0x1c8e92bdd9f9e7df3daf43a476f574090d58aa79d8c3683907a02dd4fd73b321,
theo_n,20,436,false,9,9,offchain,500,432,1.079200,98.098700,215.432000,216.511200,9.581200,true,3104,,0x2fe6349b77f8b704a4b6fda6a67fa440bb1a7ac8a5722ef77d23ee9340b379ca,0x3bd1dfbad375ccd3da2c236950121b9d0439a1a06ad90c7cf1c42e79b1c6c91d,
theo_n,20,437,false,9,9,offchain,500,433,2.156100,98.098700,213.743600,215.899700,10.211400,true,3104,,0x2fe6349b77f8b704a4b6fda6a67fa440bb1a7ac8a5722ef77d23ee9340b379ca,0x13d90fe9127ebf52315769aec41f0d636a81041b8f226c4cc964af4f202713b8,
theo_n,20,438,false,9,9,offchain,500,434,1.902900,98.098700,189.594800,191.497700,6.043600,true,3104,,0x2fe6349b77f8b704a4b6fda6a67fa440bb1a7ac8a5722ef77d23ee9340b379ca,0x3cb56609cb54db504511e90d8fb65a2d9d59f26b26a7252a39ed50febf575787,
theo_n,20,439,false,9,9,offchain,500,435,1.019700,98.098700,183.287600,184.307300,6.174400,true,3104,,0x2fe6349b77f8b704a4b6fda6a67fa440bb1a7ac8a5722ef77d23ee9340b379ca,0x024d3f5eb6699c0d997702b2663c2448ed4da5f4671ee63615ca2d69231e184c,
theo_n,20,440,false,9,9,offchain,500,436,1.050900,98.098700,193.939200,194.990100,8.799600,true,3104,,0x2fe6349b77f8b704a4b6fda6a67fa440bb1a7ac8a5722ef77d23ee9340b379ca,0x2b458da98e1fe92bf94a4afbed7672a65742f5d95bcce9a4433051ccb1420b2e,
theo_n,20,441,false,9,9,offchain,500,437,1.467400,98.098700,196.217100,197.684500,6.138900,true,3104,,0x2fe6349b77f8b704a4b6fda6a67fa440bb1a7ac8a5722ef77d23ee9340b379ca,0x252b5d09379eb2600b7ad343a6285f062cfd85f3629d9025ecd809d58b811a72,
theo_n,20,442,false,9,9,offchain,500,438,1.050100,98.098700,198.275500,199.325600,6.200400,true,3104,,0x2fe6349b77f8b704a4b6fda6a67fa440bb1a7ac8a5722ef77d23ee9340b379ca,0x2fa0658081700b443fc8d647538adec5766e48ca4a265ca5011d391974a2168d,
theo_n,20,443,false,9,9,offchain,500,439,1.051500,98.098700,203.665100,204.716600,8.044300,true,3104,,0x2fe6349b77f8b704a4b6fda6a67fa440bb1a7ac8a5722ef77d23ee9340b379ca,0x245579a4dd6f15df7303bb30589422b4f17c8231df2cf5703ffb8b6a7e6a2cae,
theo_n,20,444,false,9,9,offchain,500,440,1.083400,98.098700,190.016100,191.099500,6.297400,true,3104,,0x2fe6349b77f8b704a4b6fda6a67fa440bb1a7ac8a5722ef77d23ee9340b379ca,0x1c364c47efeeba8e4d5034a4565aaf179840d59171e45837603a46acd362816c,
theo_n,20,445,false,9,9,offchain,500,441,1.059700,98.098700,207.710000,208.769700,8.367200,true,3104,,0x2fe6349b77f8b704a4b6fda6a67fa440bb1a7ac8a5722ef77d23ee9340b379ca,0x12372317c13c17f17c87d245c5ef3f4d1e771ef3a023f9e1549b8d19c83ac296,
theo_n,20,446,false,9,9,offchain,500,442,1.056300,98.098700,215.111200,216.167500,8.624400,true,3104,,0x2fe6349b77f8b704a4b6fda6a67fa440bb1a7ac8a5722ef77d23ee9340b379ca,0x3a63844d4b224222a5912c8ae2f77102371b2aa547e36634253e5c10dde367fc,
theo_n,20,447,false,9,9,offchain,500,443,1.163700,98.098700,220.972300,222.136000,10.790800,true,3104,,0x2fe6349b77f8b704a4b6fda6a67fa440bb1a7ac8a5722ef77d23ee9340b379ca,0x32a550534ac14b52affa0aa36abce55f842817740033c381a499f32687e505d2,
theo_n,20,448,false,9,9,offchain,500,444,1.946700,98.098700,200.129100,202.075800,7.184300,true,3104,,0x2fe6349b77f8b704a4b6fda6a67fa440bb1a7ac8a5722ef77d23ee9340b379ca,0x395db188ed8f26b2a26e9763fed0c76fb746d6705b3bf9f058c257a85d63d1d4,
theo_n,20,449,false,9,9,offchain,500,445,1.600500,98.098700,204.927800,206.528300,7.504700,true,3104,,0x2fe6349b77f8b704a4b6fda6a67fa440bb1a7ac8a5722ef77d23ee9340b379ca,0x124df98c42d93d1824b40f8019a3ef96a50de6655a38d0d5f69354b6f02e6a69,
theo_n,20,450,false,9,9,offchain,500,446,1.005100,98.098700,189.313200,190.318300,6.243200,true,3104,,0x2fe6349b77f8b704a4b6fda6a67fa440bb1a7ac8a5722ef77d23ee9340b379ca,0x06a70ef54988cfdd19590310811975ab117af4f27221977d44b2285ecfd27081,
theo_n,20,451,false,9,9,offchain,500,447,1.082000,98.098700,213.800300,214.882300,6.203700,true,3104,,0x2fe6349b77f8b704a4b6fda6a67fa440bb1a7ac8a5722ef77d23ee9340b379ca,0x1a12a625214ee86a2afa77c0a050be843c370e9034cb5fcfae6ad43d0a3a0a9a,
theo_n,20,452,false,9,9,offchain,500,448,1.056500,98.098700,214.871900,215.928400,9.309300,true,3104,,0x2fe6349b77f8b704a4b6fda6a67fa440bb1a7ac8a5722ef77d23ee9340b379ca,0x24016291e09c2e574cc110dbf25dc788b858b734b8b80d2fd29e901858c81977,
theo_n,20,453,false,9,9,offchain,500,449,1.551100,98.098700,223.611400,225.162500,7.832300,true,3104,,0x2fe6349b77f8b704a4b6fda6a67fa440bb1a7ac8a5722ef77d23ee9340b379ca,0x2000666d65a525f713184e9e342dab1d135842ea15a91d656b86509e91d2a9a6,
theo_n,20,454,false,9,9,offchain,500,450,1.587200,98.098700,200.555300,202.142500,9.289300,true,3104,,0x2fe6349b77f8b704a4b6fda6a67fa440bb1a7ac8a5722ef77d23ee9340b379ca,0x3c4d5f7ebd1944e26695be9f4c1ffd5d11d9fd995b4570bd08514d9c4281d8f5,
theo_n,20,455,false,9,9,offchain,500,451,1.456100,98.098700,203.557000,205.013100,8.108000,true,3104,,0x2fe6349b77f8b704a4b6fda6a67fa440bb1a7ac8a5722ef77d23ee9340b379ca,0x23a44296cb2007359e11ac651732a70f70c51caea30595bfc0f5644dcd318e51,
theo_n,20,456,false,9,9,offchain,500,452,1.409500,98.098700,187.882100,189.291600,9.262600,true,3104,,0x2fe6349b77f8b704a4b6fda6a67fa440bb1a7ac8a5722ef77d23ee9340b379ca,0x05235900d53e21f8df5a13af4f3768ce4851cfe937f994c756709d774bac7cfd,
theo_n,20,457,false,9,9,offchain,500,453,1.398600,98.098700,202.731000,204.129600,9.841900,true,3104,,0x2fe6349b77f8b704a4b6fda6a67fa440bb1a7ac8a5722ef77d23ee9340b379ca,0x07bf4654e53f195090b658f17474a3cf21b348ddd5f149a4047e6e6f76c73a7f,
theo_n,20,458,false,9,9,offchain,500,454,1.554200,98.098700,194.955400,196.509600,5.943800,true,3104,,0x2fe6349b77f8b704a4b6fda6a67fa440bb1a7ac8a5722ef77d23ee9340b379ca,0x3a9e200c1ba43abe65ca0d961bd837cc8aa76d6560d9270803409cf9ff2f82c4,
theo_n,20,459,false,9,9,offchain,500,455,1.148700,98.098700,208.084700,209.233400,10.061000,true,3104,,0x2fe6349b77f8b704a4b6fda6a67fa440bb1a7ac8a5722ef77d23ee9340b379ca,0x274099acc6646b31b34b7018652aed4e6af6c7b916187ff5234663515a24af6c,
theo_n,20,460,false,9,9,offchain,500,456,1.686000,98.098700,211.298800,212.984800,10.420000,true,3104,,0x2fe6349b77f8b704a4b6fda6a67fa440bb1a7ac8a5722ef77d23ee9340b379ca,0x17b5933323233f8d8327547bca49990423c0bd9a5726a299f57e234b5662c56d,
theo_n,20,461,false,9,9,offchain,500,457,1.762000,98.098700,205.995900,207.757900,10.123700,true,3104,,0x2fe6349b77f8b704a4b6fda6a67fa440bb1a7ac8a5722ef77d23ee9340b379ca,0x28d2cb099482136fd3f1167fdcd042773850722bd5aa22837e50460cf134bd78,
theo_n,20,462,false,9,9,offchain,500,458,1.004500,98.098700,208.805500,209.810000,8.038000,true,3104,,0x2fe6349b77f8b704a4b6fda6a67fa440bb1a7ac8a5722ef77d23ee9340b379ca,0x1f7b8c6e710e769bd1cf13a207ade254066a7c9ad1333f60806afd351332f4b5,
theo_n,20,463,false,9,9,offchain,500,459,0.973300,98.098700,186.111400,187.084700,7.150500,true,3104,,0x2fe6349b77f8b704a4b6fda6a67fa440bb1a7ac8a5722ef77d23ee9340b379ca,0x046c0db199c1147c0e39f2827ba2d5d57dde77da8d81836b40f45c16c3ef1688,
theo_n,20,464,false,9,9,offchain,500,460,1.008400,98.098700,208.935800,209.944200,9.900700,true,3104,,0x2fe6349b77f8b704a4b6fda6a67fa440bb1a7ac8a5722ef77d23ee9340b379ca,0x1a82f980ed131a96dee238adb71d627e2cb1e3d8648f7119a5344f90ef27ed93,
theo_n,20,465,false,9,9,offchain,500,461,1.874900,98.098700,190.087300,191.962200,7.810800,true,3104,,0x2fe6349b77f8b704a4b6fda6a67fa440bb1a7ac8a5722ef77d23ee9340b379ca,0x24373920779d6db38f392ba83294738f12306eb2751f0e41a5e51ea110fec8a3,
theo_n,20,466,false,9,9,offchain,500,462,1.009000,98.098700,187.473900,188.482900,8.752100,true,3104,,0x2fe6349b77f8b704a4b6fda6a67fa440bb1a7ac8a5722ef77d23ee9340b379ca,0x1efd678d74e8fbe9bd05fa096545ebd991a6dfcf99a76857815df82a6e478967,
theo_n,20,467,false,9,9,offchain,500,463,1.368200,98.098700,212.804300,214.172500,7.386000,true,3104,,0x2fe6349b77f8b704a4b6fda6a67fa440bb1a7ac8a5722ef77d23ee9340b379ca,0x3d7dfec478dc1325a14ebfdf2aed92a5490dd882f66b4c116c8f21772530f217,
theo_n,20,468,false,9,9,offchain,500,464,1.625900,98.098700,226.158100,227.784000,7.272100,true,3104,,0x2fe6349b77f8b704a4b6fda6a67fa440bb1a7ac8a5722ef77d23ee9340b379ca,0x263189d5f8822b4f70311cbea099edda8b1e8b01abc0bb7f822b463751f99c62,
theo_n,20,469,false,9,9,offchain,500,465,1.650300,98.098700,199.472700,201.123000,7.698400,true,3104,,0x2fe6349b77f8b704a4b6fda6a67fa440bb1a7ac8a5722ef77d23ee9340b379ca,0x3c3f785924c2f752b812fc586afcf3d3e33f09d1e1262508ec094fdadc8ce9f5,
theo_n,20,470,false,9,9,offchain,500,466,1.745900,98.098700,193.900100,195.646000,6.992700,true,3104,,0x2fe6349b77f8b704a4b6fda6a67fa440bb1a7ac8a5722ef77d23ee9340b379ca,0x19f1f8a613737783c05a78492a47dbd39bd2ff62f7e2e9bf45e7915ead23092d,
theo_n,20,471,false,9,9,offchain,500,467,1.010700,98.098700,201.132500,202.143200,6.084200,true,3104,,0x2fe6349b77f8b704a4b6fda6a67fa440bb1a7ac8a5722ef77d23ee9340b379ca,0x11bc0afb1fc5421c087d49f99e01024212fe94a7b26e95b272a39feed80aaaa5,
theo_n,20,472,false,9,9,offchain,500,468,1.072000,98.098700,200.364200,201.436200,6.604400,true,3104,,0x2fe6349b77f8b704a4b6fda6a67fa440bb1a7ac8a5722ef77d23ee9340b379ca,0x3b2632f5e2340c60fc0086e6d0b94eebe93de7299607b769933d105ce7671be1,
theo_n,20,473,false,9,9,offchain,500,469,1.021200,98.098700,206.022600,207.043800,6.442500,true,3104,,0x2fe6349b77f8b704a4b6fda6a67fa440bb1a7ac8a5722ef77d23ee9340b379ca,0x3c85c8bcfe13e01a9b7ad594064bc15c667ffc9ee042ea4a39478cd3dd190fbf,
theo_n,20,474,false,9,9,offchain,500,470,1.640400,98.098700,203.804500,205.444900,7.727400,true,3104,,0x2fe6349b77f8b704a4b6fda6a67fa440bb1a7ac8a5722ef77d23ee9340b379ca,0x1bdeab74cfadbe395b77d92b8e792340a4e74f28ec30d31d6b25cbbe1788f656,
theo_n,20,475,false,9,9,offchain,500,471,1.026800,98.098700,204.623900,205.650700,9.973000,true,3104,,0x2fe6349b77f8b704a4b6fda6a67fa440bb1a7ac8a5722ef77d23ee9340b379ca,0x2da5b1152e8a3614f9f938dcfe46aafa2fea0df5d01933f5668bc901706ec7a9,
theo_n,20,476,false,9,9,offchain,500,472,1.890100,98.098700,218.789000,220.679100,10.144000,true,3104,,0x2fe6349b77f8b704a4b6fda6a67fa440bb1a7ac8a5722ef77d23ee9340b379ca,0x3cfea5767e10b395defcecb770cbc3e718b491547a767c38b16a7a42f98e4edd,
theo_n,20,477,false,9,9,offchain,500,473,1.714400,98.098700,214.108100,215.822500,9.954800,true,3104,,0x2fe6349b77f8b704a4b6fda6a67fa440bb1a7ac8a5722ef77d23ee9340b379ca,0x3a5fadb93e3f4bda78faa87046eec4b7f05f1d42bc270fedd569aa9159d682d2,
theo_n,20,478,false,9,9,offchain,500,474,1.270100,98.098700,197.370400,198.640500,7.357000,true,3104,,0x2fe6349b77f8b704a4b6fda6a67fa440bb1a7ac8a5722ef77d23ee9340b379ca,0x2b6da1cce10d26ce24b68f5998e18e0e6b9f2f68a1abd7c536531f5b604afeee,
theo_n,20,479,false,9,9,offchain,500,475,1.649500,98.098700,194.909200,196.558700,7.079500,true,3104,,0x2fe6349b77f8b704a4b6fda6a67fa440bb1a7ac8a5722ef77d23ee9340b379ca,0x25237d563bc0019fa40ace12305aad6cf551c574bc637a067cb0b61f089492bf,
theo_n,20,480,false,9,9,offchain,500,476,1.010400,98.098700,206.566500,207.576900,7.097900,true,3104,,0x2fe6349b77f8b704a4b6fda6a67fa440bb1a7ac8a5722ef77d23ee9340b379ca,0x23cdce466083e46fbe3c8950bb704c6120b38eba50567603ab77b13edb38eb19,
theo_n,20,481,false,9,9,offchain,500,477,1.013100,98.098700,188.238200,189.251300,6.062600,true,3104,,0x2fe6349b77f8b704a4b6fda6a67fa440bb1a7ac8a5722ef77d23ee9340b379ca,0x28a43702e3618637c8e95c0743bdd4170d57f7b585705731feeca300dbc75b74,
theo_n,20,482,false,9,9,offchain,500,478,1.843900,98.098700,201.646100,203.490000,9.171800,true,3104,,0x2fe6349b77f8b704a4b6fda6a67fa440bb1a7ac8a5722ef77d23ee9340b379ca,0x0a9f91542b5d182f0354fadbefef88088f13934a4356a85772d8ec593ea11671,
theo_n,20,483,false,9,9,offchain,500,479,1.021800,98.098700,205.741700,206.763500,7.365900,true,3104,,0x2fe6349b77f8b704a4b6fda6a67fa440bb1a7ac8a5722ef77d23ee9340b379ca,0x25a6b64bdf37d769433b592ad4d238e5082e0fbca739cb5b94266f486254fb75,
theo_n,20,484,false,9,9,offchain,500,480,1.223500,98.098700,218.529900,219.753400,7.802200,true,3104,,0x2fe6349b77f8b704a4b6fda6a67fa440bb1a7ac8a5722ef77d23ee9340b379ca,0x1656da303f31fa263f742431516ec6106196bce101abf4b906290db03d2cbd32,
theo_n,20,485,false,9,9,offchain,500,481,1.094400,98.098700,201.130100,202.224500,9.321800,true,3104,,0x2fe6349b77f8b704a4b6fda6a67fa440bb1a7ac8a5722ef77d23ee9340b379ca,0x022aac70ab03d4e101aa2de4acb16a7b235850930a270938551a70ba185337c6,
theo_n,20,486,false,9,9,offchain,500,482,1.586400,98.098700,209.179100,210.765500,8.282800,true,3104,,0x2fe6349b77f8b704a4b6fda6a67fa440bb1a7ac8a5722ef77d23ee9340b379ca,0x369ef1d21cbba87606ada86ecd1228f19d62eda411b69f3bb42fe3cd85e2174c,
theo_n,20,487,false,9,9,offchain,500,483,1.007900,98.098700,198.805500,199.813400,7.538100,true,3104,,0x2fe6349b77f8b704a4b6fda6a67fa440bb1a7ac8a5722ef77d23ee9340b379ca,0x3fcd2257c5217c42444666e1ed1ea368ea4e0fa49a46e61872737fb102349c7f,
theo_n,20,488,false,9,9,offchain,500,484,1.014000,98.098700,205.653600,206.667600,7.635300,true,3104,,0x2fe6349b77f8b704a4b6fda6a67fa440bb1a7ac8a5722ef77d23ee9340b379ca,0x1961619322259930a950048d8453ff85cd0f6710021675929619671aed29f969,
theo_n,20,489,false,9,9,offchain,500,485,1.031800,98.098700,193.598300,194.630100,5.887800,true,3104,,0x2fe6349b77f8b704a4b6fda6a67fa440bb1a7ac8a5722ef77d23ee9340b379ca,0x2a7430ce46ae85a1e9d9470ba26b9e641779a7aa81986fbb1cd50792ed0fce21,
theo_n,20,490,false,9,9,offchain,500,486,1.015900,98.098700,205.933600,206.949500,7.195700,true,3104,,0x2fe6349b77f8b704a4b6fda6a67fa440bb1a7ac8a5722ef77d23ee9340b379ca,0x3b09e4f95321c65024dc1128ca572783ef0fd6d326ad86deb1eb100a63bbe678,
theo_n,20,491,false,9,9,offchain,500,487,1.016000,98.098700,184.816300,185.832300,6.261000,true,3104,,0x2fe6349b77f8b704a4b6fda6a67fa440bb1a7ac8a5722ef77d23ee9340b379ca,0x22456a792d79a56dfb8f97bdda4dd881e873685ccff935533c185d9e5bce9bf2,
theo_n,20,492,false,9,9,offchain,500,488,1.070500,98.098700,192.110400,193.180900,7.180300,true,3104,,0x2fe6349b77f8b704a4b6fda6a67fa440bb1a7ac8a5722ef77d23ee9340b379ca,0x1e78ee850b66493a0db80da484fac142eee6e27e658d95876c021d0038634936,
theo_n,20,493,false,9,9,offchain,500,489,1.046300,98.098700,204.860600,205.906900,8.913200,true,3104,,0x2fe6349b77f8b704a4b6fda6a67fa440bb1a7ac8a5722ef77d23ee9340b379ca,0x0ef99c29683ead0cbf5acc75db2319f5ce9a59f748f08bcba096e9f18bc93fd1,
theo_n,20,494,false,9,9,offchain,500,490,1.519000,98.098700,204.565900,206.084900,8.947500,true,3104,,0x2fe6349b77f8b704a4b6fda6a67fa440bb1a7ac8a5722ef77d23ee9340b379ca,0x207a5186c3c34f03e1136241eb4967e3ef04523abf2ed6e53e0abcf6413be6d8,
theo_n,20,495,false,9,9,offchain,500,491,2.104400,98.098700,212.955600,215.060000,7.415200,true,3104,,0x2fe6349b77f8b704a4b6fda6a67fa440bb1a7ac8a5722ef77d23ee9340b379ca,0x2c03f4c00cb186934e855beedc995b24b125cb2ba9ae9ca2a1e2683d3d3b641d,
theo_n,20,496,false,9,9,offchain,500,492,1.123400,98.098700,197.335100,198.458500,7.092700,true,3104,,0x2fe6349b77f8b704a4b6fda6a67fa440bb1a7ac8a5722ef77d23ee9340b379ca,0x2a4491a9d395798616221dd1cec97778e9068cec0bcebd1df6f7f54a7f8709de,
theo_n,20,497,false,9,9,offchain,500,493,1.012100,98.098700,237.511800,238.523900,9.313600,true,3104,,0x2fe6349b77f8b704a4b6fda6a67fa440bb1a7ac8a5722ef77d23ee9340b379ca,0x31f9f4ef39e9980944fef56eae532ffd64759c886368a1d3664d2a8b32af4061,
theo_n,20,498,false,9,9,offchain,500,494,1.988800,98.098700,272.301600,274.290400,10.249800,true,3104,,0x2fe6349b77f8b704a4b6fda6a67fa440bb1a7ac8a5722ef77d23ee9340b379ca,0x1382ac46b683ed93827f9edc831399ff0a7fb3b3604b6aff818778d54aa9bd85,
theo_n,20,499,false,9,9,offchain,500,495,1.133400,98.098700,224.105000,225.238400,9.113900,true,3104,,0x2fe6349b77f8b704a4b6fda6a67fa440bb1a7ac8a5722ef77d23ee9340b379ca,0x098d8f77a52a20385af5063bc3dda760c6327a039df3bddd9abdd48316e84c2c,
theo_n,20,500,false,9,9,offchain,500,496,1.483800,98.098700,220.706500,222.190300,7.994700,true,3104,,0x2fe6349b77f8b704a4b6fda6a67fa440bb1a7ac8a5722ef77d23ee9340b379ca,0x33ddc8eeb3b77b0a441a211a1cb69eee70b53a465630619f0814f96337665edf,
theo_n,20,501,false,9,9,offchain,500,497,1.309900,98.098700,198.095900,199.405800,6.990800,true,3104,,0x2fe6349b77f8b704a4b6fda6a67fa440bb1a7ac8a5722ef77d23ee9340b379ca,0x054e2236fbaad7cc4726815852831e0b24470816a6c07d78b0d9d280456b71a4,
theo_n,20,502,false,9,9,offchain,500,498,1.512500,98.098700,201.595200,203.107700,7.943200,true,3104,,0x2fe6349b77f8b704a4b6fda6a67fa440bb1a7ac8a5722ef77d23ee9340b379ca,0x099e04b9c764d5f3137e72d7de8c8a64e3f72edd86ea5b1ac089876cf20e393c,
theo_n,20,503,false,9,9,offchain,500,499,1.013400,98.098700,197.154300,198.167700,6.466600,true,3104,,0x2fe6349b77f8b704a4b6fda6a67fa440bb1a7ac8a5722ef77d23ee9340b379ca,0x0b6f8127080790145005f632c7de6ad5fdb8a886521c8fa39d063e6193ace58b,
