thi_nghiem,run_id,iteration,warmup,d,k,mechanism,n,student_index,deploy_pool_gas,deploy_verifier_gas,update_root_gas,verify_gas,verify_onchain_ms,withdraw_gas,withdraw_ms,verify_record_gas,verify_record_ms,settle_gas,settle_ms,root,nullifier
theo_n,5,1,true,9,13,onchain,500,0,1979758,4554511,459000,532334,798.703500,582723,579.232100,615715,668.350400,69626,25.497600,0x098b50423eb1b80e5a7fb520438bb4f17cbf6c9b9e6ebef7938342aa2df694fe,0x0908cbf85e088d680fbd39fdb24b3cc3dd4a43f6c03cd816e06f24aad0ed40c9
theo_n,5,2,true,9,13,onchain,500,1,1979758,4554511,459000,532274,517.000000,582651,595.826000,615643,592.265300,69626,26.704900,0x098b50423eb1b80e5a7fb520438bb4f17cbf6c9b9e6ebef7938342aa2df694fe,0x067e06c893d9a0e4d6fd53a0046674c8f20bf84f7b70811bf473ffa211d8c6bd
theo_n,5,3,true,9,13,onchain,500,2,1979758,4554511,459000,532250,600.250000,582639,535.036700,615631,683.855700,69626,32.004400,0x098b50423eb1b80e5a7fb520438bb4f17cbf6c9b9e6ebef7938342aa2df694fe,0x0b8fe57083cdcc700c57fbcf6933cb725896572c6ab544b6f4d8e1c6ab38f07b
theo_n,5,4,false,9,13,onchain,500,0,1979758,4554511,459000,532334,601.162100,582723,563.718100,615715,595.311100,69626,34.146100,0x098b50423eb1b80e5a7fb520438bb4f17cbf6c9b9e6ebef7938342aa2df694fe,0x0908cbf85e088d680fbd39fdb24b3cc3dd4a43f6c03cd816e06f24aad0ed40c9
theo_n,5,5,false,9,13,onchain,500,1,1979758,4554511,459000,532274,540.026400,582651,592.749600,615643,674.987100,69626,29.816900,0x098b50423eb1b80e5a7fb520438bb4f17cbf6c9b9e6ebef7938342aa2df694fe,0x067e06c893d9a0e4d6fd53a0046674c8f20bf84f7b70811bf473ffa211d8c6bd
theo_n,5,6,false,9,13,onchain,500,2,1979758,4554511,459000,532250,550.180900,582639,584.131700,615631,576.709900,69626,25.079900,0x098b50423eb1b80e5a7fb520438bb4f17cbf6c9b9e6ebef7938342aa2df694fe,0x0b8fe57083cdcc700c57fbcf6933cb725896572c6ab544b6f4d8e1c6ab38f07b
theo_n,5,7,false,9,13,onchain,500,3,1979758,4554511,459000,532286,580.010400,582675,654.431800,615667,591.303100,69626,25.144300,0x098b50423eb1b80e5a7fb520438bb4f17cbf6c9b9e6ebef7938342aa2df694fe,0x107c70d191e489c806456c18cf98e286488b248a7e2ac57b6576b30dfade8db2
theo_n,5,8,false,9,13,onchain,500,4,1979758,4554511,459000,532310,610.027900,582699,584.006900,615691,589.630600,69626,19.644000,0x098b50423eb1b80e5a7fb520438bb4f17cbf6c9b9e6ebef7938342aa2df694fe,0x0a311bfe27c095e9b61eb94f9bfdc9d5e247dfd2f96271cff3d32612a2e7339a
theo_n,5,9,false,9,13,onchain,500,5,1979758,4554511,459000,532370,642.451300,582759,555.609300,615751,538.896400,69626,19.312800,0x098b50423eb1b80e5a7fb520438bb4f17cbf6c9b9e6ebef7938342aa2df694fe,0x18b6e24c33265e51a6ebce655f0c7d8cc56a336e228450d97e77a9ef874404bc
theo_n,5,10,false,9,13,onchain,500,6,1979758,4554511,459000,532310,581.985800,582699,606.098700,615691,616.044100,69626,29.441400,0x098b50423eb1b80e5a7fb520438bb4f17cbf6c9b9e6ebef7938342aa2df694fe,0x178454ab459643088f4034d21806282a31eacc6d694df8a91a76f6cadc1e4e05
theo_n,5,11,false,9,13,onchain,500,7,1979758,4554511,459000,532298,561.438100,582687,654.037900,615679,602.422700,69626,29.432900,0x098b50423eb1b80e5a7fb520438bb4f17cbf6c9b9e6ebef7938342aa2df694fe,0x156330b35df029b9ac8c5cf74cf1978f087f063d91916404df8a0984916950ac
theo_n,5,12,false,9,13,onchain,500,8,1979758,4554511,459000,532250,628.892000,582627,597.785200,615619,605.503700,69614,27.306000,0x098b50423eb1b80e5a7fb520438bb4f17cbf6c9b9e6ebef7938342aa2df694fe,0x15bf766aa145bc49955f4b440b0070cdb1823fdb1a4942a856ae7a53dd251a8a
theo_n,5,13,false,9,13,onchain,500,9,1979758,4554511,459000,532286,548.680100,582663,541.229200,615655,650.571100,69626,23.567000,0x098b50423eb1b80e5a7fb520438bb4f17cbf6c9b9e6ebef7938342aa2df694fe,0x145e23340ae3a5c2a8a430e0bd8150939cf9d3336c5a111f39801cc2a9171cea
theo_n,5,14,false,9,13,onchain,500,10,1979758,4554511,459000,532322,533.739900,582711,692.821400,615703,566.434000,69626,30.026400,0x098b50423eb1b80e5a7fb520438bb4f17cbf6c9b9e6ebef7938342aa2df694fe,0x19d8b479a4eb2ed56fc544f5f258c142afbc9733ce11579245b90f6471cc5aa2
theo_n,5,15,false,9,13,onchain,500,11,1979758,4554511,459000,532334,580.238500,582723,528.309000,615715,610.659700,69626,21.816500,0x098b50423eb1b80e5a7fb520438bb4f17cbf6c9b9e6ebef7938342aa2df694fe,0x17115cce247ab17833ce4f971544dcf98cba44f30ac3caa2b60573600696808c
theo_n,5,16,false,9,13,onchain,500,12,1979758,4554511,459000,532358,638.888100,582747,648.229700,615739,602.525900,69626,18.451400,0x098b50423eb1b80e5a7fb520438bb4f17cbf6c9b9e6ebef7938342aa2df694fe,0x12f7111f7f65e737c4608f3f8cffc3dea6a29e14af7ddcba52cac254304ecd23
theo_n,5,17,false,9,13,onchain,500,13,1979758,4554511,459000,532322,587.465600,582711,570.053000,615703,597.226200,69626,29.587700,0x098b50423eb1b80e5a7fb520438bb4f17cbf6c9b9e6ebef7938342aa2df694fe,0x146554373ef67f5de307538cfcb7e62015f4c7d7791f0be35f5897031ab12a59
theo_n,5,18,false,9,13,onchain,500,14,1979758,4554511,459000,532298,563.988800,582687,574.194800,615679,598.179700,69626,29.439400,0x098b50423eb1b80e5a7fb520438bb4f17cbf6c9b9e6ebef7938342aa2df694fe,0x298177b133ab3f68a2e47c6d74787973892a7540de8dcd16ae80701b4d1a19b5
theo_n,5,19,false,9,13,onchain,500,15,1979758,4554511,459000,532310,558.567300,582699,551.164300,615691,732.251800,69626,22.564100,0x098b50423eb1b80e5a7fb520438bb4f17cbf6c9b9e6ebef7938342aa2df694fe,0x290f20350f10923907c139526a8eeb150f99e2573a16d6916fe0f769c993f49a
theo_n,5,20,false,9,13,onchain,500,16,1979758,4554511,459000,532310,630.020300,582699,553.588300,615691,604.627500,69626,21.361300,0x098b50423eb1b80e5a7fb520438bb4f17cbf6c9b9e6ebef7938342aa2df694fe,0x171e66512384a041ca6a5f708a5b4fdda9cf24ab176412c6f6900afc3c6dedb8
theo_n,5,21,false,9,13,onchain,500,17,1979758,4554511,459000,532274,629.405700,582663,680.834300,615655,640.704000,69626,26.551900,0x098b50423eb1b80e5a7fb520438bb4f17cbf6c9b9e6ebef7938342aa2df694fe,0x1be2fe80e5029582e3f6e62f4cb2a84d401feee79f16b335d0bc369a395a0853
theo_n,5,22,false,9,13,onchain,500,18,1979758,4554511,459000,532238,553.412400,582627,583.344200,615619,654.592200,69626,26.657800,0x098b50423eb1b80e5a7fb520438bb4f17cbf6c9b9e6ebef7938342aa2df694fe,0x0bb978d615ff4f194a9934af270a428732e8174c4311c8beb31d4e0bbabbc0bc
theo_n,5,23,false,9,13,onchain,500,19,1979758,4554511,459000,532262,533.933100,582651,604.705500,615643,609.054500,69626,30.114800,0x098b50423eb1b80e5a7fb520438bb4f17cbf6c9b9e6ebef7938342aa2df694fe,0x04726770464b2bff8da321b67038b812b34fa5fa5cdf99f1314cba8589a165bc
theo_n,5,24,false,9,13,onchain,500,20,1979758,4554511,459000,532298,566.814800,582687,655.678300,615679,557.957000,69626,30.560700,0x098b50423eb1b80e5a7fb520438bb4f17cbf6c9b9e6ebef7938342aa2df694fe,0x03d6f9ca63a41aff3fb9a8fc838ab1ed3ceedc7c249c5dc4c19d5955e351be13
theo_n,5,25,false,9,13,onchain,500,21,1979758,4554511,459000,532298,603.150900,582687,613.295200,615679,546.843100,69626,26.917200,0x098b50423eb1b80e5a7fb520438bb4f17cbf6c9b9e6ebef7938342aa2df694fe,0x1686fa19ed842d8106f86663fe6e6888a8bfb3e985dcfd2bb1db169ffcda5da5
theo_n,5,26,false,9,13,onchain,500,22,1979758,4554511,459000,532382,593.427300,582771,609.199100,615763,673.805500,69626,31.039000,0x098b50423eb1b80e5a7fb520438bb4f17cbf6c9b9e6ebef7938342aa2df694fe,0x23e82ec09d717b107d77dc26eb5dc265ea1fc45985e29b8cc3cb17430ff24a0c
theo_n,5,27,false,9,13,onchain,500,23,1979758,4554511,459000,532322,624.141800,582711,595.221900,615703,596.378400,69626,23.332700,0x098b50423eb1b80e5a7fb520438bb4f17cbf6c9b9e6ebef7938342aa2df694fe,0x10b3bd195947d421c2d2b26290f8c337fd0828e5148886d256cae19c30dd3457
theo_n,5,28,false,9,13,onchain,500,24,1979758,4554511,459000,532274,611.562100,582651,699.661000,615643,585.407500,69626,21.085900,0x098b50423eb1b80e5a7fb520438bb4f17cbf6c9b9e6ebef7938342aa2df694fe,0x2a99ad2dc4636645cb03a3f8cddbcf89d41b4a9e486facca27dfee54675abb9c
theo_n,5,29,false,9,13,onchain,500,25,1979758,4554511,459000,532274,529.895800,582651,659.615400,615643,574.438100,69614,29.646100,0x098b50423eb1b80e5a7fb520438bb4f17cbf6c9b9e6ebef7938342aa2df694fe,0x1cd40d323ccd0838cfec775d1003317bf356cafeaba2b700c3af3c61def30fca
theo_n,5,30,false,9,13,onchain,500,26,1979758,4554511,459000,532358,631.298400,582747,615.592700,615739,621.410300,69626,25.622700,0x098b50423eb1b80e5a7fb520438bb4f17cbf6c9b9e6ebef7938342aa2df694fe,0x2eb42444691d4d15abfb91e44bb63be709bec40b9e54f4360f24d4480534af10
theo_n,5,31,false,9,13,onchain,500,27,1979758,4554511,459000,532214,576.362100,582603,559.704200,615595,646.336900,69626,26.303300,0x098b50423eb1b80e5a7fb520438bb4f17cbf6c9b9e6ebef7938342aa2df694fe,0x2c174593cceb5f490ba8f6ba09cd052e5c25a821a271f28bc1a25fe480d609d8
theo_n,5,32,false,9,13,onchain,500,28,1979758,4554511,459000,532358,600.599100,582747,640.093700,615739,598.651300,69626,32.558500,0x098b50423eb1b80e5a7fb520438bb4f17cbf6c9b9e6ebef7938342aa2df694fe,0x23665977a843f888d72d4f179e9f9d837be558853b6806d1436951fa322c1221
theo_n,5,33,false,9,13,onchain,500,29,1979758,4554511,459000,532202,572.574400,582591,640.034200,615583,643.755600,69626,21.187500,0x098b50423eb1b80e5a7fb520438bb4f17cbf6c9b9e6ebef7938342aa2df694fe,0x1784bc5a44d0a6e7b87bdd0fd4e563361f98a6aa39b7964e0907b239a38b84e7
theo_n,5,34,false,9,13,onchain,500,30,1979758,4554511,459000,532226,553.594700,582615,569.357800,615607,618.408800,69626,24.159300,0x098b50423eb1b80e5a7fb520438bb4f17cbf6c9b9e6ebef7938342aa2df694fe,0x202c4e9e6402e7f390a4ab85d1370541fe76c37421ce3a51ac5805c4b24b6da9
theo_n,5,35,false,9,13,onchain,500,31,1979758,4554511,459000,532274,579.294900,582663,582.547300,615655,547.194700,69626,20.762500,0x098b50423eb1b80e5a7fb520438bb4f17cbf6c9b9e6ebef7938342aa2df694fe,0x26ac62095e0835f5045ef0c786313c5c49c66bfa9a9c59a9176a5e55ca7e0d2f
theo_n,5,36,false,9,13,onchain,500,32,1979758,4554511,459000,532214,642.358600,582603,526.461200,615595,612.123200,69626,19.402400,0x098b50423eb1b80e5a7fb520438bb4f17cbf6c9b9e6ebef7938342aa2df694fe,0x0999d39078de7333e04118695737bc5efd57941984dd9136fc1c1b2063a26adc
theo_n,5,37,false,9,13,onchain,500,33,1979758,4554511,459000,532262,556.053200,582651,624.071800,615643,608.994400,69626,21.604100,0x098b50423eb1b80e5a7fb520438bb4f17cbf6c9b9e6ebef7938342aa2df694fe,0x21595eb5cbf9542bc3565fb23a44f93e50797512cb2156aa0f1bf0cccd52959e
theo_n,5,38,false,9,13,onchain,500,34,1979758,4554511,459000,532274,590.757700,582651,560.558600,615643,568.557200,69614,23.226800,0x098b50423eb1b80e5a7fb520438bb4f17cbf6c9b9e6ebef7938342aa2df694fe,0x25c79e1b2c8e7e076990cd6c719d9fad9068d6cd9b911cb567af007fd9ae9012
theo_n,5,39,false,9,13,onchain,500,35,1979758,4554511,459000,532238,565.089900,582627,616.796500,615619,574.258500,69626,27.356100,0x098b50423eb1b80e5a7fb520438bb4f17cbf6c9b9e6ebef7938342aa2df694fe,0x12b71401342adb56754a25ca9b90161c500f6d1db94481a55ff459a7aebc3185
theo_n,5,40,false,9,13,onchain,500,36,1979758,4554511,459000,532286,562.290100,582675,627.292500,615667,677.891400,69626,32.052300,0x098b50423eb1b80e5a7fb520438bb4f17cbf6c9b9e6ebef7938342aa2df694fe,0x1bf1c17e9fed35f18ad1a97d36860e5c49872e06811178e1de9764c9d878dc29
theo_n,5,41,false,9,13,onchain,500,37,1979758,4554511,459000,532334,569.716000,582723,574.676300,615715,637.147200,69626,23.058900,0x098b50423eb1b80e5a7fb520438bb4f17cbf6c9b9e6ebef7938342aa2df694fe,0x2b638435867637f2946659187916cd17968a726d781e30c6e61925210b314d02
theo_n,5,42,false,9,13,onchain,500,38,1979758,4554511,459000,532274,547.954900,582651,556.697800,615643,621.770900,69614,20.648800,0x098b50423eb1b80e5a7fb520438bb4f17cbf6c9b9e6ebef7938342aa2df694fe,0x2bdbfab8d0294126af14982e1000d41a61e11326b0ce247a7116adeeea7985cd
theo_n,5,43,false,9,13,onchain,500,39,1979758,4554511,459000,532370,719.711500,582759,621.439500,615751,679.328200,69626,21.757900,0x098b50423eb1b80e5a7fb520438bb4f17cbf6c9b9e6ebef7938342aa2df694fe,0x0aa7bf1d39d93e1954ce66d9858d1198e0ad921a4df6c1181b1ce905784fe958
theo_n,5,44,false,9,13,onchain,500,40,1979758,4554511,459000,532274,577.663900,582663,612.763200,615655,537.195600,69626,29.058700,0x098b50423eb1b80e5a7fb520438bb4f17cbf6c9b9e6ebef7938342aa2df694fe,0x10de1e3d29876f4850189c984ae73d9c11ce68b86aadc32cf461c98d54d62d23
theo_n,5,45,false,9,13,onchain,500,41,1979758,4554511,459000,532238,554.877800,582615,659.116500,615607,572.025800,69614,21.138800,0x098b50423eb1b80e5a7fb520438bb4f17cbf6c9b9e6ebef7938342aa2df694fe,0x1edba77fec60aecefcfe1abd4e72068fd9fb6184a89b43f5c3dc9a00069d74e2
theo_n,5,46,false,9,13,onchain,500,42,1979758,4554511,459000,532430,607.928100,582819,601.624200,615811,624.324400,69626,21.716400,0x098b50423eb1b80e5a7fb520438bb4f17cbf6c9b9e6ebef7938342aa2df694fe,0x15c8ab0ca8377161a0b8ea56ed9e3ae382863e927a1324317f9fa192d6188e2e
theo_n,5,47,false,9,13,onchain,500,43,1979758,4554511,459000,532286,568.105800,582675,643.392700,615667,661.976800,69626,28.226900,0x098b50423eb1b80e5a7fb520438bb4f17cbf6c9b9e6ebef7938342aa2df694fe,0x13eb1c80471a2c64b0c27128ce601b8439e0852909edea7c2fa01c5a8b0cd2a8
theo_n,5,48,false,9,13,onchain,500,44,1979758,4554511,459000,532298,596.532600,582687,630.896400,615679,578.764000,69626,39.724000,0x098b50423eb1b80e5a7fb520438bb4f17cbf6c9b9e6ebef7938342aa2df694fe,0x0231eb71e8795c4c4a35fb9db7f9d3c70fcb8e6537017b7c23770e27edb17c26
theo_n,5,49,false,9,13,onchain,500,45,1979758,4554511,459000,532262,674.864700,582651,626.060700,615643,579.361500,69626,24.726300,0x098b50423eb1b80e5a7fb520438bb4f17cbf6c9b9e6ebef7938342aa2df694fe,0x14bfb435acb7a5d37e0d29a9b6051229ed7acd9fdfc1de220c0337ce6f0f4ed8
theo_n,5,50,false,9,13,onchain,500,46,1979758,4554511,459000,532310,568.553100,582699,799.961200,615691,611.181000,69626,32.589500,0x098b50423eb1b80e5a7fb520438bb4f17cbf6c9b9e6ebef7938342aa2df694fe,0x0d91e737b2843fdf5a8d1394de46dfa3fe679927773f55ff934b561adb0b7fff
theo_n,5,51,false,9,13,onchain,500,47,1979758,4554511,459000,532286,596.094300,582663,649.958400,615655,538.124000,69626,25.120300,0x098b50423eb1b80e5a7fb520438bb4f17cbf6c9b9e6ebef7938342aa2df694fe,0x26954244b4ec45232f6c53427aaae47d6f1e18e481e8b23526e02555df48c1df
theo_n,5,52,false,9,13,onchain,500,48,1979758,4554511,459000,532346,634.879500,582735,583.080600,615727,604.315100,69626,33.553900,0x098b50423eb1b80e5a7fb520438bb4f17cbf6c9b9e6ebef7938342aa2df694fe,0x239708d53c07d61009f55c15e879487da0622eab4cc30d66f7bca4dbc4bfe44d
theo_n,5,53,false,9,13,onchain,500,49,1979758,4554511,459000,532202,561.153100,582591,589.958700,615583,601.986800,69626,30.712800,0x098b50423eb1b80e5a7fb520438bb4f17cbf6c9b9e6ebef7938342aa2df694fe,0x163233172054b52f81b9f891e2f9d5105c71e0adba76e509daa09013f949b0aa
theo_n,5,54,false,9,13,onchain,500,50,1979758,4554511,459000,532310,575.287000,582699,745.156400,615691,609.992000,69626,30.012700,0x098b50423eb1b80e5a7fb520438bb4f17cbf6c9b9e6ebef7938342aa2df694fe,0x29f882fd660b6a26a77c96e53e736aaae7aec2dcd44d93124440e2b9b84b4a38
theo_n,5,55,false,9,13,onchain,500,51,1979758,4554511,459000,532250,632.451200,582639,632.632100,615631,607.928200,69626,30.517400,0x098b50423eb1b80e5a7fb520438bb4f17cbf6c9b9e6ebef7938342aa2df694fe,0x27e66d84b49036dd0865b9da04321eba233102d93a56847b997b2096cfc0e219
theo_n,5,56,false,9,13,onchain,500,52,1979758,4554511,459000,532274,556.540600,582663,630.779800,615655,657.667600,69626,22.318700,0x098b50423eb1b80e5a7fb520438bb4f17cbf6c9b9e6ebef7938342aa2df694fe,0x041c6acccd0de4874fa535b4423d4a3ab728697b23310712e0d2d3f10927164d
theo_n,5,57,false,9,13,onchain,500,53,1979758,4554511,459000,532346,580.775300,582735,632.065000,615727,596.393600,69626,24.091600,0x098b50423eb1b80e5a7fb520438bb4f17cbf6c9b9e6ebef7938342aa2df694fe,0x1d11e9b323790b3c05df4d5364a35721616441c63f76b36a5b739e880f8fc03c
theo_n,5,58,false,9,13,onchain,500,54,1979758,4554511,459000,532310,590.161900,582699,700.085400,615691,590.807100,69626,54.592400,0x098b50423eb1b80e5a7fb520438bb4f17cbf6c9b9e6ebef7938342aa2df694fe,0x19ed930667ae813189bbaa0641e03f632bed382b9631862cf170dc2cfb08f703
theo_n,5,59,false,9,13,onchain,500,55,1979758,4554511,459000,532322,555.594300,582711,671.491300,615703,567.001300,69626,32.829800,0x098b50423eb1b80e5a7fb520438bb4f17cbf6c9b9e6ebef7938342aa2df694fe,0x286f63b2d20d219a578976c21ed9f8396a9370eb76c1692333fb49e9ffe5eddd
theo_n,5,60,false,9,13,onchain,500,56,1979758,4554511,459000,532310,621.312200,582699,632.642000,615691,619.186900,69626,24.440000,0x098b50423eb1b80e5a7fb520438bb4f17cbf6c9b9e6ebef7938342aa2df694fe,0x1f99a065f3bb98ea5433e6d81e6e27387fc8c025edc841fddcff3cbf77e66024
theo_n,5,61,false,9,13,onchain,500,57,1979758,4554511,459000,532358,561.487200,582747,567.807800,615739,631.574500,69626,23.309500,0x098b50423eb1b80e5a7fb520438bb4f17cbf6c9b9e6ebef7938342aa2df694fe,0x1feb6f0f68700be050d5e26dfd63e880937685b79efab2b075ec055912a4f5ae
theo_n,5,62,false,9,13,onchain,500,58,1979758,4554511,459000,532286,531.124900,582675,549.844500,615667,590.587200,69626,23.344600,0x098b50423eb1b80e5a7fb520438bb4f17cbf6c9b9e6ebef7938342aa2df694fe,0x0e6c34dbfd1473a1ae9710c16b88cac448410f09637490e3123197c34790a183
theo_n,5,63,false,9,13,onchain,500,59,1979758,4554511,459000,532166,613.643100,582555,535.048000,615547,615.930300,69626,30.650700,0x098b50423eb1b80e5a7fb520438bb4f17cbf6c9b9e6ebef7938342aa2df694fe,0x0bb2842f8a6e91c04573162fc7601b567d7df6749d60979ba332d7b78c328f8d
theo_n,5,64,false,9,13,onchain,500,60,1979758,4554511,459000,532226,600.362300,582615,548.579000,615607,714.980800,69626,20.908200,0x098b50423eb1b80e5a7fb520438bb4f17cbf6c9b9e6ebef7938342aa2df694fe,0x0a7220125db4c9fae9b66dda6e019f9ebbe630298376fe4b51a071b6eb9ddbcf
theo_n,5,65,false,9,13,onchain,500,61,1979758,4554511,459000,532370,635.841700,582759,622.627000,615751,618.536700,69626,29.438200,0x098b50423eb1b80e5a7fb520438bb4f17cbf6c9b9e6ebef7938342aa2df694fe,0x1abe534db0df466d693bdbb58e2e3330a7c9ce60678dcecd580bfa34a5604850
theo_n,5,66,false,9,13,onchain,500,62,1979758,4554511,459000,532238,592.680200,582627,633.251600,615619,735.385300,69626,47.943600,0x098b50423eb1b80e5a7fb520438bb4f17cbf6c9b9e6ebef7938342aa2df694fe,0x12cd93c7fe1e9691bc34c1a151550f01178da157b91296de0279ba930f04a680
theo_n,5,67,false,9,13,onchain,500,63,1979758,4554511,459000,532226,640.279500,582603,662.413100,615595,804.648800,69626,30.923300,0x098b50423eb1b80e5a7fb520438bb4f17cbf6c9b9e6ebef7938342aa2df694fe,0x1efdb02da48822560ee87f9d18dd45890f200b5829646129246afe143791a5ee
theo_n,5,68,false,9,13,onchain,500,64,1979758,4554511,459000,532262,610.349900,582651,605.811800,615643,621.910800,69626,24.757300,0x098b50423eb1b80e5a7fb520438bb4f17cbf6c9b9e6ebef7938342aa2df694fe,0x18bcb575879217dd771bf3fd110accc154f81eb964db696503ddc5cc982414f3
theo_n,5,69,false,9,13,onchain,500,65,1979758,4554511,459000,532286,611.163200,582675,597.276300,615667,611.263200,69626,59.898200,0x098b50423eb1b80e5a7fb520438bb4f17cbf6c9b9e6ebef7938342aa2df694fe,0x2e969f3908c8262e7c1ef3c63699dc0ca68c5ea634b5f0732921ce9452c32843
theo_n,5,70,false,9,13,onchain,500,66,1979758,4554511,459000,532286,563.026400,582663,676.927300,615655,581.839300,69614,21.748700,0x098b50423eb1b80e5a7fb520438bb4f17cbf6c9b9e6ebef7938342aa2df694fe,0x0088ab77acbdc069cfc9f633fed7cecb143790696b76586df6ef40df2b60952c
theo_n,5,71,false,9,13,onchain,500,67,1979758,4554511,459000,532274,609.811100,582663,672.989700,615655,758.898400,69626,27.003300,0x098b50423eb1b80e5a7fb520438bb4f17cbf6c9b9e6ebef7938342aa2df694fe,0x19266272248a559ab8943ba2d8258af531fe630f833f9241fd43a9bd449ed3a7
theo_n,5,72,false,9,13,onchain,500,68,1979758,4554511,459000,532298,590.242000,582687,621.212900,615679,692.701700,69626,26.554500,0x098b50423eb1b80e5a7fb520438bb4f17cbf6c9b9e6ebef7938342aa2df694fe,0x215eaf1d8e79c9ef4d076f165a4f634ca98f0f5ed28e045b617a86326162e4a2
theo_n,5,73,false,9,13,onchain,500,69,1979758,4554511,459000,532262,587.134800,582651,733.955900,615643,655.536400,69626,28.045600,0x098b50423eb1b80e5a7fb520438bb4f17cbf6c9b9e6ebef7938342aa2df694fe,0x0a7e4f05953ca3db4ac4061d27149a86e58e25f8abe9700123d4376accf763bf
theo_n,5,74,false,9,13,onchain,500,70,1979758,4554511,459000,532286,589.997000,582675,617.303100,615667,605.163500,69626,28.595700,0x098b50423eb1b80e5a7fb520438bb4f17cbf6c9b9e6ebef7938342aa2df694fe,0x08605ab6f0ea9feaba6887ea78431d2492628dfd59a10292fc7afe5ea2e8eece
theo_n,5,75,false,9,13,onchain,500,71,1979758,4554511,459000,532382,589.717400,582771,604.854600,615763,564.963100,69626,22.820600,0x098b50423eb1b80e5a7fb520438bb4f17cbf6c9b9e6ebef7938342aa2df694fe,0x26d317fe0299e077054be278d1f0d21206ca9c25bef0abf439a346026c390dfa
theo_n,5,76,false,9,13,onchain,500,72,1979758,4554511,459000,532382,545.014600,582771,602.904700,615763,606.364600,69626,31.026100,0x098b50423eb1b80e5a7fb520438bb4f17cbf6c9b9e6ebef7938342aa2df694fe,0x25af9ec4cff748dbaf0976a3ff1188e5b628546f7f4f5b9db9eaa477462f7869
theo_n,5,77,false,9,13,onchain,500,73,1979758,4554511,459000,532286,583.679900,582675,659.578600,615667,607.470000,69626,20.253300,0x098b50423eb1b80e5a7fb520438bb4f17cbf6c9b9e6ebef7938342aa2df694fe,0x01fb960b8f1b5d34b7f4749defb02b514c03bec096b79a9bc37ebfdeec741f2b
theo_n,5,78,false,9,13,onchain,500,74,1979758,4554511,459000,532202,602.702900,582591,601.884100,615583,585.176200,69626,21.341500,0x098b50423eb1b80e5a7fb520438bb4f17cbf6c9b9e6ebef7938342aa2df694fe,0x12e08ec57ab72cecc7a3924708902cc02c89942a36fdb660beb16561ed7ef5ce
theo_n,5,79,false,9,13,onchain,500,75,1979758,4554511,459000,532298,549.759000,582687,589.897800,615679,620.243400,69626,29.669500,0x098b50423eb1b80e5a7fb520438bb4f17cbf6c9b9e6ebef7938342aa2df694fe,0x16a729a31e033516db4de85c7111097269183918aa98a399cfd2eabaf4bc6545
theo_n,5,80,false,9,13,onchain,500,76,1979758,4554511,459000,532310,564.047000,582699,649.545600,615691,633.747400,69626,34.250700,0x098b50423eb1b80e5a7fb520438bb4f17cbf6c9b9e6ebef7938342aa2df694fe,0x0d453d4335fb2a5c16d11d4240b1166d98908cce0ead0250abff97a9868aecc8
theo_n,5,81,false,9,13,onchain,500,77,1979758,4554511,459000,532238,648.043800,582627,607.604000,615619,647.842400,69626,26.876000,0x098b50423eb1b80e5a7fb520438bb4f17cbf6c9b9e6ebef7938342aa2df694fe,0x0d4fb35507c4725529bee562d7875325d2200194fbe8fd2e917d6dd1cc23fdc2
theo_n,5,82,false,9,13,onchain,500,78,1979758,4554511,459000,532322,559.750600,582711,681.074400,615703,654.661200,69626,35.399300,0x098b50423eb1b80e5a7fb520438bb4f17cbf6c9b9e6ebef7938342aa2df694fe,0x18fd75dcd068156962b7472b26d5764df5f027a7dc6aba38d75ff522addddc25
theo_n,5,83,false,9,13,onchain,500,79,1979758,4554511,459000,532274,514.788400,582663,698.366800,615655,616.295500,69626,28.525200,0x098b50423eb1b80e5a7fb520438bb4f17cbf6c9b9e6ebef7938342aa2df694fe,0x2be77b57647a6b10a55e242f74a9ccf7e4785095dad898a23c39c7449a8a7c0c
theo_n,5,84,false,9,13,onchain,500,80,1979758,4554511,459000,532250,595.801200,582627,613.741800,615619,588.773800,69626,21.445300,0x098b50423eb1b80e5a7fb520438bb4f17cbf6c9b9e6ebef7938342aa2df694fe,0x0d9b8e94306ca021ecb938f5026044a99fb2903e768e0b859c6cb7f74c89ada6
theo_n,5,85,false,9,13,onchain,500,81,1979758,4554511,459000,532418,543.564400,582807,597.131000,615799,630.600700,69626,25.666100,0x098b50423eb1b80e5a7fb520438bb4f17cbf6c9b9e6ebef7938342aa2df694fe,0x06c0b3f5ffd3b8544f72e020c2ffde1c8399e0f7b3f5c2c98ef2d41a5b6d2a0a
theo_n,5,86,false,9,13,onchain,500,82,1979758,4554511,459000,532262,566.692400,582651,615.158700,615643,590.223400,69626,24.663300,0x098b50423eb1b80e5a7fb520438bb4f17cbf6c9b9e6ebef7938342aa2df694fe,0x0fcde5acfb3565955df8385342e3d172fc5e4376c643a3cb46cf9cada75b9277
theo_n,5,87,false,9,13,onchain,500,83,1979758,4554511,459000,532250,574.559200,582639,587.165000,615631,666.656400,69626,28.022600,0x098b50423eb1b80e5a7fb520438bb4f17cbf6c9b9e6ebef7938342aa2df694fe,0x15051a287f47c76ed7d2269998aa47f5381185b04d9f51445c39087cd8ed01de
theo_n,5,88,false,9,13,onchain,500,84,1979758,4554511,459000,532394,603.875900,582783,653.486900,615775,685.011000,69626,22.389800,0x098b50423eb1b80e5a7fb520438bb4f17cbf6c9b9e6ebef7938342aa2df694fe,0x0f7765a835070e4481f45e0827e06270383d6f9cdbd4196f283b338b9a4e3238
theo_n,5,89,false,9,13,onchain,500,85,1979758,4554511,459000,532262,528.704100,582651,609.002600,615643,569.785400,69626,22.521300,0x098b50423eb1b80e5a7fb520438bb4f17cbf6c9b9e6ebef7938342aa2df694fe,0x2b62ea88645121b88157ac06e4e3f9c3178df965566ae6496a8d6c6bb96fbded
theo_n,5,90,false,9,13,onchain,500,86,1979758,4554511,459000,532370,615.764600,582759,689.199900,615751,538.087000,69626,31.734500,0x098b50423eb1b80e5a7fb520438bb4f17cbf6c9b9e6ebef7938342aa2df694fe,0x2dd46823e0fa0e639cbb8cc928ec221105d0d9a65c31b716e52a5a52adfcfb95
theo_n,5,91,false,9,13,onchain,500,87,1979758,4554511,459000,532250,574.166600,582639,634.746700,615631,651.490100,69626,26.901000,0x098b50423eb1b80e5a7fb520438bb4f17cbf6c9b9e6ebef7938342aa2df694fe,0x28a7f749444fc4fb853eeff2d8b65c7a41abfea333797977a42f9f84eb0ea79b
theo_n,5,92,false,9,13,onchain,500,88,1979758,4554511,459000,532190,542.196800,582579,588.595800,615571,582.439000,69626,17.553100,0x098b50423eb1b80e5a7fb520438bb4f17cbf6c9b9e6ebef7938342aa2df694fe,0x1990851d8f9a1f34328e760b34b2c549764ca2e1557dde4c5f189c4e168cd5f9
theo_n,5,93,false,9,13,onchain,500,89,1979758,4554511,459000,532250,541.710700,582639,679.588600,615631,541.205600,69626,38.514000,0x098b50423eb1b80e5a7fb520438bb4f17cbf6c9b9e6ebef7938342aa2df694fe,0x2b8d45422864217488a84b2c5d353db89cdf51b5bee10eb545baef4f7381330f
theo_n,5,94,false,9,13,onchain,500,90,1979758,4554511,459000,532214,557.363900,582591,732.625800,615583,666.827200,69614,28.676800,0x098b50423eb1b80e5a7fb520438bb4f17cbf6c9b9e6ebef7938342aa2df694fe,0x00f12dbe894fc42bbde3b356e7868f42f5a9a342cfd632ff464f8fcf9e57333b
theo_n,5,95,false,9,13,onchain,500,91,1979758,4554511,459000,532178,608.618000,582567,619.398100,615559,599.924000,69626,34.436300,0x098b50423eb1b80e5a7fb520438bb4f17cbf6c9b9e6ebef7938342aa2df694fe,0x1ec83bfd5f380ef673a5af89e992e0d01715ca7d7f2967cc8316c40bb09163a9
theo_n,5,96,false,9,13,onchain,500,92,1979758,4554511,459000,532238,668.941000,582627,546.305000,615619,721.757500,69626,54.498700,0x098b50423eb1b80e5a7fb520438bb4f17cbf6c9b9e6ebef7938342aa2df694fe,0x0b07c8f3f557a462c6ef632caabdcf5fc3bf382ff18dfe46aae0dadaedd5a8d2
theo_n,5,97,false,9,13,onchain,500,93,1979758,4554511,459000,532274,655.730100,582663,617.041100,615655,649.486400,69626,25.744100,0x098b50423eb1b80e5a7fb520438bb4f17cbf6c9b9e6ebef7938342aa2df694fe,0x0d315137502a0bf670e5c74c46603131659987d14b09d74da3c36de13a608b07
theo_n,5,98,false,9,13,onchain,500,94,1979758,4554511,459000,532334,570.091600,582723,614.383100,615715,568.352900,69626,29.351700,0x098b50423eb1b80e5a7fb520438bb4f17cbf6c9b9e6ebef7938342aa2df694fe,0x2d7c0a2bf3f877b4301edfbb51e2b35bd3c86cfe1d1a492eb454d060ae7778f1
theo_n,5,99,false,9,13,onchain,500,95,1979758,4554511,459000,532334,618.083300,582723,592.972700,615715,640.953600,69626,48.981700,0x098b50423eb1b80e5a7fb520438bb4f17cbf6c9b9e6ebef7938342aa2df694fe,0x08d69a87c1f599104a063e0894e7eb48d057bdabc16119b7d07547d35fa7c8a5
theo_n,5,100,false,9,13,onchain,500,96,1979758,4554511,459000,532370,654.509600,582759,571.189200,615751,618.763700,69626,22.179900,0x098b50423eb1b80e5a7fb520438bb4f17cbf6c9b9e6ebef7938342aa2df694fe,0x1c7df0827e1080ee71d950a409a18e1518a5e3bce2da8c0ce1b24094d4994b6b
theo_n,5,101,false,9,13,onchain,500,97,1979758,4554511,459000,532310,558.647200,582699,628.273800,615691,611.840200,69626,24.602000,0x098b50423eb1b80e5a7fb520438bb4f17cbf6c9b9e6ebef7938342aa2df694fe,0x2d58a42d5d1cc2791453aaa1b78a1d4086dc79c5bae4a72518c26d1eeeaf480a
theo_n,5,102,false,9,13,onchain,500,98,1979758,4554511,459000,532310,544.862500,582699,594.911600,615691,626.862300,69626,38.682300,0x098b50423eb1b80e5a7fb520438bb4f17cbf6c9b9e6ebef7938342aa2df694fe,0x082328b47921926c3d45725c3c54adb91798ae45bbee77c57c13c78a0e127537
theo_n,5,103,false,9,13,onchain,500,99,1979758,4554511,459000,532274,576.391800,582663,601.706500,615655,714.610000,69626,27.624500,0x098b50423eb1b80e5a7fb520438bb4f17cbf6c9b9e6ebef7938342aa2df694fe,0x0346d298ca5e9ba5bc6d3e3e2e13cc63e6e4d14e53981e988e66eb8d5b87aed3
theo_n,5,104,false,9,13,onchain,500,100,1979758,4554511,459000,532262,612.216900,582651,647.066800,615643,660.030600,69626,25.953600,0x098b50423eb1b80e5a7fb520438bb4f17cbf6c9b9e6ebef7938342aa2df694fe,0x280a714b2978fcf5aba174c93ac09d948715115992029fdb917fd8374ab986bd
theo_n,5,105,false,9,13,onchain,500,101,1979758,4554511,459000,532322,530.120400,582699,597.920100,615691,693.638700,69626,30.346900,0x098b50423eb1b80e5a7fb520438bb4f17cbf6c9b9e6ebef7938342aa2df694fe,0x085cb394d60f01c45b060e3655b9680d97304f6337b86fda09f0335513c0eaf0
theo_n,5,106,false,9,13,onchain,500,102,1979758,4554511,459000,532334,616.585700,582711,676.650400,615703,552.925200,69614,29.470100,0x098b50423eb1b80e5a7fb520438bb4f17cbf6c9b9e6ebef7938342aa2df694fe,0x1527c5d2d9c656f6144be711876760da3a61cf05ed9e544600be5f4b9cfe074d
theo_n,5,107,false,9,13,onchain,500,103,1979758,4554511,459000,532298,579.498600,582687,588.639200,615679,598.932800,69626,21.882300,0x098b50423eb1b80e5a7fb520438bb4f17cbf6c9b9e6ebef7938342aa2df694fe,0x1eaec94c680ac2a6a85aa250ddf4cb5bd7a659b00b78f4b6b7c75044fad7d3bd
theo_n,5,108,false,9,13,onchain,500,104,1979758,4554511,459000,532262,627.588200,582651,527.323100,615643,686.869500,69626,30.321700,0x098b50423eb1b80e5a7fb520438bb4f17cbf6c9b9e6ebef7938342aa2df694fe,0x15d2afc485db584720f32f6198068e75f1168528ba496590a1980e0f1b270985
theo_n,5,109,false,9,13,onchain,500,105,1979758,4554511,459000,532322,585.583000,582711,585.710800,615703,608.263600,69626,19.401400,0x098b50423eb1b80e5a7fb520438bb4f17cbf6c9b9e6ebef7938342aa2df694fe,0x1a5da863997d24b5471d5d5e81070d3959dae8e5b754f8c0c15c3465fc18ca97
theo_n,5,110,false,9,13,onchain,500,106,1979758,4554511,459000,532166,537.158700,582543,665.836800,615535,623.339400,69614,27.071700,0x098b50423eb1b80e5a7fb520438bb4f17cbf6c9b9e6ebef7938342aa2df694fe,0x273edd203800914995c38c0f86697eebec9b5fe5bbf24f7e1a8008a29448420f
theo_n,5,111,false,9,13,onchain,500,107,1979758,4554511,459000,532322,555.009800,582699,585.241400,615691,576.711200,69626,20.652500,0x098b50423eb1b80e5a7fb520438bb4f17cbf6c9b9e6ebef7938342aa2df694fe,0x2d0b9fe4e87166878564917f8414cfbd31d9faba6cd878a9cbf85c615976b56f
theo_n,5,112,false,9,13,onchain,500,108,1979758,4554511,459000,532274,567.678300,582663,637.451200,615655,577.343400,69626,56.501800,0x098b50423eb1b80e5a7fb520438bb4f17cbf6c9b9e6ebef7938342aa2df694fe,0x132230c786a10fd367e92c57fe0adc7480c4617b2bfbe878a0401dfb1b72cb4f
theo_n,5,113,false,9,13,onchain,500,109,1979758,4554511,459000,532250,601.904900,582639,577.680000,615631,646.376800,69626,26.543600,0x098b50423eb1b80e5a7fb520438bb4f17cbf6c9b9e6ebef7938342aa2df694fe,0x16cd25f623714f4f1b7065482e340f09ca465af9ebcce54ad72bdc27f48342df
theo_n,5,114,false,9,13,onchain,500,110,1979758,4554511,459000,532358,594.963000,582747,831.703000,615739,607.202300,69626,42.041400,0x098b50423eb1b80e5a7fb520438bb4f17cbf6c9b9e6ebef7938342aa2df694fe,0x1bd2861c2b226ae17de48461808c1065c0f1c05fbd72069529891146436c9b34
theo_n,5,115,false,9,13,onchain,500,111,1979758,4554511,459000,532202,613.681200,582579,557.388400,615571,648.596100,69614,23.261800,0x098b50423eb1b80e5a7fb520438bb4f17cbf6c9b9e6ebef7938342aa2df694fe,0x0fae658cab7c5225312015aba3241828f57834001837fa9b2ba7a8dea2a5c6cf
theo_n,5,116,false,9,13,onchain,500,112,1979758,4554511,459000,532418,516.181200,582807,656.113200,615799,658.458000,69626,23.147600,0x098b50423eb1b80e5a7fb520438bb4f17cbf6c9b9e6ebef7938342aa2df694fe,0x1c5bd298c59b7b24b1802fdfa7c5e831f068f3b3f82ee84667b05d2945f3246e
theo_n,5,117,false,9,13,onchain,500,113,1979758,4554511,459000,532346,566.620900,582735,663.285600,615727,699.830500,69626,27.696300,0x098b50423eb1b80e5a7fb520438bb4f17cbf6c9b9e6ebef7938342aa2df694fe,0x2c99a20b86bdb461dd0a77ef1c3714daeaca35a1b808a8abba086b86b93557ce
theo_n,5,118,false,9,13,onchain,500,114,1979758,4554511,459000,532250,592.102000,582639,573.584800,615631,704.446300,69626,23.279100,0x098b50423eb1b80e5a7fb520438bb4f17cbf6c9b9e6ebef7938342aa2df694fe,0x25fd20ab6e32c5e8688735c9a2a6f33777a1d050634219f0b002c81ced1c7b5e
theo_n,5,119,false,9,13,onchain,500,115,1979758,4554511,459000,532154,631.187800,582531,600.121600,615523,676.964900,69626,25.948300,0x098b50423eb1b80e5a7fb520438bb4f17cbf6c9b9e6ebef7938342aa2df694fe,0x291280af54056c2cd9ad444ad2cdf0658fbdf5cdf12638e6ee2b4eb312a06144
theo_n,5,120,false,9,13,onchain,500,116,1979758,4554511,459000,532310,643.421800,582699,564.707400,615691,704.380200,69626,20.655100,0x098b50423eb1b80e5a7fb520438bb4f17cbf6c9b9e6ebef7938342aa2df694fe,0x062716b8ca7b91cefd14777688e1184a74ef6e5c5b6b65936db29c147c43227e
theo_n,5,121,false,9,13,onchain,500,117,1979758,4554511,459000,532190,622.573500,582579,630.282400,615571,616.782000,69626,27.853600,0x098b50423eb1b80e5a7fb520438bb4f17cbf6c9b9e6ebef7938342aa2df694fe,0x048e61258fe1e21ef0d5714d38c150dc8cabb2ab182c87524b52f5ec88e1f81f
theo_n,5,122,false,9,13,onchain,500,118,1979758,4554511,459000,532238,596.141900,582627,626.955400,615619,630.769900,69626,30.959600,0x098b50423eb1b80e5a7fb520438bb4f17cbf6c9b9e6ebef7938342aa2df694fe,0x0337077e10fc7847a1ac99ececa16ab363e8cf5ce0b82290be76dd1dc10769e8
theo_n,5,123,false,9,13,onchain,500,119,1979758,4554511,459000,532370,542.207900,582759,604.240600,615751,610.478600,69626,33.481600,0x098b50423eb1b80e5a7fb520438bb4f17cbf6c9b9e6ebef7938342aa2df694fe,0x122ac2ab494aa392fcee5dd7347129100fc0de2505d46d438da3cd8a2d32e6ea
theo_n,5,124,false,9,13,onchain,500,120,1979758,4554511,459000,532298,579.283800,582687,603.856400,615679,665.433500,69626,30.930100,0x098b50423eb1b80e5a7fb520438bb4f17cbf6c9b9e6ebef7938342aa2df694fe,0x1bb18f78f446215b3d6ac87d13f405094b21b926809bad622f625a5c4aba0aa5
theo_n,5,125,false,9,13,onchain,500,121,1979758,4554511,459000,532322,566.701800,582711,590.767700,615703,613.157800,69626,26.362800,0x098b50423eb1b80e5a7fb520438bb4f17cbf6c9b9e6ebef7938342aa2df694fe,0x11586f2d39477f1bc5e9b1d06a9fdff35e236bf3cdc4aab74f621481516d7815
theo_n,5,126,false,9,13,onchain,500,122,1979758,4554511,459000,532322,593.742000,582711,617.400200,615703,633.917200,69626,50.339200,0x098b50423eb1b80e5a7fb520438bb4f17cbf6c9b9e6ebef7938342aa2df694fe,0x1ddb223e1339f8bf0cbed084e0b0a69adf4fe7ca2c5dc312fce34c5ed9fdf094
theo_n,5,127,false,9,13,onchain,500,123,1979758,4554511,459000,532334,602.127800,582723,611.426300,615715,590.170600,69626,28.384500,0x098b50423eb1b80e5a7fb520438bb4f17cbf6c9b9e6ebef7938342aa2df694fe,0x1840a4c242fef47e8f74cd8aa8295e9b11f3bc37ee4ad16c38a5c208344b37dc
theo_n,5,128,false,9,13,onchain,500,124,1979758,4554511,459000,532370,557.249700,582759,656.797800,615751,599.048200,69626,37.465100,0x098b50423eb1b80e5a7fb520438bb4f17cbf6c9b9e6ebef7938342aa2df694fe,0x1c13441afbd44509328c5d26d85d3acf169464c8375735cbb5efd13c343ad09f
theo_n,5,129,false,9,13,onchain,500,125,1979758,4554511,459000,532298,622.580000,582687,646.495000,615679,660.399500,69626,27.227500,0x098b50423eb1b80e5a7fb520438bb4f17cbf6c9b9e6ebef7938342aa2df694fe,0x1326819b8b7b82169305219445339534c813219958aff00f2de38420d73886c2
theo_n,5,130,false,9,13,onchain,500,126,1979758,4554511,459000,532370,574.500000,582759,586.901500,615751,590.372500,69626,23.408800,0x098b50423eb1b80e5a7fb520438bb4f17cbf6c9b9e6ebef7938342aa2df694fe,0x2ca4fcbbe3622752f4aa4e3ca994d30d0c1456ecbc1cad9193430d998bc7ef6e
theo_n,5,131,false,9,13,onchain,500,127,1979758,4554511,459000,532286,665.093000,582675,591.597400,615667,612.011000,69626,25.115200,0x098b50423eb1b80e5a7fb520438bb4f17cbf6c9b9e6ebef7938342aa2df694fe,0x1b76b599cec9d9ae0690413de23fc0c9eb5a159ef05aea11a95ee8cda8592759
theo_n,5,132,false,9,13,onchain,500,128,1979758,4554511,459000,532286,571.800800,582675,609.645100,615667,616.265700,69626,19.132300,0x098b50423eb1b80e5a7fb520438bb4f17cbf6c9b9e6ebef7938342aa2df694fe,0x19fdf3e31ef4713cb2b80a9d45bb04e96c7ee09d39424729962e332821c9888a
theo_n,5,133,false,9,13,onchain,500,129,1979758,4554511,459000,532214,509.593200,582591,632.452900,615583,650.807100,69626,33.593300,0x098b50423eb1b80e5a7fb520438bb4f17cbf6c9b9e6ebef7938342aa2df694fe,0x1f4b342dcdff21fbd66fa67e11c5544bfd8929b923b2dabc1f7ac6cb5151b9b9
theo_n,5,134,false,9,13,onchain,500,130,1979758,4554511,459000,532334,632.056200,582723,619.493700,615715,674.598000,69626,25.077100,0x098b50423eb1b80e5a7fb520438bb4f17cbf6c9b9e6ebef7938342aa2df694fe,0x154b1d74c2618354b26b34c984e94e4f7d706573361930e780b8278071f43a98
theo_n,5,135,false,9,13,onchain,500,131,1979758,4554511,459000,532226,542.265900,582615,636.008800,615607,586.079200,69626,24.640000,0x098b50423eb1b80e5a7fb520438bb4f17cbf6c9b9e6ebef7938342aa2df694fe,0x1cd387bebe939deb9139dccf335cf5da302583a9ba488b7eea65b16b9f797a0d
theo_n,5,136,false,9,13,onchain,500,132,1979758,4554511,459000,532310,588.496700,582687,603.205200,615679,661.063400,69626,22.958800,0x098b50423eb1b80e5a7fb520438bb4f17cbf6c9b9e6ebef7938342aa2df694fe,0x06d6a19737ba3c27075e413dd7860d45cc20cb35ed6c608ac22acc2e5c9c54bb
theo_n,5,137,false,9,13,onchain,500,133,1979758,4554511,459000,532322,603.453700,582699,752.135300,615691,624.164200,69614,24.150700,0x098b50423eb1b80e5a7fb520438bb4f17cbf6c9b9e6ebef7938342aa2df694fe,0x29477a7a12360051ea5c87e3ca17fa0d3d2370b734d34a8bfeccbec806464239
theo_n,5,138,false,9,13,onchain,500,134,1979758,4554511,459000,532226,582.043300,582615,580.789400,615607,661.011000,69626,21.109900,0x098b50423eb1b80e5a7fb520438bb4f17cbf6c9b9e6ebef7938342aa2df694fe,0x261908540691dd3c2c92abe77a9016a9a562140b65ef5e147e1a60d0cdfc90e0
theo_n,5,139,false,9,13,onchain,500,135,1979758,4554511,459000,532418,534.955900,582807,704.242900,615799,689.620800,69626,22.806800,0x098b50423eb1b80e5a7fb520438bb4f17cbf6c9b9e6ebef7938342aa2df694fe,0x2674c02a1b2848b07db064c5a4e58662470a9da5dc7276de3c371db1c33bc5bc
theo_n,5,140,false,9,13,onchain,500,136,1979758,4554511,459000,532286,537.303100,582675,644.270200,615667,675.936200,69626,21.023400,0x098b50423eb1b80e5a7fb520438bb4f17cbf6c9b9e6ebef7938342aa2df694fe,0x19c06805eb153a95eef5e1daec5f4936cfd6b1fd84715978ae293859cf99f2f7
theo_n,5,141,false,9,13,onchain,500,137,1979758,4554511,459000,532274,543.331400,582663,589.623300,615655,585.532900,69626,21.667800,0x098b50423eb1b80e5a7fb520438bb4f17cbf6c9b9e6ebef7938342aa2df694fe,0x2b9386b34b67cca51b5f376f0d9d5825990e05d8a0663acc09cd7ef2478b99ef
theo_n,5,142,false,9,13,onchain,500,138,1979758,4554511,459000,532238,542.829200,582627,600.867500,615619,655.346100,69626,35.728700,0x098b50423eb1b80e5a7fb520438bb4f17cbf6c9b9e6ebef7938342aa2df694fe,0x1d973ebf381de252d781eee0181e4bf96f60364a6355f27faf9d88a26c6d5f74
theo_n,5,143,false,9,13,onchain,500,139,1979758,4554511,459000,532178,554.114600,582567,582.219100,615559,620.518500,69626,21.293100,0x098b50423eb1b80e5a7fb520438bb4f17cbf6c9b9e6ebef7938342aa2df694fe,0x1dbc758c2bdd3ffd4ae4900c512cfdd59aa39693c5da8541569bb1b11a7a4ff7
theo_n,5,144,false,9,13,onchain,500,140,1979758,4554511,459000,532166,566.132200,582555,676.786500,615547,638.228000,69626,38.579200,0x098b50423eb1b80e5a7fb520438bb4f17cbf6c9b9e6ebef7938342aa2df694fe,0x24fefd181e7c2a8b9c3c99e3f098e38499d6eb3748a5bec2ec08c191c32a20c9
theo_n,5,145,false,9,13,onchain,500,141,1979758,4554511,459000,532250,631.609200,582639,606.375200,615631,617.652900,69626,33.697400,0x098b50423eb1b80e5a7fb520438bb4f17cbf6c9b9e6ebef7938342aa2df694fe,0x23968c116ab2270a3af0c481a377d282fa2af22d0df2584795947071ab2e8546
theo_n,5,146,false,9,13,onchain,500,142,1979758,4554511,459000,532370,577.712800,582759,593.108400,615751,588.989100,69626,18.523300,0x098b50423eb1b80e5a7fb520438bb4f17cbf6c9b9e6ebef7938342aa2df694fe,0x1647c354c1f20bac7643c9c62e601536572c45dcedaee32d3ee30e288b2a1fee
theo_n,5,147,false,9,13,onchain,500,143,1979758,4554511,459000,532334,523.485800,582723,700.218300,615715,610.935700,69626,19.904200,0x098b50423eb1b80e5a7fb520438bb4f17cbf6c9b9e6ebef7938342aa2df694fe,0x2ea5df06e8526bce926495cfb5bcaeeded936c0d347b1f44869b740c89de802c
theo_n,5,148,false,9,13,onchain,500,144,1979758,4554511,459000,532346,529.955000,582735,598.510100,615727,594.150200,69626,27.001400,0x098b50423eb1b80e5a7fb520438bb4f17cbf6c9b9e6ebef7938342aa2df694fe,0x0583f5e4a43ff231fab22b74c1e8dc9ca7e11f908ebfec3cae568fa348641be4
theo_n,5,149,false,9,13,onchain,500,145,1979758,4554511,459000,532178,574.608500,582567,604.041300,615559,638.433800,69626,29.640500,0x098b50423eb1b80e5a7fb520438bb4f17cbf6c9b9e6ebef7938342aa2df694fe,0x14e11f8cfedbf4f8cf3085e378b3035aa5a493ea65a91f2de51f071ab1c11333
theo_n,5,150,false,9,13,onchain,500,146,1979758,4554511,459000,532274,582.766800,582639,563.524800,615631,570.257700,69614,22.823800,0x098b50423eb1b80e5a7fb520438bb4f17cbf6c9b9e6ebef7938342aa2df694fe,0x245b631ba32f9e19fd8f3d1bf8329300750d5c30e6151c849be8b7168923763d
theo_n,5,151,false,9,13,onchain,500,147,1979758,4554511,459000,532382,553.958300,582771,660.478100,615763,655.165000,69626,24.469000,0x098b50423eb1b80e5a7fb520438bb4f17cbf6c9b9e6ebef7938342aa2df694fe,0x0a4cf55b4df6d265e96388cc0abf738334a51602cc8ee10b4e6798b91c62ccf6
theo_n,5,152,false,9,13,onchain,500,148,1979758,4554511,459000,532346,565.238400,582735,573.263400,615727,635.266300,69626,31.462700,0x098b50423eb1b80e5a7fb520438bb4f17cbf6c9b9e6ebef7938342aa2df694fe,0x2980306594ba7a72b85f517f2b2217da35af687f784e3e046e7dc5d50302957d
theo_n,5,153,false,9,13,onchain,500,149,1979758,4554511,459000,532334,610.011900,582723,635.039300,615715,623.062700,69626,34.251400,0x098b50423eb1b80e5a7fb520438bb4f17cbf6c9b9e6ebef7938342aa2df694fe,0x0bae57eb5e9667ff3213947821ebf0971fbc22df8df57a3113b581d199257ff1
theo_n,5,154,false,9,13,onchain,500,150,1979758,4554511,459000,532310,565.644400,582687,576.535000,615679,587.778600,69614,28.430600,0x098b50423eb1b80e5a7fb520438bb4f17cbf6c9b9e6ebef7938342aa2df694fe,0x09df330028e60ab8f64f208ed8725b2bd088b3666a34eddd5b59cc30efa91446
theo_n,5,155,false,9,13,onchain,500,151,1979758,4554511,459000,532346,539.847400,582735,550.676800,615727,663.945000,69626,28.079600,0x098b50423eb1b80e5a7fb520438bb4f17cbf6c9b9e6ebef7938342aa2df694fe,0x0e827a40e73cd93978223bdaea2de4a3662c85d4ada215d330dd658fcde25a44
theo_n,5,156,false,9,13,onchain,500,152,1979758,4554511,459000,532310,516.291900,582687,581.333800,615679,643.624500,69614,29.239200,0x098b50423eb1b80e5a7fb520438bb4f17cbf6c9b9e6ebef7938342aa2df694fe,0x2df1bef61f31af46f7936d4d9d4c5ac1d276b7b8eaecfe888700ac1298f92267
theo_n,5,157,false,9,13,onchain,500,153,1979758,4554511,459000,532214,585.703400,582603,601.510100,615595,623.489100,69626,23.632600,0x098b50423eb1b80e5a7fb520438bb4f17cbf6c9b9e6ebef7938342aa2df694fe,0x12915572ab99b6ddc8fea60928bc7ce39caeba0d31257fc844a096476109b36f
theo_n,5,158,false,9,13,onchain,500,154,1979758,4554511,459000,532274,548.027000,582663,633.746700,615655,727.772100,69626,35.067200,0x098b50423eb1b80e5a7fb520438bb4f17cbf6c9b9e6ebef7938342aa2df694fe,0x1a9da40b6a281115b0c04c78ccf79a0177bfd4bd849e7a87b72227206ca49630
theo_n,5,159,false,9,13,onchain,500,155,1979758,4554511,459000,532298,591.482300,582675,637.964600,615667,631.084900,69614,22.158600,0x098b50423eb1b80e5a7fb520438bb4f17cbf6c9b9e6ebef7938342aa2df694fe,0x05a92e4d70718e361377004987d81958215294de37ec7adfa4ae249de133a464
theo_n,5,160,false,9,13,onchain,500,156,1979758,4554511,459000,532322,540.212500,582711,683.280800,615703,640.656200,69626,26.535400,0x098b50423eb1b80e5a7fb520438bb4f17cbf6c9b9e6ebef7938342aa2df694fe,0x011d10d516eb6795ffe1ac987326ec7b8a1bc7c6216fb37623144bce1ea511d9
theo_n,5,161,false,9,13,onchain,500,157,1979758,4554511,459000,532310,552.955600,582699,628.121200,615691,668.157800,69626,26.316200,0x098b50423eb1b80e5a7fb520438bb4f17cbf6c9b9e6ebef7938342aa2df694fe,0x07c2427f7b75d030b8add3786708a7f1ff3619698d999713baa4e3e9179ea69c
theo_n,5,162,false,9,13,onchain,500,158,1979758,4554511,459000,532310,557.844800,582687,561.759100,615679,647.523400,69614,34.731400,0x098b50423eb1b80e5a7fb520438bb4f17cbf6c9b9e6ebef7938342aa2df694fe,0x15b494b2d69d888296e4a53c9138e66b123c8700312e6b706ac66675afaf6f1e
theo_n,5,163,false,9,13,onchain,500,159,1979758,4554511,459000,532286,572.901200,582675,637.194500,615667,598.388700,69626,25.623200,0x098b50423eb1b80e5a7fb520438bb4f17cbf6c9b9e6ebef7938342aa2df694fe,0x09d28e4bc034581881ef74dcd3ef170396e570e5cdac22e022a7b681b15fa3f8
theo_n,5,164,false,9,13,onchain,500,160,1979758,4554511,459000,532298,637.077000,582675,596.793600,615667,609.703800,69626,18.947300,0x098b50423eb1b80e5a7fb520438bb4f17cbf6c9b9e6ebef7938342aa2df694fe,0x06320cda582ab69eba60cc5f2d8f98720c81076f5feb562563b2678474f0e833
theo_n,5,165,false,9,13,onchain,500,161,1979758,4554511,459000,532202,544.984700,582591,637.989900,615583,797.845200,69626,27.487100,0x098b50423eb1b80e5a7fb520438bb4f17cbf6c9b9e6ebef7938342aa2df694fe,0x1ed92eb6f52266c41b5eff71eff811783249cd3cb8dab2b6d993871737888e24
theo_n,5,166,false,9,13,onchain,500,162,1979758,4554511,459000,532322,543.154200,582711,571.890400,615703,617.621100,69626,30.064700,0x098b50423eb1b80e5a7fb520438bb4f17cbf6c9b9e6ebef7938342aa2df694fe,0x2f228f71e58a7b39a67b3c4e6272d392223b6299129403e73cd5d22ee0dd12ac
theo_n,5,167,false,9,13,onchain,500,163,1979758,4554511,459000,532262,554.298000,582651,713.401800,615643,575.430300,69626,35.187500,0x098b50423eb1b80e5a7fb520438bb4f17cbf6c9b9e6ebef7938342aa2df694fe,0x08b9ea24dacf4bb71cd1a71d186ad4a3aa0b1224036b3d5975053220811cfde2
theo_n,5,168,false,9,13,onchain,500,164,1979758,4554511,459000,532334,559.503300,582723,589.918500,615715,605.477700,69626,27.996800,0x098b50423eb1b80e5a7fb520438bb4f17cbf6c9b9e6ebef7938342aa2df694fe,0x1e916b5d46e155942cbf9bd03d57a68d6870f77dfa7a2603838d5697fc064995
theo_n,5,169,false,9,13,onchain,500,165,1979758,4554511,459000,532310,608.047300,582699,569.140900,615691,634.465500,69626,40.948800,0x098b50423eb1b80e5a7fb520438bb4f17cbf6c9b9e6ebef7938342aa2df694fe,0x2083a99ee8336b2216a949706234f1238389c5d988e1a708f1d82d2dd19a36f8
theo_n,5,170,false,9,13,onchain,500,166,1979758,4554511,459000,532274,614.237300,582651,598.958000,615643,590.087600,69614,27.472300,0x098b50423eb1b80e5a7fb520438bb4f17cbf6c9b9e6ebef7938342aa2df694fe,0x0fc49d02f286296ca6aea328cf7989ead6df46008a90ac7708b353d4d1fa50a1
theo_n,5,171,false,9,13,onchain,500,167,1979758,4554511,459000,532226,541.499500,582603,600.929100,615595,606.579400,69614,28.786200,0x098b50423eb1b80e5a7fb520438bb4f17cbf6c9b9e6ebef7938342aa2df694fe,0x01c951890bef8b00ee81b33d53ff33cabfdb08c77cd3d71cf09ae6aa9c8e6223
theo_n,5,172,false,9,13,onchain,500,168,1979758,4554511,459000,532310,544.952200,582699,596.269600,615691,580.688400,69626,22.101200,0x098b50423eb1b80e5a7fb520438bb4f17cbf6c9b9e6ebef7938342aa2df694fe,0x2e21bd7006b2fe0c1b3e8d85680b3db6b9023ae9655b981deba01610d09107ff
theo_n,5,173,false,9,13,onchain,500,169,1979758,4554511,459000,532226,557.547400,582615,648.603800,615607,560.708100,69626,21.642000,0x098b50423eb1b80e5a7fb520438bb4f17cbf6c9b9e6ebef7938342aa2df694fe,0x2dea3ace923241fb9b6cbe0f7cc54de90e793785f271579dc5ba7ed217ecf5de
theo_n,5,174,false,9,13,onchain,500,170,1979758,4554511,459000,532286,569.228100,582675,657.730500,615667,678.073600,69626,26.154700,0x098b50423eb1b80e5a7fb520438bb4f17cbf6c9b9e6ebef7938342aa2df694fe,0x10f12245982fffe007b0ecef635197a5267eb81d727d447237c3f308eeea06c5
theo_n,5,175,false,9,13,onchain,500,171,1979758,4554511,459000,532310,583.690200,582687,590.252700,615679,674.835500,69614,21.915000,0x098b50423eb1b80e5a7fb520438bb4f17cbf6c9b9e6ebef7938342aa2df694fe,0x1fde592bf80e60c3006f6357af1860d7a9c3b5f570bc0e39666b2fa0b0fa623b
theo_n,5,176,false,9,13,onchain,500,172,1979758,4554511,459000,532154,605.969700,582531,777.233600,615523,610.568500,69614,26.669300,0x098b50423eb1b80e5a7fb520438bb4f17cbf6c9b9e6ebef7938342aa2df694fe,0x03f52ca2eb1444ab17b86e0070b7cb17a6e6d8eb47ba455096f24be0ef44e64d
theo_n,5,177,false,9,13,onchain,500,173,1979758,4554511,459000,532238,576.646100,582627,686.957500,615619,633.156000,69626,29.728300,0x098b50423eb1b80e5a7fb520438bb4f17cbf6c9b9e6ebef7938342aa2df694fe,0x298aa57712a04fb53de588b8f1a0b1d1e4227d335b31773343b126bd46d6c8ce
theo_n,5,178,false,9,13,onchain,500,174,1979758,4554511,459000,532322,538.859100,582711,588.029800,615703,577.128000,69626,19.318900,0x098b50423eb1b80e5a7fb520438bb4f17cbf6c9b9e6ebef7938342aa2df694fe,0x107b857578d9cb6989ccf0f30edb97b06bc3833c39c4f2d3e3d372f481dd8023
theo_n,5,179,false,9,13,onchain,500,175,1979758,4554511,459000,532274,533.780200,582663,699.828200,615655,609.684500,69626,20.983800,0x098b50423eb1b80e5a7fb520438bb4f17cbf6c9b9e6ebef7938342aa2df694fe,0x1f04cfcb8e116dbe0f227912a09380f4e32e9e3e5f2256e919bb36f7079c5103
theo_n,5,180,false,9,13,onchain,500,176,1979758,4554511,459000,532334,548.387800,582723,584.627500,615715,637.839800,69626,31.077700,0x098b50423eb1b80e5a7fb520438bb4f17cbf6c9b9e6ebef7938342aa2df694fe,0x1e68c8b38e22bac0843fbbaa1beb99ff308287da69e2748e848701f40806de03
theo_n,5,181,false,9,13,onchain,500,177,1979758,4554511,459000,532310,600.109300,582687,642.350500,615679,649.353300,69614,29.791600,0x098b50423eb1b80e5a7fb520438bb4f17cbf6c9b9e6ebef7938342aa2df694fe,0x00273abbd77c1c843a34dd7136eb304c447c3664dec4b8a1220dfd8f7d419215
theo_n,5,182,false,9,13,onchain,500,178,1979758,4554511,459000,532250,576.086700,582639,656.768200,615631,635.315600,69626,25.602900,0x098b50423eb1b80e5a7fb520438bb4f17cbf6c9b9e6ebef7938342aa2df694fe,0x0b28f864933c885e09f83295b931650d055fc4fc29f027c7f9154c739463a145
theo_n,5,183,false,9,13,onchain,500,179,1979758,4554511,459000,532262,649.358900,582639,669.789000,615631,652.311200,69626,29.320200,0x098b50423eb1b80e5a7fb520438bb4f17cbf6c9b9e6ebef7938342aa2df694fe,0x1942c46688b94e9feac9b79485e5275cd47749110c86881a6f89b4fd673313b8
theo_n,5,184,false,9,13,onchain,500,180,1979758,4554511,459000,532346,580.740400,582735,589.778600,615727,629.610500,69626,21.504900,0x098b50423eb1b80e5a7fb520438bb4f17cbf6c9b9e6ebef7938342aa2df694fe,0x05e66e3156ee58cd9a319fc1bf021b066bb4a12dfcb4065c8fd52badd2816357
theo_n,5,185,false,9,13,onchain,500,181,1979758,4554511,459000,532322,561.435100,582711,688.830700,615703,616.747400,69626,30.215300,0x098b50423eb1b80e5a7fb520438bb4f17cbf6c9b9e6ebef7938342aa2df694fe,0x2a3c82367379ca3bc510fa7cc6292b87adeae422acaf533b481b7ab5a9b74ff8
theo_n,5,186,false,9,13,onchain,500,182,1979758,4554511,459000,532334,560.349800,582723,660.930100,615715,651.183900,69626,23.096000,0x098b50423eb1b80e5a7fb520438bb4f17cbf6c9b9e6ebef7938342aa2df694fe,0x1249bf76e23d7887ed8174d4d5ab76b45d4e883f887862e0fbb6cb1ff0ae511b
theo_n,5,187,false,9,13,onchain,500,183,1979758,4554511,459000,532250,590.063200,582639,745.324800,615631,567.219000,69626,27.724000,0x098b50423eb1b80e5a7fb520438bb4f17cbf6c9b9e6ebef7938342aa2df694fe,0x299618a39d19d4bebd969488c616703e255699e67a2120cf6f08ea875ec432c3
theo_n,5,188,false,9,13,onchain,500,184,1979758,4554511,459000,532334,640.936800,582723,596.901600,615715,681.043300,69626,30.577600,0x098b50423eb1b80e5a7fb520438bb4f17cbf6c9b9e6ebef7938342aa2df694fe,0x1c9a777a7d9c58721c7da841f525a15984b7e891da907c30cff77c20fec58449
theo_n,5,189,false,9,13,onchain,500,185,1979758,4554511,459000,532298,624.079900,582687,607.311000,615679,640.246100,69626,24.971600,0x098b50423eb1b80e5a7fb520438bb4f17cbf6c9b9e6ebef7938342aa2df694fe,0x2608a22fc17f577d6b0c737a1dae9bf3bfcada6e599a32673cc3b22aa3b6190c
theo_n,5,190,false,9,13,onchain,500,186,1979758,4554511,459000,532178,588.176800,582567,624.808700,615559,709.095900,69626,35.053200,0x098b50423eb1b80e5a7fb520438bb4f17cbf6c9b9e6ebef7938342aa2df694fe,0x21c60d25a15e9ae91c63bf274725cbd91cce20150f6968f909ed4545bf10f860
theo_n,5,191,false,9,13,onchain,500,187,1979758,4554511,459000,532298,645.566300,582687,659.093400,615679,612.136100,69626,30.592600,0x098b50423eb1b80e5a7fb520438bb4f17cbf6c9b9e6ebef7938342aa2df694fe,0x2a2d7701e0b8c21420d7b7229e667662e2cbb348c0011ae3c54b0a6ef4ddaed2
theo_n,5,192,false,9,13,onchain,500,188,1979758,4554511,459000,532346,602.873700,582735,699.998800,615727,696.201200,69626,38.295700,0x098b50423eb1b80e5a7fb520438bb4f17cbf6c9b9e6ebef7938342aa2df694fe,0x2147d5a5854e8222301664ebdea905cf2129477a5b1fa920e3b69c0ffde3fe7c
theo_n,5,193,false,9,13,onchain,500,189,1979758,4554511,459000,532286,620.271200,582675,690.380800,615667,599.057500,69626,26.378200,0x098b50423eb1b80e5a7fb520438bb4f17cbf6c9b9e6ebef7938342aa2df694fe,0x09e30c2882ee8f7a4d382ee18bfb26fd8cc97e5b71b4abf04cb6ef5c20141ee8
theo_n,5,194,false,9,13,onchain,500,190,1979758,4554511,459000,532334,562.628900,582723,687.617100,615715,587.533600,69626,29.140000,0x098b50423eb1b80e5a7fb520438bb4f17cbf6c9b9e6ebef7938342aa2df694fe,0x29659717e824040f23b91d2d273626a16f2383026d93d647e324bab659038b3b
theo_n,5,195,false,9,13,onchain,500,191,1979758,4554511,459000,532274,586.626800,582663,635.027100,615655,735.044400,69626,33.551600,0x098b50423eb1b80e5a7fb520438bb4f17cbf6c9b9e6ebef7938342aa2df694fe,0x08905947031ddfd20fdb11313343efd9b643df52a76a9d8822b84478d51ef533
theo_n,5,196,false,9,13,onchain,500,192,1979758,4554511,459000,532382,617.527800,582771,572.313900,615763,734.460200,69626,26.880300,0x098b50423eb1b80e5a7fb520438bb4f17cbf6c9b9e6ebef7938342aa2df694fe,0x2623d2f0bb27f75ed651479f235215416974c7ed687818ca2eca4ed54cb0890e
theo_n,5,197,false,9,13,onchain,500,193,1979758,4554511,459000,532310,601.651900,582699,595.810200,615691,604.561900,69626,21.417300,0x098b50423eb1b80e5a7fb520438bb4f17cbf6c9b9e6ebef7938342aa2df694fe,0x17f2a18d1c6af5fbd37c56a76f8d84a8557e3f92f46b9f10c97f07498d7a3e5e
theo_n,5,198,false,9,13,onchain,500,194,1979758,4554511,459000,532250,543.942800,582639,586.503100,615631,686.553600,69626,26.546100,0x098b50423eb1b80e5a7fb520438bb4f17cbf6c9b9e6ebef7938342aa2df694fe,0x080444fd3d681818265e4b132c34ac5d5d0913ad9cde27ae4b3bc8bec9a476aa
theo_n,5,199,false,9,13,onchain,500,195,1979758,4554511,459000,532202,621.447800,582579,545.355400,615571,687.670800,69614,24.639400,0x098b50423eb1b80e5a7fb520438bb4f17cbf6c9b9e6ebef7938342aa2df694fe,0x0650d03351bfa136d51cb721acb4868d9022e9febefe6b28499f0f004f36071e
theo_n,5,200,false,9,13,onchain,500,196,1979758,4554511,459000,532334,584.006000,582723,528.907800,615715,679.115400,69626,22.561800,0x098b50423eb1b80e5a7fb520438bb4f17cbf6c9b9e6ebef7938342aa2df694fe,0x1dce569b979e4239dd9eb95272649e1f5bc3375080e9be8f146870ec3767764c
theo_n,5,201,false,9,13,onchain,500,197,1979758,4554511,459000,532298,588.610900,582687,575.614800,615679,704.263900,69626,24.241400,0x098b50423eb1b80e5a7fb520438bb4f17cbf6c9b9e6ebef7938342aa2df694fe,0x229060fc460a01a09958347d142e63e18fac8e663a93f9c0a697618459f11091
theo_n,5,202,false,9,13,onchain,500,198,1979758,4554511,459000,532298,597.397300,582687,596.831900,615679,618.207200,69626,26.265700,0x098b50423eb1b80e5a7fb520438bb4f17cbf6c9b9e6ebef7938342aa2df694fe,0x14c6c58b860df7cf32a61fa6440107908bc1f58866b5291b6fc0266a44cc4347
theo_n,5,203,false,9,13,onchain,500,199,1979758,4554511,459000,532370,541.709000,582747,579.613000,615739,640.515700,69614,34.387200,0x098b50423eb1b80e5a7fb520438bb4f17cbf6c9b9e6ebef7938342aa2df694fe,0x2c6eca6e9dddf0c400924a7e305eebe78c57a0d68da8b8afe9343f8bb69af311
theo_n,5,204,false,9,13,onchain,500,200,1979758,4554511,459000,532274,603.880100,582663,582.354900,615655,601.398200,69626,19.385300,0x098b50423eb1b80e5a7fb520438bb4f17cbf6c9b9e6ebef7938342aa2df694fe,0x26d10e610f5a898caa541893e7c74d8b589b1bca141f9d5c12129f0ac8c2c4de
theo_n,5,205,false,9,13,onchain,500,201,1979758,4554511,459000,532226,562.507800,582603,669.944500,615595,567.717000,69614,22.301600,0x098b50423eb1b80e5a7fb520438bb4f17cbf6c9b9e6ebef7938342aa2df694fe,0x1de79d5b678871b100b2b73ad88c37f56b46d8c4d0981df6850d7f290419f46f
theo_n,5,206,false,9,13,onchain,500,202,1979758,4554511,459000,532346,532.313600,582735,706.487000,615727,671.968400,69626,29.999700,0x098b50423eb1b80e5a7fb520438bb4f17cbf6c9b9e6ebef7938342aa2df694fe,0x1e084c1e93a570dd4dd924a63074f8e4144d31f5484d14bf9e43031a1408dd37
theo_n,5,207,false,9,13,onchain,500,203,1979758,4554511,459000,532334,583.059800,582723,606.860700,615715,594.596000,69626,22.244000,0x098b50423eb1b80e5a7fb520438bb4f17cbf6c9b9e6ebef7938342aa2df694fe,0x2b491f2eb4c3f055d7784d7f4a35a5a0ffbd04a7375b5db1796d27992d6a78a4
theo_n,5,208,false,9,13,onchain,500,204,1979758,4554511,459000,532274,620.703400,582663,607.791600,615655,626.520800,69626,46.595900,0x098b50423eb1b80e5a7fb520438bb4f17cbf6c9b9e6ebef7938342aa2df694fe,0x2207f01b23ccc5d511b22b388ece1132266a457ae6354b500e3371d8b7b47b8f
theo_n,5,209,false,9,13,onchain,500,205,1979758,4554511,459000,532238,642.463600,582627,574.874100,615619,685.173000,69626,26.856600,0x098b50423eb1b80e5a7fb520438bb4f17cbf6c9b9e6ebef7938342aa2df694fe,0x2820b06f5df5d3e5eac9c631774e2ed85c977ab1010eff6d64f3fb624ad7d7a3
theo_n,5,210,false,9,13,onchain,500,206,1979758,4554511,459000,532310,615.116900,582699,581.348500,615691,685.347300,69626,31.150500,0x098b50423eb1b80e5a7fb520438bb4f17cbf6c9b9e6ebef7938342aa2df694fe,0x27a17ea0f0816d8c2987f01b465a7a7c34a96adc62fd86ae42af4cc4a760bd5b
theo_n,5,211,false,9,13,onchain,500,207,1979758,4554511,459000,532298,557.240900,582687,748.855000,615679,638.071800,69626,34.779600,0x098b50423eb1b80e5a7fb520438bb4f17cbf6c9b9e6ebef7938342aa2df694fe,0x2838bb09aca0424f32baa130c15f81e5704a68065f6de6f27979fc196863b7ae
theo_n,5,212,false,9,13,onchain,500,208,1979758,4554511,459000,532346,622.081700,582735,602.545100,615727,723.771200,69626,21.986600,0x098b50423eb1b80e5a7fb520438bb4f17cbf6c9b9e6ebef7938342aa2df694fe,0x08253658a1a878506ef21181f0975c66ef755715fd66e1573da2305eb0cd2780
theo_n,5,213,false,9,13,onchain,500,209,1979758,4554511,459000,532322,694.547700,582711,643.533100,615703,582.456500,69626,21.998500,0x098b50423eb1b80e5a7fb520438bb4f17cbf6c9b9e6ebef7938342aa2df694fe,0x10b028218147aff279afc8483c1d0f2f720bcbff9e7b277074e6f5964c6c1c75
theo_n,5,214,false,9,13,onchain,500,210,1979758,4554511,459000,532202,613.955900,582591,665.450000,615583,601.246400,69626,32.046200,0x098b50423eb1b80e5a7fb520438bb4f17cbf6c9b9e6ebef7938342aa2df694fe,0x2173732b56584682acdb72c0eb05938ecaa2a2cf7d64074b54076a03bc11d903
theo_n,5,215,false,9,13,onchain,500,211,1979758,4554511,459000,532358,685.816100,582747,594.424500,615739,609.900800,69626,27.021600,0x098b50423eb1b80e5a7fb520438bb4f17cbf6c9b9e6ebef7938342aa2df694fe,0x18f62f27b02c5bdf99fc82b37e136b28c8b03690f7a779e123ec15b179a41357
theo_n,5,216,false,9,13,onchain,500,212,1979758,4554511,459000,532358,585.495500,582747,586.393900,615739,678.437800,69626,27.529200,0x098b50423eb1b80e5a7fb520438bb4f17cbf6c9b9e6ebef7938342aa2df694fe,0x0522989be561c3acf3d13b8ce2579c69fd82702309650aa02dc3f0f1a3aeb51e
theo_n,5,217,false,9,13,onchain,500,213,1979758,4554511,459000,532286,592.866600,582663,626.185500,615655,770.329800,69614,26.033500,0x098b50423eb1b80e5a7fb520438bb4f17cbf6c9b9e6ebef7938342aa2df694fe,0x00abfd86d0b7cd3ef4c548a4842e95cd198e8c13f5984cf7744328f643ecda38
theo_n,5,218,false,9,13,onchain,500,214,1979758,4554511,459000,532286,564.443000,582663,576.609400,615655,634.701100,69614,31.644300,0x098b50423eb1b80e5a7fb520438bb4f17cbf6c9b9e6ebef7938342aa2df694fe,0x00e72a74ffeafc01ff3bc87cbe9cb8991e6ddf6a62704eee18f298fb44947a54
theo_n,5,219,false,9,13,onchain,500,215,1979758,4554511,459000,532346,576.344600,582735,689.492100,615727,709.578200,69626,33.613500,0x098b50423eb1b80e5a7fb520438bb4f17cbf6c9b9e6ebef7938342aa2df694fe,0x09bd4c44b0d8c3f95e85a7ea7eaad034d0bb4a071151c4602d4c25a063e655a3
theo_n,5,220,false,9,13,onchain,500,216,1979758,4554511,459000,532214,603.893900,582591,573.279600,615583,674.523000,69614,34.475800,0x098b50423eb1b80e5a7fb520438bb4f17cbf6c9b9e6ebef7938342aa2df694fe,0x1da98d0d586ad726f7d6d36d081f3b5ddaff00b0e568dc30c9263430f45d0efd
theo_n,5,221,false,9,13,onchain,500,217,1979758,4554511,459000,532346,586.235700,582723,747.203500,615715,696.618600,69614,64.393500,0x098b50423eb1b80e5a7fb520438bb4f17cbf6c9b9e6ebef7938342aa2df694fe,0x0d332cc6cfca7d979739d690576d83fa594a7fade7d1ed233baee5eee47c00aa
theo_n,5,222,false,9,13,onchain,500,218,1979758,4554511,459000,532250,751.933900,582639,629.704900,615631,698.968800,69626,20.460000,0x098b50423eb1b80e5a7fb520438bb4f17cbf6c9b9e6ebef7938342aa2df694fe,0x04df1709421261492f4643397ca9c5a3205a57917e5467927d5d95111e631b98
theo_n,5,223,false,9,13,onchain,500,219,1979758,4554511,459000,532334,600.054400,582723,611.750500,615715,658.660900,69626,28.724800,0x098b50423eb1b80e5a7fb520438bb4f17cbf6c9b9e6ebef7938342aa2df694fe,0x0ca39f899831fd4e5448e7ade10af02c0e1c50d9b33334800989497f9e26e93b
theo_n,5,224,false,9,13,onchain,500,220,1979758,4554511,459000,532298,635.997300,582687,600.273300,615679,607.303600,69626,26.610200,0x098b50423eb1b80e5a7fb520438bb4f17cbf6c9b9e6ebef7938342aa2df694fe,0x17b533f22fbbd4525ea0cb1d23064c62e4d5d81c56b9f425542cd2b8500fe93f
theo_n,5,225,false,9,13,onchain,500,221,1979758,4554511,459000,532238,593.931200,582627,677.894900,615619,567.179300,69626,21.498500,0x098b50423eb1b80e5a7fb520438bb4f17cbf6c9b9e6ebef7938342aa2df694fe,0x30284ab4f906ef741017b6ba866c480fe26022712c2b1f47925878df7ead3942
theo_n,5,226,false,9,13,onchain,500,222,1979758,4554511,459000,532262,1026.644200,582651,1096.116700,615643,957.083300,69626,30.911400,0x098b50423eb1b80e5a7fb520438bb4f17cbf6c9b9e6ebef7938342aa2df694fe,0x230719c7f7508d7995106104b0fba8547e5ccbc3b2237e6c3681908b8908eb25
theo_n,5,227,false,9,13,onchain,500,223,1979758,4554511,459000,532274,956.076800,582651,720.012300,615643,582.534900,69614,42.250900,0x098b50423eb1b80e5a7fb520438bb4f17cbf6c9b9e6ebef7938342aa2df694fe,0x05e321b5b73ae7dc708200813248dc8ce759f76786404cca834d23fbda676330
theo_n,5,228,false,9,13,onchain,500,224,1979758,4554511,459000,532370,566.739800,582759,633.473200,615751,610.389500,69626,22.107700,0x098b50423eb1b80e5a7fb520438bb4f17cbf6c9b9e6ebef7938342aa2df694fe,0x04f16424a036c1c8b8b62ac3f6fbf1afe4161d95f2745ca23620b11c345ec204
theo_n,5,229,false,9,13,onchain,500,225,1979758,4554511,459000,532322,626.753700,582711,785.227000,615703,651.160300,69626,25.024500,0x098b50423eb1b80e5a7fb520438bb4f17cbf6c9b9e6ebef7938342aa2df694fe,0x1683ef468d4cd009c3194edbbb010a088da918a0690b8a067343e416a6a4b7ff
theo_n,5,230,false,9,13,onchain,500,226,1979758,4554511,459000,532274,557.763000,582651,591.841400,615643,691.302200,69614,26.615800,0x098b50423eb1b80e5a7fb520438bb4f17cbf6c9b9e6ebef7938342aa2df694fe,0x019f440d4f71344df6e4a73f4d2b76d8d021ff64e9805774b700ff240c7e6290
theo_n,5,231,false,9,13,onchain,500,227,1979758,4554511,459000,532298,577.212700,582687,556.180100,615679,658.523400,69626,32.373200,0x098b50423eb1b80e5a7fb520438bb4f17cbf6c9b9e6ebef7938342aa2df694fe,0x2cd3b78cb474d98ab26e82eec456c2b501e97e323c15f190d62a4d50eccd5f21
theo_n,5,232,false,9,13,onchain,500,228,1979758,4554511,459000,532322,613.842000,582711,621.208800,615703,867.113400,69626,24.880400,0x098b50423eb1b80e5a7fb520438bb4f17cbf6c9b9e6ebef7938342aa2df694fe,0x0cd75776cd07fe51cb25d1b9af220f8010d0b1b48eabf6f7c90ee35094b60e35
theo_n,5,233,false,9,13,onchain,500,229,1979758,4554511,459000,532358,592.095900,582747,567.876200,615739,639.678200,69626,29.881300,0x098b50423eb1b80e5a7fb520438bb4f17cbf6c9b9e6ebef7938342aa2df694fe,0x2af48b45a7202a164a90ca6a1725e39467f70a524ea74dfae76a0a6dc0b7be0b
theo_n,5,234,false,9,13,onchain,500,230,1979758,4554511,459000,532190,623.611000,582567,638.241200,615559,601.990300,69626,27.206600,0x098b50423eb1b80e5a7fb520438bb4f17cbf6c9b9e6ebef7938342aa2df694fe,0x0aa6ce31e57d744ae008aec740817366db5ec92d41d4b40a440c5b1c0eb2cd57
theo_n,5,235,false,9,13,onchain,500,231,1979758,4554511,459000,532238,563.345200,582627,641.170900,615619,589.421900,69626,29.360500,0x098b50423eb1b80e5a7fb520438bb4f17cbf6c9b9e6ebef7938342aa2df694fe,0x278b7b3a14762423c4cb23f6ef2bed5f69f610ad64b09fb228de4bdd7b449931
theo_n,5,236,false,9,13,onchain,500,232,1979758,4554511,459000,532238,586.144400,582615,552.347400,615607,570.913600,69614,21.094800,0x098b50423eb1b80e5a7fb520438bb4f17cbf6c9b9e6ebef7938342aa2df694fe,0x008535962f0a38daf6d8b95158c3c95e2415b4e90d11089c37356fc331072ead
theo_n,5,237,false,9,13,onchain,500,233,1979758,4554511,459000,532262,555.276000,582651,712.800000,615643,649.136600,69626,26.563400,0x098b50423eb1b80e5a7fb520438bb4f17cbf6c9b9e6ebef7938342aa2df694fe,0x1f283c30d18bf09f79126ecf806edc3bf784d5e0f9725586679bfe0e9c141c4e
theo_n,5,238,false,9,13,onchain,500,234,1979758,4554511,459000,532274,533.288600,582651,583.063100,615643,640.541100,69626,24.165000,0x098b50423eb1b80e5a7fb520438bb4f17cbf6c9b9e6ebef7938342aa2df694fe,0x0ca1cac7f7c4ab67a0c13fbe4385bbfcc207f7258be5b10a821c9e35368bc57c
theo_n,5,239,false,9,13,onchain,500,235,1979758,4554511,459000,532262,524.177500,582651,622.939200,615643,610.732600,69626,28.280100,0x098b50423eb1b80e5a7fb520438bb4f17cbf6c9b9e6ebef7938342aa2df694fe,0x1ee64ecdb87fe16d9a0b2d0a42e45479ccd2fa4753d872229767dfbf44cdf2d9
theo_n,5,240,false,9,13,onchain,500,236,1979758,4554511,459000,532334,552.491100,582723,718.484700,615715,632.861600,69626,19.807100,0x098b50423eb1b80e5a7fb520438bb4f17cbf6c9b9e6ebef7938342aa2df694fe,0x0c61a809f53d171aeb13efc2823b433ee74a4bcb86fcca2c0bbe028b9567aba6
theo_n,5,241,false,9,13,onchain,500,237,1979758,4554511,459000,532310,591.737000,582699,619.338900,615691,623.365300,69626,29.949500,0x098b50423eb1b80e5a7fb520438bb4f17cbf6c9b9e6ebef7938342aa2df694fe,0x249a5db4d7eb6525105d286d5866fa9da2af5e066720dd3e559dc51efb9f1ffb
theo_n,5,242,false,9,13,onchain,500,238,1979758,4554511,459000,532178,592.623300,582567,580.287500,615559,611.454500,69626,25.340200,0x098b50423eb1b80e5a7fb520438bb4f17cbf6c9b9e6ebef7938342aa2df694fe,0x0702f314a3e92da936be90effa3dcc080d999f2e509ef50c2c1d79b4fc8f6bcd
theo_n,5,243,false,9,13,onchain,500,239,1979758,4554511,459000,532286,598.121300,582675,725.819500,615667,540.284200,69626,37.803300,0x098b50423eb1b80e5a7fb520438bb4f17cbf6c9b9e6ebef7938342aa2df694fe,0x0a4b98013160def93d32ab9bd72b198ed733f55b2afe206df82a3170ae024fdf
theo_n,5,244,false,9,13,onchain,500,240,1979758,4554511,459000,532370,578.357600,582759,599.639200,615751,631.229000,69626,19.153700,0x098b50423eb1b80e5a7fb520438bb4f17cbf6c9b9e6ebef7938342aa2df694fe,0x06e7126768d8e8ff17cce3aab2c4804e1cbd3fe8097a56fccac32ae30136f0ca
theo_n,5,245,false,9,13,onchain,500,241,1979758,4554511,459000,532334,633.652600,582723,679.395900,615715,658.397100,69626,27.167800,0x098b50423eb1b80e5a7fb520438bb4f17cbf6c9b9e6ebef7938342aa2df694fe,0x0a3decc0377e13f60cc834863b77ceedbe0fe45696b715b64b35cde307d12ba3
theo_n,5,246,false,9,13,onchain,500,242,1979758,4554511,459000,532274,517.093600,582663,623.947100,615655,607.815500,69626,46.168900,0x098b50423eb1b80e5a7fb520438bb4f17cbf6c9b9e6ebef7938342aa2df694fe,0x27797a9f69d6b0d7d985d0a46cd91f3d36c9fa86cdbeaa89ce2415172e64f190
theo_n,5,247,false,9,13,onchain,500,243,1979758,4554511,459000,532226,549.842800,582615,595.553000,615607,598.465400,69626,25.223200,0x098b50423eb1b80e5a7fb520438bb4f17cbf6c9b9e6ebef7938342aa2df694fe,0x12e45f07466eecaf4f209e0a6519f666d88d455427c1d676657f276d56339d2f
theo_n,5,248,false,9,13,onchain,500,244,1979758,4554511,459000,532310,568.883400,582699,589.249100,615691,651.150200,69626,69.953700,0x098b50423eb1b80e5a7fb520438bb4f17cbf6c9b9e6ebef7938342aa2df694fe,0x181adf32cfe9935cd5593d715f3eddd6c12cf801141af0412b5002665fb58cf2
theo_n,5,249,false,9,13,onchain,500,245,1979758,4554511,459000,532274,585.155500,582663,635.487800,615655,598.621900,69626,28.875200,0x098b50423eb1b80e5a7fb520438bb4f17cbf6c9b9e6ebef7938342aa2df694fe,0x0293847ef66f11fb996f93396f52d4a36106d51fcac611aab6fc2563d36d3847
theo_n,5,250,false,9,13,onchain,500,246,1979758,4554511,459000,532370,672.664600,582759,541.809100,615751,633.070400,69626,21.977200,0x098b50423eb1b80e5a7fb520438bb4f17cbf6c9b9e6ebef7938342aa2df694fe,0x1d92e48e7b37a5203801541414b263b923580ad1025d8385894bced6f5edf1b9
theo_n,5,251,false,9,13,onchain,500,247,1979758,4554511,459000,532286,671.306200,582675,658.019600,615667,570.803200,69626,26.120000,0x098b50423eb1b80e5a7fb520438bb4f17cbf6c9b9e6ebef7938342aa2df694fe,0x30131b16109882349645b305078a9fecd21cd7a7804f32b913f07d7e73239a54
theo_n,5,252,false,9,13,onchain,500,248,1979758,4554511,459000,532310,571.236800,582699,608.579100,615691,594.938100,69626,26.422000,0x098b50423eb1b80e5a7fb520438bb4f17cbf6c9b9e6ebef7938342aa2df694fe,0x0fc687a2a0ff407060788cff48a8795fb72c5d5c1c5e7ace3017c12ace37d25b
theo_n,5,253,false,9,13,onchain,500,249,1979758,4554511,459000,532214,563.085500,582603,554.569800,615595,745.745200,69626,24.148200,0x098b50423eb1b80e5a7fb520438bb4f17cbf6c9b9e6ebef7938342aa2df694fe,0x22883b823b1489571b9345548d36e8a954dcd025de0b04f7911cb92ddae9f0c0
theo_n,5,254,false,9,13,onchain,500,250,1979758,4554511,459000,532202,550.354600,582591,600.968100,615583,614.798300,69626,34.039200,0x098b50423eb1b80e5a7fb520438bb4f17cbf6c9b9e6ebef7938342aa2df694fe,0x06aefe36889e944554c0bfba064c14099209324c84484f7cead0b0fc2721cedb
theo_n,5,255,false,9,13,onchain,500,251,1979758,4554511,459000,532334,561.427100,582723,606.698000,615715,648.903700,69626,24.142800,0x098b50423eb1b80e5a7fb520438bb4f17cbf6c9b9e6ebef7938342aa2df694fe,0x145d657f21439dc6c9e2bde7ace48104cea658ee03160bb6a74dfa6f77de8aab
theo_n,5,256,false,9,13,onchain,500,252,1979758,4554511,459000,532286,563.581200,582675,556.976100,615667,628.728800,69626,25.566300,0x098b50423eb1b80e5a7fb520438bb4f17cbf6c9b9e6ebef7938342aa2df694fe,0x213a5c53e8d401a727fc495f82c4f9716da4d586351dd9d2c2937aee940256b7
theo_n,5,257,false,9,13,onchain,500,253,1979758,4554511,459000,532394,645.892800,582783,586.875100,615775,702.492100,69626,63.546700,0x098b50423eb1b80e5a7fb520438bb4f17cbf6c9b9e6ebef7938342aa2df694fe,0x129596920613df72f1b51a01ba2d240dde9189ba8bce571a63a1f6c061efb954
theo_n,5,258,false,9,13,onchain,500,254,1979758,4554511,459000,532370,640.045300,582759,599.211500,615751,563.003300,69626,18.740900,0x098b50423eb1b80e5a7fb520438bb4f17cbf6c9b9e6ebef7938342aa2df694fe,0x09b8f8929d1692fe3d358cc25686295748c1b1fadfb7c30cbfec622f9d80fd05
theo_n,5,259,false,9,13,onchain,500,255,1979758,4554511,459000,532310,555.247600,582699,586.591300,615691,575.710100,69626,24.289500,0x098b50423eb1b80e5a7fb520438bb4f17cbf6c9b9e6ebef7938342aa2df694fe,0x0bab4493bbfde736a38be14ea8fdfde66333ae2107cfb41a9ddac4a3e9abb33b
theo_n,5,260,false,9,13,onchain,500,256,1979758,4554511,459000,532262,582.781100,582639,597.777900,615631,628.521600,69626,20.905000,0x098b50423eb1b80e5a7fb520438bb4f17cbf6c9b9e6ebef7938342aa2df694fe,0x0273dfe329a161d0be4c0399d8130f91715f853183f8d2686ea659408b63e85a
theo_n,5,261,false,9,13,onchain,500,257,1979758,4554511,459000,532250,551.892600,582639,546.446500,615631,643.706200,69626,27.237100,0x098b50423eb1b80e5a7fb520438bb4f17cbf6c9b9e6ebef7938342aa2df694fe,0x05e37e2666d2b2839c4d81cc0598d09f164406dcbfeedc117caaf487a940f444
theo_n,5,262,false,9,13,onchain,500,258,1979758,4554511,459000,532370,628.285600,582759,583.492900,615751,578.884700,69626,25.088500,0x098b50423eb1b80e5a7fb520438bb4f17cbf6c9b9e6ebef7938342aa2df694fe,0x256f742a38acf6c1a9515ef36c9e4f1eb465c1084cb78949dc4b638af40d646e
theo_n,5,263,false,9,13,onchain,500,259,1979758,4554511,459000,532358,565.782600,582735,591.223100,615727,630.811400,69626,31.626800,0x098b50423eb1b80e5a7fb520438bb4f17cbf6c9b9e6ebef7938342aa2df694fe,0x22da3d99a866b36f51c982949d7239cdda27998316552d92d9f9da5f34170e9a
theo_n,5,264,false,9,13,onchain,500,260,1979758,4554511,459000,532274,534.522400,582663,671.197200,615655,621.822600,69626,32.948300,0x098b50423eb1b80e5a7fb520438bb4f17cbf6c9b9e6ebef7938342aa2df694fe,0x2eeb16245d057e1c821d3d115ab4b5dfaaaa7645ac5e97c43a56a1f4a7150914
theo_n,5,265,false,9,13,onchain,500,261,1979758,4554511,459000,532322,575.997900,582711,667.470800,615703,560.797700,69626,32.508200,0x098b50423eb1b80e5a7fb520438bb4f17cbf6c9b9e6ebef7938342aa2df694fe,0x050f3eb658ce524599a8aa3b8d7270a9f39f9024f520e07d9c2957bbac0dd83f
theo_n,5,266,false,9,13,onchain,500,262,1979758,4554511,459000,532322,589.568000,582711,609.645200,615703,629.697800,69626,28.982000,0x098b50423eb1b80e5a7fb520438bb4f17cbf6c9b9e6ebef7938342aa2df694fe,0x2ba47ecc5714b6eb7047b965817a6105041146195243108b88a4aaef2ad003c8
theo_n,5,267,false,9,13,onchain,500,263,1979758,4554511,459000,532322,566.042000,582711,712.353100,615703,659.946100,69626,36.704400,0x098b50423eb1b80e5a7fb520438bb4f17cbf6c9b9e6ebef7938342aa2df694fe,0x2e324cb62c1f9e76d2ebad95ab692d390a6dff346fcc2f8c952dd39314156fb9
theo_n,5,268,false,9,13,onchain,500,264,1979758,4554511,459000,532310,585.092200,582699,593.251000,615691,581.106800,69626,29.958100,0x098b50423eb1b80e5a7fb520438bb4f17cbf6c9b9e6ebef7938342aa2df694fe,0x25f19f2ed933082d6fbbb5bfac709e94b22d54cd2a606841adea1e0f33252529
theo_n,5,269,false,9,13,onchain,500,265,1979758,4554511,459000,532274,570.197800,582663,609.357500,615655,558.131000,69626,19.780400,0x098b50423eb1b80e5a7fb520438bb4f17cbf6c9b9e6ebef7938342aa2df694fe,0x1b73fd036c6904bf7a1b55a35ef8a0322d4aa1afacbdc5b1f5dadda95f2e80d9
theo_n,5,270,false,9,13,onchain,500,266,1979758,4554511,459000,532274,529.252900,582663,674.611900,615655,634.776700,69626,26.738500,0x098b50423eb1b80e5a7fb520438bb4f17cbf6c9b9e6ebef7938342aa2df694fe,0x0d1a891904ce26bcee3cb9f193ef9b557a571025c13617efc5ff3fb14a736eb4
theo_n,5,271,false,9,13,onchain,500,267,1979758,4554511,459000,532358,524.683600,582735,603.115100,615727,624.082900,69614,22.312300,0x098b50423eb1b80e5a7fb520438bb4f17cbf6c9b9e6ebef7938342aa2df694fe,0x07a55a2cc78db673d6ae5e20b0ea0a4dc4565731018c7ff217b15c0007aed7f2
theo_n,5,272,false,9,13,onchain,500,268,1979758,4554511,459000,532238,572.346200,582627,616.781000,615619,640.493600,69626,32.572900,0x098b50423eb1b80e5a7fb520438bb4f17cbf6c9b9e6ebef7938342aa2df694fe,0x1b3425cd994444788f818746c2e7c494544d30a6badeb85248e6ba6f4e1a800c
theo_n,5,273,false,9,13,onchain,500,269,1979758,4554511,459000,532274,590.871700,582663,565.176100,615655,653.754200,69626,95.588600,0x098b50423eb1b80e5a7fb520438bb4f17cbf6c9b9e6ebef7938342aa2df694fe,0x2c26f5f83ded0ff33db808a3707ddc761b49e85e1553363811613e0c2c9d3d55
theo_n,5,274,false,9,13,onchain,500,270,1979758,4554511,459000,532382,612.820100,582771,653.432400,615763,535.846400,69626,24.389400,0x098b50423eb1b80e5a7fb520438bb4f17cbf6c9b9e6ebef7938342aa2df694fe,0x27ab6471727dff3719ef7ffc1265547db50f19af6e3dfad86ccb95714f9a5d7e
theo_n,5,275,false,9,13,onchain,500,271,1979758,4554511,459000,532214,536.625400,582603,856.016900,615595,633.403600,69626,23.709400,0x098b50423eb1b80e5a7fb520438bb4f17cbf6c9b9e6ebef7938342aa2df694fe,0x2eb89a47bfcb01aafba101688f54b1a659eaf923abcdf6feedf40c3336f23910
theo_n,5,276,false,9,13,onchain,500,272,1979758,4554511,459000,532322,592.621700,582699,642.665100,615691,576.830600,69626,22.567200,0x098b50423eb1b80e5a7fb520438bb4f17cbf6c9b9e6ebef7938342aa2df694fe,0x01f877af3a44c875c5ed8ce6ff874d7f2e729e436c223d071c9bab848171ec74
theo_n,5,277,false,9,13,onchain,500,273,1979758,4554511,459000,532310,591.297900,582699,527.703400,615691,683.100600,69626,24.760300,0x098b50423eb1b80e5a7fb520438bb4f17cbf6c9b9e6ebef7938342aa2df694fe,0x1540aab8dbb6cec70f4bcd0ce7a9a9ec2d01ae732153d9b3ce0132b30e5b4b79
theo_n,5,278,false,9,13,onchain,500,274,1979758,4554511,459000,532226,516.729300,582615,567.580800,615607,589.818400,69626,26.982700,0x098b50423eb1b80e5a7fb520438bb4f17cbf6c9b9e6ebef7938342aa2df694fe,0x2472614978251e972b800f9d3fa0c405855b30b1bf99b4d2bded5447950babd5
theo_n,5,279,false,9,13,onchain,500,275,1979758,4554511,459000,532214,554.952300,582591,602.528500,615583,599.215200,69614,23.225800,0x098b50423eb1b80e5a7fb520438bb4f17cbf6c9b9e6ebef7938342aa2df694fe,0x2ecc7b3800f519a1cdbfd4ae30504aa32c2ac390744aeef4ea5d705ec794980c
theo_n,5,280,false,9,13,onchain,500,276,1979758,4554511,459000,532226,534.240900,582615,613.747200,615607,676.291900,69626,33.464300,0x098b50423eb1b80e5a7fb520438bb4f17cbf6c9b9e6ebef7938342aa2df694fe,0x16e181e2115c35c95e67629e1e264b486e3cd2a23231458b49757292f76d6e4b
theo_n,5,281,false,9,13,onchain,500,277,1979758,4554511,459000,532310,579.689800,582699,621.575600,615691,617.981700,69626,31.600600,0x098b50423eb1b80e5a7fb520438bb4f17cbf6c9b9e6ebef7938342aa2df694fe,0x0fa08a215862bfe0e4c17fd8a7fc50c2305c2fd26baa4a1fa80b8af9f36c5d20
theo_n,5,282,false,9,13,onchain,500,278,1979758,4554511,459000,532250,554.643500,582639,563.386100,615631,675.599700,69626,31.280900,0x098b50423eb1b80e5a7fb520438bb4f17cbf6c9b9e6ebef7938342aa2df694fe,0x1b3bf5c183a4d79b4be51a4c7850892bb9bce49b7de06522e8e2a9fb90360c13
theo_n,5,283,false,9,13,onchain,500,279,1979758,4554511,459000,532238,556.230500,582627,581.885900,615619,620.226300,69626,24.208900,0x098b50423eb1b80e5a7fb520438bb4f17cbf6c9b9e6ebef7938342aa2df694fe,0x0aaaf59b863c164df792e94c16b3b8ada0c468ca3bd179729d18462393cddda0
theo_n,5,284,false,9,13,onchain,500,280,1979758,4554511,459000,532322,560.243700,582711,597.155400,615703,557.624100,69626,21.934200,0x098b50423eb1b80e5a7fb520438bb4f17cbf6c9b9e6ebef7938342aa2df694fe,0x2b2e7002b4fde9470b70626703405c69ea6084bb225ab36c13cce721e6956ef3
theo_n,5,285,false,9,13,onchain,500,281,1979758,4554511,459000,532310,627.698400,582675,587.686400,615667,525.676700,69626,18.027800,0x098b50423eb1b80e5a7fb520438bb4f17cbf6c9b9e6ebef7938342aa2df694fe,0x1431efacf1ed954c67b3e8d4d12850b1e7a1f3d8aa3e1c579094e8e871582c83
theo_n,5,286,false,9,13,onchain,500,282,1979758,4554511,459000,532274,559.677400,582663,646.331200,615655,755.259000,69626,22.188400,0x098b50423eb1b80e5a7fb520438bb4f17cbf6c9b9e6ebef7938342aa2df694fe,0x0ce9a17572619681e0ae731dd40898647339b9416c0aaba7d464bf42a07f4b78
theo_n,5,287,false,9,13,onchain,500,283,1979758,4554511,459000,532358,523.930200,582747,619.388700,615739,581.616500,69626,27.715900,0x098b50423eb1b80e5a7fb520438bb4f17cbf6c9b9e6ebef7938342aa2df694fe,0x26154f6664745752deecbb5ba83bd486b93ac9c77cc804c65d16fba210fe7909
theo_n,5,288,false,9,13,onchain,500,284,1979758,4554511,459000,532334,573.584600,582723,582.536200,615715,562.485200,69626,25.071400,0x098b50423eb1b80e5a7fb520438bb4f17cbf6c9b9e6ebef7938342aa2df694fe,0x2c72121ede22164e725242e3e6d4bcfb26dc7d7f3b8da76187489274d70b8a6f
theo_n,5,289,false,9,13,onchain,500,285,1979758,4554511,459000,532334,549.634500,582723,618.360700,615715,679.054800,69626,94.647900,0x098b50423eb1b80e5a7fb520438bb4f17cbf6c9b9e6ebef7938342aa2df694fe,0x03b2a12c78d2b5f466ab8b3f25a12b8df133b21dc585f9274af9daf158fa8d42
theo_n,5,290,false,9,13,onchain,500,286,1979758,4554511,459000,532250,604.246100,582639,560.319100,615631,633.885600,69626,22.814700,0x098b50423eb1b80e5a7fb520438bb4f17cbf6c9b9e6ebef7938342aa2df694fe,0x02b78917243752d5eb913f64f02c2b30b97ca4f9d3cfc8f00da4d48c8feb2a88
theo_n,5,291,false,9,13,onchain,500,287,1979758,4554511,459000,532226,614.171000,582603,643.058300,615595,627.405400,69614,21.996400,0x098b50423eb1b80e5a7fb520438bb4f17cbf6c9b9e6ebef7938342aa2df694fe,0x1da77fd8de37566085180015fec8404cacf7a2d5cd180288bb2944142ff5bf89
theo_n,5,292,false,9,13,onchain,500,288,1979758,4554511,459000,532262,594.431100,582651,664.984700,615643,577.140000,69626,21.702400,0x098b50423eb1b80e5a7fb520438bb4f17cbf6c9b9e6ebef7938342aa2df694fe,0x1e658b47f89ceabf271c6f8f44451fbc0dcc3395e05370047bd0df20381091ef
theo_n,5,293,false,9,13,onchain,500,289,1979758,4554511,459000,532202,585.838900,582591,622.365600,615583,677.805300,69626,19.725600,0x098b50423eb1b80e5a7fb520438bb4f17cbf6c9b9e6ebef7938342aa2df694fe,0x0a195ed7a2d9704acd2e32b8077bb3309442f51b505fcf3f8155664707ce3104
theo_n,5,294,false,9,13,onchain,500,290,1979758,4554511,459000,532310,586.563500,582687,586.752100,615679,681.657600,69626,20.579100,0x098b50423eb1b80e5a7fb520438bb4f17cbf6c9b9e6ebef7938342aa2df694fe,0x1ec09be06e6c9211551e6b993af8a5c1702f96b177c3af931b079059ba0dec2e
theo_n,5,295,false,9,13,onchain,500,291,1979758,4554511,459000,532346,580.758500,582735,720.551900,615727,621.803900,69626,25.760400,0x098b50423eb1b80e5a7fb520438bb4f17cbf6c9b9e6ebef7938342aa2df694fe,0x2c6bf8a146bc421ed3017f8ae39e8f649c56c07446e96d2cc210fe45ab350309
theo_n,5,296,false,9,13,onchain,500,292,1979758,4554511,459000,532202,577.671600,582591,612.064500,615583,756.227100,69626,25.530400,0x098b50423eb1b80e5a7fb520438bb4f17cbf6c9b9e6ebef7938342aa2df694fe,0x10bc1ad8741f0d3049216725d2e3aa18850e1f0776d5b583c8d7ccf54e4e8398
theo_n,5,297,false,9,13,onchain,500,293,1979758,4554511,459000,532286,556.560600,582675,599.780000,615667,698.305200,69626,36.320900,0x098b50423eb1b80e5a7fb520438bb4f17cbf6c9b9e6ebef7938342aa2df694fe,0x25d6f87b434119b3ee033b87875c280d4a0aef30b6ddb137a39f327883387c2f
theo_n,5,298,false,9,13,onchain,500,294,1979758,4554511,459000,532274,641.446300,582663,648.938400,615655,637.410900,69626,28.235200,0x098b50423eb1b80e5a7fb520438bb4f17cbf6c9b9e6ebef7938342aa2df694fe,0x2d90252085b20aa667c2b9c9519f0815e21dfde49161c106bdbfb08b20043a84
theo_n,5,299,false,9,13,onchain,500,295,1979758,4554511,459000,532250,590.695100,582627,577.326800,615619,617.961400,69614,28.715100,0x098b50423eb1b80e5a7fb520438bb4f17cbf6c9b9e6ebef7938342aa2df694fe,0x2fba855d2dbb6f112b18c55634cfe76cf45e009e902d3bbba84ef049b87791d0
theo_n,5,300,false,9,13,onchain,500,296,1979758,4554511,459000,532226,558.288100,582615,587.800600,615607,564.519600,69626,25.674300,0x098b50423eb1b80e5a7fb520438bb4f17cbf6c9b9e6ebef7938342aa2df694fe,0x26ed0f074a95c716a837803a907ad3e7099d6f56e27020bab5828bf905560fcf
theo_n,5,301,false,9,13,onchain,500,297,1979758,4554511,459000,532190,555.303600,582579,606.852100,615571,619.608900,69626,21.698700,0x098b50423eb1b80e5a7fb520438bb4f17cbf6c9b9e6ebef7938342aa2df694fe,0x13d065a59a0f5c872fe29642c29186de6b12e548479494b95bef41be4dbc3e97
theo_n,5,302,false,9,13,onchain,500,298,1979758,4554511,459000,532286,566.774900,582663,596.498900,615655,608.490500,69614,23.767500,0x098b50423eb1b80e5a7fb520438bb4f17cbf6c9b9e6ebef7938342aa2df694fe,0x01e080677d2f1b417bd106d2d1537db95612ae997a0165701a8789b90058bd3f
theo_n,5,303,false,9,13,onchain,500,299,1979758,4554511,459000,532250,569.441400,582627,586.448100,615619,682.484800,69614,23.960200,0x098b50423eb1b80e5a7fb520438bb4f17cbf6c9b9e6ebef7938342aa2df694fe,0x0bad777ee7e53cb50bb1a34026c5b600d6b9069343a3a1ee1f82b5341284f325
theo_n,5,304,false,9,13,onchain,500,300,1979758,4554511,459000,532262,555.507900,582651,558.507200,615643,612.887900,69626,27.191400,0x098b50423eb1b80e5a7fb520438bb4f17cbf6c9b9e6ebef7938342aa2df694fe,0x29e9df1a9f6a929fb347fdd94a9a14daa7736582c5e73cdbf766d76f862b8c58
theo_n,5,305,false,9,13,onchain,500,301,1979758,4554511,459000,532334,573.675100,582723,653.793600,615715,652.699300,69626,38.052500,0x098b50423eb1b80e5a7fb520438bb4f17cbf6c9b9e6ebef7938342aa2df694fe,0x2360af7a8639854b5bf50619a49908323f70e65a2265592a8eb29257c42e46b4
theo_n,5,306,false,9,13,onchain,500,302,1979758,4554511,459000,532322,590.025900,582699,569.584300,615691,625.452900,69614,20.681200,0x098b50423eb1b80e5a7fb520438bb4f17cbf6c9b9e6ebef7938342aa2df694fe,0x28a961bf6b8ab2daac54fd3a011d9dd92fa752243b7e72901cd300e296d3d948
theo_n,5,307,false,9,13,onchain,500,303,1979758,4554511,459000,532298,578.265000,582687,655.755200,615679,666.262400,69626,24.265700,0x098b50423eb1b80e5a7fb520438bb4f17cbf6c9b9e6ebef7938342aa2df694fe,0x1dcc13891f21da1e3cc763a16afec731bb0c8988e3610b636da0b2a008d7031a
theo_n,5,308,false,9,13,onchain,500,304,1979758,4554511,459000,532202,563.508000,582591,637.998000,615583,620.301600,69626,24.242900,0x098b50423eb1b80e5a7fb520438bb4f17cbf6c9b9e6ebef7938342aa2df694fe,0x19e0202ff98298b101d39e3d4fe7f23b35f00d7c58c872115d14bcf595570357
theo_n,5,309,false,9,13,onchain,500,305,1979758,4554511,459000,532346,610.041000,582735,664.663000,615727,654.855400,69626,22.628400,0x098b50423eb1b80e5a7fb520438bb4f17cbf6c9b9e6ebef7938342aa2df694fe,0x055772e98620995bf10f5d97b951622b053e9a142ce221a2c724adcded37f455
theo_n,5,310,false,9,13,onchain,500,306,1979758,4554511,459000,532346,551.221000,582723,740.443000,615715,643.877700,69626,42.396500,0x098b50423eb1b80e5a7fb520438bb4f17cbf6c9b9e6ebef7938342aa2df694fe,0x065213b2081f56a0a24a0abf40d5812fc288f37c9abeab33898f23fd19adad1b
theo_n,5,311,false,9,13,onchain,500,307,1979758,4554511,459000,532310,607.009500,582699,633.180000,615691,615.550800,69626,23.999000,0x098b50423eb1b80e5a7fb520438bb4f17cbf6c9b9e6ebef7938342aa2df694fe,0x13deb5509b4f3f347fd99d0db5be92a5df849a1394b1a8d443ca72b5f34cf9d5
theo_n,5,312,false,9,13,onchain,500,308,1979758,4554511,459000,532358,681.475900,582747,640.014700,615739,559.052200,69626,20.974700,0x098b50423eb1b80e5a7fb520438bb4f17cbf6c9b9e6ebef7938342aa2df694fe,0x2a91370e7d4a3f84a7bbf55d3f19f42131c01e265cc5c184a50a0bf18067994f
theo_n,5,313,false,9,13,onchain,500,309,1979758,4554511,459000,532298,550.592500,582687,589.778100,615679,624.090300,69626,25.470100,0x098b50423eb1b80e5a7fb520438bb4f17cbf6c9b9e6ebef7938342aa2df694fe,0x2e9441f3b1b27ec1e9e837bf5d2e32ff106c7e6e6aea479c676958cad5fa5edf
theo_n,5,314,false,9,13,onchain,500,310,1979758,4554511,459000,532394,560.636900,582783,662.897000,615775,728.509500,69626,33.121600,0x098b50423eb1b80e5a7fb520438bb4f17cbf6c9b9e6ebef7938342aa2df694fe,0x07c71a48e349a6047c713105b236aab6c3d61b04aedf07535969e8697ad84cf1
theo_n,5,315,false,9,13,onchain,500,311,1979758,4554511,459000,532274,604.619000,582663,588.072900,615655,682.605000,69626,23.441300,0x098b50423eb1b80e5a7fb520438bb4f17cbf6c9b9e6ebef7938342aa2df694fe,0x1055ac7069959a32a5ba629e0e5a7a5817b8f3b4a69aa6abe13eff713e4aef19
theo_n,5,316,false,9,13,onchain,500,312,1979758,4554511,459000,532250,566.308600,582639,684.674600,615631,592.313400,69626,20.961300,0x098b50423eb1b80e5a7fb520438bb4f17cbf6c9b9e6ebef7938342aa2df694fe,0x095092b3da9bb6bf6c6c69e5b6819772f8288ff048b32f0c7dc3fc1c264602c0
theo_n,5,317,false,9,13,onchain,500,313,1979758,4554511,459000,532238,582.748100,582627,585.754000,615619,563.158400,69626,30.330900,0x098b50423eb1b80e5a7fb520438bb4f17cbf6c9b9e6ebef7938342aa2df694fe,0x229ff620fc9f07679db5848d8066502bdaa08314bae46156ebe6acc5610103cf
theo_n,5,318,false,9,13,onchain,500,314,1979758,4554511,459000,532238,571.105000,582627,589.636300,615619,610.587600,69626,25.161900,0x098b50423eb1b80e5a7fb520438bb4f17cbf6c9b9e6ebef7938342aa2df694fe,0x2a8c93405a03ec7df6408002ed9e3324d84c46bc227d44d3537e739d6d377147
theo_n,5,319,false,9,13,onchain,500,315,1979758,4554511,459000,532286,564.082900,582675,602.154500,615667,653.455000,69626,27.865200,0x098b50423eb1b80e5a7fb520438bb4f17cbf6c9b9e6ebef7938342aa2df694fe,0x010c0957ae5bba1a2d5d707b26a2488ef46da238b08f879be8aa979387cfd0aa
theo_n,5,320,false,9,13,onchain,500,316,1979758,4554511,459000,532346,542.520400,582735,610.046400,615727,594.916600,69626,31.959400,0x098b50423eb1b80e5a7fb520438bb4f17cbf6c9b9e6ebef7938342aa2df694fe,0x14b6fdfa8e46e3fceea1084881eee66fd9603f40bf35f4ee3af1cde8d2762175
theo_n,5,321,false,9,13,onchain,500,317,1979758,4554511,459000,532250,608.193000,582639,629.319700,615631,652.687700,69626,26.058000,0x098b50423eb1b80e5a7fb520438bb4f17cbf6c9b9e6ebef7938342aa2df694fe,0x1f2d9647f78439d922c61a320d9b727a5be6302450b9a0df32d81b8b1b3a281a
theo_n,5,322,false,9,13,onchain,500,318,1979758,4554511,459000,532250,502.317800,582639,661.633000,615631,612.920000,69626,27.645400,0x098b50423eb1b80e5a7fb520438bb4f17cbf6c9b9e6ebef7938342aa2df694fe,0x1f626d575bd1984f2eb74dcb8d863a130ac3d1af50f3efa8c845ca9b531c7e14
theo_n,5,323,false,9,13,onchain,500,319,1979758,4554511,459000,532346,558.856400,582735,580.001100,615727,593.245500,69626,23.777900,0x098b50423eb1b80e5a7fb520438bb4f17cbf6c9b9e6ebef7938342aa2df694fe,0x0dec1f0ca4dc721f9f7a8dd729be3ed84a8c9b78dc5a36a4ab24ec56990c5796
theo_n,5,324,false,9,13,onchain,500,320,1979758,4554511,459000,532262,622.291400,582639,660.181600,615631,520.574200,69614,24.986600,0x098b50423eb1b80e5a7fb520438bb4f17cbf6c9b9e6ebef7938342aa2df694fe,0x002d16b36d6de7474a2ec6ef4c2b5dfe8555d2c0fefc4b45f56f671899f39f19
theo_n,5,325,false,9,13,onchain,500,321,1979758,4554511,459000,532238,655.456400,582627,613.587900,615619,575.120300,69626,21.239300,0x098b50423eb1b80e5a7fb520438bb4f17cbf6c9b9e6ebef7938342aa2df694fe,0x2b2817bc9643603901e9ed0e7a86d1925b681e557ea4ae5f45137ad1836e0fc9
theo_n,5,326,false,9,13,onchain,500,322,1979758,4554511,459000,532250,570.625400,582627,628.121100,615619,601.180700,69626,36.264700,0x098b50423eb1b80e5a7fb520438bb4f17cbf6c9b9e6ebef7938342aa2df694fe,0x287b1719aa0e7765f94a2d4f54ee64d2bdb32bf72a0402d29106e298a0cfdf77
theo_n,5,327,false,9,13,onchain,500,323,1979758,4554511,459000,532322,636.152700,582699,596.527900,615691,579.482600,69626,33.519000,0x098b50423eb1b80e5a7fb520438bb4f17cbf6c9b9e6ebef7938342aa2df694fe,0x275fda5f4888a155da450b110d64dc9a01467d93492c05b3dcff6ab1af0e9fbf
theo_n,5,328,false,9,13,onchain,500,324,1979758,4554511,459000,532226,635.923000,582615,670.733100,615607,559.283700,69626,26.700100,0x098b50423eb1b80e5a7fb520438bb4f17cbf6c9b9e6ebef7938342aa2df694fe,0x095c6031ca7edfb03f9399642d2742f1b595290521f05f2c20339fe4df8b3931
theo_n,5,329,false,9,13,onchain,500,325,1979758,4554511,459000,532262,584.391200,582651,601.647900,615643,566.029600,69626,23.041500,0x098b50423eb1b80e5a7fb520438bb4f17cbf6c9b9e6ebef7938342aa2df694fe,0x17d3d37d5e35f46a2a3fb234d1d1652ca475755f1a07082fd11c0e3a876761a6
theo_n,5,330,false,9,13,onchain,500,326,1979758,4554511,459000,532298,581.003800,582687,627.793600,615679,606.375500,69626,27.394700,0x098b50423eb1b80e5a7fb520438bb4f17cbf6c9b9e6ebef7938342aa2df694fe,0x1ac75c6ed9f90de62f9775ff423b1ff839ac9958915851696307b7a7d6450db6
theo_n,5,331,false,9,13,onchain,500,327,1979758,4554511,459000,532310,580.109100,582699,590.383300,615691,643.242300,69626,23.094100,0x098b50423eb1b80e5a7fb520438bb4f17cbf6c9b9e6ebef7938342aa2df694fe,0x0c2d971bce31e07f0a4d4de39b5c6bac3335d5febb655089ed885cea978a0bb9
theo_n,5,332,false,9,13,onchain,500,328,1979758,4554511,459000,532298,557.171500,582687,574.067200,615679,625.095000,69626,27.172000,0x098b50423eb1b80e5a7fb520438bb4f17cbf6c9b9e6ebef7938342aa2df694fe,0x075654f1c9e5abe5fce4baccbe6da07810dffabc979728eedf550abd56074ba4
theo_n,5,333,false,9,13,onchain,500,329,1979758,4554511,459000,532226,630.283300,582615,616.940900,615607,612.497300,69626,19.162000,0x098b50423eb1b80e5a7fb520438bb4f17cbf6c9b9e6ebef7938342aa2df694fe,0x0a63eac5908ab14b7879638596b87d9140c5474707a3ad072e2f1a34645752ba
theo_n,5,334,false,9,13,onchain,500,330,1979758,4554511,459000,532298,578.236400,582687,543.376100,615679,648.999800,69626,34.037700,0x098b50423eb1b80e5a7fb520438bb4f17cbf6c9b9e6ebef7938342aa2df694fe,0x08e9b9b4e26fc3aca37bccf5629f51a451dbb6ea41a9b4882a3d78932409045a
theo_n,5,335,false,9,13,onchain,500,331,1979758,4554511,459000,532310,559.110100,582699,616.062800,615691,654.655300,69626,34.043800,0x098b50423eb1b80e5a7fb520438bb4f17cbf6c9b9e6ebef7938342aa2df694fe,0x098ff9bfabd2578b64849f372dfccc3889e8f48dd1d57d81e3d9e88fbd994c78
theo_n,5,336,false,9,13,onchain,500,332,1979758,4554511,459000,532262,581.263000,582651,565.106000,615643,617.656900,69626,24.417000,0x098b50423eb1b80e5a7fb520438bb4f17cbf6c9b9e6ebef7938342aa2df694fe,0x1db4b736a2b0ecc19a65c0c07835152665c8e62915ffa56fa7ab6503f5c9bd19
theo_n,5,337,false,9,13,onchain,500,333,1979758,4554511,459000,532382,583.054800,582759,672.949700,615751,613.734400,69614,28.443300,0x098b50423eb1b80e5a7fb520438bb4f17cbf6c9b9e6ebef7938342aa2df694fe,0x2bc5afd849a1330fc452535400ac1d4d8390ff4fc994c438f681397683bc1753
theo_n,5,338,false,9,13,onchain,500,334,1979758,4554511,459000,532298,550.358600,582687,568.099200,615679,635.713500,69626,22.323800,0x098b50423eb1b80e5a7fb520438bb4f17cbf6c9b9e6ebef7938342aa2df694fe,0x12216d0a1f27606101af6298d2b5d879870b6c64de2f8873b7fd2b23867b9935
theo_n,5,339,false,9,13,onchain,500,335,1979758,4554511,459000,532226,585.511300,582615,702.526100,615607,579.697400,69626,28.346200,0x098b50423eb1b80e5a7fb520438bb4f17cbf6c9b9e6ebef7938342aa2df694fe,0x2839f37d67552efb8cead8faa71bb56779c63441b8b5b103c3f779de4528692f
theo_n,5,340,false,9,13,onchain,500,336,1979758,4554511,459000,532226,642.243000,582603,535.543500,615595,658.191100,69614,32.356900,0x098b50423eb1b80e5a7fb520438bb4f17cbf6c9b9e6ebef7938342aa2df694fe,0x204f2b2dc108ebd91b8e8e9b95eea64bb1a6cb4f5ab54c2c0026fd7e839ae592
theo_n,5,341,false,9,13,onchain,500,337,1979758,4554511,459000,532274,622.935700,582663,587.168100,615655,613.090800,69626,25.263100,0x098b50423eb1b80e5a7fb520438bb4f17cbf6c9b9e6ebef7938342aa2df694fe,0x204d869a69ccfa457f8806504f9890bc280efc739f3f0ecf9fc1eb0fb6528c59
theo_n,5,342,false,9,13,onchain,500,338,1979758,4554511,459000,532418,634.488900,582807,593.418300,615799,648.123900,69626,27.098800,0x098b50423eb1b80e5a7fb520438bb4f17cbf6c9b9e6ebef7938342aa2df694fe,0x04b5d935609dfcb26d7a583849391abb7d04dfd1781f9026cce73dabe6b5ffc5
theo_n,5,343,false,9,13,onchain,500,339,1979758,4554511,459000,532274,547.715600,582663,628.421300,615655,609.036800,69626,29.377100,0x098b50423eb1b80e5a7fb520438bb4f17cbf6c9b9e6ebef7938342aa2df694fe,0x152536451a8e9393f717d73e334bfa8514a176570f84aacc7c013645e671935a
theo_n,5,344,false,9,13,onchain,500,340,1979758,4554511,459000,532370,587.499300,582759,645.877100,615751,558.390900,69626,27.705400,0x098b50423eb1b80e5a7fb520438bb4f17cbf6c9b9e6ebef7938342aa2df694fe,0x0457c3089a76f9a9d8acf8fc0271db28cb47b4da13a71cd9ebb0d4f85b06dc91
theo_n,5,345,false,9,13,onchain,500,341,1979758,4554511,459000,532238,593.678700,582627,567.856500,615619,600.016800,69626,22.798000,0x098b50423eb1b80e5a7fb520438bb4f17cbf6c9b9e6ebef7938342aa2df694fe,0x2efb0c793ef2952e6286b0c951664e67f457f2399d5e05fa4f0bb48c137ef7af
theo_n,5,346,false,9,13,onchain,500,342,1979758,4554511,459000,532274,517.008600,582651,635.538800,615643,691.995400,69626,28.786400,0x098b50423eb1b80e5a7fb520438bb4f17cbf6c9b9e6ebef7938342aa2df694fe,0x07c6757702a5062212213dfa130caee8e8c66080fd605f2c89c4bd459c0eb506
theo_n,5,347,false,9,13,onchain,500,343,1979758,4554511,459000,532346,696.844900,582735,546.162100,615727,652.124900,69626,20.570100,0x098b50423eb1b80e5a7fb520438bb4f17cbf6c9b9e6ebef7938342aa2df694fe,0x1f31d06804fe9d643009a57a3670fbf5708c1c3c6251624db210bc9f18177456
theo_n,5,348,false,9,13,onchain,500,344,1979758,4554511,459000,532298,528.016900,582687,560.791300,615679,565.967900,69626,20.580900,0x098b50423eb1b80e5a7fb520438bb4f17cbf6c9b9e6ebef7938342aa2df694fe,0x2e37e091fc8c192e870e9a1bc151044c6f827a9d7b31a863df824e406f8c7cd1
theo_n,5,349,false,9,13,onchain,500,345,1979758,4554511,459000,532214,647.522200,582603,608.393100,615595,683.459400,69626,31.490500,0x098b50423eb1b80e5a7fb520438bb4f17cbf6c9b9e6ebef7938342aa2df694fe,0x226079d37d6b5905b792bcf76b2799b0253b82604264870bcec2afc3472d5c73
theo_n,5,350,false,9,13,onchain,500,346,1979758,4554511,459000,532274,609.962100,582663,604.492200,615655,644.365800,69626,23.390800,0x098b50423eb1b80e5a7fb520438bb4f17cbf6c9b9e6ebef7938342aa2df694fe,0x117db97a81840683d5f0024370805bbb38977ea928586ac4f07b751d7b8585aa
theo_n,5,351,false,9,13,onchain,500,347,1979758,4554511,459000,532394,618.406800,582783,593.594000,615775,637.068900,69626,30.635700,0x098b50423eb1b80e5a7fb520438bb4f17cbf6c9b9e6ebef7938342aa2df694fe,0x254f554195b2795e198655ca2a08c0d3b52361f517bfc45abf441ff5f97cb8c0
theo_n,5,352,false,9,13,onchain,500,348,1979758,4554511,459000,532310,550.415900,582699,688.649200,615691,695.270600,69626,30.231100,0x098b50423eb1b80e5a7fb520438bb4f17cbf6c9b9e6ebef7938342aa2df694fe,0x1593770d9d55f43a7cdb36fc0fc3822fa5eb57dd09ab2b86b6688d899c0597a3
theo_n,5,353,false,9,13,onchain,500,349,1979758,4554511,459000,532310,658.587500,582699,619.391400,615691,636.760100,69626,21.590000,0x098b50423eb1b80e5a7fb520438bb4f17cbf6c9b9e6ebef7938342aa2df694fe,0x20e21d8732cbae26a5eb1e3a08fa1d385815993a3e06bf751447c239e53ebec2
theo_n,5,354,false,9,13,onchain,500,350,1979758,4554511,459000,532322,615.322100,582711,661.753500,615703,726.743900,69626,34.003200,0x098b50423eb1b80e5a7fb520438bb4f17cbf6c9b9e6ebef7938342aa2df694fe,0x0e99cfc4fe2b4260a2b9ad2ea8a798e983acf32369ddff77b9bbbfb006aea219
theo_n,5,355,false,9,13,onchain,500,351,1979758,4554511,459000,532250,632.942300,582639,603.717100,615631,647.320600,69626,26.361200,0x098b50423eb1b80e5a7fb520438bb4f17cbf6c9b9e6ebef7938342aa2df694fe,0x02561cbf09126048622749b6c4fb1d96e7c743c3ddd00c24fe36a90236a1b716
theo_n,5,356,false,9,13,onchain,500,352,1979758,4554511,459000,532286,604.833500,582675,690.010400,615667,839.778900,69626,27.590300,0x098b50423eb1b80e5a7fb520438bb4f17cbf6c9b9e6ebef7938342aa2df694fe,0x1b60a8b5553baadbaddd458ba1d262ab05296dcadb500fffc6521c0670d859de
theo_n,5,357,false,9,13,onchain,500,353,1979758,4554511,459000,532310,616.484300,582699,708.628600,615691,626.999900,69626,26.820100,0x098b50423eb1b80e5a7fb520438bb4f17cbf6c9b9e6ebef7938342aa2df694fe,0x28c3e736537efd4af55e4024deafcb55b364d5be65156ae12c48fb5d62772ff0
theo_n,5,358,false,9,13,onchain,500,354,1979758,4554511,459000,532334,586.471200,582723,579.029100,615715,673.914300,69626,29.572900,0x098b50423eb1b80e5a7fb520438bb4f17cbf6c9b9e6ebef7938342aa2df694fe,0x04b39fd3e5f335a5b634bd563ba92eb4d8fa3f7e32fe4b6a4bc9ac1fd43c19ca
theo_n,5,359,false,9,13,onchain,500,355,1979758,4554511,459000,532262,622.716000,582639,692.293100,615631,608.700000,69614,56.330500,0x098b50423eb1b80e5a7fb520438bb4f17cbf6c9b9e6ebef7938342aa2df694fe,0x0004225074508fa3022f90e37e6c870a9b686a8123ef5bbe2056904cf37642db
theo_n,5,360,false,9,13,onchain,500,356,1979758,4554511,459000,532298,580.265500,582687,696.516100,615679,854.148100,69626,25.721400,0x098b50423eb1b80e5a7fb520438bb4f17cbf6c9b9e6ebef7938342aa2df694fe,0x021bebfbfc5cca243be6d61f58c6fcfc3b49fd9f33fababe9cb255a21de6777c
theo_n,5,361,false,9,13,onchain,500,357,1979758,4554511,459000,532298,679.365500,582687,685.985000,615679,688.379600,69626,26.473700,0x098b50423eb1b80e5a7fb520438bb4f17cbf6c9b9e6ebef7938342aa2df694fe,0x050f085ab3e5f5c3eb150a35091b609b024454e337120d29ab9b71776fc7338d
theo_n,5,362,false,9,13,onchain,500,358,1979758,4554511,459000,532298,611.634100,582687,687.252500,615679,714.189800,69626,59.717100,0x098b50423eb1b80e5a7fb520438bb4f17cbf6c9b9e6ebef7938342aa2df694fe,0x222c67432c9adedc49d9236e9654816e0cf5c7e793e5f52d51452e4d94e61b34
theo_n,5,363,false,9,13,onchain,500,359,1979758,4554511,459000,532238,691.182200,582627,676.705300,615619,647.223300,69626,24.538300,0x098b50423eb1b80e5a7fb520438bb4f17cbf6c9b9e6ebef7938342aa2df694fe,0x27b239bf70d964ad2873d0a1bfdc4491651f20e30617f39306e3109f9444ae1f
theo_n,5,364,false,9,13,onchain,500,360,1979758,4554511,459000,532310,600.243700,582699,645.034300,615691,654.801200,69626,29.245400,0x098b50423eb1b80e5a7fb520438bb4f17cbf6c9b9e6ebef7938342aa2df694fe,0x1e1b5831fdf4b76d30e9b076372b1a47468a39c721bfd22182db547151d10305
theo_n,5,365,false,9,13,onchain,500,361,1979758,4554511,459000,532250,611.089500,582639,580.030600,615631,601.549900,69626,29.643400,0x098b50423eb1b80e5a7fb520438bb4f17cbf6c9b9e6ebef7938342aa2df694fe,0x0605aa46ac40963353ba3f275bdaa747c1794498b7645bbd422dbae339555c55
theo_n,5,366,false,9,13,onchain,500,362,1979758,4554511,459000,532334,588.997900,582723,609.583000,615715,565.489000,69626,28.958600,0x098b50423eb1b80e5a7fb520438bb4f17cbf6c9b9e6ebef7938342aa2df694fe,0x1851f7753135b8747d9eb910c77c916cf827ea9f2155dc9d379ef2afa367a772
theo_n,5,367,false,9,13,onchain,500,363,1979758,4554511,459000,532298,571.888800,582687,714.675300,615679,622.406200,69626,113.259800,0x098b50423eb1b80e5a7fb520438bb4f17cbf6c9b9e6ebef7938342aa2df694fe,0x16fc1f235038e480513f38e613e2d02f17b4832841d68c8ef401b09167c9ff5f
theo_n,5,368,false,9,13,onchain,500,364,1979758,4554511,459000,532274,631.776700,582663,567.996900,615655,654.837600,69626,27.763200,0x098b50423eb1b80e5a7fb520438bb4f17cbf6c9b9e6ebef7938342aa2df694fe,0x193a1a014690b7724bf6978a4714fe2a0476d1eef7c299ca5f750f3cd17874eb
theo_n,5,369,false,9,13,onchain,500,365,1979758,4554511,459000,532202,563.330000,582591,621.604700,615583,583.966900,69626,28.718200,0x098b50423eb1b80e5a7fb520438bb4f17cbf6c9b9e6ebef7938342aa2df694fe,0x0f963c37f6669553709742d3391b6f600bb9eeee0f58acf2765960e71eb5b81c
theo_n,5,370,false,9,13,onchain,500,366,1979758,4554511,459000,532286,571.979000,582675,639.453900,615667,619.987600,69626,53.430800,0x098b50423eb1b80e5a7fb520438bb4f17cbf6c9b9e6ebef7938342aa2df694fe,0x303b6b066769651941ebaaebfcd8040f41a717542235e1f57492ed152123cff2
theo_n,5,371,false,9,13,onchain,500,367,1979758,4554511,459000,532346,604.555700,582735,611.572100,615727,811.863100,69626,20.008900,0x098b50423eb1b80e5a7fb520438bb4f17cbf6c9b9e6ebef7938342aa2df694fe,0x2ed695d8f21d493b9d35e98eaf8a93b2d7366dc343dd2584f504aa5e64116990
theo_n,5,372,false,9,13,onchain,500,368,1979758,4554511,459000,532274,530.246500,582663,572.592300,615655,662.020700,69626,29.563000,0x098b50423eb1b80e5a7fb520438bb4f17cbf6c9b9e6ebef7938342aa2df694fe,0x1ad4f7e67fe4ff1b47a8341daf54ba4cfc10c65cf1044c60def6d901a807ed46
theo_n,5,373,false,9,13,onchain,500,369,1979758,4554511,459000,532334,594.317800,582723,596.883100,615715,651.407900,69626,112.769500,0x098b50423eb1b80e5a7fb520438bb4f17cbf6c9b9e6ebef7938342aa2df694fe,0x0c5a630d9f98b120bc544c96c47eec11640c6ab4b933c80d522151a3ff6adf8a
theo_n,5,374,false,9,13,onchain,500,370,1979758,4554511,459000,532154,644.985300,582531,613.328300,615523,595.214900,69614,22.133800,0x098b50423eb1b80e5a7fb520438bb4f17cbf6c9b9e6ebef7938342aa2df694fe,0x03f5612ddf0d430300b9710c7d5770ca54ee984d0d55902c9e31fec569bca9e3
theo_n,5,375,false,9,13,onchain,500,371,1979758,4554511,459000,532286,573.239400,582675,601.981500,615667,638.258900,69626,25.237300,0x098b50423eb1b80e5a7fb520438bb4f17cbf6c9b9e6ebef7938342aa2df694fe,0x1e849df2f825791fd8ed533d294b831c090962116777818d7fe8e404e5c063fd
theo_n,5,376,false,9,13,onchain,500,372,1979758,4554511,459000,532322,594.038600,582711,683.998900,615703,590.616700,69626,21.856400,0x098b50423eb1b80e5a7fb520438bb4f17cbf6c9b9e6ebef7938342aa2df694fe,0x18cfa5c6cd646ef374aab2e94e771ad9364cf8d95486dbb632ede7bba8b9c2b8
theo_n,5,377,false,9,13,onchain,500,373,1979758,4554511,459000,532286,594.527900,582663,597.830800,615655,573.546100,69626,23.852800,0x098b50423eb1b80e5a7fb520438bb4f17cbf6c9b9e6ebef7938342aa2df694fe,0x25b65d1c3a0bc65503d9a28d15da14bdd9f67ae4de7a884deeedb518e97a9262
theo_n,5,378,false,9,13,onchain,500,374,1979758,4554511,459000,532202,577.750900,582591,652.767300,615583,634.255700,69626,30.207700,0x098b50423eb1b80e5a7fb520438bb4f17cbf6c9b9e6ebef7938342aa2df694fe,0x04814392968319dd081a9b03644408df0f13373cd048e655a8b8de0a52e23270
theo_n,5,379,false,9,13,onchain,500,375,1979758,4554511,459000,532346,518.919100,582735,644.714500,615727,728.858200,69626,29.859300,0x098b50423eb1b80e5a7fb520438bb4f17cbf6c9b9e6ebef7938342aa2df694fe,0x118f2bc8abc13248898a6bcd9a243f7ca0a998ade21b658f26f4157747c66bb1
theo_n,5,380,false,9,13,onchain,500,376,1979758,4554511,459000,532286,526.559600,582675,855.725400,615667,722.880600,69626,22.173900,0x098b50423eb1b80e5a7fb520438bb4f17cbf6c9b9e6ebef7938342aa2df694fe,0x162d42cc97848b8015e6f6973e026d6782e2a7cb2fb68038286cbc81d7508eda
theo_n,5,381,false,9,13,onchain,500,377,1979758,4554511,459000,532202,670.394900,582591,753.911800,615583,716.211300,69626,39.852600,0x098b50423eb1b80e5a7fb520438bb4f17cbf6c9b9e6ebef7938342aa2df694fe,0x157e57147367313af2ccdb0b69a90f60da885d73b45344e360fbc625f7696351
theo_n,5,382,false,9,13,onchain,500,378,1979758,4554511,459000,532298,733.323700,582675,717.610200,615667,605.623800,69614,20.300000,0x098b50423eb1b80e5a7fb520438bb4f17cbf6c9b9e6ebef7938342aa2df694fe,0x0ad9f8b60ac2b27db29f8d015c05982cd6a7f9fe5461daae00a8f8e7b10bb470
theo_n,5,383,false,9,13,onchain,500,379,1979758,4554511,459000,532250,589.965900,582639,535.455600,615631,664.050700,69626,23.501300,0x098b50423eb1b80e5a7fb520438bb4f17cbf6c9b9e6ebef7938342aa2df694fe,0x02d5dff1d08df114839ef1dc507caa525323fb9828ac5daac4983bbfb43f03ee
theo_n,5,384,false,9,13,onchain,500,380,1979758,4554511,459000,532382,637.473000,582771,559.880300,615763,645.621200,69626,31.693300,0x098b50423eb1b80e5a7fb520438bb4f17cbf6c9b9e6ebef7938342aa2df694fe,0x07e27bc2513cc928d26b30eb92d217d53a1f2efa7ec91e9f3281e5893d80ea14
theo_n,5,385,false,9,13,onchain,500,381,1979758,4554511,459000,532214,621.533300,582603,635.755300,615595,529.434000,69626,23.163600,0x098b50423eb1b80e5a7fb520438bb4f17cbf6c9b9e6ebef7938342aa2df694fe,0x17398fc5f1d2e60159ce1452da7355a2234e2843260b50b40ded9b9d1d7fc2c5
theo_n,5,386,false,9,13,onchain,500,382,1979758,4554511,459000,532334,580.250100,582723,566.955000,615715,694.074000,69626,27.455900,0x098b50423eb1b80e5a7fb520438bb4f17cbf6c9b9e6ebef7938342aa2df694fe,0x1bcd1df4387375c9e3d385db43f832b4b6fe272b45f7e52252b39bb8382252e4
theo_n,5,387,false,9,13,onchain,500,383,1979758,4554511,459000,532322,546.195200,582711,655.079300,615703,598.799000,69626,24.804400,0x098b50423eb1b80e5a7fb520438bb4f17cbf6c9b9e6ebef7938342aa2df694fe,0x28bd69fe5fd086a619856936b40121a7155f548d42a84f35bce33cd48f7c5b79
theo_n,5,388,false,9,13,onchain,500,384,1979758,4554511,459000,532202,566.103300,582579,602.974700,615571,580.999200,69614,62.673700,0x098b50423eb1b80e5a7fb520438bb4f17cbf6c9b9e6ebef7938342aa2df694fe,0x1e7e3f9f39ceb8265b464c07373a4b37a800558074e78b931da84545f6d94e6d
theo_n,5,389,false,9,13,onchain,500,385,1979758,4554511,459000,532298,633.800800,582675,564.121400,615667,628.675000,69614,27.424800,0x098b50423eb1b80e5a7fb520438bb4f17cbf6c9b9e6ebef7938342aa2df694fe,0x0de1feb02f5d7b62cce3ccea8a74c6a75a1062001c1a44cae3b015de71aba263
theo_n,5,390,false,9,13,onchain,500,386,1979758,4554511,459000,532274,583.781800,582663,681.320000,615655,621.898500,69626,29.053800,0x098b50423eb1b80e5a7fb520438bb4f17cbf6c9b9e6ebef7938342aa2df694fe,0x0ccf0155d5e5543303c4ae684ea5d6d3506eadcac2a6ce0b43d37b55f33f3ae7
theo_n,5,391,false,9,13,onchain,500,387,1979758,4554511,459000,532190,640.449300,582579,659.697700,615571,581.627200,69626,22.511300,0x098b50423eb1b80e5a7fb520438bb4f17cbf6c9b9e6ebef7938342aa2df694fe,0x092407afbdab9b40602d5946175c6668381b10d76ec0d1fc625720ab89492697
theo_n,5,392,false,9,13,onchain,500,388,1979758,4554511,459000,532298,651.155900,582687,646.529500,615679,613.807100,69626,22.871000,0x098b50423eb1b80e5a7fb520438bb4f17cbf6c9b9e6ebef7938342aa2df694fe,0x057debe0a69bdb13be5df68e059ebc5810b7a076ae38389e59938c99084ee97e
theo_n,5,393,false,9,13,onchain,500,389,1979758,4554511,459000,532250,569.406500,582639,618.164200,615631,553.536300,69626,25.585700,0x098b50423eb1b80e5a7fb520438bb4f17cbf6c9b9e6ebef7938342aa2df694fe,0x303a402911f18f755f5c1a87ec99a33b77d1c2577916758ef573ab2194af50d9
theo_n,5,394,false,9,13,onchain,500,390,1979758,4554511,459000,532286,585.415100,582663,579.797300,615655,703.339300,69614,27.160200,0x098b50423eb1b80e5a7fb520438bb4f17cbf6c9b9e6ebef7938342aa2df694fe,0x263992a8e602149f3b6505ad16e7f04e696f8125783000c71d2ecc897e2a52b7
theo_n,5,395,false,9,13,onchain,500,391,1979758,4554511,459000,532262,673.322300,582651,622.688500,615643,597.649000,69626,29.492100,0x098b50423eb1b80e5a7fb520438bb4f17cbf6c9b9e6ebef7938342aa2df694fe,0x2db9482626db14404a768c8465161d5833bab0bdd0cee894e56dce89b9eb09fd
theo_n,5,396,false,9,13,onchain,500,392,1979758,4554511,459000,532322,624.126500,582711,582.346600,615703,646.305700,69626,19.984700,0x098b50423eb1b80e5a7fb520438bb4f17cbf6c9b9e6ebef7938342aa2df694fe,0x172df5a3f063b8f4f9c1d0f322ca54fa2d5f74aaf6562a8806fdfe2ca2e0483e
theo_n,5,397,false,9,13,onchain,500,393,1979758,4554511,459000,532346,564.774100,582735,625.778400,615727,590.100900,69626,19.790000,0x098b50423eb1b80e5a7fb520438bb4f17cbf6c9b9e6ebef7938342aa2df694fe,0x12c6243e284afc10fb4414ac11753f093a708b67c527cf722831b3a7a593cb08
theo_n,5,398,false,9,13,onchain,500,394,1979758,4554511,459000,532334,547.570700,582723,782.384200,615715,548.138500,69626,27.664700,0x098b50423eb1b80e5a7fb520438bb4f17cbf6c9b9e6ebef7938342aa2df694fe,0x12096b14d65088c6387377b9d89127c1ce5a0b1f72408edea1b850e9e359aa9e
theo_n,5,399,false,9,13,onchain,500,395,1979758,4554511,459000,532358,608.794700,582747,639.413900,615739,564.291500,69626,25.588000,0x098b50423eb1b80e5a7fb520438bb4f17cbf6c9b9e6ebef7938342aa2df694fe,0x18b1832ec6179c73f03c78110ac55f45acae9d0d5117cf6c03da7814f79e5d8f
theo_n,5,400,false,9,13,onchain,500,396,1979758,4554511,459000,532286,604.042900,582675,574.667700,615667,614.933500,69626,21.389900,0x098b50423eb1b80e5a7fb520438bb4f17cbf6c9b9e6ebef7938342aa2df694fe,0x113de8491220bb5eb508d65cc8ee0e1ceb7a712b1a9b95fc93acd8856ecb28f5
theo_n,5,401,false,9,13,onchain,500,397,1979758,4554511,459000,532166,636.219000,582555,566.257100,615547,595.475500,69626,27.984100,0x098b50423eb1b80e5a7fb520438bb4f17cbf6c9b9e6ebef7938342aa2df694fe,0x27a010cf4e19c4a88e2edb7f04ac75b764b8e24719dc82dbbd0c0f7c8934be1e
theo_n,5,402,false,9,13,onchain,500,398,1979758,4554511,459000,532322,549.173000,582711,549.776100,615703,621.353200,69626,21.057500,0x098b50423eb1b80e5a7fb520438bb4f17cbf6c9b9e6ebef7938342aa2df694fe,0x0b023dd915cb016b7238b5bdd3190fe98abd3504c6dbfba463d90bb38ff29ad2
theo_n,5,403,false,9,13,onchain,500,399,1979758,4554511,459000,532298,543.120300,582687,606.335300,615679,586.967800,69626,25.322500,0x098b50423eb1b80e5a7fb520438bb4f17cbf6c9b9e6ebef7938342aa2df694fe,0x1a7e6c56f626be3e54886b792935dd23863f6915b323aa78148b70ab13ec5273
theo_n,5,404,false,9,13,onchain,500,400,1979758,4554511,459000,532202,555.841900,582591,711.702000,615583,570.670300,69626,58.116800,0x098b50423eb1b80e5a7fb520438bb4f17cbf6c9b9e6ebef7938342aa2df694fe,0x2a2bffaf3fae1687545dfd12db373e7029a50e1e72ae6a4acfcbd733129c205d
theo_n,5,405,false,9,13,onchain,500,401,1979758,4554511,459000,532250,595.663900,582639,599.404800,615631,577.951700,69626,31.530100,0x098b50423eb1b80e5a7fb520438bb4f17cbf6c9b9e6ebef7938342aa2df694fe,0x2cc4cf0733e1349358e8a570eac07ff818161987e3a18bfde63a9f0b95deca6d
theo_n,5,406,false,9,13,onchain,500,402,1979758,4554511,459000,532346,569.983300,582735,611.355400,615727,603.596500,69626,32.793000,0x098b50423eb1b80e5a7fb520438bb4f17cbf6c9b9e6ebef7938342aa2df694fe,0x1b8c0ebcb5cf1b7c144731c42fbfeebd4519c91bbe045821496f2975128cd66c
theo_n,5,407,false,9,13,onchain,500,403,1979758,4554511,459000,532250,555.091600,582639,602.960500,615631,620.341400,69626,21.157700,0x098b50423eb1b80e5a7fb520438bb4f17cbf6c9b9e6ebef7938342aa2df694fe,0x2db8f99903aebf090472808a8ea677cc1579e7aa758397d7fd28dd09d7b51280
theo_n,5,408,false,9,13,onchain,500,404,1979758,4554511,459000,532334,591.279400,582723,654.891500,615715,747.077700,69626,36.095400,0x098b50423eb1b80e5a7fb520438bb4f17cbf6c9b9e6ebef7938342aa2df694fe,0x0bf0ebb05a15be9b640ea65b8d18d6832cad86267bf6cb999ad43d7d749ad1be
theo_n,5,409,false,9,13,onchain,500,405,1979758,4554511,459000,532226,600.486300,582615,672.110900,615607,685.240000,69626,34.457200,0x098b50423eb1b80e5a7fb520438bb4f17cbf6c9b9e6ebef7938342aa2df694fe,0x1b988085e3126ddfb6a991df1c0f573fa0e6f9965ef6b3f10de414b3fdd35013
theo_n,5,410,false,9,13,onchain,500,406,1979758,4554511,459000,532190,630.718800,582579,537.575400,615571,655.473700,69626,27.175700,0x098b50423eb1b80e5a7fb520438bb4f17cbf6c9b9e6ebef7938342aa2df694fe,0x154bfdb6e90d7431315c386cc66abcbf3958bded588b405520a34f7d4f56e666
theo_n,5,411,false,9,13,onchain,500,407,1979758,4554511,459000,532190,570.060800,582579,721.421200,615571,627.742000,69626,21.240200,0x098b50423eb1b80e5a7fb520438bb4f17cbf6c9b9e6ebef7938342aa2df694fe,0x09dcc218c82397618550beef8f8255788a9ec1329b4e16b1effb79dd16db6db8
theo_n,5,412,false,9,13,onchain,500,408,1979758,4554511,459000,532286,575.778000,582675,633.532600,615667,602.649200,69626,30.278000,0x098b50423eb1b80e5a7fb520438bb4f17cbf6c9b9e6ebef7938342aa2df694fe,0x03e0e67240dac313442539b1a1241dc6465eb385b752bbfd21607f280e9ed7a8
theo_n,5,413,false,9,13,onchain,500,409,1979758,4554511,459000,532226,667.859300,582615,570.110100,615607,682.664900,69626,26.773200,0x098b50423eb1b80e5a7fb520438bb4f17cbf6c9b9e6ebef7938342aa2df694fe,0x3007bee886bfacd3ffad885814b8c4e8cceb990aa13437fa53e86c1dcd321aac
theo_n,5,414,false,9,13,onchain,500,410,1979758,4554511,459000,532286,552.388500,582675,648.794500,615667,542.068300,69626,19.005500,0x098b50423eb1b80e5a7fb520438bb4f17cbf6c9b9e6ebef7938342aa2df694fe,0x181a21556d142138a10d0d14eb5e6c5d16df78825c4945a3d09ac9823e327b17
theo_n,5,415,false,9,13,onchain,500,411,1979758,4554511,459000,532322,573.256300,582711,679.374100,615703,613.253900,69626,28.772400,0x098b50423eb1b80e5a7fb520438bb4f17cbf6c9b9e6ebef7938342aa2df694fe,0x2835faa28d27666daad62898414f35b70a6f1b36e83f6903b595b0b699a120e0
theo_n,5,416,false,9,13,onchain,500,412,1979758,4554511,459000,532190,564.957600,582579,641.096300,615571,588.952600,69626,24.058100,0x098b50423eb1b80e5a7fb520438bb4f17cbf6c9b9e6ebef7938342aa2df694fe,0x06016b8fc0cfb43fe47861f337a516e5702b812d6b62d60cb94bca0b4d6acd7c
theo_n,5,417,false,9,13,onchain,500,413,1979758,4554511,459000,532298,589.216400,582687,612.025500,615679,648.214300,69626,27.900800,0x098b50423eb1b80e5a7fb520438bb4f17cbf6c9b9e6ebef7938342aa2df694fe,0x1bed17d5deba5bed8ba9eed3242058dba5d4c9596776efeb51be6779ca0306a3
theo_n,5,418,false,9,13,onchain,500,414,1979758,4554511,459000,532274,566.612300,582663,673.970800,615655,584.858200,69626,30.027800,0x098b50423eb1b80e5a7fb520438bb4f17cbf6c9b9e6ebef7938342aa2df694fe,0x016ddbf0460e9b0e15e4f146a5a20f1fdcdc6a8561610466846c78fbc49a3d7c
theo_n,5,419,false,9,13,onchain,500,415,1979758,4554511,459000,532322,581.307900,582711,604.024200,615703,540.498500,69626,28.018800,0x098b50423eb1b80e5a7fb520438bb4f17cbf6c9b9e6ebef7938342aa2df694fe,0x0e0771a1c3bbd684257a57be0b21e69a6727489b4ddc066d53818988c039b7c6
theo_n,5,420,false,9,13,onchain,500,416,1979758,4554511,459000,532166,555.913600,582555,649.760700,615547,623.062100,69626,22.877300,0x098b50423eb1b80e5a7fb520438bb4f17cbf6c9b9e6ebef7938342aa2df694fe,0x2830fdb34c979454f9f3421f8b0574c294c79daee7ad2bc1b5dc97a95a4f9d54
theo_n,5,421,false,9,13,onchain,500,417,1979758,4554511,459000,532334,626.530500,582723,677.639200,615715,644.723500,69626,35.124500,0x098b50423eb1b80e5a7fb520438bb4f17cbf6c9b9e6ebef7938342aa2df694fe,0x13a0fb9058def92f47de48cf7aa57b8540d590214e9ee3ef4a3b4e6b1fd39fc7
theo_n,5,422,false,9,13,onchain,500,418,1979758,4554511,459000,532202,582.102300,582591,624.106900,615583,682.237900,69626,26.747100,0x098b50423eb1b80e5a7fb520438bb4f17cbf6c9b9e6ebef7938342aa2df694fe,0x0326508a2e8766b39956ca4bcb280f99a691a9091e7328ef63d81a41a3b488f5
theo_n,5,423,false,9,13,onchain,500,419,1979758,4554511,459000,532286,532.700400,582675,583.448700,615667,600.767800,69626,23.164900,0x098b50423eb1b80e5a7fb520438bb4f17cbf6c9b9e6ebef7938342aa2df694fe,0x1aad75cc6b55ef5aefca1139b211062bbb6f98191567e7e2c53e14c4ed4d2510
theo_n,5,424,false,9,13,onchain,500,420,1979758,4554511,459000,532346,540.912100,582735,634.451600,615727,572.875200,69626,25.719700,0x098b50423eb1b80e5a7fb520438bb4f17cbf6c9b9e6ebef7938342aa2df694fe,0x0762cba02d6c2fd227c1121dbbb65b1dddcd594906111c19dcb75308284fab1e
theo_n,5,425,false,9,13,onchain,500,421,1979758,4554511,459000,532262,699.021900,582651,625.863900,615643,653.621700,69626,22.661300,0x098b50423eb1b80e5a7fb520438bb4f17cbf6c9b9e6ebef7938342aa2df694fe,0x2867d18a8d13dcdcf2a610885da6d6baf390d38a0ba79aa67af91dedf2e4134f
theo_n,5,426,false,9,13,onchain,500,422,1979758,4554511,459000,532406,550.733800,582795,645.318800,615787,580.798000,69626,20.269500,0x098b50423eb1b80e5a7fb520438bb4f17cbf6c9b9e6ebef7938342aa2df694fe,0x10c107c9cda92ec6cf3e9fe22cbf7cda99fe04bfb69b44457736f08daf94178b
theo_n,5,427,false,9,13,onchain,500,423,1979758,4554511,459000,532250,593.086000,582639,759.968100,615631,592.287200,69626,27.445600,0x098b50423eb1b80e5a7fb520438bb4f17cbf6c9b9e6ebef7938342aa2df694fe,0x2581e5575f4204b4a6f3b0e08c12245c083765c1a07f32b13a96895ca1ba1425
theo_n,5,428,false,9,13,onchain,500,424,1979758,4554511,459000,532322,600.750900,582711,624.120900,615703,673.082200,69626,45.833100,0x098b50423eb1b80e5a7fb520438bb4f17cbf6c9b9e6ebef7938342aa2df694fe,0x277aac34d6c47e54cdbb5d62cfd244cec5298c9c26f6aa993fb0e26cf2f1082f
theo_n,5,429,false,9,13,onchain,500,425,1979758,4554511,459000,532262,597.730200,582651,564.912400,615643,719.418300,69626,33.887300,0x098b50423eb1b80e5a7fb520438bb4f17cbf6c9b9e6ebef7938342aa2df694fe,0x03ea32e3c967ab912ee0c86ac10303a8203c3057bba343c213f706eb718cec52
theo_n,5,430,false,9,13,onchain,500,426,1979758,4554511,459000,532310,611.610000,582699,597.597300,615691,577.572900,69626,21.424700,0x098b50423eb1b80e5a7fb520438bb4f17cbf6c9b9e6ebef7938342aa2df694fe,0x3003b73a88a8569a4f81d8beb7f720188535c7718ead6ae84dbe3c272f4f5f3b
theo_n,5,431,false,9,13,onchain,500,427,1979758,4554511,459000,532382,610.612300,582771,575.886100,615763,556.645400,69626,20.414700,0x098b50423eb1b80e5a7fb520438bb4f17cbf6c9b9e6ebef7938342aa2df694fe,0x0a05cfe41f28c738b7d5d7716c8320b06aa79e0e6625c4f3558a58dc9b7fef42
theo_n,5,432,false,9,13,onchain,500,428,1979758,4554511,459000,532250,543.248500,582627,590.428900,615619,584.556500,69614,22.336700,0x098b50423eb1b80e5a7fb520438bb4f17cbf6c9b9e6ebef7938342aa2df694fe,0x2500607ce618ef9bd30f4bc46ee16168b678de82a12629390aecc174960b46cd
theo_n,5,433,false,9,13,onchain,500,429,1979758,4554511,459000,532262,566.862900,582651,702.461300,615643,591.550900,69626,24.249600,0x098b50423eb1b80e5a7fb520438bb4f17cbf6c9b9e6ebef7938342aa2df694fe,0x01c24f87ee6d59ee391a1593ecbeb6d1fa9963826beeb11f5caf468141128f09
theo_n,5,434,false,9,13,onchain,500,430,1979758,4554511,459000,532358,568.882400,582747,603.182200,615739,575.684400,69626,20.634000,0x098b50423eb1b80e5a7fb520438bb4f17cbf6c9b9e6ebef7938342aa2df694fe,0x2082108df1e5d8328a3a52f2af197ec79b7856c8bc9c44ccf2d1d5951679a4c0
theo_n,5,435,false,9,13,onchain,500,431,1979758,4554511,459000,532238,557.779200,582627,846.112900,615619,809.136300,69626,31.168500,0x098b50423eb1b80e5a7fb520438bb4f17cbf6c9b9e6ebef7938342aa2df694fe,0x0999ffaafc0622752b26e0380a201e79e330224adc28c45d809d6203c7183765
theo_n,5,436,false,9,13,onchain,500,432,1979758,4554511,459000,532298,696.537700,582675,587.657100,615667,584.673300,69626,32.554000,0x098b50423eb1b80e5a7fb520438bb4f17cbf6c9b9e6ebef7938342aa2df694fe,0x0256f5aa2a81c65d55d7ac3351c57b3fc477bd1a5d4650020d8ac1c2cb98c320
theo_n,5,437,false,9,13,onchain,500,433,1979758,4554511,459000,532274,554.241500,582663,591.594400,615655,661.804500,69626,18.687000,0x098b50423eb1b80e5a7fb520438bb4f17cbf6c9b9e6ebef7938342aa2df694fe,0x037bc2c964784fc7e3cd2de16c3218014bc8ac4ab259c3fc47df759225c0c432
theo_n,5,438,false,9,13,onchain,500,434,1979758,4554511,459000,532310,549.783700,582687,564.081800,615679,619.088700,69614,30.862900,0x098b50423eb1b80e5a7fb520438bb4f17cbf6c9b9e6ebef7938342aa2df694fe,0x173dc3dc4e6fcdf0ebba3fd2fe4632fb42c0ceb9e4cc5e9b374dc60deb000b3f
theo_n,5,439,false,9,13,onchain,500,435,1979758,4554511,459000,532346,551.652400,582735,588.083000,615727,603.378200,69626,22.818700,0x098b50423eb1b80e5a7fb520438bb4f17cbf6c9b9e6ebef7938342aa2df694fe,0x1209c0c6094437ccf08802ad2ccd707c6033334ef0aac113035d1ba5c5d53302
theo_n,5,440,false,9,13,onchain,500,436,1979758,4554511,459000,532358,567.546500,582747,574.812300,615739,709.513300,69626,20.865900,0x098b50423eb1b80e5a7fb520438bb4f17cbf6c9b9e6ebef7938342aa2df694fe,0x11a1aa45758004aee4e35df3345be3240a16450e6c518e436a9fef029035717a
theo_n,5,441,false,9,13,onchain,500,437,1979758,4554511,459000,532274,624.656800,582651,537.663400,615643,679.259100,69614,25.835100,0x098b50423eb1b80e5a7fb520438bb4f17cbf6c9b9e6ebef7938342aa2df694fe,0x04476444e54b8d9345af11b280f951950dec019f5f9ed96cd666000cb6f8c8a4
theo_n,5,442,false,9,13,onchain,500,438,1979758,4554511,459000,532262,617.235100,582651,708.613800,615643,743.009600,69626,34.185400,0x098b50423eb1b80e5a7fb520438bb4f17cbf6c9b9e6ebef7938342aa2df694fe,0x2806a21730d85cb406c3a0c7893edf53a23bb94164481acaec92dfaacc498c43
theo_n,5,443,false,9,13,onchain,500,439,1979758,4554511,459000,532214,609.498800,582603,808.836500,615595,585.052500,69626,25.092100,0x098b50423eb1b80e5a7fb520438bb4f17cbf6c9b9e6ebef7938342aa2df694fe,0x214b13489d4f64f42e4f378022beeb428cee36c93df8f8e97b38d25222015f0e
theo_n,5,444,false,9,13,onchain,500,440,1979758,4554511,459000,532262,526.102000,582639,700.216600,615631,627.605200,69626,36.288000,0x098b50423eb1b80e5a7fb520438bb4f17cbf6c9b9e6ebef7938342aa2df694fe,0x066f9d468513da57c066c36e999991151e9f59de613bf62318b16f8c0dc85b20
theo_n,5,445,false,9,13,onchain,500,441,1979758,4554511,459000,532286,603.820500,582675,608.493300,615667,612.276300,69626,23.505800,0x098b50423eb1b80e5a7fb520438bb4f17cbf6c9b9e6ebef7938342aa2df694fe,0x2685af6105268b603a453ab4de1bcdd24c4090058d83280b15b70eb1e3493b77
theo_n,5,446,false,9,13,onchain,500,442,1979758,4554511,459000,532274,565.068300,582663,644.581500,615655,587.714500,69626,27.795400,0x098b50423eb1b80e5a7fb520438bb4f17cbf6c9b9e6ebef7938342aa2df694fe,0x1c157e5b315f744377d41988cc71c4e64d2bb77893f27acd05aad8664ce59a79
theo_n,5,447,false,9,13,onchain,500,443,1979758,4554511,459000,532334,717.962300,582723,579.618100,615715,630.548100,69626,22.586600,0x098b50423eb1b80e5a7fb520438bb4f17cbf6c9b9e6ebef7938342aa2df694fe,0x2267434a9eb55f81aff6acbc29f609c4a6cd46d4f19e735c0845e1e54dc511cf
theo_n,5,448,false,9,13,onchain,500,444,1979758,4554511,459000,532262,617.052900,582651,555.207200,615643,673.406500,69626,28.853500,0x098b50423eb1b80e5a7fb520438bb4f17cbf6c9b9e6ebef7938342aa2df694fe,0x2427edd792ee64541c9bb6a75a9554187a8b10a7730ae17241a149dd8197cb5c
theo_n,5,449,false,9,13,onchain,500,445,1979758,4554511,459000,532190,603.801000,582579,603.790900,615571,855.226800,69626,22.758900,0x098b50423eb1b80e5a7fb520438bb4f17cbf6c9b9e6ebef7938342aa2df694fe,0x0cf8a1ade649c5cea439e53e3be597c4c53290bf1c8b7f8bcb41a7ef7dea770e
theo_n,5,450,false,9,13,onchain,500,446,1979758,4554511,459000,532310,587.421300,582687,599.849300,615679,626.315600,69614,29.870300,0x098b50423eb1b80e5a7fb520438bb4f17cbf6c9b9e6ebef7938342aa2df694fe,0x129883fbbf2647002f7deacb824779cb974c9eee7bbb30bf1261998df957b8dc
theo_n,5,451,false,9,13,onchain,500,447,1979758,4554511,459000,532226,583.270900,582615,670.524800,615607,537.206500,69626,29.889300,0x098b50423eb1b80e5a7fb520438bb4f17cbf6c9b9e6ebef7938342aa2df694fe,0x0594521bbee73c066f93948e2ff7a51262787f7f3a8f16471f68ddf2a657e869
theo_n,5,452,false,9,13,onchain,500,448,1979758,4554511,459000,532322,604.118500,582711,657.961500,615703,559.349800,69626,33.395000,0x098b50423eb1b80e5a7fb520438bb4f17cbf6c9b9e6ebef7938342aa2df694fe,0x13f17dda8cb57596d85fb2110de78808017c61bc82d7b7330c51357cf8ab248e
theo_n,5,453,false,9,13,onchain,500,449,1979758,4554511,459000,532274,558.936600,582663,510.010700,615655,669.135900,69626,25.662700,0x098b50423eb1b80e5a7fb520438bb4f17cbf6c9b9e6ebef7938342aa2df694fe,0x12c9ec6c712307c39974e8ea98426582b0f316e90a50231bc1a00186bd92507e
theo_n,5,454,false,9,13,onchain,500,450,1979758,4554511,459000,532310,624.531900,582699,620.454600,615691,554.199600,69626,22.387700,0x098b50423eb1b80e5a7fb520438bb4f17cbf6c9b9e6ebef7938342aa2df694fe,0x148354c630b4862274a3c4f9627e46281b10d5ce88bc6a9f22459d0f2e6ba9a8
theo_n,5,455,false,9,13,onchain,500,451,1979758,4554511,459000,532274,568.951100,582663,639.435600,615655,728.758900,69626,20.728300,0x098b50423eb1b80e5a7fb520438bb4f17cbf6c9b9e6ebef7938342aa2df694fe,0x20281760db9fef7baf5df36729d8e86b1f03d2bfeeadec7e293627fe630e7d86
theo_n,5,456,false,9,13,onchain,500,452,1979758,4554511,459000,532166,602.195600,582555,576.453200,615547,630.227100,69626,27.500600,0x098b50423eb1b80e5a7fb520438bb4f17cbf6c9b9e6ebef7938342aa2df694fe,0x1f5d68be2c50d3e703fb116f57bfc854bce65788b7ade4c79548c288f898484f
theo_n,5,457,false,9,13,onchain,500,453,1979758,4554511,459000,532346,556.163500,582735,593.600000,615727,590.791400,69626,29.937700,0x098b50423eb1b80e5a7fb520438bb4f17cbf6c9b9e6ebef7938342aa2df694fe,0x2202cbc3666b0757b2bc1092b87ec06aaa632d9b644694c824a1a9f1402fb796
theo_n,5,458,false,9,13,onchain,500,454,1979758,4554511,459000,532334,554.151000,582723,590.898000,615715,570.238500,69626,29.415100,0x098b50423eb1b80e5a7fb520438bb4f17cbf6c9b9e6ebef7938342aa2df694fe,0x27c2dffe7874cdda7cce3b6fb243cb2ca8974f0861a27c2419bf621ed6556606
theo_n,5,459,false,9,13,onchain,500,455,1979758,4554511,459000,532274,612.590700,582651,593.059000,615643,560.230300,69626,22.935100,0x098b50423eb1b80e5a7fb520438bb4f17cbf6c9b9e6ebef7938342aa2df694fe,0x12a504725a3c750c382de4b79051869e38d03e6aa42f4505f940340f4885b7c2
theo_n,5,460,false,9,13,onchain,500,456,1979758,4554511,459000,532250,550.465000,582639,604.820500,615631,651.071000,69626,84.549300,0x098b50423eb1b80e5a7fb520438bb4f17cbf6c9b9e6ebef7938342aa2df694fe,0x2e78ab53da0c12b723f36c4ae0ce7f5b0621afa5eb0811cd6a96df8698650698
theo_n,5,461,false,9,13,onchain,500,457,1979758,4554511,459000,532370,572.249200,582759,640.239100,615751,599.389800,69626,19.712400,0x098b50423eb1b80e5a7fb520438bb4f17cbf6c9b9e6ebef7938342aa2df694fe,0x2fbda956e787d64ca8b6341cc1314e56b201281444c7bf34030a23838bc743ce
theo_n,5,462,false,9,13,onchain,500,458,1979758,4554511,459000,532250,545.834500,582627,632.238900,615619,552.247300,69626,20.826800,0x098b50423eb1b80e5a7fb520438bb4f17cbf6c9b9e6ebef7938342aa2df694fe,0x119e6e31b73d1a8836957b9bbf042afcbffe0c2a4f27f87c8be3bdf7f9a74b1f
theo_n,5,463,false,9,13,onchain,500,459,1979758,4554511,459000,532262,558.160000,582651,658.710700,615643,610.391400,69626,22.773600,0x098b50423eb1b80e5a7fb520438bb4f17cbf6c9b9e6ebef7938342aa2df694fe,0x121504fcf4f883891e0fc21eb1da196a5cc2f172e30aef5860b68086905e0aec
theo_n,5,464,false,9,13,onchain,500,460,1979758,4554511,459000,532298,581.107400,582687,588.004500,615679,528.976100,69626,25.499100,0x098b50423eb1b80e5a7fb520438bb4f17cbf6c9b9e6ebef7938342aa2df694fe,0x1c2d5c6cf07f2dbdd8f604df0337912e297989a309cd33d6dc1239fe147ab4b6
theo_n,5,465,false,9,13,onchain,500,461,1979758,4554511,459000,532262,565.675200,582639,628.745700,615631,592.370300,69614,20.729100,0x098b50423eb1b80e5a7fb520438bb4f17cbf6c9b9e6ebef7938342aa2df694fe,0x0704c0ac4a16b2c09e01e830dfc5b10d7c1b093c7c242fa8c85a1d6afc5b0059
theo_n,5,466,false,9,13,onchain,500,462,1979758,4554511,459000,532298,564.741900,582687,578.372400,615679,637.533700,69626,21.655200,0x098b50423eb1b80e5a7fb520438bb4f17cbf6c9b9e6ebef7938342aa2df694fe,0x26a19ddc2ed55c40fb8bbb487a5e35e680624c166c65eb1a17b4c49f7b963cf4
theo_n,5,467,false,9,13,onchain,500,463,1979758,4554511,459000,532214,565.065000,582603,607.163900,615595,682.956100,69626,25.926800,0x098b50423eb1b80e5a7fb520438bb4f17cbf6c9b9e6ebef7938342aa2df694fe,0x25ef2285374d0d2fb8f352c90602ea21678ab56bfa198771d120d845fd403499
theo_n,5,468,false,9,13,onchain,500,464,1979758,4554511,459000,532274,569.103700,582663,867.550500,615655,768.363900,69626,34.734100,0x098b50423eb1b80e5a7fb520438bb4f17cbf6c9b9e6ebef7938342aa2df694fe,0x2deef529266e39c647c7f8aa57f1736e372c78d3a0c62c5890613454a7c5fba8
theo_n,5,469,false,9,13,onchain,500,465,1979758,4554511,459000,532346,706.555600,582735,631.552700,615727,596.728000,69626,37.738500,0x098b50423eb1b80e5a7fb520438bb4f17cbf6c9b9e6ebef7938342aa2df694fe,0x17e4d436a99114d9778510c1ad0db88c4c9e6d9ff265191a17aec8c9bdc35b0d
theo_n,5,470,false,9,13,onchain,500,466,1979758,4554511,459000,532274,546.129800,582663,714.280500,615655,686.302200,69626,44.672700,0x098b50423eb1b80e5a7fb520438bb4f17cbf6c9b9e6ebef7938342aa2df694fe,0x194895cb66b9d54f2220b208f6d8dfdc02547c4c64f4b73bd9fbf42e3df5bce9
theo_n,5,471,false,9,13,onchain,500,467,1979758,4554511,459000,532214,578.178100,582603,576.930900,615595,688.091000,69626,28.891800,0x098b50423eb1b80e5a7fb520438bb4f17cbf6c9b9e6ebef7938342aa2df694fe,0x17b9faa51b28b1bf98a3d3650f88426d3ec0f81fc68691e2978f685c54039bdf
theo_n,5,472,false,9,13,onchain,500,468,1979758,4554511,459000,532214,592.684500,582603,641.794800,615595,558.935800,69626,22.987000,0x098b50423eb1b80e5a7fb520438bb4f17cbf6c9b9e6ebef7938342aa2df694fe,0x03557e9b7fef581c5a714eec6689e6db4162f91f8d460ae5dcca16d3b3f9e352
theo_n,5,473,false,9,13,onchain,500,469,1979758,4554511,459000,532202,546.944200,582579,639.997700,615571,547.240600,69614,35.472200,0x098b50423eb1b80e5a7fb520438bb4f17cbf6c9b9e6ebef7938342aa2df694fe,0x2c3214b8c0e8434fb6524fb4ff11e4e800a00966657e18a5d88267ae5f781abf
theo_n,5,474,false,9,13,onchain,500,470,1979758,4554511,459000,532382,609.861700,582771,589.223300,615763,618.321700,69626,21.679200,0x098b50423eb1b80e5a7fb520438bb4f17cbf6c9b9e6ebef7938342aa2df694fe,0x0642a894943cd70151604e637ce6b256aef63733dc5c514325eabd85b7873425
theo_n,5,475,false,9,13,onchain,500,471,1979758,4554511,459000,532346,589.819800,582735,539.622500,615727,729.990100,69626,34.570700,0x098b50423eb1b80e5a7fb520438bb4f17cbf6c9b9e6ebef7938342aa2df694fe,0x18552a6e21eecc017d45a61ec84e6f6dafafd85e5f3a8a1b69f6d52891467353
theo_n,5,476,false,9,13,onchain,500,472,1979758,4554511,459000,532250,581.424400,582627,575.656100,615619,638.637400,69614,26.165800,0x098b50423eb1b80e5a7fb520438bb4f17cbf6c9b9e6ebef7938342aa2df694fe,0x09d6031cbe83e6b6daf712c57cef8f8a00092aaa20ee245268c6261746fb3e6d
theo_n,5,477,false,9,13,onchain,500,473,1979758,4554511,459000,532358,586.960300,582747,679.037800,615739,635.594900,69626,31.183500,0x098b50423eb1b80e5a7fb520438bb4f17cbf6c9b9e6ebef7938342aa2df694fe,0x1d2e7002b581918e7f17fd4c88eaa1e2816dd4fceb92b04c7f1dee4714df076c
theo_n,5,478,false,9,13,onchain,500,474,1979758,4554511,459000,532262,572.367300,582651,802.173200,615643,564.519800,69626,51.775900,0x098b50423eb1b80e5a7fb520438bb4f17cbf6c9b9e6ebef7938342aa2df694fe,0x106c70cbd048ff8d859a8c2a2ac67e23ea74f80b5e9723d541592f72a9be6164
theo_n,5,479,false,9,13,onchain,500,475,1979758,4554511,459000,532250,643.684300,582639,602.764700,615631,743.019700,69626,28.218700,0x098b50423eb1b80e5a7fb520438bb4f17cbf6c9b9e6ebef7938342aa2df694fe,0x18f841147423b43a4e24f734b60a18649d2e49861e1471f1293b599ddadb5b4f
theo_n,5,480,false,9,13,onchain,500,476,1979758,4554511,459000,532322,610.316700,582711,573.299000,615703,566.881100,69626,26.046200,0x098b50423eb1b80e5a7fb520438bb4f17cbf6c9b9e6ebef7938342aa2df694fe,0x181f47596bdada82053dbd519feadb3e1decced847c3ebee5da8062170b7a1fd
theo_n,5,481,false,9,13,onchain,500,477,1979758,4554511,459000,532358,542.057400,582747,572.166200,615739,682.471000,69626,19.477300,0x098b50423eb1b80e5a7fb520438bb4f17cbf6c9b9e6ebef7938342aa2df694fe,0x19d72b93da5f25751ed0e6f5181858631c5863ceb85e9b062ae3f523c50c3823
theo_n,5,482,false,9,13,onchain,500,478,1979758,4554511,459000,532250,518.686700,582639,629.040700,615631,604.826400,69626,34.654900,0x098b50423eb1b80e5a7fb520438bb4f17cbf6c9b9e6ebef7938342aa2df694fe,0x08b9371a31a7f0b2166783304eb3dda67b5455dab4f641d34af9e809ae17f981
theo_n,5,483,false,9,13,onchain,500,479,1979758,4554511,459000,532310,654.838800,582699,620.983800,615691,769.533500,69626,29.953300,0x098b50423eb1b80e5a7fb520438bb4f17cbf6c9b9e6ebef7938342aa2df694fe,0x10acd05e15df221672ec5e25ee7ec5383df40f6a96e4be200f349008ee830ed2
theo_n,5,484,false,9,13,onchain,500,480,1979758,4554511,459000,532286,546.849100,582663,647.492700,615655,534.913000,69626,21.576700,0x098b50423eb1b80e5a7fb520438bb4f17cbf6c9b9e6ebef7938342aa2df694fe,0x3012161f3b161556cf3aa88c4d04f0e9cec22c97b7b8e848d5c7178f3e9b74fd
theo_n,5,485,false,9,13,onchain,500,481,1979758,4554511,459000,532382,552.397300,582771,654.745600,615763,632.539400,69626,26.414800,0x098b50423eb1b80e5a7fb520438bb4f17cbf6c9b9e6ebef7938342aa2df694fe,0x21472178fbf204e629d62a47c15eef10a81ccebaf9f644bd9e4e46c54d340a59
theo_n,5,486,false,9,13,onchain,500,482,1979758,4554511,459000,532250,629.582500,582627,621.590800,615619,635.326400,69614,48.619000,0x098b50423eb1b80e5a7fb520438bb4f17cbf6c9b9e6ebef7938342aa2df694fe,0x1cc81977f75add8f0fa8ffdf8e8d9dd6dc1ad4006181c677d57a5e41157e77c1
theo_n,5,487,false,9,13,onchain,500,483,1979758,4554511,459000,532226,564.905000,582603,641.697100,615595,730.501900,69614,23.289800,0x098b50423eb1b80e5a7fb520438bb4f17cbf6c9b9e6ebef7938342aa2df694fe,0x133f3b027ddf242d1e004142a313c84f951891b964cda34421c8e2199d1420c0
theo_n,5,488,false,9,13,onchain,500,484,1979758,4554511,459000,532226,596.847500,582615,599.112200,615607,660.584700,69626,27.620900,0x098b50423eb1b80e5a7fb520438bb4f17cbf6c9b9e6ebef7938342aa2df694fe,0x03c9185fd1372f0e37b4bf9a3f3dd2063edca06487f626d6d85fd838ad3008ca
theo_n,5,489,false,9,13,onchain,500,485,1979758,4554511,459000,532346,581.439700,582735,559.587300,615727,641.630900,69626,27.728700,0x098b50423eb1b80e5a7fb520438bb4f17cbf6c9b9e6ebef7938342aa2df694fe,0x25e0e7e38fef95e132acd28d6c482e384298692bcd6d0473d4a5e7270f432fb0
theo_n,5,490,false,9,13,onchain,500,486,1979758,4554511,459000,532346,538.046100,582735,572.399100,615727,681.161400,69626,32.542300,0x098b50423eb1b80e5a7fb520438bb4f17cbf6c9b9e6ebef7938342aa2df694fe,0x227d5c1302a98c79262e6fe667330fa86813e3133cf5286aa5d1aa56b4d297e4
theo_n,5,491,false,9,13,onchain,500,487,1979758,4554511,459000,532334,618.775600,582711,673.197000,615703,638.354500,69614,26.377800,0x098b50423eb1b80e5a7fb520438bb4f17cbf6c9b9e6ebef7938342aa2df694fe,0x1c00aecebc0b69341373f2e0bb29a3c24aac853fd64da87b62c5b316aeca1219
theo_n,5,492,false,9,13,onchain,500,488,1979758,4554511,459000,532322,680.415700,582711,676.711100,615703,716.477000,69626,36.050900,0x098b50423eb1b80e5a7fb520438bb4f17cbf6c9b9e6ebef7938342aa2df694fe,0x084e8cd0f0efa2d0483d3d7c58e49fc749ef77ebb1737fe33318558c56cf3427
theo_n,5,493,false,9,13,onchain,500,489,1979758,4554511,459000,532298,650.252100,582687,584.913400,615679,641.368100,69626,33.171200,0x098b50423eb1b80e5a7fb520438bb4f17cbf6c9b9e6ebef7938342aa2df694fe,0x0a043a7874d62ba138be2dc0842dd24ce6d289652d427bfd6f79e7c48c37b4f7
theo_n,5,494,false,9,13,onchain,500,490,1979758,4554511,459000,532250,638.392900,582627,648.947700,615619,658.635700,69626,37.699700,0x098b50423eb1b80e5a7fb520438bb4f17cbf6c9b9e6ebef7938342aa2df694fe,0x1a89f23a47b3613d76999e01716fb21161a281ba453f95be5b6ec1a4cd2760ff
theo_n,5,495,false,9,13,onchain,500,491,1979758,4554511,459000,532322,597.632200,582711,626.922000,615703,677.058400,69626,29.057100,0x098b50423eb1b80e5a7fb520438bb4f17cbf6c9b9e6ebef7938342aa2df694fe,0x300e9a493810956b752cdc311daa8c6888ed4496181d73e24231623198cff11e
theo_n,5,496,false,9,13,onchain,500,492,1979758,4554511,459000,532190,524.651500,582579,643.508200,615571,629.209600,69626,20.702000,0x098b50423eb1b80e5a7fb520438bb4f17cbf6c9b9e6ebef7938342aa2df694fe,0x2e66af613bd0b308ea76ce8156c11daa75c95d3f8e0ca9d7b293c31c96014b21
theo_n,5,497,false,9,13,onchain,500,493,1979758,4554511,459000,532370,565.844000,582759,601.644100,615751,619.051000,69626,31.488300,0x098b50423eb1b80e5a7fb520438bb4f17cbf6c9b9e6ebef7938342aa2df694fe,0x02dc77fb04fd69f7fab1957d3aba82ed08d25eac854c3dde2a9cade544679e2b
theo_n,5,498,false,9,13,onchain,500,494,1979758,4554511,459000,532238,588.932600,582615,597.096900,615607,708.024000,69614,28.240300,0x098b50423eb1b80e5a7fb520438bb4f17cbf6c9b9e6ebef7938342aa2df694fe,0x228653279e7e7b00992306c5edc1435c1091f5e23990f9d8e3779fd1aa32a8de
theo_n,5,499,false,9,13,onchain,500,495,1979758,4554511,459000,532226,620.592900,582615,658.440200,615607,621.034400,69626,20.422600,0x098b50423eb1b80e5a7fb520438bb4f17cbf6c9b9e6ebef7938342aa2df694fe,0x230a0a415e1e60f6e218a20cd575f16422d11c814813bb0c4546415a14659006
theo_n,5,500,false,9,13,onchain,500,496,1979758,4554511,459000,532334,571.666200,582723,598.432600,615715,574.848900,69626,23.430600,0x098b50423eb1b80e5a7fb520438bb4f17cbf6c9b9e6ebef7938342aa2df694fe,0x0975721ab977e0a4a2d19fc776c1a4212a6d048f5a988aa06d9d108845b40913
theo_n,5,501,false,9,13,onchain,500,497,1979758,4554511,459000,532298,554.992500,582687,549.065200,615679,801.566700,69626,35.169100,0x098b50423eb1b80e5a7fb520438bb4f17cbf6c9b9e6ebef7938342aa2df694fe,0x1277fe6d922e86999f40ca4cb0a82e4bbb03db29f014e42a63da54bd386146f0
theo_n,5,502,false,9,13,onchain,500,498,1979758,4554511,459000,532190,664.246600,582567,697.791600,615559,651.597000,69614,42.298800,0x098b50423eb1b80e5a7fb520438bb4f17cbf6c9b9e6ebef7938342aa2df694fe,0x0113f1fb5a35006448b95b51265b86f399805050c99ce68c7e92a1106394a4ee
theo_n,5,503,false,9,13,onchain,500,499,1979758,4554511,459000,532250,564.880000,582639,691.572200,615631,627.582000,69626,24.818500,0x098b50423eb1b80e5a7fb520438bb4f17cbf6c9b9e6ebef7938342aa2df694fe,0x0c0e1ce676ffd8704c6db547c1f554636c17d9d3da8dfce0b63543dfae4b1d6c
