mechanism,n,student_index,deploy_pool_gas,deploy_verifier_gas,update_root_gas,verify_gas,verify_onchain_ms,withdraw_gas,withdraw_ms,verify_record_gas,verify_record_ms,settle_gas,settle_ms,root,nullifier
groth16,500,0,2109494,445503,458856,235746,411.617600,286619,395.423600,321795,403.195100,69626,18.043200,0x03a2b0e04f31b128c667a2db672685000caa14e9f1275eab4844a954a24f7db0,0x252908df2b3fb6d8341d29735bb405c84b807b4b50e2c31e42ffb1cd11331ed3
groth16,500,1,2109494,445503,458856,235734,393.203200,286595,421.949600,321771,448.832100,69626,17.987700,0x03a2b0e04f31b128c667a2db672685000caa14e9f1275eab4844a954a24f7db0,0x0715072345dad7479fbcdda7213922657225e22f6dce2eedaacdd335765798da
groth16,500,2,2109494,445503,458856,235734,420.165100,286595,396.938400,321771,407.148000,69614,18.971700,0x03a2b0e04f31b128c667a2db672685000caa14e9f1275eab4844a954a24f7db0,0x019a228cb423e03a0f279e97f0a5e06c7572a07047f77eb579f2911d0022054c
groth16,500,3,2109494,445503,458856,235758,380.854800,286631,417.353600,321807,439.809800,69626,18.134200,0x03a2b0e04f31b128c667a2db672685000caa14e9f1275eab4844a954a24f7db0,0x20b4db34afad62e195548fc24fa67f31118cb0b55494be86c3f882922d903769
groth16,500,4,2109494,445503,458856,235734,372.891100,286607,406.357800,321783,422.135400,69626,17.390700,0x03a2b0e04f31b128c667a2db672685000caa14e9f1275eab4844a954a24f7db0,0x2a59573ca46ee521addf1a09077b12e463106b7c4f1fb148813b8ac7fd109ae7
groth16,500,5,2109494,445503,458856,235758,394.187500,286619,418.153400,321795,461.952500,69614,17.492300,0x03a2b0e04f31b128c667a2db672685000caa14e9f1275eab4844a954a24f7db0,0x28c4d6fa3f70a0e7ba4e9179f34cf8a9ddb83b00908df8736f887b4010ee83f1
groth16,500,6,2109494,445503,458856,235770,498.250700,286643,440.226400,321819,416.196900,69626,14.096000,0x03a2b0e04f31b128c667a2db672685000caa14e9f1275eab4844a954a24f7db0,0x201274bab2178dbe8dea6779d990787918e6c87333d48ee258fdbf8ab4ef5490
groth16,500,7,2109494,445503,458856,235770,381.319000,286643,390.751700,321819,390.632300,69626,16.446800,0x03a2b0e04f31b128c667a2db672685000caa14e9f1275eab4844a954a24f7db0,0x0625adad6f381f8defab1d7cb43761be1b086d7eb619befef822a99c980bdeaf
groth16,500,8,2109494,445503,458856,235758,375.526900,286631,406.561900,321807,421.940200,69626,27.640300,0x03a2b0e04f31b128c667a2db672685000caa14e9f1275eab4844a954a24f7db0,0x083d58b16fe5801914720d9f410be4f5b63293438eccef293eafb94b8c714f75
groth16,500,9,2109494,445503,458856,235710,387.845500,286571,372.956300,321747,401.694000,69626,15.027100,0x03a2b0e04f31b128c667a2db672685000caa14e9f1275eab4844a954a24f7db0,0x1bb0ab2f11daff3b79c21af61d3c62503bc24ea43fd96d6250213892ab053fa5
groth16,500,10,2109494,445503,458856,235758,371.435800,286619,390.509800,321795,395.745600,69614,17.568400,0x03a2b0e04f31b128c667a2db672685000caa14e9f1275eab4844a954a24f7db0,0x0bab94a9badb56e2297491d08d74e82a076826e85ba596018882655cfd00d3ca
groth16,500,11,2109494,445503,458856,235746,371.948400,286619,396.838500,321795,396.741100,69626,15.773600,0x03a2b0e04f31b128c667a2db672685000caa14e9f1275eab4844a954a24f7db0,0x2362a8dcd3220d036c3c9526456851191218243adc12fd2d45581fb9de80eff4
groth16,500,12,2109494,445503,458856,235758,379.392700,286631,373.684000,321807,386.218000,69626,14.626900,0x03a2b0e04f31b128c667a2db672685000caa14e9f1275eab4844a954a24f7db0,0x15e8fc8203362b7c04cdaa7bc4f14f216ae692213137d15d46734e2418870abd
groth16,500,13,2109494,445503,458856,235758,374.231700,286619,355.460700,321795,365.405100,69614,16.184200,0x03a2b0e04f31b128c667a2db672685000caa14e9f1275eab4844a954a24f7db0,0x0601eed67c999a59a474788dc3fa0b528cc60eae2c3aa73b003e54fe159cd932
groth16,500,14,2109494,445503,458856,235746,355.283800,286619,377.320500,321795,407.032900,69626,14.966000,0x03a2b0e04f31b128c667a2db672685000caa14e9f1275eab4844a954a24f7db0,0x265b5f2abdee27c7cb48ea0ae7f5fe22e7b648fbda09cf99db064aff37d84729
groth16,500,15,2109494,445503,458856,235734,389.721200,286607,368.191200,321783,380.678900,69626,15.122700,0x03a2b0e04f31b128c667a2db672685000caa14e9f1275eab4844a954a24f7db0,0x0e631eb9a6d08b91c6125814cee0c0db4bcdd2c9f91c21e9cdcfe5c494c02cc0
groth16,500,16,2109494,445503,458856,235758,370.779200,286631,378.185700,321807,412.051700,69626,15.130300,0x03a2b0e04f31b128c667a2db672685000caa14e9f1275eab4844a954a24f7db0,0x19a7f69c3841db761099696f2ea5871de92ce47ba4e355f0714d848d15128a18
groth16,500,17,2109494,445503,458856,235758,366.849400,286631,382.972900,321807,382.992200,69626,14.874400,0x03a2b0e04f31b128c667a2db672685000caa14e9f1275eab4844a954a24f7db0,0x0acbf59274bcd425af0485cb62b780a91eb2869eed7669524a492f8f8d704e50
groth16,500,18,2109494,445503,458856,235746,375.845900,286619,394.377400,321795,384.516700,69626,16.271100,0x03a2b0e04f31b128c667a2db672685000caa14e9f1275eab4844a954a24f7db0,0x247160974e83d130f8c4ca595c29667ac9ec59dfcdcbf03acb3376d033c226c6
groth16,500,19,2109494,445503,458856,235734,364.227000,286595,425.844800,321771,453.145100,69614,15.890400,0x03a2b0e04f31b128c667a2db672685000caa14e9f1275eab4844a954a24f7db0,0x2930c0c9412c4bca69d83dec6233000e323562916d46b9bdad6531ce7d773f19
groth16,500,20,2109494,445503,458856,235770,379.855800,286643,379.580100,321819,405.997200,69626,14.626500,0x03a2b0e04f31b128c667a2db672685000caa14e9f1275eab4844a954a24f7db0,0x2e062f395182a92bd458d8f89117d3c51758424561ac69350f4202cf80a9e6b7
groth16,500,21,2109494,445503,458856,235770,394.153400,286643,394.475000,321819,387.687900,69626,16.930700,0x03a2b0e04f31b128c667a2db672685000caa14e9f1275eab4844a954a24f7db0,0x2d5bf15815420dbb134e8e0e21e4d8917bde7e9b4713cb4067280fc84b11c402
groth16,500,22,2109494,445503,458856,235746,349.553900,286619,375.601800,321795,387.898600,69626,15.935600,0x03a2b0e04f31b128c667a2db672685000caa14e9f1275eab4844a954a24f7db0,0x23f28f802cca1b065dcaacb39927dd83cf98409b81942e0a5156b5a29ed45c7a
groth16,500,23,2109494,445503,458856,235746,378.298900,286619,396.550800,321795,384.011200,69626,17.875300,0x03a2b0e04f31b128c667a2db672685000caa14e9f1275eab4844a954a24f7db0,0x20e5f8f9cec5c31ef6b7d6cc9e85e57de8982cd228601c57c38d39f9e8ee3f85
groth16,500,24,2109494,445503,458856,235722,389.687600,286583,360.807000,321759,359.354800,69626,19.194500,0x03a2b0e04f31b128c667a2db672685000caa14e9f1275eab4844a954a24f7db0,0x0a598b8ba0d89e2beedcade77c4d672fcb9c4c8bfcec9741d21fceeebdf5901b
groth16,500,25,2109494,445503,458856,235746,348.973600,286619,371.949200,321795,375.186800,69626,18.237300,0x03a2b0e04f31b128c667a2db672685000caa14e9f1275eab4844a954a24f7db0,0x01044abeab8c1a6d90792f809697f6af55df7fe601a99d55707864deec1ef505
groth16,500,26,2109494,445503,458856,235770,355.122200,286643,363.903800,321819,357.777000,69626,14.904700,0x03a2b0e04f31b128c667a2db672685000caa14e9f1275eab4844a954a24f7db0,0x1e5f8184f387ffbafdbd37e1fd0b246faf750719d3f0e83f3b4c045082a8949e
groth16,500,27,2109494,445503,458856,235746,346.741200,286607,370.731700,321783,372.585400,69614,13.745900,0x03a2b0e04f31b128c667a2db672685000caa14e9f1275eab4844a954a24f7db0,0x229c59fadc935df0c27c9a20fd27ad6ba8fbd78754c396a200ee67f5b898bb97
groth16,500,28,2109494,445503,458856,235758,351.581700,286619,374.025900,321795,376.318800,69614,14.196700,0x03a2b0e04f31b128c667a2db672685000caa14e9f1275eab4844a954a24f7db0,0x00823e02bab302239a01d5193ba755cf8828b0aceaa27032a00df5dffeb1c211
groth16,500,29,2109494,445503,458856,235722,335.580200,286583,375.701100,321759,377.204800,69614,15.113000,0x03a2b0e04f31b128c667a2db672685000caa14e9f1275eab4844a954a24f7db0,0x118f00767419b37166712caea1a2a70e926eac5a94744bb5dfa0e8b089fc3a99
groth16,500,30,2109494,445503,458856,235758,345.449400,286619,379.425500,321795,387.586800,69614,14.022300,0x03a2b0e04f31b128c667a2db672685000caa14e9f1275eab4844a954a24f7db0,0x2ce1f6d134fea0d34ab9a79a7e00ab868b70275ad3e7d3358483f383f9b5dddd
groth16,500,31,2109494,445503,458856,235722,348.129600,286595,347.367800,321771,376.082500,69626,14.159400,0x03a2b0e04f31b128c667a2db672685000caa14e9f1275eab4844a954a24f7db0,0x2d054902188c64acf1db74f2adcbb0b2b7ecf9a8c19370253de503efdd65d690
groth16,500,32,2109494,445503,458856,235758,342.575900,286631,376.257500,321807,373.949000,69626,14.492000,0x03a2b0e04f31b128c667a2db672685000caa14e9f1275eab4844a954a24f7db0,0x01053a484f887e698b27769c4e973ce72c9c4b744f35a2a58b94601cbfb66d1e
groth16,500,33,2109494,445503,458856,235758,366.488400,286631,361.661300,321807,363.802900,69626,14.643000,0x03a2b0e04f31b128c667a2db672685000caa14e9f1275eab4844a954a24f7db0,0x27d2e051c56c976eab0d54e22a65096a1317544dc995fad61dee50a1b29dcffe
groth16,500,34,2109494,445503,458856,235746,335.268500,286619,363.541900,321795,373.448400,69626,19.972800,0x03a2b0e04f31b128c667a2db672685000caa14e9f1275eab4844a954a24f7db0,0x1b9e297ce4aac2d2ebf05dca862871f9e460f71658f51abaa6b5c9a52056a188
groth16,500,35,2109494,445503,458856,235770,355.085100,286643,355.209700,321819,350.427600,69626,15.081900,0x03a2b0e04f31b128c667a2db672685000caa14e9f1275eab4844a954a24f7db0,0x128bbae55e44b7c99187a309e14b6c3bc67b195e63bd0c3ba7a6aceaef29c24f
groth16,500,36,2109494,445503,458856,235758,333.855600,286631,373.747200,321807,374.154800,69626,16.238200,0x03a2b0e04f31b128c667a2db672685000caa14e9f1275eab4844a954a24f7db0,0x1b0d2564b0a786fc6f14f0dc63d496a16d860115ba7fd55d51895407b595c1f1
groth16,500,37,2109494,445503,458856,235734,354.877900,286595,371.418600,321771,371.997000,69614,15.347800,0x03a2b0e04f31b128c667a2db672685000caa14e9f1275eab4844a954a24f7db0,0x00f0b44a576370518563d1f512e17bf1ae2fa99afe6a2c07b0a7196b2ac7fb2d
groth16,500,38,2109494,445503,458856,235746,356.191500,286619,372.221200,321795,369.596000,69626,14.257100,0x03a2b0e04f31b128c667a2db672685000caa14e9f1275eab4844a954a24f7db0,0x2b9edaf4833cc8e916d1d5d495d21b6802940661d3f9bae7e3138477e6b84010
groth16,500,39,2109494,445503,458856,235758,373.171800,286631,362.454500,321807,358.984900,69626,14.240200,0x03a2b0e04f31b128c667a2db672685000caa14e9f1275eab4844a954a24f7db0,0x24b073bdd91c65b9f1ac171980c1b49f30bbaab0319adc62217fb558c1411881
groth16,500,40,2109494,445503,458856,235758,341.556900,286631,348.068900,321807,361.689300,69626,16.786000,0x03a2b0e04f31b128c667a2db672685000caa14e9f1275eab4844a954a24f7db0,0x12e732870ad42d1bdfa7635f43109a597ffac107fa270f056b821346c60b4621
groth16,500,41,2109494,445503,458856,235746,346.349800,286619,363.063000,321795,348.383100,69626,14.478700,0x03a2b0e04f31b128c667a2db672685000caa14e9f1275eab4844a954a24f7db0,0x1c37973c2dcc5ebcb94adc10023212d0374dcf8eb1d47cb0c64da7a84282cb30
groth16,500,42,2109494,445503,458856,235746,349.234900,286619,385.286000,321795,364.839400,69626,14.984600,0x03a2b0e04f31b128c667a2db672685000caa14e9f1275eab4844a954a24f7db0,0x09193a7169f1226c5822a0645bc937b1dfa5a99e86981bad87efd65e5ad77d8a
groth16,500,43,2109494,445503,458856,235770,339.380500,286643,358.514900,321819,373.469200,69626,14.361100,0x03a2b0e04f31b128c667a2db672685000caa14e9f1275eab4844a954a24f7db0,0x29779f9b0d16c22f5f22a3142d22d90ccdeaf70e03089aa57a9703bc3c157df7
groth16,500,44,2109494,445503,458856,235770,379.477900,286643,362.815500,321819,369.332500,69626,15.363900,0x03a2b0e04f31b128c667a2db672685000caa14e9f1275eab4844a954a24f7db0,0x224de21496b6f6954837b751a35fae3932e4893f851ba63f06afb7541a09c98f
groth16,500,45,2109494,445503,458856,235710,354.860900,286583,399.861400,321759,376.655000,69626,15.777300,0x03a2b0e04f31b128c667a2db672685000caa14e9f1275eab4844a954a24f7db0,0x0c12d2c9e7d1ffdbc2fa06e35e14cbe2b43847c9183a3b9f4d9d0f6e5978bb9a
groth16,500,46,2109494,445503,458856,235746,355.112800,286607,376.303300,321783,407.956600,69614,19.044100,0x03a2b0e04f31b128c667a2db672685000caa14e9f1275eab4844a954a24f7db0,0x2e6ef5938f0b5af13038dae1e79ae9006ab4037d95dd83f9349b7478a3416b4d
groth16,500,47,2109494,445503,458856,235746,354.384700,286607,367.277500,321783,382.902700,69626,16.911800,0x03a2b0e04f31b128c667a2db672685000caa14e9f1275eab4844a954a24f7db0,0x1e4b3db2bf5cabcea6897fa20c2212dbb1c2bfb1b3fc4d340db49a8d389cdb03
groth16,500,48,2109494,445503,458856,235770,378.180200,286643,447.430700,321819,597.277900,69626,16.685700,0x03a2b0e04f31b128c667a2db672685000caa14e9f1275eab4844a954a24f7db0,0x2d2d14765d634d98c54d8bf2dd2d4594ed4b5a4f5b91193f6b373cdebf5bb59f
groth16,500,49,2109494,445503,458856,235770,491.070100,286643,408.236700,321819,442.546900,69626,19.903200,0x03a2b0e04f31b128c667a2db672685000caa14e9f1275eab4844a954a24f7db0,0x244d5d7c903fde71df0cd57c5165df405ea96edb8072223a76b83c5227f67da1
groth16,500,50,2109494,445503,458856,235770,375.567900,286643,385.822700,321819,373.435200,69626,15.986000,0x03a2b0e04f31b128c667a2db672685000caa14e9f1275eab4844a954a24f7db0,0x0883bfd8dc492d82e5229b619753c0e517388b9b0591f75f74155a2c13ee7418
groth16,500,51,2109494,445503,458856,235758,350.907500,286631,349.157900,321807,367.396500,69626,15.331900,0x03a2b0e04f31b128c667a2db672685000caa14e9f1275eab4844a954a24f7db0,0x0fc65a931f2ed94469b27137f8586e6cc34ba4d05c3a013c4bed4a01ebfdde4e
groth16,500,52,2109494,445503,458856,235770,354.403200,286643,364.651400,321819,371.308600,69626,16.617800,0x03a2b0e04f31b128c667a2db672685000caa14e9f1275eab4844a954a24f7db0,0x04735530aaa47f488793a14a2c9f2427a073723bfc153f27c4450b9c5fc49810
groth16,500,53,2109494,445503,458856,235758,355.708100,286631,369.540500,321807,383.642000,69626,15.384500,0x03a2b0e04f31b128c667a2db672685000caa14e9f1275eab4844a954a24f7db0,0x15dd7095ffb2c2e00c592a1602f9b5a0dd7027eade4d32d93a99d63ae262cfa5
groth16,500,54,2109494,445503,458856,235758,390.702700,286619,376.253600,321795,379.870100,69614,16.143500,0x03a2b0e04f31b128c667a2db672685000caa14e9f1275eab4844a954a24f7db0,0x187b29be7f07c16a4545ec1300578312d49825bb84f8b2f27c6f1cbbfbec1a1f
groth16,500,55,2109494,445503,458856,235758,374.152600,286631,379.867000,321807,376.239200,69626,18.841000,0x03a2b0e04f31b128c667a2db672685000caa14e9f1275eab4844a954a24f7db0,0x1814dd4a14c5d5ec922f433026c12530244062eff808c365f3d1c05e6b6d1f22
groth16,500,56,2109494,445503,458856,235758,354.316800,286631,359.146200,321807,376.600400,69626,14.593500,0x03a2b0e04f31b128c667a2db672685000caa14e9f1275eab4844a954a24f7db0,0x26b55f6212d96b33220d74661edb2a9d020a6e05d4f881dcfddb04d3d4b4f0e1
groth16,500,57,2109494,445503,458856,235758,358.101500,286619,367.709100,321795,357.865400,69614,15.217400,0x03a2b0e04f31b128c667a2db672685000caa14e9f1275eab4844a954a24f7db0,0x2ff57e4483ee853c12d83c950b35968d30aa8269b28c8ab19cfdf62aa4133300
groth16,500,58,2109494,445503,458856,235770,337.657000,286643,381.814100,321819,374.563900,69626,17.792600,0x03a2b0e04f31b128c667a2db672685000caa14e9f1275eab4844a954a24f7db0,0x0bf7df45624be6b0c8c6015a1be2e7ecc73e22874a9ffe05b4d3b6289ffb7035
groth16,500,59,2109494,445503,458856,235770,362.972700,286643,385.892800,321819,375.743100,69626,17.327600,0x03a2b0e04f31b128c667a2db672685000caa14e9f1275eab4844a954a24f7db0,0x1ff0471035f2cda9d940931861fb8980e7d60cd4b6798dfb69d8bf0ea6982825
groth16,500,60,2109494,445503,458856,235758,373.581100,286631,365.821400,321807,376.853900,69626,14.790700,0x03a2b0e04f31b128c667a2db672685000caa14e9f1275eab4844a954a24f7db0,0x072d53c19c2d237674a7e159b79dc12511f319e50c845c1c1454fabb5b9ca9e4
groth16,500,61,2109494,445503,458856,235770,358.859500,286643,367.123900,321819,404.765300,69626,16.137700,0x03a2b0e04f31b128c667a2db672685000caa14e9f1275eab4844a954a24f7db0,0x2b1ec59f18922ad5689c65a566bd189d1a0e2f640309e47cc89e1368cb3bbf21
groth16,500,62,2109494,445503,458856,235758,361.596400,286619,362.831800,321795,353.094000,69614,15.744900,0x03a2b0e04f31b128c667a2db672685000caa14e9f1275eab4844a954a24f7db0,0x1cf9f3c7083ac6c9b7fb05013aa813a1037465e6b6d6005b818a0c02d4d473c8
groth16,500,63,2109494,445503,458856,235686,366.104500,286547,360.387900,321723,349.829000,69626,18.626400,0x03a2b0e04f31b128c667a2db672685000caa14e9f1275eab4844a954a24f7db0,0x058cc0870232e3ea69dc1bd0e9ab8482da98da8cf19b2ab4ed192613ee525592
groth16,500,64,2109494,445503,458856,235770,337.480500,286643,365.706600,321819,361.138500,69626,24.379200,0x03a2b0e04f31b128c667a2db672685000caa14e9f1275eab4844a954a24f7db0,0x0b92db33db66d94ad0e8b24d5ba641c559b747731441644af37cebfb8ef77944
groth16,500,65,2109494,445503,458856,235758,362.222100,286631,416.302700,321807,394.300500,69626,19.686300,0x03a2b0e04f31b128c667a2db672685000caa14e9f1275eab4844a954a24f7db0,0x0eb59e180b22924c13fb68503ba75ea8dfc357f2464fa0f0d88e940e8a2c1201
groth16,500,66,2109494,445503,458856,235746,370.374300,286607,492.171300,321783,520.118700,69614,19.208500,0x03a2b0e04f31b128c667a2db672685000caa14e9f1275eab4844a954a24f7db0,0x0abdb926bf300df300a8d9c3a69e1cda175e74a2aa78193a0ab5b66be42207f8
groth16,500,67,2109494,445503,458856,235770,389.693700,286643,381.089800,321819,363.764900,69626,17.378400,0x03a2b0e04f31b128c667a2db672685000caa14e9f1275eab4844a954a24f7db0,0x2769ac44e5ab588dd554ca027c3015fd2e6fef903c60f1f07c9e96b6d267b724
groth16,500,68,2109494,445503,458856,235758,396.188600,286631,372.019100,321807,396.395600,69626,16.233300,0x03a2b0e04f31b128c667a2db672685000caa14e9f1275eab4844a954a24f7db0,0x0c67e54684ce7de194a8ffe83067bf24038169daeb5b01362e2c121fff2343f3
groth16,500,69,2109494,445503,458856,235770,365.622200,286643,371.340600,321819,387.786300,69626,18.820400,0x03a2b0e04f31b128c667a2db672685000caa14e9f1275eab4844a954a24f7db0,0x08a3f28bb831bcdc8206889b59a1cf883eb8e15ed53bdd1c4bdf292eb29538d3
groth16,500,70,2109494,445503,458856,235746,389.926500,286619,428.188000,321795,399.586200,69626,16.778600,0x03a2b0e04f31b128c667a2db672685000caa14e9f1275eab4844a954a24f7db0,0x0c0b59b293480e6eddd272c432cbc6828210d905defc33c9e6095bda930a90c1
groth16,500,71,2109494,445503,458856,235770,385.084200,286643,440.491400,321819,402.159000,69626,16.755500,0x03a2b0e04f31b128c667a2db672685000caa14e9f1275eab4844a954a24f7db0,0x152289854d9f85981e9e3469ee3cc4cdc2f3d58df81e6130f64ee6348617d481
groth16,500,72,2109494,445503,458856,235722,359.413000,286583,375.519100,321759,386.803100,69614,17.160700,0x03a2b0e04f31b128c667a2db672685000caa14e9f1275eab4844a954a24f7db0,0x1095bf54c6f49f0a2bb6146457560500f0e23b4729492a2c1bc227ea8162e2aa
groth16,500,73,2109494,445503,458856,235758,368.503600,286619,402.448600,321795,390.115200,69614,17.944100,0x03a2b0e04f31b128c667a2db672685000caa14e9f1275eab4844a954a24f7db0,0x00e1da8d14e8e71f4fe7c2129d2d6dedf22e721e4e110e846e8854f861bc41ef
groth16,500,74,2109494,445503,458856,235770,390.746700,286643,403.281200,321819,421.604200,69626,14.865100,0x03a2b0e04f31b128c667a2db672685000caa14e9f1275eab4844a954a24f7db0,0x19a564eea72960fbdb9c39ebd8e5b3485f457a4c6c21c2b7676a227b184f0d8b
groth16,500,75,2109494,445503,458856,235746,362.451800,286619,383.350900,321795,395.819500,69626,25.645200,0x03a2b0e04f31b128c667a2db672685000caa14e9f1275eab4844a954a24f7db0,0x26a79b77ed043a496ff08568c97ac84e38042a3460664eae8060223c0e1a26da
groth16,500,76,2109494,445503,458856,235770,391.379400,286643,387.730400,321819,386.116900,69626,19.335300,0x03a2b0e04f31b128c667a2db672685000caa14e9f1275eab4844a954a24f7db0,0x2fcb6377a736fb3da1194becdb84f59b6f51c9734580661e1e3a1bcc21b4574e
groth16,500,77,2109494,445503,458856,235758,378.857800,286631,383.361200,321807,393.817100,69626,16.541600,0x03a2b0e04f31b128c667a2db672685000caa14e9f1275eab4844a954a24f7db0,0x2436ab9e977db32a75a85422b746fbf5e19a78f6a87871f14a3c202817922b34
groth16,500,78,2109494,445503,458856,235770,403.239100,286643,390.250200,321819,391.722100,69626,15.898200,0x03a2b0e04f31b128c667a2db672685000caa14e9f1275eab4844a954a24f7db0,0x0d6494d0ca01d0f01981e9edfa3f684e934b0715ff98c6d20daba6dedd2a94c0
groth16,500,79,2109494,445503,458856,235746,364.850000,286619,396.238400,321795,397.554100,69626,16.196100,0x03a2b0e04f31b128c667a2db672685000caa14e9f1275eab4844a954a24f7db0,0x065b4620086ef078646e23ec471c6688695e371fe0f42496706b94f12c27c841
groth16,500,80,2109494,445503,458856,235758,387.437700,286619,407.029400,321795,404.467300,69626,15.845300,0x03a2b0e04f31b128c667a2db672685000caa14e9f1275eab4844a954a24f7db0,0x235a98b0b0f6b64ccd54262d450d1c787174d57ba04dfcbc7b58b6c7e432ff2f
groth16,500,81,2109494,445503,458856,235770,359.987500,286643,389.875100,321819,387.091800,69626,15.328700,0x03a2b0e04f31b128c667a2db672685000caa14e9f1275eab4844a954a24f7db0,0x01c3300623bbd66ab3bb095a06fda7a25140cbf997302138561accef2f6cbcb5
groth16,500,82,2109494,445503,458856,235758,377.556900,286619,432.817800,321795,393.453000,69614,14.898600,0x03a2b0e04f31b128c667a2db672685000caa14e9f1275eab4844a954a24f7db0,0x14c5a8cd19189c002cc8d4956a9626ea774c99c3f3b8bf8cebfeb82ead64ef9d
groth16,500,83,2109494,445503,458856,235758,374.018000,286631,397.468600,321807,574.497500,69626,28.145700,0x03a2b0e04f31b128c667a2db672685000caa14e9f1275eab4844a954a24f7db0,0x01a8b6da162e981f1d2162a75e26c6b3ccae7e68a711b7d4a13891fcd3b217a1
groth16,500,84,2109494,445503,458856,235722,482.342700,286595,399.252700,321771,413.246600,69626,15.761800,0x03a2b0e04f31b128c667a2db672685000caa14e9f1275eab4844a954a24f7db0,0x24518e23a822f564b270d4b82413c35057f7770a76adb676411ca81f20a2c8a6
groth16,500,85,2109494,445503,458856,235758,388.820900,286619,395.392200,321795,395.547500,69614,15.923300,0x03a2b0e04f31b128c667a2db672685000caa14e9f1275eab4844a954a24f7db0,0x253c78f771e7f1cf3140c9ca42233cace382d84b231af100b03c95159b702321
groth16,500,86,2109494,445503,458856,235746,437.144600,286619,404.393300,321795,395.466200,69626,17.182300,0x03a2b0e04f31b128c667a2db672685000caa14e9f1275eab4844a954a24f7db0,0x0f8114464e6a383ef8cc44f55133208a8a4e7c641c0fd27d95a960f068c6057f
groth16,500,87,2109494,445503,458856,235746,434.935100,286607,392.483100,321783,393.478900,69614,17.693900,0x03a2b0e04f31b128c667a2db672685000caa14e9f1275eab4844a954a24f7db0,0x2c83379644d3e966523a2858b6008ed4ca57590428aaf770735a9872c1621276
groth16,500,88,2109494,445503,458856,235770,378.620200,286643,410.080200,321819,399.268800,69626,15.893100,0x03a2b0e04f31b128c667a2db672685000caa14e9f1275eab4844a954a24f7db0,0x05b0c52d325da0de31be461803e323711c2ed06aa51e2f60500fd3dcfe6ad82c
groth16,500,89,2109494,445503,458856,235758,400.587100,286631,426.378100,321807,463.671600,69626,21.232400,0x03a2b0e04f31b128c667a2db672685000caa14e9f1275eab4844a954a24f7db0,0x0b3d06b8bca3198e93c66ef648d36809e10f5c1462eababbc304dd44cd0333e2
groth16,500,90,2109494,445503,458856,235770,544.671300,286643,419.138600,321819,425.048100,69626,17.099500,0x03a2b0e04f31b128c667a2db672685000caa14e9f1275eab4844a954a24f7db0,0x04e59490efc1a40b51b287fe0c78cfe8223e8661369703f2c09f9c4e32beffc8
groth16,500,91,2109494,445503,458856,235770,396.688900,286643,431.648300,321819,412.538500,69626,15.301100,0x03a2b0e04f31b128c667a2db672685000caa14e9f1275eab4844a954a24f7db0,0x294037d202e6700a0cfeb4966a6fed0a15c8e97b180fc93f0fb115d4d59a3bdd
groth16,500,92,2109494,445503,458856,235746,385.578100,286619,398.407100,321795,387.076000,69626,15.487000,0x03a2b0e04f31b128c667a2db672685000caa14e9f1275eab4844a954a24f7db0,0x105c5383c363aa89209766c4199456291a9c82faef31c42df2030a27ca611f0a
groth16,500,93,2109494,445503,458856,235758,406.245500,286631,393.656100,321807,446.931100,69626,16.126300,0x03a2b0e04f31b128c667a2db672685000caa14e9f1275eab4844a954a24f7db0,0x13a1acc1fdaf9af4c6190d81278c687535ca1529cbbb61545142201b85f3d6e6
groth16,500,94,2109494,445503,458856,235770,394.998400,286643,485.979800,321819,551.021200,69626,18.354700,0x03a2b0e04f31b128c667a2db672685000caa14e9f1275eab4844a954a24f7db0,0x147afb7c92174618c50573db0d1cb46239eda03d7e2681575cbc4828bbe69bf4
groth16,500,95,2109494,445503,458856,235734,426.175100,286595,426.336600,321771,418.896700,69614,18.336200,0x03a2b0e04f31b128c667a2db672685000caa14e9f1275eab4844a954a24f7db0,0x066bf2ab076c9a89440039ddd65f519e3abe68ae65ed8145c5bbf9eab12e38af
groth16,500,96,2109494,445503,458856,235770,402.509300,286643,447.382000,321819,449.075800,69626,18.594700,0x03a2b0e04f31b128c667a2db672685000caa14e9f1275eab4844a954a24f7db0,0x2d6da25435e8894d3cbef153adb7c3c6392696e53a0a50d88c050c50943ba3e1
groth16,500,97,2109494,445503,458856,235758,420.691300,286631,444.454700,321807,466.947800,69626,22.105700,0x03a2b0e04f31b128c667a2db672685000caa14e9f1275eab4844a954a24f7db0,0x2d1325e640f50505ed66fa4f652b460aa9c738f77ad67f3b14ea911034f2539f
groth16,500,98,2109494,445503,458856,235770,426.425100,286643,379.029700,321819,423.012300,69626,18.365000,0x03a2b0e04f31b128c667a2db672685000caa14e9f1275eab4844a954a24f7db0,0x1aac5af4dd86aa8876c0de5936ffe31021c59a224a8b9c5af29d58248116074c
groth16,500,99,2109494,445503,458856,235770,397.820200,286643,371.885500,321819,381.685000,69626,18.437300,0x03a2b0e04f31b128c667a2db672685000caa14e9f1275eab4844a954a24f7db0,0x1dc47cd859a4fb81d3fb97ec323d8397739997bf490281086655888e50dbe088
groth16,500,100,2109494,445503,458856,235770,363.509200,286643,369.196400,321819,487.955100,69626,16.313200,0x03a2b0e04f31b128c667a2db672685000caa14e9f1275eab4844a954a24f7db0,0x05c2c44bf1c7c8359a3e04dc68666fac7a83b102a081c75b83ea84dbbc6a33d8
groth16,500,101,2109494,445503,458856,235758,394.464000,286619,372.572100,321795,361.609500,69626,15.094300,0x03a2b0e04f31b128c667a2db672685000caa14e9f1275eab4844a954a24f7db0,0x2231bbb373ef94bf0b302eec44a8d2061927777b449d694c231fe0fbd0215deb
groth16,500,102,2109494,445503,458856,235770,356.747500,286643,399.756500,321819,381.366300,69626,18.162200,0x03a2b0e04f31b128c667a2db672685000caa14e9f1275eab4844a954a24f7db0,0x1bad0caced580a3601ee2155963847c1343a5d62f077f34b9570ed45393eff07
groth16,500,103,2109494,445503,458856,235746,350.438300,286619,377.602100,321795,381.274100,69626,17.249500,0x03a2b0e04f31b128c667a2db672685000caa14e9f1275eab4844a954a24f7db0,0x2ccc60c390f27862cd4f13a8468b5d58ee3a51335ab6b4e5cbb60ea0d1ef91fe
groth16,500,104,2109494,445503,458856,235758,338.035600,286631,368.771000,321807,382.281400,69626,15.007400,0x03a2b0e04f31b128c667a2db672685000caa14e9f1275eab4844a954a24f7db0,0x11c81d0f1cedfa8ecbe63950305c7aa86015a4bf2bb5559bdd48af9cb46962a9
groth16,500,105,2109494,445503,458856,235758,360.777100,286619,399.248700,321795,397.563300,69614,17.405700,0x03a2b0e04f31b128c667a2db672685000caa14e9f1275eab4844a954a24f7db0,0x036da285a484117618047aa7a373032700bee421a4420862c6270ef9a02314fe
groth16,500,106,2109494,445503,458856,235770,376.344700,286643,370.221100,321819,446.312600,69626,17.754000,0x03a2b0e04f31b128c667a2db672685000caa14e9f1275eab4844a954a24f7db0,0x230261e08138b1c579d15c6666e7d8212a425ae27f6284a3b51420f0105e6931
groth16,500,107,2109494,445503,458856,235746,391.313200,286607,382.638300,321783,371.054900,69626,14.471600,0x03a2b0e04f31b128c667a2db672685000caa14e9f1275eab4844a954a24f7db0,0x30583243815ac0d9379a21970e56f44f130dcea20c3e64059b6cfa7706c67d56
groth16,500,108,2109494,445503,458856,235770,347.279100,286643,363.732600,321819,388.284200,69626,14.799400,0x03a2b0e04f31b128c667a2db672685000caa14e9f1275eab4844a954a24f7db0,0x12df9478683fb8336901cb3d86ee9f9c05a9b2a7399ccbaa215a86a7e099bdfd
groth16,500,109,2109494,445503,458856,235746,339.084100,286619,364.208700,321795,359.461700,69626,15.524400,0x03a2b0e04f31b128c667a2db672685000caa14e9f1275eab4844a954a24f7db0,0x25a27fe5fab6911b01666ce76329e622c26fbf87290930c34d25c80727da9ce7
groth16,500,110,2109494,445503,458856,235746,347.756100,286619,360.046700,321795,353.362200,69626,19.824200,0x03a2b0e04f31b128c667a2db672685000caa14e9f1275eab4844a954a24f7db0,0x0ec0169d52d2a1f530b0a55a2abf7253295c563d3c16cc17fc06dcfba31a6ef4
groth16,500,111,2109494,445503,458856,235746,355.689200,286607,352.826800,321783,357.436300,69614,16.415200,0x03a2b0e04f31b128c667a2db672685000caa14e9f1275eab4844a954a24f7db0,0x17f2d5465fbe80ecd9a291dc71a1bfde5c0bca346757a6b66f4200069222c437
groth16,500,112,2109494,445503,458856,235722,365.538300,286583,362.401600,321759,371.867300,69614,14.831900,0x03a2b0e04f31b128c667a2db672685000caa14e9f1275eab4844a954a24f7db0,0x0b1136d80e67ca0e1fbb52353047cdf30c89002c09b535609fab58b7d8f698d0
groth16,500,113,2109494,445503,458856,235758,368.610700,286631,361.372500,321807,367.997800,69626,15.457800,0x03a2b0e04f31b128c667a2db672685000caa14e9f1275eab4844a954a24f7db0,0x1f37f3db51035a96ec4b4ef8bf3989ba1f9fa3874d73ccf696bc8f0c38f98d92
groth16,500,114,2109494,445503,458856,235770,353.056700,286643,505.997100,321819,380.135900,69626,15.993900,0x03a2b0e04f31b128c667a2db672685000caa14e9f1275eab4844a954a24f7db0,0x01d40f2054d07728a2d725622a374ccc6d7839ff0de0f773d32cd15a73214fd7
groth16,500,115,2109494,445503,458856,235746,357.433400,286607,360.571400,321783,365.431600,69626,18.480300,0x03a2b0e04f31b128c667a2db672685000caa14e9f1275eab4844a954a24f7db0,0x1545bd6c6fa5e0c11476ca7d330bc4a757addd79d230b370921794d2dd974467
groth16,500,116,2109494,445503,458856,235746,389.589600,286619,362.033700,321795,366.200900,69626,15.417900,0x03a2b0e04f31b128c667a2db672685000caa14e9f1275eab4844a954a24f7db0,0x2e9e67f5a6ebdf947940c4915259b0f4b86811e540e740445f76cb4d95719e9e
groth16,500,117,2109494,445503,458856,235758,353.627700,286631,376.563500,321807,380.803500,69626,17.432500,0x03a2b0e04f31b128c667a2db672685000caa14e9f1275eab4844a954a24f7db0,0x07ac84e5c4437fa370b848944e8a4d35b02463a83882a96c651f5731f727ac28
groth16,500,118,2109494,445503,458856,235770,356.315000,286643,359.558800,321819,362.555400,69626,17.413600,0x03a2b0e04f31b128c667a2db672685000caa14e9f1275eab4844a954a24f7db0,0x1ff70c51bcc66c20846f209cfe65199a77b9e9c0cc69d70499ec0fa6cd63efaf
groth16,500,119,2109494,445503,458856,235770,349.998300,286643,365.516600,321819,366.346200,69626,15.328200,0x03a2b0e04f31b128c667a2db672685000caa14e9f1275eab4844a954a24f7db0,0x21f223c25d619ec78c79034b8a26f2b061a8e977fd460aa3b8a8f50c947f4f3c
groth16,500,120,2109494,445503,458856,235746,350.995500,286619,366.756500,321795,373.050400,69626,16.927200,0x03a2b0e04f31b128c667a2db672685000caa14e9f1275eab4844a954a24f7db0,0x28ab39f489ffa732eb3f2bf39716f1d47d10066a92d50887d8f601f6e7e0d052
groth16,500,121,2109494,445503,458856,235770,345.482800,286643,360.454600,321819,350.816200,69626,16.681100,0x03a2b0e04f31b128c667a2db672685000caa14e9f1275eab4844a954a24f7db0,0x1b8753758f22f6f0cbb779a22638fe64220c2ee7b6cc44444e667b4a4671bf49
groth16,500,122,2109494,445503,458856,235758,358.996400,286631,373.360100,321807,366.499900,69626,15.664900,0x03a2b0e04f31b128c667a2db672685000caa14e9f1275eab4844a954a24f7db0,0x22e7028d3608bada76701e861c772e76b07a885f1eaed595a4d67dce06468ffd
groth16,500,123,2109494,445503,458856,235770,343.503100,286643,361.291600,321819,396.256400,69626,16.105200,0x03a2b0e04f31b128c667a2db672685000caa14e9f1275eab4844a954a24f7db0,0x2e1b44f4a403e5b699a35e2d3d307925cd2cb78fd97877600c8c883195c9475b
groth16,500,124,2109494,445503,458856,235770,367.917100,286643,379.221700,321819,375.255900,69626,16.123400,0x03a2b0e04f31b128c667a2db672685000caa14e9f1275eab4844a954a24f7db0,0x06c823a15d12fa45f9d3e4bb66b6a46402467c18b0f21fddac4988ee61314eb1
groth16,500,125,2109494,445503,458856,235758,346.609400,286631,407.783000,321807,403.672600,69626,15.254600,0x03a2b0e04f31b128c667a2db672685000caa14e9f1275eab4844a954a24f7db0,0x0e3a0a09867c476a1c06832c34788f710cbfcdb9c0cdcae087ed186882f3bfd2
groth16,500,126,2109494,445503,458856,235758,362.848000,286619,370.253900,321795,461.281100,69614,17.217900,0x03a2b0e04f31b128c667a2db672685000caa14e9f1275eab4844a954a24f7db0,0x0f221bc57c0a46535f0a68814c785a5c009b2822f39dbb88415128ba6c270835
groth16,500,127,2109494,445503,458856,235758,415.947200,286631,532.522500,321807,403.388800,69626,18.918000,0x03a2b0e04f31b128c667a2db672685000caa14e9f1275eab4844a954a24f7db0,0x2b28a1970f32cbae03f3ea22588cd5c20b47e159c4397d1edf61cb7d7673a3a2
groth16,500,128,2109494,445503,458856,235746,360.975300,286619,365.735500,321795,368.348700,69626,18.899900,0x03a2b0e04f31b128c667a2db672685000caa14e9f1275eab4844a954a24f7db0,0x277ab808c5948aa267bc0f9a78ef48277dd04e0844a807689d61b4be1797564b
groth16,500,129,2109494,445503,458856,235758,341.828700,286619,367.690800,321795,379.491900,69626,17.631900,0x03a2b0e04f31b128c667a2db672685000caa14e9f1275eab4844a954a24f7db0,0x22b4ce90904231396f2654969bb751a50acff8e88b5ef86016b4421ceaa85570
groth16,500,130,2109494,445503,458856,235746,344.908900,286607,384.628900,321783,379.766200,69614,17.305100,0x03a2b0e04f31b128c667a2db672685000caa14e9f1275eab4844a954a24f7db0,0x04d24e064add5dc43d9ac46126d0b35e0042246a7dcd2f3d46b4ad6d6e1a5f0d
groth16,500,131,2109494,445503,458856,235746,362.783400,286619,357.074100,321795,351.903000,69626,16.000000,0x03a2b0e04f31b128c667a2db672685000caa14e9f1275eab4844a954a24f7db0,0x18943e889659a808ae64131e731484fe954922b0415b793447950e0737924546
groth16,500,132,2109494,445503,458856,235758,367.475800,286619,357.615900,321795,371.814700,69626,26.965500,0x03a2b0e04f31b128c667a2db672685000caa14e9f1275eab4844a954a24f7db0,0x2a9f40f33b82956f04a7f742e9abbdb03fd29fbe7514e8c1ce627c7b1c1914b9
groth16,500,133,2109494,445503,458856,235758,373.340400,286631,371.790500,321807,368.368800,69626,17.605600,0x03a2b0e04f31b128c667a2db672685000caa14e9f1275eab4844a954a24f7db0,0x15da55f4faba27ef9ebb44e7fb6611f8e94e673b35977a976c7419eeb865eb60
groth16,500,134,2109494,445503,458856,235734,346.629600,286595,371.747500,321771,364.530700,69614,19.458200,0x03a2b0e04f31b128c667a2db672685000caa14e9f1275eab4844a954a24f7db0,0x26e582c0c5d84a0080574f79baabbf61f549789b27b3bdd7680e14e1959837b2
groth16,500,135,2109494,445503,458856,235746,340.751500,286619,364.596400,321795,359.952000,69626,19.694300,0x03a2b0e04f31b128c667a2db672685000caa14e9f1275eab4844a954a24f7db0,0x1bd5616050c0462a82f1a9d1bcbc3e39dbe61b1a8c04e445efa024ab3bfbb6e5
groth16,500,136,2109494,445503,458856,235758,350.335600,286631,365.408300,321807,356.573700,69626,15.844700,0x03a2b0e04f31b128c667a2db672685000caa14e9f1275eab4844a954a24f7db0,0x1ad0138048b392d6ee5559f8da27d6a6820b59ba650a3c29d1bb75c8762c3a46
groth16,500,137,2109494,445503,458856,235746,338.588100,286607,363.263200,321783,372.648900,69614,16.537000,0x03a2b0e04f31b128c667a2db672685000caa14e9f1275eab4844a954a24f7db0,0x00534681107be68ad74e8c30865405956a5fb0e794fadd06dd3d0bf9c1367ff7
groth16,500,138,2109494,445503,458856,235722,341.816000,286583,358.538700,321759,380.481200,69614,17.040600,0x03a2b0e04f31b128c667a2db672685000caa14e9f1275eab4844a954a24f7db0,0x2cad44dfaa0fb77fc1d256ebd9d7b12bffa272191ad6bc1f31fcca3b980b0007
groth16,500,139,2109494,445503,458856,235746,367.800900,286619,364.634200,321795,371.746600,69626,15.965000,0x03a2b0e04f31b128c667a2db672685000caa14e9f1275eab4844a954a24f7db0,0x1823682b6ae6c4c20378cff649aaf9034f01a0fa42167de3244f3153b8ba9d1d
groth16,500,140,2109494,445503,458856,235746,364.181600,286619,376.190900,321795,396.798600,69626,16.952100,0x03a2b0e04f31b128c667a2db672685000caa14e9f1275eab4844a954a24f7db0,0x2e72c3ed3e70dc9f8b9eb9fa66f25788aab7e8cae5910cf62d6335848413e394
groth16,500,141,2109494,445503,458856,235746,358.086400,286619,374.131300,321795,368.065700,69626,15.547800,0x03a2b0e04f31b128c667a2db672685000caa14e9f1275eab4844a954a24f7db0,0x289d496292539a81397c55e1234254999112adce8937038fd4479b7fdd610b31
groth16,500,142,2109494,445503,458856,235758,343.872100,286631,365.394900,321807,363.465000,69626,16.542600,0x03a2b0e04f31b128c667a2db672685000caa14e9f1275eab4844a954a24f7db0,0x1c4c0f2fcad8152723e932299bfa8e078dec9db4595682262a5be4ae9f92a458
groth16,500,143,2109494,445503,458856,235746,342.705300,286607,374.512100,321783,372.065000,69614,16.229300,0x03a2b0e04f31b128c667a2db672685000caa14e9f1275eab4844a954a24f7db0,0x165d0c248e8563bea368581ee66a91d432596d006a38dd68a509ab100b2ab282
groth16,500,144,2109494,445503,458856,235770,342.651100,286643,358.110400,321819,372.996000,69626,18.673600,0x03a2b0e04f31b128c667a2db672685000caa14e9f1275eab4844a954a24f7db0,0x283599aa9a1e816c532dbb79c73e852eeaa313ec851bc6e7ee7433d8d215a97b
groth16,500,145,2109494,445503,458856,235758,351.795700,286631,364.011100,321807,355.307600,69626,20.816000,0x03a2b0e04f31b128c667a2db672685000caa14e9f1275eab4844a954a24f7db0,0x2df1f89ae61bf16bb4ee172294706383ddd5567e6efaedebf839c51beefec8f1
groth16,500,146,2109494,445503,458856,235746,356.867400,286595,371.318200,321771,377.023400,69614,16.576300,0x03a2b0e04f31b128c667a2db672685000caa14e9f1275eab4844a954a24f7db0,0x06b0bd32314c05257caad0edf410154d227c3f96d8c56bffd18f0a7a2b008bed
groth16,500,147,2109494,445503,458856,235734,338.619600,286607,360.423400,321783,361.513500,69626,16.242800,0x03a2b0e04f31b128c667a2db672685000caa14e9f1275eab4844a954a24f7db0,0x13901ded9ccee517300f47104bb17e69b6c13c188184bad48f4ec2db8ac8b34c
groth16,500,148,2109494,445503,458856,235770,358.489300,286643,349.550800,321819,359.507200,69626,16.766600,0x03a2b0e04f31b128c667a2db672685000caa14e9f1275eab4844a954a24f7db0,0x0ba4249ef4dffb629cc515c0cc737a240eec2044e8f7a3f08abd5f964dcec1d8
groth16,500,149,2109494,445503,458856,235758,340.287600,286631,355.145900,321807,361.609000,69626,20.700000,0x03a2b0e04f31b128c667a2db672685000caa14e9f1275eab4844a954a24f7db0,0x1b15487a7537cc771fc26ee5d01c8ff1ba5b040c151ea5c4ab96ee2d3625a743
groth16,500,150,2109494,445503,458856,235770,385.707200,286643,376.640800,321819,363.467800,69626,16.536300,0x03a2b0e04f31b128c667a2db672685000caa14e9f1275eab4844a954a24f7db0,0x1e4977ffd8eeab61f422dd38c58c39df727abd442dfa422b4a39c1afce056a85
groth16,500,151,2109494,445503,458856,235746,334.916600,286619,364.420300,321795,360.024400,69626,15.331700,0x03a2b0e04f31b128c667a2db672685000caa14e9f1275eab4844a954a24f7db0,0x1234fc30c98d188e49396f15bb8f38ea4bcf9915fe63c778352b7dddd5c99730
groth16,500,152,2109494,445503,458856,235758,349.541700,286631,366.702700,321807,483.504500,69626,19.808800,0x03a2b0e04f31b128c667a2db672685000caa14e9f1275eab4844a954a24f7db0,0x24c14cd3084d0488a41e708b100f8c36931272ab336a1e427c66f5bfc0530e22
groth16,500,153,2109494,445503,458856,235734,474.630200,286583,394.416500,321759,440.387100,69602,16.071200,0x03a2b0e04f31b128c667a2db672685000caa14e9f1275eab4844a954a24f7db0,0x1de22783459b8d7a7abd297af608d9005a33006d7366a44c0d737c6ccc9fd9b2
groth16,500,154,2109494,445503,458856,235770,371.142000,286643,382.599600,321819,398.507900,69626,15.910100,0x03a2b0e04f31b128c667a2db672685000caa14e9f1275eab4844a954a24f7db0,0x20188de16de1bb756ed73a558af8ecab87cef742bd94f73732c1c15df7ab0764
groth16,500,155,2109494,445503,458856,235758,394.379800,286631,376.400900,321807,396.105900,69626,16.302500,0x03a2b0e04f31b128c667a2db672685000caa14e9f1275eab4844a954a24f7db0,0x19d7fa4771d2d512e49f028130ec544742816dcf6925d394c46f808fa15a5d13
groth16,500,156,2109494,445503,458856,235734,339.026600,286607,365.514900,321783,368.016700,69626,16.862600,0x03a2b0e04f31b128c667a2db672685000caa14e9f1275eab4844a954a24f7db0,0x150818303f02d283c9eaf0f52512e42301e9c780be313d9563634d265df23dfe
groth16,500,157,2109494,445503,458856,235770,337.140500,286643,375.998700,321819,366.864800,69626,16.652600,0x03a2b0e04f31b128c667a2db672685000caa14e9f1275eab4844a954a24f7db0,0x01a835ba4dceaf41f0ea1fcf922b4d58127ed638103d177b1d8576ed17b42734
groth16,500,158,2109494,445503,458856,235758,341.577600,286631,360.975100,321807,366.114300,69626,15.307100,0x03a2b0e04f31b128c667a2db672685000caa14e9f1275eab4844a954a24f7db0,0x21190eefb0ff03e30d0ddbf94cde64d65ed01e071443019f862e3670f0284eaf
groth16,500,159,2109494,445503,458856,235746,348.035100,286619,375.100200,321795,370.158000,69626,17.001000,0x03a2b0e04f31b128c667a2db672685000caa14e9f1275eab4844a954a24f7db0,0x2c2151e6c1e7c9d0452521b4c7eca2779dc3497828f63e9dc21d52f821b88064
groth16,500,160,2109494,445503,458856,235758,357.283700,286619,373.119800,321795,374.818500,69626,16.729200,0x03a2b0e04f31b128c667a2db672685000caa14e9f1275eab4844a954a24f7db0,0x2e5acbb53d262befd8bcab138563553597d9396151356217c17ee1982a7e08a2
groth16,500,161,2109494,445503,458856,235770,339.053200,286643,359.091200,321819,359.006800,69626,17.950500,0x03a2b0e04f31b128c667a2db672685000caa14e9f1275eab4844a954a24f7db0,0x072e938c057ea7bba1375f2507500495c44dc4cb40028bf0bafebb7b36a1e4a4
groth16,500,162,2109494,445503,458856,235746,337.728500,286619,356.528600,321795,395.010700,69626,17.850700,0x03a2b0e04f31b128c667a2db672685000caa14e9f1275eab4844a954a24f7db0,0x2b581c3d8249601e41c9ee6d9c7eab23604339464768b1a63fc3632e202d371b
groth16,500,163,2109494,445503,458856,235758,387.949500,286631,363.044100,321807,380.500000,69626,16.204900,0x03a2b0e04f31b128c667a2db672685000caa14e9f1275eab4844a954a24f7db0,0x25a2d4ff8c45bb8928de5df9e0c6484f2560dfcc319c8bffedbd534c723d1582
groth16,500,164,2109494,445503,458856,235734,350.933500,286595,360.720600,321771,360.227000,69614,19.555200,0x03a2b0e04f31b128c667a2db672685000caa14e9f1275eab4844a954a24f7db0,0x2b7bb8ac8f30767002964c767a6b0e3030c063f3526fad0026dcafb0a398a559
groth16,500,165,2109494,445503,458856,235758,352.945600,286631,377.310800,321807,377.087700,69626,16.427800,0x03a2b0e04f31b128c667a2db672685000caa14e9f1275eab4844a954a24f7db0,0x272676871bf259d0339cf52c8d7c10af087e64a3a4f4d96017d01ab7841f6298
groth16,500,166,2109494,445503,458856,235758,371.299200,286631,376.415300,321807,385.506100,69626,15.857000,0x03a2b0e04f31b128c667a2db672685000caa14e9f1275eab4844a954a24f7db0,0x184c151ee72829564b8d8778100918d7efcca0281ec17264293c1491dadc54de
groth16,500,167,2109494,445503,458856,235734,343.273200,286595,373.420700,321771,376.540800,69614,15.703600,0x03a2b0e04f31b128c667a2db672685000caa14e9f1275eab4844a954a24f7db0,0x0016af5b22dd9ef05ec118e68666adeda9a04b982b9395f070e0b41413f9841c
groth16,500,168,2109494,445503,458856,235758,349.992000,286631,383.050200,321807,368.637600,69626,15.416100,0x03a2b0e04f31b128c667a2db672685000caa14e9f1275eab4844a954a24f7db0,0x26e05b115b818812de1ad1250f3e12c44a73935745146af93ed9979ac7bb3e31
groth16,500,169,2109494,445503,458856,235770,353.563400,286643,384.641100,321819,388.154700,69626,17.069400,0x03a2b0e04f31b128c667a2db672685000caa14e9f1275eab4844a954a24f7db0,0x0a5799371187254396470636cbd801c11ed772607beab723ca2be746e968c1fd
groth16,500,170,2109494,445503,458856,235746,358.621300,286619,382.736300,321795,403.506000,69626,17.213500,0x03a2b0e04f31b128c667a2db672685000caa14e9f1275eab4844a954a24f7db0,0x0d4340caee6aa1de7079fac5204d4e4e7117ea1bd2a1c42eed0ac9479deca47e
groth16,500,171,2109494,445503,458856,235770,367.796500,286643,393.110800,321819,616.255000,69626,40.566300,0x03a2b0e04f31b128c667a2db672685000caa14e9f1275eab4844a954a24f7db0,0x1b2ba8425942f87a475be4c82bc0a280c2167f2573068616ae75667e4b233792
groth16,500,172,2109494,445503,458856,235758,924.568000,286631,419.935400,321807,446.637200,69626,16.672200,0x03a2b0e04f31b128c667a2db672685000caa14e9f1275eab4844a954a24f7db0,0x1547f092543095e18f2283733b0db14258395607decc155bf1bd82b8c1aeac9c
groth16,500,173,2109494,445503,458856,235758,395.786500,286631,407.652700,321807,403.568600,69626,37.318400,0x03a2b0e04f31b128c667a2db672685000caa14e9f1275eab4844a954a24f7db0,0x1e62ba3cb83d1d606ae9a373bf9da806b04cf6990dd48d2f5653fc0888c39c4d
groth16,500,174,2109494,445503,458856,235758,388.054900,286619,419.277000,321795,659.916500,69614,23.003100,0x03a2b0e04f31b128c667a2db672685000caa14e9f1275eab4844a954a24f7db0,0x1e3015ff278750e2000fe2a42553a144135e4b545636b30e89943bb8f32cf5c8
groth16,500,175,2109494,445503,458856,235770,506.874400,286643,399.305000,321819,400.387800,69626,20.490200,0x03a2b0e04f31b128c667a2db672685000caa14e9f1275eab4844a954a24f7db0,0x26fd3b8ca6aa75ce66c2b660881a081940b58fa57c5647e478505f70756fc1a8
groth16,500,176,2109494,445503,458856,235770,414.935000,286643,398.626700,321819,400.996600,69626,16.283400,0x03a2b0e04f31b128c667a2db672685000caa14e9f1275eab4844a954a24f7db0,0x0a44407818c2d71f9b09899571a17bee10e8df26564437e5801b1b6f1d957750
groth16,500,177,2109494,445503,458856,235758,386.076700,286631,395.484600,321807,399.707300,69626,20.454900,0x03a2b0e04f31b128c667a2db672685000caa14e9f1275eab4844a954a24f7db0,0x10af66958bce16e7231df5a736c1a80db2425eb02f286faf820d904ca5cc87b0
groth16,500,178,2109494,445503,458856,235770,527.824200,286643,421.446000,321819,394.035000,69626,15.771600,0x03a2b0e04f31b128c667a2db672685000caa14e9f1275eab4844a954a24f7db0,0x15aca55c5915b2d64e6a2a4377a7c179a3fe34ae59d8c285c3dfa0291777625e
groth16,500,179,2109494,445503,458856,235746,402.360100,286607,444.489100,321783,393.318800,69626,17.992400,0x03a2b0e04f31b128c667a2db672685000caa14e9f1275eab4844a954a24f7db0,0x08a2955a38852148717c4377f17b5a2399011b144f83234883ffda949aba3cc1
groth16,500,180,2109494,445503,458856,235758,369.400700,286631,415.672600,321807,406.909100,69626,17.398600,0x03a2b0e04f31b128c667a2db672685000caa14e9f1275eab4844a954a24f7db0,0x2c1d21c267adffe7be7d852f3d6811a54e010512f10edea5744b5635046a6e12
groth16,500,181,2109494,445503,458856,235734,390.573900,286607,426.201700,321783,396.402400,69626,21.189200,0x03a2b0e04f31b128c667a2db672685000caa14e9f1275eab4844a954a24f7db0,0x154d9f585e9b38990e9276e99c15b6165c873882be04e018eff9516131804e29
groth16,500,182,2109494,445503,458856,235758,393.091700,286619,396.057200,321795,412.726500,69614,19.815000,0x03a2b0e04f31b128c667a2db672685000caa14e9f1275eab4844a954a24f7db0,0x0f84bc3f56a7de9cdd58000529233e06b6b09b2c582d86aaa98f74efdaf7b935
groth16,500,183,2109494,445503,458856,235722,394.655300,286595,413.793100,321771,403.761000,69626,21.651800,0x03a2b0e04f31b128c667a2db672685000caa14e9f1275eab4844a954a24f7db0,0x0f5834a5af6c83e7499f3db8a0b8586e1f5199926310661747b5f9b5c94cf61f
groth16,500,184,2109494,445503,458856,235770,391.887300,286643,406.554700,321819,407.291900,69626,18.494200,0x03a2b0e04f31b128c667a2db672685000caa14e9f1275eab4844a954a24f7db0,0x0ce25c79d721030d84e707921a33e442fa48ca0b3af024664945b046ad5b5bb8
groth16,500,185,2109494,445503,458856,235770,379.197100,286643,425.050100,321819,408.405800,69626,16.576200,0x03a2b0e04f31b128c667a2db672685000caa14e9f1275eab4844a954a24f7db0,0x1bfb7541fa5d79b0eab648a6535cb40f6e98fb13a6f656baf793dd3bbf90876b
groth16,500,186,2109494,445503,458856,235770,369.547200,286643,806.274500,321819,601.396000,69626,20.591900,0x03a2b0e04f31b128c667a2db672685000caa14e9f1275eab4844a954a24f7db0,0x2902df67e5d7a5162858c8afeb50fa56f7ce5cf503292542703de78226df7589
groth16,500,187,2109494,445503,458856,235758,498.748500,286631,429.549500,321807,416.778600,69626,16.660500,0x03a2b0e04f31b128c667a2db672685000caa14e9f1275eab4844a954a24f7db0,0x07f056ff13aa31716390e754176c62d7e32d5515a9fdf051f10a1904c29cf310
groth16,500,188,2109494,445503,458856,235746,401.108800,286619,408.028200,321795,414.758600,69626,17.056600,0x03a2b0e04f31b128c667a2db672685000caa14e9f1275eab4844a954a24f7db0,0x2395682b6d658f179f35fa1e0af9fcfe2504535725d43fc5a1bbbe60460a6e8c
groth16,500,189,2109494,445503,458856,235758,375.723500,286631,407.221500,321807,418.268900,69626,38.998000,0x03a2b0e04f31b128c667a2db672685000caa14e9f1275eab4844a954a24f7db0,0x11bfb59c3af2ff22721ed9b9de015c5e1de8b59d07d76e2ade7b3d139c4099c7
groth16,500,190,2109494,445503,458856,235770,442.275900,286643,436.253100,321819,412.759300,69626,16.844900,0x03a2b0e04f31b128c667a2db672685000caa14e9f1275eab4844a954a24f7db0,0x2471b0b2679ffad5e693a1082ddaae97f8edda248ac608adb1579385475111ae
groth16,500,191,2109494,445503,458856,235758,376.833600,286631,392.805900,321807,403.295900,69626,16.193200,0x03a2b0e04f31b128c667a2db672685000caa14e9f1275eab4844a954a24f7db0,0x09831eb16379ff12fa93e4d8ed25d9472e15cd77292129fc9ab17a7306d9c051
groth16,500,192,2109494,445503,458856,235758,381.159700,286619,407.615300,321795,417.070500,69614,17.083700,0x03a2b0e04f31b128c667a2db672685000caa14e9f1275eab4844a954a24f7db0,0x2926c3fff6990f076ec19600ebf6ed5e43fc21e6ae08e49d4c3e3dcc31ac02e0
groth16,500,193,2109494,445503,458856,235758,416.287700,286631,406.015900,321807,396.759600,69626,15.742600,0x03a2b0e04f31b128c667a2db672685000caa14e9f1275eab4844a954a24f7db0,0x218c66790d4f6949990f7fa1ebd10e29c41a70808a1f096f618eac4c96c1e91f
groth16,500,194,2109494,445503,458856,235770,457.206100,286643,412.755400,321819,399.160500,69626,17.287500,0x03a2b0e04f31b128c667a2db672685000caa14e9f1275eab4844a954a24f7db0,0x02199f1becb01cdf356c1fb44efe444b19e57c732a269c4b39adf6ba2b57b231
groth16,500,195,2109494,445503,458856,235758,363.261500,286631,368.409100,321807,383.690200,69626,18.875200,0x03a2b0e04f31b128c667a2db672685000caa14e9f1275eab4844a954a24f7db0,0x193799e0a06c0244eab84b4dc04c43168be304797033ebff44eef2bdd186dab3
groth16,500,196,2109494,445503,458856,235758,371.420700,286631,400.938700,321807,386.554700,69626,16.546100,0x03a2b0e04f31b128c667a2db672685000caa14e9f1275eab4844a954a24f7db0,0x1c5573aee106cc31a8a2529a38bd08b5ec81cb519191cf8a463d976be88d9edf
groth16,500,197,2109494,445503,458856,235746,365.253300,286619,390.865200,321795,387.407100,69626,17.653700,0x03a2b0e04f31b128c667a2db672685000caa14e9f1275eab4844a954a24f7db0,0x229b8d0df084556fe16712a12c3131767494e7c0c96682b346f5b937f9d2b731
groth16,500,198,2109494,445503,458856,235770,355.320400,286643,386.098800,321819,382.044000,69626,17.573300,0x03a2b0e04f31b128c667a2db672685000caa14e9f1275eab4844a954a24f7db0,0x0e1242e797d4783a22d1e790daf6af65d8b906e7911f307378516a499eb7e394
groth16,500,199,2109494,445503,458856,235746,355.775000,286619,353.191700,321795,364.646000,69626,16.940800,0x03a2b0e04f31b128c667a2db672685000caa14e9f1275eab4844a954a24f7db0,0x1125e314936b303df381bc8749bbea6e1ad4cc887fc859d102f65254e36a58c5
groth16,500,200,2109494,445503,458856,235758,351.178600,286631,366.576600,321807,355.307600,69626,15.565200,0x03a2b0e04f31b128c667a2db672685000caa14e9f1275eab4844a954a24f7db0,0x0b09787579c2ee8e1f5fd75215fc07033edae772dcaa10b926371837345f0185
groth16,500,201,2109494,445503,458856,235746,338.271700,286607,360.160700,321783,403.127600,69614,14.786900,0x03a2b0e04f31b128c667a2db672685000caa14e9f1275eab4844a954a24f7db0,0x006c37bccc05e188b8bebb919c0b8ebf8a2d43bf15dc41736489c581fb2168ea
groth16,500,202,2109494,445503,458856,235758,369.398400,286631,424.017500,321807,405.383700,69626,21.310400,0x03a2b0e04f31b128c667a2db672685000caa14e9f1275eab4844a954a24f7db0,0x14c10aa53f0e4486867aecaf0e0faded8b5102f0ddadb20d2795933fc3a63f8d
groth16,500,203,2109494,445503,458856,235770,453.835900,286643,378.577100,321819,382.118300,69626,15.537600,0x03a2b0e04f31b128c667a2db672685000caa14e9f1275eab4844a954a24f7db0,0x0fa55d9198c37e15618f20fa603cde87e6e645f471a4d21baa4b93e3d98846fb
groth16,500,204,2109494,445503,458856,235758,339.675100,286631,418.222300,321807,608.718800,69626,19.217400,0x03a2b0e04f31b128c667a2db672685000caa14e9f1275eab4844a954a24f7db0,0x052dfd93e9b19eb54290cd16b3362a2864cb0750103da843a85fe58bb247992b
groth16,500,205,2109494,445503,458856,235746,543.339800,286619,406.914400,321795,413.440300,69626,16.812500,0x03a2b0e04f31b128c667a2db672685000caa14e9f1275eab4844a954a24f7db0,0x033fb212c3e7f390e56bb64a6bdf96efe381f942d390f17754ae31dd67b1fd72
groth16,500,206,2109494,445503,458856,235770,381.959400,286643,371.687700,321819,378.031100,69626,17.397600,0x03a2b0e04f31b128c667a2db672685000caa14e9f1275eab4844a954a24f7db0,0x0347d01de801ddc1794b0cdce273e8fd4175448bd887b18fb74e9d3cc3a7b29a
groth16,500,207,2109494,445503,458856,235770,366.407200,286643,402.427200,321819,386.205600,69626,17.244600,0x03a2b0e04f31b128c667a2db672685000caa14e9f1275eab4844a954a24f7db0,0x229f50fbe67bf0660401a2ebd8f91042d2587596cf981ad6712da9bac63e3cc9
groth16,500,208,2109494,445503,458856,235758,368.623300,286619,359.959300,321795,387.592400,69614,16.801100,0x03a2b0e04f31b128c667a2db672685000caa14e9f1275eab4844a954a24f7db0,0x0ab60d5dbfc94069003d640c808b2ebc9bdfe12922a57b4c66d5c7eab09a9e1e
groth16,500,209,2109494,445503,458856,235758,401.184800,286631,362.479800,321807,397.184800,69626,16.726000,0x03a2b0e04f31b128c667a2db672685000caa14e9f1275eab4844a954a24f7db0,0x22ff35ca3e9d890279aea5a205e5845580665e799938382a90e40b31d38f3546
groth16,500,210,2109494,445503,458856,235770,371.609800,286643,378.932600,321819,375.804600,69626,19.467000,0x03a2b0e04f31b128c667a2db672685000caa14e9f1275eab4844a954a24f7db0,0x26272c4de16037693f703a03b07afe7991ec0dbf0eadf932b912e93b7439becc
groth16,500,211,2109494,445503,458856,235770,349.470500,286643,358.276600,321819,366.972900,69626,17.487400,0x03a2b0e04f31b128c667a2db672685000caa14e9f1275eab4844a954a24f7db0,0x2848fc7d0ad15ae17cc0a3357753a552ccb7fc8d5751a2e7181ba4ec3c219181
groth16,500,212,2109494,445503,458856,235770,356.185100,286643,360.723800,321819,367.329800,69626,16.331900,0x03a2b0e04f31b128c667a2db672685000caa14e9f1275eab4844a954a24f7db0,0x2eeb5ed9ddc0b906fd01b207b1f29a3a79f85fa7832fe932e2e4f4b332b96b4f
groth16,500,213,2109494,445503,458856,235770,355.340800,286643,374.556200,321819,381.790400,69626,16.926300,0x03a2b0e04f31b128c667a2db672685000caa14e9f1275eab4844a954a24f7db0,0x2bc0a33ae6c06b16d5ca2486b2f80a36774eff791c41721f6a18d6b37d54c7a2
groth16,500,214,2109494,445503,458856,235746,356.144400,286619,361.368000,321795,369.592000,69626,16.606600,0x03a2b0e04f31b128c667a2db672685000caa14e9f1275eab4844a954a24f7db0,0x1d728d9221be7457788223d82328cb3d197041c4df64f4f2f5ff9d2ea3cbcd69
groth16,500,215,2109494,445503,458856,235746,350.772500,286607,374.487700,321783,372.612400,69614,17.072200,0x03a2b0e04f31b128c667a2db672685000caa14e9f1275eab4844a954a24f7db0,0x22830f0f21176c7b7d2f1ea1d4e93b3a052b7df8f9ea5d009c32be4288476a91
groth16,500,216,2109494,445503,458856,235746,343.964000,286607,370.803600,321783,396.662800,69614,16.413100,0x03a2b0e04f31b128c667a2db672685000caa14e9f1275eab4844a954a24f7db0,0x21eb72d7e6371f9cde04913aa1ec5dd6f44baa00613d7b2ec9e89943a98346aa
groth16,500,217,2109494,445503,458856,235746,337.803100,286619,365.682300,321795,376.380300,69626,16.446300,0x03a2b0e04f31b128c667a2db672685000caa14e9f1275eab4844a954a24f7db0,0x0282fe58f3b0e014f5f50dba43233d26930fda34fa99272321f7f25b3a637b4e
groth16,500,218,2109494,445503,458856,235746,358.249400,286619,372.434700,321795,370.261300,69626,16.800600,0x03a2b0e04f31b128c667a2db672685000caa14e9f1275eab4844a954a24f7db0,0x174387461585a132db6f8beeb79287ac7e4718bf948564e6e4e2f4ce43ded66f
groth16,500,219,2109494,445503,458856,235770,354.660900,286643,366.842000,321819,366.167100,69626,17.300900,0x03a2b0e04f31b128c667a2db672685000caa14e9f1275eab4844a954a24f7db0,0x1e8c39253f2c64e5f5a83687772340f4d76c232d04d18d7b9abf3dc35fa49db4
groth16,500,220,2109494,445503,458856,235746,334.639700,286619,388.301300,321795,420.371600,69626,21.170800,0x03a2b0e04f31b128c667a2db672685000caa14e9f1275eab4844a954a24f7db0,0x07bc80c40e89ad7bf68412c60ce926cc45d0dbc1ccf9d8ea49cb9e2959b0409f
groth16,500,221,2109494,445503,458856,235722,356.611600,286595,367.866700,321771,376.716500,69626,20.544800,0x03a2b0e04f31b128c667a2db672685000caa14e9f1275eab4844a954a24f7db0,0x2a6ac094348167396ed83d7859d16021cc3fe2f377ec595983481806b07a6840
groth16,500,222,2109494,445503,458856,235758,356.276800,286631,381.743800,321807,358.011800,69626,29.328200,0x03a2b0e04f31b128c667a2db672685000caa14e9f1275eab4844a954a24f7db0,0x14aa189651591b6324e5a47ac4c3cfd3a4ec9818feefd52e87b431bfd085adf4
groth16,500,223,2109494,445503,458856,235758,346.973300,286631,370.918300,321807,357.334500,69626,28.663600,0x03a2b0e04f31b128c667a2db672685000caa14e9f1275eab4844a954a24f7db0,0x2d36a95272da1a9d48a24a462b122f38efdf05c2ae67a7355ce0a99945087193
groth16,500,224,2109494,445503,458856,235770,375.819000,286643,423.940000,321819,387.882200,69626,19.023300,0x03a2b0e04f31b128c667a2db672685000caa14e9f1275eab4844a954a24f7db0,0x094f99f4d31164ffe3f8fa25edfc5c24f0b99472ed8f05ec4c25d3cffd2fa9d3
groth16,500,225,2109494,445503,458856,235770,362.025700,286643,367.805100,321819,365.604400,69626,17.118800,0x03a2b0e04f31b128c667a2db672685000caa14e9f1275eab4844a954a24f7db0,0x16403823d1691eb8d07ad4220f7534ffa6546adca078ac9a876967cbafc23e1c
groth16,500,226,2109494,445503,458856,235734,337.641900,286607,382.864900,321783,376.439500,69626,22.055000,0x03a2b0e04f31b128c667a2db672685000caa14e9f1275eab4844a954a24f7db0,0x1610f82c6576e2629cb3f34858848031be8f86bfed07ab7dc67e4af8616bfecd
groth16,500,227,2109494,445503,458856,235770,351.309900,286643,383.758400,321819,367.534100,69626,16.913000,0x03a2b0e04f31b128c667a2db672685000caa14e9f1275eab4844a954a24f7db0,0x121dcc8ebf04cf8163b2ef20c6049a754775512baf80c8a0d24d44c89ee0c214
groth16,500,228,2109494,445503,458856,235770,354.207500,286643,375.313200,321819,375.373900,69626,19.698200,0x03a2b0e04f31b128c667a2db672685000caa14e9f1275eab4844a954a24f7db0,0x2c1964a819a002bc45f4fa2c2cf6503269b42a982bed6bc92820ff32d690e290
groth16,500,229,2109494,445503,458856,235770,346.272100,286643,395.076400,321819,372.655300,69626,16.656700,0x03a2b0e04f31b128c667a2db672685000caa14e9f1275eab4844a954a24f7db0,0x0f2d43ccaa9ea53fded8e6f8515c8f90c5d279d14008ecd3ca885a41844a2c84
groth16,500,230,2109494,445503,458856,235746,345.677600,286607,385.481400,321783,414.487500,69626,21.044300,0x03a2b0e04f31b128c667a2db672685000caa14e9f1275eab4844a954a24f7db0,0x2ffaed59e63ab75eeafbb78a66bcd43a5f3d02ed4dafbe91d914a1c0c605bc20
groth16,500,231,2109494,445503,458856,235758,359.393900,286631,367.416600,321807,366.591600,69626,20.158700,0x03a2b0e04f31b128c667a2db672685000caa14e9f1275eab4844a954a24f7db0,0x036065e60ff810beaa244cd274cd3b1672190efe7bbdcf97db34c3ea21a895bc
groth16,500,232,2109494,445503,458856,235770,367.203800,286643,365.658700,321819,369.825700,69626,16.145200,0x03a2b0e04f31b128c667a2db672685000caa14e9f1275eab4844a954a24f7db0,0x22b12b58debee01ae940f569b054363823015723ce17bf0630cecb6f38491f50
groth16,500,233,2109494,445503,458856,235734,353.735600,286607,376.246800,321783,399.646100,69626,15.767400,0x03a2b0e04f31b128c667a2db672685000caa14e9f1275eab4844a954a24f7db0,0x2608e46954cb0c241971e58e9d268edd0864263ce84014a1d7d7ac5d8a8ad2c5
groth16,500,234,2109494,445503,458856,235758,353.683200,286619,397.307700,321795,375.585700,69626,17.186800,0x03a2b0e04f31b128c667a2db672685000caa14e9f1275eab4844a954a24f7db0,0x204bf8362eec9e43bdbf55b1f528a7d29486bbcf0992dffc9fd229f4884561c1
groth16,500,235,2109494,445503,458856,235758,354.350000,286631,365.853600,321807,386.055200,69626,17.383400,0x03a2b0e04f31b128c667a2db672685000caa14e9f1275eab4844a954a24f7db0,0x0ebeb22c7dcdc2cfc72a8378488b77b3b865439adfa87c0a8a622721a2b1cdf6
groth16,500,236,2109494,445503,458856,235746,348.653900,286619,373.419200,321795,370.407000,69626,16.063500,0x03a2b0e04f31b128c667a2db672685000caa14e9f1275eab4844a954a24f7db0,0x1e7d7a75444cd08e6def85b84e6b7dbfed77d9bf071b2086b469f09b21518b9f
groth16,500,237,2109494,445503,458856,235770,401.054600,286643,369.228900,321819,378.213200,69626,15.354700,0x03a2b0e04f31b128c667a2db672685000caa14e9f1275eab4844a954a24f7db0,0x0cc58c0301910326d2b7b1fba2c95a77403b581c96269409e6f007dfc1230972
groth16,500,238,2109494,445503,458856,235722,344.387700,286595,366.697500,321771,381.215500,69626,17.235900,0x03a2b0e04f31b128c667a2db672685000caa14e9f1275eab4844a954a24f7db0,0x0bb2fdbb4dd6cb7126c5d97b8250c5e58bb31dd7049fdc0430aadd29269bc1c1
groth16,500,239,2109494,445503,458856,235758,348.467500,286631,357.844300,321807,390.331700,69626,17.146700,0x03a2b0e04f31b128c667a2db672685000caa14e9f1275eab4844a954a24f7db0,0x2121699066012c747a5bfaa2a1467d90f4ab4f0504727d7aac835d2fd9389456
groth16,500,240,2109494,445503,458856,235746,365.114300,286619,369.118900,321795,379.224700,69626,19.133700,0x03a2b0e04f31b128c667a2db672685000caa14e9f1275eab4844a954a24f7db0,0x25ef64a526b59506ecd9e4c53c14d3c831ade70646cec5c98442c3c8eeea92d4
groth16,500,241,2109494,445503,458856,235758,373.424100,286631,386.790600,321807,376.743100,69626,16.639300,0x03a2b0e04f31b128c667a2db672685000caa14e9f1275eab4844a954a24f7db0,0x122aae834d19c22a7393ff095bc942ac772a927e22524431b99c2478ac52b15f
groth16,500,242,2109494,445503,458856,235746,360.162700,286619,369.493600,321795,369.272600,69626,19.770700,0x03a2b0e04f31b128c667a2db672685000caa14e9f1275eab4844a954a24f7db0,0x021be94cf0351efbee654b1b7a61950a2ec0f287dcaeb3c012b22c25c56866d1
groth16,500,243,2109494,445503,458856,235758,336.169300,286631,376.144000,321807,378.635600,69626,17.487100,0x03a2b0e04f31b128c667a2db672685000caa14e9f1275eab4844a954a24f7db0,0x0f699fe6e72dd6d6b04f9e434960d7036ca8b4bcf065098b1e92c9c2a2a32479
groth16,500,244,2109494,445503,458856,235746,365.874900,286619,358.783900,321795,371.823700,69626,18.344100,0x03a2b0e04f31b128c667a2db672685000caa14e9f1275eab4844a954a24f7db0,0x048dd2fc08fb14feb7be3a5d5641c097c590ab2c02dd6b284b3714ac0569c7dd
groth16,500,245,2109494,445503,458856,235746,356.405600,286619,385.946900,321795,369.038700,69626,17.292300,0x03a2b0e04f31b128c667a2db672685000caa14e9f1275eab4844a954a24f7db0,0x09c0d6f3ee64bb52d66725efb88d9383412ecb4b3fa324f91b120b7cf4849257
groth16,500,246,2109494,445503,458856,235758,352.537400,286631,371.671000,321807,373.794700,69626,17.215400,0x03a2b0e04f31b128c667a2db672685000caa14e9f1275eab4844a954a24f7db0,0x26cdf58aad462cfea9e8a425b1feca8ee53cf2bac040e6be53c3e9ec0dae56b6
groth16,500,247,2109494,445503,458856,235746,360.529200,286619,352.060800,321795,374.544400,69626,16.934400,0x03a2b0e04f31b128c667a2db672685000caa14e9f1275eab4844a954a24f7db0,0x1c4ee3338db57d0691f612508dd8c2d552c5d6db63388d32fe6b1eab1641ac1e
groth16,500,248,2109494,445503,458856,235758,358.923100,286631,361.396500,321807,408.060400,69626,17.679000,0x03a2b0e04f31b128c667a2db672685000caa14e9f1275eab4844a954a24f7db0,0x13f7d24414a94e70e264fec816d1d6eb6e98f39d749e202559e65be01962cc13
groth16,500,249,2109494,445503,458856,235746,360.892800,286607,380.084100,321783,369.870600,69614,17.349000,0x03a2b0e04f31b128c667a2db672685000caa14e9f1275eab4844a954a24f7db0,0x225639245400ddc78526a8b8499fe6ef36b4bcd817634d24ff76ea3beceffc7b
groth16,500,250,2109494,445503,458856,235746,373.483700,286619,387.800500,321795,393.058500,69626,16.420600,0x03a2b0e04f31b128c667a2db672685000caa14e9f1275eab4844a954a24f7db0,0x23475077b7acf84ce789bbfc2462cd381dd29072b4ceaf22135489eda631b2de
groth16,500,251,2109494,445503,458856,235758,368.153700,286631,424.050700,321807,396.774000,69626,17.283900,0x03a2b0e04f31b128c667a2db672685000caa14e9f1275eab4844a954a24f7db0,0x28c691da3ae04056bfac04e2e15c17b25caa5fc79323242329894e59dbaccd65
groth16,500,252,2109494,445503,458856,235734,353.316200,286607,410.007300,321783,391.741000,69626,16.968700,0x03a2b0e04f31b128c667a2db672685000caa14e9f1275eab4844a954a24f7db0,0x0a803ef8f035ac416c13fe7f38672041ef1a19a83f31fd7c7d8360922c05efe2
groth16,500,253,2109494,445503,458856,235770,425.816800,286643,376.996700,321819,368.806300,69626,16.090200,0x03a2b0e04f31b128c667a2db672685000caa14e9f1275eab4844a954a24f7db0,0x02912c8de89a81c2c33cba762ad602e6a3c0f9059d5da125b9e7afe6a5ee9181
groth16,500,254,2109494,445503,458856,235770,374.715500,286643,364.769000,321819,373.833700,69626,16.353200,0x03a2b0e04f31b128c667a2db672685000caa14e9f1275eab4844a954a24f7db0,0x08ded4f11d19940527f55593aa4c1d66e2e5e9530a2227ad0c4ed2f2be0576d9
groth16,500,255,2109494,445503,458856,235746,341.949800,286619,372.500100,321795,390.847300,69626,22.517200,0x03a2b0e04f31b128c667a2db672685000caa14e9f1275eab4844a954a24f7db0,0x1bb5b6243342f5a737a093e61dbe36f7df5fc9b5569eca7fa58e306b0e1e01ae
groth16,500,256,2109494,445503,458856,235722,448.292300,286583,368.711600,321759,372.805100,69626,18.775600,0x03a2b0e04f31b128c667a2db672685000caa14e9f1275eab4844a954a24f7db0,0x26830193922687e5e20fcbacfdf35a68a982cf5f3a15ff0c25ac5d2cf24c543f
groth16,500,257,2109494,445503,458856,235770,370.181600,286643,403.309700,321819,378.186400,69626,19.228500,0x03a2b0e04f31b128c667a2db672685000caa14e9f1275eab4844a954a24f7db0,0x0e547bda7ffda88bb14603378cf49ed505920a05fd115b7983f40ce08d59f48e
groth16,500,258,2109494,445503,458856,235758,340.531900,286631,373.639100,321807,396.210800,69626,16.556800,0x03a2b0e04f31b128c667a2db672685000caa14e9f1275eab4844a954a24f7db0,0x1b2adcbe78ab53bb2ad609b092747ebca535895dbe413649d0d4d9806918a583
groth16,500,259,2109494,445503,458856,235746,355.652100,286607,358.714900,321783,376.614300,69626,16.176000,0x03a2b0e04f31b128c667a2db672685000caa14e9f1275eab4844a954a24f7db0,0x1ccb4b7526ca0c84473d9dd57107c8cec5dccd1a184fc73b6f27e654d0a48f1c
groth16,500,260,2109494,445503,458856,235746,351.689000,286607,366.570400,321783,371.216600,69614,15.658200,0x03a2b0e04f31b128c667a2db672685000caa14e9f1275eab4844a954a24f7db0,0x1fec88b89de4e0e3f6fdc8bb8d73461f0169d209eb58aff77fdf830005e4215d
groth16,500,261,2109494,445503,458856,235722,355.871500,286583,415.506700,321759,407.501500,69614,16.458400,0x03a2b0e04f31b128c667a2db672685000caa14e9f1275eab4844a954a24f7db0,0x2c0304eb34b2f27758b8a59300e2db7d168a104965d9e8b17542b5b6f8e986ec
groth16,500,262,2109494,445503,458856,235758,372.964000,286631,382.095000,321807,383.363500,69626,16.784900,0x03a2b0e04f31b128c667a2db672685000caa14e9f1275eab4844a954a24f7db0,0x1525f3e1f20dbc810109ba53b937c05ce051cf108147e9665561e92ecd8a1264
groth16,500,263,2109494,445503,458856,235770,362.517700,286643,380.212100,321819,401.081200,69626,15.933600,0x03a2b0e04f31b128c667a2db672685000caa14e9f1275eab4844a954a24f7db0,0x25151b2baf465ca9fc58d41d5296d4c8f3325e6b867c5de7afcd570180fea1e0
groth16,500,264,2109494,445503,458856,235746,353.719200,286607,387.238100,321783,385.894200,69614,18.197000,0x03a2b0e04f31b128c667a2db672685000caa14e9f1275eab4844a954a24f7db0,0x07a4a5d6383e6db800e4a96fc84ee3c8208d7f03dfbf2132d303cfe683669344
groth16,500,265,2109494,445503,458856,235770,347.500900,286643,372.223000,321819,362.893900,69626,17.022300,0x03a2b0e04f31b128c667a2db672685000caa14e9f1275eab4844a954a24f7db0,0x0d36620651f702f0dcb1647a01aaec1304a116213cf7ac013c39a9cd738160fa
groth16,500,266,2109494,445503,458856,235758,336.499400,286631,382.470300,321807,370.722700,69626,19.891700,0x03a2b0e04f31b128c667a2db672685000caa14e9f1275eab4844a954a24f7db0,0x1c0824d2f75dca3bc1b3a8eca16aee2a3ebc1b06d128db79ca771316815ee0be
groth16,500,267,2109494,445503,458856,235746,367.923600,286619,380.306400,321795,364.686400,69626,21.262500,0x03a2b0e04f31b128c667a2db672685000caa14e9f1275eab4844a954a24f7db0,0x2019d08e171d11a0ba8efb3671b9cf112f7b23813154c42261d59ee0d55ca3fd
groth16,500,268,2109494,445503,458856,235746,369.815500,286619,376.512700,321795,369.823600,69626,16.624700,0x03a2b0e04f31b128c667a2db672685000caa14e9f1275eab4844a954a24f7db0,0x1448c5b3a64dcca10f9411f5613a08e8bf328241adc7105ff47fd482777d507c
groth16,500,269,2109494,445503,458856,235770,343.519300,286643,357.784300,321819,359.362000,69626,15.590400,0x03a2b0e04f31b128c667a2db672685000caa14e9f1275eab4844a954a24f7db0,0x2c265a08bef641eaa33291cf7c48c965d1259475a5e6fe200c405557ab422afb
groth16,500,270,2109494,445503,458856,235746,349.492700,286619,364.423400,321795,396.598000,69626,17.181800,0x03a2b0e04f31b128c667a2db672685000caa14e9f1275eab4844a954a24f7db0,0x190d125c4705d7abc07b10aca4255db8b058ee2e2b98384a09bf89c7da189cbb
groth16,500,271,2109494,445503,458856,235758,388.211000,286631,390.017700,321807,382.802900,69626,15.701100,0x03a2b0e04f31b128c667a2db672685000caa14e9f1275eab4844a954a24f7db0,0x118fc4c4546d903768b4370be5a0f8b9575d202ae791aefdbace41091fbb3063
groth16,500,272,2109494,445503,458856,235734,352.665200,286595,379.271400,321771,379.836300,69626,20.104000,0x03a2b0e04f31b128c667a2db672685000caa14e9f1275eab4844a954a24f7db0,0x1e49e2f11473d1509c323efe4c1b9070e333e79c97a37731bcdd0f41fcdbf51a
groth16,500,273,2109494,445503,458856,235746,359.053600,286607,358.185600,321783,355.072200,69614,15.640200,0x03a2b0e04f31b128c667a2db672685000caa14e9f1275eab4844a954a24f7db0,0x00cc5546d193cc49ae332315261da016c42a152702c301f75c0139a4c0e0b71d
groth16,500,274,2109494,445503,458856,235758,348.132200,286631,380.259000,321807,391.916700,69626,17.459400,0x03a2b0e04f31b128c667a2db672685000caa14e9f1275eab4844a954a24f7db0,0x1340e2a01586de76660cf7afc5a30192b0493ec9313098988d40c8d50649a8ea
groth16,500,275,2109494,445503,458856,235770,369.487500,286643,384.071600,321819,385.090800,69626,17.920100,0x03a2b0e04f31b128c667a2db672685000caa14e9f1275eab4844a954a24f7db0,0x0dd486ac7220cd2e2164fc4f5357b86577d0c2cc362f3fd81f3f10c702a00352
groth16,500,276,2109494,445503,458856,235746,364.311400,286619,369.868300,321795,366.304000,69626,17.089300,0x03a2b0e04f31b128c667a2db672685000caa14e9f1275eab4844a954a24f7db0,0x13e241b0a06fcc7b1c1a61e276b0ada2d6259e191d9a89d4ef70499d46d44a15
groth16,500,277,2109494,445503,458856,235758,364.711500,286631,382.261600,321807,374.344700,69626,16.285100,0x03a2b0e04f31b128c667a2db672685000caa14e9f1275eab4844a954a24f7db0,0x15f9edce92aa62f46feadf7f6369bdfc9e2780e74018c1870b29025ba601f380
groth16,500,278,2109494,445503,458856,235770,363.164900,286643,381.725100,321819,428.078800,69626,15.715800,0x03a2b0e04f31b128c667a2db672685000caa14e9f1275eab4844a954a24f7db0,0x1575cfc53ea9f4af7092e13c6ed6500f36c45bb04aa80386e0a0d7e1743722c8
groth16,500,279,2109494,445503,458856,235758,368.957800,286631,389.139300,321807,397.457600,69626,16.998000,0x03a2b0e04f31b128c667a2db672685000caa14e9f1275eab4844a954a24f7db0,0x2c8455611d04d766565b870cac5b683cda279d03a50b6a65e063b282b1534376
groth16,500,280,2109494,445503,458856,235758,376.283600,286631,393.173200,321807,393.657000,69626,19.055900,0x03a2b0e04f31b128c667a2db672685000caa14e9f1275eab4844a954a24f7db0,0x0ae6e42aa9f68cca9314c8dc47f16dce0a63c16b6d681d9cad94e445d25834c3
groth16,500,281,2109494,445503,458856,235698,389.133500,286547,396.100100,321723,412.282100,69626,19.146200,0x03a2b0e04f31b128c667a2db672685000caa14e9f1275eab4844a954a24f7db0,0x08900bd171f1711ec17fae51e439cf217f5d5e2a2192241a8921ed4701ccfa81
groth16,500,282,2109494,445503,458856,235710,348.774900,286571,391.315100,321747,390.188100,69614,16.478300,0x03a2b0e04f31b128c667a2db672685000caa14e9f1275eab4844a954a24f7db0,0x206ee70504dba9e9a4bf4b169fd03fb8db0061581449e15f2b5c3b8f3e573109
groth16,500,283,2109494,445503,458856,235770,378.285900,286643,396.317800,321819,390.651200,69626,16.375900,0x03a2b0e04f31b128c667a2db672685000caa14e9f1275eab4844a954a24f7db0,0x2db0bdb3894148d16a8acecfd04d361d917e1d5102c6dbaed440bc88b19f9404
groth16,500,284,2109494,445503,458856,235770,373.669500,286643,402.461300,321819,404.090700,69626,17.410900,0x03a2b0e04f31b128c667a2db672685000caa14e9f1275eab4844a954a24f7db0,0x2eb8e63e98f65a1d10e769f6105e14cf51de497a8ebbbed683dc884ece57f160
groth16,500,285,2109494,445503,458856,235770,397.368000,286643,498.961700,321819,528.148600,69626,18.097600,0x03a2b0e04f31b128c667a2db672685000caa14e9f1275eab4844a954a24f7db0,0x18456f9f24a4333876a9af82ef71021bd4790f347b9071c75f8d780325ba3fde
groth16,500,286,2109494,445503,458856,235758,552.301100,286631,491.944000,321807,416.869900,69626,16.740000,0x03a2b0e04f31b128c667a2db672685000caa14e9f1275eab4844a954a24f7db0,0x23fbbc27657a1de7da7945f362ddbeb8b0d8fa29954702599cf17cac358025c0
groth16,500,287,2109494,445503,458856,235758,364.358700,286631,369.852300,321807,370.210700,69626,20.350000,0x03a2b0e04f31b128c667a2db672685000caa14e9f1275eab4844a954a24f7db0,0x03a14eb6b363353a458a85f7df5e42028335755e7abe14e08f361029ec2dedec
groth16,500,288,2109494,445503,458856,235746,383.839200,286619,394.815300,321795,375.654700,69626,17.661700,0x03a2b0e04f31b128c667a2db672685000caa14e9f1275eab4844a954a24f7db0,0x0d0ac366f4f1bbf9110730bf135ad590a7282f71b6b170fb99e0907f8fb3ad28
groth16,500,289,2109494,445503,458856,235758,353.233800,286631,410.310400,321807,445.325000,69626,17.956200,0x03a2b0e04f31b128c667a2db672685000caa14e9f1275eab4844a954a24f7db0,0x0369aafef9088230cfae8726893f7e2d6cfc6a3b96c18f8260c4a8da2d88ca91
groth16,500,290,2109494,445503,458856,235734,370.716200,286595,391.521600,321771,377.003300,69626,17.254900,0x03a2b0e04f31b128c667a2db672685000caa14e9f1275eab4844a954a24f7db0,0x02b36de408691060b850099ec424597b642ab1a2db98483eed84db0a30a93e26
groth16,500,291,2109494,445503,458856,235758,339.510300,286631,369.454100,321807,369.757100,69626,17.646800,0x03a2b0e04f31b128c667a2db672685000caa14e9f1275eab4844a954a24f7db0,0x042e22f41e0b718ecd5f8ad1f6b222fd15a8d1435aed936c2dd0de36fe2ea495
groth16,500,292,2109494,445503,458856,235734,356.492300,286595,368.995900,321771,357.363200,69614,16.531100,0x03a2b0e04f31b128c667a2db672685000caa14e9f1275eab4844a954a24f7db0,0x0e991f62e5dcab4a5e90bf9f551bac1da452811ec293f1bf193300c8ad6eaffe
groth16,500,293,2109494,445503,458856,235758,336.555500,286631,360.968000,321807,403.487900,69626,25.835600,0x03a2b0e04f31b128c667a2db672685000caa14e9f1275eab4844a954a24f7db0,0x2846a2ab0367e6e62f6d4fbbf322ed2f7aed0611ad82372f875619ffd31f863f
groth16,500,294,2109494,445503,458856,235746,357.027300,286607,378.278200,321783,359.708900,69614,16.053900,0x03a2b0e04f31b128c667a2db672685000caa14e9f1275eab4844a954a24f7db0,0x0d8f903e606cc54387ec009bc20f72a8a17cedc518acd7a3e3371be16288785d
groth16,500,295,2109494,445503,458856,235734,380.438900,286607,377.842700,321783,379.434000,69626,16.237200,0x03a2b0e04f31b128c667a2db672685000caa14e9f1275eab4844a954a24f7db0,0x235848d3b06e9752a06adbff8281542a04306144cde3f15c68dcc602dfe4c89e
groth16,500,296,2109494,445503,458856,235770,361.055100,286643,375.388800,321819,387.103000,69626,19.816400,0x03a2b0e04f31b128c667a2db672685000caa14e9f1275eab4844a954a24f7db0,0x186f70ea72e8c4f3449dc22e91832d0c10f37b1280b790054d4a622a7197b270
groth16,500,297,2109494,445503,458856,235770,363.167800,286643,385.172200,321819,388.901000,69626,20.552100,0x03a2b0e04f31b128c667a2db672685000caa14e9f1275eab4844a954a24f7db0,0x1979cd528399ceef629bd4b4a3f1b8b28290776e8708a28b1c79b7240349c66e
groth16,500,298,2109494,445503,458856,235758,368.680100,286631,363.343000,321807,378.473700,69626,20.207600,0x03a2b0e04f31b128c667a2db672685000caa14e9f1275eab4844a954a24f7db0,0x2d36361bc8c7cbfdb041672f3a2f9a460a284da0cabd6964d23025ef74285f0d
groth16,500,299,2109494,445503,458856,235746,348.318100,286619,373.862300,321795,388.444900,69626,20.710300,0x03a2b0e04f31b128c667a2db672685000caa14e9f1275eab4844a954a24f7db0,0x14fe438c4da4a1ff372749882eccb5a55f83d449441462e4548ccf09c9eb0a1a
groth16,500,300,2109494,445503,458856,235758,380.725700,286631,379.877100,321807,384.871500,69626,18.628700,0x03a2b0e04f31b128c667a2db672685000caa14e9f1275eab4844a954a24f7db0,0x232401ed04a35a1a32a696bd94bd02e9563242f42cdc831587871f132a7a1c11
groth16,500,301,2109494,445503,458856,235770,351.600300,286643,370.229200,321819,367.977900,69626,20.022300,0x03a2b0e04f31b128c667a2db672685000caa14e9f1275eab4844a954a24f7db0,0x2b15342fc5bc74c624c826d7d0a6e866925324933a97c8b385d16e2a7c1d9368
groth16,500,302,2109494,445503,458856,235770,362.223800,286643,376.868300,321819,374.764000,69626,17.839600,0x03a2b0e04f31b128c667a2db672685000caa14e9f1275eab4844a954a24f7db0,0x2b836624e6af906dc4eec750560a9069e57b5bfa8f97556d9099dfda56c760fe
groth16,500,303,2109494,445503,458856,235746,352.663000,286619,401.607600,321795,383.464200,69626,22.130400,0x03a2b0e04f31b128c667a2db672685000caa14e9f1275eab4844a954a24f7db0,0x1bd29d1d6a27ce205a28bea2e0ab9706f7974a98d6426580d5c5456d134eb418
groth16,500,304,2109494,445503,458856,235770,381.670600,286643,361.892500,321819,363.943700,69626,17.919700,0x03a2b0e04f31b128c667a2db672685000caa14e9f1275eab4844a954a24f7db0,0x24886b24f7a8b8caa416bab775a9d2170a71fd9c2286a39343477431196456f1
groth16,500,305,2109494,445503,458856,235770,370.559500,286643,369.728200,321819,375.589200,69626,19.220900,0x03a2b0e04f31b128c667a2db672685000caa14e9f1275eab4844a954a24f7db0,0x2f898fc04c07b629e4bef84516d84466d54d3ef1ff91b1cc81ba024dd2ca74bc
groth16,500,306,2109494,445503,458856,235734,353.893000,286583,378.404100,321759,377.357800,69614,19.279100,0x03a2b0e04f31b128c667a2db672685000caa14e9f1275eab4844a954a24f7db0,0x2a6be31a7ffe67f06143007f87e4be99659c86c230bb26d939e24f40e697ba47
groth16,500,307,2109494,445503,458856,235758,352.334800,286631,381.776500,321807,373.349600,69626,20.273000,0x03a2b0e04f31b128c667a2db672685000caa14e9f1275eab4844a954a24f7db0,0x1b9bd94ab3974e1219c807ab95a3dff46e7cfa5ddca664f3643fb7b32728c87f
groth16,500,308,2109494,445503,458856,235770,347.434200,286643,390.845000,321819,379.668600,69626,18.444900,0x03a2b0e04f31b128c667a2db672685000caa14e9f1275eab4844a954a24f7db0,0x2d878ff441918c295a245e95d151f6904edd75674aee754367a0b50d9574158f
groth16,500,309,2109494,445503,458856,235758,365.612900,286631,372.405800,321807,359.555500,69626,17.724000,0x03a2b0e04f31b128c667a2db672685000caa14e9f1275eab4844a954a24f7db0,0x139f7ec4e12197de8d7803a289f14304bf5bdb5980c15a7b0fbbbe682076d4cc
groth16,500,310,2109494,445503,458856,235746,337.049700,286607,363.713200,321783,441.294800,69614,17.097200,0x03a2b0e04f31b128c667a2db672685000caa14e9f1275eab4844a954a24f7db0,0x1784d58157ad6b24aaf286a601111f3364d3208a1d56b300232ddbf12aabc592
groth16,500,311,2109494,445503,458856,235770,358.511300,286643,368.267100,321819,367.033800,69626,22.722200,0x03a2b0e04f31b128c667a2db672685000caa14e9f1275eab4844a954a24f7db0,0x01df4435d056a13046bbc91154a1ce62ad0735ae6c16a5556fbb3df4010278dd
groth16,500,312,2109494,445503,458856,235770,355.378800,286643,371.584100,321819,374.985000,69626,18.277300,0x03a2b0e04f31b128c667a2db672685000caa14e9f1275eab4844a954a24f7db0,0x2c914f056d942d28a026ec0971313538565334d75485b6e5c1d3e2c90b403b3c
groth16,500,313,2109494,445503,458856,235770,339.654100,286643,379.029400,321819,381.527000,69626,17.469200,0x03a2b0e04f31b128c667a2db672685000caa14e9f1275eab4844a954a24f7db0,0x0c261c1342c49b35f78dd40743f048db4e357b0e3e450ef2eec53de18ad6209f
groth16,500,314,2109494,445503,458856,235770,350.668700,286643,378.639300,321819,387.620200,69626,17.468500,0x03a2b0e04f31b128c667a2db672685000caa14e9f1275eab4844a954a24f7db0,0x20b1901addf24eb19f1b2bb19412cfae92fbc13b15d7e912f4457e5a0a649378
groth16,500,315,2109494,445503,458856,235770,356.338900,286643,362.955300,321819,355.545100,69626,17.174700,0x03a2b0e04f31b128c667a2db672685000caa14e9f1275eab4844a954a24f7db0,0x170fcb17cd81edd9f8ed4709b615d290f925ad7c112225a91004d6913b175523
groth16,500,316,2109494,445503,458856,235758,337.899000,286631,365.340200,321807,374.983700,69626,17.577400,0x03a2b0e04f31b128c667a2db672685000caa14e9f1275eab4844a954a24f7db0,0x0a80fe4c0649d5f2c61ace2df9cf6bea813d440aaf997070ff9a206aaa899db1
groth16,500,317,2109494,445503,458856,235770,343.330400,286643,376.511400,321819,363.578000,69626,17.390000,0x03a2b0e04f31b128c667a2db672685000caa14e9f1275eab4844a954a24f7db0,0x12b43c0eee826de06bef521dcc9dd4844eb999cb0fcac35476d820c2addd6c14
groth16,500,318,2109494,445503,458856,235758,388.710400,286631,363.084400,321807,369.382100,69626,17.023300,0x03a2b0e04f31b128c667a2db672685000caa14e9f1275eab4844a954a24f7db0,0x229dff04923513209e2e5879b4f134c274f549328d75821a09adfbde76785f61
groth16,500,319,2109494,445503,458856,235758,343.120000,286619,372.511800,321795,366.549600,69614,19.574900,0x03a2b0e04f31b128c667a2db672685000caa14e9f1275eab4844a954a24f7db0,0x004246596fbcc9b4f6e4ef40985c267a63985cf0a58d1d139f9957ea0d99bafb
groth16,500,320,2109494,445503,458856,235746,352.522800,286619,359.585200,321795,369.163300,69626,19.373900,0x03a2b0e04f31b128c667a2db672685000caa14e9f1275eab4844a954a24f7db0,0x1ab71f68cd4e93eb8f6d14393ce9694ad737fcb1dbbe01f66072ae85c2d6309e
groth16,500,321,2109494,445503,458856,235758,355.515200,286631,360.872400,321807,362.729700,69626,17.110500,0x03a2b0e04f31b128c667a2db672685000caa14e9f1275eab4844a954a24f7db0,0x2779c316ce29245e1fd3a84391d36dbc071968a8416f3a161621d9ddf0727c34
groth16,500,322,2109494,445503,458856,235722,351.436400,286583,371.328400,321759,398.893900,69626,18.682000,0x03a2b0e04f31b128c667a2db672685000caa14e9f1275eab4844a954a24f7db0,0x0cc25de2168f50d0c9d962538d48ed6fbf2ff87e2afdc4ffb0f134f88e681933
groth16,500,323,2109494,445503,458856,235746,373.676300,286607,375.300900,321783,419.968200,69626,16.819900,0x03a2b0e04f31b128c667a2db672685000caa14e9f1275eab4844a954a24f7db0,0x0fdc65cff4ff4af1ed86cf86cdad3b69e8fbb9261217462ec978dc9b28a177de
groth16,500,324,2109494,445503,458856,235758,370.715100,286631,366.870900,321807,390.593600,69626,17.866500,0x03a2b0e04f31b128c667a2db672685000caa14e9f1275eab4844a954a24f7db0,0x0103f032dfd45dabbcae9560a799255b95130c8cc4fe4e5d712cba1721fc1cc6
groth16,500,325,2109494,445503,458856,235770,360.583700,286643,430.566900,321819,400.629000,69626,18.242200,0x03a2b0e04f31b128c667a2db672685000caa14e9f1275eab4844a954a24f7db0,0x13808c6dfc27cc75a37ca226216aa31b39c0b73fa0c29052d96c5494a2885aa6
groth16,500,326,2109494,445503,458856,235746,347.184000,286619,404.221300,321795,392.792900,69626,40.058400,0x03a2b0e04f31b128c667a2db672685000caa14e9f1275eab4844a954a24f7db0,0x1c73370f7f7b92e02a6c895c246fc4b3e4eee2f1b8992f0628145e783161cf7c
groth16,500,327,2109494,445503,458856,235770,369.560400,286643,393.874700,321819,370.975200,69626,20.431700,0x03a2b0e04f31b128c667a2db672685000caa14e9f1275eab4844a954a24f7db0,0x175eabac460816df7a70877d34787a6bb5c2230792199492cc2f2cc225db140b
groth16,500,328,2109494,445503,458856,235746,343.208900,286619,376.026700,321795,360.856900,69626,18.032000,0x03a2b0e04f31b128c667a2db672685000caa14e9f1275eab4844a954a24f7db0,0x259a3241f89037ce80a53b8477af46ee8c55312eee16441d67848c1874fd88be
groth16,500,329,2109494,445503,458856,235758,343.059200,286631,368.411100,321807,363.494700,69626,17.639400,0x03a2b0e04f31b128c667a2db672685000caa14e9f1275eab4844a954a24f7db0,0x1f6ced200278a4d1ebf8f98cd16d268175aa37c1b4b535371d33b370f50b82cb
groth16,500,330,2109494,445503,458856,235734,348.537700,286607,423.411900,321783,401.906300,69626,18.859700,0x03a2b0e04f31b128c667a2db672685000caa14e9f1275eab4844a954a24f7db0,0x26fdea163aab64f3696bbd310b31691d4d2b1b4b48f03cf6bb16926e85d83eab
groth16,500,331,2109494,445503,458856,235758,379.836000,286631,371.259500,321807,378.590800,69626,19.737400,0x03a2b0e04f31b128c667a2db672685000caa14e9f1275eab4844a954a24f7db0,0x29251fcc5a247979f2ad3960aba783940c49e9c0867a9189313ee161a445eab5
groth16,500,332,2109494,445503,458856,235770,355.324500,286643,363.262400,321819,407.898800,69626,22.914900,0x03a2b0e04f31b128c667a2db672685000caa14e9f1275eab4844a954a24f7db0,0x249cb82f818ecf3a0ed9be26c0d1663f7652c9b218be54d17a5ee330aef39313
groth16,500,333,2109494,445503,458856,235758,402.609100,286631,381.149800,321807,374.397700,69626,17.844900,0x03a2b0e04f31b128c667a2db672685000caa14e9f1275eab4844a954a24f7db0,0x076cb0ae057642ea589ae904f7ffe860d1b36eb57c21b90c115c8c42e38e69a8
groth16,500,334,2109494,445503,458856,235770,339.368900,286643,401.411300,321819,445.995000,69626,21.295200,0x03a2b0e04f31b128c667a2db672685000caa14e9f1275eab4844a954a24f7db0,0x0a530c55bf8abad93e606c37df6aa32ed2d2d6261c0820c16933d07ac834a7f2
groth16,500,335,2109494,445503,458856,235758,370.597200,286631,400.741800,321807,381.798000,69626,17.465300,0x03a2b0e04f31b128c667a2db672685000caa14e9f1275eab4844a954a24f7db0,0x1eee9b1d32e9c07a55d93f70a482fd8a1d3618df958b84c975a91f8ec6ecb8c7
groth16,500,336,2109494,445503,458856,235758,356.713000,286631,368.660600,321807,377.064800,69626,18.403000,0x03a2b0e04f31b128c667a2db672685000caa14e9f1275eab4844a954a24f7db0,0x1fd536e03f794893106baa3e9c060e8df63d14a8c7cf18696666efe7929a7f8e
groth16,500,337,2109494,445503,458856,235746,355.513700,286619,357.720600,321795,372.686600,69626,16.049700,0x03a2b0e04f31b128c667a2db672685000caa14e9f1275eab4844a954a24f7db0,0x22038925f2aacf2141443fa4fca63f701994052d93e54df38aff09e11bfe5ca8
groth16,500,338,2109494,445503,458856,235746,373.686200,286607,366.785100,321783,364.293700,69614,16.604400,0x03a2b0e04f31b128c667a2db672685000caa14e9f1275eab4844a954a24f7db0,0x1b21ed5fdb6b3fd219ad315f9a0fb000164d6381725c142824c4525ba65968bf
groth16,500,339,2109494,445503,458856,235758,342.650800,286619,381.269900,321795,390.631400,69614,18.820200,0x03a2b0e04f31b128c667a2db672685000caa14e9f1275eab4844a954a24f7db0,0x1ce5003727890a7016b6d31f74d1052ecf6b9ebaf7f110914435411075868560
groth16,500,340,2109494,445503,458856,235734,367.352100,286583,408.824400,321759,413.356400,69602,23.911500,0x03a2b0e04f31b128c667a2db672685000caa14e9f1275eab4844a954a24f7db0,0x00a0b4df830044cf5031eca7653a472b322023b6f25d470257ae4e1095ee9cf2
groth16,500,341,2109494,445503,458856,235734,377.594300,286607,399.064100,321783,395.716700,69626,16.645000,0x03a2b0e04f31b128c667a2db672685000caa14e9f1275eab4844a954a24f7db0,0x07249de6672a834f0cf304fd69024e7275baee14ea0b3c2a254459c9e99d1a5a
groth16,500,342,2109494,445503,458856,235722,365.082400,286583,368.754400,321759,375.927700,69626,20.533700,0x03a2b0e04f31b128c667a2db672685000caa14e9f1275eab4844a954a24f7db0,0x27dbf9d6dd36fd49ddcf1b93a5b67a0b90d07494380f62d29c6287f9cad4cf3f
groth16,500,343,2109494,445503,458856,235758,379.834400,286631,390.191700,321807,414.127000,69626,22.314000,0x03a2b0e04f31b128c667a2db672685000caa14e9f1275eab4844a954a24f7db0,0x0faa40ad0fa2d7f7c56033dd546f27d437d13c2c61f25bdefc6864605ee89ec5
groth16,500,344,2109494,445503,458856,235770,343.301600,286643,372.248700,321819,364.978000,69626,16.238300,0x03a2b0e04f31b128c667a2db672685000caa14e9f1275eab4844a954a24f7db0,0x0a0840f2786409ba52b872d26aacba0fe85e900b784a372e1f0b96f3e69355bc
groth16,500,345,2109494,445503,458856,235758,349.557000,286631,372.364800,321807,375.164300,69626,18.515500,0x03a2b0e04f31b128c667a2db672685000caa14e9f1275eab4844a954a24f7db0,0x23c05f497e992698077941eac97996e4291f33a16b94e2b8075e2006434a8051
groth16,500,346,2109494,445503,458856,235758,347.483600,286631,494.424000,321807,801.010400,69626,23.887500,0x03a2b0e04f31b128c667a2db672685000caa14e9f1275eab4844a954a24f7db0,0x133651f55f97c860872d7f7c2e4a0c82566b9c5552fcb3e82408b99d23493956
groth16,500,347,2109494,445503,458856,235758,460.455000,286631,442.915000,321807,403.517600,69626,17.902300,0x03a2b0e04f31b128c667a2db672685000caa14e9f1275eab4844a954a24f7db0,0x1224459ceb2d7ac198d609687b85f90f5eab0eece04ad93d4966483b6eb7dc89
groth16,500,348,2109494,445503,458856,235758,405.805400,286631,382.122600,321807,395.788200,69626,17.558100,0x03a2b0e04f31b128c667a2db672685000caa14e9f1275eab4844a954a24f7db0,0x14e1a0efef5a852af283ec743f54197c83ed814a4452d6fb10d52e51ca558844
groth16,500,349,2109494,445503,458856,235746,364.079400,286607,389.496100,321783,394.025200,69614,21.787300,0x03a2b0e04f31b128c667a2db672685000caa14e9f1275eab4844a954a24f7db0,0x2d0ae315afdd1fd05a6c5e7413876f00d235d1990b4aecc3e7d8b3ad5046371e
groth16,500,350,2109494,445503,458856,235758,370.525800,286631,369.335100,321807,378.067500,69626,16.183700,0x03a2b0e04f31b128c667a2db672685000caa14e9f1275eab4844a954a24f7db0,0x06942312b7fe96251a5679074e2e1a436c613f0566cd10af8b3e55d15999083a
groth16,500,351,2109494,445503,458856,235770,358.701100,286643,626.625100,321819,443.215600,69626,25.516500,0x03a2b0e04f31b128c667a2db672685000caa14e9f1275eab4844a954a24f7db0,0x124db4844be2e3aadb5b243787e020fa077c129cc2b3b444bea3751ba1bee220
groth16,500,352,2109494,445503,458856,235770,499.994600,286643,411.392600,321819,381.035300,69626,17.358900,0x03a2b0e04f31b128c667a2db672685000caa14e9f1275eab4844a954a24f7db0,0x247e28332781694dc1aed1bbe7b60ea68865caed569a6e4df22e6dade74f2ed2
groth16,500,353,2109494,445503,458856,235746,396.591600,286595,385.650600,321771,408.952100,69602,19.934700,0x03a2b0e04f31b128c667a2db672685000caa14e9f1275eab4844a954a24f7db0,0x21657d74f8c94ed1455f00169694bcf71ce26c6582f10099c763433e945aaffe
groth16,500,354,2109494,445503,458856,235734,374.304800,286595,388.217000,321771,392.716700,69614,19.179400,0x03a2b0e04f31b128c667a2db672685000caa14e9f1275eab4844a954a24f7db0,0x2b7ff4e1b9f4ef393e300dc4303e67c634942e41faa4a8b96b37c96e00692f4b
groth16,500,355,2109494,445503,458856,235758,368.764900,286631,405.205600,321807,454.574200,69626,19.147800,0x03a2b0e04f31b128c667a2db672685000caa14e9f1275eab4844a954a24f7db0,0x13e0a2ed34d7d82aeb35417bbdc7bdc42f4e3dffa46dc0d59cc6382b9e68ac9a
groth16,500,356,2109494,445503,458856,235746,399.270800,286607,419.163800,321783,428.050600,69614,19.813700,0x03a2b0e04f31b128c667a2db672685000caa14e9f1275eab4844a954a24f7db0,0x2210423fc661c79798c8a300159c9d0a0dfdf44ee0a811a6bfad1a835d043b6b
groth16,500,357,2109494,445503,458856,235758,408.200900,286631,406.495800,321807,400.223000,69626,17.137900,0x03a2b0e04f31b128c667a2db672685000caa14e9f1275eab4844a954a24f7db0,0x205b8b058c3b5076f422ad31b37efccc601d2dc3582229bfe42f2d7666a918db
groth16,500,358,2109494,445503,458856,235758,400.234100,286631,417.887800,321807,470.339300,69626,29.943200,0x03a2b0e04f31b128c667a2db672685000caa14e9f1275eab4844a954a24f7db0,0x2e29cdf528cf8d1cf55beb3bfad268f45a46786a55586cc6486e579c591caa97
groth16,500,359,2109494,445503,458856,235758,440.457400,286631,434.771100,321807,636.996600,69626,27.223600,0x03a2b0e04f31b128c667a2db672685000caa14e9f1275eab4844a954a24f7db0,0x068a970537dd6b216bc1f9460bf73f4bc60dfa61aa4943c24af83e8076ba85a1
groth16,500,360,2109494,445503,458856,235770,423.531000,286643,454.431800,321819,445.671300,69626,25.483100,0x03a2b0e04f31b128c667a2db672685000caa14e9f1275eab4844a954a24f7db0,0x0bf036825a540aaac5d08311e54357010aa3b76d7c298f2387d6fe0804d284bd
groth16,500,361,2109494,445503,458856,235758,388.077600,286631,414.300400,321807,440.362700,69626,26.249900,0x03a2b0e04f31b128c667a2db672685000caa14e9f1275eab4844a954a24f7db0,0x02578eff1722dfcae220a8aa696ad2b8dba62c95ac141ef548e1742c7ead394d
groth16,500,362,2109494,445503,458856,235758,474.701800,286619,386.885500,321795,395.702700,69614,23.189200,0x03a2b0e04f31b128c667a2db672685000caa14e9f1275eab4844a954a24f7db0,0x23e39745a09766dfdae18bb602d74578e3653cc3000a2f3002750a228f2a4625
groth16,500,363,2109494,445503,458856,235710,410.478200,286559,535.519600,321735,429.376400,69602,18.386700,0x03a2b0e04f31b128c667a2db672685000caa14e9f1275eab4844a954a24f7db0,0x289ce2f1dd166eea5315d9312a71a805df72b200001bfa091c487019cae733a6
groth16,500,364,2109494,445503,458856,235770,572.694000,286643,458.746500,321819,419.982000,69626,19.554900,0x03a2b0e04f31b128c667a2db672685000caa14e9f1275eab4844a954a24f7db0,0x1877d745b561414342852bd273dd90d62b0ba818ac7f3e297db34ad32d13d1cf
groth16,500,365,2109494,445503,458856,235758,390.135800,286619,425.246300,321795,410.946600,69614,21.755600,0x03a2b0e04f31b128c667a2db672685000caa14e9f1275eab4844a954a24f7db0,0x162e283b0acac07c4def57efafaefc527c32e19e33b47f9d11f49140a1f0af00
groth16,500,366,2109494,445503,458856,235734,384.056300,286607,415.818100,321783,422.118400,69626,22.170900,0x03a2b0e04f31b128c667a2db672685000caa14e9f1275eab4844a954a24f7db0,0x161e34a3b24a8d31b4e5aaff5b09f59f5a0d9b90cd21ac88175c3216fb802fd1
groth16,500,367,2109494,445503,458856,235758,385.812500,286631,415.987300,321807,404.449000,69626,21.469100,0x03a2b0e04f31b128c667a2db672685000caa14e9f1275eab4844a954a24f7db0,0x15c22d8a6eb1820a22bcbf8352b50e4b646c720124fb09771153a9965af72688
groth16,500,368,2109494,445503,458856,235770,398.330200,286643,462.966300,321819,515.598300,69626,30.782100,0x03a2b0e04f31b128c667a2db672685000caa14e9f1275eab4844a954a24f7db0,0x11424976fc30ad84bc0e1e5f9ee4623ef0323d8f899b487570bbffe5852f7655
groth16,500,369,2109494,445503,458856,235770,442.839400,286643,423.019900,321819,419.303600,69626,18.328100,0x03a2b0e04f31b128c667a2db672685000caa14e9f1275eab4844a954a24f7db0,0x22a3775e38ed546f5644c0e09824c091de01969ceb495de9486ab809c2bb0843
groth16,500,370,2109494,445503,458856,235734,383.698400,286607,395.602000,321783,413.284900,69626,19.820700,0x03a2b0e04f31b128c667a2db672685000caa14e9f1275eab4844a954a24f7db0,0x24bcdc249bf6dae00b260757cd6996360fead6ad6eb4f2c8a8587313fc4264cb
groth16,500,371,2109494,445503,458856,235734,416.576100,286607,399.465900,321783,452.125200,69626,20.974300,0x03a2b0e04f31b128c667a2db672685000caa14e9f1275eab4844a954a24f7db0,0x18ff6311a06dcef7c50d26ad84def9d31cf8dd9fd43c2a7ec55fb73df5669938
groth16,500,372,2109494,445503,458856,235770,392.777400,286643,470.720300,321819,408.179000,69626,17.187700,0x03a2b0e04f31b128c667a2db672685000caa14e9f1275eab4844a954a24f7db0,0x01c75807a7142de523050c30795b7412453f621b61d0d7292e75587138b7f05e
groth16,500,373,2109494,445503,458856,235758,387.941000,286619,488.548400,321795,426.237900,69626,21.735700,0x03a2b0e04f31b128c667a2db672685000caa14e9f1275eab4844a954a24f7db0,0x0f6bf49261047a20b71306fc5575ee68948976724a19bc9515dcdb1d298605fc
groth16,500,374,2109494,445503,458856,235770,458.757200,286643,529.509700,321819,503.045400,69626,23.378800,0x03a2b0e04f31b128c667a2db672685000caa14e9f1275eab4844a954a24f7db0,0x1edcb48b22fa69942d968bf374ee0227ad3a0ebbf5313b8678cb6b070c51714e
groth16,500,375,2109494,445503,458856,235758,455.696300,286631,470.647600,321807,509.841800,69626,22.379400,0x03a2b0e04f31b128c667a2db672685000caa14e9f1275eab4844a954a24f7db0,0x0873a75c983ed1d93a1a1afeea6abedb26a9a271b0f366e19d56350fef30f4f1
groth16,500,376,2109494,445503,458856,235734,452.564200,286607,536.678700,321783,513.281600,69626,20.898200,0x03a2b0e04f31b128c667a2db672685000caa14e9f1275eab4844a954a24f7db0,0x04f0afd6f8b1dd51b0fad2a00acde36f9b49e968a5f6b6efd13eab82df6327c3
groth16,500,377,2109494,445503,458856,235734,541.191300,286607,497.118800,321783,493.326100,69626,22.773600,0x03a2b0e04f31b128c667a2db672685000caa14e9f1275eab4844a954a24f7db0,0x235ecb8ace305f3bb02208175ec2473138687f24e90e2773348d70c26128fc19
groth16,500,378,2109494,445503,458856,235758,460.937600,286631,494.273800,321807,486.739800,69626,29.556500,0x03a2b0e04f31b128c667a2db672685000caa14e9f1275eab4844a954a24f7db0,0x0f463af681aab1890d98485371de5663ee026118a1157fbb71db16a056bc77fa
groth16,500,379,2109494,445503,458856,235746,567.711500,286619,453.231800,321795,474.482600,69626,20.187500,0x03a2b0e04f31b128c667a2db672685000caa14e9f1275eab4844a954a24f7db0,0x218f4e28f45dd2f44e5ef10cc4c5fa90e7574d319b3f69ebb314a31c33e6d9d4
groth16,500,380,2109494,445503,458856,235734,460.636600,286595,522.377700,321771,485.573100,69614,28.181900,0x03a2b0e04f31b128c667a2db672685000caa14e9f1275eab4844a954a24f7db0,0x1fe693311f0c078949e51b4fffddf12670de58323eb843900014c915d11ef16d
groth16,500,381,2109494,445503,458856,235746,463.323900,286607,470.774000,321783,552.935700,69614,22.941400,0x03a2b0e04f31b128c667a2db672685000caa14e9f1275eab4844a954a24f7db0,0x0623009f2e6ff0a7239c47313da03fbf8f4b550aa3bc0e24b6b0dbbf33c5154d
groth16,500,382,2109494,445503,458856,235734,477.651300,286607,497.389800,321783,498.563000,69626,21.177500,0x03a2b0e04f31b128c667a2db672685000caa14e9f1275eab4844a954a24f7db0,0x12a6fd1e42b1da939af7b8e2c629d9f9d06bffa4805cc79fb0bc2825ff5990b7
groth16,500,383,2109494,445503,458856,235746,466.282200,286619,436.880300,321795,407.875800,69626,19.347600,0x03a2b0e04f31b128c667a2db672685000caa14e9f1275eab4844a954a24f7db0,0x1204ceb3aea94951e2c91b0c56ea51f951d3a179c3ec17712f7186ddf31601a3
groth16,500,384,2109494,445503,458856,235758,391.969300,286631,400.571500,321807,422.605500,69626,18.817200,0x03a2b0e04f31b128c667a2db672685000caa14e9f1275eab4844a954a24f7db0,0x0a580ef483f9811604a829fe0ec3ca111e7c2acfd1395295bc60aafd44e3982e
groth16,500,385,2109494,445503,458856,235758,391.922700,286631,428.396700,321807,402.250100,69626,17.204400,0x03a2b0e04f31b128c667a2db672685000caa14e9f1275eab4844a954a24f7db0,0x29f655e5b1e1db4414d2ba3cf1740c0798c7d71045ae3b0eeece728508efc6ad
groth16,500,386,2109494,445503,458856,235746,354.159200,286619,431.225900,321795,415.813000,69626,17.678300,0x03a2b0e04f31b128c667a2db672685000caa14e9f1275eab4844a954a24f7db0,0x1c160de970c12880d283e2ab0dc69faa5bb3f39c845adf1df63bb445dc25bab6
groth16,500,387,2109494,445503,458856,235746,363.395400,286619,435.223000,321795,436.170400,69626,17.836800,0x03a2b0e04f31b128c667a2db672685000caa14e9f1275eab4844a954a24f7db0,0x1662a81e93bc5673c829138ae7678b38a89a71ef14353565987edfea89c85baf
groth16,500,388,2109494,445503,458856,235758,357.142300,286631,401.895900,321807,424.653300,69626,32.372100,0x03a2b0e04f31b128c667a2db672685000caa14e9f1275eab4844a954a24f7db0,0x25d2587928e2e0420bf3d53d2a1f0d2ff6a8363f862ea70441479f3a7fdaf75b
groth16,500,389,2109494,445503,458856,235758,388.871100,286631,398.292600,321807,403.122000,69626,20.462000,0x03a2b0e04f31b128c667a2db672685000caa14e9f1275eab4844a954a24f7db0,0x24dae7de234b75ad0d1404d7dd27cb6f3629b1f73fbb54d776910ed83afc4833
groth16,500,390,2109494,445503,458856,235770,377.045400,286643,413.340700,321819,390.840600,69626,18.423000,0x03a2b0e04f31b128c667a2db672685000caa14e9f1275eab4844a954a24f7db0,0x0c27fe7f9d7f8bad0e25ecd6cf8cad029b1e544bb703856dbde96dc06a0389fb
groth16,500,391,2109494,445503,458856,235770,383.604600,286643,399.381500,321819,418.721700,69626,26.884000,0x03a2b0e04f31b128c667a2db672685000caa14e9f1275eab4844a954a24f7db0,0x11d8183fdc8f4ab649523f270811dd72c6f949db81c45e1d0b533b1121667785
groth16,500,392,2109494,445503,458856,235746,402.917100,286619,423.801300,321795,391.229900,69626,19.338500,0x03a2b0e04f31b128c667a2db672685000caa14e9f1275eab4844a954a24f7db0,0x216ed44fe98b4608f6feba7cec141ae8d69ebdd54ac5b6ecbea24050a44d2e24
groth16,500,393,2109494,445503,458856,235746,362.747500,286607,366.048500,321783,386.437900,69614,17.238800,0x03a2b0e04f31b128c667a2db672685000caa14e9f1275eab4844a954a24f7db0,0x137b823a4f11b56b48e3694db6a9f33b32917ad827bd00a0310a1f02815df1ac
groth16,500,394,2109494,445503,458856,235758,391.786700,286631,369.011600,321807,364.808500,69626,19.713200,0x03a2b0e04f31b128c667a2db672685000caa14e9f1275eab4844a954a24f7db0,0x2a15830fd5de6e508ac7ab05ba8e7721b0ab55e91c289c37124ea0a291ee98c7
groth16,500,395,2109494,445503,458856,235758,347.823700,286631,374.103700,321807,372.248700,69626,19.396000,0x03a2b0e04f31b128c667a2db672685000caa14e9f1275eab4844a954a24f7db0,0x1850ca3784b42df16566b83c5a6620d05bea76b15f55d767e7d830d6d450fe96
groth16,500,396,2109494,445503,458856,235746,333.249700,286619,382.241100,321795,372.293700,69626,17.446400,0x03a2b0e04f31b128c667a2db672685000caa14e9f1275eab4844a954a24f7db0,0x11db503f72e37b4365dc7a79f1298481ad6abb42151719c1b53c8e61f501edd3
groth16,500,397,2109494,445503,458856,235770,334.742300,286643,357.480600,321819,368.703700,69626,17.816900,0x03a2b0e04f31b128c667a2db672685000caa14e9f1275eab4844a954a24f7db0,0x066f2bed112c69bb32f669a9c401cf50ca6beb36332756e722f7bd464e37bc9f
groth16,500,398,2109494,445503,458856,235734,348.463900,286607,374.660000,321783,378.092900,69626,17.711300,0x03a2b0e04f31b128c667a2db672685000caa14e9f1275eab4844a954a24f7db0,0x18fc5844a6c226a4d7819bc3d91e7e4f49740bf7af16544a50f9d5f3176ea6bd
groth16,500,399,2109494,445503,458856,235734,349.586200,286583,362.926300,321759,371.978700,69602,18.103300,0x03a2b0e04f31b128c667a2db672685000caa14e9f1275eab4844a954a24f7db0,0x1c083b1dd7100fe30d00012fa734c22dee44be3105f43ef37a3eafd93e00d1bc
groth16,500,400,2109494,445503,458856,235770,360.773200,286643,391.548400,321819,371.513800,69626,21.024100,0x03a2b0e04f31b128c667a2db672685000caa14e9f1275eab4844a954a24f7db0,0x2ebf98356cb8c2c744119389e378b23d8110fefef75039e41ac12821207c8cd5
groth16,500,401,2109494,445503,458856,235770,343.996600,286643,381.062700,321819,397.961600,69626,17.397800,0x03a2b0e04f31b128c667a2db672685000caa14e9f1275eab4844a954a24f7db0,0x2e7ff87876476589a12ff776ebfe27819c4a5764af5d1bf1c5b3e17333a3246d
groth16,500,402,2109494,445503,458856,235722,341.309400,286595,390.507800,321771,378.516100,69626,18.970600,0x03a2b0e04f31b128c667a2db672685000caa14e9f1275eab4844a954a24f7db0,0x0e95f7c1a1bf87f781f49d43a9f3ba650c1a96d7b8a3cdbbbd9ca8d4af6442ad
groth16,500,403,2109494,445503,458856,235758,342.680200,286631,360.786100,321807,375.501700,69626,18.214200,0x03a2b0e04f31b128c667a2db672685000caa14e9f1275eab4844a954a24f7db0,0x01c58f1e06a40452d1211537d9f421e4f3e917e10941e28641d32eea31a0412f
groth16,500,404,2109494,445503,458856,235734,351.398900,286607,358.637700,321783,383.742600,69626,19.637100,0x03a2b0e04f31b128c667a2db672685000caa14e9f1275eab4844a954a24f7db0,0x066622267739926d28b145ea870cb055756a3ce50b38fe89a3aef53387b52bd0
groth16,500,405,2109494,445503,458856,235734,373.805500,286607,385.490800,321783,364.660300,69626,20.017700,0x03a2b0e04f31b128c667a2db672685000caa14e9f1275eab4844a954a24f7db0,0x2d533ebff8f419f05ae4f23613639247f76cd3e3689bacc54617f8239eb06195
groth16,500,406,2109494,445503,458856,235758,342.181400,286631,369.833400,321807,415.661700,69626,17.363900,0x03a2b0e04f31b128c667a2db672685000caa14e9f1275eab4844a954a24f7db0,0x019a9f886b470fc432524f5ed3c0ee8d2de0e629cfc6f323deb6bb4ea36b10b1
groth16,500,407,2109494,445503,458856,235758,341.377000,286631,379.551500,321807,369.975700,69626,16.773900,0x03a2b0e04f31b128c667a2db672685000caa14e9f1275eab4844a954a24f7db0,0x2397de5cc7dcf0955d023903d57187802f4b3fb4c98706a75bdc5e3dedfd02ea
groth16,500,408,2109494,445503,458856,235746,338.805700,286619,369.377900,321795,375.239600,69626,17.388200,0x03a2b0e04f31b128c667a2db672685000caa14e9f1275eab4844a954a24f7db0,0x1f24cb0fea1eb9ed49f5d355fcb2f3178e0582c5515eb3eaeba165bce04529cf
groth16,500,409,2109494,445503,458856,235770,379.364100,286643,380.719600,321819,434.401100,69626,17.115200,0x03a2b0e04f31b128c667a2db672685000caa14e9f1275eab4844a954a24f7db0,0x06af18da73195beaf4e961eb769c89791bebc93e1d6fd43d2153e03d2a4bfa44
groth16,500,410,2109494,445503,458856,235746,363.723900,286619,384.031600,321795,365.260900,69626,20.758800,0x03a2b0e04f31b128c667a2db672685000caa14e9f1275eab4844a954a24f7db0,0x03b3ac578ea0deb94f01cda990a2ce4e89925e69265724a22b60ef2443f78189
groth16,500,411,2109494,445503,458856,235770,349.217700,286643,376.077600,321819,363.619600,69626,17.571100,0x03a2b0e04f31b128c667a2db672685000caa14e9f1275eab4844a954a24f7db0,0x0352c713f5ccd83f4b5d098eefebf68b6d91e73f51750d6740730e947e9a7a6c
groth16,500,412,2109494,445503,458856,235746,333.842900,286619,355.233600,321795,363.901800,69626,17.361100,0x03a2b0e04f31b128c667a2db672685000caa14e9f1275eab4844a954a24f7db0,0x017f47d433647c5d2b33f321e96c110ddbd5246d68fef90490f4ded6012ca335
groth16,500,413,2109494,445503,458856,235770,365.482900,286643,362.193400,321819,370.680400,69626,19.278600,0x03a2b0e04f31b128c667a2db672685000caa14e9f1275eab4844a954a24f7db0,0x0bad29b3f4a7d98962df99507193ad61f3cdc8949cecff8710a09d277c9d4523
groth16,500,414,2109494,445503,458856,235758,393.483700,286631,374.102700,321807,375.007100,69626,17.626400,0x03a2b0e04f31b128c667a2db672685000caa14e9f1275eab4844a954a24f7db0,0x17e15e89104901142a71ddef9b4694500e11952240a6ba0aee80a5ee90d13be3
groth16,500,415,2109494,445503,458856,235770,352.931900,286643,372.805200,321819,380.126200,69626,20.612300,0x03a2b0e04f31b128c667a2db672685000caa14e9f1275eab4844a954a24f7db0,0x10024ed8ba66543abc4a735a028266413fe63c3dda9068427c31c810ca7450ea
groth16,500,416,2109494,445503,458856,235770,343.172800,286643,410.686200,321819,450.400100,69626,17.560600,0x03a2b0e04f31b128c667a2db672685000caa14e9f1275eab4844a954a24f7db0,0x284b0c1b65a3871bcac83f5e9e709d9cb5d571a7ac214490394a8e62c636c803
groth16,500,417,2109494,445503,458856,235770,369.089900,286643,391.766500,321819,376.302400,69626,18.788500,0x03a2b0e04f31b128c667a2db672685000caa14e9f1275eab4844a954a24f7db0,0x1853b2ab43eb4d44afa4d47301732f1694fd0913abc13727c237c9aef33fb9ae
groth16,500,418,2109494,445503,458856,235770,344.811700,286643,370.466800,321819,371.333600,69626,18.260100,0x03a2b0e04f31b128c667a2db672685000caa14e9f1275eab4844a954a24f7db0,0x1db93b91d86626d3880c844dd13c3b8cad41a603cb7d23140b0f6ca88daec8ff
groth16,500,419,2109494,445503,458856,235734,352.501900,286595,374.391000,321771,370.558200,69614,17.209100,0x03a2b0e04f31b128c667a2db672685000caa14e9f1275eab4844a954a24f7db0,0x2eae99bf7192c82d64de3976f87743e800e0754ca238c21e103d2e970a4b1e7c
groth16,500,420,2109494,445503,458856,235770,357.762900,286643,404.918700,321819,384.009600,69626,20.939300,0x03a2b0e04f31b128c667a2db672685000caa14e9f1275eab4844a954a24f7db0,0x07416f4c5e6652ca13c0824214eb2f64f32f7afb079fe242f1f79897395a78e1
groth16,500,421,2109494,445503,458856,235758,374.998300,286631,408.123300,321807,405.290300,69626,20.302800,0x03a2b0e04f31b128c667a2db672685000caa14e9f1275eab4844a954a24f7db0,0x154c307cb5604ed28d311d8369d2bfcfaa9c388549e4935a890f7c4982387d7f
groth16,500,422,2109494,445503,458856,235734,404.823700,286607,383.548900,321783,407.549700,69626,33.840900,0x03a2b0e04f31b128c667a2db672685000caa14e9f1275eab4844a954a24f7db0,0x20ca673fac667b147536fce1e5c398f59b9a79bc5255dfad7124c8b032e59f64
groth16,500,423,2109494,445503,458856,235746,374.520500,286619,407.230800,321795,366.859100,69626,21.060400,0x03a2b0e04f31b128c667a2db672685000caa14e9f1275eab4844a954a24f7db0,0x0dcbc45b323168bddc215415763c063db0894544d46c747e9a4418dbaca8c3af
groth16,500,424,2109494,445503,458856,235734,341.405500,286607,388.431800,321783,388.311200,69626,22.264700,0x03a2b0e04f31b128c667a2db672685000caa14e9f1275eab4844a954a24f7db0,0x17f54a712078a2f1238d1046bc13a33c645c3fcbbde7c047dc357ebd2250f49b
groth16,500,425,2109494,445503,458856,235758,363.001100,286619,402.093700,321795,390.797500,69614,19.049300,0x03a2b0e04f31b128c667a2db672685000caa14e9f1275eab4844a954a24f7db0,0x24a143d030cdc5007ad144ef30050c2ed09d6b93940a390711a2f9057da2dd22
groth16,500,426,2109494,445503,458856,235758,362.679300,286619,1043.982900,321795,652.265900,69614,20.442500,0x03a2b0e04f31b128c667a2db672685000caa14e9f1275eab4844a954a24f7db0,0x13bf3e22429b2168729250014ae7964b30143f005ffc88a841219d2d673b4efc
groth16,500,427,2109494,445503,458856,235746,399.091700,286607,443.004800,321783,393.821600,69614,19.551100,0x03a2b0e04f31b128c667a2db672685000caa14e9f1275eab4844a954a24f7db0,0x23611de7d714576595b7fc8a1bc762344f54de884f9f00e2ef92475de67d8b74
groth16,500,428,2109494,445503,458856,235758,384.289400,286631,391.104600,321807,426.735400,69626,21.046300,0x03a2b0e04f31b128c667a2db672685000caa14e9f1275eab4844a954a24f7db0,0x09727028795dc37c65d6b6cadcf0e5b61e46af112fda7439579a4ca125bded08
groth16,500,429,2109494,445503,458856,235746,414.088700,286619,422.559200,321795,411.213200,69626,19.098200,0x03a2b0e04f31b128c667a2db672685000caa14e9f1275eab4844a954a24f7db0,0x03ee0966c6417dd85ad5d370286b06b0c13cdd6ccae433b1035c16971f6d9bae
groth16,500,430,2109494,445503,458856,235770,378.592300,286643,392.022500,321819,382.964300,69626,33.838200,0x03a2b0e04f31b128c667a2db672685000caa14e9f1275eab4844a954a24f7db0,0x01e35468c57009b93d2eedcab375db1e1a1a928eb85955866eb6b62877f6e636
groth16,500,431,2109494,445503,458856,235770,387.606400,286643,384.458300,321819,403.675500,69626,17.520300,0x03a2b0e04f31b128c667a2db672685000caa14e9f1275eab4844a954a24f7db0,0x2c28842634112aa1b717fb0ca4c9988c4c29084335cc3e645f67064dbe26af7a
groth16,500,432,2109494,445503,458856,235758,373.366800,286619,437.475200,321795,434.001400,69626,17.441500,0x03a2b0e04f31b128c667a2db672685000caa14e9f1275eab4844a954a24f7db0,0x1f26345dc0be7c4f3cbcdaff9b03d875fe45ef22b113d88b3bdaf892cbf3dc70
groth16,500,433,2109494,445503,458856,235758,375.923300,286631,402.543400,321807,424.339800,69626,17.290200,0x03a2b0e04f31b128c667a2db672685000caa14e9f1275eab4844a954a24f7db0,0x0edc7e36e5dd409674451db09d843ea002b3a3d9cbb5d7e9fd890d27149578a7
groth16,500,434,2109494,445503,458856,235770,366.936700,286643,368.168100,321819,381.140400,69626,19.509500,0x03a2b0e04f31b128c667a2db672685000caa14e9f1275eab4844a954a24f7db0,0x22cbc57036db7ca04d473150a3e76c12ceeed8a4414e02a967bcb1d9779ee7ea
groth16,500,435,2109494,445503,458856,235758,367.826000,286631,389.385400,321807,409.109800,69626,18.862700,0x03a2b0e04f31b128c667a2db672685000caa14e9f1275eab4844a954a24f7db0,0x156aaf1f6581f17d826a3ff86a7a67cb65e1e7e3314eeb17acadcc32551e7421
groth16,500,436,2109494,445503,458856,235758,384.845600,286631,720.161200,321807,369.963500,69626,18.732800,0x03a2b0e04f31b128c667a2db672685000caa14e9f1275eab4844a954a24f7db0,0x238cc19757341466861f27960a3b85c5d0e01eb7ca121eda5b6238f3152da272
groth16,500,437,2109494,445503,458856,235746,338.089800,286619,441.020000,321795,364.854200,69626,18.971300,0x03a2b0e04f31b128c667a2db672685000caa14e9f1275eab4844a954a24f7db0,0x275275eea97ae567d6f93f606ee7abb792df0bccfabf39b1bd0e576ea61c8cd8
groth16,500,438,2109494,445503,458856,235758,348.860700,286631,410.184800,321807,506.572300,69626,18.863300,0x03a2b0e04f31b128c667a2db672685000caa14e9f1275eab4844a954a24f7db0,0x20ba8cd4258d8fa5a2085e84559921d610a665db1f637f2dc9f5a2a00903fefe
groth16,500,439,2109494,445503,458856,235758,405.881300,286631,456.531300,321807,491.457500,69626,34.464800,0x03a2b0e04f31b128c667a2db672685000caa14e9f1275eab4844a954a24f7db0,0x08ccfb910da9970850d078b1ec0a7717d6ee6b46647c21be8b7acf9f6b6af67c
groth16,500,440,2109494,445503,458856,235722,546.255500,286583,496.342300,321759,497.483000,69626,20.421100,0x03a2b0e04f31b128c667a2db672685000caa14e9f1275eab4844a954a24f7db0,0x26a8b6fb79d967fe85d472819017dadf3837d9472b775a93b2ce1ea89168b097
groth16,500,441,2109494,445503,458856,235758,421.436500,286631,407.675300,321807,399.233700,69626,19.340300,0x03a2b0e04f31b128c667a2db672685000caa14e9f1275eab4844a954a24f7db0,0x243d13b683278ffb506a29b5285345127302959a414b5dece173cf925aac6134
groth16,500,442,2109494,445503,458856,235758,380.931900,286631,429.469300,321807,417.337900,69626,21.145300,0x03a2b0e04f31b128c667a2db672685000caa14e9f1275eab4844a954a24f7db0,0x1a1811511078863d57b816bd590ff178c4b93ee1e3fa3c22f8f57a64efe87637
groth16,500,443,2109494,445503,458856,235770,390.936700,286643,403.021600,321819,401.000800,69626,18.384000,0x03a2b0e04f31b128c667a2db672685000caa14e9f1275eab4844a954a24f7db0,0x300a96a2a59c5b7849953b7540445c4a6119488128c5b6412cef2c2cca7d600b
groth16,500,444,2109494,445503,458856,235746,375.061700,286607,406.361400,321783,399.926400,69614,19.069100,0x03a2b0e04f31b128c667a2db672685000caa14e9f1275eab4844a954a24f7db0,0x22cbadac849e02cd47aae266ef7f52ff4c91670093cbdaba5aeb91b68012911f
groth16,500,445,2109494,445503,458856,235758,380.140100,286631,401.016500,321807,406.265300,69626,18.993500,0x03a2b0e04f31b128c667a2db672685000caa14e9f1275eab4844a954a24f7db0,0x131a2411ed4a5341b343aa5a0ce89277a7b9b3f48920b28c1d07b224aed76990
groth16,500,446,2109494,445503,458856,235770,376.237600,286643,405.209800,321819,414.718000,69626,17.673100,0x03a2b0e04f31b128c667a2db672685000caa14e9f1275eab4844a954a24f7db0,0x0c66c0cd36d70b3046b16ef58bac82de1655c3c3cec1ae656e6d7055b468b80b
groth16,500,447,2109494,445503,458856,235710,393.426500,286583,425.097100,321759,406.454700,69626,32.774400,0x03a2b0e04f31b128c667a2db672685000caa14e9f1275eab4844a954a24f7db0,0x264c46a4095cd0a2510cb64c83392b94362abb2ab79acff992d925d34a15d8a5
groth16,500,448,2109494,445503,458856,235758,422.548300,286631,430.864100,321807,449.988100,69626,18.678800,0x03a2b0e04f31b128c667a2db672685000caa14e9f1275eab4844a954a24f7db0,0x0bd6c16cbac9bb1d4dbe45b3760b680a1f9ce96bbba1bf6eab44d4d313d032ce
groth16,500,449,2109494,445503,458856,235734,396.395300,286607,411.155800,321783,412.537900,69626,18.713500,0x03a2b0e04f31b128c667a2db672685000caa14e9f1275eab4844a954a24f7db0,0x130a03804d0923999412da4b2dce85a4108f366d22eb012da0c2f3dc124a42d5
groth16,500,450,2109494,445503,458856,235746,394.874000,286619,414.260300,321795,410.201000,69626,18.411000,0x03a2b0e04f31b128c667a2db672685000caa14e9f1275eab4844a954a24f7db0,0x1a14f1d34f63c60b22ee667d2a692d163baf93a58a4f275aff3326d988a1e1bf
groth16,500,451,2109494,445503,458856,235758,382.442600,286631,401.120600,321807,400.115000,69626,18.951100,0x03a2b0e04f31b128c667a2db672685000caa14e9f1275eab4844a954a24f7db0,0x2ba82040e16c7ca2622f13e4538bfe3536c479f63fba4357f78ecd9bc3181fc8
groth16,500,452,2109494,445503,458856,235770,379.719100,286643,397.391100,321819,438.382300,69626,19.551200,0x03a2b0e04f31b128c667a2db672685000caa14e9f1275eab4844a954a24f7db0,0x14cc6e5edbf8bff8d39639281b139dca765b3233430c2cb74be77f4169fc82a1
groth16,500,453,2109494,445503,458856,235758,384.391100,286631,398.129100,321807,407.912700,69626,19.737700,0x03a2b0e04f31b128c667a2db672685000caa14e9f1275eab4844a954a24f7db0,0x2038c647ae9556bef19856e692cd78ee29e17a8f08a96f959338cb128c24c054
groth16,500,454,2109494,445503,458856,235746,379.709700,286619,396.900300,321795,390.545000,69626,25.441600,0x03a2b0e04f31b128c667a2db672685000caa14e9f1275eab4844a954a24f7db0,0x2c6cd5c006cee1c70345559a1ab797de07319749aafd3c218a08ed7744e862ac
groth16,500,455,2109494,445503,458856,235758,419.189800,286619,413.186900,321795,410.385900,69626,32.128900,0x03a2b0e04f31b128c667a2db672685000caa14e9f1275eab4844a954a24f7db0,0x03259b2569ccaac7208b46d7c224b0f59e12dc8a11ce031a9eec29574425e67b
groth16,500,456,2109494,445503,458856,235758,433.568300,286631,444.338300,321807,414.130400,69626,17.842200,0x03a2b0e04f31b128c667a2db672685000caa14e9f1275eab4844a954a24f7db0,0x29f8de34a0f98fb423af9f29a3f47b0d22c0fb413caae332c527f35d19369d47
groth16,500,457,2109494,445503,458856,235746,406.596500,286619,410.583200,321795,412.119800,69626,21.324600,0x03a2b0e04f31b128c667a2db672685000caa14e9f1275eab4844a954a24f7db0,0x20552832a4eedbb1ca0deb43c42bbf77dac906a050711195198943b2d0175bed
groth16,500,458,2109494,445503,458856,235746,392.237100,286607,412.260200,321783,407.717200,69626,17.441300,0x03a2b0e04f31b128c667a2db672685000caa14e9f1275eab4844a954a24f7db0,0x0bf35379c90e3f20038c67898c87b86dc0c594bf469773b4c5749baffff9235f
groth16,500,459,2109494,445503,458856,235758,387.578500,286631,412.485800,321807,413.077200,69626,17.754800,0x03a2b0e04f31b128c667a2db672685000caa14e9f1275eab4844a954a24f7db0,0x014bcc209c766cd9dc1fa19770dfbc3831cdbb4e9baa40281824e79eb3f2096a
groth16,500,460,2109494,445503,458856,235746,391.320000,286619,421.614600,321795,423.850900,69626,18.276500,0x03a2b0e04f31b128c667a2db672685000caa14e9f1275eab4844a954a24f7db0,0x20c6bab88fd9c75b0a0d55f4f209eb5f52474dd728207b4305a3a9376b1238dd
groth16,500,461,2109494,445503,458856,235758,448.368600,286631,409.989700,321807,383.251800,69626,16.280800,0x03a2b0e04f31b128c667a2db672685000caa14e9f1275eab4844a954a24f7db0,0x041c83a1d70b36188efc1738010a21c7c78f50867d297ba7d10f57ac577aaea5
groth16,500,462,2109494,445503,458856,235758,407.270500,286631,395.688700,321807,399.287600,69626,17.578900,0x03a2b0e04f31b128c667a2db672685000caa14e9f1275eab4844a954a24f7db0,0x224fbc9a0c53564d54d630e129820934e180c5aca2ee2440793b4a3e71626ba9
groth16,500,463,2109494,445503,458856,235770,429.579200,286643,431.966300,321819,426.470300,69626,20.090900,0x03a2b0e04f31b128c667a2db672685000caa14e9f1275eab4844a954a24f7db0,0x0b2c88c8663c8ce146e51750ebd038edcb06a471efd4d54cc3e3901be0b37b3d
groth16,500,464,2109494,445503,458856,235770,412.174400,286643,466.468600,321819,408.620300,69626,17.848800,0x03a2b0e04f31b128c667a2db672685000caa14e9f1275eab4844a954a24f7db0,0x2373d2b73c98da7623bc2cfcb31090e7c0d71ab4524a52c5a03c62c13def80b4
groth16,500,465,2109494,445503,458856,235746,392.288700,286619,389.187300,321795,390.331300,69626,17.797900,0x03a2b0e04f31b128c667a2db672685000caa14e9f1275eab4844a954a24f7db0,0x202fdeaf6163928e22d4ca51b197d757d81b22fd63b6d7e8f89071ca082eefdc
groth16,500,466,2109494,445503,458856,235746,378.294600,286619,370.389400,321795,388.722000,69626,27.761900,0x03a2b0e04f31b128c667a2db672685000caa14e9f1275eab4844a954a24f7db0,0x16e808786bd79ae0a122c4e5808cd135b1bfaf44ebfdf82e08ed04e512708b07
groth16,500,467,2109494,445503,458856,235746,377.566200,286619,389.655900,321795,393.210900,69626,17.934200,0x03a2b0e04f31b128c667a2db672685000caa14e9f1275eab4844a954a24f7db0,0x2179ec3f2749913b6cebb5c0d146192b7a4c6c6995ed71e5a1bb7762ca8bef04
groth16,500,468,2109494,445503,458856,235758,377.506400,286631,396.079700,321807,399.502400,69626,18.487900,0x03a2b0e04f31b128c667a2db672685000caa14e9f1275eab4844a954a24f7db0,0x228be07d627bfa1d1a84427ea1716585f840e9ed2b352636cf1ecfc4c4b0b161
groth16,500,469,2109494,445503,458856,235746,372.697300,286619,387.795100,321795,389.167400,69626,17.157200,0x03a2b0e04f31b128c667a2db672685000caa14e9f1275eab4844a954a24f7db0,0x0403aae18eafda3b5ebacc8441a6819066e7e48cd9725199fdd8603988eb4854
groth16,500,470,2109494,445503,458856,235734,362.448200,286607,375.177800,321783,373.939400,69626,18.371600,0x03a2b0e04f31b128c667a2db672685000caa14e9f1275eab4844a954a24f7db0,0x2e0306101dd3fa5aa5128ce457946b879c5bd12cd4f0a84f0c9076324ca96312
groth16,500,471,2109494,445503,458856,235734,414.435700,286595,430.896400,321771,386.624300,69614,49.960400,0x03a2b0e04f31b128c667a2db672685000caa14e9f1275eab4844a954a24f7db0,0x0b4d7db955490d7c8d73001efd34d3fd205d2fe8b92b1b76bc96ad77766aa2ed
groth16,500,472,2109494,445503,458856,235770,372.587100,286643,383.313900,321819,374.754300,69626,21.157300,0x03a2b0e04f31b128c667a2db672685000caa14e9f1275eab4844a954a24f7db0,0x011167a8990cf524e884a9a19ff6c99f8401924fbbc331c9904af7bc19dccc3d
groth16,500,473,2109494,445503,458856,235746,346.487700,286619,382.605300,321795,370.663700,69626,17.661600,0x03a2b0e04f31b128c667a2db672685000caa14e9f1275eab4844a954a24f7db0,0x154d0ccf6d66d1138ec4be2ea83bea14f1c5b7f3beec65019f88e3983f550893
groth16,500,474,2109494,445503,458856,235770,348.939000,286643,354.955000,321819,360.279600,69626,17.025400,0x03a2b0e04f31b128c667a2db672685000caa14e9f1275eab4844a954a24f7db0,0x02c5a6607f470f4deae252c327e71c4dc2db8d909102c5f358a8b9173163cfad
groth16,500,475,2109494,445503,458856,235770,348.593900,286643,371.483300,321819,373.048200,69626,17.434300,0x03a2b0e04f31b128c667a2db672685000caa14e9f1275eab4844a954a24f7db0,0x1bdea34ae685f2497535a50599a37e51bc024f8e5019e8e6ada58350703e53db
groth16,500,476,2109494,445503,458856,235746,342.773600,286619,368.745600,321795,361.970900,69626,17.344800,0x03a2b0e04f31b128c667a2db672685000caa14e9f1275eab4844a954a24f7db0,0x115a4c857be0bb83638de6cd38094c2a5e70cf0ed532d3459daf8588b0a88035
groth16,500,477,2109494,445503,458856,235758,345.695200,286631,430.045100,321807,373.213900,69626,17.795400,0x03a2b0e04f31b128c667a2db672685000caa14e9f1275eab4844a954a24f7db0,0x0a5c3d5f6dc89984e2fe2d4e30ed9054137ac9288abf7cf4838ad0b3ceaebb98
groth16,500,478,2109494,445503,458856,235758,440.598000,286631,417.479200,321807,411.537400,69626,18.679500,0x03a2b0e04f31b128c667a2db672685000caa14e9f1275eab4844a954a24f7db0,0x2148df1bfca4f1328d7d8d4ee577bae71475933a0a8c788acf0b04aa38cb274e
groth16,500,479,2109494,445503,458856,235758,338.190200,286631,382.000300,321807,364.610200,69626,18.410200,0x03a2b0e04f31b128c667a2db672685000caa14e9f1275eab4844a954a24f7db0,0x0a7470aeb67d4a810c6da49df9b01469cbcdacb599d8893274f8a101189fdd4b
groth16,500,480,2109494,445503,458856,235746,354.919100,286607,384.545000,321783,365.603800,69626,18.052500,0x03a2b0e04f31b128c667a2db672685000caa14e9f1275eab4844a954a24f7db0,0x0d5ad576f6762b17b49f8f245025a331bc9440e3229d4998dcffca5c34b612d8
groth16,500,481,2109494,445503,458856,235734,345.541300,286607,359.275700,321783,375.751500,69626,22.529900,0x03a2b0e04f31b128c667a2db672685000caa14e9f1275eab4844a954a24f7db0,0x13d5ed1b4f86f2640391d0d79163a70c6d713a92c387ae506d0a8a54bccc6d63
groth16,500,482,2109494,445503,458856,235746,409.179000,286607,421.485000,321783,401.424000,69614,21.889200,0x03a2b0e04f31b128c667a2db672685000caa14e9f1275eab4844a954a24f7db0,0x1199af38f1ef7eb1f9227577e8e70737703a6e5351bcc70e804b14840ecb00d6
groth16,500,483,2109494,445503,458856,235758,360.930300,286631,378.248900,321807,402.229800,69626,21.517200,0x03a2b0e04f31b128c667a2db672685000caa14e9f1275eab4844a954a24f7db0,0x302e08d491e868c761311fb19da577481439c037069e3d2cd28bfe9b4920fe18
groth16,500,484,2109494,445503,458856,235758,361.057900,286631,368.805300,321807,357.875800,69626,20.776100,0x03a2b0e04f31b128c667a2db672685000caa14e9f1275eab4844a954a24f7db0,0x0aa326ad7f1347e80d5fc81290d2824ce74b6a319ed9e849e9a94b03cc97bff8
groth16,500,485,2109494,445503,458856,235746,373.258200,286619,370.317400,321795,369.872000,69626,19.041100,0x03a2b0e04f31b128c667a2db672685000caa14e9f1275eab4844a954a24f7db0,0x2f9fa1849e10226f827ec92049aed895d07cfd3f8affe55bed2357c35f753143
groth16,500,486,2109494,445503,458856,235758,340.179600,286631,368.012800,321807,378.386400,69626,21.457300,0x03a2b0e04f31b128c667a2db672685000caa14e9f1275eab4844a954a24f7db0,0x177aadccc375a328550e69a553709f868c5054e09acca48dc145e84a2fc54870
groth16,500,487,2109494,445503,458856,235746,341.546300,286619,406.808400,321795,399.700200,69626,18.858100,0x03a2b0e04f31b128c667a2db672685000caa14e9f1275eab4844a954a24f7db0,0x2255b2a13d4e4a1a5a5f7921c31c6d5e6f06a9354543231eab1367c11d619df9
groth16,500,488,2109494,445503,458856,235758,349.404400,286631,407.478100,321807,410.836800,69626,18.684600,0x03a2b0e04f31b128c667a2db672685000caa14e9f1275eab4844a954a24f7db0,0x2db1d95cebd0184ba360f72ff072937bea1ee96d5270a296bcbb42d3b7985c5d
groth16,500,489,2109494,445503,458856,235758,352.144800,286631,362.566700,321807,359.260800,69626,20.220700,0x03a2b0e04f31b128c667a2db672685000caa14e9f1275eab4844a954a24f7db0,0x0831fe62ee9dc5574739387dc7cc3deb1fb2ab95d1283f61d55780d9093bdb9f
groth16,500,490,2109494,445503,458856,235746,343.092600,286607,371.931100,321783,368.805800,69626,23.328800,0x03a2b0e04f31b128c667a2db672685000caa14e9f1275eab4844a954a24f7db0,0x043fa9065bc18b1522c2f2d9868221c67547e84111729df694872a1551466e32
groth16,500,491,2109494,445503,458856,235770,343.062200,286643,367.160600,321819,360.306700,69626,19.651900,0x03a2b0e04f31b128c667a2db672685000caa14e9f1275eab4844a954a24f7db0,0x01e8961dda81639dd86de3c002451bf8eaedb6f5616e0cb3c478d07c31e4d3b1
groth16,500,492,2109494,445503,458856,235758,334.760000,286619,370.285700,321795,370.415600,69614,22.260800,0x03a2b0e04f31b128c667a2db672685000caa14e9f1275eab4844a954a24f7db0,0x2935835517fc3d073b49b63210ad49ba533bb1ca581541848400d6f89d7d180c
groth16,500,493,2109494,445503,458856,235770,341.034000,286643,397.582800,321819,401.634400,69626,18.398400,0x03a2b0e04f31b128c667a2db672685000caa14e9f1275eab4844a954a24f7db0,0x29344d401dab1c2f21e18ea584891f946b473a08b082c7fe94747cc414e48860
groth16,500,494,2109494,445503,458856,235758,350.224400,286631,368.256700,321807,361.670400,69626,18.026100,0x03a2b0e04f31b128c667a2db672685000caa14e9f1275eab4844a954a24f7db0,0x0932c0c242cdcf4048cb94e6220eb86160c38d4f6262abf9ae041a21e6c2b066
groth16,500,495,2109494,445503,458856,235734,353.957100,286595,364.846500,321771,403.255300,69614,19.899600,0x03a2b0e04f31b128c667a2db672685000caa14e9f1275eab4844a954a24f7db0,0x28f339e77adc975c874f00f064965874a31ba81854bc1ca69fe7607aa4be06fc
groth16,500,496,2109494,445503,458856,235770,341.182300,286643,374.169400,321819,387.773100,69626,34.806500,0x03a2b0e04f31b128c667a2db672685000caa14e9f1275eab4844a954a24f7db0,0x046075e40d334d2d531a7f3f886a8eb4f029f19cdc62d0f3cfe87c0b51fff736
groth16,500,497,2109494,445503,458856,235758,386.966800,286619,372.482800,321795,362.578300,69614,18.213000,0x03a2b0e04f31b128c667a2db672685000caa14e9f1275eab4844a954a24f7db0,0x00c339048de1406210448937c2e254804ebe3c1b2ce9143dad90114e52f092cd
groth16,500,498,2109494,445503,458856,235746,332.148600,286619,378.591900,321795,375.282700,69626,18.370700,0x03a2b0e04f31b128c667a2db672685000caa14e9f1275eab4844a954a24f7db0,0x07956e1111d3f524a39b2e2c1eeb46c7ceabf5e85de6f23d84241fc98b27d952
groth16,500,499,2109494,445503,458856,235758,350.853100,286619,385.708500,321795,378.343400,69614,23.121000,0x03a2b0e04f31b128c667a2db672685000caa14e9f1275eab4844a954a24f7db0,0x249940a3b35104535f3f2c98f7ecd4752742b937882c195646bec4f58f004dfa
