thi_nghiem,run_id,iteration,warmup,d,k,mechanism,n,student_index,witness_ms,setup_ms,prove_ms,proof_generation_ms,verify_native_ms,verified,proof_bytes,calldata_bytes,root,nullifier,verify_setup_ms
theo_n,12,1,true,9,9,offchain,500,0,0.934200,99.524100,163.898200,164.832400,6.182400,true,3104,,0x2fe6349b77f8b704a4b6fda6a67fa440bb1a7ac8a5722ef77d23ee9340b379ca,0x31cce6578fc40150881c61af3263887000159f168b78eb0c1c67322a114def10,79.597000
theo_n,12,2,true,9,9,offchain,500,1,1.297400,110.420200,188.045900,189.343300,6.691800,true,3104,,0x2fe6349b77f8b704a4b6fda6a67fa440bb1a7ac8a5722ef77d23ee9340b379ca,0x06b149a846c21e833d5cd6933d03540005608217faf9b22fe873f8c17f865e8c,88.369700
theo_n,12,3,true,9,9,offchain,500,2,1.370200,120.636400,200.026700,201.396900,6.981300,true,3104,,0x2fe6349b77f8b704a4b6fda6a67fa440bb1a7ac8a5722ef77d23ee9340b379ca,0x1d06a3d96bc0fee0182a90672cc093d7b090bd77f3f3308c9126cfb07e55ad1e,91.697500
theo_n,12,4,false,9,9,offchain,500,0,1.378100,123.184700,255.567800,256.945900,7.298400,true,3104,,0x2fe6349b77f8b704a4b6fda6a67fa440bb1a7ac8a5722ef77d23ee9340b379ca,0x31cce6578fc40150881c61af3263887000159f168b78eb0c1c67322a114def10,93.980000
theo_n,12,5,false,9,9,offchain,500,1,1.370800,127.044000,204.582800,205.953600,7.165300,true,3104,,0x2fe6349b77f8b704a4b6fda6a67fa440bb1a7ac8a5722ef77d23ee9340b379ca,0x06b149a846c21e833d5cd6933d03540005608217faf9b22fe873f8c17f865e8c,93.623500
theo_n,12,6,false,9,9,offchain,500,2,1.380500,124.333200,203.983100,205.363600,8.407800,true,3104,,0x2fe6349b77f8b704a4b6fda6a67fa440bb1a7ac8a5722ef77d23ee9340b379ca,0x1d06a3d96bc0fee0182a90672cc093d7b090bd77f3f3308c9126cfb07e55ad1e,92.162300
theo_n,12,7,false,9,9,offchain,500,3,1.373100,123.148900,202.214500,203.587600,6.932800,true,3104,,0x2fe6349b77f8b704a4b6fda6a67fa440bb1a7ac8a5722ef77d23ee9340b379ca,0x2ee3eca2a8acabb5247f13a7dc5bb5745525229c9b0fb6af8461f8add9d6ea42,92.690400
theo_n,12,8,false,9,9,offchain,500,4,1.567400,121.966200,207.375700,208.943100,6.951700,true,3104,,0x2fe6349b77f8b704a4b6fda6a67fa440bb1a7ac8a5722ef77d23ee9340b379ca,0x23abcf4c24d8f5eaa25ebedbbad6a842ea7c9839a4809e5f07c904d2874949da,96.068000
theo_n,12,9,false,9,9,offchain,500,5,1.372900,129.811600,202.662700,204.035600,6.974300,true,3104,,0x2fe6349b77f8b704a4b6fda6a67fa440bb1a7ac8a5722ef77d23ee9340b379ca,0x053f995315ef14fd41321d4c26fc6e4a11eebe9847b131f33160a845efab237a,92.458600
theo_n,12,10,false,9,9,offchain,500,6,1.683900,124.302100,200.689400,202.373300,6.893800,true,3104,,0x2fe6349b77f8b704a4b6fda6a67fa440bb1a7ac8a5722ef77d23ee9340b379ca,0x2253bb49377756b6e039255c2e07e59ebdb5e721de9034b6084a4f646823fb04,92.024800
theo_n,12,11,false,9,9,offchain,500,7,1.354500,121.254600,200.388700,201.743200,7.205700,true,3104,,0x2fe6349b77f8b704a4b6fda6a67fa440bb1a7ac8a5722ef77d23ee9340b379ca,0x30a7f45e66796c0bb5e756de164a7408361c1113a9c271d837fc45b7dcd6f659,93.195200
theo_n,12,12,false,9,9,offchain,500,8,1.406500,130.120900,205.821900,207.228400,8.090400,true,3104,,0x2fe6349b77f8b704a4b6fda6a67fa440bb1a7ac8a5722ef77d23ee9340b379ca,0x2cd86dce870ffb93e493637ae0ebc4d227e78de147374955ca7c805d2bd92dbb,96.957900
theo_n,12,13,false,9,9,offchain,500,9,1.484200,136.734700,212.449700,213.933900,7.124600,true,3104,,0x2fe6349b77f8b704a4b6fda6a67fa440bb1a7ac8a5722ef77d23ee9340b379ca,0x0bb7e3ce2eb37533b72c200e6c6614cb93c18b171631c1ef120a8fd150f2cb13,96.725300
theo_n,12,14,false,9,9,offchain,500,10,1.429500,127.494500,206.214900,207.644400,7.105000,true,3104,,0x2fe6349b77f8b704a4b6fda6a67fa440bb1a7ac8a5722ef77d23ee9340b379ca,0x2ddef6234d7e6f2ddbb3ed21a00be7589b7bbf5606b92dcf2b04f4b5bccd4fec,95.685800
theo_n,12,15,false,9,9,offchain,500,11,1.380200,123.533300,200.743300,202.123500,6.875200,true,3104,,0x2fe6349b77f8b704a4b6fda6a67fa440bb1a7ac8a5722ef77d23ee9340b379ca,0x3ada3ac697494a8c8f48fd81b4d30c407e5b76c201c8434db157d8b726837548,98.478000
theo_n,12,16,false,9,9,offchain,500,12,1.428600,122.163800,262.533500,263.962100,7.309200,true,3104,,0x2fe6349b77f8b704a4b6fda6a67fa440bb1a7ac8a5722ef77d23ee9340b379ca,0x2b1d692090d6ea4a2e3a8e5433f88d3c74ba86937bbe64f14872631fa739b53f,93.125700
theo_n,12,17,false,9,9,offchain,500,13,1.454900,124.925100,203.026600,204.481500,7.180300,true,3104,,0x2fe6349b77f8b704a4b6fda6a67fa440bb1a7ac8a5722ef77d23ee9340b379ca,0x184e5193d7aeddeb42bdf7d177255cdc1408f8df7aca9b1c91f801f0b916b0d6,93.021100
theo_n,12,18,false,9,9,offchain,500,14,1.332100,123.431400,200.849500,202.181600,7.102200,true,3104,,0x2fe6349b77f8b704a4b6fda6a67fa440bb1a7ac8a5722ef77d23ee9340b379ca,0x1058edf090bdc3434d5a8d0aaae59d1679f4ab8018a6c9def311908fe8a3ea79,92.658000
theo_n,12,19,false,9,9,offchain,500,15,1.362700,123.709000,200.805500,202.168200,7.129600,true,3104,,0x2fe6349b77f8b704a4b6fda6a67fa440bb1a7ac8a5722ef77d23ee9340b379ca,0x3b72a670b9b3a3ef60168831693d1465b1b6f88669ba7f1c47c43c4fe8b69559,98.343600
theo_n,12,20,false,9,9,offchain,500,16,1.324700,121.211700,201.228800,202.553500,7.183600,true,3104,,0x2fe6349b77f8b704a4b6fda6a67fa440bb1a7ac8a5722ef77d23ee9340b379ca,0x26790d62c5185858bb332e4f92f692c84b23c6be4b30b5a66dce2e37e083442b,96.966300
theo_n,12,21,false,9,9,offchain,500,17,1.417200,124.420100,206.566800,207.984000,7.276900,true,3104,,0x2fe6349b77f8b704a4b6fda6a67fa440bb1a7ac8a5722ef77d23ee9340b379ca,0x0238145a7cd2114ded0673cf7b04a8dcef4690c839f508dd14cb073e332ab139,92.550100
theo_n,12,22,false,9,9,offchain,500,18,1.376200,124.515900,199.756200,201.132400,6.898800,true,3104,,0x2fe6349b77f8b704a4b6fda6a67fa440bb1a7ac8a5722ef77d23ee9340b379ca,0x36fc3e2add7d8d3afc785b77a54fd23964e7cb8eb494e13e9c6a887965a847cf,92.813700
theo_n,12,23,false,9,9,offchain,500,19,1.292200,122.751100,205.353300,206.645500,7.118900,true,3104,,0x2fe6349b77f8b704a4b6fda6a67fa440bb1a7ac8a5722ef77d23ee9340b379ca,0x3cab613111c672bcddd2485adbf14ab6c8aec112b50ea0005aa159b8d973387b,98.328300
theo_n,12,24,false,9,9,offchain,500,20,1.420900,123.051200,201.832400,203.253300,7.273500,true,3104,,0x2fe6349b77f8b704a4b6fda6a67fa440bb1a7ac8a5722ef77d23ee9340b379ca,0x0f5ba5eafbd37105956aad8ad60c718f4f0f8c32793fa14d010ec4a8efd5896c,95.130200
theo_n,12,25,false,9,9,offchain,500,21,1.368000,121.930800,199.632600,201.000600,6.967500,true,3104,,0x2fe6349b77f8b704a4b6fda6a67fa440bb1a7ac8a5722ef77d23ee9340b379ca,0x345865de75a078c2601df5bf7b8ac01ddc913428ad55c6842fd239d9c1bb2bee,92.752100
theo_n,12,26,false,9,9,offchain,500,22,1.371100,123.085800,219.233800,220.604900,6.965800,true,3104,,0x2fe6349b77f8b704a4b6fda6a67fa440bb1a7ac8a5722ef77d23ee9340b379ca,0x381949a023bad7dd72b836139501a18bde8117197414fc26e1861c5833221a06,92.530600
theo_n,12,27,false,9,9,offchain,500,23,1.368800,121.884800,198.247500,199.616300,7.171300,true,3104,,0x2fe6349b77f8b704a4b6fda6a67fa440bb1a7ac8a5722ef77d23ee9340b379ca,0x36c9f307ec5cae6c551dbd4ee41275b93d6012c1496b7b824b693747101e4649,92.768900
theo_n,12,28,false,9,9,offchain,500,24,1.390100,123.063300,198.779500,200.169600,6.974000,true,3104,,0x2fe6349b77f8b704a4b6fda6a67fa440bb1a7ac8a5722ef77d23ee9340b379ca,0x0e4fa672364ff8d28d324fa63f54a5c0af0eb28a17068e9ff96618692a930a1f,92.055100
theo_n,12,29,false,9,9,offchain,500,25,1.352100,123.096200,200.425700,201.777800,7.022600,true,3104,,0x2fe6349b77f8b704a4b6fda6a67fa440bb1a7ac8a5722ef77d23ee9340b379ca,0x1d296167df1398272a65c2152fa42bac6f090a91ea2ef72b15701ec5c4e7351d,94.290100
theo_n,12,30,false,9,9,offchain,500,26,1.380600,177.371300,201.559900,202.940500,7.283000,true,3104,,0x2fe6349b77f8b704a4b6fda6a67fa440bb1a7ac8a5722ef77d23ee9340b379ca,0x158799b447546c84c9076c82c385cdacf0e2ce1ba4d011ac2f9b9cca4abbe22b,94.684200
theo_n,12,31,false,9,9,offchain,500,27,1.400000,121.118600,198.071700,199.471700,7.070500,true,3104,,0x2fe6349b77f8b704a4b6fda6a67fa440bb1a7ac8a5722ef77d23ee9340b379ca,0x3d6b035fd78b94d7dc88fa276f05bef4a4cb011ff779ffface9f0ef9dff9ef49,92.094700
theo_n,12,32,false,9,9,offchain,500,28,1.337400,122.537700,198.140400,199.477800,6.877900,true,3104,,0x2fe6349b77f8b704a4b6fda6a67fa440bb1a7ac8a5722ef77d23ee9340b379ca,0x1081e5213854c477ad9b853775007aac6aa3572c9092f3d51ef4069d592bf93d,92.674200
theo_n,12,33,false,9,9,offchain,500,29,1.358600,127.794600,200.008100,201.366700,6.830100,true,3104,,0x2fe6349b77f8b704a4b6fda6a67fa440bb1a7ac8a5722ef77d23ee9340b379ca,0x3265c24e296401ba9bb56bba84a98f7974893fb4ba831c612c6aee4f8e36b5ba,96.163100
theo_n,12,34,false,9,9,offchain,500,30,1.348800,122.119600,199.176400,200.525200,6.933900,true,3104,,0x2fe6349b77f8b704a4b6fda6a67fa440bb1a7ac8a5722ef77d23ee9340b379ca,0x37a34c44838bbc5fb890e04ebc426a8b9e08b427b297c08c0aabe144b3adcf0c,97.751700
theo_n,12,35,false,9,9,offchain,500,31,1.342600,122.933500,206.410600,207.753200,7.054600,true,3104,,0x2fe6349b77f8b704a4b6fda6a67fa440bb1a7ac8a5722ef77d23ee9340b379ca,0x15f9e59991adcbfb9befc7df4a64145357c0258a75825b8d54edb79a3876ae09,92.327100
theo_n,12,36,false,9,9,offchain,500,32,1.367800,122.815500,203.806200,205.174000,7.108600,true,3104,,0x2fe6349b77f8b704a4b6fda6a67fa440bb1a7ac8a5722ef77d23ee9340b379ca,0x2a09e0c9376ab1887e8ed9bdda26a27447b81b76c47152c2d50104fc5626ecc3,93.059500
theo_n,12,37,false,9,9,offchain,500,33,1.405400,121.133800,200.080200,201.485600,6.933200,true,3104,,0x2fe6349b77f8b704a4b6fda6a67fa440bb1a7ac8a5722ef77d23ee9340b379ca,0x2a9f0a9dfefd0b687425dbc05c820a0f13332e787844dda043d22dd10df498a6,92.810900
theo_n,12,38,false,9,9,offchain,500,34,1.340600,123.300300,202.977700,204.318300,7.244800,true,3104,,0x2fe6349b77f8b704a4b6fda6a67fa440bb1a7ac8a5722ef77d23ee9340b379ca,0x09e02495203c5b1835b1ad1db270049b8a4119702d53dd5886a235a5996bb099,93.680000
theo_n,12,39,false,9,9,offchain,500,35,1.396400,122.618100,200.679000,202.075400,6.947700,true,3104,,0x2fe6349b77f8b704a4b6fda6a67fa440bb1a7ac8a5722ef77d23ee9340b379ca,0x15b24bdd1b4b0a5fc499fc6c2dac6f90ccd9b28ef26c850a65e3f88b5c06ccec,92.485600
theo_n,12,40,false,9,9,offchain,500,36,1.341900,122.620700,201.310400,202.652300,7.194800,true,3104,,0x2fe6349b77f8b704a4b6fda6a67fa440bb1a7ac8a5722ef77d23ee9340b379ca,0x137e941e9cc4e3016c6985e12467691777c8c4a841527789f6bd0dec5f565c59,96.520000
theo_n,12,41,false,9,9,offchain,500,37,1.665400,124.714500,201.755100,203.420500,7.596400,true,3104,,0x2fe6349b77f8b704a4b6fda6a67fa440bb1a7ac8a5722ef77d23ee9340b379ca,0x10cadd1521fa6c0179e0ee11c59d94bc5304a9bba12cff518811447f7919e2cf,94.261100
theo_n,12,42,false,9,9,offchain,500,38,1.468100,124.960900,201.438400,202.906500,6.791600,true,3104,,0x2fe6349b77f8b704a4b6fda6a67fa440bb1a7ac8a5722ef77d23ee9340b379ca,0x1ad7e7d5b9ef8cfc0e8304ce037203d2aa80e2e3fcc45eac7c2a356351250524,93.144300
theo_n,12,43,false,9,9,offchain,500,39,1.348500,120.902300,197.994500,199.343000,6.885200,true,3104,,0x2fe6349b77f8b704a4b6fda6a67fa440bb1a7ac8a5722ef77d23ee9340b379ca,0x36fe2e9f819dd0e65c674f1dee54da6f9c1a176a655df186b096a3562d852a5d,94.994400
theo_n,12,44,false,9,9,offchain,500,40,1.336000,188.002900,206.607500,207.943500,7.618500,true,3104,,0x2fe6349b77f8b704a4b6fda6a67fa440bb1a7ac8a5722ef77d23ee9340b379ca,0x097e34dde40b4321dd80c99af3ef8422ec3a73656e53dc07dbf162c1a7990a32,96.772600
theo_n,12,45,false,9,9,offchain,500,41,1.696800,125.410000,206.975500,208.672300,6.892500,true,3104,,0x2fe6349b77f8b704a4b6fda6a67fa440bb1a7ac8a5722ef77d23ee9340b379ca,0x2ca71bcca7bed8690446f6f35eb9fd301a721d2284d5a81310cbc89bc807c08e,92.086500
theo_n,12,46,false,9,9,offchain,500,42,1.321400,125.549600,205.932700,207.254100,7.276600,true,3104,,0x2fe6349b77f8b704a4b6fda6a67fa440bb1a7ac8a5722ef77d23ee9340b379ca,0x0eb7c2b13f35ce06c28ef680f6c4cfc8e527cd2cdca83ba49d331a8e5a1a2030,94.847100
theo_n,12,47,false,9,9,offchain,500,43,1.446900,125.946700,202.151400,203.598300,7.304100,true,3104,,0x2fe6349b77f8b704a4b6fda6a67fa440bb1a7ac8a5722ef77d23ee9340b379ca,0x34889aed5c7b552ca8c00a9c6ba49700ffd03085af8904500901bc4b08b58faf,93.741300
theo_n,12,48,false,9,9,offchain,500,44,1.732700,124.505400,200.687700,202.420400,6.985600,true,3104,,0x2fe6349b77f8b704a4b6fda6a67fa440bb1a7ac8a5722ef77d23ee9340b379ca,0x208406b0c74f9fd5c45c8ba2ee4f58074a9b3e8b67ad550e8c80895095d21eed,96.498600
theo_n,12,49,false,9,9,offchain,500,45,1.592700,121.159900,200.957900,202.550600,6.838800,true,3104,,0x2fe6349b77f8b704a4b6fda6a67fa440bb1a7ac8a5722ef77d23ee9340b379ca,0x1e6ba2529c1c51cd0ab99d61e03b52081a2b2f765f142557f0afeda0cff80314,92.625400
theo_n,12,50,false,9,9,offchain,500,46,1.318800,124.526400,200.427600,201.746400,7.513900,true,3104,,0x2fe6349b77f8b704a4b6fda6a67fa440bb1a7ac8a5722ef77d23ee9340b379ca,0x24f94e7f98d781cdf3066c1516e1288f985404d2f474d2be5266774f759c0039,92.528100
theo_n,12,51,false,9,9,offchain,500,47,1.376300,124.326700,201.571400,202.947700,7.197400,true,3104,,0x2fe6349b77f8b704a4b6fda6a67fa440bb1a7ac8a5722ef77d23ee9340b379ca,0x2bc29b9bb94e111d25dae872bbe9a152f2932fe5c2dcfe7eb4589c3e284bc396,93.111900
theo_n,12,52,false,9,9,offchain,500,48,1.421000,122.947200,201.976500,203.397500,7.050200,true,3104,,0x2fe6349b77f8b704a4b6fda6a67fa440bb1a7ac8a5722ef77d23ee9340b379ca,0x3f2c363255bd9ac2db73cd3a02d9edfe2fceaea459f1eae54a9417e23c73fada,94.772100
theo_n,12,53,false,9,9,offchain,500,49,1.316000,122.752100,202.829800,204.145800,7.185300,true,3104,,0x2fe6349b77f8b704a4b6fda6a67fa440bb1a7ac8a5722ef77d23ee9340b379ca,0x105b181bd6e1bf4ae344f18d215e64d69671f3453c5ff6e536444dcede6f7a8f,94.719500
theo_n,12,54,false,9,9,offchain,500,50,1.437300,124.026600,200.476100,201.913400,7.025700,true,3104,,0x2fe6349b77f8b704a4b6fda6a67fa440bb1a7ac8a5722ef77d23ee9340b379ca,0x367a05d4576bf040770a0dfac5509fa5d77a62782c579bdada5981fe12efaa67,95.693700
theo_n,12,55,false,9,9,offchain,500,51,1.383800,121.803100,201.837700,203.221500,6.869900,true,3104,,0x2fe6349b77f8b704a4b6fda6a67fa440bb1a7ac8a5722ef77d23ee9340b379ca,0x1112593ea96c064743ef0a2c5d82b857ff41e53ace5b4abe93b2df0e5fb58a59,94.969300
theo_n,12,56,false,9,9,offchain,500,52,1.346200,122.302700,198.343100,199.689300,6.879900,true,3104,,0x2fe6349b77f8b704a4b6fda6a67fa440bb1a7ac8a5722ef77d23ee9340b379ca,0x31b370304c7cff2f4a2864357ffd01bf85f723635ccd35fc4c428b4890f47af1,92.117300
theo_n,12,57,false,9,9,offchain,500,53,1.368000,120.896200,257.603000,258.971000,6.979100,true,3104,,0x2fe6349b77f8b704a4b6fda6a67fa440bb1a7ac8a5722ef77d23ee9340b379ca,0x3d3025827bdc7c1a4cbd2fa980467237f17ab492d307245233a87b8a643f14ab,91.945300
theo_n,12,58,false,9,9,offchain,500,54,1.328800,125.697800,202.109100,203.437900,7.223600,true,3104,,0x2fe6349b77f8b704a4b6fda6a67fa440bb1a7ac8a5722ef77d23ee9340b379ca,0x34d7867c81d1e736bb70575120a00d08e4553a45a5a5e8213e3ed3d5a862f77a,95.902800
theo_n,12,59,false,9,9,offchain,500,55,1.500700,124.206900,204.122900,205.623600,7.629800,true,3104,,0x2fe6349b77f8b704a4b6fda6a67fa440bb1a7ac8a5722ef77d23ee9340b379ca,0x0b7ae8d25e76a5df04d61997493591106f2d742c98bcb28761d82773bf2ab6b3,95.759300
theo_n,12,60,false,9,9,offchain,500,56,1.741500,128.594900,206.830400,208.571900,7.167600,true,3104,,0x2fe6349b77f8b704a4b6fda6a67fa440bb1a7ac8a5722ef77d23ee9340b379ca,0x356556a6e6dbcbcf708a745b17a7298946c2d98eb9c544686c018651329069f8,94.729000
theo_n,12,61,false,9,9,offchain,500,57,1.652800,127.312000,228.577000,230.229800,7.247900,true,3104,,0x2fe6349b77f8b704a4b6fda6a67fa440bb1a7ac8a5722ef77d23ee9340b379ca,0x35affd8d03feade30e8bcc85d92d5c1e1c3f07572f69a33b47602db639ddf4eb,94.320800
theo_n,12,62,false,9,9,offchain,500,58,1.403400,127.131500,204.171100,205.574500,7.230200,true,3104,,0x2fe6349b77f8b704a4b6fda6a67fa440bb1a7ac8a5722ef77d23ee9340b379ca,0x35d159d0434207d958c002bfb58c81e555036eebb77fc92f633d8e45e4138d3a,97.041900
theo_n,12,63,false,9,9,offchain,500,59,1.400200,126.430500,202.718600,204.118800,7.060300,true,3104,,0x2fe6349b77f8b704a4b6fda6a67fa440bb1a7ac8a5722ef77d23ee9340b379ca,0x33b7affbeb57a5b82b7b9d668af0c3c7fbda480046926717d3b00c571eb87be4,93.580500
theo_n,12,64,false,9,9,offchain,500,60,1.343500,122.981600,206.136500,207.480000,7.394400,true,3104,,0x2fe6349b77f8b704a4b6fda6a67fa440bb1a7ac8a5722ef77d23ee9340b379ca,0x296ae6ced3f1274fe7a3358843e0c842a75bda60b852b254b477f46d82eecc71,99.336200
theo_n,12,65,false,9,9,offchain,500,61,1.361500,129.189800,206.967200,208.328700,6.888200,true,3104,,0x2fe6349b77f8b704a4b6fda6a67fa440bb1a7ac8a5722ef77d23ee9340b379ca,0x175131215e7801d8395735d66582488a3f45cf21ca4ac3df1895dd49dca8490d,96.734000
theo_n,12,66,false,9,9,offchain,500,62,1.317400,122.298400,206.342100,207.659500,7.302600,true,3104,,0x2fe6349b77f8b704a4b6fda6a67fa440bb1a7ac8a5722ef77d23ee9340b379ca,0x3493b117c949b0c7fad43853e1a11f960ec57e40ed3fedbbe9f6ee98f440c1a2,93.115500
theo_n,12,67,false,9,9,offchain,500,63,1.425500,130.074900,211.237600,212.663100,7.314600,true,3104,,0x2fe6349b77f8b704a4b6fda6a67fa440bb1a7ac8a5722ef77d23ee9340b379ca,0x151375a0e2cab64803c0677384030f3bf8d86c80fe19936a69f563c59fab30b1,96.625700
theo_n,12,68,false,9,9,offchain,500,64,1.485600,126.992600,204.505500,205.991100,7.476500,true,3104,,0x2fe6349b77f8b704a4b6fda6a67fa440bb1a7ac8a5722ef77d23ee9340b379ca,0x30b5adb40a92895d5ed53a0eeaa9d3c785cd219d950238043d775a741b72bb2c,93.899000
theo_n,12,69,false,9,9,offchain,500,65,1.531500,126.796100,234.158500,235.690000,8.348900,true,3104,,0x2fe6349b77f8b704a4b6fda6a67fa440bb1a7ac8a5722ef77d23ee9340b379ca,0x1fc6ffb941b71d65890a8e4128804db657be13262093318e86e8b548e0617dcf,98.723900
theo_n,12,70,false,9,9,offchain,500,66,1.447500,130.981400,214.959500,216.407000,7.370400,true,3104,,0x2fe6349b77f8b704a4b6fda6a67fa440bb1a7ac8a5722ef77d23ee9340b379ca,0x1974a9d05c061a4d1440c8e3477485d22643c540777402f3ff4d1226b013dd7b,97.423300
theo_n,12,71,false,9,9,offchain,500,67,1.390000,127.251700,209.391100,210.781100,7.210400,true,3104,,0x2fe6349b77f8b704a4b6fda6a67fa440bb1a7ac8a5722ef77d23ee9340b379ca,0x236dbf65939ffa8990a49eac3c48842c8b57d7d33627159fd2f4de1b078902fb,93.935000
theo_n,12,72,false,9,9,offchain,500,68,1.567700,183.222100,212.926500,214.494200,7.343600,true,3104,,0x2fe6349b77f8b704a4b6fda6a67fa440bb1a7ac8a5722ef77d23ee9340b379ca,0x069866effa4c385eb367f3e53f17d9a75ce227086c72ae9ebb073fc645606741,97.586200
theo_n,12,73,false,9,9,offchain,500,69,1.415300,126.849500,206.747500,208.162800,7.402200,true,3104,,0x2fe6349b77f8b704a4b6fda6a67fa440bb1a7ac8a5722ef77d23ee9340b379ca,0x0c43daa5853350e5fcd53cbe3a9849e42382c8128e6dc59b4a82cd69f7f04379,93.746400
theo_n,12,74,false,9,9,offchain,500,70,1.431700,123.859000,201.883400,203.315100,6.946200,true,3104,,0x2fe6349b77f8b704a4b6fda6a67fa440bb1a7ac8a5722ef77d23ee9340b379ca,0x020d9be1a95e587f228ddbf0721bfd65be3457d210f44a88755fcf5c8c274fb9,92.622100
theo_n,12,75,false,9,9,offchain,500,71,1.435200,124.532100,202.027000,203.462200,6.826500,true,3104,,0x2fe6349b77f8b704a4b6fda6a67fa440bb1a7ac8a5722ef77d23ee9340b379ca,0x1a892e6a7dc74c42986987fd5e36d2b0742f47af2460dbf0d9fe60320a89d30c,92.449700
theo_n,12,76,false,9,9,offchain,500,72,1.362000,122.285400,209.172100,210.534100,6.849800,true,3104,,0x2fe6349b77f8b704a4b6fda6a67fa440bb1a7ac8a5722ef77d23ee9340b379ca,0x24012d177461a632d9c00545fb9834207a4f0913b93c92f9dc477d249a4f5b8b,94.581900
theo_n,12,77,false,9,9,offchain,500,73,1.697200,121.252100,200.413400,202.110600,6.964400,true,3104,,0x2fe6349b77f8b704a4b6fda6a67fa440bb1a7ac8a5722ef77d23ee9340b379ca,0x15ddc7f941eb827dc742c94242cdb4202a7531ffe2e1320abb9f2e10c4d46bba,92.987500
theo_n,12,78,false,9,9,offchain,500,74,1.433300,123.505000,220.226600,221.659900,7.371400,true,3104,,0x2fe6349b77f8b704a4b6fda6a67fa440bb1a7ac8a5722ef77d23ee9340b379ca,0x0bef9a92e07a5e21d94c0109eaaf18de8f6698543279171aea36f65fee1fe308,91.958000
theo_n,12,79,false,9,9,offchain,500,75,1.378400,124.763600,202.678100,204.056500,7.755800,true,3104,,0x2fe6349b77f8b704a4b6fda6a67fa440bb1a7ac8a5722ef77d23ee9340b379ca,0x293dbbf2e0ee6a2c3f9223b121d1a2cfd00c97f67d78970374e17dd67a1d74bc,94.282100
theo_n,12,80,false,9,9,offchain,500,76,1.384800,121.863800,215.817500,217.202300,7.295000,true,3104,,0x2fe6349b77f8b704a4b6fda6a67fa440bb1a7ac8a5722ef77d23ee9340b379ca,0x112b1e399fc3ea2c4aa6bc7984dc59c250534aaf21590b036ca8a9e49ec93728,94.403400
theo_n,12,81,false,9,9,offchain,500,77,1.383600,130.567600,232.675900,234.059500,7.435600,true,3104,,0x2fe6349b77f8b704a4b6fda6a67fa440bb1a7ac8a5722ef77d23ee9340b379ca,0x2c391d862675b985122b7bde54e8a2413c33251b7ffea59b3eecf9be7a7ab553,97.151800
theo_n,12,82,false,9,9,offchain,500,78,1.600600,130.000800,208.600300,210.200900,7.227600,true,3104,,0x2fe6349b77f8b704a4b6fda6a67fa440bb1a7ac8a5722ef77d23ee9340b379ca,0x2b063c3c5c49d33b2da3b817ec149aeae6d7a130d98f861a5ee98a2c27732ff6,95.825800
theo_n,12,83,false,9,9,offchain,500,79,1.377100,129.903000,211.832800,213.209900,7.325200,true,3104,,0x2fe6349b77f8b704a4b6fda6a67fa440bb1a7ac8a5722ef77d23ee9340b379ca,0x03a944ffedcb6bd46ba34969f9ffb92fb3a4bf32edf50f1fdbd95a6f28a4f8d5,96.434900
theo_n,12,84,false,9,9,offchain,500,80,1.373900,127.432900,208.743000,210.116900,7.380300,true,3104,,0x2fe6349b77f8b704a4b6fda6a67fa440bb1a7ac8a5722ef77d23ee9340b379ca,0x226db5137513309d4a578e1f59e1687c5f8889c53b1e62025e1a3b2ccf3a2eec,95.140900
theo_n,12,85,false,9,9,offchain,500,81,1.490300,127.734400,269.531300,271.021600,7.221800,true,3104,,0x2fe6349b77f8b704a4b6fda6a67fa440bb1a7ac8a5722ef77d23ee9340b379ca,0x2327c5299fb59360173e53531f8cfb46faae6cbd3a39b734d4ac13a79305c10c,95.483500
theo_n,12,86,false,9,9,offchain,500,82,1.435100,125.940200,212.069800,213.504900,7.141000,true,3104,,0x2fe6349b77f8b704a4b6fda6a67fa440bb1a7ac8a5722ef77d23ee9340b379ca,0x1461edaabe49fbac3d272dd17fa989d2232a197f9f33322d31517a085e7074f6,96.472400
theo_n,12,87,false,9,9,offchain,500,83,1.402100,126.811500,216.194600,217.596700,7.186500,true,3104,,0x2fe6349b77f8b704a4b6fda6a67fa440bb1a7ac8a5722ef77d23ee9340b379ca,0x036eb7ef90ea532940cdc20ddf72d9e73001492b4888e85fc17a9f09d7452fca,103.222500
theo_n,12,88,false,9,9,offchain,500,84,1.467000,130.732500,212.895500,214.362500,7.428800,true,3104,,0x2fe6349b77f8b704a4b6fda6a67fa440bb1a7ac8a5722ef77d23ee9340b379ca,0x031f5573c450699b4dded04131f53dd85bb0e4432251025023c38abb65b61e56,93.269800
theo_n,12,89,false,9,9,offchain,500,85,1.526100,127.036100,204.193700,205.719800,7.133500,true,3104,,0x2fe6349b77f8b704a4b6fda6a67fa440bb1a7ac8a5722ef77d23ee9340b379ca,0x156c7ab873f453c200252bcd74f48164369d02b50a57d9689bc723194b8b3802,95.290500
theo_n,12,90,false,9,9,offchain,500,86,1.398800,130.158600,222.388900,223.787700,7.817500,true,3104,,0x2fe6349b77f8b704a4b6fda6a67fa440bb1a7ac8a5722ef77d23ee9340b379ca,0x331138e04ece8a2e6cbb3bc5d980ffb4f9dde1068e227fdb9832b846faaeca0e,95.383700
theo_n,12,91,false,9,9,offchain,500,87,1.469300,129.392400,206.578500,208.047800,7.165500,true,3104,,0x2fe6349b77f8b704a4b6fda6a67fa440bb1a7ac8a5722ef77d23ee9340b379ca,0x089d1aa1c2473d25b78af6935dcb93bd07aebbac0257d4d611f18fb5f545beeb,96.924100
theo_n,12,92,false,9,9,offchain,500,88,1.393100,127.486800,211.949400,213.342500,7.296300,true,3104,,0x2fe6349b77f8b704a4b6fda6a67fa440bb1a7ac8a5722ef77d23ee9340b379ca,0x1e93ea44a887f2e8fd076e0c7713ae9d34036e5aee4404a35e4b44acd32346c5,96.025200
theo_n,12,93,false,9,9,offchain,500,89,1.470900,126.966600,214.230800,215.701700,7.310700,true,3104,,0x2fe6349b77f8b704a4b6fda6a67fa440bb1a7ac8a5722ef77d23ee9340b379ca,0x1e123929cf2884f04173384ef96a723d1629eafc520534c33d5c33cbc548d4e0,96.125900
theo_n,12,94,false,9,9,offchain,500,90,1.418100,124.617300,204.964800,206.382900,7.265600,true,3104,,0x2fe6349b77f8b704a4b6fda6a67fa440bb1a7ac8a5722ef77d23ee9340b379ca,0x07e2ce03aef8e0a6f9039888b6581209d9b4511b0045717f795cd28f3fae8498,92.874600
theo_n,12,95,false,9,9,offchain,500,91,1.383100,125.013100,217.846100,219.229200,7.202400,true,3104,,0x2fe6349b77f8b704a4b6fda6a67fa440bb1a7ac8a5722ef77d23ee9340b379ca,0x22742fe979ce969d4cdb11f8076cc0152138d594231440b7590a9792caa27ff7,95.931900
theo_n,12,96,false,9,9,offchain,500,92,1.440500,126.566900,203.458700,204.899200,6.919300,true,3104,,0x2fe6349b77f8b704a4b6fda6a67fa440bb1a7ac8a5722ef77d23ee9340b379ca,0x2c9d50760aaf6391e556a5ba1c0804e54a3fda00913318e43a266220c37eb935,94.922000
theo_n,12,97,false,9,9,offchain,500,93,1.299000,120.844000,203.170300,204.469300,6.940100,true,3104,,0x2fe6349b77f8b704a4b6fda6a67fa440bb1a7ac8a5722ef77d23ee9340b379ca,0x3a752b4e6c05bd74df2d94939f850a55f28a17cceaae03d38743bd8ff61e3d5d,92.730000
theo_n,12,98,false,9,9,offchain,500,94,1.345300,121.657800,203.170700,204.516000,7.287400,true,3104,,0x2fe6349b77f8b704a4b6fda6a67fa440bb1a7ac8a5722ef77d23ee9340b379ca,0x3925e2a85c45e174b3dfeacf4d2c36c0b1ae3ff62b57faffa83a135bc086fce8,93.303000
theo_n,12,99,false,9,9,offchain,500,95,1.339400,123.699800,199.914900,201.254300,6.919200,true,3104,,0x2fe6349b77f8b704a4b6fda6a67fa440bb1a7ac8a5722ef77d23ee9340b379ca,0x022f8d0056933c95a43ba5b04cd9ad652953a2b5d0d3aea294037033125f5765,93.177600
theo_n,12,100,false,9,9,offchain,500,96,1.364400,173.452600,200.212500,201.576900,7.135600,true,3104,,0x2fe6349b77f8b704a4b6fda6a67fa440bb1a7ac8a5722ef77d23ee9340b379ca,0x1e9e2ade609569ab986455245dcd3a8d2cd79d70b61138c0bbd820794bef794a,94.009500
theo_n,12,101,false,9,9,offchain,500,97,1.418100,125.632300,211.933400,213.351500,7.409300,true,3104,,0x2fe6349b77f8b704a4b6fda6a67fa440bb1a7ac8a5722ef77d23ee9340b379ca,0x0ea9443dedf0f039461915c560ef0cd5202bc412a1277392db3c9b94736e19df,96.256100
theo_n,12,102,false,9,9,offchain,500,98,1.460400,127.638500,209.375300,210.835700,7.595100,true,3104,,0x2fe6349b77f8b704a4b6fda6a67fa440bb1a7ac8a5722ef77d23ee9340b379ca,0x33d4f89aea0692092e94f05f3633d908bf3138cbfc5e1524f6fdeddce4b4e37b,95.381600
theo_n,12,103,false,9,9,offchain,500,99,1.493900,126.550400,207.031200,208.525100,8.203400,true,3104,,0x2fe6349b77f8b704a4b6fda6a67fa440bb1a7ac8a5722ef77d23ee9340b379ca,0x2b4e96ee32f42f486de93dd2eb20d76741a3b2ea70a7b41595a5a54555e92a95,94.451800
theo_n,12,104,false,9,9,offchain,500,100,1.452300,131.424500,216.117500,217.569800,7.330600,true,3104,,0x2fe6349b77f8b704a4b6fda6a67fa440bb1a7ac8a5722ef77d23ee9340b379ca,0x07dd3f3c07969f48e22eaefcb1c5569a39fc4b5885b4a1a410401d462bfbb021,95.840200
theo_n,12,105,false,9,9,offchain,500,101,1.467300,147.865600,208.036200,209.503500,7.193500,true,3104,,0x2fe6349b77f8b704a4b6fda6a67fa440bb1a7ac8a5722ef77d23ee9340b379ca,0x0e7c2cec7b8eb7ce364425826dcf236c306113c8e5096126d3d3ca58007f19a9,96.244400
theo_n,12,106,false,9,9,offchain,500,102,1.787100,129.995700,205.475700,207.262800,7.267100,true,3104,,0x2fe6349b77f8b704a4b6fda6a67fa440bb1a7ac8a5722ef77d23ee9340b379ca,0x069e4120e2f7b77982127dc2138ad2c56e45d0e048c76797782b2a01372efecf,93.441500
theo_n,12,107,false,9,9,offchain,500,103,1.407000,127.273500,220.842700,222.249700,7.496700,true,3104,,0x2fe6349b77f8b704a4b6fda6a67fa440bb1a7ac8a5722ef77d23ee9340b379ca,0x1ee271b4609e05c1ab103aa937284d86c9dd1b64ab6e491e602267a604692b62,93.481000
theo_n,12,108,false,9,9,offchain,500,104,1.923300,125.772900,202.620300,204.543600,7.356200,true,3104,,0x2fe6349b77f8b704a4b6fda6a67fa440bb1a7ac8a5722ef77d23ee9340b379ca,0x18746a559176446a8ab51169501690db7490a782636c8990c5bbaea396bd0089,96.754600
theo_n,12,109,false,9,9,offchain,500,105,1.376100,124.763800,209.055600,210.431700,7.241200,true,3104,,0x2fe6349b77f8b704a4b6fda6a67fa440bb1a7ac8a5722ef77d23ee9340b379ca,0x3603939325fcca133581f5e01b0a873c4fb86ff8c8501029242d231030ae4730,94.715000
theo_n,12,110,false,9,9,offchain,500,106,1.875300,126.919100,204.688500,206.563800,7.240000,true,3104,,0x2fe6349b77f8b704a4b6fda6a67fa440bb1a7ac8a5722ef77d23ee9340b379ca,0x0309957ed4a228beae35d67e8be5072b3906f9fcf498fd7b8edd8f5cc1e90b88,93.638000
theo_n,12,111,false,9,9,offchain,500,107,1.379800,123.157600,202.100700,203.480500,6.907800,true,3104,,0x2fe6349b77f8b704a4b6fda6a67fa440bb1a7ac8a5722ef77d23ee9340b379ca,0x0e535e810973fbba586c3e7e8a4861b5d0379a483763a0b061dea657c3c82ba1,92.276700
theo_n,12,112,false,9,9,offchain,500,108,1.372000,121.357200,200.189900,201.561900,7.652000,true,3104,,0x2fe6349b77f8b704a4b6fda6a67fa440bb1a7ac8a5722ef77d23ee9340b379ca,0x2eb59862fcca804139e5e625af2d2e58ca75ea2cbe558917f84c9049f03acf89,106.435500
theo_n,12,113,false,9,9,offchain,500,109,1.432100,126.547300,278.290600,279.722700,7.298600,true,3104,,0x2fe6349b77f8b704a4b6fda6a67fa440bb1a7ac8a5722ef77d23ee9340b379ca,0x0eb03cbc9ef61500ebf9525588c063fb9b3da9023a8e98f4e422fbc8b83d21b1,93.774300
theo_n,12,114,false,9,9,offchain,500,110,1.568100,122.989600,200.381800,201.949900,7.204100,true,3104,,0x2fe6349b77f8b704a4b6fda6a67fa440bb1a7ac8a5722ef77d23ee9340b379ca,0x2ac49a4ce2066f1f950b20ddfcb22fb7b78f06ff7fc85c670eb62aa061a87187,95.592700
theo_n,12,115,false,9,9,offchain,500,111,1.455100,124.237700,202.768000,204.223100,7.029900,true,3104,,0x2fe6349b77f8b704a4b6fda6a67fa440bb1a7ac8a5722ef77d23ee9340b379ca,0x3fedb8027593a48bc73096ede0cc86b15ecc486ec6a5cce25e52762ed90b53e5,94.428000
theo_n,12,116,false,9,9,offchain,500,112,1.391000,124.591800,202.058800,203.449800,6.830100,true,3104,,0x2fe6349b77f8b704a4b6fda6a67fa440bb1a7ac8a5722ef77d23ee9340b379ca,0x048dad16b9456d602a09fa4858215cb8db44318b5e5f2cdb8c55d30b16a04ecd,95.867100
theo_n,12,117,false,9,9,offchain,500,113,1.346900,122.382800,198.693800,200.040700,6.941500,true,3104,,0x2fe6349b77f8b704a4b6fda6a67fa440bb1a7ac8a5722ef77d23ee9340b379ca,0x3a0f925adf8dcb5a9007b938d68416ada618ec3a24ccb916238a7503423eb662,92.807000
theo_n,12,118,false,9,9,offchain,500,114,1.605500,120.928400,204.793900,206.399400,6.945400,true,3104,,0x2fe6349b77f8b704a4b6fda6a67fa440bb1a7ac8a5722ef77d23ee9340b379ca,0x1f8dfb17f1ed7fd6841c4acacd125800bd853f2037fb0b9f940d34a73849f015,93.065800
theo_n,12,119,false,9,9,offchain,500,115,1.364400,121.373200,199.353600,200.718000,6.918200,true,3104,,0x2fe6349b77f8b704a4b6fda6a67fa440bb1a7ac8a5722ef77d23ee9340b379ca,0x07bb3c6e78f4931129730cc25a5ebad89b00ac25faa34a030e5bfd6731e85674,95.667400
theo_n,12,120,false,9,9,offchain,500,116,1.377300,121.360000,199.402300,200.779600,6.930800,true,3104,,0x2fe6349b77f8b704a4b6fda6a67fa440bb1a7ac8a5722ef77d23ee9340b379ca,0x0f8a51ebe6181317894fee2445b9ee879f41541327aadc9716339ddaa2011394,92.578400
theo_n,12,121,false,9,9,offchain,500,117,1.373400,121.344000,201.063600,202.437000,7.165600,true,3104,,0x2fe6349b77f8b704a4b6fda6a67fa440bb1a7ac8a5722ef77d23ee9340b379ca,0x3258a1b5cb69e9110e9233821657be6749c3bc471f62caa7965fd6bbe878a6b3,94.000700
theo_n,12,122,false,9,9,offchain,500,118,1.334600,125.934900,203.735000,205.069600,7.396000,true,3104,,0x2fe6349b77f8b704a4b6fda6a67fa440bb1a7ac8a5722ef77d23ee9340b379ca,0x0b4cf66301a979297eb4cef7143a3682226951e81dece88c104598edfa32bb85,94.567600
theo_n,12,123,false,9,9,offchain,500,119,1.409000,127.738100,204.508700,205.917700,7.038100,true,3104,,0x2fe6349b77f8b704a4b6fda6a67fa440bb1a7ac8a5722ef77d23ee9340b379ca,0x34a220c56a32ce4457faa733c28fe8ee0c8ba0a43da4c315660071848d20df18,94.959000
theo_n,12,124,false,9,9,offchain,500,120,1.387300,129.377900,227.925200,229.312500,7.972700,true,3104,,0x2fe6349b77f8b704a4b6fda6a67fa440bb1a7ac8a5722ef77d23ee9340b379ca,0x068aa72ec6c7edbcc433477b49b79c9fc5b18b94a01b5d659330c7a316f3de52,104.000100
theo_n,12,125,false,9,9,offchain,500,121,1.972100,159.059200,233.692100,235.664200,7.139500,true,3104,,0x2fe6349b77f8b704a4b6fda6a67fa440bb1a7ac8a5722ef77d23ee9340b379ca,0x05910f7ef3cccefaa26c691a704fc7c2a067f59954c37580e9918504530860f3,101.097900
theo_n,12,126,false,9,9,offchain,500,122,1.379100,130.382600,269.410500,270.789600,7.283300,true,3104,,0x2fe6349b77f8b704a4b6fda6a67fa440bb1a7ac8a5722ef77d23ee9340b379ca,0x2930049629a267aaa310ccce1d3a825b16928a8eae5424f1295da642ca91151e,97.514600
theo_n,12,127,false,9,9,offchain,500,123,1.492600,133.438400,210.139200,211.631800,7.321500,true,3104,,0x2fe6349b77f8b704a4b6fda6a67fa440bb1a7ac8a5722ef77d23ee9340b379ca,0x2867e36b12f207389b85f3a7f86ae38b2c25f5cef79359d3774eb971b87710ed,97.696700
theo_n,12,128,false,9,9,offchain,500,124,1.416800,127.812800,210.980200,212.397000,8.095400,true,3104,,0x2fe6349b77f8b704a4b6fda6a67fa440bb1a7ac8a5722ef77d23ee9340b379ca,0x21557e7edae2f2f3f591cd9dab903ca6c63f3d7fbfdf3770ed8988d5802bacc4,95.517600
theo_n,12,129,false,9,9,offchain,500,125,1.517500,127.523000,207.825000,209.342500,7.204400,true,3104,,0x2fe6349b77f8b704a4b6fda6a67fa440bb1a7ac8a5722ef77d23ee9340b379ca,0x0fde42439e029c080aebfe416b4f08e942d48d8f6d6a8d74d04bed8be3e1ed4b,100.886500
theo_n,12,130,false,9,9,offchain,500,126,1.475600,127.704600,241.165100,242.640700,8.383100,true,3104,,0x2fe6349b77f8b704a4b6fda6a67fa440bb1a7ac8a5722ef77d23ee9340b379ca,0x18c1b63ff8bbc1ea27b23ff824ecd084d481e647209ff99aa2ee13536afebf89,99.861400
theo_n,12,131,false,9,9,offchain,500,127,1.633600,133.790000,213.914900,215.548500,7.039100,true,3104,,0x2fe6349b77f8b704a4b6fda6a67fa440bb1a7ac8a5722ef77d23ee9340b379ca,0x1a79364a02b8abffda572de7da4499fa1cf6831620760579f9d0ec0961bba3a4,96.899100
theo_n,12,132,false,9,9,offchain,500,128,1.374100,126.161900,212.192600,213.566700,8.520600,true,3104,,0x2fe6349b77f8b704a4b6fda6a67fa440bb1a7ac8a5722ef77d23ee9340b379ca,0x0d1f3966fbb5632d1ddb8e1a83bed32d1e264a779841ee03a7ae4a67ea4aa1dc,94.908200
theo_n,12,133,false,9,9,offchain,500,129,1.353700,124.415500,204.560600,205.914300,7.214300,true,3104,,0x2fe6349b77f8b704a4b6fda6a67fa440bb1a7ac8a5722ef77d23ee9340b379ca,0x1516595735d5162e2a80b7eb0a22c57c57293051021f5154248f15e3e5191242,93.673600
theo_n,12,134,false,9,9,offchain,500,130,1.480200,126.954300,209.352200,210.832400,7.470600,true,3104,,0x2fe6349b77f8b704a4b6fda6a67fa440bb1a7ac8a5722ef77d23ee9340b379ca,0x2b218a7c4d1925e12f52195683b8baa6cfffe3df84bb3b7bbbc793689e7c83cf,96.572800
theo_n,12,135,false,9,9,offchain,500,131,1.441600,138.050900,212.161300,213.602900,7.106900,true,3104,,0x2fe6349b77f8b704a4b6fda6a67fa440bb1a7ac8a5722ef77d23ee9340b379ca,0x25aefaa0411f101d91baa21b0091f5694ab2599803c26962de027fc233035fe3,99.571800
theo_n,12,136,false,9,9,offchain,500,132,1.392600,129.270900,210.969400,212.362000,7.250300,true,3104,,0x2fe6349b77f8b704a4b6fda6a67fa440bb1a7ac8a5722ef77d23ee9340b379ca,0x17a70a53683d4b040c36c1fe255183f32f5dc797999a9319f4f4112c6a9a7c7e,97.225000
theo_n,12,137,false,9,9,offchain,500,133,1.452300,130.053800,211.521000,212.973300,7.194400,true,3104,,0x2fe6349b77f8b704a4b6fda6a67fa440bb1a7ac8a5722ef77d23ee9340b379ca,0x3399af32c63ecf5d04c6da4150a7cbff1075ef256625390233572dc8c51752ea,100.495600
theo_n,12,138,false,9,9,offchain,500,134,1.775600,128.709300,210.906600,212.682200,7.228100,true,3104,,0x2fe6349b77f8b704a4b6fda6a67fa440bb1a7ac8a5722ef77d23ee9340b379ca,0x2059c189bc871bf75ae46ccf0ba03b0242f2d9bf028cfd144bd09b783e6486a7,95.339400
theo_n,12,139,false,9,9,offchain,500,135,1.458200,127.792600,233.380100,234.838300,7.499100,true,3104,,0x2fe6349b77f8b704a4b6fda6a67fa440bb1a7ac8a5722ef77d23ee9340b379ca,0x01483b9f8413ba2c3770285aa5ca88003e247d038f65cf7c8e04329bd4ef9fb1,96.403300
theo_n,12,140,false,9,9,offchain,500,136,1.421400,185.145200,207.656300,209.077700,7.281000,true,3104,,0x2fe6349b77f8b704a4b6fda6a67fa440bb1a7ac8a5722ef77d23ee9340b379ca,0x3182b27c7f50b4f5591b48ea82a6812efc41aae5e762f089dcbfc44ffce137a0,95.003000
theo_n,12,141,false,9,9,offchain,500,137,1.508800,126.616800,207.811600,209.320400,7.234000,true,3104,,0x2fe6349b77f8b704a4b6fda6a67fa440bb1a7ac8a5722ef77d23ee9340b379ca,0x12b939036c5f5a6600e63b632922fc5585be477ef3b774b41eabcea9dde66bb9,95.386800
theo_n,12,142,false,9,9,offchain,500,138,1.399700,126.128300,206.947700,208.347400,6.951700,true,3104,,0x2fe6349b77f8b704a4b6fda6a67fa440bb1a7ac8a5722ef77d23ee9340b379ca,0x2c16b467a197afddb78e8a9e5831939c4dc8c1a85d9b04498c8dd859dc41ca60,98.443600
theo_n,12,143,false,9,9,offchain,500,139,1.363500,127.289000,222.226200,223.589700,7.955100,true,3104,,0x2fe6349b77f8b704a4b6fda6a67fa440bb1a7ac8a5722ef77d23ee9340b379ca,0x079b101af881ff3d804382dee9b96204698a0119a104b27bc0d7571326b7fde0,103.753500
theo_n,12,144,false,9,9,offchain,500,140,1.785300,133.842800,220.687300,222.472600,7.377200,true,3104,,0x2fe6349b77f8b704a4b6fda6a67fa440bb1a7ac8a5722ef77d23ee9340b379ca,0x19e60459517470537cdda65f9350fcb29de1d18f6de3ce2d26d063453f7a941c,97.593700
theo_n,12,145,false,9,9,offchain,500,141,1.454700,128.999000,210.740500,212.195200,7.165200,true,3104,,0x2fe6349b77f8b704a4b6fda6a67fa440bb1a7ac8a5722ef77d23ee9340b379ca,0x10eb3619499b37f4eeb5f8ce964a3da71095b68758dd7850248ab17def031631,96.302100
theo_n,12,146,false,9,9,offchain,500,142,1.590400,125.932600,218.937800,220.528200,7.336600,true,3104,,0x2fe6349b77f8b704a4b6fda6a67fa440bb1a7ac8a5722ef77d23ee9340b379ca,0x32f8601d3837a69cf0d53a7149a6ef9e290a6611a6328205091345073425a736,96.149100
theo_n,12,147,false,9,9,offchain,500,143,1.373200,136.550400,207.465700,208.838900,7.297900,true,3104,,0x2fe6349b77f8b704a4b6fda6a67fa440bb1a7ac8a5722ef77d23ee9340b379ca,0x398fc2634d5f6ca65eb333e515f35ee4c90fceb72ef92352576d5be9db50547a,95.237400
theo_n,12,148,false,9,9,offchain,500,144,1.449100,125.778500,208.038600,209.487700,7.229900,true,3104,,0x2fe6349b77f8b704a4b6fda6a67fa440bb1a7ac8a5722ef77d23ee9340b379ca,0x3e8ea1b06127b0023d665df6ed81fea19d43191da36ed477807d90072f8c1815,97.245500
theo_n,12,149,false,9,9,offchain,500,145,1.475200,126.623500,209.252600,210.727800,7.267500,true,3104,,0x2fe6349b77f8b704a4b6fda6a67fa440bb1a7ac8a5722ef77d23ee9340b379ca,0x2c50b4f04b0b926fe4c16e8f9aaa9aa8ad930e9a47866c1e50e4e68f58906bd8,96.361300
theo_n,12,150,false,9,9,offchain,500,146,1.495900,125.419200,213.206000,214.701900,7.253600,true,3104,,0x2fe6349b77f8b704a4b6fda6a67fa440bb1a7ac8a5722ef77d23ee9340b379ca,0x39a11cfc282eb588d3eb0fc40a8c7d8851fabcfad82e23c8b4cf395526b35b9d,94.936200
theo_n,12,151,false,9,9,offchain,500,147,1.386900,133.496800,215.577000,216.963900,7.818700,true,3104,,0x2fe6349b77f8b704a4b6fda6a67fa440bb1a7ac8a5722ef77d23ee9340b379ca,0x3775c61e39491aaa4e9ab624a54cd1dc6c02f169415dbcd7f46790d1a41d7959,96.989800
theo_n,12,152,false,9,9,offchain,500,148,1.405300,126.746100,212.375300,213.780600,7.334900,true,3104,,0x2fe6349b77f8b704a4b6fda6a67fa440bb1a7ac8a5722ef77d23ee9340b379ca,0x05f3478da4c9280431de1020e72a42e0a6930273bf7a93480c2dfbbbe6033d06,94.768000
theo_n,12,153,false,9,9,offchain,500,149,1.381400,124.969600,277.960700,279.342100,7.242200,true,3104,,0x2fe6349b77f8b704a4b6fda6a67fa440bb1a7ac8a5722ef77d23ee9340b379ca,0x030cce050af4b5d35d4022cbcb0373675ad6997be5109433676c856817260626,94.260300
theo_n,12,154,false,9,9,offchain,500,150,1.483800,124.922300,214.271000,215.754800,7.425300,true,3104,,0x2fe6349b77f8b704a4b6fda6a67fa440bb1a7ac8a5722ef77d23ee9340b379ca,0x111c7ea6a37c67383e91eaf03f5ab3472bcbc5bf9bbe05827503e4959341a4a1,99.140800
theo_n,12,155,false,9,9,offchain,500,151,1.420000,129.290500,209.947200,211.367200,7.148600,true,3104,,0x2fe6349b77f8b704a4b6fda6a67fa440bb1a7ac8a5722ef77d23ee9340b379ca,0x2bfee613bf81411c56d7ef0c003115e225069dab061b90e23a92b98c8ddb26f0,94.973500
theo_n,12,156,false,9,9,offchain,500,152,1.447600,125.981900,205.416100,206.863700,7.151500,true,3104,,0x2fe6349b77f8b704a4b6fda6a67fa440bb1a7ac8a5722ef77d23ee9340b379ca,0x383da1d3cf2b4eeffc1b06c810cfe86468f9bf5b7fe643f0b697fc5e1b8ab292,93.118700
theo_n,12,157,false,9,9,offchain,500,153,1.379500,123.851600,200.581400,201.960900,7.120600,true,3104,,0x2fe6349b77f8b704a4b6fda6a67fa440bb1a7ac8a5722ef77d23ee9340b379ca,0x3f2d01f65c8b8e3be93bcde41582075e16e5aeb952017f8f2da5e019d3e11bb3,94.854800
theo_n,12,158,false,9,9,offchain,500,154,1.701800,127.958000,223.126000,224.827800,7.288300,true,3104,,0x2fe6349b77f8b704a4b6fda6a67fa440bb1a7ac8a5722ef77d23ee9340b379ca,0x21380923866f671c7121d7026e7893bebc3ad0fd1eafa54a6c1ef9f7cf52785d,96.723600
theo_n,12,159,false,9,9,offchain,500,155,1.415000,126.604800,216.080000,217.495000,7.383700,true,3104,,0x2fe6349b77f8b704a4b6fda6a67fa440bb1a7ac8a5722ef77d23ee9340b379ca,0x34771d528051bff6572f82c1c48e74a8bba5258f56d6ff8bacddf42e45104d6a,93.369000
theo_n,12,160,false,9,9,offchain,500,156,1.362000,123.780600,200.228600,201.590600,7.357200,true,3104,,0x2fe6349b77f8b704a4b6fda6a67fa440bb1a7ac8a5722ef77d23ee9340b379ca,0x2100784b517b09d67e349bb488427c6b04de23e145a8194874ed65a9310e8861,92.804500
theo_n,12,161,false,9,9,offchain,500,157,1.331000,128.115300,218.162600,219.493600,6.962800,true,3104,,0x2fe6349b77f8b704a4b6fda6a67fa440bb1a7ac8a5722ef77d23ee9340b379ca,0x0285a09a47a8fa691ba13880fdc9852c771638cc32c694d8b098031a4eb27497,92.231400
theo_n,12,162,false,9,9,offchain,500,158,1.562400,121.753400,200.710400,202.272800,6.993500,true,3104,,0x2fe6349b77f8b704a4b6fda6a67fa440bb1a7ac8a5722ef77d23ee9340b379ca,0x1f6bee0fa69b1da9fd33c886502eb4f4125a1cb202a6c0edabcd48c39e3e5c00,94.698500
theo_n,12,163,false,9,9,offchain,500,159,1.762800,123.004700,210.695200,212.458000,7.404200,true,3104,,0x2fe6349b77f8b704a4b6fda6a67fa440bb1a7ac8a5722ef77d23ee9340b379ca,0x003bd1345f5975eabb5f63ea452e1b10998e7652b3623d6c6193d19e6398d8c6,97.423000
theo_n,12,164,false,9,9,offchain,500,160,1.402300,126.579600,208.733400,210.135700,7.465200,true,3104,,0x2fe6349b77f8b704a4b6fda6a67fa440bb1a7ac8a5722ef77d23ee9340b379ca,0x2921ba822ad6d8a81a6279252f1b385f548fe3027ab76082a833a84cfc2abe09,95.752700
theo_n,12,165,false,9,9,offchain,500,161,1.392100,128.362900,205.791500,207.183600,7.400800,true,3104,,0x2fe6349b77f8b704a4b6fda6a67fa440bb1a7ac8a5722ef77d23ee9340b379ca,0x29c4fa1e011e41b79a4af8eb2aa0d14b9a4beecaa1acfd3045ecc3ef3b06c2bd,94.255100
theo_n,12,166,false,9,9,offchain,500,162,1.464500,125.904700,206.834700,208.299200,7.286100,true,3104,,0x2fe6349b77f8b704a4b6fda6a67fa440bb1a7ac8a5722ef77d23ee9340b379ca,0x390b3baa40fc93b19b64ec900799079cc4c47fd9f7287fa8ebc0a95218b87163,95.414700
theo_n,12,167,false,9,9,offchain,500,163,1.449800,126.794000,264.297100,265.746900,7.291300,true,3104,,0x2fe6349b77f8b704a4b6fda6a67fa440bb1a7ac8a5722ef77d23ee9340b379ca,0x20865171893a06ff4935b221f4e2776f8cbd781eff8b1f83b803d8808c58ec6a,96.043600
theo_n,12,168,false,9,9,offchain,500,164,1.468100,127.617800,204.544700,206.012800,7.247800,true,3104,,0x2fe6349b77f8b704a4b6fda6a67fa440bb1a7ac8a5722ef77d23ee9340b379ca,0x29a76e3cc1f9dba9d4312df5f4a14fb4144d14d8831f4765b0bfe43a2e33262b,93.931000
theo_n,12,169,false,9,9,offchain,500,165,1.417600,125.321700,206.543000,207.960600,8.010100,true,3104,,0x2fe6349b77f8b704a4b6fda6a67fa440bb1a7ac8a5722ef77d23ee9340b379ca,0x3ef54336234b9d64663652777cdf64f3e2319565d9b5d8726d67f181df78046e,96.016400
theo_n,12,170,false,9,9,offchain,500,166,1.846200,129.654800,207.700700,209.546900,7.272300,true,3104,,0x2fe6349b77f8b704a4b6fda6a67fa440bb1a7ac8a5722ef77d23ee9340b379ca,0x33ec92559f58db46a2b4bc334db12e3522bc765c8b0977fcc99f3c725ba58f61,95.112700
theo_n,12,171,false,9,9,offchain,500,167,1.428400,125.932900,205.646500,207.074900,7.196100,true,3104,,0x2fe6349b77f8b704a4b6fda6a67fa440bb1a7ac8a5722ef77d23ee9340b379ca,0x1bbfa9f6bb6015919b05a65c69f9bb223d1743a2bd6956aadaaf608e0975c1a0,92.708300
theo_n,12,172,false,9,9,offchain,500,168,1.407800,131.370000,233.411800,234.819600,7.281100,true,3104,,0x2fe6349b77f8b704a4b6fda6a67fa440bb1a7ac8a5722ef77d23ee9340b379ca,0x3fcd47ce60762213f034ff04d8625884009e0ea9271e7aab6597ecedddd619bb,98.004900
theo_n,12,173,false,9,9,offchain,500,169,1.406600,126.383700,204.107900,205.514500,7.130500,true,3104,,0x2fe6349b77f8b704a4b6fda6a67fa440bb1a7ac8a5722ef77d23ee9340b379ca,0x2fcea9f4f817a98ab8811bf19be916be59700107f1afe7ba961d3dc7691231dc,95.756800
theo_n,12,174,false,9,9,offchain,500,170,1.377600,124.083900,199.464200,200.841800,6.961100,true,3104,,0x2fe6349b77f8b704a4b6fda6a67fa440bb1a7ac8a5722ef77d23ee9340b379ca,0x324edb1ce15cb89a0516107640a8a4c7c547b2dd3b7d396ca79e94647a282752,92.823400
theo_n,12,175,false,9,9,offchain,500,171,1.938900,124.099200,205.187800,207.126700,6.891800,true,3104,,0x2fe6349b77f8b704a4b6fda6a67fa440bb1a7ac8a5722ef77d23ee9340b379ca,0x38fd2d423d1cdbbe4af263c8937e5990af18153247e6e5c9a0d219e4a4c9d321,92.506000
theo_n,12,176,false,9,9,offchain,500,172,1.497700,125.660100,206.173600,207.671300,7.255200,true,3104,,0x2fe6349b77f8b704a4b6fda6a67fa440bb1a7ac8a5722ef77d23ee9340b379ca,0x30a365d6516963fdbd19185279f481dea56b074c1836598dfe107f23c503cf38,97.998400
theo_n,12,177,false,9,9,offchain,500,173,1.456200,126.967800,203.327400,204.783600,7.194500,true,3104,,0x2fe6349b77f8b704a4b6fda6a67fa440bb1a7ac8a5722ef77d23ee9340b379ca,0x272209cfb65cddd8022626235236e58546c3379a49e24568c83f302ea6d5ecb9,94.901300
theo_n,12,178,false,9,9,offchain,500,174,1.415100,126.081400,203.689100,205.104200,7.076000,true,3104,,0x2fe6349b77f8b704a4b6fda6a67fa440bb1a7ac8a5722ef77d23ee9340b379ca,0x2c84b8ba64a335b92e0bd7f5630eb3b6599e03482fc6624f3bea16212ef6a2ee,93.707600
theo_n,12,179,false,9,9,offchain,500,175,1.479600,122.286000,199.729300,201.208900,6.972300,true,3104,,0x2fe6349b77f8b704a4b6fda6a67fa440bb1a7ac8a5722ef77d23ee9340b379ca,0x038dc1414214f5a4d9df4e7a126bf51b554edd9c5b313b919455b9677c1446d4,92.539100
theo_n,12,180,false,9,9,offchain,500,176,2.050600,121.050300,221.387500,223.438100,7.088100,true,3104,,0x2fe6349b77f8b704a4b6fda6a67fa440bb1a7ac8a5722ef77d23ee9340b379ca,0x332415f37103751bfefaae181491f80c7b78afc00e928c0cf848720dcc56dd38,95.426400
theo_n,12,181,false,9,9,offchain,500,177,1.432800,128.628200,263.663400,265.096200,6.932800,true,3104,,0x2fe6349b77f8b704a4b6fda6a67fa440bb1a7ac8a5722ef77d23ee9340b379ca,0x033d05a8d4a07be1c8e737f9c51f388d72d0719385f2b7696c9d254481e41ddb,92.306300
theo_n,12,182,false,9,9,offchain,500,178,1.335300,122.625900,199.447200,200.782500,6.899700,true,3104,,0x2fe6349b77f8b704a4b6fda6a67fa440bb1a7ac8a5722ef77d23ee9340b379ca,0x197af70f9da7ce3f99f32d75e502198249641f5dbd2b5343d08fcb2dc41382e6,94.431200
theo_n,12,183,false,9,9,offchain,500,179,2.062200,123.016500,204.493800,206.556000,7.308000,true,3104,,0x2fe6349b77f8b704a4b6fda6a67fa440bb1a7ac8a5722ef77d23ee9340b379ca,0x15ad64e669ba0728c4958183a0b2aa4c4d8e48942cc7c71caebf4945d503f3c2,94.562900
theo_n,12,184,false,9,9,offchain,500,180,1.391700,125.278800,205.575300,206.967000,7.346300,true,3104,,0x2fe6349b77f8b704a4b6fda6a67fa440bb1a7ac8a5722ef77d23ee9340b379ca,0x142b57be2fea88cb35f3c7cd3935579d1db786cf39290c7d90e6febad20f5f58,93.591900
theo_n,12,185,false,9,9,offchain,500,181,1.513400,125.044800,207.209500,208.722900,7.154800,true,3104,,0x2fe6349b77f8b704a4b6fda6a67fa440bb1a7ac8a5722ef77d23ee9340b379ca,0x2f344243fd50926daf10c60277b47aa96ab3ae49bee2ace467cdd29ef5f09e13,97.973900
theo_n,12,186,false,9,9,offchain,500,182,1.395300,126.013000,203.853000,205.248300,7.163400,true,3104,,0x2fe6349b77f8b704a4b6fda6a67fa440bb1a7ac8a5722ef77d23ee9340b379ca,0x0f639c1300db549c48f1b27dafc8b040f3c1cfc9159e496d62be76a608e63acb,93.376900
theo_n,12,187,false,9,9,offchain,500,183,1.437800,124.454900,203.657600,205.095400,6.827200,true,3104,,0x2fe6349b77f8b704a4b6fda6a67fa440bb1a7ac8a5722ef77d23ee9340b379ca,0x1112001707407a3e97cda0c1696dcd2afeb1de6c0edc2614bb7e66b10a9811f9,96.596900
theo_n,12,188,false,9,9,offchain,500,184,1.415600,124.350000,204.689500,206.105100,6.965900,true,3104,,0x2fe6349b77f8b704a4b6fda6a67fa440bb1a7ac8a5722ef77d23ee9340b379ca,0x20b748016a081789c598c45980038297e9bf621eaab2a5ae4758dc9751b4fcb7,95.524500
theo_n,12,189,false,9,9,offchain,500,185,1.368900,123.443900,203.350600,204.719500,7.305500,true,3104,,0x2fe6349b77f8b704a4b6fda6a67fa440bb1a7ac8a5722ef77d23ee9340b379ca,0x3b0467a870288df6b3ee6ac1ac0a244eea16665024e22239ab2a56ba0b6c6c4f,93.784200
theo_n,12,190,false,9,9,offchain,500,186,1.464600,125.180400,202.943900,204.408500,7.291900,true,3104,,0x2fe6349b77f8b704a4b6fda6a67fa440bb1a7ac8a5722ef77d23ee9340b379ca,0x13d57e8cf606620453fc0dd19fe83051fda08037e0421d27a7db08ae4c65561d,94.132200
theo_n,12,191,false,9,9,offchain,500,187,1.575900,125.579900,203.398000,204.973900,6.980100,true,3104,,0x2fe6349b77f8b704a4b6fda6a67fa440bb1a7ac8a5722ef77d23ee9340b379ca,0x1130d93cb72e0a14d1a6c1f441514c412afdd724723affb16edb8359a53ae6bf,93.026900
theo_n,12,192,false,9,9,offchain,500,188,1.365500,123.492200,211.974400,213.339900,7.277400,true,3104,,0x2fe6349b77f8b704a4b6fda6a67fa440bb1a7ac8a5722ef77d23ee9340b379ca,0x21b3a9a5243fc7b838bf09e74ed1d83ca942fc6c57ceb042543f05a175f9557d,101.756700
theo_n,12,193,false,9,9,offchain,500,189,1.427300,133.241800,211.730800,213.158100,7.118800,true,3104,,0x2fe6349b77f8b704a4b6fda6a67fa440bb1a7ac8a5722ef77d23ee9340b379ca,0x283a2c1e7554ab9c143d5264b60b1000f0b15c454c13d211e1a5ee74cabffad6,96.752300
theo_n,12,194,false,9,9,offchain,500,190,1.400100,128.375400,206.578100,207.978200,7.043100,true,3104,,0x2fe6349b77f8b704a4b6fda6a67fa440bb1a7ac8a5722ef77d23ee9340b379ca,0x02ba6374c6c17cf95392731e7f87d92399dd5e0b23d1d9444bd12fb819da5711,93.138200
theo_n,12,195,false,9,9,offchain,500,191,1.461100,125.275000,207.159700,208.620800,6.881000,true,3104,,0x2fe6349b77f8b704a4b6fda6a67fa440bb1a7ac8a5722ef77d23ee9340b379ca,0x0b1650951bc1e1fce7fb91cc2c021c1b19e3314cb416922c6372325ef8376576,96.908600
theo_n,12,196,false,9,9,offchain,500,192,1.451900,183.466200,205.949600,207.401500,7.296700,true,3104,,0x2fe6349b77f8b704a4b6fda6a67fa440bb1a7ac8a5722ef77d23ee9340b379ca,0x2dd9ce672ac3eb17d6b5446e7e96708a8532b57a5981e26ade86270db1a6c039,96.486800
theo_n,12,197,false,9,9,offchain,500,193,1.345600,125.180800,219.868200,221.213800,7.161900,true,3104,,0x2fe6349b77f8b704a4b6fda6a67fa440bb1a7ac8a5722ef77d23ee9340b379ca,0x1f2068c52ddda17eec4abb5d2cf7343d1f13c6ed173c337b495ff8a281cf745c,94.656700
theo_n,12,198,false,9,9,offchain,500,194,1.480500,125.506900,207.968100,209.448600,7.140600,true,3104,,0x2fe6349b77f8b704a4b6fda6a67fa440bb1a7ac8a5722ef77d23ee9340b379ca,0x3d0b8feccd8e664dd8714b01524651cf9f56b0a504916d3c13a73b286c4db56a,94.225600
theo_n,12,199,false,9,9,offchain,500,195,1.701900,124.531800,202.742200,204.444100,7.044300,true,3104,,0x2fe6349b77f8b704a4b6fda6a67fa440bb1a7ac8a5722ef77d23ee9340b379ca,0x331ca259bce438b00c014e3f806f228048c9a13f37e48da0b0ef3bf757e67c6e,93.248800
theo_n,12,200,false,9,9,offchain,500,196,1.871600,123.306400,208.498500,210.370100,6.866300,true,3104,,0x2fe6349b77f8b704a4b6fda6a67fa440bb1a7ac8a5722ef77d23ee9340b379ca,0x0846074347fad563ae37b34419ca48d2834fb29a9f616efeedf63f972fdf03d4,92.191100
theo_n,12,201,false,9,9,offchain,500,197,1.374000,151.489200,213.095700,214.469700,7.191400,true,3104,,0x2fe6349b77f8b704a4b6fda6a67fa440bb1a7ac8a5722ef77d23ee9340b379ca,0x273296438d1fe77303776b743600c96390e0a2c3a430e9083e134caad3aa6fa3,92.666400
theo_n,12,202,false,9,9,offchain,500,198,1.417400,124.424500,218.703200,220.120600,7.631200,true,3104,,0x2fe6349b77f8b704a4b6fda6a67fa440bb1a7ac8a5722ef77d23ee9340b379ca,0x2abe995e621cbbcce94e5effcca70dcdb882e997843991c965267abd59c29cfa,97.586800
theo_n,12,203,false,9,9,offchain,500,199,1.447100,124.099800,209.927100,211.374200,7.209200,true,3104,,0x2fe6349b77f8b704a4b6fda6a67fa440bb1a7ac8a5722ef77d23ee9340b379ca,0x1fac4fcd1b8acc574b6798e75ab10b59df880c73bafff58347aa86bc0a51c43e,95.663600
theo_n,12,204,false,9,9,offchain,500,200,1.865400,127.543900,203.235400,205.100800,7.226400,true,3104,,0x2fe6349b77f8b704a4b6fda6a67fa440bb1a7ac8a5722ef77d23ee9340b379ca,0x1bc4d68efc00df7ee997830ff21f683f9546976b589eff36a51905b7fdfc58ca,94.523700
theo_n,12,205,false,9,9,offchain,500,201,1.420700,126.913400,206.568300,207.989000,7.179600,true,3104,,0x2fe6349b77f8b704a4b6fda6a67fa440bb1a7ac8a5722ef77d23ee9340b379ca,0x3f284c76415dc4eee75c087ae3413c0ca08ea6399a5edeb35a5f334f21a539fe,95.568700
theo_n,12,206,false,9,9,offchain,500,202,1.417800,124.502600,205.483400,206.901200,7.212400,true,3104,,0x2fe6349b77f8b704a4b6fda6a67fa440bb1a7ac8a5722ef77d23ee9340b379ca,0x24d1804c82c2912aaed224965411d6913e59524312d014390e98202a4aabc378,94.099700
theo_n,12,207,false,9,9,offchain,500,203,1.482500,128.571300,207.500200,208.982700,7.150500,true,3104,,0x2fe6349b77f8b704a4b6fda6a67fa440bb1a7ac8a5722ef77d23ee9340b379ca,0x16cb24082fddf3a5f8222e0920ab3cb438d771e34626f517d4cba488e3962386,92.538800
theo_n,12,208,false,9,9,offchain,500,204,1.440400,123.448200,200.494000,201.934400,7.394300,true,3104,,0x2fe6349b77f8b704a4b6fda6a67fa440bb1a7ac8a5722ef77d23ee9340b379ca,0x131ea3bfb78a1e6e6abab26bb71334dc6f0b601fa429fede863c93f9d818abb2,94.026500
theo_n,12,209,false,9,9,offchain,500,205,1.477100,177.266800,207.502300,208.979400,7.418700,true,3104,,0x2fe6349b77f8b704a4b6fda6a67fa440bb1a7ac8a5722ef77d23ee9340b379ca,0x09596a76ddd57e516f66c2f9a6fcd8ec82d281c7ccc99fe91ec26cc1dd157db3,98.003000
theo_n,12,210,false,9,9,offchain,500,206,1.393200,130.235600,213.292300,214.685500,7.469700,true,3104,,0x2fe6349b77f8b704a4b6fda6a67fa440bb1a7ac8a5722ef77d23ee9340b379ca,0x061604f7c3279342f527d4348f7ec1f2c05f8043dacd7f33ad21e53d4fc12390,99.913600
theo_n,12,211,false,9,9,offchain,500,207,1.413000,129.655800,204.338100,205.751100,6.974200,true,3104,,0x2fe6349b77f8b704a4b6fda6a67fa440bb1a7ac8a5722ef77d23ee9340b379ca,0x0cd912920c5f798209af86070eef0d6cd0b48c09440772bc28bc9f6717e7c15f,95.305400
theo_n,12,212,false,9,9,offchain,500,208,1.301000,124.971200,224.555300,225.856300,7.876400,true,3104,,0x2fe6349b77f8b704a4b6fda6a67fa440bb1a7ac8a5722ef77d23ee9340b379ca,0x30c8ef117e8748987515f4ca33bcbbae5e787d2a3a8978b39cf6574468b93c1d,103.764500
theo_n,12,213,false,9,9,offchain,500,209,1.542900,137.841900,238.303200,239.846100,8.361700,true,3104,,0x2fe6349b77f8b704a4b6fda6a67fa440bb1a7ac8a5722ef77d23ee9340b379ca,0x1048d4d217c0b8e44608afcb1ac08d5c4519d821235db477249f52c86c1dc4f4,103.429500
theo_n,12,214,false,9,9,offchain,500,210,1.489800,140.832500,239.884600,241.374400,8.250200,true,3104,,0x2fe6349b77f8b704a4b6fda6a67fa440bb1a7ac8a5722ef77d23ee9340b379ca,0x01064a3dd66fe61cea6fbc7fee4dd2e4bf4316a8fdfe2332c692bb40b5070076,102.163500
theo_n,12,215,false,9,9,offchain,500,211,1.533600,137.176900,228.757400,230.291000,8.373500,true,3104,,0x2fe6349b77f8b704a4b6fda6a67fa440bb1a7ac8a5722ef77d23ee9340b379ca,0x21ba8af501a4cbfd9a1f3ef54a78e633b70c33ba4585940387538c4f892cfb4e,103.516100
theo_n,12,216,false,9,9,offchain,500,212,1.438300,139.303900,238.847400,240.285700,7.283000,true,3104,,0x2fe6349b77f8b704a4b6fda6a67fa440bb1a7ac8a5722ef77d23ee9340b379ca,0x239fea907d60110ce7c16d7ff4b14c4a18324ffa6af0d06688050ca7878b6a52,95.556900
theo_n,12,217,false,9,9,offchain,500,213,1.418000,126.281400,204.976100,206.394100,7.121100,true,3104,,0x2fe6349b77f8b704a4b6fda6a67fa440bb1a7ac8a5722ef77d23ee9340b379ca,0x24e94cd78cc4213c982225bcb2991090eb45ac53bb3f3263531d349b13975122,95.405200
theo_n,12,218,false,9,9,offchain,500,214,1.438600,126.796200,206.132500,207.571100,7.787500,true,3104,,0x2fe6349b77f8b704a4b6fda6a67fa440bb1a7ac8a5722ef77d23ee9340b379ca,0x1f1a36958171b4ac69e853fa232864a4dfc364ad454b6c9e10ae0b744c1775d4,100.796700
theo_n,12,219,false,9,9,offchain,500,215,1.387100,125.127600,203.331200,204.718300,6.991000,true,3104,,0x2fe6349b77f8b704a4b6fda6a67fa440bb1a7ac8a5722ef77d23ee9340b379ca,0x224f7c77edb5dbfe132092e810ac26ad4e6c093e53995d08e51b3212bddf8b5a,92.329100
theo_n,12,220,false,9,9,offchain,500,216,1.328200,123.981000,201.714400,203.042600,7.232200,true,3104,,0x2fe6349b77f8b704a4b6fda6a67fa440bb1a7ac8a5722ef77d23ee9340b379ca,0x33c8f00b63241b99b8399696b5ac79215b8847d88b2836480c42c63c3b9338a6,92.553900
theo_n,12,221,false,9,9,offchain,500,217,1.463300,124.654600,201.586400,203.049700,7.081900,true,3104,,0x2fe6349b77f8b704a4b6fda6a67fa440bb1a7ac8a5722ef77d23ee9340b379ca,0x22ef695b16b79a12ad82ef7b1578ebaf5624f0cc596cb1376280302cda5e6a44,93.155900
theo_n,12,222,false,9,9,offchain,500,218,1.336200,122.508400,261.956600,263.292800,6.899500,true,3104,,0x2fe6349b77f8b704a4b6fda6a67fa440bb1a7ac8a5722ef77d23ee9340b379ca,0x271aa4fbf3693e5b18d829ee9c39cef6bc4da922a2168b6750324caad8d53f21,92.687400
theo_n,12,223,false,9,9,offchain,500,219,1.368100,122.221400,203.709000,205.077100,7.064700,true,3104,,0x2fe6349b77f8b704a4b6fda6a67fa440bb1a7ac8a5722ef77d23ee9340b379ca,0x10a4ec0e9594c3d6874d43781b150c230f2ef42aa203d6f5ab383cafb7195b60,92.182300
theo_n,12,224,false,9,9,offchain,500,220,1.364000,123.532000,201.866100,203.230100,7.062700,true,3104,,0x2fe6349b77f8b704a4b6fda6a67fa440bb1a7ac8a5722ef77d23ee9340b379ca,0x17249968cfb1672caa6753361693a65c8535d902c553ce902710ed8ff12c272b,99.078700
theo_n,12,225,false,9,9,offchain,500,221,1.344500,120.988200,198.320200,199.664700,7.009600,true,3104,,0x2fe6349b77f8b704a4b6fda6a67fa440bb1a7ac8a5722ef77d23ee9340b379ca,0x1b626f535514e4e5a7c4d23db21fd87178cf55d4ddef6c4d32ea7d8a374b9675,93.114600
theo_n,12,226,false,9,9,offchain,500,222,1.444400,121.786900,198.433500,199.877900,7.088600,true,3104,,0x2fe6349b77f8b704a4b6fda6a67fa440bb1a7ac8a5722ef77d23ee9340b379ca,0x10074f9eb31e9c6ecea33dd09b942747dde26ea5b43debd11bc3d66d758a78ba,97.826400
theo_n,12,227,false,9,9,offchain,500,223,1.350200,123.637500,205.683100,207.033300,7.123900,true,3104,,0x2fe6349b77f8b704a4b6fda6a67fa440bb1a7ac8a5722ef77d23ee9340b379ca,0x08112b8d354d9aaba93692b831a531e7cedd8b1d5a47837c1fedc6aa7f2cae8f,94.176200
theo_n,12,228,false,9,9,offchain,500,224,1.421900,124.323000,211.039800,212.461700,6.965500,true,3104,,0x2fe6349b77f8b704a4b6fda6a67fa440bb1a7ac8a5722ef77d23ee9340b379ca,0x04c3840cdc2e4aac80b4c247288eece9d5b17369096381a62cd10420152c2739,91.867000
theo_n,12,229,false,9,9,offchain,500,225,1.778300,121.626400,208.280200,210.058500,6.879200,true,3104,,0x2fe6349b77f8b704a4b6fda6a67fa440bb1a7ac8a5722ef77d23ee9340b379ca,0x1d4b623b24f055a834f78f3cf3144039c437442f579b3ebc63271326089f9186,98.740000
theo_n,12,230,false,9,9,offchain,500,226,1.352300,125.921100,202.402900,203.755200,7.458100,true,3104,,0x2fe6349b77f8b704a4b6fda6a67fa440bb1a7ac8a5722ef77d23ee9340b379ca,0x2035dedc2eb545642aed0f9606622c5f82294b4b6e544e06b55fd9e8134d213a,100.591600
theo_n,12,231,false,9,9,offchain,500,227,1.443800,135.766100,204.705400,206.149200,7.446600,true,3104,,0x2fe6349b77f8b704a4b6fda6a67fa440bb1a7ac8a5722ef77d23ee9340b379ca,0x233ff9f8b02ec4c97f0d1bc984633b2db25ab99a09a83e88f6af57228c0311a3,98.723900
theo_n,12,232,false,9,9,offchain,500,228,1.477600,136.098000,211.992600,213.470200,7.181800,true,3104,,0x2fe6349b77f8b704a4b6fda6a67fa440bb1a7ac8a5722ef77d23ee9340b379ca,0x3ce76251dd711f361f2658cafc9885d2de612f82c2243e29a406c3817fa99144,100.946500
theo_n,12,233,false,9,9,offchain,500,229,1.981700,149.996300,203.098200,205.079900,6.914400,true,3104,,0x2fe6349b77f8b704a4b6fda6a67fa440bb1a7ac8a5722ef77d23ee9340b379ca,0x01960faf9d44f7a05a9903be0817035bb839c655259186de39824a0205fbf963,92.480900
theo_n,12,234,false,9,9,offchain,500,230,1.408400,121.235800,205.626700,207.035100,7.024500,true,3104,,0x2fe6349b77f8b704a4b6fda6a67fa440bb1a7ac8a5722ef77d23ee9340b379ca,0x09bdcc85823e5cb6efe1689ca68d69f7f39a7b342925c6ef2010fb84dc0e5732,93.050900
theo_n,12,235,false,9,9,offchain,500,231,1.350800,124.102200,206.161400,207.512200,7.077500,true,3104,,0x2fe6349b77f8b704a4b6fda6a67fa440bb1a7ac8a5722ef77d23ee9340b379ca,0x1cd8f78f237edd4acf466189caacbd6b709dcba35f9e32703c9dde9aa127717c,92.342600
theo_n,12,236,false,9,9,offchain,500,232,1.358300,125.751200,261.499400,262.857700,6.961500,true,3104,,0x2fe6349b77f8b704a4b6fda6a67fa440bb1a7ac8a5722ef77d23ee9340b379ca,0x1c18dbcebe2485b6a83380729d5f98097e404059f6b7401f58ce6602117cc0aa,92.201800
theo_n,12,237,false,9,9,offchain,500,233,1.471700,121.748400,198.022200,199.493900,7.028000,true,3104,,0x2fe6349b77f8b704a4b6fda6a67fa440bb1a7ac8a5722ef77d23ee9340b379ca,0x29101a89ba44f904e04e8c5f859ff4577a45e0fb480e1f4fb84efb96f84ed6a6,94.919800
theo_n,12,238,false,9,9,offchain,500,234,1.439400,124.112400,204.579100,206.018500,7.291800,true,3104,,0x2fe6349b77f8b704a4b6fda6a67fa440bb1a7ac8a5722ef77d23ee9340b379ca,0x0d5ff26441a869edd16f94350c143401dc9839188f1a1cb63ed23c99584d6b0d,93.197400
theo_n,12,239,false,9,9,offchain,500,235,1.463500,126.589100,201.781200,203.244700,7.269200,true,3104,,0x2fe6349b77f8b704a4b6fda6a67fa440bb1a7ac8a5722ef77d23ee9340b379ca,0x3fd663fdd4796c0eeb3d2683abcf10e017b1983ed977371a64649c27e26ccdb9,93.240600
theo_n,12,240,false,9,9,offchain,500,236,1.407100,124.589800,199.689900,201.097000,6.974100,true,3104,,0x2fe6349b77f8b704a4b6fda6a67fa440bb1a7ac8a5722ef77d23ee9340b379ca,0x2a93c9f51214b5fcf5b02964ba34c8edd54e58bf4151b2599ffe6ece57b6d018,96.822100
theo_n,12,241,false,9,9,offchain,500,237,1.641400,124.059200,202.509100,204.150500,7.272200,true,3104,,0x2fe6349b77f8b704a4b6fda6a67fa440bb1a7ac8a5722ef77d23ee9340b379ca,0x13dde27c637f6854bd1c54e4176e97040d810a20d57b43bf9d70d8efc282772d,93.096600
theo_n,12,242,false,9,9,offchain,500,238,1.397300,122.631300,199.290000,200.687300,7.000700,true,3104,,0x2fe6349b77f8b704a4b6fda6a67fa440bb1a7ac8a5722ef77d23ee9340b379ca,0x135a4790752389135f911a23431ca22924c7e61a263b54ef292cd06734e0b3cc,93.252000
theo_n,12,243,false,9,9,offchain,500,239,1.365400,121.249400,200.480900,201.846300,6.797200,true,3104,,0x2fe6349b77f8b704a4b6fda6a67fa440bb1a7ac8a5722ef77d23ee9340b379ca,0x2050f24f5a3174b112b4d9b8c0cb7d635b007b190fc7128d075c0fc98fc3479a,95.338100
theo_n,12,244,false,9,9,offchain,500,240,1.339900,122.641900,202.673300,204.013200,6.996600,true,3104,,0x2fe6349b77f8b704a4b6fda6a67fa440bb1a7ac8a5722ef77d23ee9340b379ca,0x196828bf4d21e668dd09c7bfaf8edeaa2a2bb1af398e35710a9bb057ce7d5681,91.728400
theo_n,12,245,false,9,9,offchain,500,241,1.332700,122.740000,199.237000,200.569700,7.029500,true,3104,,0x2fe6349b77f8b704a4b6fda6a67fa440bb1a7ac8a5722ef77d23ee9340b379ca,0x1c10b340a544df81f3b05cefd95c7c798f3d3b4bfc8da9e365685a531f0c8b63,92.267400
theo_n,12,246,false,9,9,offchain,500,242,1.334700,122.156100,198.416900,199.751600,6.821100,true,3104,,0x2fe6349b77f8b704a4b6fda6a67fa440bb1a7ac8a5722ef77d23ee9340b379ca,0x1bff1965c200ea6f8b38aec6c6b925b4bfb622a3d2a195f279f0de996636dca4,92.672900
theo_n,12,247,false,9,9,offchain,500,243,1.364100,121.212800,199.038800,200.402900,6.949300,true,3104,,0x2fe6349b77f8b704a4b6fda6a67fa440bb1a7ac8a5722ef77d23ee9340b379ca,0x10debae9933f4c4fb21aecdc3fba6aaa30a7b4e0831e6f3967fcace92487f0e1,98.839500
theo_n,12,248,false,9,9,offchain,500,244,1.353100,120.845100,197.226500,198.579600,6.981500,true,3104,,0x2fe6349b77f8b704a4b6fda6a67fa440bb1a7ac8a5722ef77d23ee9340b379ca,0x2af5dff9b1175c3ae54eeed0b2ad06c1bfe7b4e45f17840e0a43099c8c03545d,95.119300
theo_n,12,249,false,9,9,offchain,500,245,1.424900,131.511700,205.978100,207.403000,7.121900,true,3104,,0x2fe6349b77f8b704a4b6fda6a67fa440bb1a7ac8a5722ef77d23ee9340b379ca,0x0daf01b2722a42cd348621bafad98aec02bc3e1fe6a0b1db2bd1ed7031f74d2e,104.792600
theo_n,12,250,false,9,9,offchain,500,246,1.435000,146.155200,348.817100,350.252100,7.996300,true,3104,,0x2fe6349b77f8b704a4b6fda6a67fa440bb1a7ac8a5722ef77d23ee9340b379ca,0x04b12b3f7d7b388ef7881281481d12de7f0dbc48bf6e17c93074dc50cb7fd9be,105.376400
theo_n,12,251,false,9,9,offchain,500,247,1.528700,140.336600,213.025700,214.554400,7.243000,true,3104,,0x2fe6349b77f8b704a4b6fda6a67fa440bb1a7ac8a5722ef77d23ee9340b379ca,0x2d7b6585793e0c361bb72f842ede062d5a87d30940f720f426c2fa757faf5b63,98.843100
theo_n,12,252,false,9,9,offchain,500,248,1.368700,126.265300,210.855100,212.223800,7.119600,true,3104,,0x2fe6349b77f8b704a4b6fda6a67fa440bb1a7ac8a5722ef77d23ee9340b379ca,0x1be9cacd9a4b9ba6df5a503dc09971d53f38a341768697792466962201878c83,95.827800
theo_n,12,253,false,9,9,offchain,500,249,1.454700,128.269500,202.682400,204.137100,6.944100,true,3104,,0x2fe6349b77f8b704a4b6fda6a67fa440bb1a7ac8a5722ef77d23ee9340b379ca,0x2b0854285925fa638f2cffdd4ab25c7b473c93261467a83e9fae0feda21cc6fb,92.526600
theo_n,12,254,false,9,9,offchain,500,250,1.978200,121.668400,201.700400,203.678600,6.869900,true,3104,,0x2fe6349b77f8b704a4b6fda6a67fa440bb1a7ac8a5722ef77d23ee9340b379ca,0x1d57d310321c49a17ab0081beb7b202ac05e6ec687754c6e2f432a1220113e1e,93.049300
theo_n,12,255,false,9,9,offchain,500,251,1.344700,121.845100,205.408200,206.752900,6.863500,true,3104,,0x2fe6349b77f8b704a4b6fda6a67fa440bb1a7ac8a5722ef77d23ee9340b379ca,0x0003040b0b0c590dce2f7ff9c7bd0e713f9d8b8c05da94cc7347613303651102,92.568000
theo_n,12,256,false,9,9,offchain,500,252,1.343900,122.759000,204.166700,205.510600,7.102800,true,3104,,0x2fe6349b77f8b704a4b6fda6a67fa440bb1a7ac8a5722ef77d23ee9340b379ca,0x21f766f2266ac60f05568f423178b36746f3c86bb0808fd706cc3984fe234dc2,92.834100
theo_n,12,257,false,9,9,offchain,500,253,1.408200,124.017600,199.424800,200.833000,6.982800,true,3104,,0x2fe6349b77f8b704a4b6fda6a67fa440bb1a7ac8a5722ef77d23ee9340b379ca,0x252da4d2a4b0372e71095387166f170384f70d4de57b5852378c638259d30aba,98.482700
theo_n,12,258,false,9,9,offchain,500,254,1.325500,122.278500,201.179400,202.504900,7.211300,true,3104,,0x2fe6349b77f8b704a4b6fda6a67fa440bb1a7ac8a5722ef77d23ee9340b379ca,0x27bb9c63654ccfde000b0c298d39903ed7f8ca14ad1a1a66197320ab1fa69e93,92.552000
theo_n,12,259,false,9,9,offchain,500,255,1.330500,123.526600,201.785900,203.116400,7.171800,true,3104,,0x2fe6349b77f8b704a4b6fda6a67fa440bb1a7ac8a5722ef77d23ee9340b379ca,0x19cb507afbc830f4079adeb937659190969ccebb8e9ec80d0f6f9c15abea6c96,92.762300
theo_n,12,260,false,9,9,offchain,500,256,1.397100,122.753900,201.607900,203.005000,6.888400,true,3104,,0x2fe6349b77f8b704a4b6fda6a67fa440bb1a7ac8a5722ef77d23ee9340b379ca,0x13af1a03f83f2b7047d438e28e321cabfe9b81d3b0f3e30bf6b68d60e61ccc66,96.682000
theo_n,12,261,false,9,9,offchain,500,257,1.360300,121.768400,200.926200,202.286500,6.887100,true,3104,,0x2fe6349b77f8b704a4b6fda6a67fa440bb1a7ac8a5722ef77d23ee9340b379ca,0x1f9d4cfbcd073ff55fd28f14fdc6b04580e8a7b5cc0c815ba75860a438367297,94.192800
theo_n,12,262,false,9,9,offchain,500,258,1.673000,121.662800,200.182000,201.855000,7.004900,true,3104,,0x2fe6349b77f8b704a4b6fda6a67fa440bb1a7ac8a5722ef77d23ee9340b379ca,0x16655f002f143b0ff157a38d7bfcf554efe1efa0f01bde17f81f1efd1dac5ae3,92.686300
theo_n,12,263,false,9,9,offchain,500,259,1.757700,121.611800,197.538100,199.295800,6.935400,true,3104,,0x2fe6349b77f8b704a4b6fda6a67fa440bb1a7ac8a5722ef77d23ee9340b379ca,0x32e2b5c6eb79d56f6db51b9753908017b27b45c78992dc10c03ec056cd45d1e2,94.679200
theo_n,12,264,false,9,9,offchain,500,260,1.591600,169.861000,202.497500,204.089100,6.873100,true,3104,,0x2fe6349b77f8b704a4b6fda6a67fa440bb1a7ac8a5722ef77d23ee9340b379ca,0x15acdef555d7be280128cdcd5173903bba3ea4a130d3ec6e586a9e2c925984fe,93.933400
theo_n,12,265,false,9,9,offchain,500,261,1.335600,121.921100,202.549700,203.885300,6.872200,true,3104,,0x2fe6349b77f8b704a4b6fda6a67fa440bb1a7ac8a5722ef77d23ee9340b379ca,0x206f9e957151141c6b08e67861412b9979a6cb5473d656d57c6a3f28dbd71edd,93.873300
theo_n,12,266,false,9,9,offchain,500,262,1.529100,126.730200,203.819000,205.348100,6.803200,true,3104,,0x2fe6349b77f8b704a4b6fda6a67fa440bb1a7ac8a5722ef77d23ee9340b379ca,0x1c0c03c3bb02085b517f2b0dd32060227e9a840d4113a6c0ed8e25ef6d037545,92.189400
theo_n,12,267,false,9,9,offchain,500,263,1.347000,124.076900,201.921600,203.268600,6.976100,true,3104,,0x2fe6349b77f8b704a4b6fda6a67fa440bb1a7ac8a5722ef77d23ee9340b379ca,0x2ec2fe58ea1c1da21799f323afc5604c7565f777d6920ad3b971d88781ea8688,92.708300
theo_n,12,268,false,9,9,offchain,500,264,1.394900,121.601500,199.961000,201.355900,6.976700,true,3104,,0x2fe6349b77f8b704a4b6fda6a67fa440bb1a7ac8a5722ef77d23ee9340b379ca,0x36871a7d5a642a72edb71998ebd57faab9df6f308647e14197d5d4ecc241279b,92.219800
theo_n,12,269,false,9,9,offchain,500,265,1.374000,120.309700,198.110300,199.484300,7.317700,true,3104,,0x2fe6349b77f8b704a4b6fda6a67fa440bb1a7ac8a5722ef77d23ee9340b379ca,0x14427ba209a096888541ceaa3ad3513d71c4d7c051585268c45c9226dfe0b256,94.027100
theo_n,12,270,false,9,9,offchain,500,266,1.294100,122.996900,201.285100,202.579200,7.020900,true,3104,,0x2fe6349b77f8b704a4b6fda6a67fa440bb1a7ac8a5722ef77d23ee9340b379ca,0x20d30c7b9347b468a850ccf3b369391ef9639cca1987c37584bd7d19ec6ede8c,95.188800
theo_n,12,271,false,9,9,offchain,500,267,1.377100,124.881800,202.317700,203.694800,6.895500,true,3104,,0x2fe6349b77f8b704a4b6fda6a67fa440bb1a7ac8a5722ef77d23ee9340b379ca,0x2d9ccd0c2ac36559606a0f205863e02c9c2b2d5f640eaab7c1c6a56b1a103553,92.624000
theo_n,12,272,false,9,9,offchain,500,268,1.344400,121.471300,197.106700,198.451100,7.035600,true,3104,,0x2fe6349b77f8b704a4b6fda6a67fa440bb1a7ac8a5722ef77d23ee9340b379ca,0x2b5161b66d16afe0c625e2606fef885e7c98f530e504c631fd79a05fadfe0c71,95.263300
theo_n,12,273,false,9,9,offchain,500,269,1.482900,123.073000,204.577600,206.060500,6.948900,true,3104,,0x2fe6349b77f8b704a4b6fda6a67fa440bb1a7ac8a5722ef77d23ee9340b379ca,0x3e21369041a04980f41e38d2ac90d7a9b944478af8be5a41c9c7afdf9469d697,92.493900
theo_n,12,274,false,9,9,offchain,500,270,1.388500,121.425400,200.776400,202.164900,6.920900,true,3104,,0x2fe6349b77f8b704a4b6fda6a67fa440bb1a7ac8a5722ef77d23ee9340b379ca,0x2de90771e0c245bdfa0b65bb6ee8361b444a0e72d505a6dccccd1649af6fd5c9,98.542700
theo_n,12,275,false,9,9,offchain,500,271,1.352100,121.188700,201.382400,202.734500,6.907300,true,3104,,0x2fe6349b77f8b704a4b6fda6a67fa440bb1a7ac8a5722ef77d23ee9340b379ca,0x3cc0b7377f2fd4ecc5b1dc872298412fde0d67a692b168402caf8860c8195079,92.503600
theo_n,12,276,false,9,9,offchain,500,272,1.657700,122.239700,200.328900,201.986600,6.988200,true,3104,,0x2fe6349b77f8b704a4b6fda6a67fa440bb1a7ac8a5722ef77d23ee9340b379ca,0x0fce8eb9bf34b6d3aa2cb311ca9f5c15dc716c28d4d9bb9555e44f0a08ecf8e1,96.006900
theo_n,12,277,false,9,9,offchain,500,273,1.615400,171.886400,203.620600,205.236000,7.021900,true,3104,,0x2fe6349b77f8b704a4b6fda6a67fa440bb1a7ac8a5722ef77d23ee9340b379ca,0x05833828f42204b99a454594b21513ff2183c6a99a2b3944e3440f299bb4f266,96.515200
theo_n,12,278,false,9,9,offchain,500,274,1.357200,124.427300,202.599100,203.956300,6.881100,true,3104,,0x2fe6349b77f8b704a4b6fda6a67fa440bb1a7ac8a5722ef77d23ee9340b379ca,0x214acd758d2cf355f7d8c5dec2d9e4e50194902c100b583c119a1c8bf2741569,93.291100
theo_n,12,279,false,9,9,offchain,500,275,1.322800,121.752900,197.692100,199.014900,6.804500,true,3104,,0x2fe6349b77f8b704a4b6fda6a67fa440bb1a7ac8a5722ef77d23ee9340b379ca,0x2ec1cd97c107f5e7d43f5824152c3b203d583b4c2f8fe719016cf766bdc951f6,92.986400
theo_n,12,280,false,9,9,offchain,500,276,1.405700,121.641400,198.092900,199.498600,7.326800,true,3104,,0x2fe6349b77f8b704a4b6fda6a67fa440bb1a7ac8a5722ef77d23ee9340b379ca,0x3db627a7bc1c038baa6bd3b87e0513ba54edd4efc8fce3b09e3faf1c88f5334b,94.827900
theo_n,12,281,false,9,9,offchain,500,277,1.390500,123.538900,201.180200,202.570700,6.845800,true,3104,,0x2fe6349b77f8b704a4b6fda6a67fa440bb1a7ac8a5722ef77d23ee9340b379ca,0x3856ddcb158b17f68b73df84a4a414a2bfb3f8ddfd31447ba5d526e199cd1aa1,92.852700
theo_n,12,282,false,9,9,offchain,500,278,1.428700,124.042500,202.346200,203.774900,6.997700,true,3104,,0x2fe6349b77f8b704a4b6fda6a67fa440bb1a7ac8a5722ef77d23ee9340b379ca,0x3c982d4cab23cc667f3153144ce83370da4c30519337576650456290fdef4cca,99.244400
theo_n,12,283,false,9,9,offchain,500,279,1.323700,120.373800,198.058700,199.382400,7.448400,true,3104,,0x2fe6349b77f8b704a4b6fda6a67fa440bb1a7ac8a5722ef77d23ee9340b379ca,0x3a7dd69177b1615e8955d757be7644bfc671b3e6c0de5476c889722eb94fccc5,98.935500
theo_n,12,284,false,9,9,offchain,500,280,1.530700,123.523700,201.570500,203.101200,7.162300,true,3104,,0x2fe6349b77f8b704a4b6fda6a67fa440bb1a7ac8a5722ef77d23ee9340b379ca,0x331d5755c5fdcedf8aa7d4dd13abebb69444e39cc8b7753bd20fbe209dc9bb9b,94.586400
theo_n,12,285,false,9,9,offchain,500,281,1.378200,122.557900,199.571900,200.950100,7.079600,true,3104,,0x2fe6349b77f8b704a4b6fda6a67fa440bb1a7ac8a5722ef77d23ee9340b379ca,0x12456bad5ea5ac8701e9f1e0202e980193aac418c73990454cf01f0c6011efaf,98.518700
theo_n,12,286,false,9,9,offchain,500,282,1.601100,120.106600,200.594600,202.195700,6.926400,true,3104,,0x2fe6349b77f8b704a4b6fda6a67fa440bb1a7ac8a5722ef77d23ee9340b379ca,0x2c5c303bcdfb63737d7b992cbfa56555f48a5d4cd771732f2cb35390b57dc9dc,90.338000
theo_n,12,287,false,9,9,offchain,500,283,1.356500,120.032900,196.276600,197.633100,6.967400,true,3104,,0x2fe6349b77f8b704a4b6fda6a67fa440bb1a7ac8a5722ef77d23ee9340b379ca,0x398093a3ec3cb269bfeb8423a41a3c8706c772840b6047cb9b4426afce8a9426,92.663100
theo_n,12,288,false,9,9,offchain,500,284,1.371400,121.329600,199.077900,200.449300,6.847200,true,3104,,0x2fe6349b77f8b704a4b6fda6a67fa440bb1a7ac8a5722ef77d23ee9340b379ca,0x3fde75cc892a5ba434cb91628f9126ab6df18b3ceb5d532a4efed441fd682489,92.686900
theo_n,12,289,false,9,9,offchain,500,285,1.350200,121.811200,198.137200,199.487400,7.135800,true,3104,,0x2fe6349b77f8b704a4b6fda6a67fa440bb1a7ac8a5722ef77d23ee9340b379ca,0x1b488a0fc1dcc2b8432e72712ec910c013c293088017ac695bbb56dc71189a82,91.635000
theo_n,12,290,false,9,9,offchain,500,286,1.334300,120.809500,197.567400,198.901700,6.897900,true,3104,,0x2fe6349b77f8b704a4b6fda6a67fa440bb1a7ac8a5722ef77d23ee9340b379ca,0x22fb4ba332ae52ec2d4024446d91d18f297796869446a3db080838619881e933,92.388200
theo_n,12,291,false,9,9,offchain,500,287,1.457200,175.615000,209.669100,211.126300,6.917300,true,3104,,0x2fe6349b77f8b704a4b6fda6a67fa440bb1a7ac8a5722ef77d23ee9340b379ca,0x21f0d10ccf00498500d95ad876335c49b23c2fc18275790ae389669c8544088c,92.074300
theo_n,12,292,false,9,9,offchain,500,288,1.352400,122.402200,200.093400,201.445800,6.919700,true,3104,,0x2fe6349b77f8b704a4b6fda6a67fa440bb1a7ac8a5722ef77d23ee9340b379ca,0x3ede0864c77dc19ead38c4624d41076c05baded30dec030b254489dacb314aa1,92.369200
theo_n,12,293,false,9,9,offchain,500,289,1.384300,121.065800,198.969900,200.354200,7.239700,true,3104,,0x2fe6349b77f8b704a4b6fda6a67fa440bb1a7ac8a5722ef77d23ee9340b379ca,0x340a1d29a4decfa8de11ff64dae19d713515a9e9fad0946857f86c5058a12be3,94.506300
theo_n,12,294,false,9,9,offchain,500,290,1.428200,123.732000,202.988400,204.416600,6.870900,true,3104,,0x2fe6349b77f8b704a4b6fda6a67fa440bb1a7ac8a5722ef77d23ee9340b379ca,0x17ebbf9bd7f1ef4bb43fc2aaf729e168d717fdaaed1618ea96a49e7a1ce8430b,92.595000
theo_n,12,295,false,9,9,offchain,500,291,1.339800,123.986300,199.720600,201.060400,7.085000,true,3104,,0x2fe6349b77f8b704a4b6fda6a67fa440bb1a7ac8a5722ef77d23ee9340b379ca,0x3f524ee21daedd4379074e5c4d675d34891cff3535cd53839e421dea2a3d6e85,92.243900
theo_n,12,296,false,9,9,offchain,500,292,1.327200,122.061000,198.046800,199.374000,7.372700,true,3104,,0x2fe6349b77f8b704a4b6fda6a67fa440bb1a7ac8a5722ef77d23ee9340b379ca,0x157335c3a9879e6b3c9e51fdc67047e050c7ab9ebcd8dcc49193385aae72d64e,95.855900
theo_n,12,297,false,9,9,offchain,500,293,1.346000,121.401600,197.814900,199.160900,6.973600,true,3104,,0x2fe6349b77f8b704a4b6fda6a67fa440bb1a7ac8a5722ef77d23ee9340b379ca,0x13337dcf205363234901124ae87850237fba5a2cf97131377e393825d1790380,97.912800
theo_n,12,298,false,9,9,offchain,500,294,1.361500,122.612600,198.346700,199.708200,7.002000,true,3104,,0x2fe6349b77f8b704a4b6fda6a67fa440bb1a7ac8a5722ef77d23ee9340b379ca,0x0dea04404a701c0cd65f783a999494ee6f3135a604dc6f671711d7d0df94b871,94.188900
theo_n,12,299,false,9,9,offchain,500,295,1.668200,122.094500,202.017600,203.685800,8.500800,true,3104,,0x2fe6349b77f8b704a4b6fda6a67fa440bb1a7ac8a5722ef77d23ee9340b379ca,0x30f7ab3f5f6388b7ba4206b7fb8ceb4b450b9b4310d098a84b43a4b149c2d722,97.624800
theo_n,12,300,false,9,9,offchain,500,296,1.428800,128.167800,202.841100,204.269900,6.951400,true,3104,,0x2fe6349b77f8b704a4b6fda6a67fa440bb1a7ac8a5722ef77d23ee9340b379ca,0x28a4af16d1084e7845235a5d5f63de2a12e7320ca6294a0942e081ff3bbacad9,92.531300
theo_n,12,301,false,9,9,offchain,500,297,1.431300,121.692600,211.348200,212.779500,6.824500,true,3104,,0x2fe6349b77f8b704a4b6fda6a67fa440bb1a7ac8a5722ef77d23ee9340b379ca,0x3669da98be6664f44c90fb9012c1831e02bf594cac32b81e0b35209a0f0bb5df,92.268900
theo_n,12,302,false,9,9,offchain,500,298,1.376500,120.657900,199.875100,201.251600,7.086500,true,3104,,0x2fe6349b77f8b704a4b6fda6a67fa440bb1a7ac8a5722ef77d23ee9340b379ca,0x207acd53d1b605cf54c1b07e87961e217936864c0f8d70631c7f4ccf00338787,93.374700
theo_n,12,303,false,9,9,offchain,500,299,1.489400,127.445500,202.581700,204.071100,6.964100,true,3104,,0x2fe6349b77f8b704a4b6fda6a67fa440bb1a7ac8a5722ef77d23ee9340b379ca,0x36a9d881956a99b6c4d00e5cc062e85f306b1a4a7190cef1a2ef0846b0d191fd,97.027900
theo_n,12,304,false,9,9,offchain,500,300,1.345900,121.236900,198.322100,199.668000,6.788000,true,3104,,0x2fe6349b77f8b704a4b6fda6a67fa440bb1a7ac8a5722ef77d23ee9340b379ca,0x3fae27074f78318b40a5df48f9a4168edf2929fc4ae11181ad1e34674ad615ae,93.438300
theo_n,12,305,false,9,9,offchain,500,301,1.338600,121.474500,257.297800,258.636400,7.261500,true,3104,,0x2fe6349b77f8b704a4b6fda6a67fa440bb1a7ac8a5722ef77d23ee9340b379ca,0x179ed4f1e47bb2d4c7e943d5fcb028702e81f974502e699c16aded2d973ce903,94.618700
theo_n,12,306,false,9,9,offchain,500,302,1.406300,126.755400,205.515800,206.922100,6.892000,true,3104,,0x2fe6349b77f8b704a4b6fda6a67fa440bb1a7ac8a5722ef77d23ee9340b379ca,0x257a10a072da953507bf7f7e39cf767facefa1ae5201db7269f3566da3a0db78,92.121900
theo_n,12,307,false,9,9,offchain,500,303,1.983000,122.063400,201.146500,203.129500,6.875100,true,3104,,0x2fe6349b77f8b704a4b6fda6a67fa440bb1a7ac8a5722ef77d23ee9340b379ca,0x051b473f56ec28fe51543496572291a9273d057b8792a3cda248a8e3e1e72c63,95.368900
theo_n,12,308,false,9,9,offchain,500,304,1.323200,122.719500,199.551500,200.874700,7.002800,true,3104,,0x2fe6349b77f8b704a4b6fda6a67fa440bb1a7ac8a5722ef77d23ee9340b379ca,0x33550cff5afe5a46c0fc9e6bbe27c1bd0d0eb09e731b2a2ad6ca242f176eee48,92.970900
theo_n,12,309,false,9,9,offchain,500,305,1.692100,123.223500,199.218700,200.910800,7.027700,true,3104,,0x2fe6349b77f8b704a4b6fda6a67fa440bb1a7ac8a5722ef77d23ee9340b379ca,0x347f82166c38900f4a468baac0278c52182223cea86af366433ee9931c3c839b,94.004100
theo_n,12,310,false,9,9,offchain,500,306,1.568400,122.267300,196.211900,197.780300,7.030800,true,3104,,0x2fe6349b77f8b704a4b6fda6a67fa440bb1a7ac8a5722ef77d23ee9340b379ca,0x1b7af93cf07c2cff41925485f3f11a822e3e54a05fc157c971dd2dd3caa252e0,97.275100
theo_n,12,311,false,9,9,offchain,500,307,1.403200,123.181800,197.968100,199.371300,7.002300,true,3104,,0x2fe6349b77f8b704a4b6fda6a67fa440bb1a7ac8a5722ef77d23ee9340b379ca,0x3a4fef6a829b927be652b82d2ebb3859337bbe7c5f35aa83eae3a43c465dc17c,94.526800
theo_n,12,312,false,9,9,offchain,500,308,1.353600,122.933600,197.443600,198.797200,6.815200,true,3104,,0x2fe6349b77f8b704a4b6fda6a67fa440bb1a7ac8a5722ef77d23ee9340b379ca,0x2a5170186b86aba23bc902c9f2fd58e05332b3d2e7d84c3f08a3582aae8e571b,91.752800
theo_n,12,313,false,9,9,offchain,500,309,1.351000,119.722700,198.653000,200.004000,6.980700,true,3104,,0x2fe6349b77f8b704a4b6fda6a67fa440bb1a7ac8a5722ef77d23ee9340b379ca,0x171632cbe67b8a7f89caa9d0599bb09d50ab35a070d6d2208aace0c5b826a236,96.523900
theo_n,12,314,false,9,9,offchain,500,310,1.518000,121.916400,199.736100,201.254100,7.172400,true,3104,,0x2fe6349b77f8b704a4b6fda6a67fa440bb1a7ac8a5722ef77d23ee9340b379ca,0x013788cf05df5b97a491378c5c86531a12ae3915164b08eb88b317230ac57204,92.184100
theo_n,12,315,false,9,9,offchain,500,311,1.538400,121.927500,198.369000,199.907400,7.165400,true,3104,,0x2fe6349b77f8b704a4b6fda6a67fa440bb1a7ac8a5722ef77d23ee9340b379ca,0x0bcdb5fbccd7e14d5e7a421b030cba7754ffa4b72bda954f22a43bde7125a8ee,92.264700
theo_n,12,316,false,9,9,offchain,500,312,1.353600,121.727000,206.496600,207.850200,6.870500,true,3104,,0x2fe6349b77f8b704a4b6fda6a67fa440bb1a7ac8a5722ef77d23ee9340b379ca,0x0b1a913db7e13ccb94206caa0a06615433f6757e7f11fd42df2b58de1f8462ad,93.020000
theo_n,12,317,false,9,9,offchain,500,313,1.304800,121.473200,201.456500,202.761300,7.018000,true,3104,,0x2fe6349b77f8b704a4b6fda6a67fa440bb1a7ac8a5722ef77d23ee9340b379ca,0x28183fc9feb87ed8bd0f5bef335a502896c57e0580fb209ae814b76f95db15e6,91.777400
theo_n,12,318,false,9,9,offchain,500,314,1.341200,121.699600,259.594500,260.935700,7.528300,true,3104,,0x2fe6349b77f8b704a4b6fda6a67fa440bb1a7ac8a5722ef77d23ee9340b379ca,0x39a87344e49adf7c12e72b95d5a757a75896a0eeba260715ac5b7df993b22ad3,100.433100
theo_n,12,319,false,9,9,offchain,500,315,1.438500,122.549900,199.241900,200.680400,6.867600,true,3104,,0x2fe6349b77f8b704a4b6fda6a67fa440bb1a7ac8a5722ef77d23ee9340b379ca,0x0eee191ed5a62b9de7667c1788c1bc2988886fbb14d26fda11e78abbfdfbd49c,92.144900
theo_n,12,320,false,9,9,offchain,500,316,1.327300,121.464400,207.100200,208.427500,6.896200,true,3104,,0x2fe6349b77f8b704a4b6fda6a67fa440bb1a7ac8a5722ef77d23ee9340b379ca,0x0ecd70e7cef9dba50bab70bf822dd8bea1c051e51d23c84becb490b7a952a76b,91.922800
theo_n,12,321,false,9,9,offchain,500,317,1.384400,123.277000,203.746600,205.131000,6.909200,true,3104,,0x2fe6349b77f8b704a4b6fda6a67fa440bb1a7ac8a5722ef77d23ee9340b379ca,0x3158f43ace72da14dd6b26300c09a7b969d8544e0792be0786c39c8b3ba9345f,93.249000
theo_n,12,322,false,9,9,offchain,500,318,2.002100,121.623000,199.972600,201.974700,6.830200,true,3104,,0x2fe6349b77f8b704a4b6fda6a67fa440bb1a7ac8a5722ef77d23ee9340b379ca,0x3713cd417ddd28e4f636acf46b0d2a2b069c5b5b9305797764c66795581075e8,93.156000
theo_n,12,323,false,9,9,offchain,500,319,1.331900,121.927400,200.834200,202.166100,7.083900,true,3104,,0x2fe6349b77f8b704a4b6fda6a67fa440bb1a7ac8a5722ef77d23ee9340b379ca,0x2164cbce29a7cf495a8b71b01864fe7a90bdfab983596dc3d0b434da5a980108,93.934500
theo_n,12,324,false,9,9,offchain,500,320,1.513100,124.757700,204.245400,205.758500,7.298300,true,3104,,0x2fe6349b77f8b704a4b6fda6a67fa440bb1a7ac8a5722ef77d23ee9340b379ca,0x20f2bd23c9ed0d7117d857701ebc07eadf7853be8ba31fa915c6839c5899e9ef,93.677400
theo_n,12,325,false,9,9,offchain,500,321,1.408600,126.893600,206.475000,207.883600,6.867500,true,3104,,0x2fe6349b77f8b704a4b6fda6a67fa440bb1a7ac8a5722ef77d23ee9340b379ca,0x3597e04abb934a138da489621b0f15765db7308d36fce7c46e2792e512645315,92.699100
theo_n,12,326,false,9,9,offchain,500,322,1.322200,127.801600,200.860200,202.182400,7.160800,true,3104,,0x2fe6349b77f8b704a4b6fda6a67fa440bb1a7ac8a5722ef77d23ee9340b379ca,0x3a701293f7c5a23f34bfce770d2803fb8f92196d1860967205c2c412a11f78d5,93.833500
theo_n,12,327,false,9,9,offchain,500,323,1.517700,124.072000,200.852900,202.370600,6.878700,true,3104,,0x2fe6349b77f8b704a4b6fda6a67fa440bb1a7ac8a5722ef77d23ee9340b379ca,0x11041ba6a9ec3b138050f1ab766baacb1c22c088e02f8582213671563dce0dab,92.581200
theo_n,12,328,false,9,9,offchain,500,324,1.424500,121.016300,197.615200,199.039700,6.839800,true,3104,,0x2fe6349b77f8b704a4b6fda6a67fa440bb1a7ac8a5722ef77d23ee9340b379ca,0x1eea43fd85f24d8eb08c09904728517c6f0c63eea53dcd8f2a7e37e6d0255896,92.514800
theo_n,12,329,false,9,9,offchain,500,325,1.352200,122.493100,199.975800,201.328000,6.956500,true,3104,,0x2fe6349b77f8b704a4b6fda6a67fa440bb1a7ac8a5722ef77d23ee9340b379ca,0x0e1f7beb5bc8c79b8ed2cd2df1f5a03110a0719a39ee4339cbec85c5940a74f9,92.985000
theo_n,12,330,false,9,9,offchain,500,326,1.356400,121.244600,201.750400,203.106800,6.924500,true,3104,,0x2fe6349b77f8b704a4b6fda6a67fa440bb1a7ac8a5722ef77d23ee9340b379ca,0x04e8ef58a3bd6c7f38cf6f14c65181eda94b34915bf24e27146c41fe0d6560be,92.656300
theo_n,12,331,false,9,9,offchain,500,327,1.463100,121.771900,238.700300,240.163400,7.372700,true,3104,,0x2fe6349b77f8b704a4b6fda6a67fa440bb1a7ac8a5722ef77d23ee9340b379ca,0x26246755fecd067b39a8e935e54a4e4412200f2976bf6f04b38655d28968c044,94.274600
theo_n,12,332,false,9,9,offchain,500,328,1.476100,126.002400,202.878400,204.354500,6.961700,true,3104,,0x2fe6349b77f8b704a4b6fda6a67fa440bb1a7ac8a5722ef77d23ee9340b379ca,0x2e5ed345613174629d8d0c1c7e6fca731d1f298a7b35eaa0c22874528ca44b14,92.257800
theo_n,12,333,false,9,9,offchain,500,329,1.338400,123.264000,199.666100,201.004500,6.877400,true,3104,,0x2fe6349b77f8b704a4b6fda6a67fa440bb1a7ac8a5722ef77d23ee9340b379ca,0x1ce4878c276eaac2c919e2a0f48adcdc76e6aedfa92a1b0f492bf12b2af33f60,92.066900
theo_n,12,334,false,9,9,offchain,500,330,1.530200,120.877100,197.722800,199.253000,6.871100,true,3104,,0x2fe6349b77f8b704a4b6fda6a67fa440bb1a7ac8a5722ef77d23ee9340b379ca,0x0feafc223ea42d9589ed7dc80fff327b46bd9cfb2b2ca8a0988bde5c8d9d863d,94.249000
theo_n,12,335,false,9,9,offchain,500,331,1.304500,122.964800,200.865400,202.169900,7.200600,true,3104,,0x2fe6349b77f8b704a4b6fda6a67fa440bb1a7ac8a5722ef77d23ee9340b379ca,0x0e475319efaeda817757ae6de3c7b4b115eb55403500b7dfca1bda72e222d8b1,94.064200
theo_n,12,336,false,9,9,offchain,500,332,1.476000,124.342000,209.642800,211.118800,7.098200,true,3104,,0x2fe6349b77f8b704a4b6fda6a67fa440bb1a7ac8a5722ef77d23ee9340b379ca,0x13dae4f73fb8ad970f7bb2776a879a7449d7fd3a88f49771e84d43ffc3255cc9,93.728100
theo_n,12,337,false,9,9,offchain,500,333,1.319600,123.748400,199.863400,201.183000,7.109500,true,3104,,0x2fe6349b77f8b704a4b6fda6a67fa440bb1a7ac8a5722ef77d23ee9340b379ca,0x2a9af6815b5db105ccef9d46a5e41c903a16795ed7579b131e2170167e9f93d3,93.474400
theo_n,12,338,false,9,9,offchain,500,334,1.381800,124.729900,202.062800,203.444600,6.970900,true,3104,,0x2fe6349b77f8b704a4b6fda6a67fa440bb1a7ac8a5722ef77d23ee9340b379ca,0x11bbbf1caa40d9afa60d20142dc7b40ae4c47413b10780dc49a3656b0cad8f9a,91.755600
theo_n,12,339,false,9,9,offchain,500,335,1.371200,121.267500,199.419900,200.791100,6.884900,true,3104,,0x2fe6349b77f8b704a4b6fda6a67fa440bb1a7ac8a5722ef77d23ee9340b379ca,0x19ecbcd0233d6c5d3f9baf4d27ed7e9e0c3848253d725b375bb60867e649f3d9,92.419300
theo_n,12,340,false,9,9,offchain,500,336,1.376900,121.559400,197.691900,199.068800,6.978800,true,3104,,0x2fe6349b77f8b704a4b6fda6a67fa440bb1a7ac8a5722ef77d23ee9340b379ca,0x3dcc71fab3c774dfa96e1df6ffdace3f3b2073e9ed443e576727638e8f28f713,93.642200
theo_n,12,341,false,9,9,offchain,500,337,1.702700,122.337900,200.148600,201.851300,6.965600,true,3104,,0x2fe6349b77f8b704a4b6fda6a67fa440bb1a7ac8a5722ef77d23ee9340b379ca,0x2b1048ca7c72ab76435f1c2f09d95a106d813e5e0dd341a4497247c766f58067,94.703000
theo_n,12,342,false,9,9,offchain,500,338,1.405700,123.640900,202.629600,204.035300,6.971100,true,3104,,0x2fe6349b77f8b704a4b6fda6a67fa440bb1a7ac8a5722ef77d23ee9340b379ca,0x1f859c226fa916bad9c684a17fde078129fa30ceca3b0f6b8cff1e0192022653,93.388900
theo_n,12,343,false,9,9,offchain,500,339,1.330300,122.742900,200.697600,202.027900,6.792300,true,3104,,0x2fe6349b77f8b704a4b6fda6a67fa440bb1a7ac8a5722ef77d23ee9340b379ca,0x11d2cacbaeaae9e3e739ff084d60cc7a2b2a51a16f95e1fc934bc24a8b9ac4bd,93.313300
theo_n,12,344,false,9,9,offchain,500,340,1.459200,122.049400,199.340400,200.799600,6.977400,true,3104,,0x2fe6349b77f8b704a4b6fda6a67fa440bb1a7ac8a5722ef77d23ee9340b379ca,0x20a6237640b652c2ec5a6b3cde15c5cc3e91bb391eb0f6f9ae9c8ef77ce520d9,92.792500
theo_n,12,345,false,9,9,offchain,500,341,1.375400,121.845800,256.775500,258.150900,7.036200,true,3104,,0x2fe6349b77f8b704a4b6fda6a67fa440bb1a7ac8a5722ef77d23ee9340b379ca,0x23267799196fe59cf8521dba9ac922378800fcfad499bd64f6b09b35a533382c,94.441800
theo_n,12,346,false,9,9,offchain,500,342,1.570500,120.539300,199.955500,201.526000,7.164300,true,3104,,0x2fe6349b77f8b704a4b6fda6a67fa440bb1a7ac8a5722ef77d23ee9340b379ca,0x008c87b89c78cc57932522061498ea65abd02940d360b323de35bd5cd452bf2f,93.374300
theo_n,12,347,false,9,9,offchain,500,343,1.421100,123.959400,201.256100,202.677200,7.211600,true,3104,,0x2fe6349b77f8b704a4b6fda6a67fa440bb1a7ac8a5722ef77d23ee9340b379ca,0x33e842b06e948f99c3241747cdf4ed2d211f74f0deb364d517de542f9cfdea76,98.662600
theo_n,12,348,false,9,9,offchain,500,344,1.628700,120.322200,200.566800,202.195500,7.008100,true,3104,,0x2fe6349b77f8b704a4b6fda6a67fa440bb1a7ac8a5722ef77d23ee9340b379ca,0x05e5e60147e8d2e2c9a4b1ad50a0a96d938eecbe964e4fce44f2596131450a22,92.006400
theo_n,12,349,false,9,9,offchain,500,345,1.359100,121.737000,201.307000,202.666100,7.032500,true,3104,,0x2fe6349b77f8b704a4b6fda6a67fa440bb1a7ac8a5722ef77d23ee9340b379ca,0x011b716aeeb26286a543b77a9234d4fba9f30010faf2942d8545354ff3282c36,94.773400
theo_n,12,350,false,9,9,offchain,500,346,1.351200,121.326200,222.330500,223.681700,7.257400,true,3104,,0x2fe6349b77f8b704a4b6fda6a67fa440bb1a7ac8a5722ef77d23ee9340b379ca,0x24c1cc499b4c66d2811e8bf3f46762c620849bddcbb107395dbc006881ff2e93,96.093200
theo_n,12,351,false,9,9,offchain,500,347,2.123000,126.210100,206.306100,208.429100,7.377100,true,3104,,0x2fe6349b77f8b704a4b6fda6a67fa440bb1a7ac8a5722ef77d23ee9340b379ca,0x2a82e7c0a7493283de9d7235505483fb52f564e7c17b0f6c68e1628888a98aae,96.505900
theo_n,12,352,false,9,9,offchain,500,348,1.503100,123.433700,199.637900,201.141000,7.016800,true,3104,,0x2fe6349b77f8b704a4b6fda6a67fa440bb1a7ac8a5722ef77d23ee9340b379ca,0x13bbf2f0951ef946b35efc83f75af9cb87cd8ca84cf7a8d02d2fcbedd30a2b06,97.057900
theo_n,12,353,false,9,9,offchain,500,349,1.369500,122.588600,203.940600,205.310100,7.037500,true,3104,,0x2fe6349b77f8b704a4b6fda6a67fa440bb1a7ac8a5722ef77d23ee9340b379ca,0x026ddb8d253c842fd31bafe8d44d63f0e7222dfb62bff3244a09138f2cb1262e,97.799800
theo_n,12,354,false,9,9,offchain,500,350,1.367100,127.818600,199.699800,201.066900,6.954400,true,3104,,0x2fe6349b77f8b704a4b6fda6a67fa440bb1a7ac8a5722ef77d23ee9340b379ca,0x13c6f51707e7ab8a10b57d92407e719a900fb331cb123f39e39dd00c59bf206e,92.438000
theo_n,12,355,false,9,9,offchain,500,351,1.345200,121.606300,198.647400,199.992600,6.902900,true,3104,,0x2fe6349b77f8b704a4b6fda6a67fa440bb1a7ac8a5722ef77d23ee9340b379ca,0x326793c06bcbf56be496c63804b6ce49d4f524894d05524920463eb1f405219b,94.952400
theo_n,12,356,false,9,9,offchain,500,352,1.376000,121.451200,204.869200,206.245200,6.905400,true,3104,,0x2fe6349b77f8b704a4b6fda6a67fa440bb1a7ac8a5722ef77d23ee9340b379ca,0x2a785a4ab903731680b64b192038c7225ff9481122529ba90a243d5243421419,95.075300
theo_n,12,357,false,9,9,offchain,500,353,1.317500,121.454400,198.891100,200.208600,7.946100,true,3104,,0x2fe6349b77f8b704a4b6fda6a67fa440bb1a7ac8a5722ef77d23ee9340b379ca,0x1ac34198255b23ce92d3efcd9ed10a68aca01cc91af53b232c243f2077e9d8ca,102.134100
theo_n,12,358,false,9,9,offchain,500,354,1.506400,126.865900,202.179300,203.685700,7.220700,true,3104,,0x2fe6349b77f8b704a4b6fda6a67fa440bb1a7ac8a5722ef77d23ee9340b379ca,0x0ece68e28fa66c858202ec7e2b0122b790d3c8a6e32164de2ccff3f2f8f9c1cd,93.985900
theo_n,12,359,false,9,9,offchain,500,355,1.439900,178.558500,205.994000,207.433900,7.140700,true,3104,,0x2fe6349b77f8b704a4b6fda6a67fa440bb1a7ac8a5722ef77d23ee9340b379ca,0x3fb5b4605b8c379a43823d36cad4659531e671fb44eaac20784a6e297b6b185a,92.589000
theo_n,12,360,false,9,9,offchain,500,356,1.376300,124.014400,200.386100,201.762400,6.996800,true,3104,,0x2fe6349b77f8b704a4b6fda6a67fa440bb1a7ac8a5722ef77d23ee9340b379ca,0x21569add1ae527eac5dee3180e1fbbbdab52d47bbd92292baf1ce1266d839fe2,93.564300
theo_n,12,361,false,9,9,offchain,500,357,1.517000,121.622200,202.508300,204.025300,6.822000,true,3104,,0x2fe6349b77f8b704a4b6fda6a67fa440bb1a7ac8a5722ef77d23ee9340b379ca,0x2190cb22b8717fc0037afcaec5b056909afa93753955b5637fe50ac35f7688cf,94.627000
theo_n,12,362,false,9,9,offchain,500,358,1.361800,122.973300,198.722500,200.084300,7.076800,true,3104,,0x2fe6349b77f8b704a4b6fda6a67fa440bb1a7ac8a5722ef77d23ee9340b379ca,0x129736d53a640c95ca9cec89e0d9f9ec7b3e3aa8c73427ed8d11c6285b19ab42,93.802100
theo_n,12,363,false,9,9,offchain,500,359,1.382000,122.179100,199.002000,200.384000,6.989500,true,3104,,0x2fe6349b77f8b704a4b6fda6a67fa440bb1a7ac8a5722ef77d23ee9340b379ca,0x1578dced60b0bd291ce8f05f8191d20f4249f1357f2cd2e902c02b9b479e33ee,93.658900
theo_n,12,364,false,9,9,offchain,500,360,1.386300,121.995700,203.136200,204.522500,7.041900,true,3104,,0x2fe6349b77f8b704a4b6fda6a67fa440bb1a7ac8a5722ef77d23ee9340b379ca,0x233878d89fbc8ae41d1378e8c1a297efaba276372c6530c711c097556b0d6ede,95.164200
theo_n,12,365,false,9,9,offchain,500,361,1.432600,124.171400,209.580200,211.012800,7.198700,true,3104,,0x2fe6349b77f8b704a4b6fda6a67fa440bb1a7ac8a5722ef77d23ee9340b379ca,0x3a089bd539d33fe66e3e981b9b4c43c00a1380eb25eb1e6c38799369b9ea8b65,97.287600
theo_n,12,366,false,9,9,offchain,500,362,1.383200,122.763200,201.457100,202.840300,8.948200,true,3104,,0x2fe6349b77f8b704a4b6fda6a67fa440bb1a7ac8a5722ef77d23ee9340b379ca,0x02e9489b7e19c32707c75e2fb97be6d79420a4a232fbd440ac12beaecc6eacd4,95.381400
theo_n,12,367,false,9,9,offchain,500,363,1.438200,125.564800,208.170800,209.609000,7.265000,true,3104,,0x2fe6349b77f8b704a4b6fda6a67fa440bb1a7ac8a5722ef77d23ee9340b379ca,0x1129b0c78fd745eae82f15d7cf92a7a6a845343bd62256749101cf2f1a2e4c4d,93.781100
theo_n,12,368,false,9,9,offchain,500,364,1.387500,124.130300,202.056300,203.443800,7.229800,true,3104,,0x2fe6349b77f8b704a4b6fda6a67fa440bb1a7ac8a5722ef77d23ee9340b379ca,0x3da8527b99c305c392fbfd5b3a4a991d111f71e0c8a78d67507376d1e94f3965,93.754800
theo_n,12,369,false,9,9,offchain,500,365,1.434500,125.072200,201.501600,202.936100,6.934200,true,3104,,0x2fe6349b77f8b704a4b6fda6a67fa440bb1a7ac8a5722ef77d23ee9340b379ca,0x042d5a1e48d2bf3bd28eb0fc24f1bfc8e189623ee458395c929d2429dae4442f,97.627700
theo_n,12,370,false,9,9,offchain,500,366,1.315900,120.753500,199.315800,200.631700,7.606600,true,3104,,0x2fe6349b77f8b704a4b6fda6a67fa440bb1a7ac8a5722ef77d23ee9340b379ca,0x374f33159c146e929ca5e328eab53d92a8e8884fa2f86cd62d37567a33e1a097,96.955500
theo_n,12,371,false,9,9,offchain,500,367,1.344600,123.403300,220.317700,221.662300,6.904200,true,3104,,0x2fe6349b77f8b704a4b6fda6a67fa440bb1a7ac8a5722ef77d23ee9340b379ca,0x075352174bb597312f9de58525b513aa9c1a0fb332e10136431936e4861f718b,92.773900
theo_n,12,372,false,9,9,offchain,500,368,1.472900,121.826300,260.716000,262.188900,6.984200,true,3104,,0x2fe6349b77f8b704a4b6fda6a67fa440bb1a7ac8a5722ef77d23ee9340b379ca,0x3a17f2cc008f2c1cec3fd09e6c832a4e68e4fc160f8159930d5f1ece679a441c,93.021000
theo_n,12,373,false,9,9,offchain,500,369,1.412600,121.820600,203.003400,204.416000,8.885600,true,3104,,0x2fe6349b77f8b704a4b6fda6a67fa440bb1a7ac8a5722ef77d23ee9340b379ca,0x37b4cccdf08f4492d349745827729d64bbbbecb9811fb5defc9442e3717bf1cb,102.893400
theo_n,12,374,false,9,9,offchain,500,370,1.556300,142.446600,216.902500,218.458800,7.134100,true,3104,,0x2fe6349b77f8b704a4b6fda6a67fa440bb1a7ac8a5722ef77d23ee9340b379ca,0x035ef62a1666ae0b02052216bacd31c279328d9a072d3a0fc1a2a0662738f740,101.559500
theo_n,12,375,false,9,9,offchain,500,371,1.962100,127.153000,208.813000,210.775100,6.921200,true,3104,,0x2fe6349b77f8b704a4b6fda6a67fa440bb1a7ac8a5722ef77d23ee9340b379ca,0x10ba46cae20a9c421f1f0690b1e02a94a2c83bc5f14cadb487e8d219812a623a,93.789200
theo_n,12,376,false,9,9,offchain,500,372,1.356300,125.779000,199.682200,201.038500,6.865400,true,3104,,0x2fe6349b77f8b704a4b6fda6a67fa440bb1a7ac8a5722ef77d23ee9340b379ca,0x0b268baed98346a87778c554922b4611b5b073c2c8db0ad259fbc7a8b742d395,94.771400
theo_n,12,377,false,9,9,offchain,500,373,1.388900,122.126300,220.822500,222.211400,7.305300,true,3104,,0x2fe6349b77f8b704a4b6fda6a67fa440bb1a7ac8a5722ef77d23ee9340b379ca,0x11f002b23237094e2e05eef8d181e739a6b0523b73ab31081561e59b11fe10d0,103.717800
theo_n,12,378,false,9,9,offchain,500,374,1.449400,127.290100,212.449200,213.898600,7.971400,true,3104,,0x2fe6349b77f8b704a4b6fda6a67fa440bb1a7ac8a5722ef77d23ee9340b379ca,0x3738afc4528020bc3732e8d1a66ee12ac4fe368b12952cea53eee21e014c58f6,101.267500
theo_n,12,379,false,9,9,offchain,500,375,1.521800,138.955400,236.699100,238.220900,8.363400,true,3104,,0x2fe6349b77f8b704a4b6fda6a67fa440bb1a7ac8a5722ef77d23ee9340b379ca,0x0b12c1a884e88866e4cbc3a87953722b865c93e70b62920cad0fa4f182984fe7,107.008500
theo_n,12,380,false,9,9,offchain,500,376,1.501000,132.752600,207.483500,208.984500,7.257300,true,3104,,0x2fe6349b77f8b704a4b6fda6a67fa440bb1a7ac8a5722ef77d23ee9340b379ca,0x2de70f6291ae06b5a1c5819bf3fa7e836e6d130dc5cfeb3fde08d0dad953be0d,96.609800
theo_n,12,381,false,9,9,offchain,500,377,1.375600,126.313300,201.944100,203.319700,10.282000,true,3104,,0x2fe6349b77f8b704a4b6fda6a67fa440bb1a7ac8a5722ef77d23ee9340b379ca,0x2340d67cb0b0ee0ac46f075b0f811c160bc5b5505b9520e13e19d10c4f190b2e,108.376500
theo_n,12,382,false,9,9,offchain,500,378,1.600600,143.134500,225.361900,226.962500,7.657800,true,3104,,0x2fe6349b77f8b704a4b6fda6a67fa440bb1a7ac8a5722ef77d23ee9340b379ca,0x0529dafcf5a6f2872f62d09a548256ea171d3de17be784115826d5e20ab80de2,98.105800
theo_n,12,383,false,9,9,offchain,500,379,1.423900,127.662000,205.970300,207.394200,7.260400,true,3104,,0x2fe6349b77f8b704a4b6fda6a67fa440bb1a7ac8a5722ef77d23ee9340b379ca,0x3e1c806ad5148452804b6382cbf1920552432565d63a6ed0f9656008d14be5ab,94.179900
theo_n,12,384,false,9,9,offchain,500,380,1.393800,125.601900,209.221600,210.615400,7.170800,true,3104,,0x2fe6349b77f8b704a4b6fda6a67fa440bb1a7ac8a5722ef77d23ee9340b379ca,0x28f408e14b0a24ff7fd5c4e448cf69da0c0ea5c9015e52e92625706da6cbb5de,93.991000
theo_n,12,385,false,9,9,offchain,500,381,1.438100,124.698100,262.376000,263.814100,7.066200,true,3104,,0x2fe6349b77f8b704a4b6fda6a67fa440bb1a7ac8a5722ef77d23ee9340b379ca,0x37002acc711b23105cea799b1f74dd32db4c6b3c2f1a239f202b40ebba1c7a1a,96.485300
theo_n,12,386,false,9,9,offchain,500,382,1.442700,127.443300,201.475700,202.918400,6.822900,true,3104,,0x2fe6349b77f8b704a4b6fda6a67fa440bb1a7ac8a5722ef77d23ee9340b379ca,0x0ad3f8032521ba04ffcd84af6bbb0f2f23c4cf6ed3ae1aa844fb2d2eed83761a,95.876000
theo_n,12,387,false,9,9,offchain,500,383,1.366900,122.048700,200.147000,201.513900,6.955100,true,3104,,0x2fe6349b77f8b704a4b6fda6a67fa440bb1a7ac8a5722ef77d23ee9340b379ca,0x1a8fae573317e02deebf6e3f3cf71f48cd6a883242b271017f8653b41eea5609,93.530600
theo_n,12,388,false,9,9,offchain,500,384,1.349300,127.923500,214.720000,216.069300,7.410400,true,3104,,0x2fe6349b77f8b704a4b6fda6a67fa440bb1a7ac8a5722ef77d23ee9340b379ca,0x17efbd9b6c261dba41228775e46535f336fcb9e9e5c3586cbcb3e40bbe3703c7,93.121300
theo_n,12,389,false,9,9,offchain,500,385,1.372200,123.679300,200.863300,202.235500,7.052300,true,3104,,0x2fe6349b77f8b704a4b6fda6a67fa440bb1a7ac8a5722ef77d23ee9340b379ca,0x0007f8c57a174dea30f97f2bd65a127798c24a0e119e8f10774b22887554208f,93.179400
theo_n,12,390,false,9,9,offchain,500,386,1.401100,125.528800,200.006200,201.407300,7.177200,true,3104,,0x2fe6349b77f8b704a4b6fda6a67fa440bb1a7ac8a5722ef77d23ee9340b379ca,0x0ebe5e703e22a677886e132cbcbcbae892c71a7e546c89607bc3143fb1a9fe65,93.695200
theo_n,12,391,false,9,9,offchain,500,387,1.959700,124.917700,201.641700,203.601400,14.579500,true,3104,,0x2fe6349b77f8b704a4b6fda6a67fa440bb1a7ac8a5722ef77d23ee9340b379ca,0x09c70756981fddd8607cfc8f849599f7371618dcc04162976b79f47ce6ba3757,199.176600
theo_n,12,392,false,9,9,offchain,500,388,1.890300,301.005500,525.400300,527.290600,19.713900,true,3104,,0x2fe6349b77f8b704a4b6fda6a67fa440bb1a7ac8a5722ef77d23ee9340b379ca,0x155869798febc9ecb2551cad19e79dc00b155bfa29559fe1261ef2f487ddf703,179.029300
theo_n,12,393,false,9,9,offchain,500,389,2.385700,332.540800,420.212300,422.598000,7.639200,true,3104,,0x2fe6349b77f8b704a4b6fda6a67fa440bb1a7ac8a5722ef77d23ee9340b379ca,0x319bd6cfccaaf092ec5822b4d997bfcf3cde92c3d68bf7d4fb633a4587893e28,127.243700
theo_n,12,394,false,9,9,offchain,500,390,1.587500,128.004600,207.159500,208.747000,7.411100,true,3104,,0x2fe6349b77f8b704a4b6fda6a67fa440bb1a7ac8a5722ef77d23ee9340b379ca,0x261de1ec6c6a78cce00bf993c58bcfdf7a8d1e8c658d5ee5f5d31181ebedcdb9,96.200500
theo_n,12,395,false,9,9,offchain,500,391,1.410300,126.445300,202.212300,203.622600,6.892300,true,3104,,0x2fe6349b77f8b704a4b6fda6a67fa440bb1a7ac8a5722ef77d23ee9340b379ca,0x01332cc5ca3061b027fe435f19121ae29e16e76e32873c9229c3b8497991ff6c,97.013000
theo_n,12,396,false,9,9,offchain,500,392,1.339200,129.494000,200.379500,201.718700,6.844600,true,3104,,0x2fe6349b77f8b704a4b6fda6a67fa440bb1a7ac8a5722ef77d23ee9340b379ca,0x01cb378e68d25abc36049bbc8760774aa76e0d1d6339b1fb08706a4002e00aa9,95.131900
theo_n,12,397,false,9,9,offchain,500,393,1.364600,127.062300,201.774300,203.138900,6.980300,true,3104,,0x2fe6349b77f8b704a4b6fda6a67fa440bb1a7ac8a5722ef77d23ee9340b379ca,0x1bfd5883a01607c559d2bc2025067c8f5d34ac0417c50a9dd06daaced5e6ae47,92.914500
theo_n,12,398,false,9,9,offchain,500,394,1.701200,131.461200,225.836700,227.537900,7.083300,true,3104,,0x2fe6349b77f8b704a4b6fda6a67fa440bb1a7ac8a5722ef77d23ee9340b379ca,0x06b2ff4837c6fca500963fb4613f52699eb0d585a21e344150afaf5debd68768,94.501100
theo_n,12,399,false,9,9,offchain,500,395,1.483400,177.942200,206.022500,207.505900,6.984800,true,3104,,0x2fe6349b77f8b704a4b6fda6a67fa440bb1a7ac8a5722ef77d23ee9340b379ca,0x1d1cb6e530fd074c994d87bec78057495a6fe90ac3049144ccf0539c1d0e9efd,93.827800
theo_n,12,400,false,9,9,offchain,500,396,1.465800,122.248700,202.706500,204.172300,6.915700,true,3104,,0x2fe6349b77f8b704a4b6fda6a67fa440bb1a7ac8a5722ef77d23ee9340b379ca,0x30169759c6946c413cd35964d87491e00ca78d5e90cdfbf2309aea745863849a,95.119900
theo_n,12,401,false,9,9,offchain,500,397,1.362500,123.601900,201.068500,202.431000,7.326100,true,3104,,0x2fe6349b77f8b704a4b6fda6a67fa440bb1a7ac8a5722ef77d23ee9340b379ca,0x17b8ed81af3a720c87c8e8c74a649f22fb8f8dbfe0059ea9ca0f73524f967977,92.012600
theo_n,12,402,false,9,9,offchain,500,398,1.323800,122.971300,199.734100,201.057900,7.420300,true,3104,,0x2fe6349b77f8b704a4b6fda6a67fa440bb1a7ac8a5722ef77d23ee9340b379ca,0x3c4cd2b0b6161d79ea35690f49770d2c6eabbd0da71c2351f31493279a97453c,99.287900
theo_n,12,403,false,9,9,offchain,500,399,1.341400,125.116800,203.520500,204.861900,6.975800,true,3104,,0x2fe6349b77f8b704a4b6fda6a67fa440bb1a7ac8a5722ef77d23ee9340b379ca,0x203aeeeb17440e04d219428e581319449e4cc0ccfdb05dae1c6d054730b683cb,94.678000
theo_n,12,404,false,9,9,offchain,500,400,1.357800,125.874200,234.343500,235.701300,8.001000,true,3104,,0x2fe6349b77f8b704a4b6fda6a67fa440bb1a7ac8a5722ef77d23ee9340b379ca,0x2860468322f6e2f1b292467553c1b2dae1e6e0c897bbbd85941c1e509a2168ba,102.883100
theo_n,12,405,false,9,9,offchain,500,401,1.466100,142.546500,248.288800,249.754900,8.759100,true,3104,,0x2fe6349b77f8b704a4b6fda6a67fa440bb1a7ac8a5722ef77d23ee9340b379ca,0x03fcac5b0962b0a09a4d64419730ac2bd42a358d2d60df3ee89fe4c7e75b78fc,112.795800
theo_n,12,406,false,9,9,offchain,500,402,2.210800,156.943300,252.755400,254.966200,8.021700,true,3104,,0x2fe6349b77f8b704a4b6fda6a67fa440bb1a7ac8a5722ef77d23ee9340b379ca,0x05d14ee5c81c524e027df7e23af2063022966a38d2ce56387b9db8c39bebc71a,114.353800
theo_n,12,407,false,9,9,offchain,500,403,1.578900,145.508700,222.819600,224.398500,7.191600,true,3104,,0x2fe6349b77f8b704a4b6fda6a67fa440bb1a7ac8a5722ef77d23ee9340b379ca,0x382af857ef133c08884cf76c256547f234fba55c50312f1bc77531ff8f661bef,97.236400
theo_n,12,408,false,9,9,offchain,500,404,1.496000,129.472900,205.387000,206.883000,7.051900,true,3104,,0x2fe6349b77f8b704a4b6fda6a67fa440bb1a7ac8a5722ef77d23ee9340b379ca,0x378067ce19c59caf2481e3a85cf6ea2d92084606882935c582a0cead0dc67fe9,97.218200
theo_n,12,409,false,9,9,offchain,500,405,1.372200,126.388000,201.556300,202.928500,6.981500,true,3104,,0x2fe6349b77f8b704a4b6fda6a67fa440bb1a7ac8a5722ef77d23ee9340b379ca,0x0fcad7247576a1b07bb28672f54e45c1975f4d2cb12ce2a0842156e5fb11b699,95.914500
theo_n,12,410,false,9,9,offchain,500,406,1.378800,124.434400,202.153000,203.531800,6.931600,true,3104,,0x2fe6349b77f8b704a4b6fda6a67fa440bb1a7ac8a5722ef77d23ee9340b379ca,0x38a65af790c2c9862784fee26351316db26e567f622e4adb7d0816fd4e9177d5,95.621300
theo_n,12,411,false,9,9,offchain,500,407,1.323100,122.246300,198.824900,200.148000,6.928400,true,3104,,0x2fe6349b77f8b704a4b6fda6a67fa440bb1a7ac8a5722ef77d23ee9340b379ca,0x1c2fc2017df1eec0728d9fc214ee10bc9e22479d8e366ba9b187369d70a8027b,93.237800
theo_n,12,412,false,9,9,offchain,500,408,1.436700,122.449000,198.843500,200.280200,6.968300,true,3104,,0x2fe6349b77f8b704a4b6fda6a67fa440bb1a7ac8a5722ef77d23ee9340b379ca,0x2749293f5be930225c81f032ae01d3657cf15b9e8f175ccb79165a28ac42c7ea,92.809800
theo_n,12,413,false,9,9,offchain,500,409,1.349200,173.754500,200.861300,202.210500,7.068900,true,3104,,0x2fe6349b77f8b704a4b6fda6a67fa440bb1a7ac8a5722ef77d23ee9340b379ca,0x2424c12631278149456d37089d85b1b0096fd5b210e40aae3372fea25e7596eb,101.321000
theo_n,12,414,false,9,9,offchain,500,410,1.764000,122.380200,199.331800,201.095800,6.913800,true,3104,,0x2fe6349b77f8b704a4b6fda6a67fa440bb1a7ac8a5722ef77d23ee9340b379ca,0x00890c3627f8b4c1fa33fd130fc8ec8332be8b9a48a24bae26633eb496186801,98.363600
theo_n,12,415,false,9,9,offchain,500,411,1.331300,121.411200,198.153300,199.484600,6.856700,true,3104,,0x2fe6349b77f8b704a4b6fda6a67fa440bb1a7ac8a5722ef77d23ee9340b379ca,0x335bc1cf9d1a7a60c04d938ab3dfcba200a4973ac59e01dccc081d830a2ebd20,93.044800
theo_n,12,416,false,9,9,offchain,500,412,1.370300,123.572200,199.468800,200.839100,6.986900,true,3104,,0x2fe6349b77f8b704a4b6fda6a67fa440bb1a7ac8a5722ef77d23ee9340b379ca,0x3051eeaae70a0135ca7c06259b60e7300b38b187c83d219e9bf0a110f07936f3,98.598100
theo_n,12,417,false,9,9,offchain,500,413,1.476000,121.297900,199.514200,200.990200,6.979000,true,3104,,0x2fe6349b77f8b704a4b6fda6a67fa440bb1a7ac8a5722ef77d23ee9340b379ca,0x38ddc8038dcc084a7f91e85ff123089af9f9fbe059a5d0b5a0461fee19e365a1,95.457400
theo_n,12,418,false,9,9,offchain,500,414,1.399200,122.678100,202.329000,203.728200,7.097300,true,3104,,0x2fe6349b77f8b704a4b6fda6a67fa440bb1a7ac8a5722ef77d23ee9340b379ca,0x0c998c6beda0bf7e6d6c4716d2419520ff9614a9536d32f0120b7c7501a6c972,94.172000
theo_n,12,419,false,9,9,offchain,500,415,1.394800,122.995800,210.392400,211.787200,6.936600,true,3104,,0x2fe6349b77f8b704a4b6fda6a67fa440bb1a7ac8a5722ef77d23ee9340b379ca,0x21f1763129ecc1166a229c0759f3923e9389dd666a66ac882a8a72b5fcaf3f14,94.915200
theo_n,12,420,false,9,9,offchain,500,416,1.331600,121.987100,202.474700,203.806300,6.959400,true,3104,,0x2fe6349b77f8b704a4b6fda6a67fa440bb1a7ac8a5722ef77d23ee9340b379ca,0x062483f552f6f125e85ae7864aecd355503a2660849751d580036c881d968294,92.068600
theo_n,12,421,false,9,9,offchain,500,417,1.410000,122.379900,198.998900,200.408900,7.265800,true,3104,,0x2fe6349b77f8b704a4b6fda6a67fa440bb1a7ac8a5722ef77d23ee9340b379ca,0x2a23689e2d52daa118d80b056b3f00ef9c316834825107d8aa5ae12299b560d3,93.648600
theo_n,12,422,false,9,9,offchain,500,418,1.466900,124.067100,202.478500,203.945400,7.021900,true,3104,,0x2fe6349b77f8b704a4b6fda6a67fa440bb1a7ac8a5722ef77d23ee9340b379ca,0x15cf0df3bc1e48bdf1f38c9d3cb0a29d6410d1498be1cd77e8655cf63be2af1d,96.081000
theo_n,12,423,false,9,9,offchain,500,419,1.346900,123.136700,196.838800,198.185700,7.040800,true,3104,,0x2fe6349b77f8b704a4b6fda6a67fa440bb1a7ac8a5722ef77d23ee9340b379ca,0x3c9cda09eda9a57c62674791dfc47737bcaff5788bf186e41c951a215bb778a3,91.705200
theo_n,12,424,false,9,9,offchain,500,420,1.311300,123.526900,202.069600,203.380900,7.093900,true,3104,,0x2fe6349b77f8b704a4b6fda6a67fa440bb1a7ac8a5722ef77d23ee9340b379ca,0x3bddb3e04627052518e44a4aaf33fd5e30adb4e0e62e3eec864ac85ef48292c1,93.536500
theo_n,12,425,false,9,9,offchain,500,421,1.356200,123.788100,200.405300,201.761500,6.942800,true,3104,,0x2fe6349b77f8b704a4b6fda6a67fa440bb1a7ac8a5722ef77d23ee9340b379ca,0x1f3b1fd65ea8542ee12d0e4f0fe199613ed2498a8814b94105dbf6728b4dac4f,95.526800
theo_n,12,426,false,9,9,offchain,500,422,1.449100,122.589100,198.055900,199.505000,6.882300,true,3104,,0x2fe6349b77f8b704a4b6fda6a67fa440bb1a7ac8a5722ef77d23ee9340b379ca,0x20d5ff6df656d5aa1326cf761556b91b4d854779005b2540ee8542e312ef9add,90.636800
theo_n,12,427,false,9,9,offchain,500,423,1.386200,179.656500,198.720200,200.106400,6.882400,true,3104,,0x2fe6349b77f8b704a4b6fda6a67fa440bb1a7ac8a5722ef77d23ee9340b379ca,0x1a18a5b2f846e1dab412439786d5ff449a82aaf62798d12f989bf91b8aa78918,92.107100
theo_n,12,428,false,9,9,offchain,500,424,1.348700,122.591500,200.432400,201.781100,6.986400,true,3104,,0x2fe6349b77f8b704a4b6fda6a67fa440bb1a7ac8a5722ef77d23ee9340b379ca,0x3515b98ff4e0c8b08bbbbd56f8c6a8b321062b384341d1619df13c2f948a889e,95.091300
theo_n,12,429,false,9,9,offchain,500,425,1.341800,121.077500,197.100800,198.442600,7.282700,true,3104,,0x2fe6349b77f8b704a4b6fda6a67fa440bb1a7ac8a5722ef77d23ee9340b379ca,0x2e73386772fe299bc48b05a02504910a01af30cc20dc49b3341a5ba8db21dbaa,107.127500
theo_n,12,430,false,9,9,offchain,500,426,1.402900,122.516900,202.529800,203.932700,7.231600,true,3104,,0x2fe6349b77f8b704a4b6fda6a67fa440bb1a7ac8a5722ef77d23ee9340b379ca,0x34954fbd1ad6acbbb3254e1bb62afdae0687ed87e17c831e9872ba359632bb03,93.620600
theo_n,12,431,false,9,9,offchain,500,427,1.413100,123.833800,202.740800,204.153900,7.097800,true,3104,,0x2fe6349b77f8b704a4b6fda6a67fa440bb1a7ac8a5722ef77d23ee9340b379ca,0x216b9ac14777cc5361a76f7ea6c9ff6c8675c31de23904e161e7e216e071bdf4,92.881000
theo_n,12,432,false,9,9,offchain,500,428,1.498200,124.518300,200.830800,202.329000,6.957300,true,3104,,0x2fe6349b77f8b704a4b6fda6a67fa440bb1a7ac8a5722ef77d23ee9340b379ca,0x3c8d249ffe5863fc8990b79b6c685c8f2486e040f796de2d6f8ebadb4ec3f88c,92.454800
theo_n,12,433,false,9,9,offchain,500,429,1.355600,122.923700,203.754000,205.109600,6.981800,true,3104,,0x2fe6349b77f8b704a4b6fda6a67fa440bb1a7ac8a5722ef77d23ee9340b379ca,0x0bb23f36bda1165957a9810ca40db0293086b3b980d1047beddf88756538c586,92.653400
theo_n,12,434,false,9,9,offchain,500,430,1.346500,121.866100,198.089700,199.436200,6.917200,true,3104,,0x2fe6349b77f8b704a4b6fda6a67fa440bb1a7ac8a5722ef77d23ee9340b379ca,0x28239e257c233e813ac6b1c6111a6f4e90dc8d04cf4a533048fb7fbaa927640c,93.320800
theo_n,12,435,false,9,9,offchain,500,431,1.446400,122.015300,198.354900,199.801300,6.873300,true,3104,,0x2fe6349b77f8b704a4b6fda6a67fa440bb1a7ac8a5722ef77d23ee9340b379ca,0x1c8e92bdd9f9e7df3daf43a476f574090d58aa79d8c3683907a02dd4fd73b321,91.708600
theo_n,12,436,false,9,9,offchain,500,432,1.398400,122.293100,198.108100,199.506500,6.895500,true,3104,,0x2fe6349b77f8b704a4b6fda6a67fa440bb1a7ac8a5722ef77d23ee9340b379ca,0x3bd1dfbad375ccd3da2c236950121b9d0439a1a06ad90c7cf1c42e79b1c6c91d,92.547100
theo_n,12,437,false,9,9,offchain,500,433,1.378200,124.122300,203.205500,204.583700,7.023100,true,3104,,0x2fe6349b77f8b704a4b6fda6a67fa440bb1a7ac8a5722ef77d23ee9340b379ca,0x13d90fe9127ebf52315769aec41f0d636a81041b8f226c4cc964af4f202713b8,92.840900
theo_n,12,438,false,9,9,offchain,500,434,1.707900,123.410400,204.816400,206.524300,6.922500,true,3104,,0x2fe6349b77f8b704a4b6fda6a67fa440bb1a7ac8a5722ef77d23ee9340b379ca,0x3cb56609cb54db504511e90d8fb65a2d9d59f26b26a7252a39ed50febf575787,91.327200
theo_n,12,439,false,9,9,offchain,500,435,1.396400,121.975800,201.857000,203.253400,6.971000,true,3104,,0x2fe6349b77f8b704a4b6fda6a67fa440bb1a7ac8a5722ef77d23ee9340b379ca,0x024d3f5eb6699c0d997702b2663c2448ed4da5f4671ee63615ca2d69231e184c,92.628100
theo_n,12,440,false,9,9,offchain,500,436,1.411800,122.967300,199.641800,201.053600,6.968600,true,3104,,0x2fe6349b77f8b704a4b6fda6a67fa440bb1a7ac8a5722ef77d23ee9340b379ca,0x2b458da98e1fe92bf94a4afbed7672a65742f5d95bcce9a4433051ccb1420b2e,92.683200
theo_n,12,441,false,9,9,offchain,500,437,1.467400,171.043000,200.784400,202.251800,6.873400,true,3104,,0x2fe6349b77f8b704a4b6fda6a67fa440bb1a7ac8a5722ef77d23ee9340b379ca,0x252b5d09379eb2600b7ad343a6285f062cfd85f3629d9025ecd809d58b811a72,92.887300
theo_n,12,442,false,9,9,offchain,500,438,1.326000,123.773400,203.975900,205.301900,6.909500,true,3104,,0x2fe6349b77f8b704a4b6fda6a67fa440bb1a7ac8a5722ef77d23ee9340b379ca,0x2fa0658081700b443fc8d647538adec5766e48ca4a265ca5011d391974a2168d,94.516700
theo_n,12,443,false,9,9,offchain,500,439,1.355800,124.040800,201.444700,202.800500,6.843400,true,3104,,0x2fe6349b77f8b704a4b6fda6a67fa440bb1a7ac8a5722ef77d23ee9340b379ca,0x245579a4dd6f15df7303bb30589422b4f17c8231df2cf5703ffb8b6a7e6a2cae,92.546700
theo_n,12,444,false,9,9,offchain,500,440,1.401100,121.732800,199.402800,200.803900,6.963200,true,3104,,0x2fe6349b77f8b704a4b6fda6a67fa440bb1a7ac8a5722ef77d23ee9340b379ca,0x1c364c47efeeba8e4d5034a4565aaf179840d59171e45837603a46acd362816c,93.311700
theo_n,12,445,false,9,9,offchain,500,441,1.411800,121.831700,199.291600,200.703400,6.952700,true,3104,,0x2fe6349b77f8b704a4b6fda6a67fa440bb1a7ac8a5722ef77d23ee9340b379ca,0x12372317c13c17f17c87d245c5ef3f4d1e771ef3a023f9e1549b8d19c83ac296,95.164600
theo_n,12,446,false,9,9,offchain,500,442,1.316800,122.209800,208.179100,209.495900,7.377700,true,3104,,0x2fe6349b77f8b704a4b6fda6a67fa440bb1a7ac8a5722ef77d23ee9340b379ca,0x3a63844d4b224222a5912c8ae2f77102371b2aa547e36634253e5c10dde367fc,96.779800
theo_n,12,447,false,9,9,offchain,500,443,1.324700,124.109800,205.087300,206.412000,6.981000,true,3104,,0x2fe6349b77f8b704a4b6fda6a67fa440bb1a7ac8a5722ef77d23ee9340b379ca,0x32a550534ac14b52affa0aa36abce55f842817740033c381a499f32687e505d2,92.890900
theo_n,12,448,false,9,9,offchain,500,444,1.344800,121.466100,199.012000,200.356800,6.942200,true,3104,,0x2fe6349b77f8b704a4b6fda6a67fa440bb1a7ac8a5722ef77d23ee9340b379ca,0x395db188ed8f26b2a26e9763fed0c76fb746d6705b3bf9f058c257a85d63d1d4,93.014500
theo_n,12,449,false,9,9,offchain,500,445,1.347400,122.913700,199.025000,200.372400,6.943100,true,3104,,0x2fe6349b77f8b704a4b6fda6a67fa440bb1a7ac8a5722ef77d23ee9340b379ca,0x124df98c42d93d1824b40f8019a3ef96a50de6655a38d0d5f69354b6f02e6a69,92.829300
theo_n,12,450,false,9,9,offchain,500,446,1.354800,122.005500,201.557600,202.912400,7.070300,true,3104,,0x2fe6349b77f8b704a4b6fda6a67fa440bb1a7ac8a5722ef77d23ee9340b379ca,0x06a70ef54988cfdd19590310811975ab117af4f27221977d44b2285ecfd27081,92.251300
theo_n,12,451,false,9,9,offchain,500,447,1.663900,121.442100,203.956500,205.620400,7.280400,true,3104,,0x2fe6349b77f8b704a4b6fda6a67fa440bb1a7ac8a5722ef77d23ee9340b379ca,0x1a12a625214ee86a2afa77c0a050be843c370e9034cb5fcfae6ad43d0a3a0a9a,92.344200
theo_n,12,452,false,9,9,offchain,500,448,1.329100,122.285600,203.139500,204.468600,7.071100,true,3104,,0x2fe6349b77f8b704a4b6fda6a67fa440bb1a7ac8a5722ef77d23ee9340b379ca,0x24016291e09c2e574cc110dbf25dc788b858b734b8b80d2fd29e901858c81977,92.644900
theo_n,12,453,false,9,9,offchain,500,449,1.391500,123.514100,199.552000,200.943500,7.032900,true,3104,,0x2fe6349b77f8b704a4b6fda6a67fa440bb1a7ac8a5722ef77d23ee9340b379ca,0x2000666d65a525f713184e9e342dab1d135842ea15a91d656b86509e91d2a9a6,94.519500
theo_n,12,454,false,9,9,offchain,500,450,1.358800,123.718300,203.233400,204.592200,27.637500,true,3104,,0x2fe6349b77f8b704a4b6fda6a67fa440bb1a7ac8a5722ef77d23ee9340b379ca,0x3c4d5f7ebd1944e26695be9f4c1ffd5d11d9fd995b4570bd08514d9c4281d8f5,102.717300
theo_n,12,455,false,9,9,offchain,500,451,1.409300,130.098100,202.487500,203.896800,6.885400,true,3104,,0x2fe6349b77f8b704a4b6fda6a67fa440bb1a7ac8a5722ef77d23ee9340b379ca,0x23a44296cb2007359e11ac651732a70f70c51caea30595bfc0f5644dcd318e51,92.266500
theo_n,12,456,false,9,9,offchain,500,452,1.422400,122.483600,201.651700,203.074100,6.950500,true,3104,,0x2fe6349b77f8b704a4b6fda6a67fa440bb1a7ac8a5722ef77d23ee9340b379ca,0x05235900d53e21f8df5a13af4f3768ce4851cfe937f994c756709d774bac7cfd,93.268700
theo_n,12,457,false,9,9,offchain,500,453,1.419300,125.792900,203.676200,205.095500,6.899300,true,3104,,0x2fe6349b77f8b704a4b6fda6a67fa440bb1a7ac8a5722ef77d23ee9340b379ca,0x07bf4654e53f195090b658f17474a3cf21b348ddd5f149a4047e6e6f76c73a7f,95.859700
theo_n,12,458,false,9,9,offchain,500,454,1.360200,122.113200,198.945500,200.305700,6.994000,true,3104,,0x2fe6349b77f8b704a4b6fda6a67fa440bb1a7ac8a5722ef77d23ee9340b379ca,0x3a9e200c1ba43abe65ca0d961bd837cc8aa76d6560d9270803409cf9ff2f82c4,92.701100
theo_n,12,459,false,9,9,offchain,500,455,1.966100,122.946300,199.162700,201.128800,6.864200,true,3104,,0x2fe6349b77f8b704a4b6fda6a67fa440bb1a7ac8a5722ef77d23ee9340b379ca,0x274099acc6646b31b34b7018652aed4e6af6c7b916187ff5234663515a24af6c,92.793300
theo_n,12,460,false,9,9,offchain,500,456,1.370200,123.726900,202.617300,203.987500,7.738500,true,3104,,0x2fe6349b77f8b704a4b6fda6a67fa440bb1a7ac8a5722ef77d23ee9340b379ca,0x17b5933323233f8d8327547bca49990423c0bd9a5726a299f57e234b5662c56d,93.489800
theo_n,12,461,false,9,9,offchain,500,457,1.383900,123.712100,203.073600,204.457500,7.018500,true,3104,,0x2fe6349b77f8b704a4b6fda6a67fa440bb1a7ac8a5722ef77d23ee9340b379ca,0x28d2cb099482136fd3f1167fdcd042773850722bd5aa22837e50460cf134bd78,96.407800
theo_n,12,462,false,9,9,offchain,500,458,1.360200,122.134500,198.639700,199.999900,6.981500,true,3104,,0x2fe6349b77f8b704a4b6fda6a67fa440bb1a7ac8a5722ef77d23ee9340b379ca,0x1f7b8c6e710e769bd1cf13a207ade254066a7c9ad1333f60806afd351332f4b5,92.954000
theo_n,12,463,false,9,9,offchain,500,459,1.382500,121.428700,199.502200,200.884700,7.084100,true,3104,,0x2fe6349b77f8b704a4b6fda6a67fa440bb1a7ac8a5722ef77d23ee9340b379ca,0x046c0db199c1147c0e39f2827ba2d5d57dde77da8d81836b40f45c16c3ef1688,92.800200
theo_n,12,464,false,9,9,offchain,500,460,1.346000,121.247800,200.110300,201.456300,7.055100,true,3104,,0x2fe6349b77f8b704a4b6fda6a67fa440bb1a7ac8a5722ef77d23ee9340b379ca,0x1a82f980ed131a96dee238adb71d627e2cb1e3d8648f7119a5344f90ef27ed93,96.637700
theo_n,12,465,false,9,9,offchain,500,461,1.645800,141.760600,197.203300,198.849100,6.878000,true,3104,,0x2fe6349b77f8b704a4b6fda6a67fa440bb1a7ac8a5722ef77d23ee9340b379ca,0x24373920779d6db38f392ba83294738f12306eb2751f0e41a5e51ea110fec8a3,92.949000
theo_n,12,466,false,9,9,offchain,500,462,1.363100,122.841300,199.451500,200.814600,6.996100,true,3104,,0x2fe6349b77f8b704a4b6fda6a67fa440bb1a7ac8a5722ef77d23ee9340b379ca,0x1efd678d74e8fbe9bd05fa096545ebd991a6dfcf99a76857815df82a6e478967,92.338000
theo_n,12,467,false,9,9,offchain,500,463,1.376500,122.797800,207.651400,209.027900,26.956700,true,3104,,0x2fe6349b77f8b704a4b6fda6a67fa440bb1a7ac8a5722ef77d23ee9340b379ca,0x3d7dfec478dc1325a14ebfdf2aed92a5490dd882f66b4c116c8f21772530f217,120.149200
theo_n,12,468,false,9,9,offchain,500,464,1.461900,127.608200,215.879000,217.340900,7.279000,true,3104,,0x2fe6349b77f8b704a4b6fda6a67fa440bb1a7ac8a5722ef77d23ee9340b379ca,0x263189d5f8822b4f70311cbea099edda8b1e8b01abc0bb7f822b463751f99c62,94.590600
theo_n,12,469,false,9,9,offchain,500,465,1.443700,123.989800,200.103200,201.546900,7.049800,true,3104,,0x2fe6349b77f8b704a4b6fda6a67fa440bb1a7ac8a5722ef77d23ee9340b379ca,0x3c3f785924c2f752b812fc586afcf3d3e33f09d1e1262508ec094fdadc8ce9f5,94.801900
theo_n,12,470,false,9,9,offchain,500,466,1.347800,121.756600,198.669800,200.017600,6.976500,true,3104,,0x2fe6349b77f8b704a4b6fda6a67fa440bb1a7ac8a5722ef77d23ee9340b379ca,0x19f1f8a613737783c05a78492a47dbd39bd2ff62f7e2e9bf45e7915ead23092d,92.016000
theo_n,12,471,false,9,9,offchain,500,467,1.390200,122.829400,198.551100,199.941300,7.067000,true,3104,,0x2fe6349b77f8b704a4b6fda6a67fa440bb1a7ac8a5722ef77d23ee9340b379ca,0x11bc0afb1fc5421c087d49f99e01024212fe94a7b26e95b272a39feed80aaaa5,92.383600
theo_n,12,472,false,9,9,offchain,500,468,1.342700,124.055200,206.518400,207.861100,7.862900,true,3104,,0x2fe6349b77f8b704a4b6fda6a67fa440bb1a7ac8a5722ef77d23ee9340b379ca,0x3b2632f5e2340c60fc0086e6d0b94eebe93de7299607b769933d105ce7671be1,95.199000
theo_n,12,473,false,9,9,offchain,500,469,1.366800,124.226700,201.862600,203.229400,7.055800,true,3104,,0x2fe6349b77f8b704a4b6fda6a67fa440bb1a7ac8a5722ef77d23ee9340b379ca,0x3c85c8bcfe13e01a9b7ad594064bc15c667ffc9ee042ea4a39478cd3dd190fbf,92.686500
theo_n,12,474,false,9,9,offchain,500,470,1.384500,121.772200,201.932500,203.317000,7.977700,true,3104,,0x2fe6349b77f8b704a4b6fda6a67fa440bb1a7ac8a5722ef77d23ee9340b379ca,0x1bdeab74cfadbe395b77d92b8e792340a4e74f28ec30d31d6b25cbbe1788f656,102.061000
theo_n,12,475,false,9,9,offchain,500,471,1.443300,130.711000,206.002500,207.445800,6.921300,true,3104,,0x2fe6349b77f8b704a4b6fda6a67fa440bb1a7ac8a5722ef77d23ee9340b379ca,0x2da5b1152e8a3614f9f938dcfe46aafa2fea0df5d01933f5668bc901706ec7a9,95.187000
theo_n,12,476,false,9,9,offchain,500,472,1.330800,124.699800,201.244600,202.575400,6.933200,true,3104,,0x2fe6349b77f8b704a4b6fda6a67fa440bb1a7ac8a5722ef77d23ee9340b379ca,0x3cfea5767e10b395defcecb770cbc3e718b491547a767c38b16a7a42f98e4edd,93.248100
theo_n,12,477,false,9,9,offchain,500,473,1.367100,122.886700,198.070100,199.437200,6.851100,true,3104,,0x2fe6349b77f8b704a4b6fda6a67fa440bb1a7ac8a5722ef77d23ee9340b379ca,0x3a5fadb93e3f4bda78faa87046eec4b7f05f1d42bc270fedd569aa9159d682d2,92.774000
theo_n,12,478,false,9,9,offchain,500,474,1.451200,121.897700,198.040300,199.491500,6.979800,true,3104,,0x2fe6349b77f8b704a4b6fda6a67fa440bb1a7ac8a5722ef77d23ee9340b379ca,0x2b6da1cce10d26ce24b68f5998e18e0e6b9f2f68a1abd7c536531f5b604afeee,96.841400
theo_n,12,479,false,9,9,offchain,500,475,1.324700,121.986800,197.574800,198.899500,6.950600,true,3104,,0x2fe6349b77f8b704a4b6fda6a67fa440bb1a7ac8a5722ef77d23ee9340b379ca,0x25237d563bc0019fa40ace12305aad6cf551c574bc637a067cb0b61f089492bf,95.530800
theo_n,12,480,false,9,9,offchain,500,476,1.398500,119.512800,195.764600,197.163100,6.995300,true,3104,,0x2fe6349b77f8b704a4b6fda6a67fa440bb1a7ac8a5722ef77d23ee9340b379ca,0x23cdce466083e46fbe3c8950bb704c6120b38eba50567603ab77b13edb38eb19,92.544300
theo_n,12,481,false,9,9,offchain,500,477,1.409100,122.094500,197.493900,198.903000,6.930200,true,3104,,0x2fe6349b77f8b704a4b6fda6a67fa440bb1a7ac8a5722ef77d23ee9340b379ca,0x28a43702e3618637c8e95c0743bdd4170d57f7b585705731feeca300dbc75b74,93.634400
theo_n,12,482,false,9,9,offchain,500,478,1.312300,122.557100,257.140500,258.452800,6.836700,true,3104,,0x2fe6349b77f8b704a4b6fda6a67fa440bb1a7ac8a5722ef77d23ee9340b379ca,0x0a9f91542b5d182f0354fadbefef88088f13934a4356a85772d8ec593ea11671,93.091400
theo_n,12,483,false,9,9,offchain,500,479,1.411700,122.558200,202.105400,203.517100,7.234000,true,3104,,0x2fe6349b77f8b704a4b6fda6a67fa440bb1a7ac8a5722ef77d23ee9340b379ca,0x25a6b64bdf37d769433b592ad4d238e5082e0fbca739cb5b94266f486254fb75,95.021500
theo_n,12,484,false,9,9,offchain,500,480,1.458200,123.113500,200.345600,201.803800,6.887800,true,3104,,0x2fe6349b77f8b704a4b6fda6a67fa440bb1a7ac8a5722ef77d23ee9340b379ca,0x1656da303f31fa263f742431516ec6106196bce101abf4b906290db03d2cbd32,92.673200
theo_n,12,485,false,9,9,offchain,500,481,1.356900,124.257400,201.154600,202.511500,6.938500,true,3104,,0x2fe6349b77f8b704a4b6fda6a67fa440bb1a7ac8a5722ef77d23ee9340b379ca,0x022aac70ab03d4e101aa2de4acb16a7b235850930a270938551a70ba185337c6,92.783400
theo_n,12,486,false,9,9,offchain,500,482,1.748300,122.720500,201.856500,203.604800,6.951000,true,3104,,0x2fe6349b77f8b704a4b6fda6a67fa440bb1a7ac8a5722ef77d23ee9340b379ca,0x369ef1d21cbba87606ada86ecd1228f19d62eda411b69f3bb42fe3cd85e2174c,96.684800
theo_n,12,487,false,9,9,offchain,500,483,1.345200,121.649900,199.434900,200.780100,6.940800,true,3104,,0x2fe6349b77f8b704a4b6fda6a67fa440bb1a7ac8a5722ef77d23ee9340b379ca,0x3fcd2257c5217c42444666e1ed1ea368ea4e0fa49a46e61872737fb102349c7f,92.432500
theo_n,12,488,false,9,9,offchain,500,484,1.323200,122.367300,198.896400,200.219600,7.003300,true,3104,,0x2fe6349b77f8b704a4b6fda6a67fa440bb1a7ac8a5722ef77d23ee9340b379ca,0x1961619322259930a950048d8453ff85cd0f6710021675929619671aed29f969,94.112900
theo_n,12,489,false,9,9,offchain,500,485,1.338600,123.353200,201.977900,203.316500,8.518800,true,3104,,0x2fe6349b77f8b704a4b6fda6a67fa440bb1a7ac8a5722ef77d23ee9340b379ca,0x2a7430ce46ae85a1e9d9470ba26b9e641779a7aa81986fbb1cd50792ed0fce21,102.800200
theo_n,12,490,false,9,9,offchain,500,486,1.409500,130.106400,201.453600,202.863100,6.994900,true,3104,,0x2fe6349b77f8b704a4b6fda6a67fa440bb1a7ac8a5722ef77d23ee9340b379ca,0x3b09e4f95321c65024dc1128ca572783ef0fd6d326ad86deb1eb100a63bbe678,93.371200
theo_n,12,491,false,9,9,offchain,500,487,1.377300,124.051800,199.400300,200.777600,7.337700,true,3104,,0x2fe6349b77f8b704a4b6fda6a67fa440bb1a7ac8a5722ef77d23ee9340b379ca,0x22456a792d79a56dfb8f97bdda4dd881e873685ccff935533c185d9e5bce9bf2,93.405800
theo_n,12,492,false,9,9,offchain,500,488,1.391200,124.785900,202.524300,203.915500,6.919200,true,3104,,0x2fe6349b77f8b704a4b6fda6a67fa440bb1a7ac8a5722ef77d23ee9340b379ca,0x1e78ee850b66493a0db80da484fac142eee6e27e658d95876c021d0038634936,92.365000
theo_n,12,493,false,9,9,offchain,500,489,1.305300,123.882000,205.751500,207.056800,6.913600,true,3104,,0x2fe6349b77f8b704a4b6fda6a67fa440bb1a7ac8a5722ef77d23ee9340b379ca,0x0ef99c29683ead0cbf5acc75db2319f5ce9a59f748f08bcba096e9f18bc93fd1,93.209000
theo_n,12,494,false,9,9,offchain,500,490,1.401600,122.441100,199.741100,201.142700,7.066700,true,3104,,0x2fe6349b77f8b704a4b6fda6a67fa440bb1a7ac8a5722ef77d23ee9340b379ca,0x207a5186c3c34f03e1136241eb4967e3ef04523abf2ed6e53e0abcf6413be6d8,92.742900
theo_n,12,495,false,9,9,offchain,500,491,1.394400,122.130700,199.595000,200.989400,6.976600,true,3104,,0x2fe6349b77f8b704a4b6fda6a67fa440bb1a7ac8a5722ef77d23ee9340b379ca,0x2c03f4c00cb186934e855beedc995b24b125cb2ba9ae9ca2a1e2683d3d3b641d,96.259600
theo_n,12,496,false,9,9,offchain,500,492,1.397200,176.665500,200.546400,201.943600,7.050600,true,3104,,0x2fe6349b77f8b704a4b6fda6a67fa440bb1a7ac8a5722ef77d23ee9340b379ca,0x2a4491a9d395798616221dd1cec97778e9068cec0bcebd1df6f7f54a7f8709de,92.973000
theo_n,12,497,false,9,9,offchain,500,493,1.357600,123.147400,200.200300,201.557900,7.011400,true,3104,,0x2fe6349b77f8b704a4b6fda6a67fa440bb1a7ac8a5722ef77d23ee9340b379ca,0x31f9f4ef39e9980944fef56eae532ffd64759c886368a1d3664d2a8b32af4061,92.716900
theo_n,12,498,false,9,9,offchain,500,494,1.396600,123.175400,202.265100,203.661700,6.906000,true,3104,,0x2fe6349b77f8b704a4b6fda6a67fa440bb1a7ac8a5722ef77d23ee9340b379ca,0x1382ac46b683ed93827f9edc831399ff0a7fb3b3604b6aff818778d54aa9bd85,95.625900
theo_n,12,499,false,9,9,offchain,500,495,1.386600,122.246400,198.422800,199.809400,7.014900,true,3104,,0x2fe6349b77f8b704a4b6fda6a67fa440bb1a7ac8a5722ef77d23ee9340b379ca,0x098d8f77a52a20385af5063bc3dda760c6327a039df3bddd9abdd48316e84c2c,93.328700
theo_n,12,500,false,9,9,offchain,500,496,1.438600,121.722200,199.065000,200.503600,7.093400,true,3104,,0x2fe6349b77f8b704a4b6fda6a67fa440bb1a7ac8a5722ef77d23ee9340b379ca,0x33ddc8eeb3b77b0a441a211a1cb69eee70b53a465630619f0814f96337665edf,92.338000
theo_n,12,501,false,9,9,offchain,500,497,1.370700,121.315200,199.750800,201.121500,7.100200,true,3104,,0x2fe6349b77f8b704a4b6fda6a67fa440bb1a7ac8a5722ef77d23ee9340b379ca,0x054e2236fbaad7cc4726815852831e0b24470816a6c07d78b0d9d280456b71a4,92.349600
theo_n,12,502,false,9,9,offchain,500,498,1.394300,122.547000,199.020000,200.414300,6.952400,true,3104,,0x2fe6349b77f8b704a4b6fda6a67fa440bb1a7ac8a5722ef77d23ee9340b379ca,0x099e04b9c764d5f3137e72d7de8c8a64e3f72edd86ea5b1ac089876cf20e393c,91.813000
theo_n,12,503,false,9,9,offchain,500,499,1.371000,122.087900,204.594200,205.965200,6.873600,true,3104,,0x2fe6349b77f8b704a4b6fda6a67fa440bb1a7ac8a5722ef77d23ee9340b379ca,0x0b6f8127080790145005f632c7de6ad5fdb8a886521c8fa39d063e6193ace58b,98.699800
