thi_nghiem,run_id,iteration,warmup,d,k,mechanism,n,student_index,witness_ms,setup_ms,prove_ms,proof_generation_ms,verify_native_ms,verified,proof_bytes,calldata_bytes,root,nullifier
theo_n,12,1,true,9,13,onchain,500,0,31.288600,1338.269100,913.637800,944.926400,5.749900,true,4224,4352,0x098b50423eb1b80e5a7fb520438bb4f17cbf6c9b9e6ebef7938342aa2df694fe,0x0908cbf85e088d680fbd39fdb24b3cc3dd4a43f6c03cd816e06f24aad0ed40c9
theo_n,12,2,true,9,13,onchain,500,1,49.141100,1338.269100,1216.147400,1265.288500,7.584500,true,4224,4352,0x098b50423eb1b80e5a7fb520438bb4f17cbf6c9b9e6ebef7938342aa2df694fe,0x067e06c893d9a0e4d6fd53a0046674c8f20bf84f7b70811bf473ffa211d8c6bd
theo_n,12,3,true,9,13,onchain,500,2,74.315500,1338.269100,1712.884800,1787.200300,9.568400,true,4224,4352,0x098b50423eb1b80e5a7fb520438bb4f17cbf6c9b9e6ebef7938342aa2df694fe,0x0b8fe57083cdcc700c57fbcf6933cb725896572c6ab544b6f4d8e1c6ab38f07b
theo_n,12,4,false,9,13,onchain,500,0,77.500400,1338.269100,1423.829800,1501.330200,6.797000,true,4224,4352,0x098b50423eb1b80e5a7fb520438bb4f17cbf6c9b9e6ebef7938342aa2df694fe,0x0908cbf85e088d680fbd39fdb24b3cc3dd4a43f6c03cd816e06f24aad0ed40c9
theo_n,12,5,false,9,13,onchain,500,1,61.230600,1338.269100,1282.559400,1343.790000,6.966000,true,4224,4352,0x098b50423eb1b80e5a7fb520438bb4f17cbf6c9b9e6ebef7938342aa2df694fe,0x067e06c893d9a0e4d6fd53a0046674c8f20bf84f7b70811bf473ffa211d8c6bd
theo_n,12,6,false,9,13,onchain,500,2,66.888700,1338.269100,1367.341100,1434.229800,6.855000,true,4224,4352,0x098b50423eb1b80e5a7fb520438bb4f17cbf6c9b9e6ebef7938342aa2df694fe,0x0b8fe57083cdcc700c57fbcf6933cb725896572c6ab544b6f4d8e1c6ab38f07b
theo_n,12,7,false,9,13,onchain,500,3,66.997400,1338.269100,1596.603000,1663.600400,8.755500,true,4224,4352,0x098b50423eb1b80e5a7fb520438bb4f17cbf6c9b9e6ebef7938342aa2df694fe,0x107c70d191e489c806456c18cf98e286488b248a7e2ac57b6576b30dfade8db2
theo_n,12,8,false,9,13,onchain,500,4,80.216800,1338.269100,1290.109300,1370.326100,5.926800,true,4224,4352,0x098b50423eb1b80e5a7fb520438bb4f17cbf6c9b9e6ebef7938342aa2df694fe,0x0a311bfe27c095e9b61eb94f9bfdc9d5e247dfd2f96271cff3d32612a2e7339a
theo_n,12,9,false,9,13,onchain,500,5,69.734900,1338.269100,1199.608400,1269.343300,6.170500,true,4224,4352,0x098b50423eb1b80e5a7fb520438bb4f17cbf6c9b9e6ebef7938342aa2df694fe,0x18b6e24c33265e51a6ebce655f0c7d8cc56a336e228450d97e77a9ef874404bc
theo_n,12,10,false,9,13,onchain,500,6,66.474600,1338.269100,1208.250400,1274.725000,6.648900,true,4224,4352,0x098b50423eb1b80e5a7fb520438bb4f17cbf6c9b9e6ebef7938342aa2df694fe,0x178454ab459643088f4034d21806282a31eacc6d694df8a91a76f6cadc1e4e05
theo_n,12,11,false,9,13,onchain,500,7,67.758100,1338.269100,1175.843600,1243.601700,6.526200,true,4224,4352,0x098b50423eb1b80e5a7fb520438bb4f17cbf6c9b9e6ebef7938342aa2df694fe,0x156330b35df029b9ac8c5cf74cf1978f087f063d91916404df8a0984916950ac
theo_n,12,12,false,9,13,onchain,500,8,68.143300,1338.269100,1196.771100,1264.914400,7.042600,true,4224,4352,0x098b50423eb1b80e5a7fb520438bb4f17cbf6c9b9e6ebef7938342aa2df694fe,0x15bf766aa145bc49955f4b440b0070cdb1823fdb1a4942a856ae7a53dd251a8a
theo_n,12,13,false,9,13,onchain,500,9,67.564100,1338.269100,1166.072800,1233.636900,6.527400,true,4224,4352,0x098b50423eb1b80e5a7fb520438bb4f17cbf6c9b9e6ebef7938342aa2df694fe,0x145e23340ae3a5c2a8a430e0bd8150939cf9d3336c5a111f39801cc2a9171cea
theo_n,12,14,false,9,13,onchain,500,10,59.446100,1338.269100,1189.732600,1249.178700,7.254600,true,4224,4352,0x098b50423eb1b80e5a7fb520438bb4f17cbf6c9b9e6ebef7938342aa2df694fe,0x19d8b479a4eb2ed56fc544f5f258c142afbc9733ce11579245b90f6471cc5aa2
theo_n,12,15,false,9,13,onchain,500,11,68.098600,1338.269100,1172.484800,1240.583400,6.476500,true,4224,4352,0x098b50423eb1b80e5a7fb520438bb4f17cbf6c9b9e6ebef7938342aa2df694fe,0x17115cce247ab17833ce4f971544dcf98cba44f30ac3caa2b60573600696808c
theo_n,12,16,false,9,13,onchain,500,12,73.302100,1338.269100,1213.545900,1286.848000,7.071200,true,4224,4352,0x098b50423eb1b80e5a7fb520438bb4f17cbf6c9b9e6ebef7938342aa2df694fe,0x12f7111f7f65e737c4608f3f8cffc3dea6a29e14af7ddcba52cac254304ecd23
theo_n,12,17,false,9,13,onchain,500,13,67.155500,1338.269100,1146.350800,1213.506300,6.645500,true,4224,4352,0x098b50423eb1b80e5a7fb520438bb4f17cbf6c9b9e6ebef7938342aa2df694fe,0x146554373ef67f5de307538cfcb7e62015f4c7d7791f0be35f5897031ab12a59
theo_n,12,18,false,9,13,onchain,500,14,54.939600,1338.269100,1171.014600,1225.954200,6.305100,true,4224,4352,0x098b50423eb1b80e5a7fb520438bb4f17cbf6c9b9e6ebef7938342aa2df694fe,0x298177b133ab3f68a2e47c6d74787973892a7540de8dcd16ae80701b4d1a19b5
theo_n,12,19,false,9,13,onchain,500,15,66.876900,1338.269100,1183.611200,1250.488100,6.308300,true,4224,4352,0x098b50423eb1b80e5a7fb520438bb4f17cbf6c9b9e6ebef7938342aa2df694fe,0x290f20350f10923907c139526a8eeb150f99e2573a16d6916fe0f769c993f49a
theo_n,12,20,false,9,13,onchain,500,16,64.399200,1338.269100,1210.058700,1274.457900,7.722900,true,4224,4352,0x098b50423eb1b80e5a7fb520438bb4f17cbf6c9b9e6ebef7938342aa2df694fe,0x171e66512384a041ca6a5f708a5b4fdda9cf24ab176412c6f6900afc3c6dedb8
theo_n,12,21,false,9,13,onchain,500,17,64.626000,1338.269100,1152.736900,1217.362900,6.640400,true,4224,4352,0x098b50423eb1b80e5a7fb520438bb4f17cbf6c9b9e6ebef7938342aa2df694fe,0x1be2fe80e5029582e3f6e62f4cb2a84d401feee79f16b335d0bc369a395a0853
theo_n,12,22,false,9,13,onchain,500,18,65.719400,1338.269100,1189.200700,1254.920100,6.294500,true,4224,4352,0x098b50423eb1b80e5a7fb520438bb4f17cbf6c9b9e6ebef7938342aa2df694fe,0x0bb978d615ff4f194a9934af270a428732e8174c4311c8beb31d4e0bbabbc0bc
theo_n,12,23,false,9,13,onchain,500,19,66.314000,1338.269100,1140.097200,1206.411200,6.076900,true,4224,4352,0x098b50423eb1b80e5a7fb520438bb4f17cbf6c9b9e6ebef7938342aa2df694fe,0x04726770464b2bff8da321b67038b812b34fa5fa5cdf99f1314cba8589a165bc
theo_n,12,24,false,9,13,onchain,500,20,49.897500,1338.269100,1190.082900,1239.980400,5.709200,true,4224,4352,0x098b50423eb1b80e5a7fb520438bb4f17cbf6c9b9e6ebef7938342aa2df694fe,0x03d6f9ca63a41aff3fb9a8fc838ab1ed3ceedc7c249c5dc4c19d5955e351be13
theo_n,12,25,false,9,13,onchain,500,21,64.686500,1338.269100,1175.207100,1239.893600,5.915700,true,4224,4352,0x098b50423eb1b80e5a7fb520438bb4f17cbf6c9b9e6ebef7938342aa2df694fe,0x1686fa19ed842d8106f86663fe6e6888a8bfb3e985dcfd2bb1db169ffcda5da5
theo_n,12,26,false,9,13,onchain,500,22,60.866200,1338.269100,1164.832200,1225.698400,7.884700,true,4224,4352,0x098b50423eb1b80e5a7fb520438bb4f17cbf6c9b9e6ebef7938342aa2df694fe,0x23e82ec09d717b107d77dc26eb5dc265ea1fc45985e29b8cc3cb17430ff24a0c
theo_n,12,27,false,9,13,onchain,500,23,68.032400,1338.269100,1150.171700,1218.204100,6.887200,true,4224,4352,0x098b50423eb1b80e5a7fb520438bb4f17cbf6c9b9e6ebef7938342aa2df694fe,0x10b3bd195947d421c2d2b26290f8c337fd0828e5148886d256cae19c30dd3457
theo_n,12,28,false,9,13,onchain,500,24,67.260000,1338.269100,1172.701600,1239.961600,6.298100,true,4224,4352,0x098b50423eb1b80e5a7fb520438bb4f17cbf6c9b9e6ebef7938342aa2df694fe,0x2a99ad2dc4636645cb03a3f8cddbcf89d41b4a9e486facca27dfee54675abb9c
theo_n,12,29,false,9,13,onchain,500,25,67.366400,1338.269100,1174.046600,1241.413000,6.111400,true,4224,4352,0x098b50423eb1b80e5a7fb520438bb4f17cbf6c9b9e6ebef7938342aa2df694fe,0x1cd40d323ccd0838cfec775d1003317bf356cafeaba2b700c3af3c61def30fca
theo_n,12,30,false,9,13,onchain,500,26,57.414200,1338.269100,1164.935100,1222.349300,5.991300,true,4224,4352,0x098b50423eb1b80e5a7fb520438bb4f17cbf6c9b9e6ebef7938342aa2df694fe,0x2eb42444691d4d15abfb91e44bb63be709bec40b9e54f4360f24d4480534af10
theo_n,12,31,false,9,13,onchain,500,27,67.556900,1338.269100,1162.956200,1230.513100,6.686600,true,4224,4352,0x098b50423eb1b80e5a7fb520438bb4f17cbf6c9b9e6ebef7938342aa2df694fe,0x2c174593cceb5f490ba8f6ba09cd052e5c25a821a271f28bc1a25fe480d609d8
theo_n,12,32,false,9,13,onchain,500,28,64.371300,1338.269100,1169.487500,1233.858800,6.378800,true,4224,4352,0x098b50423eb1b80e5a7fb520438bb4f17cbf6c9b9e6ebef7938342aa2df694fe,0x23665977a843f888d72d4f179e9f9d837be558853b6806d1436951fa322c1221
theo_n,12,33,false,9,13,onchain,500,29,66.725200,1338.269100,1251.596900,1318.322100,6.908200,true,4224,4352,0x098b50423eb1b80e5a7fb520438bb4f17cbf6c9b9e6ebef7938342aa2df694fe,0x1784bc5a44d0a6e7b87bdd0fd4e563361f98a6aa39b7964e0907b239a38b84e7
theo_n,12,34,false,9,13,onchain,500,30,57.167600,1338.269100,1188.653600,1245.821200,9.550100,true,4224,4352,0x098b50423eb1b80e5a7fb520438bb4f17cbf6c9b9e6ebef7938342aa2df694fe,0x202c4e9e6402e7f390a4ab85d1370541fe76c37421ce3a51ac5805c4b24b6da9
theo_n,12,35,false,9,13,onchain,500,31,70.428500,1338.269100,1161.639300,1232.067800,6.382000,true,4224,4352,0x098b50423eb1b80e5a7fb520438bb4f17cbf6c9b9e6ebef7938342aa2df694fe,0x26ac62095e0835f5045ef0c786313c5c49c66bfa9a9c59a9176a5e55ca7e0d2f
theo_n,12,36,false,9,13,onchain,500,32,48.914400,1338.269100,1183.800500,1232.714900,6.113500,true,4224,4352,0x098b50423eb1b80e5a7fb520438bb4f17cbf6c9b9e6ebef7938342aa2df694fe,0x0999d39078de7333e04118695737bc5efd57941984dd9136fc1c1b2063a26adc
theo_n,12,37,false,9,13,onchain,500,33,65.288500,1338.269100,1344.191000,1409.479500,7.453100,true,4224,4352,0x098b50423eb1b80e5a7fb520438bb4f17cbf6c9b9e6ebef7938342aa2df694fe,0x21595eb5cbf9542bc3565fb23a44f93e50797512cb2156aa0f1bf0cccd52959e
theo_n,12,38,false,9,13,onchain,500,34,87.146000,1338.269100,1237.668100,1324.814100,6.505900,true,4224,4352,0x098b50423eb1b80e5a7fb520438bb4f17cbf6c9b9e6ebef7938342aa2df694fe,0x25c79e1b2c8e7e076990cd6c719d9fad9068d6cd9b911cb567af007fd9ae9012
theo_n,12,39,false,9,13,onchain,500,35,87.416700,1338.269100,1179.401400,1266.818100,6.026100,true,4224,4352,0x098b50423eb1b80e5a7fb520438bb4f17cbf6c9b9e6ebef7938342aa2df694fe,0x12b71401342adb56754a25ca9b90161c500f6d1db94481a55ff459a7aebc3185
theo_n,12,40,false,9,13,onchain,500,36,63.049700,1338.269100,1167.617100,1230.666800,6.218400,true,4224,4352,0x098b50423eb1b80e5a7fb520438bb4f17cbf6c9b9e6ebef7938342aa2df694fe,0x1bf1c17e9fed35f18ad1a97d36860e5c49872e06811178e1de9764c9d878dc29
theo_n,12,41,false,9,13,onchain,500,37,65.694700,1338.269100,1178.646700,1244.341400,6.653800,true,4224,4352,0x098b50423eb1b80e5a7fb520438bb4f17cbf6c9b9e6ebef7938342aa2df694fe,0x2b638435867637f2946659187916cd17968a726d781e30c6e61925210b314d02
theo_n,12,42,false,9,13,onchain,500,38,48.815400,1338.269100,1207.150200,1255.965600,7.683600,true,4224,4352,0x098b50423eb1b80e5a7fb520438bb4f17cbf6c9b9e6ebef7938342aa2df694fe,0x2bdbfab8d0294126af14982e1000d41a61e11326b0ce247a7116adeeea7985cd
theo_n,12,43,false,9,13,onchain,500,39,62.051100,1338.269100,1160.680300,1222.731400,6.226300,true,4224,4352,0x098b50423eb1b80e5a7fb520438bb4f17cbf6c9b9e6ebef7938342aa2df694fe,0x0aa7bf1d39d93e1954ce66d9858d1198e0ad921a4df6c1181b1ce905784fe958
theo_n,12,44,false,9,13,onchain,500,40,65.265400,1338.269100,1143.230700,1208.496100,6.327700,true,4224,4352,0x098b50423eb1b80e5a7fb520438bb4f17cbf6c9b9e6ebef7938342aa2df694fe,0x10de1e3d29876f4850189c984ae73d9c11ce68b86aadc32cf461c98d54d62d23
theo_n,12,45,false,9,13,onchain,500,41,59.420200,1338.269100,1148.430000,1207.850200,6.532500,true,4224,4352,0x098b50423eb1b80e5a7fb520438bb4f17cbf6c9b9e6ebef7938342aa2df694fe,0x1edba77fec60aecefcfe1abd4e72068fd9fb6184a89b43f5c3dc9a00069d74e2
theo_n,12,46,false,9,13,onchain,500,42,61.494400,1338.269100,1191.879300,1253.373700,6.736000,true,4224,4352,0x098b50423eb1b80e5a7fb520438bb4f17cbf6c9b9e6ebef7938342aa2df694fe,0x15c8ab0ca8377161a0b8ea56ed9e3ae382863e927a1324317f9fa192d6188e2e
theo_n,12,47,false,9,13,onchain,500,43,63.567300,1338.269100,1157.813900,1221.381200,7.539600,true,4224,4352,0x098b50423eb1b80e5a7fb520438bb4f17cbf6c9b9e6ebef7938342aa2df694fe,0x13eb1c80471a2c64b0c27128ce601b8439e0852909edea7c2fa01c5a8b0cd2a8
theo_n,12,48,false,9,13,onchain,500,44,66.410700,1338.269100,1158.638900,1225.049600,6.980800,true,4224,4352,0x098b50423eb1b80e5a7fb520438bb4f17cbf6c9b9e6ebef7938342aa2df694fe,0x0231eb71e8795c4c4a35fb9db7f9d3c70fcb8e6537017b7c23770e27edb17c26
theo_n,12,49,false,9,13,onchain,500,45,67.439500,1338.269100,1159.797200,1227.236700,7.125900,true,4224,4352,0x098b50423eb1b80e5a7fb520438bb4f17cbf6c9b9e6ebef7938342aa2df694fe,0x14bfb435acb7a5d37e0d29a9b6051229ed7acd9fdfc1de220c0337ce6f0f4ed8
theo_n,12,50,false,9,13,onchain,500,46,63.153400,1338.269100,1202.699600,1265.853000,6.734900,true,4224,4352,0x098b50423eb1b80e5a7fb520438bb4f17cbf6c9b9e6ebef7938342aa2df694fe,0x0d91e737b2843fdf5a8d1394de46dfa3fe679927773f55ff934b561adb0b7fff
theo_n,12,51,false,9,13,onchain,500,47,67.701300,1338.269100,1188.984400,1256.685700,5.719000,true,4224,4352,0x098b50423eb1b80e5a7fb520438bb4f17cbf6c9b9e6ebef7938342aa2df694fe,0x26954244b4ec45232f6c53427aaae47d6f1e18e481e8b23526e02555df48c1df
theo_n,12,52,false,9,13,onchain,500,48,53.289000,1338.269100,1147.718300,1201.007300,7.488000,true,4224,4352,0x098b50423eb1b80e5a7fb520438bb4f17cbf6c9b9e6ebef7938342aa2df694fe,0x239708d53c07d61009f55c15e879487da0622eab4cc30d66f7bca4dbc4bfe44d
theo_n,12,53,false,9,13,onchain,500,49,69.749600,1338.269100,1234.733300,1304.482900,6.601200,true,4224,4352,0x098b50423eb1b80e5a7fb520438bb4f17cbf6c9b9e6ebef7938342aa2df694fe,0x163233172054b52f81b9f891e2f9d5105c71e0adba76e509daa09013f949b0aa
theo_n,12,54,false,9,13,onchain,500,50,80.928700,1338.269100,1263.496500,1344.425200,5.767000,true,4224,4352,0x098b50423eb1b80e5a7fb520438bb4f17cbf6c9b9e6ebef7938342aa2df694fe,0x29f882fd660b6a26a77c96e53e736aaae7aec2dcd44d93124440e2b9b84b4a38
theo_n,12,55,false,9,13,onchain,500,51,63.170800,1338.269100,1185.063400,1248.234200,5.990000,true,4224,4352,0x098b50423eb1b80e5a7fb520438bb4f17cbf6c9b9e6ebef7938342aa2df694fe,0x27e66d84b49036dd0865b9da04321eba233102d93a56847b997b2096cfc0e219
theo_n,12,56,false,9,13,onchain,500,52,58.939200,1338.269100,1157.620500,1216.559700,6.982800,true,4224,4352,0x098b50423eb1b80e5a7fb520438bb4f17cbf6c9b9e6ebef7938342aa2df694fe,0x041c6acccd0de4874fa535b4423d4a3ab728697b23310712e0d2d3f10927164d
theo_n,12,57,false,9,13,onchain,500,53,70.427300,1338.269100,1158.204400,1228.631700,6.547900,true,4224,4352,0x098b50423eb1b80e5a7fb520438bb4f17cbf6c9b9e6ebef7938342aa2df694fe,0x1d11e9b323790b3c05df4d5364a35721616441c63f76b36a5b739e880f8fc03c
theo_n,12,58,false,9,13,onchain,500,54,63.145100,1338.269100,1177.645600,1240.790700,6.353800,true,4224,4352,0x098b50423eb1b80e5a7fb520438bb4f17cbf6c9b9e6ebef7938342aa2df694fe,0x19ed930667ae813189bbaa0641e03f632bed382b9631862cf170dc2cfb08f703
theo_n,12,59,false,9,13,onchain,500,55,64.974900,1338.269100,1173.759400,1238.734300,7.078600,true,4224,4352,0x098b50423eb1b80e5a7fb520438bb4f17cbf6c9b9e6ebef7938342aa2df694fe,0x286f63b2d20d219a578976c21ed9f8396a9370eb76c1692333fb49e9ffe5eddd
theo_n,12,60,false,9,13,onchain,500,56,76.765700,1338.269100,1179.720900,1256.486600,8.004900,true,4224,4352,0x098b50423eb1b80e5a7fb520438bb4f17cbf6c9b9e6ebef7938342aa2df694fe,0x1f99a065f3bb98ea5433e6d81e6e27387fc8c025edc841fddcff3cbf77e66024
theo_n,12,61,false,9,13,onchain,500,57,66.680600,1338.269100,1184.153600,1250.834200,6.757400,true,4224,4352,0x098b50423eb1b80e5a7fb520438bb4f17cbf6c9b9e6ebef7938342aa2df694fe,0x1feb6f0f68700be050d5e26dfd63e880937685b79efab2b075ec055912a4f5ae
theo_n,12,62,false,9,13,onchain,500,58,66.434600,1338.269100,1174.971200,1241.405800,6.675100,true,4224,4352,0x098b50423eb1b80e5a7fb520438bb4f17cbf6c9b9e6ebef7938342aa2df694fe,0x0e6c34dbfd1473a1ae9710c16b88cac448410f09637490e3123197c34790a183
theo_n,12,63,false,9,13,onchain,500,59,63.602600,1338.269100,1155.189400,1218.792000,6.920600,true,4224,4352,0x098b50423eb1b80e5a7fb520438bb4f17cbf6c9b9e6ebef7938342aa2df694fe,0x0bb2842f8a6e91c04573162fc7601b567d7df6749d60979ba332d7b78c328f8d
theo_n,12,64,false,9,13,onchain,500,60,65.685800,1338.269100,1162.089500,1227.775300,7.484500,true,4224,4352,0x098b50423eb1b80e5a7fb520438bb4f17cbf6c9b9e6ebef7938342aa2df694fe,0x0a7220125db4c9fae9b66dda6e019f9ebbe630298376fe4b51a071b6eb9ddbcf
theo_n,12,65,false,9,13,onchain,500,61,71.065300,1338.269100,1147.858000,1218.923300,6.396400,true,4224,4352,0x098b50423eb1b80e5a7fb520438bb4f17cbf6c9b9e6ebef7938342aa2df694fe,0x1abe534db0df466d693bdbb58e2e3330a7c9ce60678dcecd580bfa34a5604850
theo_n,12,66,false,9,13,onchain,500,62,84.131800,1338.269100,1202.499800,1286.631600,5.943800,true,4224,4352,0x098b50423eb1b80e5a7fb520438bb4f17cbf6c9b9e6ebef7938342aa2df694fe,0x12cd93c7fe1e9691bc34c1a151550f01178da157b91296de0279ba930f04a680
theo_n,12,67,false,9,13,onchain,500,63,65.595100,1338.269100,1168.538700,1234.133800,5.966600,true,4224,4352,0x098b50423eb1b80e5a7fb520438bb4f17cbf6c9b9e6ebef7938342aa2df694fe,0x1efdb02da48822560ee87f9d18dd45890f200b5829646129246afe143791a5ee
theo_n,12,68,false,9,13,onchain,500,64,64.831400,1338.269100,1174.991100,1239.822500,5.801900,true,4224,4352,0x098b50423eb1b80e5a7fb520438bb4f17cbf6c9b9e6ebef7938342aa2df694fe,0x18bcb575879217dd771bf3fd110accc154f81eb964db696503ddc5cc982414f3
theo_n,12,69,false,9,13,onchain,500,65,61.072700,1338.269100,1165.823400,1226.896100,6.243100,true,4224,4352,0x098b50423eb1b80e5a7fb520438bb4f17cbf6c9b9e6ebef7938342aa2df694fe,0x2e969f3908c8262e7c1ef3c63699dc0ca68c5ea634b5f0732921ce9452c32843
theo_n,12,70,false,9,13,onchain,500,66,59.589200,1338.269100,1163.435900,1223.025100,6.326100,true,4224,4352,0x098b50423eb1b80e5a7fb520438bb4f17cbf6c9b9e6ebef7938342aa2df694fe,0x0088ab77acbdc069cfc9f633fed7cecb143790696b76586df6ef40df2b60952c
theo_n,12,71,false,9,13,onchain,500,67,64.380600,1338.269100,1165.289500,1229.670100,6.395900,true,4224,4352,0x098b50423eb1b80e5a7fb520438bb4f17cbf6c9b9e6ebef7938342aa2df694fe,0x19266272248a559ab8943ba2d8258af531fe630f833f9241fd43a9bd449ed3a7
theo_n,12,72,false,9,13,onchain,500,68,60.824600,1338.269100,1160.059700,1220.884300,6.735300,true,4224,4352,0x098b50423eb1b80e5a7fb520438bb4f17cbf6c9b9e6ebef7938342aa2df694fe,0x215eaf1d8e79c9ef4d076f165a4f634ca98f0f5ed28e045b617a86326162e4a2
theo_n,12,73,false,9,13,onchain,500,69,67.589000,1338.269100,1153.647900,1221.236900,6.990700,true,4224,4352,0x098b50423eb1b80e5a7fb520438bb4f17cbf6c9b9e6ebef7938342aa2df694fe,0x0a7e4f05953ca3db4ac4061d27149a86e58e25f8abe9700123d4376accf763bf
theo_n,12,74,false,9,13,onchain,500,70,67.126200,1338.269100,1179.256600,1246.382800,5.993900,true,4224,4352,0x098b50423eb1b80e5a7fb520438bb4f17cbf6c9b9e6ebef7938342aa2df694fe,0x08605ab6f0ea9feaba6887ea78431d2492628dfd59a10292fc7afe5ea2e8eece
theo_n,12,75,false,9,13,onchain,500,71,76.349400,1338.269100,1169.940500,1246.289900,6.002400,true,4224,4352,0x098b50423eb1b80e5a7fb520438bb4f17cbf6c9b9e6ebef7938342aa2df694fe,0x26d317fe0299e077054be278d1f0d21206ca9c25bef0abf439a346026c390dfa
theo_n,12,76,false,9,13,onchain,500,72,64.845300,1338.269100,1208.791700,1273.637000,7.007800,true,4224,4352,0x098b50423eb1b80e5a7fb520438bb4f17cbf6c9b9e6ebef7938342aa2df694fe,0x25af9ec4cff748dbaf0976a3ff1188e5b628546f7f4f5b9db9eaa477462f7869
theo_n,12,77,false,9,13,onchain,500,73,65.831400,1338.269100,1175.948500,1241.779900,6.119900,true,4224,4352,0x098b50423eb1b80e5a7fb520438bb4f17cbf6c9b9e6ebef7938342aa2df694fe,0x01fb960b8f1b5d34b7f4749defb02b514c03bec096b79a9bc37ebfdeec741f2b
theo_n,12,78,false,9,13,onchain,500,74,62.538900,1338.269100,1151.380800,1213.919700,6.595100,true,4224,4352,0x098b50423eb1b80e5a7fb520438bb4f17cbf6c9b9e6ebef7938342aa2df694fe,0x12e08ec57ab72cecc7a3924708902cc02c89942a36fdb660beb16561ed7ef5ce
theo_n,12,79,false,9,13,onchain,500,75,80.978800,1338.269100,1174.358600,1255.337400,6.912000,true,4224,4352,0x098b50423eb1b80e5a7fb520438bb4f17cbf6c9b9e6ebef7938342aa2df694fe,0x16a729a31e033516db4de85c7111097269183918aa98a399cfd2eabaf4bc6545
theo_n,12,80,false,9,13,onchain,500,76,61.858500,1338.269100,1134.658800,1196.517300,5.939400,true,4224,4352,0x098b50423eb1b80e5a7fb520438bb4f17cbf6c9b9e6ebef7938342aa2df694fe,0x0d453d4335fb2a5c16d11d4240b1166d98908cce0ead0250abff97a9868aecc8
theo_n,12,81,false,9,13,onchain,500,77,73.683200,1338.269100,1175.766400,1249.449600,5.704400,true,4224,4352,0x098b50423eb1b80e5a7fb520438bb4f17cbf6c9b9e6ebef7938342aa2df694fe,0x0d4fb35507c4725529bee562d7875325d2200194fbe8fd2e917d6dd1cc23fdc2
theo_n,12,82,false,9,13,onchain,500,78,64.590700,1338.269100,1170.785700,1235.376400,6.964700,true,4224,4352,0x098b50423eb1b80e5a7fb520438bb4f17cbf6c9b9e6ebef7938342aa2df694fe,0x18fd75dcd068156962b7472b26d5764df5f027a7dc6aba38d75ff522addddc25
theo_n,12,83,false,9,13,onchain,500,79,66.773700,1338.269100,1143.651000,1210.424700,6.198800,true,4224,4352,0x098b50423eb1b80e5a7fb520438bb4f17cbf6c9b9e6ebef7938342aa2df694fe,0x2be77b57647a6b10a55e242f74a9ccf7e4785095dad898a23c39c7449a8a7c0c
theo_n,12,84,false,9,13,onchain,500,80,55.243500,1338.269100,1165.111100,1220.354600,6.551200,true,4224,4352,0x098b50423eb1b80e5a7fb520438bb4f17cbf6c9b9e6ebef7938342aa2df694fe,0x0d9b8e94306ca021ecb938f5026044a99fb2903e768e0b859c6cb7f74c89ada6
theo_n,12,85,false,9,13,onchain,500,81,73.276600,1338.269100,1196.750200,1270.026800,6.247700,true,4224,4352,0x098b50423eb1b80e5a7fb520438bb4f17cbf6c9b9e6ebef7938342aa2df694fe,0x06c0b3f5ffd3b8544f72e020c2ffde1c8399e0f7b3f5c2c98ef2d41a5b6d2a0a
theo_n,12,86,false,9,13,onchain,500,82,66.833400,1338.269100,1144.126200,1210.959600,6.257500,true,4224,4352,0x098b50423eb1b80e5a7fb520438bb4f17cbf6c9b9e6ebef7938342aa2df694fe,0x0fcde5acfb3565955df8385342e3d172fc5e4376c643a3cb46cf9cada75b9277
theo_n,12,87,false,9,13,onchain,500,83,66.710600,1338.269100,1158.937200,1225.647800,6.365000,true,4224,4352,0x098b50423eb1b80e5a7fb520438bb4f17cbf6c9b9e6ebef7938342aa2df694fe,0x15051a287f47c76ed7d2269998aa47f5381185b04d9f51445c39087cd8ed01de
theo_n,12,88,false,9,13,onchain,500,84,59.637800,1338.269100,1174.671800,1234.309600,5.629000,true,4224,4352,0x098b50423eb1b80e5a7fb520438bb4f17cbf6c9b9e6ebef7938342aa2df694fe,0x0f7765a835070e4481f45e0827e06270383d6f9cdbd4196f283b338b9a4e3238
theo_n,12,89,false,9,13,onchain,500,85,59.924000,1338.269100,1145.794700,1205.718700,6.705200,true,4224,4352,0x098b50423eb1b80e5a7fb520438bb4f17cbf6c9b9e6ebef7938342aa2df694fe,0x2b62ea88645121b88157ac06e4e3f9c3178df965566ae6496a8d6c6bb96fbded
theo_n,12,90,false,9,13,onchain,500,86,65.700000,1338.269100,1188.691300,1254.391300,6.375800,true,4224,4352,0x098b50423eb1b80e5a7fb520438bb4f17cbf6c9b9e6ebef7938342aa2df694fe,0x2dd46823e0fa0e639cbb8cc928ec221105d0d9a65c31b716e52a5a52adfcfb95
theo_n,12,91,false,9,13,onchain,500,87,54.248700,1338.269100,1222.610600,1276.859300,6.582100,true,4224,4352,0x098b50423eb1b80e5a7fb520438bb4f17cbf6c9b9e6ebef7938342aa2df694fe,0x28a7f749444fc4fb853eeff2d8b65c7a41abfea333797977a42f9f84eb0ea79b
theo_n,12,92,false,9,13,onchain,500,88,62.892900,1338.269100,1231.698900,1294.591800,7.191100,true,4224,4352,0x098b50423eb1b80e5a7fb520438bb4f17cbf6c9b9e6ebef7938342aa2df694fe,0x1990851d8f9a1f34328e760b34b2c549764ca2e1557dde4c5f189c4e168cd5f9
theo_n,12,93,false,9,13,onchain,500,89,67.055200,1338.269100,1182.606000,1249.661200,6.806400,true,4224,4352,0x098b50423eb1b80e5a7fb520438bb4f17cbf6c9b9e6ebef7938342aa2df694fe,0x2b8d45422864217488a84b2c5d353db89cdf51b5bee10eb545baef4f7381330f
theo_n,12,94,false,9,13,onchain,500,90,46.155900,1338.269100,1142.454900,1188.610800,7.330000,true,4224,4352,0x098b50423eb1b80e5a7fb520438bb4f17cbf6c9b9e6ebef7938342aa2df694fe,0x00f12dbe894fc42bbde3b356e7868f42f5a9a342cfd632ff464f8fcf9e57333b
theo_n,12,95,false,9,13,onchain,500,91,68.743600,1338.269100,1192.495500,1261.239100,6.666400,true,4224,4352,0x098b50423eb1b80e5a7fb520438bb4f17cbf6c9b9e6ebef7938342aa2df694fe,0x1ec83bfd5f380ef673a5af89e992e0d01715ca7d7f2967cc8316c40bb09163a9
theo_n,12,96,false,9,13,onchain,500,92,61.624300,1338.269100,1204.894100,1266.518400,6.887700,true,4224,4352,0x098b50423eb1b80e5a7fb520438bb4f17cbf6c9b9e6ebef7938342aa2df694fe,0x0b07c8f3f557a462c6ef632caabdcf5fc3bf382ff18dfe46aae0dadaedd5a8d2
theo_n,12,97,false,9,13,onchain,500,93,65.925200,1338.269100,1181.179400,1247.104600,6.701800,true,4224,4352,0x098b50423eb1b80e5a7fb520438bb4f17cbf6c9b9e6ebef7938342aa2df694fe,0x0d315137502a0bf670e5c74c46603131659987d14b09d74da3c36de13a608b07
theo_n,12,98,false,9,13,onchain,500,94,62.921200,1338.269100,1185.749200,1248.670400,6.927500,true,4224,4352,0x098b50423eb1b80e5a7fb520438bb4f17cbf6c9b9e6ebef7938342aa2df694fe,0x2d7c0a2bf3f877b4301edfbb51e2b35bd3c86cfe1d1a492eb454d060ae7778f1
theo_n,12,99,false,9,13,onchain,500,95,65.246300,1338.269100,1239.177000,1304.423300,5.640400,true,4224,4352,0x098b50423eb1b80e5a7fb520438bb4f17cbf6c9b9e6ebef7938342aa2df694fe,0x08d69a87c1f599104a063e0894e7eb48d057bdabc16119b7d07547d35fa7c8a5
theo_n,12,100,false,9,13,onchain,500,96,64.184100,1338.269100,1188.753400,1252.937500,5.824300,true,4224,4352,0x098b50423eb1b80e5a7fb520438bb4f17cbf6c9b9e6ebef7938342aa2df694fe,0x1c7df0827e1080ee71d950a409a18e1518a5e3bce2da8c0ce1b24094d4994b6b
theo_n,12,101,false,9,13,onchain,500,97,55.668800,1338.269100,1232.014600,1287.683400,6.079200,true,4224,4352,0x098b50423eb1b80e5a7fb520438bb4f17cbf6c9b9e6ebef7938342aa2df694fe,0x2d58a42d5d1cc2791453aaa1b78a1d4086dc79c5bae4a72518c26d1eeeaf480a
theo_n,12,102,false,9,13,onchain,500,98,70.951400,1338.269100,1261.996500,1332.947900,6.275700,true,4224,4352,0x098b50423eb1b80e5a7fb520438bb4f17cbf6c9b9e6ebef7938342aa2df694fe,0x082328b47921926c3d45725c3c54adb91798ae45bbee77c57c13c78a0e127537
theo_n,12,103,false,9,13,onchain,500,99,62.580500,1338.269100,1147.009200,1209.589700,5.920000,true,4224,4352,0x098b50423eb1b80e5a7fb520438bb4f17cbf6c9b9e6ebef7938342aa2df694fe,0x0346d298ca5e9ba5bc6d3e3e2e13cc63e6e4d14e53981e988e66eb8d5b87aed3
theo_n,12,104,false,9,13,onchain,500,100,61.306500,1338.269100,1145.832400,1207.138900,6.931500,true,4224,4352,0x098b50423eb1b80e5a7fb520438bb4f17cbf6c9b9e6ebef7938342aa2df694fe,0x280a714b2978fcf5aba174c93ac09d948715115992029fdb917fd8374ab986bd
theo_n,12,105,false,9,13,onchain,500,101,65.757200,1338.269100,1209.336900,1275.094100,6.093000,true,4224,4352,0x098b50423eb1b80e5a7fb520438bb4f17cbf6c9b9e6ebef7938342aa2df694fe,0x085cb394d60f01c45b060e3655b9680d97304f6337b86fda09f0335513c0eaf0
theo_n,12,106,false,9,13,onchain,500,102,65.831300,1338.269100,1190.212600,1256.043900,5.860300,true,4224,4352,0x098b50423eb1b80e5a7fb520438bb4f17cbf6c9b9e6ebef7938342aa2df694fe,0x1527c5d2d9c656f6144be711876760da3a61cf05ed9e544600be5f4b9cfe074d
theo_n,12,107,false,9,13,onchain,500,103,62.445700,1338.269100,1193.782900,1256.228600,5.983500,true,4224,4352,0x098b50423eb1b80e5a7fb520438bb4f17cbf6c9b9e6ebef7938342aa2df694fe,0x1eaec94c680ac2a6a85aa250ddf4cb5bd7a659b00b78f4b6b7c75044fad7d3bd
theo_n,12,108,false,9,13,onchain,500,104,57.832300,1338.269100,1179.725300,1237.557600,6.246900,true,4224,4352,0x098b50423eb1b80e5a7fb520438bb4f17cbf6c9b9e6ebef7938342aa2df694fe,0x15d2afc485db584720f32f6198068e75f1168528ba496590a1980e0f1b270985
theo_n,12,109,false,9,13,onchain,500,105,43.066800,1338.269100,1275.540500,1318.607300,8.096600,true,4224,4352,0x098b50423eb1b80e5a7fb520438bb4f17cbf6c9b9e6ebef7938342aa2df694fe,0x1a5da863997d24b5471d5d5e81070d3959dae8e5b754f8c0c15c3465fc18ca97
theo_n,12,110,false,9,13,onchain,500,106,61.574500,1338.269100,1464.101600,1525.676100,7.430800,true,4224,4352,0x098b50423eb1b80e5a7fb520438bb4f17cbf6c9b9e6ebef7938342aa2df694fe,0x273edd203800914995c38c0f86697eebec9b5fe5bbf24f7e1a8008a29448420f
theo_n,12,111,false,9,13,onchain,500,107,61.892000,1338.269100,1463.182000,1525.074000,6.820200,true,4224,4352,0x098b50423eb1b80e5a7fb520438bb4f17cbf6c9b9e6ebef7938342aa2df694fe,0x2d0b9fe4e87166878564917f8414cfbd31d9faba6cd878a9cbf85c615976b56f
theo_n,12,112,false,9,13,onchain,500,108,64.076600,1338.269100,1228.680200,1292.756800,6.678200,true,4224,4352,0x098b50423eb1b80e5a7fb520438bb4f17cbf6c9b9e6ebef7938342aa2df694fe,0x132230c786a10fd367e92c57fe0adc7480c4617b2bfbe878a0401dfb1b72cb4f
theo_n,12,113,false,9,13,onchain,500,109,58.895000,1338.269100,1174.213900,1233.108900,6.783700,true,4224,4352,0x098b50423eb1b80e5a7fb520438bb4f17cbf6c9b9e6ebef7938342aa2df694fe,0x16cd25f623714f4f1b7065482e340f09ca465af9ebcce54ad72bdc27f48342df
theo_n,12,114,false,9,13,onchain,500,110,67.983900,1338.269100,1184.981100,1252.965000,6.057800,true,4224,4352,0x098b50423eb1b80e5a7fb520438bb4f17cbf6c9b9e6ebef7938342aa2df694fe,0x1bd2861c2b226ae17de48461808c1065c0f1c05fbd72069529891146436c9b34
theo_n,12,115,false,9,13,onchain,500,111,68.080900,1338.269100,1359.557800,1427.638700,6.731100,true,4224,4352,0x098b50423eb1b80e5a7fb520438bb4f17cbf6c9b9e6ebef7938342aa2df694fe,0x0fae658cab7c5225312015aba3241828f57834001837fa9b2ba7a8dea2a5c6cf
theo_n,12,116,false,9,13,onchain,500,112,80.598900,1338.269100,1304.619100,1385.218000,6.051700,true,4224,4352,0x098b50423eb1b80e5a7fb520438bb4f17cbf6c9b9e6ebef7938342aa2df694fe,0x1c5bd298c59b7b24b1802fdfa7c5e831f068f3b3f82ee84667b05d2945f3246e
theo_n,12,117,false,9,13,onchain,500,113,68.023800,1338.269100,1379.787200,1447.811000,5.734000,true,4224,4352,0x098b50423eb1b80e5a7fb520438bb4f17cbf6c9b9e6ebef7938342aa2df694fe,0x2c99a20b86bdb461dd0a77ef1c3714daeaca35a1b808a8abba086b86b93557ce
theo_n,12,118,false,9,13,onchain,500,114,64.894900,1338.269100,1259.658400,1324.553300,7.001000,true,4224,4352,0x098b50423eb1b80e5a7fb520438bb4f17cbf6c9b9e6ebef7938342aa2df694fe,0x25fd20ab6e32c5e8688735c9a2a6f33777a1d050634219f0b002c81ced1c7b5e
theo_n,12,119,false,9,13,onchain,500,115,68.981600,1338.269100,1153.829700,1222.811300,5.517100,true,4224,4352,0x098b50423eb1b80e5a7fb520438bb4f17cbf6c9b9e6ebef7938342aa2df694fe,0x291280af54056c2cd9ad444ad2cdf0658fbdf5cdf12638e6ee2b4eb312a06144
theo_n,12,120,false,9,13,onchain,500,116,65.657200,1338.269100,1185.787100,1251.444300,6.926700,true,4224,4352,0x098b50423eb1b80e5a7fb520438bb4f17cbf6c9b9e6ebef7938342aa2df694fe,0x062716b8ca7b91cefd14777688e1184a74ef6e5c5b6b65936db29c147c43227e
theo_n,12,121,false,9,13,onchain,500,117,66.890300,1338.269100,1146.339000,1213.229300,6.241600,true,4224,4352,0x098b50423eb1b80e5a7fb520438bb4f17cbf6c9b9e6ebef7938342aa2df694fe,0x048e61258fe1e21ef0d5714d38c150dc8cabb2ab182c87524b52f5ec88e1f81f
theo_n,12,122,false,9,13,onchain,500,118,66.494600,1338.269100,1168.796300,1235.290900,6.175600,true,4224,4352,0x098b50423eb1b80e5a7fb520438bb4f17cbf6c9b9e6ebef7938342aa2df694fe,0x0337077e10fc7847a1ac99ececa16ab363e8cf5ce0b82290be76dd1dc10769e8
theo_n,12,123,false,9,13,onchain,500,119,66.405500,1338.269100,1228.962500,1295.368000,8.428400,true,4224,4352,0x098b50423eb1b80e5a7fb520438bb4f17cbf6c9b9e6ebef7938342aa2df694fe,0x122ac2ab494aa392fcee5dd7347129100fc0de2505d46d438da3cd8a2d32e6ea
theo_n,12,124,false,9,13,onchain,500,120,81.754300,1338.269100,1196.092700,1277.847000,5.754200,true,4224,4352,0x098b50423eb1b80e5a7fb520438bb4f17cbf6c9b9e6ebef7938342aa2df694fe,0x1bb18f78f446215b3d6ac87d13f405094b21b926809bad622f625a5c4aba0aa5
theo_n,12,125,false,9,13,onchain,500,121,60.298400,1338.269100,1179.797300,1240.095700,6.880700,true,4224,4352,0x098b50423eb1b80e5a7fb520438bb4f17cbf6c9b9e6ebef7938342aa2df694fe,0x11586f2d39477f1bc5e9b1d06a9fdff35e236bf3cdc4aab74f621481516d7815
theo_n,12,126,false,9,13,onchain,500,122,62.244700,1338.269100,1164.200500,1226.445200,5.593700,true,4224,4352,0x098b50423eb1b80e5a7fb520438bb4f17cbf6c9b9e6ebef7938342aa2df694fe,0x1ddb223e1339f8bf0cbed084e0b0a69adf4fe7ca2c5dc312fce34c5ed9fdf094
theo_n,12,127,false,9,13,onchain,500,123,62.579400,1338.269100,1148.287600,1210.867000,6.661400,true,4224,4352,0x098b50423eb1b80e5a7fb520438bb4f17cbf6c9b9e6ebef7938342aa2df694fe,0x1840a4c242fef47e8f74cd8aa8295e9b11f3bc37ee4ad16c38a5c208344b37dc
theo_n,12,128,false,9,13,onchain,500,124,62.080300,1338.269100,1179.342000,1241.422300,7.298200,true,4224,4352,0x098b50423eb1b80e5a7fb520438bb4f17cbf6c9b9e6ebef7938342aa2df694fe,0x1c13441afbd44509328c5d26d85d3acf169464c8375735cbb5efd13c343ad09f
theo_n,12,129,false,9,13,onchain,500,125,66.826700,1338.269100,1180.111100,1246.937800,6.664900,true,4224,4352,0x098b50423eb1b80e5a7fb520438bb4f17cbf6c9b9e6ebef7938342aa2df694fe,0x1326819b8b7b82169305219445339534c813219958aff00f2de38420d73886c2
theo_n,12,130,false,9,13,onchain,500,126,64.989600,1338.269100,1166.473700,1231.463300,5.567300,true,4224,4352,0x098b50423eb1b80e5a7fb520438bb4f17cbf6c9b9e6ebef7938342aa2df694fe,0x2ca4fcbbe3622752f4aa4e3ca994d30d0c1456ecbc1cad9193430d998bc7ef6e
theo_n,12,131,false,9,13,onchain,500,127,64.397200,1338.269100,1171.645900,1236.043100,6.416900,true,4224,4352,0x098b50423eb1b80e5a7fb520438bb4f17cbf6c9b9e6ebef7938342aa2df694fe,0x1b76b599cec9d9ae0690413de23fc0c9eb5a159ef05aea11a95ee8cda8592759
theo_n,12,132,false,9,13,onchain,500,128,68.927100,1338.269100,1164.097800,1233.024900,6.202200,true,4224,4352,0x098b50423eb1b80e5a7fb520438bb4f17cbf6c9b9e6ebef7938342aa2df694fe,0x19fdf3e31ef4713cb2b80a9d45bb04e96c7ee09d39424729962e332821c9888a
theo_n,12,133,false,9,13,onchain,500,129,54.244100,1338.269100,1152.784500,1207.028600,6.071800,true,4224,4352,0x098b50423eb1b80e5a7fb520438bb4f17cbf6c9b9e6ebef7938342aa2df694fe,0x1f4b342dcdff21fbd66fa67e11c5544bfd8929b923b2dabc1f7ac6cb5151b9b9
theo_n,12,134,false,9,13,onchain,500,130,61.468200,1338.269100,1175.891900,1237.360100,7.348500,true,4224,4352,0x098b50423eb1b80e5a7fb520438bb4f17cbf6c9b9e6ebef7938342aa2df694fe,0x154b1d74c2618354b26b34c984e94e4f7d706573361930e780b8278071f43a98
theo_n,12,135,false,9,13,onchain,500,131,56.449800,1338.269100,1115.675300,1172.125100,6.109900,true,4224,4352,0x098b50423eb1b80e5a7fb520438bb4f17cbf6c9b9e6ebef7938342aa2df694fe,0x1cd387bebe939deb9139dccf335cf5da302583a9ba488b7eea65b16b9f797a0d
theo_n,12,136,false,9,13,onchain,500,132,61.473000,1338.269100,1205.007300,1266.480300,6.223600,true,4224,4352,0x098b50423eb1b80e5a7fb520438bb4f17cbf6c9b9e6ebef7938342aa2df694fe,0x06d6a19737ba3c27075e413dd7860d45cc20cb35ed6c608ac22acc2e5c9c54bb
theo_n,12,137,false,9,13,onchain,500,133,67.527200,1338.269100,1160.610200,1228.137400,5.631300,true,4224,4352,0x098b50423eb1b80e5a7fb520438bb4f17cbf6c9b9e6ebef7938342aa2df694fe,0x29477a7a12360051ea5c87e3ca17fa0d3d2370b734d34a8bfeccbec806464239
theo_n,12,138,false,9,13,onchain,500,134,59.663900,1338.269100,1178.340000,1238.003900,6.462100,true,4224,4352,0x098b50423eb1b80e5a7fb520438bb4f17cbf6c9b9e6ebef7938342aa2df694fe,0x261908540691dd3c2c92abe77a9016a9a562140b65ef5e147e1a60d0cdfc90e0
theo_n,12,139,false,9,13,onchain,500,135,63.822000,1338.269100,1165.149200,1228.971200,5.745100,true,4224,4352,0x098b50423eb1b80e5a7fb520438bb4f17cbf6c9b9e6ebef7938342aa2df694fe,0x2674c02a1b2848b07db064c5a4e58662470a9da5dc7276de3c371db1c33bc5bc
theo_n,12,140,false,9,13,onchain,500,136,61.251300,1338.269100,1163.632400,1224.883700,7.635300,true,4224,4352,0x098b50423eb1b80e5a7fb520438bb4f17cbf6c9b9e6ebef7938342aa2df694fe,0x19c06805eb153a95eef5e1daec5f4936cfd6b1fd84715978ae293859cf99f2f7
theo_n,12,141,false,9,13,onchain,500,137,67.033500,1338.269100,1165.304200,1232.337700,5.986100,true,4224,4352,0x098b50423eb1b80e5a7fb520438bb4f17cbf6c9b9e6ebef7938342aa2df694fe,0x2b9386b34b67cca51b5f376f0d9d5825990e05d8a0663acc09cd7ef2478b99ef
theo_n,12,142,false,9,13,onchain,500,138,58.268900,1338.269100,1162.483600,1220.752500,7.455100,true,4224,4352,0x098b50423eb1b80e5a7fb520438bb4f17cbf6c9b9e6ebef7938342aa2df694fe,0x1d973ebf381de252d781eee0181e4bf96f60364a6355f27faf9d88a26c6d5f74
theo_n,12,143,false,9,13,onchain,500,139,82.157300,1338.269100,1189.871400,1272.028700,6.511600,true,4224,4352,0x098b50423eb1b80e5a7fb520438bb4f17cbf6c9b9e6ebef7938342aa2df694fe,0x1dbc758c2bdd3ffd4ae4900c512cfdd59aa39693c5da8541569bb1b11a7a4ff7
theo_n,12,144,false,9,13,onchain,500,140,65.855100,1338.269100,1206.048000,1271.903100,6.300800,true,4224,4352,0x098b50423eb1b80e5a7fb520438bb4f17cbf6c9b9e6ebef7938342aa2df694fe,0x24fefd181e7c2a8b9c3c99e3f098e38499d6eb3748a5bec2ec08c191c32a20c9
theo_n,12,145,false,9,13,onchain,500,141,65.793200,1338.269100,1156.982400,1222.775600,8.090100,true,4224,4352,0x098b50423eb1b80e5a7fb520438bb4f17cbf6c9b9e6ebef7938342aa2df694fe,0x23968c116ab2270a3af0c481a377d282fa2af22d0df2584795947071ab2e8546
theo_n,12,146,false,9,13,onchain,500,142,66.858700,1338.269100,1180.133400,1246.992100,6.373600,true,4224,4352,0x098b50423eb1b80e5a7fb520438bb4f17cbf6c9b9e6ebef7938342aa2df694fe,0x1647c354c1f20bac7643c9c62e601536572c45dcedaee32d3ee30e288b2a1fee
theo_n,12,147,false,9,13,onchain,500,143,62.694100,1338.269100,1156.183400,1218.877500,6.288900,true,4224,4352,0x098b50423eb1b80e5a7fb520438bb4f17cbf6c9b9e6ebef7938342aa2df694fe,0x2ea5df06e8526bce926495cfb5bcaeeded936c0d347b1f44869b740c89de802c
theo_n,12,148,false,9,13,onchain,500,144,63.322000,1338.269100,1185.462600,1248.784600,7.647100,true,4224,4352,0x098b50423eb1b80e5a7fb520438bb4f17cbf6c9b9e6ebef7938342aa2df694fe,0x0583f5e4a43ff231fab22b74c1e8dc9ca7e11f908ebfec3cae568fa348641be4
theo_n,12,149,false,9,13,onchain,500,145,75.416600,1338.269100,1232.275900,1307.692500,7.255700,true,4224,4352,0x098b50423eb1b80e5a7fb520438bb4f17cbf6c9b9e6ebef7938342aa2df694fe,0x14e11f8cfedbf4f8cf3085e378b3035aa5a493ea65a91f2de51f071ab1c11333
theo_n,12,150,false,9,13,onchain,500,146,66.373400,1338.269100,1155.733100,1222.106500,5.588000,true,4224,4352,0x098b50423eb1b80e5a7fb520438bb4f17cbf6c9b9e6ebef7938342aa2df694fe,0x245b631ba32f9e19fd8f3d1bf8329300750d5c30e6151c849be8b7168923763d
theo_n,12,151,false,9,13,onchain,500,147,57.711100,1338.269100,1132.616100,1190.327200,6.758000,true,4224,4352,0x098b50423eb1b80e5a7fb520438bb4f17cbf6c9b9e6ebef7938342aa2df694fe,0x0a4cf55b4df6d265e96388cc0abf738334a51602cc8ee10b4e6798b91c62ccf6
theo_n,12,152,false,9,13,onchain,500,148,64.679900,1338.269100,1200.135000,1264.814900,5.838400,true,4224,4352,0x098b50423eb1b80e5a7fb520438bb4f17cbf6c9b9e6ebef7938342aa2df694fe,0x2980306594ba7a72b85f517f2b2217da35af687f784e3e046e7dc5d50302957d
theo_n,12,153,false,9,13,onchain,500,149,65.799000,1338.269100,1165.391100,1231.190100,6.520700,true,4224,4352,0x098b50423eb1b80e5a7fb520438bb4f17cbf6c9b9e6ebef7938342aa2df694fe,0x0bae57eb5e9667ff3213947821ebf0971fbc22df8df57a3113b581d199257ff1
theo_n,12,154,false,9,13,onchain,500,150,66.897500,1338.269100,1155.990900,1222.888400,7.775400,true,4224,4352,0x098b50423eb1b80e5a7fb520438bb4f17cbf6c9b9e6ebef7938342aa2df694fe,0x09df330028e60ab8f64f208ed8725b2bd088b3666a34eddd5b59cc30efa91446
theo_n,12,155,false,9,13,onchain,500,151,65.167200,1338.269100,1182.270700,1247.437900,6.471600,true,4224,4352,0x098b50423eb1b80e5a7fb520438bb4f17cbf6c9b9e6ebef7938342aa2df694fe,0x0e827a40e73cd93978223bdaea2de4a3662c85d4ada215d330dd658fcde25a44
theo_n,12,156,false,9,13,onchain,500,152,67.200600,1338.269100,1149.932500,1217.133100,5.829200,true,4224,4352,0x098b50423eb1b80e5a7fb520438bb4f17cbf6c9b9e6ebef7938342aa2df694fe,0x2df1bef61f31af46f7936d4d9d4c5ac1d276b7b8eaecfe888700ac1298f92267
theo_n,12,157,false,9,13,onchain,500,153,58.499300,1338.269100,1189.599400,1248.098700,6.594500,true,4224,4352,0x098b50423eb1b80e5a7fb520438bb4f17cbf6c9b9e6ebef7938342aa2df694fe,0x12915572ab99b6ddc8fea60928bc7ce39caeba0d31257fc844a096476109b36f
theo_n,12,158,false,9,13,onchain,500,154,63.415900,1338.269100,1160.487900,1223.903800,6.058800,true,4224,4352,0x098b50423eb1b80e5a7fb520438bb4f17cbf6c9b9e6ebef7938342aa2df694fe,0x1a9da40b6a281115b0c04c78ccf79a0177bfd4bd849e7a87b72227206ca49630
theo_n,12,159,false,9,13,onchain,500,155,59.920400,1338.269100,1178.973900,1238.894300,7.095100,true,4224,4352,0x098b50423eb1b80e5a7fb520438bb4f17cbf6c9b9e6ebef7938342aa2df694fe,0x05a92e4d70718e361377004987d81958215294de37ec7adfa4ae249de133a464
theo_n,12,160,false,9,13,onchain,500,156,65.529300,1338.269100,1188.974000,1254.503300,6.309900,true,4224,4352,0x098b50423eb1b80e5a7fb520438bb4f17cbf6c9b9e6ebef7938342aa2df694fe,0x011d10d516eb6795ffe1ac987326ec7b8a1bc7c6216fb37623144bce1ea511d9
theo_n,12,161,false,9,13,onchain,500,157,60.779700,1338.269100,1138.653300,1199.433000,6.610700,true,4224,4352,0x098b50423eb1b80e5a7fb520438bb4f17cbf6c9b9e6ebef7938342aa2df694fe,0x07c2427f7b75d030b8add3786708a7f1ff3619698d999713baa4e3e9179ea69c
theo_n,12,162,false,9,13,onchain,500,158,64.762100,1338.269100,1163.997100,1228.759200,6.763800,true,4224,4352,0x098b50423eb1b80e5a7fb520438bb4f17cbf6c9b9e6ebef7938342aa2df694fe,0x15b494b2d69d888296e4a53c9138e66b123c8700312e6b706ac66675afaf6f1e
theo_n,12,163,false,9,13,onchain,500,159,67.908500,1338.269100,1184.746900,1252.655400,5.974600,true,4224,4352,0x098b50423eb1b80e5a7fb520438bb4f17cbf6c9b9e6ebef7938342aa2df694fe,0x09d28e4bc034581881ef74dcd3ef170396e570e5cdac22e022a7b681b15fa3f8
theo_n,12,164,false,9,13,onchain,500,160,60.156800,1338.269100,1160.310600,1220.467400,7.101100,true,4224,4352,0x098b50423eb1b80e5a7fb520438bb4f17cbf6c9b9e6ebef7938342aa2df694fe,0x06320cda582ab69eba60cc5f2d8f98720c81076f5feb562563b2678474f0e833
theo_n,12,165,false,9,13,onchain,500,161,76.332600,1338.269100,1161.605500,1237.938100,7.959100,true,4224,4352,0x098b50423eb1b80e5a7fb520438bb4f17cbf6c9b9e6ebef7938342aa2df694fe,0x1ed92eb6f52266c41b5eff71eff811783249cd3cb8dab2b6d993871737888e24
theo_n,12,166,false,9,13,onchain,500,162,66.902200,1338.269100,1148.946300,1215.848500,5.613600,true,4224,4352,0x098b50423eb1b80e5a7fb520438bb4f17cbf6c9b9e6ebef7938342aa2df694fe,0x2f228f71e58a7b39a67b3c4e6272d392223b6299129403e73cd5d22ee0dd12ac
theo_n,12,167,false,9,13,onchain,500,163,67.031800,1338.269100,1185.155500,1252.187300,6.538700,true,4224,4352,0x098b50423eb1b80e5a7fb520438bb4f17cbf6c9b9e6ebef7938342aa2df694fe,0x08b9ea24dacf4bb71cd1a71d186ad4a3aa0b1224036b3d5975053220811cfde2
theo_n,12,168,false,9,13,onchain,500,164,64.884400,1338.269100,1171.941100,1236.825500,6.979200,true,4224,4352,0x098b50423eb1b80e5a7fb520438bb4f17cbf6c9b9e6ebef7938342aa2df694fe,0x1e916b5d46e155942cbf9bd03d57a68d6870f77dfa7a2603838d5697fc064995
theo_n,12,169,false,9,13,onchain,500,165,80.248700,1338.269100,1146.945100,1227.193800,6.288100,true,4224,4352,0x098b50423eb1b80e5a7fb520438bb4f17cbf6c9b9e6ebef7938342aa2df694fe,0x2083a99ee8336b2216a949706234f1238389c5d988e1a708f1d82d2dd19a36f8
theo_n,12,170,false,9,13,onchain,500,166,58.620600,1338.269100,1186.184000,1244.804600,6.353500,true,4224,4352,0x098b50423eb1b80e5a7fb520438bb4f17cbf6c9b9e6ebef7938342aa2df694fe,0x0fc49d02f286296ca6aea328cf7989ead6df46008a90ac7708b353d4d1fa50a1
theo_n,12,171,false,9,13,onchain,500,167,54.186200,1338.269100,1159.560500,1213.746700,6.341500,true,4224,4352,0x098b50423eb1b80e5a7fb520438bb4f17cbf6c9b9e6ebef7938342aa2df694fe,0x01c951890bef8b00ee81b33d53ff33cabfdb08c77cd3d71cf09ae6aa9c8e6223
theo_n,12,172,false,9,13,onchain,500,168,65.213200,1338.269100,1173.471500,1238.684700,6.389400,true,4224,4352,0x098b50423eb1b80e5a7fb520438bb4f17cbf6c9b9e6ebef7938342aa2df694fe,0x2e21bd7006b2fe0c1b3e8d85680b3db6b9023ae9655b981deba01610d09107ff
theo_n,12,173,false,9,13,onchain,500,169,55.591100,1338.269100,1221.727100,1277.318200,7.574400,true,4224,4352,0x098b50423eb1b80e5a7fb520438bb4f17cbf6c9b9e6ebef7938342aa2df694fe,0x2dea3ace923241fb9b6cbe0f7cc54de90e793785f271579dc5ba7ed217ecf5de
theo_n,12,174,false,9,13,onchain,500,170,83.101700,1338.269100,1185.249000,1268.350700,6.443800,true,4224,4352,0x098b50423eb1b80e5a7fb520438bb4f17cbf6c9b9e6ebef7938342aa2df694fe,0x10f12245982fffe007b0ecef635197a5267eb81d727d447237c3f308eeea06c5
theo_n,12,175,false,9,13,onchain,500,171,64.792400,1338.269100,1177.846300,1242.638700,9.223200,true,4224,4352,0x098b50423eb1b80e5a7fb520438bb4f17cbf6c9b9e6ebef7938342aa2df694fe,0x1fde592bf80e60c3006f6357af1860d7a9c3b5f570bc0e39666b2fa0b0fa623b
theo_n,12,176,false,9,13,onchain,500,172,62.172000,1338.269100,1190.870400,1253.042400,6.107700,true,4224,4352,0x098b50423eb1b80e5a7fb520438bb4f17cbf6c9b9e6ebef7938342aa2df694fe,0x03f52ca2eb1444ab17b86e0070b7cb17a6e6d8eb47ba455096f24be0ef44e64d
theo_n,12,177,false,9,13,onchain,500,173,68.089800,1338.269100,1152.722700,1220.812500,6.009400,true,4224,4352,0x098b50423eb1b80e5a7fb520438bb4f17cbf6c9b9e6ebef7938342aa2df694fe,0x298aa57712a04fb53de588b8f1a0b1d1e4227d335b31773343b126bd46d6c8ce
theo_n,12,178,false,9,13,onchain,500,174,63.873500,1338.269100,1142.518300,1206.391800,5.779000,true,4224,4352,0x098b50423eb1b80e5a7fb520438bb4f17cbf6c9b9e6ebef7938342aa2df694fe,0x107b857578d9cb6989ccf0f30edb97b06bc3833c39c4f2d3e3d372f481dd8023
theo_n,12,179,false,9,13,onchain,500,175,56.521100,1338.269100,1168.693300,1225.214400,6.765500,true,4224,4352,0x098b50423eb1b80e5a7fb520438bb4f17cbf6c9b9e6ebef7938342aa2df694fe,0x1f04cfcb8e116dbe0f227912a09380f4e32e9e3e5f2256e919bb36f7079c5103
theo_n,12,180,false,9,13,onchain,500,176,62.481200,1338.269100,1169.212400,1231.693600,5.590000,true,4224,4352,0x098b50423eb1b80e5a7fb520438bb4f17cbf6c9b9e6ebef7938342aa2df694fe,0x1e68c8b38e22bac0843fbbaa1beb99ff308287da69e2748e848701f40806de03
theo_n,12,181,false,9,13,onchain,500,177,49.438700,1338.269100,1207.591500,1257.030200,6.707700,true,4224,4352,0x098b50423eb1b80e5a7fb520438bb4f17cbf6c9b9e6ebef7938342aa2df694fe,0x00273abbd77c1c843a34dd7136eb304c447c3664dec4b8a1220dfd8f7d419215
theo_n,12,182,false,9,13,onchain,500,178,73.983600,1338.269100,1155.347100,1229.330700,5.815300,true,4224,4352,0x098b50423eb1b80e5a7fb520438bb4f17cbf6c9b9e6ebef7938342aa2df694fe,0x0b28f864933c885e09f83295b931650d055fc4fc29f027c7f9154c739463a145
theo_n,12,183,false,9,13,onchain,500,179,59.091100,1338.269100,1145.576900,1204.668000,6.451000,true,4224,4352,0x098b50423eb1b80e5a7fb520438bb4f17cbf6c9b9e6ebef7938342aa2df694fe,0x1942c46688b94e9feac9b79485e5275cd47749110c86881a6f89b4fd673313b8
theo_n,12,184,false,9,13,onchain,500,180,66.414000,1338.269100,1169.184400,1235.598400,7.089100,true,4224,4352,0x098b50423eb1b80e5a7fb520438bb4f17cbf6c9b9e6ebef7938342aa2df694fe,0x05e66e3156ee58cd9a319fc1bf021b066bb4a12dfcb4065c8fd52badd2816357
theo_n,12,185,false,9,13,onchain,500,181,64.870100,1338.269100,1134.270700,1199.140800,5.865000,true,4224,4352,0x098b50423eb1b80e5a7fb520438bb4f17cbf6c9b9e6ebef7938342aa2df694fe,0x2a3c82367379ca3bc510fa7cc6292b87adeae422acaf533b481b7ab5a9b74ff8
theo_n,12,186,false,9,13,onchain,500,182,55.540500,1338.269100,1163.742200,1219.282700,5.979700,true,4224,4352,0x098b50423eb1b80e5a7fb520438bb4f17cbf6c9b9e6ebef7938342aa2df694fe,0x1249bf76e23d7887ed8174d4d5ab76b45d4e883f887862e0fbb6cb1ff0ae511b
theo_n,12,187,false,9,13,onchain,500,183,61.269000,1338.269100,1160.890000,1222.159000,6.350300,true,4224,4352,0x098b50423eb1b80e5a7fb520438bb4f17cbf6c9b9e6ebef7938342aa2df694fe,0x299618a39d19d4bebd969488c616703e255699e67a2120cf6f08ea875ec432c3
theo_n,12,188,false,9,13,onchain,500,184,67.081700,1338.269100,1199.846200,1266.927900,6.874200,true,4224,4352,0x098b50423eb1b80e5a7fb520438bb4f17cbf6c9b9e6ebef7938342aa2df694fe,0x1c9a777a7d9c58721c7da841f525a15984b7e891da907c30cff77c20fec58449
theo_n,12,189,false,9,13,onchain,500,185,58.583300,1338.269100,1187.616500,1246.199800,5.833700,true,4224,4352,0x098b50423eb1b80e5a7fb520438bb4f17cbf6c9b9e6ebef7938342aa2df694fe,0x2608a22fc17f577d6b0c737a1dae9bf3bfcada6e599a32673cc3b22aa3b6190c
theo_n,12,190,false,9,13,onchain,500,186,63.559000,1338.269100,1169.518600,1233.077600,8.349700,true,4224,4352,0x098b50423eb1b80e5a7fb520438bb4f17cbf6c9b9e6ebef7938342aa2df694fe,0x21c60d25a15e9ae91c63bf274725cbd91cce20150f6968f909ed4545bf10f860
theo_n,12,191,false,9,13,onchain,500,187,65.304100,1338.269100,1184.645900,1249.950000,5.976900,true,4224,4352,0x098b50423eb1b80e5a7fb520438bb4f17cbf6c9b9e6ebef7938342aa2df694fe,0x2a2d7701e0b8c21420d7b7229e667662e2cbb348c0011ae3c54b0a6ef4ddaed2
theo_n,12,192,false,9,13,onchain,500,188,67.811800,1338.269100,1216.108900,1283.920700,6.975200,true,4224,4352,0x098b50423eb1b80e5a7fb520438bb4f17cbf6c9b9e6ebef7938342aa2df694fe,0x2147d5a5854e8222301664ebdea905cf2129477a5b1fa920e3b69c0ffde3fe7c
theo_n,12,193,false,9,13,onchain,500,189,67.493400,1338.269100,1208.088000,1275.581400,6.524300,true,4224,4352,0x098b50423eb1b80e5a7fb520438bb4f17cbf6c9b9e6ebef7938342aa2df694fe,0x09e30c2882ee8f7a4d382ee18bfb26fd8cc97e5b71b4abf04cb6ef5c20141ee8
theo_n,12,194,false,9,13,onchain,500,190,63.578100,1338.269100,1160.108400,1223.686500,6.672400,true,4224,4352,0x098b50423eb1b80e5a7fb520438bb4f17cbf6c9b9e6ebef7938342aa2df694fe,0x29659717e824040f23b91d2d273626a16f2383026d93d647e324bab659038b3b
theo_n,12,195,false,9,13,onchain,500,191,65.594600,1338.269100,1207.176700,1272.771300,6.906700,true,4224,4352,0x098b50423eb1b80e5a7fb520438bb4f17cbf6c9b9e6ebef7938342aa2df694fe,0x08905947031ddfd20fdb11313343efd9b643df52a76a9d8822b84478d51ef533
theo_n,12,196,false,9,13,onchain,500,192,62.795500,1338.269100,1170.624500,1233.420000,7.026700,true,4224,4352,0x098b50423eb1b80e5a7fb520438bb4f17cbf6c9b9e6ebef7938342aa2df694fe,0x2623d2f0bb27f75ed651479f235215416974c7ed687818ca2eca4ed54cb0890e
theo_n,12,197,false,9,13,onchain,500,193,59.077800,1338.269100,1338.362000,1397.439800,6.449800,true,4224,4352,0x098b50423eb1b80e5a7fb520438bb4f17cbf6c9b9e6ebef7938342aa2df694fe,0x17f2a18d1c6af5fbd37c56a76f8d84a8557e3f92f46b9f10c97f07498d7a3e5e
theo_n,12,198,false,9,13,onchain,500,194,62.806000,1338.269100,1174.403100,1237.209100,7.199100,true,4224,4352,0x098b50423eb1b80e5a7fb520438bb4f17cbf6c9b9e6ebef7938342aa2df694fe,0x080444fd3d681818265e4b132c34ac5d5d0913ad9cde27ae4b3bc8bec9a476aa
theo_n,12,199,false,9,13,onchain,500,195,67.047000,1338.269100,1190.782300,1257.829300,7.754400,true,4224,4352,0x098b50423eb1b80e5a7fb520438bb4f17cbf6c9b9e6ebef7938342aa2df694fe,0x0650d03351bfa136d51cb721acb4868d9022e9febefe6b28499f0f004f36071e
theo_n,12,200,false,9,13,onchain,500,196,65.871100,1338.269100,1227.857200,1293.728300,6.883300,true,4224,4352,0x098b50423eb1b80e5a7fb520438bb4f17cbf6c9b9e6ebef7938342aa2df694fe,0x1dce569b979e4239dd9eb95272649e1f5bc3375080e9be8f146870ec3767764c
theo_n,12,201,false,9,13,onchain,500,197,63.358800,1338.269100,1257.269200,1320.628000,6.540400,true,4224,4352,0x098b50423eb1b80e5a7fb520438bb4f17cbf6c9b9e6ebef7938342aa2df694fe,0x229060fc460a01a09958347d142e63e18fac8e663a93f9c0a697618459f11091
theo_n,12,202,false,9,13,onchain,500,198,63.084600,1338.269100,1163.107900,1226.192500,6.491200,true,4224,4352,0x098b50423eb1b80e5a7fb520438bb4f17cbf6c9b9e6ebef7938342aa2df694fe,0x14c6c58b860df7cf32a61fa6440107908bc1f58866b5291b6fc0266a44cc4347
theo_n,12,203,false,9,13,onchain,500,199,65.574700,1338.269100,1170.093900,1235.668600,6.332200,true,4224,4352,0x098b50423eb1b80e5a7fb520438bb4f17cbf6c9b9e6ebef7938342aa2df694fe,0x2c6eca6e9dddf0c400924a7e305eebe78c57a0d68da8b8afe9343f8bb69af311
theo_n,12,204,false,9,13,onchain,500,200,67.613800,1338.269100,1161.827700,1229.441500,6.701200,true,4224,4352,0x098b50423eb1b80e5a7fb520438bb4f17cbf6c9b9e6ebef7938342aa2df694fe,0x26d10e610f5a898caa541893e7c74d8b589b1bca141f9d5c12129f0ac8c2c4de
theo_n,12,205,false,9,13,onchain,500,201,66.288600,1338.269100,1174.693600,1240.982200,5.706400,true,4224,4352,0x098b50423eb1b80e5a7fb520438bb4f17cbf6c9b9e6ebef7938342aa2df694fe,0x1de79d5b678871b100b2b73ad88c37f56b46d8c4d0981df6850d7f290419f46f
theo_n,12,206,false,9,13,onchain,500,202,66.394100,1338.269100,1162.480800,1228.874900,5.926100,true,4224,4352,0x098b50423eb1b80e5a7fb520438bb4f17cbf6c9b9e6ebef7938342aa2df694fe,0x1e084c1e93a570dd4dd924a63074f8e4144d31f5484d14bf9e43031a1408dd37
theo_n,12,207,false,9,13,onchain,500,203,60.660100,1338.269100,1192.072900,1252.733000,6.023000,true,4224,4352,0x098b50423eb1b80e5a7fb520438bb4f17cbf6c9b9e6ebef7938342aa2df694fe,0x2b491f2eb4c3f055d7784d7f4a35a5a0ffbd04a7375b5db1796d27992d6a78a4
theo_n,12,208,false,9,13,onchain,500,204,63.766400,1338.269100,1156.867500,1220.633900,6.982300,true,4224,4352,0x098b50423eb1b80e5a7fb520438bb4f17cbf6c9b9e6ebef7938342aa2df694fe,0x2207f01b23ccc5d511b22b388ece1132266a457ae6354b500e3371d8b7b47b8f
theo_n,12,209,false,9,13,onchain,500,205,66.619700,1338.269100,1176.515700,1243.135400,5.880800,true,4224,4352,0x098b50423eb1b80e5a7fb520438bb4f17cbf6c9b9e6ebef7938342aa2df694fe,0x2820b06f5df5d3e5eac9c631774e2ed85c977ab1010eff6d64f3fb624ad7d7a3
theo_n,12,210,false,9,13,onchain,500,206,71.615700,1338.269100,1179.606200,1251.221900,6.034700,true,4224,4352,0x098b50423eb1b80e5a7fb520438bb4f17cbf6c9b9e6ebef7938342aa2df694fe,0x27a17ea0f0816d8c2987f01b465a7a7c34a96adc62fd86ae42af4cc4a760bd5b
theo_n,12,211,false,9,13,onchain,500,207,65.845500,1338.269100,1180.716200,1246.561700,6.016000,true,4224,4352,0x098b50423eb1b80e5a7fb520438bb4f17cbf6c9b9e6ebef7938342aa2df694fe,0x2838bb09aca0424f32baa130c15f81e5704a68065f6de6f27979fc196863b7ae
theo_n,12,212,false,9,13,onchain,500,208,60.153300,1338.269100,1164.091900,1224.245200,5.883800,true,4224,4352,0x098b50423eb1b80e5a7fb520438bb4f17cbf6c9b9e6ebef7938342aa2df694fe,0x08253658a1a878506ef21181f0975c66ef755715fd66e1573da2305eb0cd2780
theo_n,12,213,false,9,13,onchain,500,209,62.120300,1338.269100,1154.382500,1216.502800,5.782600,true,4224,4352,0x098b50423eb1b80e5a7fb520438bb4f17cbf6c9b9e6ebef7938342aa2df694fe,0x10b028218147aff279afc8483c1d0f2f720bcbff9e7b277074e6f5964c6c1c75
theo_n,12,214,false,9,13,onchain,500,210,65.959600,1338.269100,1176.907600,1242.867200,5.991300,true,4224,4352,0x098b50423eb1b80e5a7fb520438bb4f17cbf6c9b9e6ebef7938342aa2df694fe,0x2173732b56584682acdb72c0eb05938ecaa2a2cf7d64074b54076a03bc11d903
theo_n,12,215,false,9,13,onchain,500,211,65.870300,1338.269100,1145.870600,1211.740900,5.732500,true,4224,4352,0x098b50423eb1b80e5a7fb520438bb4f17cbf6c9b9e6ebef7938342aa2df694fe,0x18f62f27b02c5bdf99fc82b37e136b28c8b03690f7a779e123ec15b179a41357
theo_n,12,216,false,9,13,onchain,500,212,62.017300,1338.269100,1169.916300,1231.933600,6.995600,true,4224,4352,0x098b50423eb1b80e5a7fb520438bb4f17cbf6c9b9e6ebef7938342aa2df694fe,0x0522989be561c3acf3d13b8ce2579c69fd82702309650aa02dc3f0f1a3aeb51e
theo_n,12,217,false,9,13,onchain,500,213,63.306400,1338.269100,1171.444600,1234.751000,6.264800,true,4224,4352,0x098b50423eb1b80e5a7fb520438bb4f17cbf6c9b9e6ebef7938342aa2df694fe,0x00abfd86d0b7cd3ef4c548a4842e95cd198e8c13f5984cf7744328f643ecda38
theo_n,12,218,false,9,13,onchain,500,214,65.233800,1338.269100,1197.158100,1262.391900,6.467700,true,4224,4352,0x098b50423eb1b80e5a7fb520438bb4f17cbf6c9b9e6ebef7938342aa2df694fe,0x00e72a74ffeafc01ff3bc87cbe9cb8991e6ddf6a62704eee18f298fb44947a54
theo_n,12,219,false,9,13,onchain,500,215,59.953300,1338.269100,1172.879800,1232.833100,6.924200,true,4224,4352,0x098b50423eb1b80e5a7fb520438bb4f17cbf6c9b9e6ebef7938342aa2df694fe,0x09bd4c44b0d8c3f95e85a7ea7eaad034d0bb4a071151c4602d4c25a063e655a3
theo_n,12,220,false,9,13,onchain,500,216,63.863000,1338.269100,1173.806800,1237.669800,6.316600,true,4224,4352,0x098b50423eb1b80e5a7fb520438bb4f17cbf6c9b9e6ebef7938342aa2df694fe,0x1da98d0d586ad726f7d6d36d081f3b5ddaff00b0e568dc30c9263430f45d0efd
theo_n,12,221,false,9,13,onchain,500,217,66.524300,1338.269100,1227.556000,1294.080300,6.745200,true,4224,4352,0x098b50423eb1b80e5a7fb520438bb4f17cbf6c9b9e6ebef7938342aa2df694fe,0x0d332cc6cfca7d979739d690576d83fa594a7fade7d1ed233baee5eee47c00aa
theo_n,12,222,false,9,13,onchain,500,218,69.715100,1338.269100,1196.290700,1266.005800,6.393600,true,4224,4352,0x098b50423eb1b80e5a7fb520438bb4f17cbf6c9b9e6ebef7938342aa2df694fe,0x04df1709421261492f4643397ca9c5a3205a57917e5467927d5d95111e631b98
theo_n,12,223,false,9,13,onchain,500,219,63.244800,1338.269100,1155.065000,1218.309800,6.659100,true,4224,4352,0x098b50423eb1b80e5a7fb520438bb4f17cbf6c9b9e6ebef7938342aa2df694fe,0x0ca39f899831fd4e5448e7ade10af02c0e1c50d9b33334800989497f9e26e93b
theo_n,12,224,false,9,13,onchain,500,220,60.990100,1338.269100,1186.413900,1247.404000,6.733200,true,4224,4352,0x098b50423eb1b80e5a7fb520438bb4f17cbf6c9b9e6ebef7938342aa2df694fe,0x17b533f22fbbd4525ea0cb1d23064c62e4d5d81c56b9f425542cd2b8500fe93f
theo_n,12,225,false,9,13,onchain,500,221,59.704400,1338.269100,1141.974600,1201.679000,5.604500,true,4224,4352,0x098b50423eb1b80e5a7fb520438bb4f17cbf6c9b9e6ebef7938342aa2df694fe,0x30284ab4f906ef741017b6ba866c480fe26022712c2b1f47925878df7ead3942
theo_n,12,226,false,9,13,onchain,500,222,61.770300,1338.269100,1141.555700,1203.326000,5.775800,true,4224,4352,0x098b50423eb1b80e5a7fb520438bb4f17cbf6c9b9e6ebef7938342aa2df694fe,0x230719c7f7508d7995106104b0fba8547e5ccbc3b2237e6c3681908b8908eb25
theo_n,12,227,false,9,13,onchain,500,223,52.377100,1338.269100,1193.757900,1246.135000,6.652900,true,4224,4352,0x098b50423eb1b80e5a7fb520438bb4f17cbf6c9b9e6ebef7938342aa2df694fe,0x05e321b5b73ae7dc708200813248dc8ce759f76786404cca834d23fbda676330
theo_n,12,228,false,9,13,onchain,500,224,66.232100,1338.269100,1146.959500,1213.191600,6.038800,true,4224,4352,0x098b50423eb1b80e5a7fb520438bb4f17cbf6c9b9e6ebef7938342aa2df694fe,0x04f16424a036c1c8b8b62ac3f6fbf1afe4161d95f2745ca23620b11c345ec204
theo_n,12,229,false,9,13,onchain,500,225,70.133400,1338.269100,1155.980900,1226.114300,6.094900,true,4224,4352,0x098b50423eb1b80e5a7fb520438bb4f17cbf6c9b9e6ebef7938342aa2df694fe,0x1683ef468d4cd009c3194edbbb010a088da918a0690b8a067343e416a6a4b7ff
theo_n,12,230,false,9,13,onchain,500,226,56.991400,1338.269100,1139.410400,1196.401800,5.860800,true,4224,4352,0x098b50423eb1b80e5a7fb520438bb4f17cbf6c9b9e6ebef7938342aa2df694fe,0x019f440d4f71344df6e4a73f4d2b76d8d021ff64e9805774b700ff240c7e6290
theo_n,12,231,false,9,13,onchain,500,227,64.919000,1338.269100,1157.060300,1221.979300,5.621300,true,4224,4352,0x098b50423eb1b80e5a7fb520438bb4f17cbf6c9b9e6ebef7938342aa2df694fe,0x2cd3b78cb474d98ab26e82eec456c2b501e97e323c15f190d62a4d50eccd5f21
theo_n,12,232,false,9,13,onchain,500,228,62.686300,1338.269100,1176.426500,1239.112800,6.196400,true,4224,4352,0x098b50423eb1b80e5a7fb520438bb4f17cbf6c9b9e6ebef7938342aa2df694fe,0x0cd75776cd07fe51cb25d1b9af220f8010d0b1b48eabf6f7c90ee35094b60e35
theo_n,12,233,false,9,13,onchain,500,229,60.288000,1338.269100,1162.952000,1223.240000,7.083000,true,4224,4352,0x098b50423eb1b80e5a7fb520438bb4f17cbf6c9b9e6ebef7938342aa2df694fe,0x2af48b45a7202a164a90ca6a1725e39467f70a524ea74dfae76a0a6dc0b7be0b
theo_n,12,234,false,9,13,onchain,500,230,78.822200,1338.269100,1164.522500,1243.344700,5.646700,true,4224,4352,0x098b50423eb1b80e5a7fb520438bb4f17cbf6c9b9e6ebef7938342aa2df694fe,0x0aa6ce31e57d744ae008aec740817366db5ec92d41d4b40a440c5b1c0eb2cd57
theo_n,12,235,false,9,13,onchain,500,231,65.204100,1338.269100,1156.883400,1222.087500,6.119600,true,4224,4352,0x098b50423eb1b80e5a7fb520438bb4f17cbf6c9b9e6ebef7938342aa2df694fe,0x278b7b3a14762423c4cb23f6ef2bed5f69f610ad64b09fb228de4bdd7b449931
theo_n,12,236,false,9,13,onchain,500,232,68.005300,1338.269100,1180.027200,1248.032500,7.256200,true,4224,4352,0x098b50423eb1b80e5a7fb520438bb4f17cbf6c9b9e6ebef7938342aa2df694fe,0x008535962f0a38daf6d8b95158c3c95e2415b4e90d11089c37356fc331072ead
theo_n,12,237,false,9,13,onchain,500,233,65.865100,1338.269100,1183.390500,1249.255600,6.486000,true,4224,4352,0x098b50423eb1b80e5a7fb520438bb4f17cbf6c9b9e6ebef7938342aa2df694fe,0x1f283c30d18bf09f79126ecf806edc3bf784d5e0f9725586679bfe0e9c141c4e
theo_n,12,238,false,9,13,onchain,500,234,64.156900,1338.269100,1163.325400,1227.482300,6.254400,true,4224,4352,0x098b50423eb1b80e5a7fb520438bb4f17cbf6c9b9e6ebef7938342aa2df694fe,0x0ca1cac7f7c4ab67a0c13fbe4385bbfcc207f7258be5b10a821c9e35368bc57c
theo_n,12,239,false,9,13,onchain,500,235,56.334800,1338.269100,1158.448300,1214.783100,5.642100,true,4224,4352,0x098b50423eb1b80e5a7fb520438bb4f17cbf6c9b9e6ebef7938342aa2df694fe,0x1ee64ecdb87fe16d9a0b2d0a42e45479ccd2fa4753d872229767dfbf44cdf2d9
theo_n,12,240,false,9,13,onchain,500,236,60.960600,1338.269100,1179.331600,1240.292200,6.447100,true,4224,4352,0x098b50423eb1b80e5a7fb520438bb4f17cbf6c9b9e6ebef7938342aa2df694fe,0x0c61a809f53d171aeb13efc2823b433ee74a4bcb86fcca2c0bbe028b9567aba6
theo_n,12,241,false,9,13,onchain,500,237,65.281000,1338.269100,1156.952100,1222.233100,7.022800,true,4224,4352,0x098b50423eb1b80e5a7fb520438bb4f17cbf6c9b9e6ebef7938342aa2df694fe,0x249a5db4d7eb6525105d286d5866fa9da2af5e066720dd3e559dc51efb9f1ffb
theo_n,12,242,false,9,13,onchain,500,238,61.662200,1338.269100,1191.769100,1253.431300,7.368400,true,4224,4352,0x098b50423eb1b80e5a7fb520438bb4f17cbf6c9b9e6ebef7938342aa2df694fe,0x0702f314a3e92da936be90effa3dcc080d999f2e509ef50c2c1d79b4fc8f6bcd
theo_n,12,243,false,9,13,onchain,500,239,63.959400,1338.269100,1168.047100,1232.006500,6.078400,true,4224,4352,0x098b50423eb1b80e5a7fb520438bb4f17cbf6c9b9e6ebef7938342aa2df694fe,0x0a4b98013160def93d32ab9bd72b198ed733f55b2afe206df82a3170ae024fdf
theo_n,12,244,false,9,13,onchain,500,240,57.818200,1338.269100,1182.943500,1240.761700,6.433700,true,4224,4352,0x098b50423eb1b80e5a7fb520438bb4f17cbf6c9b9e6ebef7938342aa2df694fe,0x06e7126768d8e8ff17cce3aab2c4804e1cbd3fe8097a56fccac32ae30136f0ca
theo_n,12,245,false,9,13,onchain,500,241,47.179600,1338.269100,1260.037900,1307.217500,6.711600,true,4224,4352,0x098b50423eb1b80e5a7fb520438bb4f17cbf6c9b9e6ebef7938342aa2df694fe,0x0a3decc0377e13f60cc834863b77ceedbe0fe45696b715b64b35cde307d12ba3
theo_n,12,246,false,9,13,onchain,500,242,66.479300,1338.269100,1185.699700,1252.179000,6.852300,true,4224,4352,0x098b50423eb1b80e5a7fb520438bb4f17cbf6c9b9e6ebef7938342aa2df694fe,0x27797a9f69d6b0d7d985d0a46cd91f3d36c9fa86cdbeaa89ce2415172e64f190
theo_n,12,247,false,9,13,onchain,500,243,77.497700,1338.269100,1175.798600,1253.296300,6.437800,true,4224,4352,0x098b50423eb1b80e5a7fb520438bb4f17cbf6c9b9e6ebef7938342aa2df694fe,0x12e45f07466eecaf4f209e0a6519f666d88d455427c1d676657f276d56339d2f
theo_n,12,248,false,9,13,onchain,500,244,61.340300,1338.269100,1176.815300,1238.155600,7.431500,true,4224,4352,0x098b50423eb1b80e5a7fb520438bb4f17cbf6c9b9e6ebef7938342aa2df694fe,0x181adf32cfe9935cd5593d715f3eddd6c12cf801141af0412b5002665fb58cf2
theo_n,12,249,false,9,13,onchain,500,245,66.007100,1338.269100,1169.871500,1235.878600,6.356400,true,4224,4352,0x098b50423eb1b80e5a7fb520438bb4f17cbf6c9b9e6ebef7938342aa2df694fe,0x0293847ef66f11fb996f93396f52d4a36106d51fcac611aab6fc2563d36d3847
theo_n,12,250,false,9,13,onchain,500,246,60.002000,1338.269100,1194.040300,1254.042300,5.942200,true,4224,4352,0x098b50423eb1b80e5a7fb520438bb4f17cbf6c9b9e6ebef7938342aa2df694fe,0x1d92e48e7b37a5203801541414b263b923580ad1025d8385894bced6f5edf1b9
theo_n,12,251,false,9,13,onchain,500,247,56.959900,1338.269100,1170.505300,1227.465200,8.921600,true,4224,4352,0x098b50423eb1b80e5a7fb520438bb4f17cbf6c9b9e6ebef7938342aa2df694fe,0x30131b16109882349645b305078a9fecd21cd7a7804f32b913f07d7e73239a54
theo_n,12,252,false,9,13,onchain,500,248,66.269100,1338.269100,1238.786100,1305.055200,6.990500,true,4224,4352,0x098b50423eb1b80e5a7fb520438bb4f17cbf6c9b9e6ebef7938342aa2df694fe,0x0fc687a2a0ff407060788cff48a8795fb72c5d5c1c5e7ace3017c12ace37d25b
theo_n,12,253,false,9,13,onchain,500,249,65.592300,1338.269100,1171.204900,1236.797200,7.189100,true,4224,4352,0x098b50423eb1b80e5a7fb520438bb4f17cbf6c9b9e6ebef7938342aa2df694fe,0x22883b823b1489571b9345548d36e8a954dcd025de0b04f7911cb92ddae9f0c0
theo_n,12,254,false,9,13,onchain,500,250,65.331300,1338.269100,1174.011300,1239.342600,6.586000,true,4224,4352,0x098b50423eb1b80e5a7fb520438bb4f17cbf6c9b9e6ebef7938342aa2df694fe,0x06aefe36889e944554c0bfba064c14099209324c84484f7cead0b0fc2721cedb
theo_n,12,255,false,9,13,onchain,500,251,65.725500,1338.269100,1176.567400,1242.292900,6.906000,true,4224,4352,0x098b50423eb1b80e5a7fb520438bb4f17cbf6c9b9e6ebef7938342aa2df694fe,0x145d657f21439dc6c9e2bde7ace48104cea658ee03160bb6a74dfa6f77de8aab
theo_n,12,256,false,9,13,onchain,500,252,56.963900,1338.269100,1234.312400,1291.276300,6.662300,true,4224,4352,0x098b50423eb1b80e5a7fb520438bb4f17cbf6c9b9e6ebef7938342aa2df694fe,0x213a5c53e8d401a727fc495f82c4f9716da4d586351dd9d2c2937aee940256b7
theo_n,12,257,false,9,13,onchain,500,253,60.313400,1338.269100,1177.868800,1238.182200,7.001400,true,4224,4352,0x098b50423eb1b80e5a7fb520438bb4f17cbf6c9b9e6ebef7938342aa2df694fe,0x129596920613df72f1b51a01ba2d240dde9189ba8bce571a63a1f6c061efb954
theo_n,12,258,false,9,13,onchain,500,254,65.442500,1338.269100,1175.649700,1241.092200,7.434000,true,4224,4352,0x098b50423eb1b80e5a7fb520438bb4f17cbf6c9b9e6ebef7938342aa2df694fe,0x09b8f8929d1692fe3d358cc25686295748c1b1fadfb7c30cbfec622f9d80fd05
theo_n,12,259,false,9,13,onchain,500,255,70.440400,1338.269100,1181.632500,1252.072900,6.966300,true,4224,4352,0x098b50423eb1b80e5a7fb520438bb4f17cbf6c9b9e6ebef7938342aa2df694fe,0x0bab4493bbfde736a38be14ea8fdfde66333ae2107cfb41a9ddac4a3e9abb33b
theo_n,12,260,false,9,13,onchain,500,256,69.194000,1338.269100,1159.207500,1228.401500,6.591300,true,4224,4352,0x098b50423eb1b80e5a7fb520438bb4f17cbf6c9b9e6ebef7938342aa2df694fe,0x0273dfe329a161d0be4c0399d8130f91715f853183f8d2686ea659408b63e85a
theo_n,12,261,false,9,13,onchain,500,257,55.853100,1338.269100,1209.306800,1265.159900,7.023600,true,4224,4352,0x098b50423eb1b80e5a7fb520438bb4f17cbf6c9b9e6ebef7938342aa2df694fe,0x05e37e2666d2b2839c4d81cc0598d09f164406dcbfeedc117caaf487a940f444
theo_n,12,262,false,9,13,onchain,500,258,59.416300,1338.269100,1174.248000,1233.664300,7.182400,true,4224,4352,0x098b50423eb1b80e5a7fb520438bb4f17cbf6c9b9e6ebef7938342aa2df694fe,0x256f742a38acf6c1a9515ef36c9e4f1eb465c1084cb78949dc4b638af40d646e
theo_n,12,263,false,9,13,onchain,500,259,65.367100,1338.269100,1201.148700,1266.515800,5.627600,true,4224,4352,0x098b50423eb1b80e5a7fb520438bb4f17cbf6c9b9e6ebef7938342aa2df694fe,0x22da3d99a866b36f51c982949d7239cdda27998316552d92d9f9da5f34170e9a
theo_n,12,264,false,9,13,onchain,500,260,65.880100,1338.269100,1161.473000,1227.353100,5.801400,true,4224,4352,0x098b50423eb1b80e5a7fb520438bb4f17cbf6c9b9e6ebef7938342aa2df694fe,0x2eeb16245d057e1c821d3d115ab4b5dfaaaa7645ac5e97c43a56a1f4a7150914
theo_n,12,265,false,9,13,onchain,500,261,51.755400,1338.269100,1148.859400,1200.614800,6.227900,true,4224,4352,0x098b50423eb1b80e5a7fb520438bb4f17cbf6c9b9e6ebef7938342aa2df694fe,0x050f3eb658ce524599a8aa3b8d7270a9f39f9024f520e07d9c2957bbac0dd83f
theo_n,12,266,false,9,13,onchain,500,262,43.201300,1338.269100,1175.744600,1218.945900,5.480000,true,4224,4352,0x098b50423eb1b80e5a7fb520438bb4f17cbf6c9b9e6ebef7938342aa2df694fe,0x2ba47ecc5714b6eb7047b965817a6105041146195243108b88a4aaef2ad003c8
theo_n,12,267,false,9,13,onchain,500,263,63.000900,1338.269100,1175.407000,1238.407900,5.759900,true,4224,4352,0x098b50423eb1b80e5a7fb520438bb4f17cbf6c9b9e6ebef7938342aa2df694fe,0x2e324cb62c1f9e76d2ebad95ab692d390a6dff346fcc2f8c952dd39314156fb9
theo_n,12,268,false,9,13,onchain,500,264,66.506900,1338.269100,1176.142900,1242.649800,6.522100,true,4224,4352,0x098b50423eb1b80e5a7fb520438bb4f17cbf6c9b9e6ebef7938342aa2df694fe,0x25f19f2ed933082d6fbbb5bfac709e94b22d54cd2a606841adea1e0f33252529
theo_n,12,269,false,9,13,onchain,500,265,62.675600,1338.269100,1146.560300,1209.235900,6.558000,true,4224,4352,0x098b50423eb1b80e5a7fb520438bb4f17cbf6c9b9e6ebef7938342aa2df694fe,0x1b73fd036c6904bf7a1b55a35ef8a0322d4aa1afacbdc5b1f5dadda95f2e80d9
theo_n,12,270,false,9,13,onchain,500,266,60.116600,1338.269100,1180.342200,1240.458800,6.552300,true,4224,4352,0x098b50423eb1b80e5a7fb520438bb4f17cbf6c9b9e6ebef7938342aa2df694fe,0x0d1a891904ce26bcee3cb9f193ef9b557a571025c13617efc5ff3fb14a736eb4
theo_n,12,271,false,9,13,onchain,500,267,64.101800,1338.269100,1171.039800,1235.141600,5.913900,true,4224,4352,0x098b50423eb1b80e5a7fb520438bb4f17cbf6c9b9e6ebef7938342aa2df694fe,0x07a55a2cc78db673d6ae5e20b0ea0a4dc4565731018c7ff217b15c0007aed7f2
theo_n,12,272,false,9,13,onchain,500,268,58.557600,1338.269100,1158.066200,1216.623800,7.044300,true,4224,4352,0x098b50423eb1b80e5a7fb520438bb4f17cbf6c9b9e6ebef7938342aa2df694fe,0x1b3425cd994444788f818746c2e7c494544d30a6badeb85248e6ba6f4e1a800c
theo_n,12,273,false,9,13,onchain,500,269,87.923400,1338.269100,1165.819000,1253.742400,6.680800,true,4224,4352,0x098b50423eb1b80e5a7fb520438bb4f17cbf6c9b9e6ebef7938342aa2df694fe,0x2c26f5f83ded0ff33db808a3707ddc761b49e85e1553363811613e0c2c9d3d55
theo_n,12,274,false,9,13,onchain,500,270,54.632200,1338.269100,1179.319800,1233.952000,5.969900,true,4224,4352,0x098b50423eb1b80e5a7fb520438bb4f17cbf6c9b9e6ebef7938342aa2df694fe,0x27ab6471727dff3719ef7ffc1265547db50f19af6e3dfad86ccb95714f9a5d7e
theo_n,12,275,false,9,13,onchain,500,271,64.417800,1338.269100,1160.985900,1225.403700,8.583700,true,4224,4352,0x098b50423eb1b80e5a7fb520438bb4f17cbf6c9b9e6ebef7938342aa2df694fe,0x2eb89a47bfcb01aafba101688f54b1a659eaf923abcdf6feedf40c3336f23910
theo_n,12,276,false,9,13,onchain,500,272,64.956900,1338.269100,1196.326600,1261.283500,8.563600,true,4224,4352,0x098b50423eb1b80e5a7fb520438bb4f17cbf6c9b9e6ebef7938342aa2df694fe,0x01f877af3a44c875c5ed8ce6ff874d7f2e729e436c223d071c9bab848171ec74
theo_n,12,277,false,9,13,onchain,500,273,64.863700,1338.269100,1178.533400,1243.397100,7.426400,true,4224,4352,0x098b50423eb1b80e5a7fb520438bb4f17cbf6c9b9e6ebef7938342aa2df694fe,0x1540aab8dbb6cec70f4bcd0ce7a9a9ec2d01ae732153d9b3ce0132b30e5b4b79
theo_n,12,278,false,9,13,onchain,500,274,62.852000,1338.269100,1161.609200,1224.461200,5.602000,true,4224,4352,0x098b50423eb1b80e5a7fb520438bb4f17cbf6c9b9e6ebef7938342aa2df694fe,0x2472614978251e972b800f9d3fa0c405855b30b1bf99b4d2bded5447950babd5
theo_n,12,279,false,9,13,onchain,500,275,61.970500,1338.269100,1184.551900,1246.522400,5.831500,true,4224,4352,0x098b50423eb1b80e5a7fb520438bb4f17cbf6c9b9e6ebef7938342aa2df694fe,0x2ecc7b3800f519a1cdbfd4ae30504aa32c2ac390744aeef4ea5d705ec794980c
theo_n,12,280,false,9,13,onchain,500,276,63.646000,1338.269100,1173.030400,1236.676400,6.439500,true,4224,4352,0x098b50423eb1b80e5a7fb520438bb4f17cbf6c9b9e6ebef7938342aa2df694fe,0x16e181e2115c35c95e67629e1e264b486e3cd2a23231458b49757292f76d6e4b
theo_n,12,281,false,9,13,onchain,500,277,60.774000,1338.269100,1157.251400,1218.025400,6.523000,true,4224,4352,0x098b50423eb1b80e5a7fb520438bb4f17cbf6c9b9e6ebef7938342aa2df694fe,0x0fa08a215862bfe0e4c17fd8a7fc50c2305c2fd26baa4a1fa80b8af9f36c5d20
theo_n,12,282,false,9,13,onchain,500,278,63.679700,1338.269100,1165.439900,1229.119600,5.598000,true,4224,4352,0x098b50423eb1b80e5a7fb520438bb4f17cbf6c9b9e6ebef7938342aa2df694fe,0x1b3bf5c183a4d79b4be51a4c7850892bb9bce49b7de06522e8e2a9fb90360c13
theo_n,12,283,false,9,13,onchain,500,279,56.593800,1338.269100,1176.883000,1233.476800,7.084700,true,4224,4352,0x098b50423eb1b80e5a7fb520438bb4f17cbf6c9b9e6ebef7938342aa2df694fe,0x0aaaf59b863c164df792e94c16b3b8ada0c468ca3bd179729d18462393cddda0
theo_n,12,284,false,9,13,onchain,500,280,68.447600,1338.269100,1169.232400,1237.680000,6.707000,true,4224,4352,0x098b50423eb1b80e5a7fb520438bb4f17cbf6c9b9e6ebef7938342aa2df694fe,0x2b2e7002b4fde9470b70626703405c69ea6084bb225ab36c13cce721e6956ef3
theo_n,12,285,false,9,13,onchain,500,281,53.999400,1338.269100,1166.655500,1220.654900,6.062000,true,4224,4352,0x098b50423eb1b80e5a7fb520438bb4f17cbf6c9b9e6ebef7938342aa2df694fe,0x1431efacf1ed954c67b3e8d4d12850b1e7a1f3d8aa3e1c579094e8e871582c83
theo_n,12,286,false,9,13,onchain,500,282,61.433000,1338.269100,1168.563300,1229.996300,6.323000,true,4224,4352,0x098b50423eb1b80e5a7fb520438bb4f17cbf6c9b9e6ebef7938342aa2df694fe,0x0ce9a17572619681e0ae731dd40898647339b9416c0aaba7d464bf42a07f4b78
theo_n,12,287,false,9,13,onchain,500,283,62.970400,1338.269100,1174.001400,1236.971800,9.171100,true,4224,4352,0x098b50423eb1b80e5a7fb520438bb4f17cbf6c9b9e6ebef7938342aa2df694fe,0x26154f6664745752deecbb5ba83bd486b93ac9c77cc804c65d16fba210fe7909
theo_n,12,288,false,9,13,onchain,500,284,63.887500,1338.269100,1194.421900,1258.309400,6.168700,true,4224,4352,0x098b50423eb1b80e5a7fb520438bb4f17cbf6c9b9e6ebef7938342aa2df694fe,0x2c72121ede22164e725242e3e6d4bcfb26dc7d7f3b8da76187489274d70b8a6f
theo_n,12,289,false,9,13,onchain,500,285,69.206800,1338.269100,1211.846900,1281.053700,6.434100,true,4224,4352,0x098b50423eb1b80e5a7fb520438bb4f17cbf6c9b9e6ebef7938342aa2df694fe,0x03b2a12c78d2b5f466ab8b3f25a12b8df133b21dc585f9274af9daf158fa8d42
theo_n,12,290,false,9,13,onchain,500,286,68.782000,1338.269100,1196.854700,1265.636700,6.429400,true,4224,4352,0x098b50423eb1b80e5a7fb520438bb4f17cbf6c9b9e6ebef7938342aa2df694fe,0x02b78917243752d5eb913f64f02c2b30b97ca4f9d3cfc8f00da4d48c8feb2a88
theo_n,12,291,false,9,13,onchain,500,287,63.962800,1338.269100,1245.836000,1309.798800,7.244900,true,4224,4352,0x098b50423eb1b80e5a7fb520438bb4f17cbf6c9b9e6ebef7938342aa2df694fe,0x1da77fd8de37566085180015fec8404cacf7a2d5cd180288bb2944142ff5bf89
theo_n,12,292,false,9,13,onchain,500,288,66.785900,1338.269100,1241.716400,1308.502300,6.153000,true,4224,4352,0x098b50423eb1b80e5a7fb520438bb4f17cbf6c9b9e6ebef7938342aa2df694fe,0x1e658b47f89ceabf271c6f8f44451fbc0dcc3395e05370047bd0df20381091ef
theo_n,12,293,false,9,13,onchain,500,289,66.380400,1338.269100,1296.127600,1362.508000,7.951700,true,4224,4352,0x098b50423eb1b80e5a7fb520438bb4f17cbf6c9b9e6ebef7938342aa2df694fe,0x0a195ed7a2d9704acd2e32b8077bb3309442f51b505fcf3f8155664707ce3104
theo_n,12,294,false,9,13,onchain,500,290,72.020200,1338.269100,1204.687000,1276.707200,6.645300,true,4224,4352,0x098b50423eb1b80e5a7fb520438bb4f17cbf6c9b9e6ebef7938342aa2df694fe,0x1ec09be06e6c9211551e6b993af8a5c1702f96b177c3af931b079059ba0dec2e
theo_n,12,295,false,9,13,onchain,500,291,64.371900,1338.269100,1173.802100,1238.174000,7.078700,true,4224,4352,0x098b50423eb1b80e5a7fb520438bb4f17cbf6c9b9e6ebef7938342aa2df694fe,0x2c6bf8a146bc421ed3017f8ae39e8f649c56c07446e96d2cc210fe45ab350309
theo_n,12,296,false,9,13,onchain,500,292,65.221500,1338.269100,1209.803200,1275.024700,5.780900,true,4224,4352,0x098b50423eb1b80e5a7fb520438bb4f17cbf6c9b9e6ebef7938342aa2df694fe,0x10bc1ad8741f0d3049216725d2e3aa18850e1f0776d5b583c8d7ccf54e4e8398
theo_n,12,297,false,9,13,onchain,500,293,65.722000,1338.269100,1219.154800,1284.876800,6.666100,true,4224,4352,0x098b50423eb1b80e5a7fb520438bb4f17cbf6c9b9e6ebef7938342aa2df694fe,0x25d6f87b434119b3ee033b87875c280d4a0aef30b6ddb137a39f327883387c2f
theo_n,12,298,false,9,13,onchain,500,294,59.689800,1338.269100,1228.940200,1288.630000,6.218200,true,4224,4352,0x098b50423eb1b80e5a7fb520438bb4f17cbf6c9b9e6ebef7938342aa2df694fe,0x2d90252085b20aa667c2b9c9519f0815e21dfde49161c106bdbfb08b20043a84
theo_n,12,299,false,9,13,onchain,500,295,65.958600,1338.269100,1195.996900,1261.955500,8.013400,true,4224,4352,0x098b50423eb1b80e5a7fb520438bb4f17cbf6c9b9e6ebef7938342aa2df694fe,0x2fba855d2dbb6f112b18c55634cfe76cf45e009e902d3bbba84ef049b87791d0
theo_n,12,300,false,9,13,onchain,500,296,66.795300,1338.269100,1247.856500,1314.651800,6.049900,true,4224,4352,0x098b50423eb1b80e5a7fb520438bb4f17cbf6c9b9e6ebef7938342aa2df694fe,0x26ed0f074a95c716a837803a907ad3e7099d6f56e27020bab5828bf905560fcf
theo_n,12,301,false,9,13,onchain,500,297,66.491200,1338.269100,1199.531100,1266.022300,7.086200,true,4224,4352,0x098b50423eb1b80e5a7fb520438bb4f17cbf6c9b9e6ebef7938342aa2df694fe,0x13d065a59a0f5c872fe29642c29186de6b12e548479494b95bef41be4dbc3e97
theo_n,12,302,false,9,13,onchain,500,298,66.537900,1338.269100,1219.093900,1285.631800,6.819600,true,4224,4352,0x098b50423eb1b80e5a7fb520438bb4f17cbf6c9b9e6ebef7938342aa2df694fe,0x01e080677d2f1b417bd106d2d1537db95612ae997a0165701a8789b90058bd3f
theo_n,12,303,false,9,13,onchain,500,299,65.755300,1338.269100,1205.857200,1271.612500,7.396400,true,4224,4352,0x098b50423eb1b80e5a7fb520438bb4f17cbf6c9b9e6ebef7938342aa2df694fe,0x0bad777ee7e53cb50bb1a34026c5b600d6b9069343a3a1ee1f82b5341284f325
theo_n,12,304,false,9,13,onchain,500,300,66.562000,1338.269100,1228.878700,1295.440700,7.018000,true,4224,4352,0x098b50423eb1b80e5a7fb520438bb4f17cbf6c9b9e6ebef7938342aa2df694fe,0x29e9df1a9f6a929fb347fdd94a9a14daa7736582c5e73cdbf766d76f862b8c58
theo_n,12,305,false,9,13,onchain,500,301,70.809100,1338.269100,1200.585500,1271.394600,7.042400,true,4224,4352,0x098b50423eb1b80e5a7fb520438bb4f17cbf6c9b9e6ebef7938342aa2df694fe,0x2360af7a8639854b5bf50619a49908323f70e65a2265592a8eb29257c42e46b4
theo_n,12,306,false,9,13,onchain,500,302,69.928700,1338.269100,1211.480300,1281.409000,7.043500,true,4224,4352,0x098b50423eb1b80e5a7fb520438bb4f17cbf6c9b9e6ebef7938342aa2df694fe,0x28a961bf6b8ab2daac54fd3a011d9dd92fa752243b7e72901cd300e296d3d948
theo_n,12,307,false,9,13,onchain,500,303,65.366900,1338.269100,1207.286200,1272.653100,7.483100,true,4224,4352,0x098b50423eb1b80e5a7fb520438bb4f17cbf6c9b9e6ebef7938342aa2df694fe,0x1dcc13891f21da1e3cc763a16afec731bb0c8988e3610b636da0b2a008d7031a
theo_n,12,308,false,9,13,onchain,500,304,65.834500,1338.269100,1243.998500,1309.833000,6.754600,true,4224,4352,0x098b50423eb1b80e5a7fb520438bb4f17cbf6c9b9e6ebef7938342aa2df694fe,0x19e0202ff98298b101d39e3d4fe7f23b35f00d7c58c872115d14bcf595570357
theo_n,12,309,false,9,13,onchain,500,305,63.902500,1338.269100,1197.372200,1261.274700,5.510700,true,4224,4352,0x098b50423eb1b80e5a7fb520438bb4f17cbf6c9b9e6ebef7938342aa2df694fe,0x055772e98620995bf10f5d97b951622b053e9a142ce221a2c724adcded37f455
theo_n,12,310,false,9,13,onchain,500,306,62.152100,1338.269100,1239.282700,1301.434800,6.354600,true,4224,4352,0x098b50423eb1b80e5a7fb520438bb4f17cbf6c9b9e6ebef7938342aa2df694fe,0x065213b2081f56a0a24a0abf40d5812fc288f37c9abeab33898f23fd19adad1b
theo_n,12,311,false,9,13,onchain,500,307,93.142500,1338.269100,1249.906300,1343.048800,8.543600,true,4224,4352,0x098b50423eb1b80e5a7fb520438bb4f17cbf6c9b9e6ebef7938342aa2df694fe,0x13deb5509b4f3f347fd99d0db5be92a5df849a1394b1a8d443ca72b5f34cf9d5
theo_n,12,312,false,9,13,onchain,500,308,78.147100,1338.269100,1243.798000,1321.945100,7.704600,true,4224,4352,0x098b50423eb1b80e5a7fb520438bb4f17cbf6c9b9e6ebef7938342aa2df694fe,0x2a91370e7d4a3f84a7bbf55d3f19f42131c01e265cc5c184a50a0bf18067994f
theo_n,12,313,false,9,13,onchain,500,309,67.196800,1338.269100,1209.637300,1276.834100,6.476400,true,4224,4352,0x098b50423eb1b80e5a7fb520438bb4f17cbf6c9b9e6ebef7938342aa2df694fe,0x2e9441f3b1b27ec1e9e837bf5d2e32ff106c7e6e6aea479c676958cad5fa5edf
theo_n,12,314,false,9,13,onchain,500,310,58.321500,1338.269100,1238.642000,1296.963500,5.938900,true,4224,4352,0x098b50423eb1b80e5a7fb520438bb4f17cbf6c9b9e6ebef7938342aa2df694fe,0x07c71a48e349a6047c713105b236aab6c3d61b04aedf07535969e8697ad84cf1
theo_n,12,315,false,9,13,onchain,500,311,62.372700,1338.269100,1189.016700,1251.389400,5.521300,true,4224,4352,0x098b50423eb1b80e5a7fb520438bb4f17cbf6c9b9e6ebef7938342aa2df694fe,0x1055ac7069959a32a5ba629e0e5a7a5817b8f3b4a69aa6abe13eff713e4aef19
theo_n,12,316,false,9,13,onchain,500,312,74.900200,1338.269100,1199.530800,1274.431000,6.345900,true,4224,4352,0x098b50423eb1b80e5a7fb520438bb4f17cbf6c9b9e6ebef7938342aa2df694fe,0x095092b3da9bb6bf6c6c69e5b6819772f8288ff048b32f0c7dc3fc1c264602c0
theo_n,12,317,false,9,13,onchain,500,313,62.694200,1338.269100,1207.846600,1270.540800,6.271300,true,4224,4352,0x098b50423eb1b80e5a7fb520438bb4f17cbf6c9b9e6ebef7938342aa2df694fe,0x229ff620fc9f07679db5848d8066502bdaa08314bae46156ebe6acc5610103cf
theo_n,12,318,false,9,13,onchain,500,314,71.511800,1338.269100,1230.643500,1302.155300,6.103100,true,4224,4352,0x098b50423eb1b80e5a7fb520438bb4f17cbf6c9b9e6ebef7938342aa2df694fe,0x2a8c93405a03ec7df6408002ed9e3324d84c46bc227d44d3537e739d6d377147
theo_n,12,319,false,9,13,onchain,500,315,58.856100,1338.269100,1238.914400,1297.770500,6.531800,true,4224,4352,0x098b50423eb1b80e5a7fb520438bb4f17cbf6c9b9e6ebef7938342aa2df694fe,0x010c0957ae5bba1a2d5d707b26a2488ef46da238b08f879be8aa979387cfd0aa
theo_n,12,320,false,9,13,onchain,500,316,68.538200,1338.269100,1233.164900,1301.703100,7.838600,true,4224,4352,0x098b50423eb1b80e5a7fb520438bb4f17cbf6c9b9e6ebef7938342aa2df694fe,0x14b6fdfa8e46e3fceea1084881eee66fd9603f40bf35f4ee3af1cde8d2762175
theo_n,12,321,false,9,13,onchain,500,317,66.032800,1338.269100,1216.056500,1282.089300,6.318200,true,4224,4352,0x098b50423eb1b80e5a7fb520438bb4f17cbf6c9b9e6ebef7938342aa2df694fe,0x1f2d9647f78439d922c61a320d9b727a5be6302450b9a0df32d81b8b1b3a281a
theo_n,12,322,false,9,13,onchain,500,318,78.629900,1338.269100,1233.040300,1311.670200,6.459700,true,4224,4352,0x098b50423eb1b80e5a7fb520438bb4f17cbf6c9b9e6ebef7938342aa2df694fe,0x1f626d575bd1984f2eb74dcb8d863a130ac3d1af50f3efa8c845ca9b531c7e14
theo_n,12,323,false,9,13,onchain,500,319,63.870600,1338.269100,1306.825900,1370.696500,6.098900,true,4224,4352,0x098b50423eb1b80e5a7fb520438bb4f17cbf6c9b9e6ebef7938342aa2df694fe,0x0dec1f0ca4dc721f9f7a8dd729be3ed84a8c9b78dc5a36a4ab24ec56990c5796
theo_n,12,324,false,9,13,onchain,500,320,59.411100,1338.269100,1215.413100,1274.824200,7.043300,true,4224,4352,0x098b50423eb1b80e5a7fb520438bb4f17cbf6c9b9e6ebef7938342aa2df694fe,0x002d16b36d6de7474a2ec6ef4c2b5dfe8555d2c0fefc4b45f56f671899f39f19
theo_n,12,325,false,9,13,onchain,500,321,64.322600,1338.269100,1204.299900,1268.622500,5.636100,true,4224,4352,0x098b50423eb1b80e5a7fb520438bb4f17cbf6c9b9e6ebef7938342aa2df694fe,0x2b2817bc9643603901e9ed0e7a86d1925b681e557ea4ae5f45137ad1836e0fc9
theo_n,12,326,false,9,13,onchain,500,322,65.176300,1338.269100,1212.117000,1277.293300,7.473800,true,4224,4352,0x098b50423eb1b80e5a7fb520438bb4f17cbf6c9b9e6ebef7938342aa2df694fe,0x287b1719aa0e7765f94a2d4f54ee64d2bdb32bf72a0402d29106e298a0cfdf77
theo_n,12,327,false,9,13,onchain,500,323,65.723300,1338.269100,1258.796700,1324.520000,5.415100,true,4224,4352,0x098b50423eb1b80e5a7fb520438bb4f17cbf6c9b9e6ebef7938342aa2df694fe,0x275fda5f4888a155da450b110d64dc9a01467d93492c05b3dcff6ab1af0e9fbf
theo_n,12,328,false,9,13,onchain,500,324,65.882600,1338.269100,1176.360700,1242.243300,6.969500,true,4224,4352,0x098b50423eb1b80e5a7fb520438bb4f17cbf6c9b9e6ebef7938342aa2df694fe,0x095c6031ca7edfb03f9399642d2742f1b595290521f05f2c20339fe4df8b3931
theo_n,12,329,false,9,13,onchain,500,325,64.062100,1338.269100,1221.755500,1285.817600,6.445300,true,4224,4352,0x098b50423eb1b80e5a7fb520438bb4f17cbf6c9b9e6ebef7938342aa2df694fe,0x17d3d37d5e35f46a2a3fb234d1d1652ca475755f1a07082fd11c0e3a876761a6
theo_n,12,330,false,9,13,onchain,500,326,67.332000,1338.269100,1205.406200,1272.738200,6.684700,true,4224,4352,0x098b50423eb1b80e5a7fb520438bb4f17cbf6c9b9e6ebef7938342aa2df694fe,0x1ac75c6ed9f90de62f9775ff423b1ff839ac9958915851696307b7a7d6450db6
theo_n,12,331,false,9,13,onchain,500,327,59.773000,1338.269100,1215.381000,1275.154000,5.912400,true,4224,4352,0x098b50423eb1b80e5a7fb520438bb4f17cbf6c9b9e6ebef7938342aa2df694fe,0x0c2d971bce31e07f0a4d4de39b5c6bac3335d5febb655089ed885cea978a0bb9
theo_n,12,332,false,9,13,onchain,500,328,57.149400,1338.269100,1195.595200,1252.744600,5.813200,true,4224,4352,0x098b50423eb1b80e5a7fb520438bb4f17cbf6c9b9e6ebef7938342aa2df694fe,0x075654f1c9e5abe5fce4baccbe6da07810dffabc979728eedf550abd56074ba4
theo_n,12,333,false,9,13,onchain,500,329,62.676700,1338.269100,1195.381500,1258.058200,7.202000,true,4224,4352,0x098b50423eb1b80e5a7fb520438bb4f17cbf6c9b9e6ebef7938342aa2df694fe,0x0a63eac5908ab14b7879638596b87d9140c5474707a3ad072e2f1a34645752ba
theo_n,12,334,false,9,13,onchain,500,330,61.566300,1338.269100,1199.992400,1261.558700,6.093600,true,4224,4352,0x098b50423eb1b80e5a7fb520438bb4f17cbf6c9b9e6ebef7938342aa2df694fe,0x08e9b9b4e26fc3aca37bccf5629f51a451dbb6ea41a9b4882a3d78932409045a
theo_n,12,335,false,9,13,onchain,500,331,60.132100,1338.269100,1234.047900,1294.180000,6.039200,true,4224,4352,0x098b50423eb1b80e5a7fb520438bb4f17cbf6c9b9e6ebef7938342aa2df694fe,0x098ff9bfabd2578b64849f372dfccc3889e8f48dd1d57d81e3d9e88fbd994c78
theo_n,12,336,false,9,13,onchain,500,332,65.624600,1338.269100,1241.112200,1306.736800,7.738000,true,4224,4352,0x098b50423eb1b80e5a7fb520438bb4f17cbf6c9b9e6ebef7938342aa2df694fe,0x1db4b736a2b0ecc19a65c0c07835152665c8e62915ffa56fa7ab6503f5c9bd19
theo_n,12,337,false,9,13,onchain,500,333,73.084400,1338.269100,1217.146100,1290.230500,7.887000,true,4224,4352,0x098b50423eb1b80e5a7fb520438bb4f17cbf6c9b9e6ebef7938342aa2df694fe,0x2bc5afd849a1330fc452535400ac1d4d8390ff4fc994c438f681397683bc1753
theo_n,12,338,false,9,13,onchain,500,334,60.489400,1338.269100,1325.869300,1386.358700,6.697900,true,4224,4352,0x098b50423eb1b80e5a7fb520438bb4f17cbf6c9b9e6ebef7938342aa2df694fe,0x12216d0a1f27606101af6298d2b5d879870b6c64de2f8873b7fd2b23867b9935
theo_n,12,339,false,9,13,onchain,500,335,67.136500,1338.269100,1404.075800,1471.212300,7.070300,true,4224,4352,0x098b50423eb1b80e5a7fb520438bb4f17cbf6c9b9e6ebef7938342aa2df694fe,0x2839f37d67552efb8cead8faa71bb56779c63441b8b5b103c3f779de4528692f
theo_n,12,340,false,9,13,onchain,500,336,84.840100,1338.269100,1213.702100,1298.542200,5.985700,true,4224,4352,0x098b50423eb1b80e5a7fb520438bb4f17cbf6c9b9e6ebef7938342aa2df694fe,0x204f2b2dc108ebd91b8e8e9b95eea64bb1a6cb4f5ab54c2c0026fd7e839ae592
theo_n,12,341,false,9,13,onchain,500,337,59.886900,1338.269100,1270.334300,1330.221200,6.461900,true,4224,4352,0x098b50423eb1b80e5a7fb520438bb4f17cbf6c9b9e6ebef7938342aa2df694fe,0x204d869a69ccfa457f8806504f9890bc280efc739f3f0ecf9fc1eb0fb6528c59
theo_n,12,342,false,9,13,onchain,500,338,61.386200,1338.269100,1229.648400,1291.034600,6.736300,true,4224,4352,0x098b50423eb1b80e5a7fb520438bb4f17cbf6c9b9e6ebef7938342aa2df694fe,0x04b5d935609dfcb26d7a583849391abb7d04dfd1781f9026cce73dabe6b5ffc5
theo_n,12,343,false,9,13,onchain,500,339,59.614900,1338.269100,1182.745300,1242.360200,7.980600,true,4224,4352,0x098b50423eb1b80e5a7fb520438bb4f17cbf6c9b9e6ebef7938342aa2df694fe,0x152536451a8e9393f717d73e334bfa8514a176570f84aacc7c013645e671935a
theo_n,12,344,false,9,13,onchain,500,340,64.145500,1338.269100,1162.056200,1226.201700,5.906000,true,4224,4352,0x098b50423eb1b80e5a7fb520438bb4f17cbf6c9b9e6ebef7938342aa2df694fe,0x0457c3089a76f9a9d8acf8fc0271db28cb47b4da13a71cd9ebb0d4f85b06dc91
theo_n,12,345,false,9,13,onchain,500,341,64.951700,1338.269100,1195.201800,1260.153500,5.657900,true,4224,4352,0x098b50423eb1b80e5a7fb520438bb4f17cbf6c9b9e6ebef7938342aa2df694fe,0x2efb0c793ef2952e6286b0c951664e67f457f2399d5e05fa4f0bb48c137ef7af
theo_n,12,346,false,9,13,onchain,500,342,66.050600,1338.269100,1187.668900,1253.719500,6.228100,true,4224,4352,0x098b50423eb1b80e5a7fb520438bb4f17cbf6c9b9e6ebef7938342aa2df694fe,0x07c6757702a5062212213dfa130caee8e8c66080fd605f2c89c4bd459c0eb506
theo_n,12,347,false,9,13,onchain,500,343,64.029600,1338.269100,1180.494200,1244.523800,6.833800,true,4224,4352,0x098b50423eb1b80e5a7fb520438bb4f17cbf6c9b9e6ebef7938342aa2df694fe,0x1f31d06804fe9d643009a57a3670fbf5708c1c3c6251624db210bc9f18177456
theo_n,12,348,false,9,13,onchain,500,344,57.350900,1338.269100,1256.137600,1313.488500,7.671400,true,4224,4352,0x098b50423eb1b80e5a7fb520438bb4f17cbf6c9b9e6ebef7938342aa2df694fe,0x2e37e091fc8c192e870e9a1bc151044c6f827a9d7b31a863df824e406f8c7cd1
theo_n,12,349,false,9,13,onchain,500,345,64.008100,1338.269100,1173.832200,1237.840300,6.078800,true,4224,4352,0x098b50423eb1b80e5a7fb520438bb4f17cbf6c9b9e6ebef7938342aa2df694fe,0x226079d37d6b5905b792bcf76b2799b0253b82604264870bcec2afc3472d5c73
theo_n,12,350,false,9,13,onchain,500,346,65.651300,1338.269100,1190.225400,1255.876700,6.715500,true,4224,4352,0x098b50423eb1b80e5a7fb520438bb4f17cbf6c9b9e6ebef7938342aa2df694fe,0x117db97a81840683d5f0024370805bbb38977ea928586ac4f07b751d7b8585aa
theo_n,12,351,false,9,13,onchain,500,347,69.817800,1338.269100,1233.081300,1302.899100,6.436800,true,4224,4352,0x098b50423eb1b80e5a7fb520438bb4f17cbf6c9b9e6ebef7938342aa2df694fe,0x254f554195b2795e198655ca2a08c0d3b52361f517bfc45abf441ff5f97cb8c0
theo_n,12,352,false,9,13,onchain,500,348,63.245500,1338.269100,1195.044900,1258.290400,7.158700,true,4224,4352,0x098b50423eb1b80e5a7fb520438bb4f17cbf6c9b9e6ebef7938342aa2df694fe,0x1593770d9d55f43a7cdb36fc0fc3822fa5eb57dd09ab2b86b6688d899c0597a3
theo_n,12,353,false,9,13,onchain,500,349,67.001600,1338.269100,1243.348800,1310.350400,6.069400,true,4224,4352,0x098b50423eb1b80e5a7fb520438bb4f17cbf6c9b9e6ebef7938342aa2df694fe,0x20e21d8732cbae26a5eb1e3a08fa1d385815993a3e06bf751447c239e53ebec2
theo_n,12,354,false,9,13,onchain,500,350,62.519300,1338.269100,1166.566900,1229.086200,7.505400,true,4224,4352,0x098b50423eb1b80e5a7fb520438bb4f17cbf6c9b9e6ebef7938342aa2df694fe,0x0e99cfc4fe2b4260a2b9ad2ea8a798e983acf32369ddff77b9bbbfb006aea219
theo_n,12,355,false,9,13,onchain,500,351,67.338300,1338.269100,1215.069300,1282.407600,6.170000,true,4224,4352,0x098b50423eb1b80e5a7fb520438bb4f17cbf6c9b9e6ebef7938342aa2df694fe,0x02561cbf09126048622749b6c4fb1d96e7c743c3ddd00c24fe36a90236a1b716
theo_n,12,356,false,9,13,onchain,500,352,58.786700,1338.269100,1159.550500,1218.337200,6.124800,true,4224,4352,0x098b50423eb1b80e5a7fb520438bb4f17cbf6c9b9e6ebef7938342aa2df694fe,0x1b60a8b5553baadbaddd458ba1d262ab05296dcadb500fffc6521c0670d859de
theo_n,12,357,false,9,13,onchain,500,353,66.257700,1338.269100,1158.699400,1224.957100,6.069500,true,4224,4352,0x098b50423eb1b80e5a7fb520438bb4f17cbf6c9b9e6ebef7938342aa2df694fe,0x28c3e736537efd4af55e4024deafcb55b364d5be65156ae12c48fb5d62772ff0
theo_n,12,358,false,9,13,onchain,500,354,63.036700,1338.269100,1151.730100,1214.766800,6.056900,true,4224,4352,0x098b50423eb1b80e5a7fb520438bb4f17cbf6c9b9e6ebef7938342aa2df694fe,0x04b39fd3e5f335a5b634bd563ba92eb4d8fa3f7e32fe4b6a4bc9ac1fd43c19ca
theo_n,12,359,false,9,13,onchain,500,355,60.362700,1338.269100,1157.451900,1217.814600,6.881700,true,4224,4352,0x098b50423eb1b80e5a7fb520438bb4f17cbf6c9b9e6ebef7938342aa2df694fe,0x0004225074508fa3022f90e37e6c870a9b686a8123ef5bbe2056904cf37642db
theo_n,12,360,false,9,13,onchain,500,356,68.452300,1338.269100,1145.804800,1214.257100,6.759500,true,4224,4352,0x098b50423eb1b80e5a7fb520438bb4f17cbf6c9b9e6ebef7938342aa2df694fe,0x021bebfbfc5cca243be6d61f58c6fcfc3b49fd9f33fababe9cb255a21de6777c
theo_n,12,361,false,9,13,onchain,500,357,63.515300,1338.269100,1187.960400,1251.475700,7.280900,true,4224,4352,0x098b50423eb1b80e5a7fb520438bb4f17cbf6c9b9e6ebef7938342aa2df694fe,0x050f085ab3e5f5c3eb150a35091b609b024454e337120d29ab9b71776fc7338d
theo_n,12,362,false,9,13,onchain,500,358,68.143000,1338.269100,1154.813300,1222.956300,5.560500,true,4224,4352,0x098b50423eb1b80e5a7fb520438bb4f17cbf6c9b9e6ebef7938342aa2df694fe,0x222c67432c9adedc49d9236e9654816e0cf5c7e793e5f52d51452e4d94e61b34
theo_n,12,363,false,9,13,onchain,500,359,58.321400,1338.269100,1139.856700,1198.178100,6.461700,true,4224,4352,0x098b50423eb1b80e5a7fb520438bb4f17cbf6c9b9e6ebef7938342aa2df694fe,0x27b239bf70d964ad2873d0a1bfdc4491651f20e30617f39306e3109f9444ae1f
theo_n,12,364,false,9,13,onchain,500,360,62.291400,1338.269100,1164.595900,1226.887300,5.628000,true,4224,4352,0x098b50423eb1b80e5a7fb520438bb4f17cbf6c9b9e6ebef7938342aa2df694fe,0x1e1b5831fdf4b76d30e9b076372b1a47468a39c721bfd22182db547151d10305
theo_n,12,365,false,9,13,onchain,500,361,57.279000,1338.269100,1186.905200,1244.184200,6.209700,true,4224,4352,0x098b50423eb1b80e5a7fb520438bb4f17cbf6c9b9e6ebef7938342aa2df694fe,0x0605aa46ac40963353ba3f275bdaa747c1794498b7645bbd422dbae339555c55
theo_n,12,366,false,9,13,onchain,500,362,48.234200,1338.269100,1730.386500,1778.620700,7.761300,true,4224,4352,0x098b50423eb1b80e5a7fb520438bb4f17cbf6c9b9e6ebef7938342aa2df694fe,0x1851f7753135b8747d9eb910c77c916cf827ea9f2155dc9d379ef2afa367a772
theo_n,12,367,false,9,13,onchain,500,363,65.703100,1338.269100,1574.531700,1640.234800,8.085000,true,4224,4352,0x098b50423eb1b80e5a7fb520438bb4f17cbf6c9b9e6ebef7938342aa2df694fe,0x16fc1f235038e480513f38e613e2d02f17b4832841d68c8ef401b09167c9ff5f
theo_n,12,368,false,9,13,onchain,500,364,74.210800,1338.269100,1815.581200,1889.792000,7.437800,true,4224,4352,0x098b50423eb1b80e5a7fb520438bb4f17cbf6c9b9e6ebef7938342aa2df694fe,0x193a1a014690b7724bf6978a4714fe2a0476d1eef7c299ca5f750f3cd17874eb
theo_n,12,369,false,9,13,onchain,500,365,77.971100,1338.269100,1370.688100,1448.659200,5.741800,true,4224,4352,0x098b50423eb1b80e5a7fb520438bb4f17cbf6c9b9e6ebef7938342aa2df694fe,0x0f963c37f6669553709742d3391b6f600bb9eeee0f58acf2765960e71eb5b81c
theo_n,12,370,false,9,13,onchain,500,366,70.592300,1338.269100,1188.272500,1258.864800,5.717500,true,4224,4352,0x098b50423eb1b80e5a7fb520438bb4f17cbf6c9b9e6ebef7938342aa2df694fe,0x303b6b066769651941ebaaebfcd8040f41a717542235e1f57492ed152123cff2
theo_n,12,371,false,9,13,onchain,500,367,61.891800,1338.269100,1160.702100,1222.593900,8.181300,true,4224,4352,0x098b50423eb1b80e5a7fb520438bb4f17cbf6c9b9e6ebef7938342aa2df694fe,0x2ed695d8f21d493b9d35e98eaf8a93b2d7366dc343dd2584f504aa5e64116990
theo_n,12,372,false,9,13,onchain,500,368,85.188900,1338.269100,1290.088500,1375.277400,5.767600,true,4224,4352,0x098b50423eb1b80e5a7fb520438bb4f17cbf6c9b9e6ebef7938342aa2df694fe,0x1ad4f7e67fe4ff1b47a8341daf54ba4cfc10c65cf1044c60def6d901a807ed46
theo_n,12,373,false,9,13,onchain,500,369,65.415400,1338.269100,1207.667300,1273.082700,5.483300,true,4224,4352,0x098b50423eb1b80e5a7fb520438bb4f17cbf6c9b9e6ebef7938342aa2df694fe,0x0c5a630d9f98b120bc544c96c47eec11640c6ab4b933c80d522151a3ff6adf8a
theo_n,12,374,false,9,13,onchain,500,370,56.738400,1338.269100,1172.302000,1229.040400,5.866400,true,4224,4352,0x098b50423eb1b80e5a7fb520438bb4f17cbf6c9b9e6ebef7938342aa2df694fe,0x03f5612ddf0d430300b9710c7d5770ca54ee984d0d55902c9e31fec569bca9e3
theo_n,12,375,false,9,13,onchain,500,371,46.468800,1338.269100,1165.739100,1212.207900,6.096400,true,4224,4352,0x098b50423eb1b80e5a7fb520438bb4f17cbf6c9b9e6ebef7938342aa2df694fe,0x1e849df2f825791fd8ed533d294b831c090962116777818d7fe8e404e5c063fd
theo_n,12,376,false,9,13,onchain,500,372,65.487200,1338.269100,1158.194900,1223.682100,6.790300,true,4224,4352,0x098b50423eb1b80e5a7fb520438bb4f17cbf6c9b9e6ebef7938342aa2df694fe,0x18cfa5c6cd646ef374aab2e94e771ad9364cf8d95486dbb632ede7bba8b9c2b8
theo_n,12,377,false,9,13,onchain,500,373,66.494900,1338.269100,1148.536500,1215.031400,6.453300,true,4224,4352,0x098b50423eb1b80e5a7fb520438bb4f17cbf6c9b9e6ebef7938342aa2df694fe,0x25b65d1c3a0bc65503d9a28d15da14bdd9f67ae4de7a884deeedb518e97a9262
theo_n,12,378,false,9,13,onchain,500,374,58.160100,1338.269100,1164.646000,1222.806100,5.493800,true,4224,4352,0x098b50423eb1b80e5a7fb520438bb4f17cbf6c9b9e6ebef7938342aa2df694fe,0x04814392968319dd081a9b03644408df0f13373cd048e655a8b8de0a52e23270
theo_n,12,379,false,9,13,onchain,500,375,59.923200,1338.269100,1197.928000,1257.851200,6.093800,true,4224,4352,0x098b50423eb1b80e5a7fb520438bb4f17cbf6c9b9e6ebef7938342aa2df694fe,0x118f2bc8abc13248898a6bcd9a243f7ca0a998ade21b658f26f4157747c66bb1
theo_n,12,380,false,9,13,onchain,500,376,69.496100,1338.269100,1151.963500,1221.459600,6.919000,true,4224,4352,0x098b50423eb1b80e5a7fb520438bb4f17cbf6c9b9e6ebef7938342aa2df694fe,0x162d42cc97848b8015e6f6973e026d6782e2a7cb2fb68038286cbc81d7508eda
theo_n,12,381,false,9,13,onchain,500,377,67.462300,1338.269100,1149.705900,1217.168200,5.498700,true,4224,4352,0x098b50423eb1b80e5a7fb520438bb4f17cbf6c9b9e6ebef7938342aa2df694fe,0x157e57147367313af2ccdb0b69a90f60da885d73b45344e360fbc625f7696351
theo_n,12,382,false,9,13,onchain,500,378,65.867400,1338.269100,1192.781000,1258.648400,5.101500,true,4224,4352,0x098b50423eb1b80e5a7fb520438bb4f17cbf6c9b9e6ebef7938342aa2df694fe,0x0ad9f8b60ac2b27db29f8d015c05982cd6a7f9fe5461daae00a8f8e7b10bb470
theo_n,12,383,false,9,13,onchain,500,379,62.984600,1338.269100,1193.784900,1256.769500,6.462800,true,4224,4352,0x098b50423eb1b80e5a7fb520438bb4f17cbf6c9b9e6ebef7938342aa2df694fe,0x02d5dff1d08df114839ef1dc507caa525323fb9828ac5daac4983bbfb43f03ee
theo_n,12,384,false,9,13,onchain,500,380,67.035700,1338.269100,1141.311500,1208.347200,5.681700,true,4224,4352,0x098b50423eb1b80e5a7fb520438bb4f17cbf6c9b9e6ebef7938342aa2df694fe,0x07e27bc2513cc928d26b30eb92d217d53a1f2efa7ec91e9f3281e5893d80ea14
theo_n,12,385,false,9,13,onchain,500,381,63.251900,1338.269100,1268.807700,1332.059600,5.893600,true,4224,4352,0x098b50423eb1b80e5a7fb520438bb4f17cbf6c9b9e6ebef7938342aa2df694fe,0x17398fc5f1d2e60159ce1452da7355a2234e2843260b50b40ded9b9d1d7fc2c5
theo_n,12,386,false,9,13,onchain,500,382,84.565500,1338.269100,1196.356600,1280.922100,7.562700,true,4224,4352,0x098b50423eb1b80e5a7fb520438bb4f17cbf6c9b9e6ebef7938342aa2df694fe,0x1bcd1df4387375c9e3d385db43f832b4b6fe272b45f7e52252b39bb8382252e4
theo_n,12,387,false,9,13,onchain,500,383,69.482400,1338.269100,1181.355600,1250.838000,6.136300,true,4224,4352,0x098b50423eb1b80e5a7fb520438bb4f17cbf6c9b9e6ebef7938342aa2df694fe,0x28bd69fe5fd086a619856936b40121a7155f548d42a84f35bce33cd48f7c5b79
theo_n,12,388,false,9,13,onchain,500,384,66.982100,1338.269100,1178.491300,1245.473400,7.117900,true,4224,4352,0x098b50423eb1b80e5a7fb520438bb4f17cbf6c9b9e6ebef7938342aa2df694fe,0x1e7e3f9f39ceb8265b464c07373a4b37a800558074e78b931da84545f6d94e6d
theo_n,12,389,false,9,13,onchain,500,385,68.321700,1338.269100,1180.431300,1248.753000,6.593700,true,4224,4352,0x098b50423eb1b80e5a7fb520438bb4f17cbf6c9b9e6ebef7938342aa2df694fe,0x0de1feb02f5d7b62cce3ccea8a74c6a75a1062001c1a44cae3b015de71aba263
theo_n,12,390,false,9,13,onchain,500,386,63.110100,1338.269100,1142.346000,1205.456100,6.180500,true,4224,4352,0x098b50423eb1b80e5a7fb520438bb4f17cbf6c9b9e6ebef7938342aa2df694fe,0x0ccf0155d5e5543303c4ae684ea5d6d3506eadcac2a6ce0b43d37b55f33f3ae7
theo_n,12,391,false,9,13,onchain,500,387,49.587000,1338.269100,1182.900900,1232.487900,5.833200,true,4224,4352,0x098b50423eb1b80e5a7fb520438bb4f17cbf6c9b9e6ebef7938342aa2df694fe,0x092407afbdab9b40602d5946175c6668381b10d76ec0d1fc625720ab89492697
theo_n,12,392,false,9,13,onchain,500,388,70.841700,1338.269100,1187.640900,1258.482600,5.854700,true,4224,4352,0x098b50423eb1b80e5a7fb520438bb4f17cbf6c9b9e6ebef7938342aa2df694fe,0x057debe0a69bdb13be5df68e059ebc5810b7a076ae38389e59938c99084ee97e
theo_n,12,393,false,9,13,onchain,500,389,49.635600,1338.269100,1166.185300,1215.820900,6.571200,true,4224,4352,0x098b50423eb1b80e5a7fb520438bb4f17cbf6c9b9e6ebef7938342aa2df694fe,0x303a402911f18f755f5c1a87ec99a33b77d1c2577916758ef573ab2194af50d9
theo_n,12,394,false,9,13,onchain,500,390,63.027200,1338.269100,1174.132000,1237.159200,5.332500,true,4224,4352,0x098b50423eb1b80e5a7fb520438bb4f17cbf6c9b9e6ebef7938342aa2df694fe,0x263992a8e602149f3b6505ad16e7f04e696f8125783000c71d2ecc897e2a52b7
theo_n,12,395,false,9,13,onchain,500,391,62.380700,1338.269100,1209.595600,1271.976300,6.818800,true,4224,4352,0x098b50423eb1b80e5a7fb520438bb4f17cbf6c9b9e6ebef7938342aa2df694fe,0x2db9482626db14404a768c8465161d5833bab0bdd0cee894e56dce89b9eb09fd
theo_n,12,396,false,9,13,onchain,500,392,81.027400,1338.269100,1154.310500,1235.337900,6.892900,true,4224,4352,0x098b50423eb1b80e5a7fb520438bb4f17cbf6c9b9e6ebef7938342aa2df694fe,0x172df5a3f063b8f4f9c1d0f322ca54fa2d5f74aaf6562a8806fdfe2ca2e0483e
theo_n,12,397,false,9,13,onchain,500,393,50.718400,1338.269100,1161.955200,1212.673600,6.820700,true,4224,4352,0x098b50423eb1b80e5a7fb520438bb4f17cbf6c9b9e6ebef7938342aa2df694fe,0x12c6243e284afc10fb4414ac11753f093a708b67c527cf722831b3a7a593cb08
theo_n,12,398,false,9,13,onchain,500,394,69.828300,1338.269100,1188.756700,1258.585000,6.373600,true,4224,4352,0x098b50423eb1b80e5a7fb520438bb4f17cbf6c9b9e6ebef7938342aa2df694fe,0x12096b14d65088c6387377b9d89127c1ce5a0b1f72408edea1b850e9e359aa9e
theo_n,12,399,false,9,13,onchain,500,395,57.311900,1338.269100,1182.437000,1239.748900,5.912800,true,4224,4352,0x098b50423eb1b80e5a7fb520438bb4f17cbf6c9b9e6ebef7938342aa2df694fe,0x18b1832ec6179c73f03c78110ac55f45acae9d0d5117cf6c03da7814f79e5d8f
theo_n,12,400,false,9,13,onchain,500,396,63.121400,1338.269100,1188.765100,1251.886500,6.087400,true,4224,4352,0x098b50423eb1b80e5a7fb520438bb4f17cbf6c9b9e6ebef7938342aa2df694fe,0x113de8491220bb5eb508d65cc8ee0e1ceb7a712b1a9b95fc93acd8856ecb28f5
theo_n,12,401,false,9,13,onchain,500,397,63.706000,1338.269100,1157.741800,1221.447800,6.424500,true,4224,4352,0x098b50423eb1b80e5a7fb520438bb4f17cbf6c9b9e6ebef7938342aa2df694fe,0x27a010cf4e19c4a88e2edb7f04ac75b764b8e24719dc82dbbd0c0f7c8934be1e
theo_n,12,402,false,9,13,onchain,500,398,59.695800,1338.269100,1183.458300,1243.154100,6.234700,true,4224,4352,0x098b50423eb1b80e5a7fb520438bb4f17cbf6c9b9e6ebef7938342aa2df694fe,0x0b023dd915cb016b7238b5bdd3190fe98abd3504c6dbfba463d90bb38ff29ad2
theo_n,12,403,false,9,13,onchain,500,399,62.991000,1338.269100,1161.315400,1224.306400,6.379600,true,4224,4352,0x098b50423eb1b80e5a7fb520438bb4f17cbf6c9b9e6ebef7938342aa2df694fe,0x1a7e6c56f626be3e54886b792935dd23863f6915b323aa78148b70ab13ec5273
theo_n,12,404,false,9,13,onchain,500,400,65.783100,1338.269100,1164.357100,1230.140200,5.742200,true,4224,4352,0x098b50423eb1b80e5a7fb520438bb4f17cbf6c9b9e6ebef7938342aa2df694fe,0x2a2bffaf3fae1687545dfd12db373e7029a50e1e72ae6a4acfcbd733129c205d
theo_n,12,405,false,9,13,onchain,500,401,60.619200,1338.269100,1213.862400,1274.481600,7.164300,true,4224,4352,0x098b50423eb1b80e5a7fb520438bb4f17cbf6c9b9e6ebef7938342aa2df694fe,0x2cc4cf0733e1349358e8a570eac07ff818161987e3a18bfde63a9f0b95deca6d
theo_n,12,406,false,9,13,onchain,500,402,59.044500,1338.269100,1173.758900,1232.803400,5.932300,true,4224,4352,0x098b50423eb1b80e5a7fb520438bb4f17cbf6c9b9e6ebef7938342aa2df694fe,0x1b8c0ebcb5cf1b7c144731c42fbfeebd4519c91bbe045821496f2975128cd66c
theo_n,12,407,false,9,13,onchain,500,403,65.010800,1338.269100,1191.200700,1256.211500,6.753700,true,4224,4352,0x098b50423eb1b80e5a7fb520438bb4f17cbf6c9b9e6ebef7938342aa2df694fe,0x2db8f99903aebf090472808a8ea677cc1579e7aa758397d7fd28dd09d7b51280
theo_n,12,408,false,9,13,onchain,500,404,64.787400,1338.269100,1196.608300,1261.395700,5.990800,true,4224,4352,0x098b50423eb1b80e5a7fb520438bb4f17cbf6c9b9e6ebef7938342aa2df694fe,0x0bf0ebb05a15be9b640ea65b8d18d6832cad86267bf6cb999ad43d7d749ad1be
theo_n,12,409,false,9,13,onchain,500,405,56.857900,1338.269100,1149.913200,1206.771100,5.687200,true,4224,4352,0x098b50423eb1b80e5a7fb520438bb4f17cbf6c9b9e6ebef7938342aa2df694fe,0x1b988085e3126ddfb6a991df1c0f573fa0e6f9965ef6b3f10de414b3fdd35013
theo_n,12,410,false,9,13,onchain,500,406,64.892000,1338.269100,1157.849500,1222.741500,7.444100,true,4224,4352,0x098b50423eb1b80e5a7fb520438bb4f17cbf6c9b9e6ebef7938342aa2df694fe,0x154bfdb6e90d7431315c386cc66abcbf3958bded588b405520a34f7d4f56e666
theo_n,12,411,false,9,13,onchain,500,407,67.841800,1338.269100,1174.993800,1242.835600,5.695900,true,4224,4352,0x098b50423eb1b80e5a7fb520438bb4f17cbf6c9b9e6ebef7938342aa2df694fe,0x09dcc218c82397618550beef8f8255788a9ec1329b4e16b1effb79dd16db6db8
theo_n,12,412,false,9,13,onchain,500,408,65.894700,1338.269100,1200.266300,1266.161000,5.622000,true,4224,4352,0x098b50423eb1b80e5a7fb520438bb4f17cbf6c9b9e6ebef7938342aa2df694fe,0x03e0e67240dac313442539b1a1241dc6465eb385b752bbfd21607f280e9ed7a8
theo_n,12,413,false,9,13,onchain,500,409,65.072700,1338.269100,1184.511300,1249.584000,6.910400,true,4224,4352,0x098b50423eb1b80e5a7fb520438bb4f17cbf6c9b9e6ebef7938342aa2df694fe,0x3007bee886bfacd3ffad885814b8c4e8cceb990aa13437fa53e86c1dcd321aac
theo_n,12,414,false,9,13,onchain,500,410,64.375700,1338.269100,1182.080900,1246.456600,6.818800,true,4224,4352,0x098b50423eb1b80e5a7fb520438bb4f17cbf6c9b9e6ebef7938342aa2df694fe,0x181a21556d142138a10d0d14eb5e6c5d16df78825c4945a3d09ac9823e327b17
theo_n,12,415,false,9,13,onchain,500,411,60.027400,1338.269100,1189.042500,1249.069900,6.499200,true,4224,4352,0x098b50423eb1b80e5a7fb520438bb4f17cbf6c9b9e6ebef7938342aa2df694fe,0x2835faa28d27666daad62898414f35b70a6f1b36e83f6903b595b0b699a120e0
theo_n,12,416,false,9,13,onchain,500,412,62.873800,1338.269100,1212.688800,1275.562600,7.164700,true,4224,4352,0x098b50423eb1b80e5a7fb520438bb4f17cbf6c9b9e6ebef7938342aa2df694fe,0x06016b8fc0cfb43fe47861f337a516e5702b812d6b62d60cb94bca0b4d6acd7c
theo_n,12,417,false,9,13,onchain,500,413,61.677800,1338.269100,1192.988900,1254.666700,5.783800,true,4224,4352,0x098b50423eb1b80e5a7fb520438bb4f17cbf6c9b9e6ebef7938342aa2df694fe,0x1bed17d5deba5bed8ba9eed3242058dba5d4c9596776efeb51be6779ca0306a3
theo_n,12,418,false,9,13,onchain,500,414,64.836600,1338.269100,1203.958900,1268.795500,7.066500,true,4224,4352,0x098b50423eb1b80e5a7fb520438bb4f17cbf6c9b9e6ebef7938342aa2df694fe,0x016ddbf0460e9b0e15e4f146a5a20f1fdcdc6a8561610466846c78fbc49a3d7c
theo_n,12,419,false,9,13,onchain,500,415,58.342500,1338.269100,1162.070900,1220.413400,6.757200,true,4224,4352,0x098b50423eb1b80e5a7fb520438bb4f17cbf6c9b9e6ebef7938342aa2df694fe,0x0e0771a1c3bbd684257a57be0b21e69a6727489b4ddc066d53818988c039b7c6
theo_n,12,420,false,9,13,onchain,500,416,60.152900,1338.269100,1168.287300,1228.440200,7.848700,true,4224,4352,0x098b50423eb1b80e5a7fb520438bb4f17cbf6c9b9e6ebef7938342aa2df694fe,0x2830fdb34c979454f9f3421f8b0574c294c79daee7ad2bc1b5dc97a95a4f9d54
theo_n,12,421,false,9,13,onchain,500,417,63.303800,1338.269100,1177.328200,1240.632000,5.279600,true,4224,4352,0x098b50423eb1b80e5a7fb520438bb4f17cbf6c9b9e6ebef7938342aa2df694fe,0x13a0fb9058def92f47de48cf7aa57b8540d590214e9ee3ef4a3b4e6b1fd39fc7
theo_n,12,422,false,9,13,onchain,500,418,60.527200,1338.269100,1167.647700,1228.174900,6.559800,true,4224,4352,0x098b50423eb1b80e5a7fb520438bb4f17cbf6c9b9e6ebef7938342aa2df694fe,0x0326508a2e8766b39956ca4bcb280f99a691a9091e7328ef63d81a41a3b488f5
theo_n,12,423,false,9,13,onchain,500,419,64.828300,1338.269100,1170.185800,1235.014100,5.840500,true,4224,4352,0x098b50423eb1b80e5a7fb520438bb4f17cbf6c9b9e6ebef7938342aa2df694fe,0x1aad75cc6b55ef5aefca1139b211062bbb6f98191567e7e2c53e14c4ed4d2510
theo_n,12,424,false,9,13,onchain,500,420,63.280800,1338.269100,1177.682100,1240.962900,6.711900,true,4224,4352,0x098b50423eb1b80e5a7fb520438bb4f17cbf6c9b9e6ebef7938342aa2df694fe,0x0762cba02d6c2fd227c1121dbbb65b1dddcd594906111c19dcb75308284fab1e
theo_n,12,425,false,9,13,onchain,500,421,65.717900,1338.269100,1235.462700,1301.180600,7.442400,true,4224,4352,0x098b50423eb1b80e5a7fb520438bb4f17cbf6c9b9e6ebef7938342aa2df694fe,0x2867d18a8d13dcdcf2a610885da6d6baf390d38a0ba79aa67af91dedf2e4134f
theo_n,12,426,false,9,13,onchain,500,422,66.866700,1338.269100,1171.610000,1238.476700,8.178900,true,4224,4352,0x098b50423eb1b80e5a7fb520438bb4f17cbf6c9b9e6ebef7938342aa2df694fe,0x10c107c9cda92ec6cf3e9fe22cbf7cda99fe04bfb69b44457736f08daf94178b
theo_n,12,427,false,9,13,onchain,500,423,64.662100,1338.269100,1168.503100,1233.165200,7.369200,true,4224,4352,0x098b50423eb1b80e5a7fb520438bb4f17cbf6c9b9e6ebef7938342aa2df694fe,0x2581e5575f4204b4a6f3b0e08c12245c083765c1a07f32b13a96895ca1ba1425
theo_n,12,428,false,9,13,onchain,500,424,64.568300,1338.269100,1169.740100,1234.308400,6.029000,true,4224,4352,0x098b50423eb1b80e5a7fb520438bb4f17cbf6c9b9e6ebef7938342aa2df694fe,0x277aac34d6c47e54cdbb5d62cfd244cec5298c9c26f6aa993fb0e26cf2f1082f
theo_n,12,429,false,9,13,onchain,500,425,58.634600,1338.269100,1176.798200,1235.432800,6.585300,true,4224,4352,0x098b50423eb1b80e5a7fb520438bb4f17cbf6c9b9e6ebef7938342aa2df694fe,0x03ea32e3c967ab912ee0c86ac10303a8203c3057bba343c213f706eb718cec52
theo_n,12,430,false,9,13,onchain,500,426,65.745400,1338.269100,1159.987900,1225.733300,6.836800,true,4224,4352,0x098b50423eb1b80e5a7fb520438bb4f17cbf6c9b9e6ebef7938342aa2df694fe,0x3003b73a88a8569a4f81d8beb7f720188535c7718ead6ae84dbe3c272f4f5f3b
theo_n,12,431,false,9,13,onchain,500,427,57.715100,1338.269100,1203.427000,1261.142100,6.201400,true,4224,4352,0x098b50423eb1b80e5a7fb520438bb4f17cbf6c9b9e6ebef7938342aa2df694fe,0x0a05cfe41f28c738b7d5d7716c8320b06aa79e0e6625c4f3558a58dc9b7fef42
theo_n,12,432,false,9,13,onchain,500,428,42.757600,1338.269100,1241.852000,1284.609600,6.912000,true,4224,4352,0x098b50423eb1b80e5a7fb520438bb4f17cbf6c9b9e6ebef7938342aa2df694fe,0x2500607ce618ef9bd30f4bc46ee16168b678de82a12629390aecc174960b46cd
theo_n,12,433,false,9,13,onchain,500,429,54.291100,1338.269100,1286.995300,1341.286400,6.174300,true,4224,4352,0x098b50423eb1b80e5a7fb520438bb4f17cbf6c9b9e6ebef7938342aa2df694fe,0x01c24f87ee6d59ee391a1593ecbeb6d1fa9963826beeb11f5caf468141128f09
theo_n,12,434,false,9,13,onchain,500,430,73.155600,1338.269100,1149.802100,1222.957700,5.883600,true,4224,4352,0x098b50423eb1b80e5a7fb520438bb4f17cbf6c9b9e6ebef7938342aa2df694fe,0x2082108df1e5d8328a3a52f2af197ec79b7856c8bc9c44ccf2d1d5951679a4c0
theo_n,12,435,false,9,13,onchain,500,431,60.158300,1338.269100,1152.088200,1212.246500,6.235900,true,4224,4352,0x098b50423eb1b80e5a7fb520438bb4f17cbf6c9b9e6ebef7938342aa2df694fe,0x0999ffaafc0622752b26e0380a201e79e330224adc28c45d809d6203c7183765
theo_n,12,436,false,9,13,onchain,500,432,64.087300,1338.269100,1164.023200,1228.110500,6.121800,true,4224,4352,0x098b50423eb1b80e5a7fb520438bb4f17cbf6c9b9e6ebef7938342aa2df694fe,0x0256f5aa2a81c65d55d7ac3351c57b3fc477bd1a5d4650020d8ac1c2cb98c320
theo_n,12,437,false,9,13,onchain,500,433,49.296800,1338.269100,1167.746400,1217.043200,5.477100,true,4224,4352,0x098b50423eb1b80e5a7fb520438bb4f17cbf6c9b9e6ebef7938342aa2df694fe,0x037bc2c964784fc7e3cd2de16c3218014bc8ac4ab259c3fc47df759225c0c432
theo_n,12,438,false,9,13,onchain,500,434,63.101900,1338.269100,1193.042500,1256.144400,6.522700,true,4224,4352,0x098b50423eb1b80e5a7fb520438bb4f17cbf6c9b9e6ebef7938342aa2df694fe,0x173dc3dc4e6fcdf0ebba3fd2fe4632fb42c0ceb9e4cc5e9b374dc60deb000b3f
theo_n,12,439,false,9,13,onchain,500,435,58.064000,1338.269100,1169.115300,1227.179300,6.726200,true,4224,4352,0x098b50423eb1b80e5a7fb520438bb4f17cbf6c9b9e6ebef7938342aa2df694fe,0x1209c0c6094437ccf08802ad2ccd707c6033334ef0aac113035d1ba5c5d53302
theo_n,12,440,false,9,13,onchain,500,436,66.862800,1338.269100,1179.230100,1246.092900,6.703200,true,4224,4352,0x098b50423eb1b80e5a7fb520438bb4f17cbf6c9b9e6ebef7938342aa2df694fe,0x11a1aa45758004aee4e35df3345be3240a16450e6c518e436a9fef029035717a
theo_n,12,441,false,9,13,onchain,500,437,62.845800,1338.269100,1169.314000,1232.159800,7.116900,true,4224,4352,0x098b50423eb1b80e5a7fb520438bb4f17cbf6c9b9e6ebef7938342aa2df694fe,0x04476444e54b8d9345af11b280f951950dec019f5f9ed96cd666000cb6f8c8a4
theo_n,12,442,false,9,13,onchain,500,438,65.654300,1338.269100,1145.530300,1211.184600,5.492300,true,4224,4352,0x098b50423eb1b80e5a7fb520438bb4f17cbf6c9b9e6ebef7938342aa2df694fe,0x2806a21730d85cb406c3a0c7893edf53a23bb94164481acaec92dfaacc498c43
theo_n,12,443,false,9,13,onchain,500,439,59.238000,1338.269100,1158.955800,1218.193800,5.812300,true,4224,4352,0x098b50423eb1b80e5a7fb520438bb4f17cbf6c9b9e6ebef7938342aa2df694fe,0x214b13489d4f64f42e4f378022beeb428cee36c93df8f8e97b38d25222015f0e
theo_n,12,444,false,9,13,onchain,500,440,57.856000,1338.269100,1178.625800,1236.481800,7.945300,true,4224,4352,0x098b50423eb1b80e5a7fb520438bb4f17cbf6c9b9e6ebef7938342aa2df694fe,0x066f9d468513da57c066c36e999991151e9f59de613bf62318b16f8c0dc85b20
theo_n,12,445,false,9,13,onchain,500,441,74.177600,1338.269100,1178.321300,1252.498900,6.404600,true,4224,4352,0x098b50423eb1b80e5a7fb520438bb4f17cbf6c9b9e6ebef7938342aa2df694fe,0x2685af6105268b603a453ab4de1bcdd24c4090058d83280b15b70eb1e3493b77
theo_n,12,446,false,9,13,onchain,500,442,93.547100,1338.269100,1201.721600,1295.268700,5.814000,true,4224,4352,0x098b50423eb1b80e5a7fb520438bb4f17cbf6c9b9e6ebef7938342aa2df694fe,0x1c157e5b315f744377d41988cc71c4e64d2bb77893f27acd05aad8664ce59a79
theo_n,12,447,false,9,13,onchain,500,443,61.428600,1338.269100,1174.667900,1236.096500,7.244000,true,4224,4352,0x098b50423eb1b80e5a7fb520438bb4f17cbf6c9b9e6ebef7938342aa2df694fe,0x2267434a9eb55f81aff6acbc29f609c4a6cd46d4f19e735c0845e1e54dc511cf
theo_n,12,448,false,9,13,onchain,500,444,68.559500,1338.269100,1181.108600,1249.668100,6.075200,true,4224,4352,0x098b50423eb1b80e5a7fb520438bb4f17cbf6c9b9e6ebef7938342aa2df694fe,0x2427edd792ee64541c9bb6a75a9554187a8b10a7730ae17241a149dd8197cb5c
theo_n,12,449,false,9,13,onchain,500,445,63.567800,1338.269100,1143.332300,1206.900100,5.720800,true,4224,4352,0x098b50423eb1b80e5a7fb520438bb4f17cbf6c9b9e6ebef7938342aa2df694fe,0x0cf8a1ade649c5cea439e53e3be597c4c53290bf1c8b7f8bcb41a7ef7dea770e
theo_n,12,450,false,9,13,onchain,500,446,52.229800,1338.269100,1142.127800,1194.357600,6.244200,true,4224,4352,0x098b50423eb1b80e5a7fb520438bb4f17cbf6c9b9e6ebef7938342aa2df694fe,0x129883fbbf2647002f7deacb824779cb974c9eee7bbb30bf1261998df957b8dc
theo_n,12,451,false,9,13,onchain,500,447,62.029800,1338.269100,1162.938500,1224.968300,6.811700,true,4224,4352,0x098b50423eb1b80e5a7fb520438bb4f17cbf6c9b9e6ebef7938342aa2df694fe,0x0594521bbee73c066f93948e2ff7a51262787f7f3a8f16471f68ddf2a657e869
theo_n,12,452,false,9,13,onchain,500,448,66.214100,1338.269100,1191.970000,1258.184100,6.706100,true,4224,4352,0x098b50423eb1b80e5a7fb520438bb4f17cbf6c9b9e6ebef7938342aa2df694fe,0x13f17dda8cb57596d85fb2110de78808017c61bc82d7b7330c51357cf8ab248e
theo_n,12,453,false,9,13,onchain,500,449,66.296400,1338.269100,1216.433400,1282.729800,7.163700,true,4224,4352,0x098b50423eb1b80e5a7fb520438bb4f17cbf6c9b9e6ebef7938342aa2df694fe,0x12c9ec6c712307c39974e8ea98426582b0f316e90a50231bc1a00186bd92507e
theo_n,12,454,false,9,13,onchain,500,450,64.501500,1338.269100,1169.492600,1233.994100,7.324900,true,4224,4352,0x098b50423eb1b80e5a7fb520438bb4f17cbf6c9b9e6ebef7938342aa2df694fe,0x148354c630b4862274a3c4f9627e46281b10d5ce88bc6a9f22459d0f2e6ba9a8
theo_n,12,455,false,9,13,onchain,500,451,56.579800,1338.269100,1313.748200,1370.328000,7.785700,true,4224,4352,0x098b50423eb1b80e5a7fb520438bb4f17cbf6c9b9e6ebef7938342aa2df694fe,0x20281760db9fef7baf5df36729d8e86b1f03d2bfeeadec7e293627fe630e7d86
theo_n,12,456,false,9,13,onchain,500,452,67.472400,1338.269100,1212.833600,1280.306000,6.970000,true,4224,4352,0x098b50423eb1b80e5a7fb520438bb4f17cbf6c9b9e6ebef7938342aa2df694fe,0x1f5d68be2c50d3e703fb116f57bfc854bce65788b7ade4c79548c288f898484f
theo_n,12,457,false,9,13,onchain,500,453,94.122500,1338.269100,1226.231900,1320.354400,6.877000,true,4224,4352,0x098b50423eb1b80e5a7fb520438bb4f17cbf6c9b9e6ebef7938342aa2df694fe,0x2202cbc3666b0757b2bc1092b87ec06aaa632d9b644694c824a1a9f1402fb796
theo_n,12,458,false,9,13,onchain,500,454,63.169500,1338.269100,1232.839600,1296.009100,6.779500,true,4224,4352,0x098b50423eb1b80e5a7fb520438bb4f17cbf6c9b9e6ebef7938342aa2df694fe,0x27c2dffe7874cdda7cce3b6fb243cb2ca8974f0861a27c2419bf621ed6556606
theo_n,12,459,false,9,13,onchain,500,455,58.626500,1338.269100,1148.169800,1206.796300,6.002600,true,4224,4352,0x098b50423eb1b80e5a7fb520438bb4f17cbf6c9b9e6ebef7938342aa2df694fe,0x12a504725a3c750c382de4b79051869e38d03e6aa42f4505f940340f4885b7c2
theo_n,12,460,false,9,13,onchain,500,456,65.711000,1338.269100,1171.290300,1237.001300,6.372200,true,4224,4352,0x098b50423eb1b80e5a7fb520438bb4f17cbf6c9b9e6ebef7938342aa2df694fe,0x2e78ab53da0c12b723f36c4ae0ce7f5b0621afa5eb0811cd6a96df8698650698
theo_n,12,461,false,9,13,onchain,500,457,64.461400,1338.269100,1196.379000,1260.840400,7.230600,true,4224,4352,0x098b50423eb1b80e5a7fb520438bb4f17cbf6c9b9e6ebef7938342aa2df694fe,0x2fbda956e787d64ca8b6341cc1314e56b201281444c7bf34030a23838bc743ce
theo_n,12,462,false,9,13,onchain,500,458,67.450400,1338.269100,1192.407000,1259.857400,5.850100,true,4224,4352,0x098b50423eb1b80e5a7fb520438bb4f17cbf6c9b9e6ebef7938342aa2df694fe,0x119e6e31b73d1a8836957b9bbf042afcbffe0c2a4f27f87c8be3bdf7f9a74b1f
theo_n,12,463,false,9,13,onchain,500,459,62.940600,1338.269100,1209.344000,1272.284600,6.008800,true,4224,4352,0x098b50423eb1b80e5a7fb520438bb4f17cbf6c9b9e6ebef7938342aa2df694fe,0x121504fcf4f883891e0fc21eb1da196a5cc2f172e30aef5860b68086905e0aec
theo_n,12,464,false,9,13,onchain,500,460,56.783200,1338.269100,1198.964900,1255.748100,6.596400,true,4224,4352,0x098b50423eb1b80e5a7fb520438bb4f17cbf6c9b9e6ebef7938342aa2df694fe,0x1c2d5c6cf07f2dbdd8f604df0337912e297989a309cd33d6dc1239fe147ab4b6
theo_n,12,465,false,9,13,onchain,500,461,53.909600,1338.269100,1200.063700,1253.973300,6.032700,true,4224,4352,0x098b50423eb1b80e5a7fb520438bb4f17cbf6c9b9e6ebef7938342aa2df694fe,0x0704c0ac4a16b2c09e01e830dfc5b10d7c1b093c7c242fa8c85a1d6afc5b0059
theo_n,12,466,false,9,13,onchain,500,462,63.272300,1338.269100,1144.523100,1207.795400,6.886400,true,4224,4352,0x098b50423eb1b80e5a7fb520438bb4f17cbf6c9b9e6ebef7938342aa2df694fe,0x26a19ddc2ed55c40fb8bbb487a5e35e680624c166c65eb1a17b4c49f7b963cf4
theo_n,12,467,false,9,13,onchain,500,463,60.296000,1338.269100,1161.544500,1221.840500,6.725700,true,4224,4352,0x098b50423eb1b80e5a7fb520438bb4f17cbf6c9b9e6ebef7938342aa2df694fe,0x25ef2285374d0d2fb8f352c90602ea21678ab56bfa198771d120d845fd403499
theo_n,12,468,false,9,13,onchain,500,464,68.049000,1338.269100,1165.760100,1233.809100,6.721500,true,4224,4352,0x098b50423eb1b80e5a7fb520438bb4f17cbf6c9b9e6ebef7938342aa2df694fe,0x2deef529266e39c647c7f8aa57f1736e372c78d3a0c62c5890613454a7c5fba8
theo_n,12,469,false,9,13,onchain,500,465,65.622600,1338.269100,1162.575800,1228.198400,6.741400,true,4224,4352,0x098b50423eb1b80e5a7fb520438bb4f17cbf6c9b9e6ebef7938342aa2df694fe,0x17e4d436a99114d9778510c1ad0db88c4c9e6d9ff265191a17aec8c9bdc35b0d
theo_n,12,470,false,9,13,onchain,500,466,63.011800,1338.269100,1188.327400,1251.339200,6.496400,true,4224,4352,0x098b50423eb1b80e5a7fb520438bb4f17cbf6c9b9e6ebef7938342aa2df694fe,0x194895cb66b9d54f2220b208f6d8dfdc02547c4c64f4b73bd9fbf42e3df5bce9
theo_n,12,471,false,9,13,onchain,500,467,61.475300,1338.269100,1176.882200,1238.357500,6.675600,true,4224,4352,0x098b50423eb1b80e5a7fb520438bb4f17cbf6c9b9e6ebef7938342aa2df694fe,0x17b9faa51b28b1bf98a3d3650f88426d3ec0f81fc68691e2978f685c54039bdf
theo_n,12,472,false,9,13,onchain,500,468,59.443100,1338.269100,1170.979000,1230.422100,6.112100,true,4224,4352,0x098b50423eb1b80e5a7fb520438bb4f17cbf6c9b9e6ebef7938342aa2df694fe,0x03557e9b7fef581c5a714eec6689e6db4162f91f8d460ae5dcca16d3b3f9e352
theo_n,12,473,false,9,13,onchain,500,469,63.224500,1338.269100,1158.921000,1222.145500,7.304400,true,4224,4352,0x098b50423eb1b80e5a7fb520438bb4f17cbf6c9b9e6ebef7938342aa2df694fe,0x2c3214b8c0e8434fb6524fb4ff11e4e800a00966657e18a5d88267ae5f781abf
theo_n,12,474,false,9,13,onchain,500,470,60.540000,1338.269100,1157.141900,1217.681900,6.073100,true,4224,4352,0x098b50423eb1b80e5a7fb520438bb4f17cbf6c9b9e6ebef7938342aa2df694fe,0x0642a894943cd70151604e637ce6b256aef63733dc5c514325eabd85b7873425
theo_n,12,475,false,9,13,onchain,500,471,67.880600,1338.269100,1137.188500,1205.069100,5.433000,true,4224,4352,0x098b50423eb1b80e5a7fb520438bb4f17cbf6c9b9e6ebef7938342aa2df694fe,0x18552a6e21eecc017d45a61ec84e6f6dafafd85e5f3a8a1b69f6d52891467353
theo_n,12,476,false,9,13,onchain,500,472,61.034900,1338.269100,1235.196700,1296.231600,7.133800,true,4224,4352,0x098b50423eb1b80e5a7fb520438bb4f17cbf6c9b9e6ebef7938342aa2df694fe,0x09d6031cbe83e6b6daf712c57cef8f8a00092aaa20ee245268c6261746fb3e6d
theo_n,12,477,false,9,13,onchain,500,473,73.403500,1338.269100,1274.598800,1348.002300,7.875700,true,4224,4352,0x098b50423eb1b80e5a7fb520438bb4f17cbf6c9b9e6ebef7938342aa2df694fe,0x1d2e7002b581918e7f17fd4c88eaa1e2816dd4fceb92b04c7f1dee4714df076c
theo_n,12,478,false,9,13,onchain,500,474,82.297300,1338.269100,1395.505200,1477.802500,7.556900,true,4224,4352,0x098b50423eb1b80e5a7fb520438bb4f17cbf6c9b9e6ebef7938342aa2df694fe,0x106c70cbd048ff8d859a8c2a2ac67e23ea74f80b5e9723d541592f72a9be6164
theo_n,12,479,false,9,13,onchain,500,475,70.801000,1338.269100,1184.988800,1255.789800,6.043100,true,4224,4352,0x098b50423eb1b80e5a7fb520438bb4f17cbf6c9b9e6ebef7938342aa2df694fe,0x18f841147423b43a4e24f734b60a18649d2e49861e1471f1293b599ddadb5b4f
theo_n,12,480,false,9,13,onchain,500,476,65.342200,1338.269100,1199.144900,1264.487100,6.026200,true,4224,4352,0x098b50423eb1b80e5a7fb520438bb4f17cbf6c9b9e6ebef7938342aa2df694fe,0x181f47596bdada82053dbd519feadb3e1decced847c3ebee5da8062170b7a1fd
theo_n,12,481,false,9,13,onchain,500,477,62.682900,1338.269100,1329.740800,1392.423700,6.613500,true,4224,4352,0x098b50423eb1b80e5a7fb520438bb4f17cbf6c9b9e6ebef7938342aa2df694fe,0x19d72b93da5f25751ed0e6f5181858631c5863ceb85e9b062ae3f523c50c3823
theo_n,12,482,false,9,13,onchain,500,478,80.586000,1338.269100,1353.575500,1434.161500,7.470400,true,4224,4352,0x098b50423eb1b80e5a7fb520438bb4f17cbf6c9b9e6ebef7938342aa2df694fe,0x08b9371a31a7f0b2166783304eb3dda67b5455dab4f641d34af9e809ae17f981
theo_n,12,483,false,9,13,onchain,500,479,74.723500,1338.269100,1235.098300,1309.821800,5.949400,true,4224,4352,0x098b50423eb1b80e5a7fb520438bb4f17cbf6c9b9e6ebef7938342aa2df694fe,0x10acd05e15df221672ec5e25ee7ec5383df40f6a96e4be200f349008ee830ed2
theo_n,12,484,false,9,13,onchain,500,480,60.220400,1338.269100,1189.949400,1250.169800,7.681800,true,4224,4352,0x098b50423eb1b80e5a7fb520438bb4f17cbf6c9b9e6ebef7938342aa2df694fe,0x3012161f3b161556cf3aa88c4d04f0e9cec22c97b7b8e848d5c7178f3e9b74fd
theo_n,12,485,false,9,13,onchain,500,481,67.564300,1338.269100,1203.125600,1270.689900,6.193600,true,4224,4352,0x098b50423eb1b80e5a7fb520438bb4f17cbf6c9b9e6ebef7938342aa2df694fe,0x21472178fbf204e629d62a47c15eef10a81ccebaf9f644bd9e4e46c54d340a59
theo_n,12,486,false,9,13,onchain,500,482,61.273400,1338.269100,1184.791400,1246.064800,7.405900,true,4224,4352,0x098b50423eb1b80e5a7fb520438bb4f17cbf6c9b9e6ebef7938342aa2df694fe,0x1cc81977f75add8f0fa8ffdf8e8d9dd6dc1ad4006181c677d57a5e41157e77c1
theo_n,12,487,false,9,13,onchain,500,483,59.091900,1338.269100,1193.574200,1252.666100,7.275700,true,4224,4352,0x098b50423eb1b80e5a7fb520438bb4f17cbf6c9b9e6ebef7938342aa2df694fe,0x133f3b027ddf242d1e004142a313c84f951891b964cda34421c8e2199d1420c0
theo_n,12,488,false,9,13,onchain,500,484,67.113900,1338.269100,1176.973000,1244.086900,6.352600,true,4224,4352,0x098b50423eb1b80e5a7fb520438bb4f17cbf6c9b9e6ebef7938342aa2df694fe,0x03c9185fd1372f0e37b4bf9a3f3dd2063edca06487f626d6d85fd838ad3008ca
theo_n,12,489,false,9,13,onchain,500,485,64.045100,1338.269100,1156.653200,1220.698300,6.981600,true,4224,4352,0x098b50423eb1b80e5a7fb520438bb4f17cbf6c9b9e6ebef7938342aa2df694fe,0x25e0e7e38fef95e132acd28d6c482e384298692bcd6d0473d4a5e7270f432fb0
theo_n,12,490,false,9,13,onchain,500,486,69.193200,1338.269100,1138.490400,1207.683600,6.755200,true,4224,4352,0x098b50423eb1b80e5a7fb520438bb4f17cbf6c9b9e6ebef7938342aa2df694fe,0x227d5c1302a98c79262e6fe667330fa86813e3133cf5286aa5d1aa56b4d297e4
theo_n,12,491,false,9,13,onchain,500,487,40.972200,1338.269100,1159.552800,1200.525000,6.180700,true,4224,4352,0x098b50423eb1b80e5a7fb520438bb4f17cbf6c9b9e6ebef7938342aa2df694fe,0x1c00aecebc0b69341373f2e0bb29a3c24aac853fd64da87b62c5b316aeca1219
theo_n,12,492,false,9,13,onchain,500,488,68.997400,1338.269100,1176.221200,1245.218600,6.970300,true,4224,4352,0x098b50423eb1b80e5a7fb520438bb4f17cbf6c9b9e6ebef7938342aa2df694fe,0x084e8cd0f0efa2d0483d3d7c58e49fc749ef77ebb1737fe33318558c56cf3427
theo_n,12,493,false,9,13,onchain,500,489,55.587500,1338.269100,1180.385100,1235.972600,6.858300,true,4224,4352,0x098b50423eb1b80e5a7fb520438bb4f17cbf6c9b9e6ebef7938342aa2df694fe,0x0a043a7874d62ba138be2dc0842dd24ce6d289652d427bfd6f79e7c48c37b4f7
theo_n,12,494,false,9,13,onchain,500,490,66.112700,1338.269100,1179.072900,1245.185600,5.822900,true,4224,4352,0x098b50423eb1b80e5a7fb520438bb4f17cbf6c9b9e6ebef7938342aa2df694fe,0x1a89f23a47b3613d76999e01716fb21161a281ba453f95be5b6ec1a4cd2760ff
theo_n,12,495,false,9,13,onchain,500,491,61.404300,1338.269100,1174.690900,1236.095200,8.502900,true,4224,4352,0x098b50423eb1b80e5a7fb520438bb4f17cbf6c9b9e6ebef7938342aa2df694fe,0x300e9a493810956b752cdc311daa8c6888ed4496181d73e24231623198cff11e
theo_n,12,496,false,9,13,onchain,500,492,69.635600,1338.269100,1178.780000,1248.415600,6.337600,true,4224,4352,0x098b50423eb1b80e5a7fb520438bb4f17cbf6c9b9e6ebef7938342aa2df694fe,0x2e66af613bd0b308ea76ce8156c11daa75c95d3f8e0ca9d7b293c31c96014b21
theo_n,12,497,false,9,13,onchain,500,493,69.784100,1338.269100,1165.387400,1235.171500,6.403200,true,4224,4352,0x098b50423eb1b80e5a7fb520438bb4f17cbf6c9b9e6ebef7938342aa2df694fe,0x02dc77fb04fd69f7fab1957d3aba82ed08d25eac854c3dde2a9cade544679e2b
theo_n,12,498,false,9,13,onchain,500,494,62.533600,1338.269100,1172.239900,1234.773500,6.819200,true,4224,4352,0x098b50423eb1b80e5a7fb520438bb4f17cbf6c9b9e6ebef7938342aa2df694fe,0x228653279e7e7b00992306c5edc1435c1091f5e23990f9d8e3779fd1aa32a8de
theo_n,12,499,false,9,13,onchain,500,495,66.700500,1338.269100,1181.598900,1248.299400,6.733600,true,4224,4352,0x098b50423eb1b80e5a7fb520438bb4f17cbf6c9b9e6ebef7938342aa2df694fe,0x230a0a415e1e60f6e218a20cd575f16422d11c814813bb0c4546415a14659006
theo_n,12,500,false,9,13,onchain,500,496,58.334400,1338.269100,1163.773000,1222.107400,6.300000,true,4224,4352,0x098b50423eb1b80e5a7fb520438bb4f17cbf6c9b9e6ebef7938342aa2df694fe,0x0975721ab977e0a4a2d19fc776c1a4212a6d048f5a988aa06d9d108845b40913
theo_n,12,501,false,9,13,onchain,500,497,63.200200,1338.269100,1158.034700,1221.234900,7.479700,true,4224,4352,0x098b50423eb1b80e5a7fb520438bb4f17cbf6c9b9e6ebef7938342aa2df694fe,0x1277fe6d922e86999f40ca4cb0a82e4bbb03db29f014e42a63da54bd386146f0
theo_n,12,502,false,9,13,onchain,500,498,64.259400,1338.269100,1173.290400,1237.549800,5.417400,true,4224,4352,0x098b50423eb1b80e5a7fb520438bb4f17cbf6c9b9e6ebef7938342aa2df694fe,0x0113f1fb5a35006448b95b51265b86f399805050c99ce68c7e92a1106394a4ee
theo_n,12,503,false,9,13,onchain,500,499,60.454600,1338.269100,1193.457200,1253.911800,5.439600,true,4224,4352,0x098b50423eb1b80e5a7fb520438bb4f17cbf6c9b9e6ebef7938342aa2df694fe,0x0c0e1ce676ffd8704c6db547c1f554636c17d9d3da8dfce0b63543dfae4b1d6c
