thi_nghiem,run_id,iteration,warmup,d,k,mechanism,n,student_index,deploy_pool_gas,deploy_verifier_gas,update_root_gas,verify_gas,verify_onchain_ms,withdraw_gas,withdraw_ms,verify_record_gas,verify_record_ms,settle_gas,settle_ms,root,nullifier
theo_n,14,1,true,9,13,onchain,500,0,1979758,4554511,459000,532286,565.804500,582675,595.616300,615667,528.994900,69626,18.670300,0x098b50423eb1b80e5a7fb520438bb4f17cbf6c9b9e6ebef7938342aa2df694fe,0x0908cbf85e088d680fbd39fdb24b3cc3dd4a43f6c03cd816e06f24aad0ed40c9
theo_n,14,2,true,9,13,onchain,500,1,1979758,4554511,459000,532202,525.013700,582579,555.778100,615571,576.139200,69626,17.400000,0x098b50423eb1b80e5a7fb520438bb4f17cbf6c9b9e6ebef7938342aa2df694fe,0x067e06c893d9a0e4d6fd53a0046674c8f20bf84f7b70811bf473ffa211d8c6bd
theo_n,14,3,true,9,13,onchain,500,2,1979758,4554511,459000,532322,543.375600,582711,562.482300,615703,557.350000,69626,22.859500,0x098b50423eb1b80e5a7fb520438bb4f17cbf6c9b9e6ebef7938342aa2df694fe,0x0b8fe57083cdcc700c57fbcf6933cb725896572c6ab544b6f4d8e1c6ab38f07b
theo_n,14,4,false,9,13,onchain,500,0,1979758,4554511,459000,532286,540.940900,582675,561.060700,615667,571.551400,69626,20.726500,0x098b50423eb1b80e5a7fb520438bb4f17cbf6c9b9e6ebef7938342aa2df694fe,0x0908cbf85e088d680fbd39fdb24b3cc3dd4a43f6c03cd816e06f24aad0ed40c9
theo_n,14,5,false,9,13,onchain,500,1,1979758,4554511,459000,532202,558.019700,582579,548.043300,615571,581.957200,69626,17.664900,0x098b50423eb1b80e5a7fb520438bb4f17cbf6c9b9e6ebef7938342aa2df694fe,0x067e06c893d9a0e4d6fd53a0046674c8f20bf84f7b70811bf473ffa211d8c6bd
theo_n,14,6,false,9,13,onchain,500,2,1979758,4554511,459000,532322,522.305600,582711,597.030300,615703,597.101100,69626,29.296200,0x098b50423eb1b80e5a7fb520438bb4f17cbf6c9b9e6ebef7938342aa2df694fe,0x0b8fe57083cdcc700c57fbcf6933cb725896572c6ab544b6f4d8e1c6ab38f07b
theo_n,14,7,false,9,13,onchain,500,3,1979758,4554511,459000,532346,540.065200,582735,566.739900,615727,565.732700,69626,24.067000,0x098b50423eb1b80e5a7fb520438bb4f17cbf6c9b9e6ebef7938342aa2df694fe,0x107c70d191e489c806456c18cf98e286488b248a7e2ac57b6576b30dfade8db2
theo_n,14,8,false,9,13,onchain,500,4,1979758,4554511,459000,532310,540.594300,582699,619.308700,615691,620.584300,69626,21.764500,0x098b50423eb1b80e5a7fb520438bb4f17cbf6c9b9e6ebef7938342aa2df694fe,0x0a311bfe27c095e9b61eb94f9bfdc9d5e247dfd2f96271cff3d32612a2e7339a
theo_n,14,9,false,9,13,onchain,500,5,1979758,4554511,459000,532214,557.560600,582603,595.116500,615595,650.875700,69626,19.701300,0x098b50423eb1b80e5a7fb520438bb4f17cbf6c9b9e6ebef7938342aa2df694fe,0x18b6e24c33265e51a6ebce655f0c7d8cc56a336e228450d97e77a9ef874404bc
theo_n,14,10,false,9,13,onchain,500,6,1979758,4554511,459000,532286,558.398400,582675,688.184600,615667,773.171300,69626,21.636100,0x098b50423eb1b80e5a7fb520438bb4f17cbf6c9b9e6ebef7938342aa2df694fe,0x178454ab459643088f4034d21806282a31eacc6d694df8a91a76f6cadc1e4e05
theo_n,14,11,false,9,13,onchain,500,7,1979758,4554511,459000,532310,616.537500,582699,668.417200,615691,631.812000,69626,44.491300,0x098b50423eb1b80e5a7fb520438bb4f17cbf6c9b9e6ebef7938342aa2df694fe,0x156330b35df029b9ac8c5cf74cf1978f087f063d91916404df8a0984916950ac
theo_n,14,12,false,9,13,onchain,500,8,1979758,4554511,459000,532286,589.427300,582663,729.003400,615655,739.247300,69614,22.979500,0x098b50423eb1b80e5a7fb520438bb4f17cbf6c9b9e6ebef7938342aa2df694fe,0x15bf766aa145bc49955f4b440b0070cdb1823fdb1a4942a856ae7a53dd251a8a
theo_n,14,13,false,9,13,onchain,500,9,1979758,4554511,459000,532274,637.564900,582651,655.740300,615643,727.833200,69626,26.559100,0x098b50423eb1b80e5a7fb520438bb4f17cbf6c9b9e6ebef7938342aa2df694fe,0x145e23340ae3a5c2a8a430e0bd8150939cf9d3336c5a111f39801cc2a9171cea
theo_n,14,14,false,9,13,onchain,500,10,1979758,4554511,459000,532202,642.712400,582591,711.480800,615583,681.140900,69626,17.020000,0x098b50423eb1b80e5a7fb520438bb4f17cbf6c9b9e6ebef7938342aa2df694fe,0x19d8b479a4eb2ed56fc544f5f258c142afbc9733ce11579245b90f6471cc5aa2
theo_n,14,15,false,9,13,onchain,500,11,1979758,4554511,459000,532298,618.963900,582687,681.100600,615679,708.263100,69626,18.631400,0x098b50423eb1b80e5a7fb520438bb4f17cbf6c9b9e6ebef7938342aa2df694fe,0x17115cce247ab17833ce4f971544dcf98cba44f30ac3caa2b60573600696808c
theo_n,14,16,false,9,13,onchain,500,12,1979758,4554511,459000,532274,616.394800,582663,640.811100,615655,515.413500,69626,20.896600,0x098b50423eb1b80e5a7fb520438bb4f17cbf6c9b9e6ebef7938342aa2df694fe,0x12f7111f7f65e737c4608f3f8cffc3dea6a29e14af7ddcba52cac254304ecd23
theo_n,14,17,false,9,13,onchain,500,13,1979758,4554511,459000,532250,534.134700,582639,613.813400,615631,592.284200,69626,17.991600,0x098b50423eb1b80e5a7fb520438bb4f17cbf6c9b9e6ebef7938342aa2df694fe,0x146554373ef67f5de307538cfcb7e62015f4c7d7791f0be35f5897031ab12a59
theo_n,14,18,false,9,13,onchain,500,14,1979758,4554511,459000,532334,528.728300,582723,546.484200,615715,542.324300,69626,16.729000,0x098b50423eb1b80e5a7fb520438bb4f17cbf6c9b9e6ebef7938342aa2df694fe,0x298177b133ab3f68a2e47c6d74787973892a7540de8dcd16ae80701b4d1a19b5
theo_n,14,19,false,9,13,onchain,500,15,1979758,4554511,459000,532286,525.511700,582675,546.306100,615667,549.890700,69626,16.726100,0x098b50423eb1b80e5a7fb520438bb4f17cbf6c9b9e6ebef7938342aa2df694fe,0x290f20350f10923907c139526a8eeb150f99e2573a16d6916fe0f769c993f49a
theo_n,14,20,false,9,13,onchain,500,16,1979758,4554511,459000,532346,567.377700,582735,567.980900,615727,539.459800,69626,53.660600,0x098b50423eb1b80e5a7fb520438bb4f17cbf6c9b9e6ebef7938342aa2df694fe,0x171e66512384a041ca6a5f708a5b4fdda9cf24ab176412c6f6900afc3c6dedb8
theo_n,14,21,false,9,13,onchain,500,17,1979758,4554511,459000,532238,606.801600,582627,575.827800,615619,534.294000,69626,17.326300,0x098b50423eb1b80e5a7fb520438bb4f17cbf6c9b9e6ebef7938342aa2df694fe,0x1be2fe80e5029582e3f6e62f4cb2a84d401feee79f16b335d0bc369a395a0853
theo_n,14,22,false,9,13,onchain,500,18,1979758,4554511,459000,532238,594.175700,582627,569.564500,615619,567.937100,69626,16.329400,0x098b50423eb1b80e5a7fb520438bb4f17cbf6c9b9e6ebef7938342aa2df694fe,0x0bb978d615ff4f194a9934af270a428732e8174c4311c8beb31d4e0bbabbc0bc
theo_n,14,23,false,9,13,onchain,500,19,1979758,4554511,459000,532250,556.267600,582639,790.576200,615631,1149.695500,69626,36.956800,0x098b50423eb1b80e5a7fb520438bb4f17cbf6c9b9e6ebef7938342aa2df694fe,0x04726770464b2bff8da321b67038b812b34fa5fa5cdf99f1314cba8589a165bc
theo_n,14,24,false,9,13,onchain,500,20,1979758,4554511,459000,532286,611.901800,582675,571.991200,615667,548.593000,69626,20.360300,0x098b50423eb1b80e5a7fb520438bb4f17cbf6c9b9e6ebef7938342aa2df694fe,0x03d6f9ca63a41aff3fb9a8fc838ab1ed3ceedc7c249c5dc4c19d5955e351be13
theo_n,14,25,false,9,13,onchain,500,21,1979758,4554511,459000,532298,534.146400,582687,605.827500,615679,602.773400,69626,22.115000,0x098b50423eb1b80e5a7fb520438bb4f17cbf6c9b9e6ebef7938342aa2df694fe,0x1686fa19ed842d8106f86663fe6e6888a8bfb3e985dcfd2bb1db169ffcda5da5
theo_n,14,26,false,9,13,onchain,500,22,1979758,4554511,459000,532262,557.470900,582651,636.027000,615643,570.019200,69626,16.414300,0x098b50423eb1b80e5a7fb520438bb4f17cbf6c9b9e6ebef7938342aa2df694fe,0x23e82ec09d717b107d77dc26eb5dc265ea1fc45985e29b8cc3cb17430ff24a0c
theo_n,14,27,false,9,13,onchain,500,23,1979758,4554511,459000,532142,736.244100,582531,713.932200,615523,597.982100,69626,17.900400,0x098b50423eb1b80e5a7fb520438bb4f17cbf6c9b9e6ebef7938342aa2df694fe,0x10b3bd195947d421c2d2b26290f8c337fd0828e5148886d256cae19c30dd3457
theo_n,14,28,false,9,13,onchain,500,24,1979758,4554511,459000,532214,571.007500,582591,485.152000,615583,510.398600,69626,16.631600,0x098b50423eb1b80e5a7fb520438bb4f17cbf6c9b9e6ebef7938342aa2df694fe,0x2a99ad2dc4636645cb03a3f8cddbcf89d41b4a9e486facca27dfee54675abb9c
theo_n,14,29,false,9,13,onchain,500,25,1979758,4554511,459000,532214,475.852500,582591,555.515400,615583,503.159300,69614,19.665500,0x098b50423eb1b80e5a7fb520438bb4f17cbf6c9b9e6ebef7938342aa2df694fe,0x1cd40d323ccd0838cfec775d1003317bf356cafeaba2b700c3af3c61def30fca
theo_n,14,30,false,9,13,onchain,500,26,1979758,4554511,459000,532322,494.345500,582711,482.062900,615703,480.223600,69626,20.604500,0x098b50423eb1b80e5a7fb520438bb4f17cbf6c9b9e6ebef7938342aa2df694fe,0x2eb42444691d4d15abfb91e44bb63be709bec40b9e54f4360f24d4480534af10
theo_n,14,31,false,9,13,onchain,500,27,1979758,4554511,459000,532286,469.693400,582675,509.262900,615667,489.696600,69626,17.479500,0x098b50423eb1b80e5a7fb520438bb4f17cbf6c9b9e6ebef7938342aa2df694fe,0x2c174593cceb5f490ba8f6ba09cd052e5c25a821a271f28bc1a25fe480d609d8
theo_n,14,32,false,9,13,onchain,500,28,1979758,4554511,459000,532298,477.841000,582687,531.881800,615679,482.866700,69626,16.871100,0x098b50423eb1b80e5a7fb520438bb4f17cbf6c9b9e6ebef7938342aa2df694fe,0x23665977a843f888d72d4f179e9f9d837be558853b6806d1436951fa322c1221
theo_n,14,33,false,9,13,onchain,500,29,1979758,4554511,459000,532262,479.018000,582651,483.498200,615643,481.083000,69626,16.403200,0x098b50423eb1b80e5a7fb520438bb4f17cbf6c9b9e6ebef7938342aa2df694fe,0x1784bc5a44d0a6e7b87bdd0fd4e563361f98a6aa39b7964e0907b239a38b84e7
theo_n,14,34,false,9,13,onchain,500,30,1979758,4554511,459000,532178,484.163100,582567,500.110200,615559,488.280400,69626,16.922400,0x098b50423eb1b80e5a7fb520438bb4f17cbf6c9b9e6ebef7938342aa2df694fe,0x202c4e9e6402e7f390a4ab85d1370541fe76c37421ce3a51ac5805c4b24b6da9
theo_n,14,35,false,9,13,onchain,500,31,1979758,4554511,459000,532298,463.118300,582687,477.613400,615679,482.302700,69626,16.335000,0x098b50423eb1b80e5a7fb520438bb4f17cbf6c9b9e6ebef7938342aa2df694fe,0x26ac62095e0835f5045ef0c786313c5c49c66bfa9a9c59a9176a5e55ca7e0d2f
theo_n,14,36,false,9,13,onchain,500,32,1979758,4554511,459000,532226,469.494900,582615,500.402400,615607,493.610300,69626,16.726000,0x098b50423eb1b80e5a7fb520438bb4f17cbf6c9b9e6ebef7938342aa2df694fe,0x0999d39078de7333e04118695737bc5efd57941984dd9136fc1c1b2063a26adc
theo_n,14,37,false,9,13,onchain,500,33,1979758,4554511,459000,532250,463.171000,582639,511.928500,615631,481.628600,69626,17.732100,0x098b50423eb1b80e5a7fb520438bb4f17cbf6c9b9e6ebef7938342aa2df694fe,0x21595eb5cbf9542bc3565fb23a44f93e50797512cb2156aa0f1bf0cccd52959e
theo_n,14,38,false,9,13,onchain,500,34,1979758,4554511,459000,532334,485.820800,582711,524.549500,615703,503.858200,69614,57.011300,0x098b50423eb1b80e5a7fb520438bb4f17cbf6c9b9e6ebef7938342aa2df694fe,0x25c79e1b2c8e7e076990cd6c719d9fad9068d6cd9b911cb567af007fd9ae9012
theo_n,14,39,false,9,13,onchain,500,35,1979758,4554511,459000,532322,498.865500,582711,501.424700,615703,533.290500,69626,16.763900,0x098b50423eb1b80e5a7fb520438bb4f17cbf6c9b9e6ebef7938342aa2df694fe,0x12b71401342adb56754a25ca9b90161c500f6d1db94481a55ff459a7aebc3185
theo_n,14,40,false,9,13,onchain,500,36,1979758,4554511,459000,532238,471.651400,582627,500.694800,615619,479.107800,69626,19.029700,0x098b50423eb1b80e5a7fb520438bb4f17cbf6c9b9e6ebef7938342aa2df694fe,0x1bf1c17e9fed35f18ad1a97d36860e5c49872e06811178e1de9764c9d878dc29
theo_n,14,41,false,9,13,onchain,500,37,1979758,4554511,459000,532226,484.722000,582615,499.071600,615607,488.613000,69626,17.431900,0x098b50423eb1b80e5a7fb520438bb4f17cbf6c9b9e6ebef7938342aa2df694fe,0x2b638435867637f2946659187916cd17968a726d781e30c6e61925210b314d02
theo_n,14,42,false,9,13,onchain,500,38,1979758,4554511,459000,532334,472.506100,582711,499.063800,615703,499.326900,69614,17.059200,0x098b50423eb1b80e5a7fb520438bb4f17cbf6c9b9e6ebef7938342aa2df694fe,0x2bdbfab8d0294126af14982e1000d41a61e11326b0ce247a7116adeeea7985cd
theo_n,14,43,false,9,13,onchain,500,39,1979758,4554511,459000,532382,463.151500,582771,556.299900,615763,497.390600,69626,17.226900,0x098b50423eb1b80e5a7fb520438bb4f17cbf6c9b9e6ebef7938342aa2df694fe,0x0aa7bf1d39d93e1954ce66d9858d1198e0ad921a4df6c1181b1ce905784fe958
theo_n,14,44,false,9,13,onchain,500,40,1979758,4554511,459000,532262,501.258800,582651,489.259800,615643,498.214900,69626,16.681200,0x098b50423eb1b80e5a7fb520438bb4f17cbf6c9b9e6ebef7938342aa2df694fe,0x10de1e3d29876f4850189c984ae73d9c11ce68b86aadc32cf461c98d54d62d23
theo_n,14,45,false,9,13,onchain,500,41,1979758,4554511,459000,532250,471.021700,582627,517.945100,615619,482.285700,69614,18.769600,0x098b50423eb1b80e5a7fb520438bb4f17cbf6c9b9e6ebef7938342aa2df694fe,0x1edba77fec60aecefcfe1abd4e72068fd9fb6184a89b43f5c3dc9a00069d74e2
theo_n,14,46,false,9,13,onchain,500,42,1979758,4554511,459000,532274,496.166000,582663,504.145600,615655,496.182600,69626,19.937300,0x098b50423eb1b80e5a7fb520438bb4f17cbf6c9b9e6ebef7938342aa2df694fe,0x15c8ab0ca8377161a0b8ea56ed9e3ae382863e927a1324317f9fa192d6188e2e
theo_n,14,47,false,9,13,onchain,500,43,1979758,4554511,459000,532334,497.326900,582723,506.137600,615715,508.644600,69626,16.541300,0x098b50423eb1b80e5a7fb520438bb4f17cbf6c9b9e6ebef7938342aa2df694fe,0x13eb1c80471a2c64b0c27128ce601b8439e0852909edea7c2fa01c5a8b0cd2a8
theo_n,14,48,false,9,13,onchain,500,44,1979758,4554511,459000,532298,487.582300,582687,536.448100,615679,518.998100,69626,22.351900,0x098b50423eb1b80e5a7fb520438bb4f17cbf6c9b9e6ebef7938342aa2df694fe,0x0231eb71e8795c4c4a35fb9db7f9d3c70fcb8e6537017b7c23770e27edb17c26
theo_n,14,49,false,9,13,onchain,500,45,1979758,4554511,459000,532274,497.264100,582663,510.817300,615655,513.258300,69626,15.698600,0x098b50423eb1b80e5a7fb520438bb4f17cbf6c9b9e6ebef7938342aa2df694fe,0x14bfb435acb7a5d37e0d29a9b6051229ed7acd9fdfc1de220c0337ce6f0f4ed8
theo_n,14,50,false,9,13,onchain,500,46,1979758,4554511,459000,532178,496.563200,582567,554.195200,615559,542.701100,69626,15.936200,0x098b50423eb1b80e5a7fb520438bb4f17cbf6c9b9e6ebef7938342aa2df694fe,0x0d91e737b2843fdf5a8d1394de46dfa3fe679927773f55ff934b561adb0b7fff
theo_n,14,51,false,9,13,onchain,500,47,1979758,4554511,459000,532202,538.965100,582579,524.343500,615571,524.632000,69626,15.286400,0x098b50423eb1b80e5a7fb520438bb4f17cbf6c9b9e6ebef7938342aa2df694fe,0x26954244b4ec45232f6c53427aaae47d6f1e18e481e8b23526e02555df48c1df
theo_n,14,52,false,9,13,onchain,500,48,1979758,4554511,459000,532358,508.416000,582747,518.122700,615739,525.689700,69626,15.802000,0x098b50423eb1b80e5a7fb520438bb4f17cbf6c9b9e6ebef7938342aa2df694fe,0x239708d53c07d61009f55c15e879487da0622eab4cc30d66f7bca4dbc4bfe44d
theo_n,14,53,false,9,13,onchain,500,49,1979758,4554511,459000,532310,509.265300,582699,532.834600,615691,573.803400,69626,18.422200,0x098b50423eb1b80e5a7fb520438bb4f17cbf6c9b9e6ebef7938342aa2df694fe,0x163233172054b52f81b9f891e2f9d5105c71e0adba76e509daa09013f949b0aa
theo_n,14,54,false,9,13,onchain,500,50,1979758,4554511,459000,532190,504.504700,582579,543.500600,615571,522.377100,69626,20.846900,0x098b50423eb1b80e5a7fb520438bb4f17cbf6c9b9e6ebef7938342aa2df694fe,0x29f882fd660b6a26a77c96e53e736aaae7aec2dcd44d93124440e2b9b84b4a38
theo_n,14,55,false,9,13,onchain,500,51,1979758,4554511,459000,532298,504.597400,582687,529.764900,615679,529.202900,69626,15.906700,0x098b50423eb1b80e5a7fb520438bb4f17cbf6c9b9e6ebef7938342aa2df694fe,0x27e66d84b49036dd0865b9da04321eba233102d93a56847b997b2096cfc0e219
theo_n,14,56,false,9,13,onchain,500,52,1979758,4554511,459000,532298,512.088300,582687,553.153500,615679,557.423500,69626,15.810000,0x098b50423eb1b80e5a7fb520438bb4f17cbf6c9b9e6ebef7938342aa2df694fe,0x041c6acccd0de4874fa535b4423d4a3ab728697b23310712e0d2d3f10927164d
theo_n,14,57,false,9,13,onchain,500,53,1979758,4554511,459000,532346,519.796200,582735,540.348200,615727,529.914400,69626,16.160000,0x098b50423eb1b80e5a7fb520438bb4f17cbf6c9b9e6ebef7938342aa2df694fe,0x1d11e9b323790b3c05df4d5364a35721616441c63f76b36a5b739e880f8fc03c
theo_n,14,58,false,9,13,onchain,500,54,1979758,4554511,459000,532334,526.830700,582723,548.982900,615715,577.611100,69626,16.310000,0x098b50423eb1b80e5a7fb520438bb4f17cbf6c9b9e6ebef7938342aa2df694fe,0x19ed930667ae813189bbaa0641e03f632bed382b9631862cf170dc2cfb08f703
theo_n,14,59,false,9,13,onchain,500,55,1979758,4554511,459000,532274,529.763700,582663,569.553600,615655,537.817300,69626,17.360000,0x098b50423eb1b80e5a7fb520438bb4f17cbf6c9b9e6ebef7938342aa2df694fe,0x286f63b2d20d219a578976c21ed9f8396a9370eb76c1692333fb49e9ffe5eddd
theo_n,14,60,false,9,13,onchain,500,56,1979758,4554511,459000,532442,525.676000,582831,559.600600,615823,554.310800,69626,16.165500,0x098b50423eb1b80e5a7fb520438bb4f17cbf6c9b9e6ebef7938342aa2df694fe,0x1f99a065f3bb98ea5433e6d81e6e27387fc8c025edc841fddcff3cbf77e66024
theo_n,14,61,false,9,13,onchain,500,57,1979758,4554511,459000,532274,526.793100,582663,545.844400,615655,543.137000,69626,18.235600,0x098b50423eb1b80e5a7fb520438bb4f17cbf6c9b9e6ebef7938342aa2df694fe,0x1feb6f0f68700be050d5e26dfd63e880937685b79efab2b075ec055912a4f5ae
theo_n,14,62,false,9,13,onchain,500,58,1979758,4554511,459000,532334,524.851100,582723,605.421800,615715,541.738600,69626,20.254200,0x098b50423eb1b80e5a7fb520438bb4f17cbf6c9b9e6ebef7938342aa2df694fe,0x0e6c34dbfd1473a1ae9710c16b88cac448410f09637490e3123197c34790a183
theo_n,14,63,false,9,13,onchain,500,59,1979758,4554511,459000,532334,556.067200,582723,541.566300,615715,541.498700,69626,16.117200,0x098b50423eb1b80e5a7fb520438bb4f17cbf6c9b9e6ebef7938342aa2df694fe,0x0bb2842f8a6e91c04573162fc7601b567d7df6749d60979ba332d7b78c328f8d
theo_n,14,64,false,9,13,onchain,500,60,1979758,4554511,459000,532370,519.884700,582759,539.482500,615751,532.735600,69626,16.293900,0x098b50423eb1b80e5a7fb520438bb4f17cbf6c9b9e6ebef7938342aa2df694fe,0x0a7220125db4c9fae9b66dda6e019f9ebbe630298376fe4b51a071b6eb9ddbcf
theo_n,14,65,false,9,13,onchain,500,61,1979758,4554511,459000,532190,521.479500,582579,546.047400,615571,543.582400,69626,16.126600,0x098b50423eb1b80e5a7fb520438bb4f17cbf6c9b9e6ebef7938342aa2df694fe,0x1abe534db0df466d693bdbb58e2e3330a7c9ce60678dcecd580bfa34a5604850
theo_n,14,66,false,9,13,onchain,500,62,1979758,4554511,459000,532250,531.382900,582639,548.691500,615631,540.293700,69626,15.775600,0x098b50423eb1b80e5a7fb520438bb4f17cbf6c9b9e6ebef7938342aa2df694fe,0x12cd93c7fe1e9691bc34c1a151550f01178da157b91296de0279ba930f04a680
theo_n,14,67,false,9,13,onchain,500,63,1979758,4554511,459000,532358,530.788900,582735,547.883400,615727,546.386100,69626,16.501800,0x098b50423eb1b80e5a7fb520438bb4f17cbf6c9b9e6ebef7938342aa2df694fe,0x1efdb02da48822560ee87f9d18dd45890f200b5829646129246afe143791a5ee
theo_n,14,68,false,9,13,onchain,500,64,1979758,4554511,459000,532262,520.957700,582651,551.984200,615643,609.178500,69626,15.590300,0x098b50423eb1b80e5a7fb520438bb4f17cbf6c9b9e6ebef7938342aa2df694fe,0x18bcb575879217dd771bf3fd110accc154f81eb964db696503ddc5cc982414f3
theo_n,14,69,false,9,13,onchain,500,65,1979758,4554511,459000,532322,523.419300,582711,552.445400,615703,565.512800,69626,18.614900,0x098b50423eb1b80e5a7fb520438bb4f17cbf6c9b9e6ebef7938342aa2df694fe,0x2e969f3908c8262e7c1ef3c63699dc0ca68c5ea634b5f0732921ce9452c32843
theo_n,14,70,false,9,13,onchain,500,66,1979758,4554511,459000,532262,522.420100,582639,543.740000,615631,545.009500,69614,19.524500,0x098b50423eb1b80e5a7fb520438bb4f17cbf6c9b9e6ebef7938342aa2df694fe,0x0088ab77acbdc069cfc9f633fed7cecb143790696b76586df6ef40df2b60952c
theo_n,14,71,false,9,13,onchain,500,67,1979758,4554511,459000,532238,576.550300,582627,557.053400,615619,538.993700,69626,15.964800,0x098b50423eb1b80e5a7fb520438bb4f17cbf6c9b9e6ebef7938342aa2df694fe,0x19266272248a559ab8943ba2d8258af531fe630f833f9241fd43a9bd449ed3a7
theo_n,14,72,false,9,13,onchain,500,68,1979758,4554511,459000,532262,534.477300,582651,725.736600,615643,692.329700,69626,21.119600,0x098b50423eb1b80e5a7fb520438bb4f17cbf6c9b9e6ebef7938342aa2df694fe,0x215eaf1d8e79c9ef4d076f165a4f634ca98f0f5ed28e045b617a86326162e4a2
theo_n,14,73,false,9,13,onchain,500,69,1979758,4554511,459000,532394,797.283600,582783,546.748400,615775,578.040500,69626,16.556200,0x098b50423eb1b80e5a7fb520438bb4f17cbf6c9b9e6ebef7938342aa2df694fe,0x0a7e4f05953ca3db4ac4061d27149a86e58e25f8abe9700123d4376accf763bf
theo_n,14,74,false,9,13,onchain,500,70,1979758,4554511,459000,532274,503.079800,582663,547.997700,615655,613.220000,69626,16.094200,0x098b50423eb1b80e5a7fb520438bb4f17cbf6c9b9e6ebef7938342aa2df694fe,0x08605ab6f0ea9feaba6887ea78431d2492628dfd59a10292fc7afe5ea2e8eece
theo_n,14,75,false,9,13,onchain,500,71,1979758,4554511,459000,532286,517.950600,582675,553.496500,615667,550.765900,69626,15.649000,0x098b50423eb1b80e5a7fb520438bb4f17cbf6c9b9e6ebef7938342aa2df694fe,0x26d317fe0299e077054be278d1f0d21206ca9c25bef0abf439a346026c390dfa
theo_n,14,76,false,9,13,onchain,500,72,1979758,4554511,459000,532262,525.454000,582651,579.123600,615643,498.259500,69626,15.609300,0x098b50423eb1b80e5a7fb520438bb4f17cbf6c9b9e6ebef7938342aa2df694fe,0x25af9ec4cff748dbaf0976a3ff1188e5b628546f7f4f5b9db9eaa477462f7869
theo_n,14,77,false,9,13,onchain,500,73,1979758,4554511,459000,532298,545.294500,582687,522.025100,615679,518.804400,69626,18.801300,0x098b50423eb1b80e5a7fb520438bb4f17cbf6c9b9e6ebef7938342aa2df694fe,0x01fb960b8f1b5d34b7f4749defb02b514c03bec096b79a9bc37ebfdeec741f2b
theo_n,14,78,false,9,13,onchain,500,74,1979758,4554511,459000,532358,519.826000,582747,523.885900,615739,527.416600,69626,19.707100,0x098b50423eb1b80e5a7fb520438bb4f17cbf6c9b9e6ebef7938342aa2df694fe,0x12e08ec57ab72cecc7a3924708902cc02c89942a36fdb660beb16561ed7ef5ce
theo_n,14,79,false,9,13,onchain,500,75,1979758,4554511,459000,532298,502.940700,582687,522.448300,615679,513.493500,69626,22.640100,0x098b50423eb1b80e5a7fb520438bb4f17cbf6c9b9e6ebef7938342aa2df694fe,0x16a729a31e033516db4de85c7111097269183918aa98a399cfd2eabaf4bc6545
theo_n,14,80,false,9,13,onchain,500,76,1979758,4554511,459000,532418,490.708600,582807,522.542800,615799,497.947800,69626,17.316000,0x098b50423eb1b80e5a7fb520438bb4f17cbf6c9b9e6ebef7938342aa2df694fe,0x0d453d4335fb2a5c16d11d4240b1166d98908cce0ead0250abff97a9868aecc8
theo_n,14,81,false,9,13,onchain,500,77,1979758,4554511,459000,532370,490.277200,582759,607.020300,615751,492.874700,69626,16.820700,0x098b50423eb1b80e5a7fb520438bb4f17cbf6c9b9e6ebef7938342aa2df694fe,0x0d4fb35507c4725529bee562d7875325d2200194fbe8fd2e917d6dd1cc23fdc2
theo_n,14,82,false,9,13,onchain,500,78,1979758,4554511,459000,532322,496.274200,582711,486.342300,615703,480.510500,69626,16.360600,0x098b50423eb1b80e5a7fb520438bb4f17cbf6c9b9e6ebef7938342aa2df694fe,0x18fd75dcd068156962b7472b26d5764df5f027a7dc6aba38d75ff522addddc25
theo_n,14,83,false,9,13,onchain,500,79,1979758,4554511,459000,532250,462.766800,582639,483.780000,615631,491.861800,69626,16.462100,0x098b50423eb1b80e5a7fb520438bb4f17cbf6c9b9e6ebef7938342aa2df694fe,0x2be77b57647a6b10a55e242f74a9ccf7e4785095dad898a23c39c7449a8a7c0c
theo_n,14,84,false,9,13,onchain,500,80,1979758,4554511,459000,532286,514.320000,582663,500.141400,615655,491.148700,69626,16.608300,0x098b50423eb1b80e5a7fb520438bb4f17cbf6c9b9e6ebef7938342aa2df694fe,0x0d9b8e94306ca021ecb938f5026044a99fb2903e768e0b859c6cb7f74c89ada6
theo_n,14,85,false,9,13,onchain,500,81,1979758,4554511,459000,532334,477.376000,582723,481.827800,615715,489.524300,69626,18.701900,0x098b50423eb1b80e5a7fb520438bb4f17cbf6c9b9e6ebef7938342aa2df694fe,0x06c0b3f5ffd3b8544f72e020c2ffde1c8399e0f7b3f5c2c98ef2d41a5b6d2a0a
theo_n,14,86,false,9,13,onchain,500,82,1979758,4554511,459000,532394,461.979700,582783,487.768500,615775,509.195800,69626,19.087900,0x098b50423eb1b80e5a7fb520438bb4f17cbf6c9b9e6ebef7938342aa2df694fe,0x0fcde5acfb3565955df8385342e3d172fc5e4376c643a3cb46cf9cada75b9277
theo_n,14,87,false,9,13,onchain,500,83,1979758,4554511,459000,532262,466.192700,582651,486.858500,615643,484.240400,69626,16.712800,0x098b50423eb1b80e5a7fb520438bb4f17cbf6c9b9e6ebef7938342aa2df694fe,0x15051a287f47c76ed7d2269998aa47f5381185b04d9f51445c39087cd8ed01de
theo_n,14,88,false,9,13,onchain,500,84,1979758,4554511,459000,532382,461.349200,582771,560.734400,615763,487.553600,69626,17.183700,0x098b50423eb1b80e5a7fb520438bb4f17cbf6c9b9e6ebef7938342aa2df694fe,0x0f7765a835070e4481f45e0827e06270383d6f9cdbd4196f283b338b9a4e3238
theo_n,14,89,false,9,13,onchain,500,85,1979758,4554511,459000,532334,514.352800,582723,488.255500,615715,486.144100,69626,16.211700,0x098b50423eb1b80e5a7fb520438bb4f17cbf6c9b9e6ebef7938342aa2df694fe,0x2b62ea88645121b88157ac06e4e3f9c3178df965566ae6496a8d6c6bb96fbded
theo_n,14,90,false,9,13,onchain,500,86,1979758,4554511,459000,532286,457.681900,582675,490.982100,615667,474.703100,69626,15.348700,0x098b50423eb1b80e5a7fb520438bb4f17cbf6c9b9e6ebef7938342aa2df694fe,0x2dd46823e0fa0e639cbb8cc928ec221105d0d9a65c31b716e52a5a52adfcfb95
theo_n,14,91,false,9,13,onchain,500,87,1979758,4554511,459000,532250,475.138600,582639,496.344000,615631,475.501300,69626,16.409200,0x098b50423eb1b80e5a7fb520438bb4f17cbf6c9b9e6ebef7938342aa2df694fe,0x28a7f749444fc4fb853eeff2d8b65c7a41abfea333797977a42f9f84eb0ea79b
theo_n,14,92,false,9,13,onchain,500,88,1979758,4554511,459000,532286,481.737800,582675,566.716200,615667,472.260900,69626,16.236500,0x098b50423eb1b80e5a7fb520438bb4f17cbf6c9b9e6ebef7938342aa2df694fe,0x1990851d8f9a1f34328e760b34b2c549764ca2e1557dde4c5f189c4e168cd5f9
theo_n,14,93,false,9,13,onchain,500,89,1979758,4554511,459000,532274,475.888600,582663,504.090700,615655,522.320700,69626,18.929600,0x098b50423eb1b80e5a7fb520438bb4f17cbf6c9b9e6ebef7938342aa2df694fe,0x2b8d45422864217488a84b2c5d353db89cdf51b5bee10eb545baef4f7381330f
theo_n,14,94,false,9,13,onchain,500,90,1979758,4554511,459000,532214,484.968600,582591,491.840400,615583,495.564300,69614,19.472200,0x098b50423eb1b80e5a7fb520438bb4f17cbf6c9b9e6ebef7938342aa2df694fe,0x00f12dbe894fc42bbde3b356e7868f42f5a9a342cfd632ff464f8fcf9e57333b
theo_n,14,95,false,9,13,onchain,500,91,1979758,4554511,459000,532238,462.257400,582627,514.541400,615619,500.267700,69626,16.264900,0x098b50423eb1b80e5a7fb520438bb4f17cbf6c9b9e6ebef7938342aa2df694fe,0x1ec83bfd5f380ef673a5af89e992e0d01715ca7d7f2967cc8316c40bb09163a9
theo_n,14,96,false,9,13,onchain,500,92,1979758,4554511,459000,532310,472.616400,582699,521.464600,615691,513.353200,69626,16.794900,0x098b50423eb1b80e5a7fb520438bb4f17cbf6c9b9e6ebef7938342aa2df694fe,0x0b07c8f3f557a462c6ef632caabdcf5fc3bf382ff18dfe46aae0dadaedd5a8d2
theo_n,14,97,false,9,13,onchain,500,93,1979758,4554511,459000,532286,499.235200,582675,506.399100,615667,509.517400,69626,16.482300,0x098b50423eb1b80e5a7fb520438bb4f17cbf6c9b9e6ebef7938342aa2df694fe,0x0d315137502a0bf670e5c74c46603131659987d14b09d74da3c36de13a608b07
theo_n,14,98,false,9,13,onchain,500,94,1979758,4554511,459000,532190,479.125800,582579,518.058000,615571,540.438300,69626,15.435500,0x098b50423eb1b80e5a7fb520438bb4f17cbf6c9b9e6ebef7938342aa2df694fe,0x2d7c0a2bf3f877b4301edfbb51e2b35bd3c86cfe1d1a492eb454d060ae7778f1
theo_n,14,99,false,9,13,onchain,500,95,1979758,4554511,459000,532286,476.948800,582675,526.471600,615667,526.498800,69626,16.045000,0x098b50423eb1b80e5a7fb520438bb4f17cbf6c9b9e6ebef7938342aa2df694fe,0x08d69a87c1f599104a063e0894e7eb48d057bdabc16119b7d07547d35fa7c8a5
theo_n,14,100,false,9,13,onchain,500,96,1979758,4554511,459000,532310,508.483400,582699,525.326500,615691,543.232600,69626,15.733400,0x098b50423eb1b80e5a7fb520438bb4f17cbf6c9b9e6ebef7938342aa2df694fe,0x1c7df0827e1080ee71d950a409a18e1518a5e3bce2da8c0ce1b24094d4994b6b
theo_n,14,101,false,9,13,onchain,500,97,1979758,4554511,459000,532334,503.090500,582723,546.205100,615715,510.107100,69626,18.675600,0x098b50423eb1b80e5a7fb520438bb4f17cbf6c9b9e6ebef7938342aa2df694fe,0x2d58a42d5d1cc2791453aaa1b78a1d4086dc79c5bae4a72518c26d1eeeaf480a
theo_n,14,102,false,9,13,onchain,500,98,1979758,4554511,459000,532298,501.437700,582687,526.576100,615679,535.888700,69626,19.542000,0x098b50423eb1b80e5a7fb520438bb4f17cbf6c9b9e6ebef7938342aa2df694fe,0x082328b47921926c3d45725c3c54adb91798ae45bbee77c57c13c78a0e127537
theo_n,14,103,false,9,13,onchain,500,99,1979758,4554511,459000,532142,519.671000,582531,643.436900,615523,526.286700,69626,14.990800,0x098b50423eb1b80e5a7fb520438bb4f17cbf6c9b9e6ebef7938342aa2df694fe,0x0346d298ca5e9ba5bc6d3e3e2e13cc63e6e4d14e53981e988e66eb8d5b87aed3
theo_n,14,104,false,9,13,onchain,500,100,1979758,4554511,459000,532286,532.954500,582675,569.288400,615667,552.385500,69626,18.674300,0x098b50423eb1b80e5a7fb520438bb4f17cbf6c9b9e6ebef7938342aa2df694fe,0x280a714b2978fcf5aba174c93ac09d948715115992029fdb917fd8374ab986bd
theo_n,14,105,false,9,13,onchain,500,101,1979758,4554511,459000,532346,542.087000,582723,616.857100,615715,651.950100,69626,35.601300,0x098b50423eb1b80e5a7fb520438bb4f17cbf6c9b9e6ebef7938342aa2df694fe,0x085cb394d60f01c45b060e3655b9680d97304f6337b86fda09f0335513c0eaf0
theo_n,14,106,false,9,13,onchain,500,102,1979758,4554511,459000,532286,547.110600,582663,545.075300,615655,556.288800,69614,18.425100,0x098b50423eb1b80e5a7fb520438bb4f17cbf6c9b9e6ebef7938342aa2df694fe,0x1527c5d2d9c656f6144be711876760da3a61cf05ed9e544600be5f4b9cfe074d
theo_n,14,107,false,9,13,onchain,500,103,1979758,4554511,459000,532286,530.856700,582675,673.525900,615667,576.610000,69626,21.795900,0x098b50423eb1b80e5a7fb520438bb4f17cbf6c9b9e6ebef7938342aa2df694fe,0x1eaec94c680ac2a6a85aa250ddf4cb5bd7a659b00b78f4b6b7c75044fad7d3bd
theo_n,14,108,false,9,13,onchain,500,104,1979758,4554511,459000,532286,590.743600,582675,584.086300,615667,578.701700,69626,47.320200,0x098b50423eb1b80e5a7fb520438bb4f17cbf6c9b9e6ebef7938342aa2df694fe,0x15d2afc485db584720f32f6198068e75f1168528ba496590a1980e0f1b270985
theo_n,14,109,false,9,13,onchain,500,105,1979758,4554511,459000,532250,562.636900,582639,638.390000,615631,620.844800,69626,24.100300,0x098b50423eb1b80e5a7fb520438bb4f17cbf6c9b9e6ebef7938342aa2df694fe,0x1a5da863997d24b5471d5d5e81070d3959dae8e5b754f8c0c15c3465fc18ca97
theo_n,14,110,false,9,13,onchain,500,106,1979758,4554511,459000,532286,572.975200,582663,688.537500,615655,582.980900,69614,30.999300,0x098b50423eb1b80e5a7fb520438bb4f17cbf6c9b9e6ebef7938342aa2df694fe,0x273edd203800914995c38c0f86697eebec9b5fe5bbf24f7e1a8008a29448420f
theo_n,14,111,false,9,13,onchain,500,107,1979758,4554511,459000,532298,613.226600,582675,600.690900,615667,630.570600,69626,47.023200,0x098b50423eb1b80e5a7fb520438bb4f17cbf6c9b9e6ebef7938342aa2df694fe,0x2d0b9fe4e87166878564917f8414cfbd31d9faba6cd878a9cbf85c615976b56f
theo_n,14,112,false,9,13,onchain,500,108,1979758,4554511,459000,532310,590.639600,582699,610.071400,615691,630.382900,69626,25.302000,0x098b50423eb1b80e5a7fb520438bb4f17cbf6c9b9e6ebef7938342aa2df694fe,0x132230c786a10fd367e92c57fe0adc7480c4617b2bfbe878a0401dfb1b72cb4f
theo_n,14,113,false,9,13,onchain,500,109,1979758,4554511,459000,532250,581.271900,582639,616.919900,615631,618.431400,69626,28.434000,0x098b50423eb1b80e5a7fb520438bb4f17cbf6c9b9e6ebef7938342aa2df694fe,0x16cd25f623714f4f1b7065482e340f09ca465af9ebcce54ad72bdc27f48342df
theo_n,14,114,false,9,13,onchain,500,110,1979758,4554511,459000,532346,578.736000,582735,735.869300,615727,647.281900,69626,34.627100,0x098b50423eb1b80e5a7fb520438bb4f17cbf6c9b9e6ebef7938342aa2df694fe,0x1bd2861c2b226ae17de48461808c1065c0f1c05fbd72069529891146436c9b34
theo_n,14,115,false,9,13,onchain,500,111,1979758,4554511,459000,532262,609.352300,582639,619.714700,615631,613.438500,69614,21.404700,0x098b50423eb1b80e5a7fb520438bb4f17cbf6c9b9e6ebef7938342aa2df694fe,0x0fae658cab7c5225312015aba3241828f57834001837fa9b2ba7a8dea2a5c6cf
theo_n,14,116,false,9,13,onchain,500,112,1979758,4554511,459000,532346,571.817200,582735,716.817900,615727,604.575400,69626,21.124000,0x098b50423eb1b80e5a7fb520438bb4f17cbf6c9b9e6ebef7938342aa2df694fe,0x1c5bd298c59b7b24b1802fdfa7c5e831f068f3b3f82ee84667b05d2945f3246e
theo_n,14,117,false,9,13,onchain,500,113,1979758,4554511,459000,532310,633.898600,582699,610.868000,615691,588.015900,69626,23.964100,0x098b50423eb1b80e5a7fb520438bb4f17cbf6c9b9e6ebef7938342aa2df694fe,0x2c99a20b86bdb461dd0a77ef1c3714daeaca35a1b808a8abba086b86b93557ce
theo_n,14,118,false,9,13,onchain,500,114,1979758,4554511,459000,532346,536.935600,582735,696.026500,615727,655.649200,69626,29.459800,0x098b50423eb1b80e5a7fb520438bb4f17cbf6c9b9e6ebef7938342aa2df694fe,0x25fd20ab6e32c5e8688735c9a2a6f33777a1d050634219f0b002c81ced1c7b5e
theo_n,14,119,false,9,13,onchain,500,115,1979758,4554511,459000,532262,578.787400,582639,599.699400,615631,632.004400,69626,21.075900,0x098b50423eb1b80e5a7fb520438bb4f17cbf6c9b9e6ebef7938342aa2df694fe,0x291280af54056c2cd9ad444ad2cdf0658fbdf5cdf12638e6ee2b4eb312a06144
theo_n,14,120,false,9,13,onchain,500,116,1979758,4554511,459000,532346,549.807300,582735,644.147900,615727,564.880600,69626,17.324100,0x098b50423eb1b80e5a7fb520438bb4f17cbf6c9b9e6ebef7938342aa2df694fe,0x062716b8ca7b91cefd14777688e1184a74ef6e5c5b6b65936db29c147c43227e
theo_n,14,121,false,9,13,onchain,500,117,1979758,4554511,459000,532298,793.358000,582687,541.137900,615679,555.288400,69626,17.265400,0x098b50423eb1b80e5a7fb520438bb4f17cbf6c9b9e6ebef7938342aa2df694fe,0x048e61258fe1e21ef0d5714d38c150dc8cabb2ab182c87524b52f5ec88e1f81f
theo_n,14,122,false,9,13,onchain,500,118,1979758,4554511,459000,532322,526.082500,582711,532.301700,615703,530.301200,69626,18.064300,0x098b50423eb1b80e5a7fb520438bb4f17cbf6c9b9e6ebef7938342aa2df694fe,0x0337077e10fc7847a1ac99ececa16ab363e8cf5ce0b82290be76dd1dc10769e8
theo_n,14,123,false,9,13,onchain,500,119,1979758,4554511,459000,532226,516.378400,582615,557.006300,615607,611.054400,69626,19.492900,0x098b50423eb1b80e5a7fb520438bb4f17cbf6c9b9e6ebef7938342aa2df694fe,0x122ac2ab494aa392fcee5dd7347129100fc0de2505d46d438da3cd8a2d32e6ea
theo_n,14,124,false,9,13,onchain,500,120,1979758,4554511,459000,532358,540.978500,582747,564.284000,615739,519.726800,69626,18.395300,0x098b50423eb1b80e5a7fb520438bb4f17cbf6c9b9e6ebef7938342aa2df694fe,0x1bb18f78f446215b3d6ac87d13f405094b21b926809bad622f625a5c4aba0aa5
theo_n,14,125,false,9,13,onchain,500,121,1979758,4554511,459000,532262,511.099200,582651,537.432900,615643,609.064600,69626,20.461200,0x098b50423eb1b80e5a7fb520438bb4f17cbf6c9b9e6ebef7938342aa2df694fe,0x11586f2d39477f1bc5e9b1d06a9fdff35e236bf3cdc4aab74f621481516d7815
theo_n,14,126,false,9,13,onchain,500,122,1979758,4554511,459000,532322,507.944400,582711,500.175100,615703,523.403800,69626,24.797300,0x098b50423eb1b80e5a7fb520438bb4f17cbf6c9b9e6ebef7938342aa2df694fe,0x1ddb223e1339f8bf0cbed084e0b0a69adf4fe7ca2c5dc312fce34c5ed9fdf094
theo_n,14,127,false,9,13,onchain,500,123,1979758,4554511,459000,532334,474.559500,582723,493.167900,615715,473.365400,69626,52.403900,0x098b50423eb1b80e5a7fb520438bb4f17cbf6c9b9e6ebef7938342aa2df694fe,0x1840a4c242fef47e8f74cd8aa8295e9b11f3bc37ee4ad16c38a5c208344b37dc
theo_n,14,128,false,9,13,onchain,500,124,1979758,4554511,459000,532250,478.165900,582639,501.836800,615631,491.970400,69626,19.444400,0x098b50423eb1b80e5a7fb520438bb4f17cbf6c9b9e6ebef7938342aa2df694fe,0x1c13441afbd44509328c5d26d85d3acf169464c8375735cbb5efd13c343ad09f
theo_n,14,129,false,9,13,onchain,500,125,1979758,4554511,459000,532262,482.127500,582651,600.639400,615643,501.111900,69626,18.988900,0x098b50423eb1b80e5a7fb520438bb4f17cbf6c9b9e6ebef7938342aa2df694fe,0x1326819b8b7b82169305219445339534c813219958aff00f2de38420d73886c2
theo_n,14,130,false,9,13,onchain,500,126,1979758,4554511,459000,532310,471.545400,582699,503.728800,615691,510.813800,69626,19.551700,0x098b50423eb1b80e5a7fb520438bb4f17cbf6c9b9e6ebef7938342aa2df694fe,0x2ca4fcbbe3622752f4aa4e3ca994d30d0c1456ecbc1cad9193430d998bc7ef6e
theo_n,14,131,false,9,13,onchain,500,127,1979758,4554511,459000,532298,484.469300,582687,504.177300,615679,525.148500,69626,20.168300,0x098b50423eb1b80e5a7fb520438bb4f17cbf6c9b9e6ebef7938342aa2df694fe,0x1b76b599cec9d9ae0690413de23fc0c9eb5a159ef05aea11a95ee8cda8592759
theo_n,14,132,false,9,13,onchain,500,128,1979758,4554511,459000,532262,531.632300,582651,532.345900,615643,509.287000,69626,56.467600,0x098b50423eb1b80e5a7fb520438bb4f17cbf6c9b9e6ebef7938342aa2df694fe,0x19fdf3e31ef4713cb2b80a9d45bb04e96c7ee09d39424729962e332821c9888a
theo_n,14,133,false,9,13,onchain,500,129,1979758,4554511,459000,532322,492.519100,582699,483.092600,615691,494.661500,69626,21.817600,0x098b50423eb1b80e5a7fb520438bb4f17cbf6c9b9e6ebef7938342aa2df694fe,0x1f4b342dcdff21fbd66fa67e11c5544bfd8929b923b2dabc1f7ac6cb5151b9b9
theo_n,14,134,false,9,13,onchain,500,130,1979758,4554511,459000,532250,471.754200,582639,489.790100,615631,486.624700,69626,23.582100,0x098b50423eb1b80e5a7fb520438bb4f17cbf6c9b9e6ebef7938342aa2df694fe,0x154b1d74c2618354b26b34c984e94e4f7d706573361930e780b8278071f43a98
theo_n,14,135,false,9,13,onchain,500,131,1979758,4554511,459000,532214,461.601100,582603,515.850300,615595,512.871700,69626,19.733700,0x098b50423eb1b80e5a7fb520438bb4f17cbf6c9b9e6ebef7938342aa2df694fe,0x1cd387bebe939deb9139dccf335cf5da302583a9ba488b7eea65b16b9f797a0d
theo_n,14,136,false,9,13,onchain,500,132,1979758,4554511,459000,532310,495.019900,582687,508.685400,615679,502.544500,69626,20.232400,0x098b50423eb1b80e5a7fb520438bb4f17cbf6c9b9e6ebef7938342aa2df694fe,0x06d6a19737ba3c27075e413dd7860d45cc20cb35ed6c608ac22acc2e5c9c54bb
theo_n,14,137,false,9,13,onchain,500,133,1979758,4554511,459000,532298,475.116000,582675,562.568000,615667,508.766000,69614,17.758800,0x098b50423eb1b80e5a7fb520438bb4f17cbf6c9b9e6ebef7938342aa2df694fe,0x29477a7a12360051ea5c87e3ca17fa0d3d2370b734d34a8bfeccbec806464239
theo_n,14,138,false,9,13,onchain,500,134,1979758,4554511,459000,532418,491.120000,582807,497.146600,615799,517.464500,69626,19.769100,0x098b50423eb1b80e5a7fb520438bb4f17cbf6c9b9e6ebef7938342aa2df694fe,0x261908540691dd3c2c92abe77a9016a9a562140b65ef5e147e1a60d0cdfc90e0
theo_n,14,139,false,9,13,onchain,500,135,1979758,4554511,459000,532310,482.341700,582699,487.345300,615691,481.885500,69626,19.038100,0x098b50423eb1b80e5a7fb520438bb4f17cbf6c9b9e6ebef7938342aa2df694fe,0x2674c02a1b2848b07db064c5a4e58662470a9da5dc7276de3c371db1c33bc5bc
theo_n,14,140,false,9,13,onchain,500,136,1979758,4554511,459000,532286,474.218700,582675,513.091100,615667,533.749900,69626,19.104000,0x098b50423eb1b80e5a7fb520438bb4f17cbf6c9b9e6ebef7938342aa2df694fe,0x19c06805eb153a95eef5e1daec5f4936cfd6b1fd84715978ae293859cf99f2f7
theo_n,14,141,false,9,13,onchain,500,137,1979758,4554511,459000,532250,495.477200,582639,518.731800,615631,516.770100,69626,25.123200,0x098b50423eb1b80e5a7fb520438bb4f17cbf6c9b9e6ebef7938342aa2df694fe,0x2b9386b34b67cca51b5f376f0d9d5825990e05d8a0663acc09cd7ef2478b99ef
theo_n,14,142,false,9,13,onchain,500,138,1979758,4554511,459000,532382,483.009800,582771,500.459200,615763,511.084300,69626,62.735900,0x098b50423eb1b80e5a7fb520438bb4f17cbf6c9b9e6ebef7938342aa2df694fe,0x1d973ebf381de252d781eee0181e4bf96f60364a6355f27faf9d88a26c6d5f74
theo_n,14,143,false,9,13,onchain,500,139,1979758,4554511,459000,532310,495.834100,582699,513.615900,615691,501.845000,69626,20.398200,0x098b50423eb1b80e5a7fb520438bb4f17cbf6c9b9e6ebef7938342aa2df694fe,0x1dbc758c2bdd3ffd4ae4900c512cfdd59aa39693c5da8541569bb1b11a7a4ff7
theo_n,14,144,false,9,13,onchain,500,140,1979758,4554511,459000,532286,493.859000,582675,497.388100,615667,516.505600,69626,20.272300,0x098b50423eb1b80e5a7fb520438bb4f17cbf6c9b9e6ebef7938342aa2df694fe,0x24fefd181e7c2a8b9c3c99e3f098e38499d6eb3748a5bec2ec08c191c32a20c9
theo_n,14,145,false,9,13,onchain,500,141,1979758,4554511,459000,532322,470.310200,582711,527.214600,615703,504.029700,69626,18.957300,0x098b50423eb1b80e5a7fb520438bb4f17cbf6c9b9e6ebef7938342aa2df694fe,0x23968c116ab2270a3af0c481a377d282fa2af22d0df2584795947071ab2e8546
theo_n,14,146,false,9,13,onchain,500,142,1979758,4554511,459000,532394,487.322100,582783,523.245200,615775,514.496000,69626,19.178500,0x098b50423eb1b80e5a7fb520438bb4f17cbf6c9b9e6ebef7938342aa2df694fe,0x1647c354c1f20bac7643c9c62e601536572c45dcedaee32d3ee30e288b2a1fee
theo_n,14,147,false,9,13,onchain,500,143,1979758,4554511,459000,532298,498.762600,582687,533.599900,615679,524.416200,69626,16.315000,0x098b50423eb1b80e5a7fb520438bb4f17cbf6c9b9e6ebef7938342aa2df694fe,0x2ea5df06e8526bce926495cfb5bcaeeded936c0d347b1f44869b740c89de802c
theo_n,14,148,false,9,13,onchain,500,144,1979758,4554511,459000,532346,504.452100,582735,543.345200,615727,558.515400,69626,18.848200,0x098b50423eb1b80e5a7fb520438bb4f17cbf6c9b9e6ebef7938342aa2df694fe,0x0583f5e4a43ff231fab22b74c1e8dc9ca7e11f908ebfec3cae568fa348641be4
theo_n,14,149,false,9,13,onchain,500,145,1979758,4554511,459000,532214,501.399400,582603,567.234900,615595,523.116300,69626,19.892800,0x098b50423eb1b80e5a7fb520438bb4f17cbf6c9b9e6ebef7938342aa2df694fe,0x14e11f8cfedbf4f8cf3085e378b3035aa5a493ea65a91f2de51f071ab1c11333
theo_n,14,150,false,9,13,onchain,500,146,1979758,4554511,459000,532334,517.399500,582699,531.495600,615691,524.856100,69614,22.066700,0x098b50423eb1b80e5a7fb520438bb4f17cbf6c9b9e6ebef7938342aa2df694fe,0x245b631ba32f9e19fd8f3d1bf8329300750d5c30e6151c849be8b7168923763d
theo_n,14,151,false,9,13,onchain,500,147,1979758,4554511,459000,532298,504.735100,582687,521.533800,615679,570.221700,69626,16.458400,0x098b50423eb1b80e5a7fb520438bb4f17cbf6c9b9e6ebef7938342aa2df694fe,0x0a4cf55b4df6d265e96388cc0abf738334a51602cc8ee10b4e6798b91c62ccf6
theo_n,14,152,false,9,13,onchain,500,148,1979758,4554511,459000,532298,511.275200,582687,530.626800,615679,529.077100,69626,18.489900,0x098b50423eb1b80e5a7fb520438bb4f17cbf6c9b9e6ebef7938342aa2df694fe,0x2980306594ba7a72b85f517f2b2217da35af687f784e3e046e7dc5d50302957d
theo_n,14,153,false,9,13,onchain,500,149,1979758,4554511,459000,532262,513.185900,582651,540.607400,615643,536.068800,69626,18.707900,0x098b50423eb1b80e5a7fb520438bb4f17cbf6c9b9e6ebef7938342aa2df694fe,0x0bae57eb5e9667ff3213947821ebf0971fbc22df8df57a3113b581d199257ff1
theo_n,14,154,false,9,13,onchain,500,150,1979758,4554511,459000,532262,519.233200,582639,534.100700,615631,542.484600,69614,17.995800,0x098b50423eb1b80e5a7fb520438bb4f17cbf6c9b9e6ebef7938342aa2df694fe,0x09df330028e60ab8f64f208ed8725b2bd088b3666a34eddd5b59cc30efa91446
theo_n,14,155,false,9,13,onchain,500,151,1979758,4554511,459000,532334,515.502700,582723,541.662800,615715,539.556600,69626,16.031100,0x098b50423eb1b80e5a7fb520438bb4f17cbf6c9b9e6ebef7938342aa2df694fe,0x0e827a40e73cd93978223bdaea2de4a3662c85d4ada215d330dd658fcde25a44
theo_n,14,156,false,9,13,onchain,500,152,1979758,4554511,459000,532286,570.400100,582663,549.614700,615655,548.884800,69614,18.934800,0x098b50423eb1b80e5a7fb520438bb4f17cbf6c9b9e6ebef7938342aa2df694fe,0x2df1bef61f31af46f7936d4d9d4c5ac1d276b7b8eaecfe888700ac1298f92267
theo_n,14,157,false,9,13,onchain,500,153,1979758,4554511,459000,532298,523.770100,582687,528.778600,615679,522.615500,69626,21.022500,0x098b50423eb1b80e5a7fb520438bb4f17cbf6c9b9e6ebef7938342aa2df694fe,0x12915572ab99b6ddc8fea60928bc7ce39caeba0d31257fc844a096476109b36f
theo_n,14,158,false,9,13,onchain,500,154,1979758,4554511,459000,532238,505.077100,582627,542.946300,615619,542.527500,69626,22.108600,0x098b50423eb1b80e5a7fb520438bb4f17cbf6c9b9e6ebef7938342aa2df694fe,0x1a9da40b6a281115b0c04c78ccf79a0177bfd4bd849e7a87b72227206ca49630
theo_n,14,159,false,9,13,onchain,500,155,1979758,4554511,459000,532334,524.364200,582711,539.960700,615703,551.214700,69614,18.361900,0x098b50423eb1b80e5a7fb520438bb4f17cbf6c9b9e6ebef7938342aa2df694fe,0x05a92e4d70718e361377004987d81958215294de37ec7adfa4ae249de133a464
theo_n,14,160,false,9,13,onchain,500,156,1979758,4554511,459000,532370,518.312800,582759,554.387000,615751,591.200400,69626,18.616800,0x098b50423eb1b80e5a7fb520438bb4f17cbf6c9b9e6ebef7938342aa2df694fe,0x011d10d516eb6795ffe1ac987326ec7b8a1bc7c6216fb37623144bce1ea511d9
theo_n,14,161,false,9,13,onchain,500,157,1979758,4554511,459000,532334,525.543600,582723,558.332200,615715,543.888800,69626,20.405000,0x098b50423eb1b80e5a7fb520438bb4f17cbf6c9b9e6ebef7938342aa2df694fe,0x07c2427f7b75d030b8add3786708a7f1ff3619698d999713baa4e3e9179ea69c
theo_n,14,162,false,9,13,onchain,500,158,1979758,4554511,459000,532262,543.833500,582639,567.695600,615631,544.256600,69614,55.225100,0x098b50423eb1b80e5a7fb520438bb4f17cbf6c9b9e6ebef7938342aa2df694fe,0x15b494b2d69d888296e4a53c9138e66b123c8700312e6b706ac66675afaf6f1e
theo_n,14,163,false,9,13,onchain,500,159,1979758,4554511,459000,532346,585.181200,582735,546.389200,615727,544.738300,69626,18.492400,0x098b50423eb1b80e5a7fb520438bb4f17cbf6c9b9e6ebef7938342aa2df694fe,0x09d28e4bc034581881ef74dcd3ef170396e570e5cdac22e022a7b681b15fa3f8
theo_n,14,164,false,9,13,onchain,500,160,1979758,4554511,459000,532262,529.656200,582639,553.690800,615631,559.162900,69626,21.468300,0x098b50423eb1b80e5a7fb520438bb4f17cbf6c9b9e6ebef7938342aa2df694fe,0x06320cda582ab69eba60cc5f2d8f98720c81076f5feb562563b2678474f0e833
theo_n,14,165,false,9,13,onchain,500,161,1979758,4554511,459000,532286,533.518100,582675,585.300300,615667,544.313600,69626,37.921300,0x098b50423eb1b80e5a7fb520438bb4f17cbf6c9b9e6ebef7938342aa2df694fe,0x1ed92eb6f52266c41b5eff71eff811783249cd3cb8dab2b6d993871737888e24
theo_n,14,166,false,9,13,onchain,500,162,1979758,4554511,459000,532202,524.673500,582591,552.072200,615583,538.327200,69626,19.530000,0x098b50423eb1b80e5a7fb520438bb4f17cbf6c9b9e6ebef7938342aa2df694fe,0x2f228f71e58a7b39a67b3c4e6272d392223b6299129403e73cd5d22ee0dd12ac
theo_n,14,167,false,9,13,onchain,500,163,1979758,4554511,459000,532274,519.348500,582663,555.483900,615655,557.120400,69626,18.715500,0x098b50423eb1b80e5a7fb520438bb4f17cbf6c9b9e6ebef7938342aa2df694fe,0x08b9ea24dacf4bb71cd1a71d186ad4a3aa0b1224036b3d5975053220811cfde2
theo_n,14,168,false,9,13,onchain,500,164,1979758,4554511,459000,532346,535.442300,582735,553.344400,615727,540.808100,69626,18.107800,0x098b50423eb1b80e5a7fb520438bb4f17cbf6c9b9e6ebef7938342aa2df694fe,0x1e916b5d46e155942cbf9bd03d57a68d6870f77dfa7a2603838d5697fc064995
theo_n,14,169,false,9,13,onchain,500,165,1979758,4554511,459000,532250,685.768500,582639,547.240400,615631,543.941600,69626,19.012400,0x098b50423eb1b80e5a7fb520438bb4f17cbf6c9b9e6ebef7938342aa2df694fe,0x2083a99ee8336b2216a949706234f1238389c5d988e1a708f1d82d2dd19a36f8
theo_n,14,170,false,9,13,onchain,500,166,1979758,4554511,459000,532202,523.353900,582579,684.828100,615571,674.255500,69614,19.572000,0x098b50423eb1b80e5a7fb520438bb4f17cbf6c9b9e6ebef7938342aa2df694fe,0x0fc49d02f286296ca6aea328cf7989ead6df46008a90ac7708b353d4d1fa50a1
theo_n,14,171,false,9,13,onchain,500,167,1979758,4554511,459000,532298,753.871000,582675,529.428500,615667,523.997300,69614,19.228200,0x098b50423eb1b80e5a7fb520438bb4f17cbf6c9b9e6ebef7938342aa2df694fe,0x01c951890bef8b00ee81b33d53ff33cabfdb08c77cd3d71cf09ae6aa9c8e6223
theo_n,14,172,false,9,13,onchain,500,168,1979758,4554511,459000,532322,492.949900,582711,527.684800,615703,559.987800,69626,19.622100,0x098b50423eb1b80e5a7fb520438bb4f17cbf6c9b9e6ebef7938342aa2df694fe,0x2e21bd7006b2fe0c1b3e8d85680b3db6b9023ae9655b981deba01610d09107ff
theo_n,14,173,false,9,13,onchain,500,169,1979758,4554511,459000,532298,507.649600,582687,567.739900,615679,486.064300,69626,21.067000,0x098b50423eb1b80e5a7fb520438bb4f17cbf6c9b9e6ebef7938342aa2df694fe,0x2dea3ace923241fb9b6cbe0f7cc54de90e793785f271579dc5ba7ed217ecf5de
theo_n,14,174,false,9,13,onchain,500,170,1979758,4554511,459000,532238,491.465200,582627,512.016100,615619,519.018300,69626,20.711700,0x098b50423eb1b80e5a7fb520438bb4f17cbf6c9b9e6ebef7938342aa2df694fe,0x10f12245982fffe007b0ecef635197a5267eb81d727d447237c3f308eeea06c5
theo_n,14,175,false,9,13,onchain,500,171,1979758,4554511,459000,532262,500.797100,582639,534.776700,615631,503.305500,69614,16.798700,0x098b50423eb1b80e5a7fb520438bb4f17cbf6c9b9e6ebef7938342aa2df694fe,0x1fde592bf80e60c3006f6357af1860d7a9c3b5f570bc0e39666b2fa0b0fa623b
theo_n,14,176,false,9,13,onchain,500,172,1979758,4554511,459000,532262,460.372700,582639,505.935200,615631,524.619000,69614,21.385600,0x098b50423eb1b80e5a7fb520438bb4f17cbf6c9b9e6ebef7938342aa2df694fe,0x03f52ca2eb1444ab17b86e0070b7cb17a6e6d8eb47ba455096f24be0ef44e64d
theo_n,14,177,false,9,13,onchain,500,173,1979758,4554511,459000,532310,482.759600,582699,490.023000,615691,496.237900,69626,18.553000,0x098b50423eb1b80e5a7fb520438bb4f17cbf6c9b9e6ebef7938342aa2df694fe,0x298aa57712a04fb53de588b8f1a0b1d1e4227d335b31773343b126bd46d6c8ce
theo_n,14,178,false,9,13,onchain,500,174,1979758,4554511,459000,532298,470.327400,582687,475.526600,615679,493.827200,69626,19.792200,0x098b50423eb1b80e5a7fb520438bb4f17cbf6c9b9e6ebef7938342aa2df694fe,0x107b857578d9cb6989ccf0f30edb97b06bc3833c39c4f2d3e3d372f481dd8023
theo_n,14,179,false,9,13,onchain,500,175,1979758,4554511,459000,532154,460.398700,582543,499.985000,615535,506.066600,69626,15.399200,0x098b50423eb1b80e5a7fb520438bb4f17cbf6c9b9e6ebef7938342aa2df694fe,0x1f04cfcb8e116dbe0f227912a09380f4e32e9e3e5f2256e919bb36f7079c5103
theo_n,14,180,false,9,13,onchain,500,176,1979758,4554511,459000,532274,463.699000,582663,492.046800,615655,499.831400,69626,16.606900,0x098b50423eb1b80e5a7fb520438bb4f17cbf6c9b9e6ebef7938342aa2df694fe,0x1e68c8b38e22bac0843fbbaa1beb99ff308287da69e2748e848701f40806de03
theo_n,14,181,false,9,13,onchain,500,177,1979758,4554511,459000,532298,456.853900,582675,530.466800,615667,483.417100,69614,16.763900,0x098b50423eb1b80e5a7fb520438bb4f17cbf6c9b9e6ebef7938342aa2df694fe,0x00273abbd77c1c843a34dd7136eb304c447c3664dec4b8a1220dfd8f7d419215
theo_n,14,182,false,9,13,onchain,500,178,1979758,4554511,459000,532310,503.100800,582699,588.055400,615691,597.517300,69626,25.228800,0x098b50423eb1b80e5a7fb520438bb4f17cbf6c9b9e6ebef7938342aa2df694fe,0x0b28f864933c885e09f83295b931650d055fc4fc29f027c7f9154c739463a145
theo_n,14,183,false,9,13,onchain,500,179,1979758,4554511,459000,532190,471.442000,582567,487.400200,615559,492.547900,69626,15.917900,0x098b50423eb1b80e5a7fb520438bb4f17cbf6c9b9e6ebef7938342aa2df694fe,0x1942c46688b94e9feac9b79485e5275cd47749110c86881a6f89b4fd673313b8
theo_n,14,184,false,9,13,onchain,500,180,1979758,4554511,459000,532274,508.029400,582663,489.986500,615655,481.934400,69626,16.552700,0x098b50423eb1b80e5a7fb520438bb4f17cbf6c9b9e6ebef7938342aa2df694fe,0x05e66e3156ee58cd9a319fc1bf021b066bb4a12dfcb4065c8fd52badd2816357
theo_n,14,185,false,9,13,onchain,500,181,1979758,4554511,459000,532262,479.825900,582651,502.402900,615643,529.292000,69626,18.796100,0x098b50423eb1b80e5a7fb520438bb4f17cbf6c9b9e6ebef7938342aa2df694fe,0x2a3c82367379ca3bc510fa7cc6292b87adeae422acaf533b481b7ab5a9b74ff8
theo_n,14,186,false,9,13,onchain,500,182,1979758,4554511,459000,532370,481.219200,582759,501.403300,615751,488.783600,69626,19.248400,0x098b50423eb1b80e5a7fb520438bb4f17cbf6c9b9e6ebef7938342aa2df694fe,0x1249bf76e23d7887ed8174d4d5ab76b45d4e883f887862e0fbb6cb1ff0ae511b
theo_n,14,187,false,9,13,onchain,500,183,1979758,4554511,459000,532286,474.999700,582675,510.780600,615667,521.534900,69626,21.425700,0x098b50423eb1b80e5a7fb520438bb4f17cbf6c9b9e6ebef7938342aa2df694fe,0x299618a39d19d4bebd969488c616703e255699e67a2120cf6f08ea875ec432c3
theo_n,14,188,false,9,13,onchain,500,184,1979758,4554511,459000,532214,489.714800,582603,528.309800,615595,530.257100,69626,61.004100,0x098b50423eb1b80e5a7fb520438bb4f17cbf6c9b9e6ebef7938342aa2df694fe,0x1c9a777a7d9c58721c7da841f525a15984b7e891da907c30cff77c20fec58449
theo_n,14,189,false,9,13,onchain,500,185,1979758,4554511,459000,532286,486.894500,582675,550.445300,615667,517.014300,69626,21.183400,0x098b50423eb1b80e5a7fb520438bb4f17cbf6c9b9e6ebef7938342aa2df694fe,0x2608a22fc17f577d6b0c737a1dae9bf3bfcada6e599a32673cc3b22aa3b6190c
theo_n,14,190,false,9,13,onchain,500,186,1979758,4554511,459000,532322,478.176600,582711,510.515900,615703,506.534200,69626,22.029700,0x098b50423eb1b80e5a7fb520438bb4f17cbf6c9b9e6ebef7938342aa2df694fe,0x21c60d25a15e9ae91c63bf274725cbd91cce20150f6968f909ed4545bf10f860
theo_n,14,191,false,9,13,onchain,500,187,1979758,4554511,459000,532370,531.426900,582759,526.338800,615751,517.771000,69626,17.998500,0x098b50423eb1b80e5a7fb520438bb4f17cbf6c9b9e6ebef7938342aa2df694fe,0x2a2d7701e0b8c21420d7b7229e667662e2cbb348c0011ae3c54b0a6ef4ddaed2
theo_n,14,192,false,9,13,onchain,500,188,1979758,4554511,459000,532190,499.618600,582579,497.221100,615571,489.933600,69626,19.276600,0x098b50423eb1b80e5a7fb520438bb4f17cbf6c9b9e6ebef7938342aa2df694fe,0x2147d5a5854e8222301664ebdea905cf2129477a5b1fa920e3b69c0ffde3fe7c
theo_n,14,193,false,9,13,onchain,500,189,1979758,4554511,459000,532334,469.361200,582723,604.983500,615715,527.114000,69626,17.938700,0x098b50423eb1b80e5a7fb520438bb4f17cbf6c9b9e6ebef7938342aa2df694fe,0x09e30c2882ee8f7a4d382ee18bfb26fd8cc97e5b71b4abf04cb6ef5c20141ee8
theo_n,14,194,false,9,13,onchain,500,190,1979758,4554511,459000,532286,514.913900,582675,534.239100,615667,534.885200,69626,17.132000,0x098b50423eb1b80e5a7fb520438bb4f17cbf6c9b9e6ebef7938342aa2df694fe,0x29659717e824040f23b91d2d273626a16f2383026d93d647e324bab659038b3b
theo_n,14,195,false,9,13,onchain,500,191,1979758,4554511,459000,532190,510.775700,582579,543.833600,615571,525.704100,69626,18.000700,0x098b50423eb1b80e5a7fb520438bb4f17cbf6c9b9e6ebef7938342aa2df694fe,0x08905947031ddfd20fdb11313343efd9b643df52a76a9d8822b84478d51ef533
theo_n,14,196,false,9,13,onchain,500,192,1979758,4554511,459000,532346,534.450500,582735,535.110300,615727,530.106100,69626,16.765500,0x098b50423eb1b80e5a7fb520438bb4f17cbf6c9b9e6ebef7938342aa2df694fe,0x2623d2f0bb27f75ed651479f235215416974c7ed687818ca2eca4ed54cb0890e
theo_n,14,197,false,9,13,onchain,500,193,1979758,4554511,459000,532250,516.302400,582639,561.495900,615631,540.204600,69626,19.299700,0x098b50423eb1b80e5a7fb520438bb4f17cbf6c9b9e6ebef7938342aa2df694fe,0x17f2a18d1c6af5fbd37c56a76f8d84a8557e3f92f46b9f10c97f07498d7a3e5e
theo_n,14,198,false,9,13,onchain,500,194,1979758,4554511,459000,532322,598.432300,582711,529.591700,615703,508.469500,69626,22.109000,0x098b50423eb1b80e5a7fb520438bb4f17cbf6c9b9e6ebef7938342aa2df694fe,0x080444fd3d681818265e4b132c34ac5d5d0913ad9cde27ae4b3bc8bec9a476aa
theo_n,14,199,false,9,13,onchain,500,195,1979758,4554511,459000,532238,517.753700,582615,666.748500,615607,650.015700,69614,31.382800,0x098b50423eb1b80e5a7fb520438bb4f17cbf6c9b9e6ebef7938342aa2df694fe,0x0650d03351bfa136d51cb721acb4868d9022e9febefe6b28499f0f004f36071e
theo_n,14,200,false,9,13,onchain,500,196,1979758,4554511,459000,532262,523.372000,582651,626.537800,615643,546.793000,69626,28.944500,0x098b50423eb1b80e5a7fb520438bb4f17cbf6c9b9e6ebef7938342aa2df694fe,0x1dce569b979e4239dd9eb95272649e1f5bc3375080e9be8f146870ec3767764c
theo_n,14,201,false,9,13,onchain,500,197,1979758,4554511,459000,532298,542.337100,582687,639.008800,615679,651.298000,69626,19.692000,0x098b50423eb1b80e5a7fb520438bb4f17cbf6c9b9e6ebef7938342aa2df694fe,0x229060fc460a01a09958347d142e63e18fac8e663a93f9c0a697618459f11091
theo_n,14,202,false,9,13,onchain,500,198,1979758,4554511,459000,532322,584.274200,582711,545.254400,615703,549.733000,69626,23.825900,0x098b50423eb1b80e5a7fb520438bb4f17cbf6c9b9e6ebef7938342aa2df694fe,0x14c6c58b860df7cf32a61fa6440107908bc1f58866b5291b6fc0266a44cc4347
theo_n,14,203,false,9,13,onchain,500,199,1979758,4554511,459000,532190,546.484600,582567,533.563900,615559,568.606800,69614,16.196100,0x098b50423eb1b80e5a7fb520438bb4f17cbf6c9b9e6ebef7938342aa2df694fe,0x2c6eca6e9dddf0c400924a7e305eebe78c57a0d68da8b8afe9343f8bb69af311
theo_n,14,204,false,9,13,onchain,500,200,1979758,4554511,459000,532346,566.980800,582735,560.619400,615727,554.640300,69626,23.454700,0x098b50423eb1b80e5a7fb520438bb4f17cbf6c9b9e6ebef7938342aa2df694fe,0x26d10e610f5a898caa541893e7c74d8b589b1bca141f9d5c12129f0ac8c2c4de
theo_n,14,205,false,9,13,onchain,500,201,1979758,4554511,459000,532226,542.796400,582603,566.902300,615595,527.480100,69614,26.496400,0x098b50423eb1b80e5a7fb520438bb4f17cbf6c9b9e6ebef7938342aa2df694fe,0x1de79d5b678871b100b2b73ad88c37f56b46d8c4d0981df6850d7f290419f46f
theo_n,14,206,false,9,13,onchain,500,202,1979758,4554511,459000,532346,543.343500,582735,565.108500,615727,559.337400,69626,24.004300,0x098b50423eb1b80e5a7fb520438bb4f17cbf6c9b9e6ebef7938342aa2df694fe,0x1e084c1e93a570dd4dd924a63074f8e4144d31f5484d14bf9e43031a1408dd37
theo_n,14,207,false,9,13,onchain,500,203,1979758,4554511,459000,532346,530.922300,582735,536.604700,615727,537.272600,69626,17.020500,0x098b50423eb1b80e5a7fb520438bb4f17cbf6c9b9e6ebef7938342aa2df694fe,0x2b491f2eb4c3f055d7784d7f4a35a5a0ffbd04a7375b5db1796d27992d6a78a4
theo_n,14,208,false,9,13,onchain,500,204,1979758,4554511,459000,532274,515.499100,582663,535.765800,615655,588.578600,69626,16.087100,0x098b50423eb1b80e5a7fb520438bb4f17cbf6c9b9e6ebef7938342aa2df694fe,0x2207f01b23ccc5d511b22b388ece1132266a457ae6354b500e3371d8b7b47b8f
theo_n,14,209,false,9,13,onchain,500,205,1979758,4554511,459000,532178,492.034200,582567,501.385800,615559,500.725000,69626,17.696600,0x098b50423eb1b80e5a7fb520438bb4f17cbf6c9b9e6ebef7938342aa2df694fe,0x2820b06f5df5d3e5eac9c631774e2ed85c977ab1010eff6d64f3fb624ad7d7a3
theo_n,14,210,false,9,13,onchain,500,206,1979758,4554511,459000,532346,476.618500,582735,500.942000,615727,517.636700,69626,15.818100,0x098b50423eb1b80e5a7fb520438bb4f17cbf6c9b9e6ebef7938342aa2df694fe,0x27a17ea0f0816d8c2987f01b465a7a7c34a96adc62fd86ae42af4cc4a760bd5b
theo_n,14,211,false,9,13,onchain,500,207,1979758,4554511,459000,532334,518.185000,582723,510.247600,615715,502.218600,69626,16.079900,0x098b50423eb1b80e5a7fb520438bb4f17cbf6c9b9e6ebef7938342aa2df694fe,0x2838bb09aca0424f32baa130c15f81e5704a68065f6de6f27979fc196863b7ae
theo_n,14,212,false,9,13,onchain,500,208,1979758,4554511,459000,532334,498.121200,582723,491.629200,615715,504.881400,69626,19.159700,0x098b50423eb1b80e5a7fb520438bb4f17cbf6c9b9e6ebef7938342aa2df694fe,0x08253658a1a878506ef21181f0975c66ef755715fd66e1573da2305eb0cd2780
theo_n,14,213,false,9,13,onchain,500,209,1979758,4554511,459000,532250,477.205100,582639,565.217300,615631,517.119400,69626,20.395900,0x098b50423eb1b80e5a7fb520438bb4f17cbf6c9b9e6ebef7938342aa2df694fe,0x10b028218147aff279afc8483c1d0f2f720bcbff9e7b277074e6f5964c6c1c75
theo_n,14,214,false,9,13,onchain,500,210,1979758,4554511,459000,532262,504.028700,582651,525.726200,615643,513.612500,69626,20.489400,0x098b50423eb1b80e5a7fb520438bb4f17cbf6c9b9e6ebef7938342aa2df694fe,0x2173732b56584682acdb72c0eb05938ecaa2a2cf7d64074b54076a03bc11d903
theo_n,14,215,false,9,13,onchain,500,211,1979758,4554511,459000,532334,503.647600,582723,517.157100,615715,529.515300,69626,15.886400,0x098b50423eb1b80e5a7fb520438bb4f17cbf6c9b9e6ebef7938342aa2df694fe,0x18f62f27b02c5bdf99fc82b37e136b28c8b03690f7a779e123ec15b179a41357
theo_n,14,216,false,9,13,onchain,500,212,1979758,4554511,459000,532298,483.565700,582687,557.771000,615679,534.492000,69626,17.086700,0x098b50423eb1b80e5a7fb520438bb4f17cbf6c9b9e6ebef7938342aa2df694fe,0x0522989be561c3acf3d13b8ce2579c69fd82702309650aa02dc3f0f1a3aeb51e
theo_n,14,217,false,9,13,onchain,500,213,1979758,4554511,459000,532346,503.197100,582723,532.658100,615715,538.442900,69614,16.894900,0x098b50423eb1b80e5a7fb520438bb4f17cbf6c9b9e6ebef7938342aa2df694fe,0x00abfd86d0b7cd3ef4c548a4842e95cd198e8c13f5984cf7744328f643ecda38
theo_n,14,218,false,9,13,onchain,500,214,1979758,4554511,459000,532322,506.155800,582699,597.455300,615691,535.786800,69614,19.032700,0x098b50423eb1b80e5a7fb520438bb4f17cbf6c9b9e6ebef7938342aa2df694fe,0x00e72a74ffeafc01ff3bc87cbe9cb8991e6ddf6a62704eee18f298fb44947a54
theo_n,14,219,false,9,13,onchain,500,215,1979758,4554511,459000,532298,508.530100,582687,663.023000,615679,588.990200,69626,18.607900,0x098b50423eb1b80e5a7fb520438bb4f17cbf6c9b9e6ebef7938342aa2df694fe,0x09bd4c44b0d8c3f95e85a7ea7eaad034d0bb4a071151c4602d4c25a063e655a3
theo_n,14,220,false,9,13,onchain,500,216,1979758,4554511,459000,532250,595.221800,582627,604.935800,615619,695.173200,69614,20.481300,0x098b50423eb1b80e5a7fb520438bb4f17cbf6c9b9e6ebef7938342aa2df694fe,0x1da98d0d586ad726f7d6d36d081f3b5ddaff00b0e568dc30c9263430f45d0efd
theo_n,14,221,false,9,13,onchain,500,217,1979758,4554511,459000,532250,512.324200,582627,520.525300,615619,536.147300,69614,18.326700,0x098b50423eb1b80e5a7fb520438bb4f17cbf6c9b9e6ebef7938342aa2df694fe,0x0d332cc6cfca7d979739d690576d83fa594a7fade7d1ed233baee5eee47c00aa
theo_n,14,222,false,9,13,onchain,500,218,1979758,4554511,459000,532310,510.187300,582699,515.185800,615691,526.221100,69626,23.284300,0x098b50423eb1b80e5a7fb520438bb4f17cbf6c9b9e6ebef7938342aa2df694fe,0x04df1709421261492f4643397ca9c5a3205a57917e5467927d5d95111e631b98
theo_n,14,223,false,9,13,onchain,500,219,1979758,4554511,459000,532334,565.466500,582723,521.284200,615715,519.433200,69626,16.123300,0x098b50423eb1b80e5a7fb520438bb4f17cbf6c9b9e6ebef7938342aa2df694fe,0x0ca39f899831fd4e5448e7ade10af02c0e1c50d9b33334800989497f9e26e93b
theo_n,14,224,false,9,13,onchain,500,220,1979758,4554511,459000,532286,511.525300,582675,543.431200,615667,540.856000,69626,18.509900,0x098b50423eb1b80e5a7fb520438bb4f17cbf6c9b9e6ebef7938342aa2df694fe,0x17b533f22fbbd4525ea0cb1d23064c62e4d5d81c56b9f425542cd2b8500fe93f
theo_n,14,225,false,9,13,onchain,500,221,1979758,4554511,459000,532346,610.189900,582735,537.449000,615727,541.751300,69626,18.004500,0x098b50423eb1b80e5a7fb520438bb4f17cbf6c9b9e6ebef7938342aa2df694fe,0x30284ab4f906ef741017b6ba866c480fe26022712c2b1f47925878df7ead3942
theo_n,14,226,false,9,13,onchain,500,222,1979758,4554511,459000,532310,530.621000,582699,553.536700,615691,558.492000,69626,19.250800,0x098b50423eb1b80e5a7fb520438bb4f17cbf6c9b9e6ebef7938342aa2df694fe,0x230719c7f7508d7995106104b0fba8547e5ccbc3b2237e6c3681908b8908eb25
theo_n,14,227,false,9,13,onchain,500,223,1979758,4554511,459000,532286,533.206900,582663,553.024100,615655,546.941100,69614,16.404500,0x098b50423eb1b80e5a7fb520438bb4f17cbf6c9b9e6ebef7938342aa2df694fe,0x05e321b5b73ae7dc708200813248dc8ce759f76786404cca834d23fbda676330
theo_n,14,228,false,9,13,onchain,500,224,1979758,4554511,459000,532370,549.215000,582759,566.982200,615751,606.501700,69626,19.027000,0x098b50423eb1b80e5a7fb520438bb4f17cbf6c9b9e6ebef7938342aa2df694fe,0x04f16424a036c1c8b8b62ac3f6fbf1afe4161d95f2745ca23620b11c345ec204
theo_n,14,229,false,9,13,onchain,500,225,1979758,4554511,459000,532334,527.460200,582723,546.853100,615715,556.600400,69626,20.499600,0x098b50423eb1b80e5a7fb520438bb4f17cbf6c9b9e6ebef7938342aa2df694fe,0x1683ef468d4cd009c3194edbbb010a088da918a0690b8a067343e416a6a4b7ff
theo_n,14,230,false,9,13,onchain,500,226,1979758,4554511,459000,532310,526.540700,582687,543.079200,615679,541.746900,69614,19.688300,0x098b50423eb1b80e5a7fb520438bb4f17cbf6c9b9e6ebef7938342aa2df694fe,0x019f440d4f71344df6e4a73f4d2b76d8d021ff64e9805774b700ff240c7e6290
theo_n,14,231,false,9,13,onchain,500,227,1979758,4554511,459000,532250,525.405400,582639,543.817500,615631,538.797900,69626,16.763900,0x098b50423eb1b80e5a7fb520438bb4f17cbf6c9b9e6ebef7938342aa2df694fe,0x2cd3b78cb474d98ab26e82eec456c2b501e97e323c15f190d62a4d50eccd5f21
theo_n,14,232,false,9,13,onchain,500,228,1979758,4554511,459000,532298,523.870000,582687,549.577000,615679,542.944900,69626,15.871500,0x098b50423eb1b80e5a7fb520438bb4f17cbf6c9b9e6ebef7938342aa2df694fe,0x0cd75776cd07fe51cb25d1b9af220f8010d0b1b48eabf6f7c90ee35094b60e35
theo_n,14,233,false,9,13,onchain,500,229,1979758,4554511,459000,532346,522.407000,582735,554.429600,615727,553.393000,69626,15.835200,0x098b50423eb1b80e5a7fb520438bb4f17cbf6c9b9e6ebef7938342aa2df694fe,0x2af48b45a7202a164a90ca6a1725e39467f70a524ea74dfae76a0a6dc0b7be0b
theo_n,14,234,false,9,13,onchain,500,230,1979758,4554511,459000,532262,562.951900,582639,540.146700,615631,548.843300,69626,15.537200,0x098b50423eb1b80e5a7fb520438bb4f17cbf6c9b9e6ebef7938342aa2df694fe,0x0aa6ce31e57d744ae008aec740817366db5ec92d41d4b40a440c5b1c0eb2cd57
theo_n,14,235,false,9,13,onchain,500,231,1979758,4554511,459000,532250,535.681000,582639,546.297400,615631,542.280700,69626,18.139100,0x098b50423eb1b80e5a7fb520438bb4f17cbf6c9b9e6ebef7938342aa2df694fe,0x278b7b3a14762423c4cb23f6ef2bed5f69f610ad64b09fb228de4bdd7b449931
theo_n,14,236,false,9,13,onchain,500,232,1979758,4554511,459000,532238,524.376600,582615,614.371000,615607,564.931500,69614,18.438700,0x098b50423eb1b80e5a7fb520438bb4f17cbf6c9b9e6ebef7938342aa2df694fe,0x008535962f0a38daf6d8b95158c3c95e2415b4e90d11089c37356fc331072ead
theo_n,14,237,false,9,13,onchain,500,233,1979758,4554511,459000,532310,551.404900,582699,531.149500,615691,525.532400,69626,19.057200,0x098b50423eb1b80e5a7fb520438bb4f17cbf6c9b9e6ebef7938342aa2df694fe,0x1f283c30d18bf09f79126ecf806edc3bf784d5e0f9725586679bfe0e9c141c4e
theo_n,14,238,false,9,13,onchain,500,234,1979758,4554511,459000,532358,514.843700,582735,546.816100,615727,544.308400,69626,20.380000,0x098b50423eb1b80e5a7fb520438bb4f17cbf6c9b9e6ebef7938342aa2df694fe,0x0ca1cac7f7c4ab67a0c13fbe4385bbfcc207f7258be5b10a821c9e35368bc57c
theo_n,14,239,false,9,13,onchain,500,235,1979758,4554511,459000,532262,527.671200,582651,550.805100,615643,570.173500,69626,15.872800,0x098b50423eb1b80e5a7fb520438bb4f17cbf6c9b9e6ebef7938342aa2df694fe,0x1ee64ecdb87fe16d9a0b2d0a42e45479ccd2fa4753d872229767dfbf44cdf2d9
theo_n,14,240,false,9,13,onchain,500,236,1979758,4554511,459000,532274,517.887400,582663,652.220500,615655,544.677000,69626,18.240600,0x098b50423eb1b80e5a7fb520438bb4f17cbf6c9b9e6ebef7938342aa2df694fe,0x0c61a809f53d171aeb13efc2823b433ee74a4bcb86fcca2c0bbe028b9567aba6
theo_n,14,241,false,9,13,onchain,500,237,1979758,4554511,459000,532298,546.954600,582687,561.301100,615679,554.355600,69626,17.256100,0x098b50423eb1b80e5a7fb520438bb4f17cbf6c9b9e6ebef7938342aa2df694fe,0x249a5db4d7eb6525105d286d5866fa9da2af5e066720dd3e559dc51efb9f1ffb
theo_n,14,242,false,9,13,onchain,500,238,1979758,4554511,459000,532274,533.564000,582663,549.706600,615655,602.858300,69626,16.249000,0x098b50423eb1b80e5a7fb520438bb4f17cbf6c9b9e6ebef7938342aa2df694fe,0x0702f314a3e92da936be90effa3dcc080d999f2e509ef50c2c1d79b4fc8f6bcd
theo_n,14,243,false,9,13,onchain,500,239,1979758,4554511,459000,532214,531.490800,582603,551.199600,615595,553.184300,69626,16.780200,0x098b50423eb1b80e5a7fb520438bb4f17cbf6c9b9e6ebef7938342aa2df694fe,0x0a4b98013160def93d32ab9bd72b198ed733f55b2afe206df82a3170ae024fdf
theo_n,14,244,false,9,13,onchain,500,240,1979758,4554511,459000,532262,526.715100,582651,612.777000,615643,543.336500,69626,16.992700,0x098b50423eb1b80e5a7fb520438bb4f17cbf6c9b9e6ebef7938342aa2df694fe,0x06e7126768d8e8ff17cce3aab2c4804e1cbd3fe8097a56fccac32ae30136f0ca
theo_n,14,245,false,9,13,onchain,500,241,1979758,4554511,459000,532226,594.006500,582615,545.989400,615607,548.344300,69626,17.435600,0x098b50423eb1b80e5a7fb520438bb4f17cbf6c9b9e6ebef7938342aa2df694fe,0x0a3decc0377e13f60cc834863b77ceedbe0fe45696b715b64b35cde307d12ba3
theo_n,14,246,false,9,13,onchain,500,242,1979758,4554511,459000,532334,533.674600,582723,543.984800,615715,559.161000,69626,19.316700,0x098b50423eb1b80e5a7fb520438bb4f17cbf6c9b9e6ebef7938342aa2df694fe,0x27797a9f69d6b0d7d985d0a46cd91f3d36c9fa86cdbeaa89ce2415172e64f190
theo_n,14,247,false,9,13,onchain,500,243,1979758,4554511,459000,532334,526.118900,582723,527.660500,615715,561.660700,69626,16.414200,0x098b50423eb1b80e5a7fb520438bb4f17cbf6c9b9e6ebef7938342aa2df694fe,0x12e45f07466eecaf4f209e0a6519f666d88d455427c1d676657f276d56339d2f
theo_n,14,248,false,9,13,onchain,500,244,1979758,4554511,459000,532286,550.643100,582675,567.144300,615667,533.160700,69626,15.820700,0x098b50423eb1b80e5a7fb520438bb4f17cbf6c9b9e6ebef7938342aa2df694fe,0x181adf32cfe9935cd5593d715f3eddd6c12cf801141af0412b5002665fb58cf2
theo_n,14,249,false,9,13,onchain,500,245,1979758,4554511,459000,532310,526.716500,582699,522.507000,615691,532.420700,69626,16.202200,0x098b50423eb1b80e5a7fb520438bb4f17cbf6c9b9e6ebef7938342aa2df694fe,0x0293847ef66f11fb996f93396f52d4a36106d51fcac611aab6fc2563d36d3847
theo_n,14,250,false,9,13,onchain,500,246,1979758,4554511,459000,532274,504.644300,582663,535.906500,615655,517.113400,69626,16.438200,0x098b50423eb1b80e5a7fb520438bb4f17cbf6c9b9e6ebef7938342aa2df694fe,0x1d92e48e7b37a5203801541414b263b923580ad1025d8385894bced6f5edf1b9
theo_n,14,251,false,9,13,onchain,500,247,1979758,4554511,459000,532214,525.634400,582603,555.948800,615595,511.243600,69626,20.856700,0x098b50423eb1b80e5a7fb520438bb4f17cbf6c9b9e6ebef7938342aa2df694fe,0x30131b16109882349645b305078a9fecd21cd7a7804f32b913f07d7e73239a54
theo_n,14,252,false,9,13,onchain,500,248,1979758,4554511,459000,532274,488.366000,582663,483.458100,615655,505.686400,69626,15.677300,0x098b50423eb1b80e5a7fb520438bb4f17cbf6c9b9e6ebef7938342aa2df694fe,0x0fc687a2a0ff407060788cff48a8795fb72c5d5c1c5e7ace3017c12ace37d25b
theo_n,14,253,false,9,13,onchain,500,249,1979758,4554511,459000,532238,509.621900,582627,502.406500,615619,487.049800,69626,18.241400,0x098b50423eb1b80e5a7fb520438bb4f17cbf6c9b9e6ebef7938342aa2df694fe,0x22883b823b1489571b9345548d36e8a954dcd025de0b04f7911cb92ddae9f0c0
theo_n,14,254,false,9,13,onchain,500,250,1979758,4554511,459000,532322,481.980900,582711,497.175200,615703,501.223400,69626,19.109600,0x098b50423eb1b80e5a7fb520438bb4f17cbf6c9b9e6ebef7938342aa2df694fe,0x06aefe36889e944554c0bfba064c14099209324c84484f7cead0b0fc2721cedb
theo_n,14,255,false,9,13,onchain,500,251,1979758,4554511,459000,532190,477.049100,582579,490.514400,615571,488.091300,69626,16.642500,0x098b50423eb1b80e5a7fb520438bb4f17cbf6c9b9e6ebef7938342aa2df694fe,0x145d657f21439dc6c9e2bde7ace48104cea658ee03160bb6a74dfa6f77de8aab
theo_n,14,256,false,9,13,onchain,500,252,1979758,4554511,459000,532262,460.691500,582651,488.734400,615643,558.279000,69626,18.546100,0x098b50423eb1b80e5a7fb520438bb4f17cbf6c9b9e6ebef7938342aa2df694fe,0x213a5c53e8d401a727fc495f82c4f9716da4d586351dd9d2c2937aee940256b7
theo_n,14,257,false,9,13,onchain,500,253,1979758,4554511,459000,532262,479.830900,582651,509.195300,615643,490.096700,69626,16.875400,0x098b50423eb1b80e5a7fb520438bb4f17cbf6c9b9e6ebef7938342aa2df694fe,0x129596920613df72f1b51a01ba2d240dde9189ba8bce571a63a1f6c061efb954
theo_n,14,258,false,9,13,onchain,500,254,1979758,4554511,459000,532298,484.760200,582687,481.622600,615679,501.801200,69626,17.042700,0x098b50423eb1b80e5a7fb520438bb4f17cbf6c9b9e6ebef7938342aa2df694fe,0x09b8f8929d1692fe3d358cc25686295748c1b1fadfb7c30cbfec622f9d80fd05
theo_n,14,259,false,9,13,onchain,500,255,1979758,4554511,459000,532298,475.491500,582687,482.777300,615679,481.749900,69626,16.592000,0x098b50423eb1b80e5a7fb520438bb4f17cbf6c9b9e6ebef7938342aa2df694fe,0x0bab4493bbfde736a38be14ea8fdfde66333ae2107cfb41a9ddac4a3e9abb33b
theo_n,14,260,false,9,13,onchain,500,256,1979758,4554511,459000,532238,473.339200,582615,508.172100,615607,500.759700,69626,16.921300,0x098b50423eb1b80e5a7fb520438bb4f17cbf6c9b9e6ebef7938342aa2df694fe,0x0273dfe329a161d0be4c0399d8130f91715f853183f8d2686ea659408b63e85a
theo_n,14,261,false,9,13,onchain,500,257,1979758,4554511,459000,532202,477.960500,582591,496.564900,615583,491.501300,69626,19.033900,0x098b50423eb1b80e5a7fb520438bb4f17cbf6c9b9e6ebef7938342aa2df694fe,0x05e37e2666d2b2839c4d81cc0598d09f164406dcbfeedc117caaf487a940f444
theo_n,14,262,false,9,13,onchain,500,258,1979758,4554511,459000,532214,483.782700,582603,510.101300,615595,512.833800,69626,23.817400,0x098b50423eb1b80e5a7fb520438bb4f17cbf6c9b9e6ebef7938342aa2df694fe,0x256f742a38acf6c1a9515ef36c9e4f1eb465c1084cb78949dc4b638af40d646e
theo_n,14,263,false,9,13,onchain,500,259,1979758,4554511,459000,532238,466.810800,582615,504.042600,615607,491.978400,69626,16.642300,0x098b50423eb1b80e5a7fb520438bb4f17cbf6c9b9e6ebef7938342aa2df694fe,0x22da3d99a866b36f51c982949d7239cdda27998316552d92d9f9da5f34170e9a
theo_n,14,264,false,9,13,onchain,500,260,1979758,4554511,459000,532358,498.963000,582747,565.555600,615739,520.654200,69626,16.845800,0x098b50423eb1b80e5a7fb520438bb4f17cbf6c9b9e6ebef7938342aa2df694fe,0x2eeb16245d057e1c821d3d115ab4b5dfaaaa7645ac5e97c43a56a1f4a7150914
theo_n,14,265,false,9,13,onchain,500,261,1979758,4554511,459000,532370,511.692100,582759,562.402300,615751,518.521500,69626,19.304200,0x098b50423eb1b80e5a7fb520438bb4f17cbf6c9b9e6ebef7938342aa2df694fe,0x050f3eb658ce524599a8aa3b8d7270a9f39f9024f520e07d9c2957bbac0dd83f
theo_n,14,266,false,9,13,onchain,500,262,1979758,4554511,459000,532238,622.623800,582627,518.172000,615619,489.985200,69626,16.223600,0x098b50423eb1b80e5a7fb520438bb4f17cbf6c9b9e6ebef7938342aa2df694fe,0x2ba47ecc5714b6eb7047b965817a6105041146195243108b88a4aaef2ad003c8
theo_n,14,267,false,9,13,onchain,500,263,1979758,4554511,459000,532274,494.541800,582663,514.489400,615655,533.282100,69626,15.847100,0x098b50423eb1b80e5a7fb520438bb4f17cbf6c9b9e6ebef7938342aa2df694fe,0x2e324cb62c1f9e76d2ebad95ab692d390a6dff346fcc2f8c952dd39314156fb9
theo_n,14,268,false,9,13,onchain,500,264,1979758,4554511,459000,532346,498.279600,582735,675.573700,615727,538.336900,69626,16.694200,0x098b50423eb1b80e5a7fb520438bb4f17cbf6c9b9e6ebef7938342aa2df694fe,0x25f19f2ed933082d6fbbb5bfac709e94b22d54cd2a606841adea1e0f33252529
theo_n,14,269,false,9,13,onchain,500,265,1979758,4554511,459000,532166,607.599000,582555,597.427700,615547,669.441600,69626,17.983300,0x098b50423eb1b80e5a7fb520438bb4f17cbf6c9b9e6ebef7938342aa2df694fe,0x1b73fd036c6904bf7a1b55a35ef8a0322d4aa1afacbdc5b1f5dadda95f2e80d9
theo_n,14,270,false,9,13,onchain,500,266,1979758,4554511,459000,532250,535.360200,582639,532.132400,615631,561.005100,69626,20.943500,0x098b50423eb1b80e5a7fb520438bb4f17cbf6c9b9e6ebef7938342aa2df694fe,0x0d1a891904ce26bcee3cb9f193ef9b557a571025c13617efc5ff3fb14a736eb4
theo_n,14,271,false,9,13,onchain,500,267,1979758,4554511,459000,532286,522.210400,582663,676.263900,615655,549.215400,69614,16.223400,0x098b50423eb1b80e5a7fb520438bb4f17cbf6c9b9e6ebef7938342aa2df694fe,0x07a55a2cc78db673d6ae5e20b0ea0a4dc4565731018c7ff217b15c0007aed7f2
theo_n,14,272,false,9,13,onchain,500,268,1979758,4554511,459000,532334,554.334200,582723,562.236200,615715,525.666100,69626,17.493200,0x098b50423eb1b80e5a7fb520438bb4f17cbf6c9b9e6ebef7938342aa2df694fe,0x1b3425cd994444788f818746c2e7c494544d30a6badeb85248e6ba6f4e1a800c
theo_n,14,273,false,9,13,onchain,500,269,1979758,4554511,459000,532274,540.927200,582663,568.058600,615655,629.962600,69626,22.450900,0x098b50423eb1b80e5a7fb520438bb4f17cbf6c9b9e6ebef7938342aa2df694fe,0x2c26f5f83ded0ff33db808a3707ddc761b49e85e1553363811613e0c2c9d3d55
theo_n,14,274,false,9,13,onchain,500,270,1979758,4554511,459000,532262,569.479000,582651,528.316900,615643,527.374900,69626,16.272000,0x098b50423eb1b80e5a7fb520438bb4f17cbf6c9b9e6ebef7938342aa2df694fe,0x27ab6471727dff3719ef7ffc1265547db50f19af6e3dfad86ccb95714f9a5d7e
theo_n,14,275,false,9,13,onchain,500,271,1979758,4554511,459000,532286,506.901200,582675,535.352200,615667,560.374400,69626,15.171000,0x098b50423eb1b80e5a7fb520438bb4f17cbf6c9b9e6ebef7938342aa2df694fe,0x2eb89a47bfcb01aafba101688f54b1a659eaf923abcdf6feedf40c3336f23910
theo_n,14,276,false,9,13,onchain,500,272,1979758,4554511,459000,532310,500.126900,582687,551.409200,615679,543.790700,69626,17.168600,0x098b50423eb1b80e5a7fb520438bb4f17cbf6c9b9e6ebef7938342aa2df694fe,0x01f877af3a44c875c5ed8ce6ff874d7f2e729e436c223d071c9bab848171ec74
theo_n,14,277,false,9,13,onchain,500,273,1979758,4554511,459000,532322,514.210800,582711,563.630400,615703,632.333700,69626,20.776200,0x098b50423eb1b80e5a7fb520438bb4f17cbf6c9b9e6ebef7938342aa2df694fe,0x1540aab8dbb6cec70f4bcd0ce7a9a9ec2d01ae732153d9b3ce0132b30e5b4b79
theo_n,14,278,false,9,13,onchain,500,274,1979758,4554511,459000,532310,528.624200,582699,553.577200,615691,578.434800,69626,19.811500,0x098b50423eb1b80e5a7fb520438bb4f17cbf6c9b9e6ebef7938342aa2df694fe,0x2472614978251e972b800f9d3fa0c405855b30b1bf99b4d2bded5447950babd5
theo_n,14,279,false,9,13,onchain,500,275,1979758,4554511,459000,532298,518.276800,582675,564.710700,615667,543.199000,69614,16.880500,0x098b50423eb1b80e5a7fb520438bb4f17cbf6c9b9e6ebef7938342aa2df694fe,0x2ecc7b3800f519a1cdbfd4ae30504aa32c2ac390744aeef4ea5d705ec794980c
theo_n,14,280,false,9,13,onchain,500,276,1979758,4554511,459000,532358,553.354500,582747,597.413500,615739,560.728900,69626,16.242800,0x098b50423eb1b80e5a7fb520438bb4f17cbf6c9b9e6ebef7938342aa2df694fe,0x16e181e2115c35c95e67629e1e264b486e3cd2a23231458b49757292f76d6e4b
theo_n,14,281,false,9,13,onchain,500,277,1979758,4554511,459000,532310,583.125000,582699,557.466700,615691,566.208000,69626,18.485900,0x098b50423eb1b80e5a7fb520438bb4f17cbf6c9b9e6ebef7938342aa2df694fe,0x0fa08a215862bfe0e4c17fd8a7fc50c2305c2fd26baa4a1fa80b8af9f36c5d20
theo_n,14,282,false,9,13,onchain,500,278,1979758,4554511,459000,532286,531.596100,582675,610.207300,615667,555.528600,69626,16.052400,0x098b50423eb1b80e5a7fb520438bb4f17cbf6c9b9e6ebef7938342aa2df694fe,0x1b3bf5c183a4d79b4be51a4c7850892bb9bce49b7de06522e8e2a9fb90360c13
theo_n,14,283,false,9,13,onchain,500,279,1979758,4554511,459000,532238,558.657900,582627,573.467300,615619,583.488900,69626,16.094600,0x098b50423eb1b80e5a7fb520438bb4f17cbf6c9b9e6ebef7938342aa2df694fe,0x0aaaf59b863c164df792e94c16b3b8ada0c468ca3bd179729d18462393cddda0
theo_n,14,284,false,9,13,onchain,500,280,1979758,4554511,459000,532238,545.571600,582627,562.138600,615619,561.386600,69626,15.971400,0x098b50423eb1b80e5a7fb520438bb4f17cbf6c9b9e6ebef7938342aa2df694fe,0x2b2e7002b4fde9470b70626703405c69ea6084bb225ab36c13cce721e6956ef3
theo_n,14,285,false,9,13,onchain,500,281,1979758,4554511,459000,532262,627.411700,582627,537.532700,615619,550.442800,69626,19.091700,0x098b50423eb1b80e5a7fb520438bb4f17cbf6c9b9e6ebef7938342aa2df694fe,0x1431efacf1ed954c67b3e8d4d12850b1e7a1f3d8aa3e1c579094e8e871582c83
theo_n,14,286,false,9,13,onchain,500,282,1979758,4554511,459000,532322,507.448100,582711,587.616900,615703,555.998600,69626,19.511100,0x098b50423eb1b80e5a7fb520438bb4f17cbf6c9b9e6ebef7938342aa2df694fe,0x0ce9a17572619681e0ae731dd40898647339b9416c0aaba7d464bf42a07f4b78
theo_n,14,287,false,9,13,onchain,500,283,1979758,4554511,459000,532322,534.499500,582711,597.327500,615703,589.365700,69626,60.765700,0x098b50423eb1b80e5a7fb520438bb4f17cbf6c9b9e6ebef7938342aa2df694fe,0x26154f6664745752deecbb5ba83bd486b93ac9c77cc804c65d16fba210fe7909
theo_n,14,288,false,9,13,onchain,500,284,1979758,4554511,459000,532226,571.203800,582615,846.211200,615607,1296.091800,69626,25.844700,0x098b50423eb1b80e5a7fb520438bb4f17cbf6c9b9e6ebef7938342aa2df694fe,0x2c72121ede22164e725242e3e6d4bcfb26dc7d7f3b8da76187489274d70b8a6f
theo_n,14,289,false,9,13,onchain,500,285,1979758,4554511,459000,532346,594.114500,582735,562.681300,615727,553.056300,69626,17.141900,0x098b50423eb1b80e5a7fb520438bb4f17cbf6c9b9e6ebef7938342aa2df694fe,0x03b2a12c78d2b5f466ab8b3f25a12b8df133b21dc585f9274af9daf158fa8d42
theo_n,14,290,false,9,13,onchain,500,286,1979758,4554511,459000,532322,567.034700,582711,587.519800,615703,557.548400,69626,22.470400,0x098b50423eb1b80e5a7fb520438bb4f17cbf6c9b9e6ebef7938342aa2df694fe,0x02b78917243752d5eb913f64f02c2b30b97ca4f9d3cfc8f00da4d48c8feb2a88
theo_n,14,291,false,9,13,onchain,500,287,1979758,4554511,459000,532274,552.260200,582651,598.130300,615643,595.663500,69614,26.849500,0x098b50423eb1b80e5a7fb520438bb4f17cbf6c9b9e6ebef7938342aa2df694fe,0x1da77fd8de37566085180015fec8404cacf7a2d5cd180288bb2944142ff5bf89
theo_n,14,292,false,9,13,onchain,500,288,1979758,4554511,459000,532262,559.056700,582651,548.940300,615643,551.157600,69626,22.255500,0x098b50423eb1b80e5a7fb520438bb4f17cbf6c9b9e6ebef7938342aa2df694fe,0x1e658b47f89ceabf271c6f8f44451fbc0dcc3395e05370047bd0df20381091ef
theo_n,14,293,false,9,13,onchain,500,289,1979758,4554511,459000,532274,539.140800,582663,523.571500,615655,608.932900,69626,26.807400,0x098b50423eb1b80e5a7fb520438bb4f17cbf6c9b9e6ebef7938342aa2df694fe,0x0a195ed7a2d9704acd2e32b8077bb3309442f51b505fcf3f8155664707ce3104
theo_n,14,294,false,9,13,onchain,500,290,1979758,4554511,459000,532238,515.882700,582615,569.008900,615607,594.817300,69626,27.287700,0x098b50423eb1b80e5a7fb520438bb4f17cbf6c9b9e6ebef7938342aa2df694fe,0x1ec09be06e6c9211551e6b993af8a5c1702f96b177c3af931b079059ba0dec2e
theo_n,14,295,false,9,13,onchain,500,291,1979758,4554511,459000,532298,549.674100,582687,616.230000,615679,603.904600,69626,25.136700,0x098b50423eb1b80e5a7fb520438bb4f17cbf6c9b9e6ebef7938342aa2df694fe,0x2c6bf8a146bc421ed3017f8ae39e8f649c56c07446e96d2cc210fe45ab350309
theo_n,14,296,false,9,13,onchain,500,292,1979758,4554511,459000,532250,568.012100,582639,606.294400,615631,553.369500,69626,20.446700,0x098b50423eb1b80e5a7fb520438bb4f17cbf6c9b9e6ebef7938342aa2df694fe,0x10bc1ad8741f0d3049216725d2e3aa18850e1f0776d5b583c8d7ccf54e4e8398
theo_n,14,297,false,9,13,onchain,500,293,1979758,4554511,459000,532310,537.814300,582699,598.223100,615691,622.763700,69626,23.058300,0x098b50423eb1b80e5a7fb520438bb4f17cbf6c9b9e6ebef7938342aa2df694fe,0x25d6f87b434119b3ee033b87875c280d4a0aef30b6ddb137a39f327883387c2f
theo_n,14,298,false,9,13,onchain,500,294,1979758,4554511,459000,532250,564.151000,582639,592.877000,615631,548.871100,69626,21.782000,0x098b50423eb1b80e5a7fb520438bb4f17cbf6c9b9e6ebef7938342aa2df694fe,0x2d90252085b20aa667c2b9c9519f0815e21dfde49161c106bdbfb08b20043a84
theo_n,14,299,false,9,13,onchain,500,295,1979758,4554511,459000,532358,649.423600,582735,556.861300,615727,568.151600,69614,23.527300,0x098b50423eb1b80e5a7fb520438bb4f17cbf6c9b9e6ebef7938342aa2df694fe,0x2fba855d2dbb6f112b18c55634cfe76cf45e009e902d3bbba84ef049b87791d0
theo_n,14,300,false,9,13,onchain,500,296,1979758,4554511,459000,532310,536.814900,582699,634.677900,615691,552.390400,69626,21.188700,0x098b50423eb1b80e5a7fb520438bb4f17cbf6c9b9e6ebef7938342aa2df694fe,0x26ed0f074a95c716a837803a907ad3e7099d6f56e27020bab5828bf905560fcf
theo_n,14,301,false,9,13,onchain,500,297,1979758,4554511,459000,532142,873.778000,582531,554.993000,615523,559.630900,69626,18.861700,0x098b50423eb1b80e5a7fb520438bb4f17cbf6c9b9e6ebef7938342aa2df694fe,0x13d065a59a0f5c872fe29642c29186de6b12e548479494b95bef41be4dbc3e97
theo_n,14,302,false,9,13,onchain,500,298,1979758,4554511,459000,532322,505.487500,582699,504.130800,615691,511.617500,69614,18.794600,0x098b50423eb1b80e5a7fb520438bb4f17cbf6c9b9e6ebef7938342aa2df694fe,0x01e080677d2f1b417bd106d2d1537db95612ae997a0165701a8789b90058bd3f
theo_n,14,303,false,9,13,onchain,500,299,1979758,4554511,459000,532238,483.049000,582615,501.125200,615607,522.948300,69614,16.798500,0x098b50423eb1b80e5a7fb520438bb4f17cbf6c9b9e6ebef7938342aa2df694fe,0x0bad777ee7e53cb50bb1a34026c5b600d6b9069343a3a1ee1f82b5341284f325
theo_n,14,304,false,9,13,onchain,500,300,1979758,4554511,459000,532310,540.016600,582699,554.837000,615691,509.540800,69626,15.449700,0x098b50423eb1b80e5a7fb520438bb4f17cbf6c9b9e6ebef7938342aa2df694fe,0x29e9df1a9f6a929fb347fdd94a9a14daa7736582c5e73cdbf766d76f862b8c58
theo_n,14,305,false,9,13,onchain,500,301,1979758,4554511,459000,532286,554.520100,582675,482.698300,615667,484.115000,69626,16.414100,0x098b50423eb1b80e5a7fb520438bb4f17cbf6c9b9e6ebef7938342aa2df694fe,0x2360af7a8639854b5bf50619a49908323f70e65a2265592a8eb29257c42e46b4
theo_n,14,306,false,9,13,onchain,500,302,1979758,4554511,459000,532346,476.818700,582723,522.726300,615715,554.147000,69614,16.445700,0x098b50423eb1b80e5a7fb520438bb4f17cbf6c9b9e6ebef7938342aa2df694fe,0x28a961bf6b8ab2daac54fd3a011d9dd92fa752243b7e72901cd300e296d3d948
theo_n,14,307,false,9,13,onchain,500,303,1979758,4554511,459000,532370,491.430800,582759,599.115600,615751,521.357800,69626,23.005200,0x098b50423eb1b80e5a7fb520438bb4f17cbf6c9b9e6ebef7938342aa2df694fe,0x1dcc13891f21da1e3cc763a16afec731bb0c8988e3610b636da0b2a008d7031a
theo_n,14,308,false,9,13,onchain,500,304,1979758,4554511,459000,532322,525.822100,582711,572.026600,615703,602.478100,69626,24.849500,0x098b50423eb1b80e5a7fb520438bb4f17cbf6c9b9e6ebef7938342aa2df694fe,0x19e0202ff98298b101d39e3d4fe7f23b35f00d7c58c872115d14bcf595570357
theo_n,14,309,false,9,13,onchain,500,305,1979758,4554511,459000,532310,540.158000,582699,511.862200,615691,523.104600,69626,16.633500,0x098b50423eb1b80e5a7fb520438bb4f17cbf6c9b9e6ebef7938342aa2df694fe,0x055772e98620995bf10f5d97b951622b053e9a142ce221a2c724adcded37f455
theo_n,14,310,false,9,13,onchain,500,306,1979758,4554511,459000,532286,477.652900,582663,524.725200,615655,517.547600,69626,21.176200,0x098b50423eb1b80e5a7fb520438bb4f17cbf6c9b9e6ebef7938342aa2df694fe,0x065213b2081f56a0a24a0abf40d5812fc288f37c9abeab33898f23fd19adad1b
theo_n,14,311,false,9,13,onchain,500,307,1979758,4554511,459000,532202,500.324100,582591,520.275700,615583,566.197100,69626,16.601600,0x098b50423eb1b80e5a7fb520438bb4f17cbf6c9b9e6ebef7938342aa2df694fe,0x13deb5509b4f3f347fd99d0db5be92a5df849a1394b1a8d443ca72b5f34cf9d5
theo_n,14,312,false,9,13,onchain,500,308,1979758,4554511,459000,532286,504.625300,582675,523.724800,615667,585.418500,69626,16.458900,0x098b50423eb1b80e5a7fb520438bb4f17cbf6c9b9e6ebef7938342aa2df694fe,0x2a91370e7d4a3f84a7bbf55d3f19f42131c01e265cc5c184a50a0bf18067994f
theo_n,14,313,false,9,13,onchain,500,309,1979758,4554511,459000,532286,509.238300,582675,525.385300,615667,512.112500,69626,15.029300,0x098b50423eb1b80e5a7fb520438bb4f17cbf6c9b9e6ebef7938342aa2df694fe,0x2e9441f3b1b27ec1e9e837bf5d2e32ff106c7e6e6aea479c676958cad5fa5edf
theo_n,14,314,false,9,13,onchain,500,310,1979758,4554511,459000,532310,498.543100,582699,535.639900,615691,582.935500,69626,15.755400,0x098b50423eb1b80e5a7fb520438bb4f17cbf6c9b9e6ebef7938342aa2df694fe,0x07c71a48e349a6047c713105b236aab6c3d61b04aedf07535969e8697ad84cf1
theo_n,14,315,false,9,13,onchain,500,311,1979758,4554511,459000,532262,512.677000,582651,611.559500,615643,524.915900,69626,15.688300,0x098b50423eb1b80e5a7fb520438bb4f17cbf6c9b9e6ebef7938342aa2df694fe,0x1055ac7069959a32a5ba629e0e5a7a5817b8f3b4a69aa6abe13eff713e4aef19
theo_n,14,316,false,9,13,onchain,500,312,1979758,4554511,459000,532298,643.914300,582687,529.296600,615679,528.282400,69626,16.785600,0x098b50423eb1b80e5a7fb520438bb4f17cbf6c9b9e6ebef7938342aa2df694fe,0x095092b3da9bb6bf6c6c69e5b6819772f8288ff048b32f0c7dc3fc1c264602c0
theo_n,14,317,false,9,13,onchain,500,313,1979758,4554511,459000,532334,508.691700,582723,541.626300,615715,539.883300,69626,18.535500,0x098b50423eb1b80e5a7fb520438bb4f17cbf6c9b9e6ebef7938342aa2df694fe,0x229ff620fc9f07679db5848d8066502bdaa08314bae46156ebe6acc5610103cf
theo_n,14,318,false,9,13,onchain,500,314,1979758,4554511,459000,532334,526.682700,582723,557.067700,615715,602.750000,69626,22.098800,0x098b50423eb1b80e5a7fb520438bb4f17cbf6c9b9e6ebef7938342aa2df694fe,0x2a8c93405a03ec7df6408002ed9e3324d84c46bc227d44d3537e739d6d377147
theo_n,14,319,false,9,13,onchain,500,315,1979758,4554511,459000,532358,520.362200,582747,551.356600,615739,529.819800,69626,16.086200,0x098b50423eb1b80e5a7fb520438bb4f17cbf6c9b9e6ebef7938342aa2df694fe,0x010c0957ae5bba1a2d5d707b26a2488ef46da238b08f879be8aa979387cfd0aa
theo_n,14,320,false,9,13,onchain,500,316,1979758,4554511,459000,532322,527.201000,582711,593.767500,615703,613.656000,69626,17.459400,0x098b50423eb1b80e5a7fb520438bb4f17cbf6c9b9e6ebef7938342aa2df694fe,0x14b6fdfa8e46e3fceea1084881eee66fd9603f40bf35f4ee3af1cde8d2762175
theo_n,14,321,false,9,13,onchain,500,317,1979758,4554511,459000,532298,563.844100,582687,549.841200,615679,541.163000,69626,15.753200,0x098b50423eb1b80e5a7fb520438bb4f17cbf6c9b9e6ebef7938342aa2df694fe,0x1f2d9647f78439d922c61a320d9b727a5be6302450b9a0df32d81b8b1b3a281a
theo_n,14,322,false,9,13,onchain,500,318,1979758,4554511,459000,532202,528.729600,582591,569.740000,615583,603.351900,69626,20.239900,0x098b50423eb1b80e5a7fb520438bb4f17cbf6c9b9e6ebef7938342aa2df694fe,0x1f626d575bd1984f2eb74dcb8d863a130ac3d1af50f3efa8c845ca9b531c7e14
theo_n,14,323,false,9,13,onchain,500,319,1979758,4554511,459000,532286,530.017300,582675,548.558800,615667,547.502100,69626,16.561700,0x098b50423eb1b80e5a7fb520438bb4f17cbf6c9b9e6ebef7938342aa2df694fe,0x0dec1f0ca4dc721f9f7a8dd729be3ed84a8c9b78dc5a36a4ab24ec56990c5796
theo_n,14,324,false,9,13,onchain,500,320,1979758,4554511,459000,532262,517.992900,582639,568.012800,615631,613.282800,69614,17.350400,0x098b50423eb1b80e5a7fb520438bb4f17cbf6c9b9e6ebef7938342aa2df694fe,0x002d16b36d6de7474a2ec6ef4c2b5dfe8555d2c0fefc4b45f56f671899f39f19
theo_n,14,325,false,9,13,onchain,500,321,1979758,4554511,459000,532286,545.624500,582675,556.066300,615667,546.842800,69626,17.570700,0x098b50423eb1b80e5a7fb520438bb4f17cbf6c9b9e6ebef7938342aa2df694fe,0x2b2817bc9643603901e9ed0e7a86d1925b681e557ea4ae5f45137ad1836e0fc9
theo_n,14,326,false,9,13,onchain,500,322,1979758,4554511,459000,532322,531.491800,582699,550.954700,615691,545.436800,69626,19.152800,0x098b50423eb1b80e5a7fb520438bb4f17cbf6c9b9e6ebef7938342aa2df694fe,0x287b1719aa0e7765f94a2d4f54ee64d2bdb32bf72a0402d29106e298a0cfdf77
theo_n,14,327,false,9,13,onchain,500,323,1979758,4554511,459000,532178,525.049400,582555,800.350000,615547,563.947100,69626,19.251000,0x098b50423eb1b80e5a7fb520438bb4f17cbf6c9b9e6ebef7938342aa2df694fe,0x275fda5f4888a155da450b110d64dc9a01467d93492c05b3dcff6ab1af0e9fbf
theo_n,14,328,false,9,13,onchain,500,324,1979758,4554511,459000,532310,572.173000,582699,597.743400,615691,875.582100,69626,18.438300,0x098b50423eb1b80e5a7fb520438bb4f17cbf6c9b9e6ebef7938342aa2df694fe,0x095c6031ca7edfb03f9399642d2742f1b595290521f05f2c20339fe4df8b3931
theo_n,14,329,false,9,13,onchain,500,325,1979758,4554511,459000,532382,563.267900,582771,547.119700,615763,559.101800,69626,15.329400,0x098b50423eb1b80e5a7fb520438bb4f17cbf6c9b9e6ebef7938342aa2df694fe,0x17d3d37d5e35f46a2a3fb234d1d1652ca475755f1a07082fd11c0e3a876761a6
theo_n,14,330,false,9,13,onchain,500,326,1979758,4554511,459000,532250,534.725800,582639,629.665200,615631,622.385400,69626,20.735300,0x098b50423eb1b80e5a7fb520438bb4f17cbf6c9b9e6ebef7938342aa2df694fe,0x1ac75c6ed9f90de62f9775ff423b1ff839ac9958915851696307b7a7d6450db6
theo_n,14,331,false,9,13,onchain,500,327,1979758,4554511,459000,532286,546.635500,582675,532.049200,615667,567.702800,69626,15.465900,0x098b50423eb1b80e5a7fb520438bb4f17cbf6c9b9e6ebef7938342aa2df694fe,0x0c2d971bce31e07f0a4d4de39b5c6bac3335d5febb655089ed885cea978a0bb9
theo_n,14,332,false,9,13,onchain,500,328,1979758,4554511,459000,532142,497.637900,582531,554.213700,615523,566.822300,69626,15.556300,0x098b50423eb1b80e5a7fb520438bb4f17cbf6c9b9e6ebef7938342aa2df694fe,0x075654f1c9e5abe5fce4baccbe6da07810dffabc979728eedf550abd56074ba4
theo_n,14,333,false,9,13,onchain,500,329,1979758,4554511,459000,532202,528.481400,582591,554.317000,615583,604.493200,69626,18.373200,0x098b50423eb1b80e5a7fb520438bb4f17cbf6c9b9e6ebef7938342aa2df694fe,0x0a63eac5908ab14b7879638596b87d9140c5474707a3ad072e2f1a34645752ba
theo_n,14,334,false,9,13,onchain,500,330,1979758,4554511,459000,532322,529.265700,582711,543.274600,615703,541.949400,69626,19.858400,0x098b50423eb1b80e5a7fb520438bb4f17cbf6c9b9e6ebef7938342aa2df694fe,0x08e9b9b4e26fc3aca37bccf5629f51a451dbb6ea41a9b4882a3d78932409045a
theo_n,14,335,false,9,13,onchain,500,331,1979758,4554511,459000,532238,524.945500,582627,545.596500,615619,544.663800,69626,16.145200,0x098b50423eb1b80e5a7fb520438bb4f17cbf6c9b9e6ebef7938342aa2df694fe,0x098ff9bfabd2578b64849f372dfccc3889e8f48dd1d57d81e3d9e88fbd994c78
theo_n,14,336,false,9,13,onchain,500,332,1979758,4554511,459000,532286,525.290000,582675,658.631900,615667,556.672800,69626,18.698300,0x098b50423eb1b80e5a7fb520438bb4f17cbf6c9b9e6ebef7938342aa2df694fe,0x1db4b736a2b0ecc19a65c0c07835152665c8e62915ffa56fa7ab6503f5c9bd19
theo_n,14,337,false,9,13,onchain,500,333,1979758,4554511,459000,532238,557.127400,582615,546.185200,615607,543.980800,69614,19.061800,0x098b50423eb1b80e5a7fb520438bb4f17cbf6c9b9e6ebef7938342aa2df694fe,0x2bc5afd849a1330fc452535400ac1d4d8390ff4fc994c438f681397683bc1753
theo_n,14,338,false,9,13,onchain,500,334,1979758,4554511,459000,532310,528.421600,582699,610.703900,615691,539.018600,69626,21.869400,0x098b50423eb1b80e5a7fb520438bb4f17cbf6c9b9e6ebef7938342aa2df694fe,0x12216d0a1f27606101af6298d2b5d879870b6c64de2f8873b7fd2b23867b9935
theo_n,14,339,false,9,13,onchain,500,335,1979758,4554511,459000,532262,576.552000,582651,546.617500,615643,538.299900,69626,16.782200,0x098b50423eb1b80e5a7fb520438bb4f17cbf6c9b9e6ebef7938342aa2df694fe,0x2839f37d67552efb8cead8faa71bb56779c63441b8b5b103c3f779de4528692f
theo_n,14,340,false,9,13,onchain,500,336,1979758,4554511,459000,532262,522.322300,582639,550.667400,615631,549.582800,69614,15.855000,0x098b50423eb1b80e5a7fb520438bb4f17cbf6c9b9e6ebef7938342aa2df694fe,0x204f2b2dc108ebd91b8e8e9b95eea64bb1a6cb4f5ab54c2c0026fd7e839ae592
theo_n,14,341,false,9,13,onchain,500,337,1979758,4554511,459000,532370,528.158500,582759,573.678100,615751,546.240700,69626,52.098900,0x098b50423eb1b80e5a7fb520438bb4f17cbf6c9b9e6ebef7938342aa2df694fe,0x204d869a69ccfa457f8806504f9890bc280efc739f3f0ecf9fc1eb0fb6528c59
theo_n,14,342,false,9,13,onchain,500,338,1979758,4554511,459000,532202,526.455600,582591,555.220700,615583,555.861500,69626,20.283500,0x098b50423eb1b80e5a7fb520438bb4f17cbf6c9b9e6ebef7938342aa2df694fe,0x04b5d935609dfcb26d7a583849391abb7d04dfd1781f9026cce73dabe6b5ffc5
theo_n,14,343,false,9,13,onchain,500,339,1979758,4554511,459000,532286,532.847400,582675,556.995400,615667,550.071500,69626,20.761100,0x098b50423eb1b80e5a7fb520438bb4f17cbf6c9b9e6ebef7938342aa2df694fe,0x152536451a8e9393f717d73e334bfa8514a176570f84aacc7c013645e671935a
theo_n,14,344,false,9,13,onchain,500,340,1979758,4554511,459000,532190,564.360900,582579,539.610000,615571,597.799900,69626,16.832200,0x098b50423eb1b80e5a7fb520438bb4f17cbf6c9b9e6ebef7938342aa2df694fe,0x0457c3089a76f9a9d8acf8fc0271db28cb47b4da13a71cd9ebb0d4f85b06dc91
theo_n,14,345,false,9,13,onchain,500,341,1979758,4554511,459000,532274,584.192400,582663,522.393700,615655,527.099700,69626,15.741400,0x098b50423eb1b80e5a7fb520438bb4f17cbf6c9b9e6ebef7938342aa2df694fe,0x2efb0c793ef2952e6286b0c951664e67f457f2399d5e05fa4f0bb48c137ef7af
theo_n,14,346,false,9,13,onchain,500,342,1979758,4554511,459000,532262,511.573200,582639,507.976200,615631,522.322400,69626,16.203300,0x098b50423eb1b80e5a7fb520438bb4f17cbf6c9b9e6ebef7938342aa2df694fe,0x07c6757702a5062212213dfa130caee8e8c66080fd605f2c89c4bd459c0eb506
theo_n,14,347,false,9,13,onchain,500,343,1979758,4554511,459000,532274,497.863800,582663,525.610000,615655,521.567000,69626,15.947100,0x098b50423eb1b80e5a7fb520438bb4f17cbf6c9b9e6ebef7938342aa2df694fe,0x1f31d06804fe9d643009a57a3670fbf5708c1c3c6251624db210bc9f18177456
theo_n,14,348,false,9,13,onchain,500,344,1979758,4554511,459000,532178,512.530600,582567,540.091100,615559,537.660200,69626,17.226300,0x098b50423eb1b80e5a7fb520438bb4f17cbf6c9b9e6ebef7938342aa2df694fe,0x2e37e091fc8c192e870e9a1bc151044c6f827a9d7b31a863df824e406f8c7cd1
theo_n,14,349,false,9,13,onchain,500,345,1979758,4554511,459000,532202,548.589300,582591,561.608400,615583,543.964500,69626,58.716800,0x098b50423eb1b80e5a7fb520438bb4f17cbf6c9b9e6ebef7938342aa2df694fe,0x226079d37d6b5905b792bcf76b2799b0253b82604264870bcec2afc3472d5c73
theo_n,14,350,false,9,13,onchain,500,346,1979758,4554511,459000,532298,527.476700,582687,538.109500,615679,534.083300,69626,19.130500,0x098b50423eb1b80e5a7fb520438bb4f17cbf6c9b9e6ebef7938342aa2df694fe,0x117db97a81840683d5f0024370805bbb38977ea928586ac4f07b751d7b8585aa
theo_n,14,351,false,9,13,onchain,500,347,1979758,4554511,459000,532262,504.204800,582651,509.577200,615643,511.368400,69626,16.201900,0x098b50423eb1b80e5a7fb520438bb4f17cbf6c9b9e6ebef7938342aa2df694fe,0x254f554195b2795e198655ca2a08c0d3b52361f517bfc45abf441ff5f97cb8c0
theo_n,14,352,false,9,13,onchain,500,348,1979758,4554511,459000,532262,533.136500,582651,524.540700,615643,516.949400,69626,15.405100,0x098b50423eb1b80e5a7fb520438bb4f17cbf6c9b9e6ebef7938342aa2df694fe,0x1593770d9d55f43a7cdb36fc0fc3822fa5eb57dd09ab2b86b6688d899c0597a3
theo_n,14,353,false,9,13,onchain,500,349,1979758,4554511,459000,532334,505.818500,582723,590.777400,615715,523.652100,69626,17.078500,0x098b50423eb1b80e5a7fb520438bb4f17cbf6c9b9e6ebef7938342aa2df694fe,0x20e21d8732cbae26a5eb1e3a08fa1d385815993a3e06bf751447c239e53ebec2
theo_n,14,354,false,9,13,onchain,500,350,1979758,4554511,459000,532274,502.809400,582663,525.712300,615655,548.570700,69626,17.728100,0x098b50423eb1b80e5a7fb520438bb4f17cbf6c9b9e6ebef7938342aa2df694fe,0x0e99cfc4fe2b4260a2b9ad2ea8a798e983acf32369ddff77b9bbbfb006aea219
theo_n,14,355,false,9,13,onchain,500,351,1979758,4554511,459000,532250,480.246200,582639,476.757500,615631,497.590600,69626,14.626600,0x098b50423eb1b80e5a7fb520438bb4f17cbf6c9b9e6ebef7938342aa2df694fe,0x02561cbf09126048622749b6c4fb1d96e7c743c3ddd00c24fe36a90236a1b716
theo_n,14,356,false,9,13,onchain,500,352,1979758,4554511,459000,532178,482.463300,582567,518.146400,615559,504.133500,69626,17.238000,0x098b50423eb1b80e5a7fb520438bb4f17cbf6c9b9e6ebef7938342aa2df694fe,0x1b60a8b5553baadbaddd458ba1d262ab05296dcadb500fffc6521c0670d859de
theo_n,14,357,false,9,13,onchain,500,353,1979758,4554511,459000,532286,498.620200,582675,507.961100,615667,508.573400,69626,17.595900,0x098b50423eb1b80e5a7fb520438bb4f17cbf6c9b9e6ebef7938342aa2df694fe,0x28c3e736537efd4af55e4024deafcb55b364d5be65156ae12c48fb5d62772ff0
theo_n,14,358,false,9,13,onchain,500,354,1979758,4554511,459000,532334,480.978400,582723,519.353700,615715,510.050300,69626,20.439200,0x098b50423eb1b80e5a7fb520438bb4f17cbf6c9b9e6ebef7938342aa2df694fe,0x04b39fd3e5f335a5b634bd563ba92eb4d8fa3f7e32fe4b6a4bc9ac1fd43c19ca
theo_n,14,359,false,9,13,onchain,500,355,1979758,4554511,459000,532238,492.652700,582615,553.919100,615607,568.049600,69614,16.061500,0x098b50423eb1b80e5a7fb520438bb4f17cbf6c9b9e6ebef7938342aa2df694fe,0x0004225074508fa3022f90e37e6c870a9b686a8123ef5bbe2056904cf37642db
theo_n,14,360,false,9,13,onchain,500,356,1979758,4554511,459000,532238,496.414000,582627,630.942000,615619,525.178100,69626,17.351800,0x098b50423eb1b80e5a7fb520438bb4f17cbf6c9b9e6ebef7938342aa2df694fe,0x021bebfbfc5cca243be6d61f58c6fcfc3b49fd9f33fababe9cb255a21de6777c
theo_n,14,361,false,9,13,onchain,500,357,1979758,4554511,459000,532190,518.508500,582579,533.632700,615571,516.110000,69626,15.365600,0x098b50423eb1b80e5a7fb520438bb4f17cbf6c9b9e6ebef7938342aa2df694fe,0x050f085ab3e5f5c3eb150a35091b609b024454e337120d29ab9b71776fc7338d
theo_n,14,362,false,9,13,onchain,500,358,1979758,4554511,459000,532322,558.970000,582711,588.998600,615703,508.957700,69626,16.183600,0x098b50423eb1b80e5a7fb520438bb4f17cbf6c9b9e6ebef7938342aa2df694fe,0x222c67432c9adedc49d9236e9654816e0cf5c7e793e5f52d51452e4d94e61b34
theo_n,14,363,false,9,13,onchain,500,359,1979758,4554511,459000,532298,481.950500,582687,498.084400,615679,499.831800,69626,16.860100,0x098b50423eb1b80e5a7fb520438bb4f17cbf6c9b9e6ebef7938342aa2df694fe,0x27b239bf70d964ad2873d0a1bfdc4491651f20e30617f39306e3109f9444ae1f
theo_n,14,364,false,9,13,onchain,500,360,1979758,4554511,459000,532298,498.123900,582687,579.419100,615679,702.106000,69626,17.269800,0x098b50423eb1b80e5a7fb520438bb4f17cbf6c9b9e6ebef7938342aa2df694fe,0x1e1b5831fdf4b76d30e9b076372b1a47468a39c721bfd22182db547151d10305
theo_n,14,365,false,9,13,onchain,500,361,1979758,4554511,459000,532214,599.657200,582603,487.766500,615595,474.122500,69626,18.428600,0x098b50423eb1b80e5a7fb520438bb4f17cbf6c9b9e6ebef7938342aa2df694fe,0x0605aa46ac40963353ba3f275bdaa747c1794498b7645bbd422dbae339555c55
theo_n,14,366,false,9,13,onchain,500,362,1979758,4554511,459000,532310,469.130700,582699,482.448900,615691,537.784900,69626,19.844300,0x098b50423eb1b80e5a7fb520438bb4f17cbf6c9b9e6ebef7938342aa2df694fe,0x1851f7753135b8747d9eb910c77c916cf827ea9f2155dc9d379ef2afa367a772
theo_n,14,367,false,9,13,onchain,500,363,1979758,4554511,459000,532262,461.875000,582651,508.523200,615643,489.878200,69626,17.061200,0x098b50423eb1b80e5a7fb520438bb4f17cbf6c9b9e6ebef7938342aa2df694fe,0x16fc1f235038e480513f38e613e2d02f17b4832841d68c8ef401b09167c9ff5f
theo_n,14,368,false,9,13,onchain,500,364,1979758,4554511,459000,532274,486.446400,582663,522.233700,615655,506.886400,69626,17.156000,0x098b50423eb1b80e5a7fb520438bb4f17cbf6c9b9e6ebef7938342aa2df694fe,0x193a1a014690b7724bf6978a4714fe2a0476d1eef7c299ca5f750f3cd17874eb
theo_n,14,369,false,9,13,onchain,500,365,1979758,4554511,459000,532382,496.174700,582771,483.582300,615763,508.010500,69626,15.921100,0x098b50423eb1b80e5a7fb520438bb4f17cbf6c9b9e6ebef7938342aa2df694fe,0x0f963c37f6669553709742d3391b6f600bb9eeee0f58acf2765960e71eb5b81c
theo_n,14,370,false,9,13,onchain,500,366,1979758,4554511,459000,532334,486.380900,582723,536.496300,615715,516.779600,69626,17.457200,0x098b50423eb1b80e5a7fb520438bb4f17cbf6c9b9e6ebef7938342aa2df694fe,0x303b6b066769651941ebaaebfcd8040f41a717542235e1f57492ed152123cff2
theo_n,14,371,false,9,13,onchain,500,367,1979758,4554511,459000,532286,496.678600,582675,509.616200,615667,518.477900,69626,16.553800,0x098b50423eb1b80e5a7fb520438bb4f17cbf6c9b9e6ebef7938342aa2df694fe,0x2ed695d8f21d493b9d35e98eaf8a93b2d7366dc343dd2584f504aa5e64116990
theo_n,14,372,false,9,13,onchain,500,368,1979758,4554511,459000,532226,489.736900,582615,582.618800,615607,521.233000,69626,32.068400,0x098b50423eb1b80e5a7fb520438bb4f17cbf6c9b9e6ebef7938342aa2df694fe,0x1ad4f7e67fe4ff1b47a8341daf54ba4cfc10c65cf1044c60def6d901a807ed46
theo_n,14,373,false,9,13,onchain,500,369,1979758,4554511,459000,532346,578.662600,582735,530.878900,615727,522.835700,69626,19.840800,0x098b50423eb1b80e5a7fb520438bb4f17cbf6c9b9e6ebef7938342aa2df694fe,0x0c5a630d9f98b120bc544c96c47eec11640c6ab4b933c80d522151a3ff6adf8a
theo_n,14,374,false,9,13,onchain,500,370,1979758,4554511,459000,532274,504.366400,582651,520.496600,615643,520.272000,69614,20.046400,0x098b50423eb1b80e5a7fb520438bb4f17cbf6c9b9e6ebef7938342aa2df694fe,0x03f5612ddf0d430300b9710c7d5770ca54ee984d0d55902c9e31fec569bca9e3
theo_n,14,375,false,9,13,onchain,500,371,1979758,4554511,459000,532322,506.999400,582711,526.350000,615703,523.450000,69626,16.932000,0x098b50423eb1b80e5a7fb520438bb4f17cbf6c9b9e6ebef7938342aa2df694fe,0x1e849df2f825791fd8ed533d294b831c090962116777818d7fe8e404e5c063fd
theo_n,14,376,false,9,13,onchain,500,372,1979758,4554511,459000,532358,543.756000,582747,545.954000,615739,545.929000,69626,16.507700,0x098b50423eb1b80e5a7fb520438bb4f17cbf6c9b9e6ebef7938342aa2df694fe,0x18cfa5c6cd646ef374aab2e94e771ad9364cf8d95486dbb632ede7bba8b9c2b8
theo_n,14,377,false,9,13,onchain,500,373,1979758,4554511,459000,532250,515.491900,582627,621.079000,615619,558.384900,69626,16.262600,0x098b50423eb1b80e5a7fb520438bb4f17cbf6c9b9e6ebef7938342aa2df694fe,0x25b65d1c3a0bc65503d9a28d15da14bdd9f67ae4de7a884deeedb518e97a9262
theo_n,14,378,false,9,13,onchain,500,374,1979758,4554511,459000,532226,584.715900,582615,576.692300,615607,566.279200,69626,17.776800,0x098b50423eb1b80e5a7fb520438bb4f17cbf6c9b9e6ebef7938342aa2df694fe,0x04814392968319dd081a9b03644408df0f13373cd048e655a8b8de0a52e23270
theo_n,14,379,false,9,13,onchain,500,375,1979758,4554511,459000,532286,533.158200,582675,604.990200,615667,593.588700,69626,16.612900,0x098b50423eb1b80e5a7fb520438bb4f17cbf6c9b9e6ebef7938342aa2df694fe,0x118f2bc8abc13248898a6bcd9a243f7ca0a998ade21b658f26f4157747c66bb1
theo_n,14,380,false,9,13,onchain,500,376,1979758,4554511,459000,532250,568.582100,582639,533.463600,615631,522.603300,69626,15.922300,0x098b50423eb1b80e5a7fb520438bb4f17cbf6c9b9e6ebef7938342aa2df694fe,0x162d42cc97848b8015e6f6973e026d6782e2a7cb2fb68038286cbc81d7508eda
theo_n,14,381,false,9,13,onchain,500,377,1979758,4554511,459000,532238,520.099200,582627,548.657400,615619,556.281800,69626,18.291200,0x098b50423eb1b80e5a7fb520438bb4f17cbf6c9b9e6ebef7938342aa2df694fe,0x157e57147367313af2ccdb0b69a90f60da885d73b45344e360fbc625f7696351
theo_n,14,382,false,9,13,onchain,500,378,1979758,4554511,459000,532202,526.036300,582579,628.690700,615571,605.316100,69614,21.716800,0x098b50423eb1b80e5a7fb520438bb4f17cbf6c9b9e6ebef7938342aa2df694fe,0x0ad9f8b60ac2b27db29f8d015c05982cd6a7f9fe5461daae00a8f8e7b10bb470
theo_n,14,383,false,9,13,onchain,500,379,1979758,4554511,459000,532346,541.049500,582735,537.309900,615727,535.983200,69626,16.691600,0x098b50423eb1b80e5a7fb520438bb4f17cbf6c9b9e6ebef7938342aa2df694fe,0x02d5dff1d08df114839ef1dc507caa525323fb9828ac5daac4983bbfb43f03ee
theo_n,14,384,false,9,13,onchain,500,380,1979758,4554511,459000,532358,518.520900,582747,571.326800,615739,555.226900,69626,16.162000,0x098b50423eb1b80e5a7fb520438bb4f17cbf6c9b9e6ebef7938342aa2df694fe,0x07e27bc2513cc928d26b30eb92d217d53a1f2efa7ec91e9f3281e5893d80ea14
theo_n,14,385,false,9,13,onchain,500,381,1979758,4554511,459000,532322,541.424300,582711,575.547000,615703,544.407100,69626,52.957800,0x098b50423eb1b80e5a7fb520438bb4f17cbf6c9b9e6ebef7938342aa2df694fe,0x17398fc5f1d2e60159ce1452da7355a2234e2843260b50b40ded9b9d1d7fc2c5
theo_n,14,386,false,9,13,onchain,500,382,1979758,4554511,459000,532262,535.578400,582651,527.696900,615643,544.394000,69626,17.301400,0x098b50423eb1b80e5a7fb520438bb4f17cbf6c9b9e6ebef7938342aa2df694fe,0x1bcd1df4387375c9e3d385db43f832b4b6fe272b45f7e52252b39bb8382252e4
theo_n,14,387,false,9,13,onchain,500,383,1979758,4554511,459000,532214,506.954600,582603,770.793500,615595,560.063800,69626,41.935400,0x098b50423eb1b80e5a7fb520438bb4f17cbf6c9b9e6ebef7938342aa2df694fe,0x28bd69fe5fd086a619856936b40121a7155f548d42a84f35bce33cd48f7c5b79
theo_n,14,388,false,9,13,onchain,500,384,1979758,4554511,459000,532250,656.842500,582627,518.223000,615619,533.599300,69614,15.838900,0x098b50423eb1b80e5a7fb520438bb4f17cbf6c9b9e6ebef7938342aa2df694fe,0x1e7e3f9f39ceb8265b464c07373a4b37a800558074e78b931da84545f6d94e6d
theo_n,14,389,false,9,13,onchain,500,385,1979758,4554511,459000,532370,509.177300,582747,514.218000,615739,517.695700,69614,18.800400,0x098b50423eb1b80e5a7fb520438bb4f17cbf6c9b9e6ebef7938342aa2df694fe,0x0de1feb02f5d7b62cce3ccea8a74c6a75a1062001c1a44cae3b015de71aba263
theo_n,14,390,false,9,13,onchain,500,386,1979758,4554511,459000,532286,491.867200,582675,528.626100,615667,506.020700,69626,52.378400,0x098b50423eb1b80e5a7fb520438bb4f17cbf6c9b9e6ebef7938342aa2df694fe,0x0ccf0155d5e5543303c4ae684ea5d6d3506eadcac2a6ce0b43d37b55f33f3ae7
theo_n,14,391,false,9,13,onchain,500,387,1979758,4554511,459000,532262,498.121400,582651,524.955500,615643,505.279700,69626,15.568700,0x098b50423eb1b80e5a7fb520438bb4f17cbf6c9b9e6ebef7938342aa2df694fe,0x092407afbdab9b40602d5946175c6668381b10d76ec0d1fc625720ab89492697
theo_n,14,392,false,9,13,onchain,500,388,1979758,4554511,459000,532370,524.194700,582759,487.493400,615751,486.464200,69626,15.436300,0x098b50423eb1b80e5a7fb520438bb4f17cbf6c9b9e6ebef7938342aa2df694fe,0x057debe0a69bdb13be5df68e059ebc5810b7a076ae38389e59938c99084ee97e
theo_n,14,393,false,9,13,onchain,500,389,1979758,4554511,459000,532310,478.608300,582699,493.312100,615691,503.023500,69626,19.692500,0x098b50423eb1b80e5a7fb520438bb4f17cbf6c9b9e6ebef7938342aa2df694fe,0x303a402911f18f755f5c1a87ec99a33b77d1c2577916758ef573ab2194af50d9
theo_n,14,394,false,9,13,onchain,500,390,1979758,4554511,459000,532358,456.741400,582735,504.094300,615727,507.893200,69614,15.701800,0x098b50423eb1b80e5a7fb520438bb4f17cbf6c9b9e6ebef7938342aa2df694fe,0x263992a8e602149f3b6505ad16e7f04e696f8125783000c71d2ecc897e2a52b7
theo_n,14,395,false,9,13,onchain,500,391,1979758,4554511,459000,532274,483.773800,582663,536.672400,615655,536.260100,69626,15.881300,0x098b50423eb1b80e5a7fb520438bb4f17cbf6c9b9e6ebef7938342aa2df694fe,0x2db9482626db14404a768c8465161d5833bab0bdd0cee894e56dce89b9eb09fd
theo_n,14,396,false,9,13,onchain,500,392,1979758,4554511,459000,532298,491.649100,582687,487.684100,615679,498.051800,69626,16.065100,0x098b50423eb1b80e5a7fb520438bb4f17cbf6c9b9e6ebef7938342aa2df694fe,0x172df5a3f063b8f4f9c1d0f322ca54fa2d5f74aaf6562a8806fdfe2ca2e0483e
theo_n,14,397,false,9,13,onchain,500,393,1979758,4554511,459000,532298,460.568300,582687,514.464400,615679,504.590800,69626,18.216400,0x098b50423eb1b80e5a7fb520438bb4f17cbf6c9b9e6ebef7938342aa2df694fe,0x12c6243e284afc10fb4414ac11753f093a708b67c527cf722831b3a7a593cb08
theo_n,14,398,false,9,13,onchain,500,394,1979758,4554511,459000,532214,524.015900,582603,512.390200,615595,546.374800,69626,20.088700,0x098b50423eb1b80e5a7fb520438bb4f17cbf6c9b9e6ebef7938342aa2df694fe,0x12096b14d65088c6387377b9d89127c1ce5a0b1f72408edea1b850e9e359aa9e
theo_n,14,399,false,9,13,onchain,500,395,1979758,4554511,459000,532274,544.830700,582663,491.644200,615655,480.947500,69626,15.610300,0x098b50423eb1b80e5a7fb520438bb4f17cbf6c9b9e6ebef7938342aa2df694fe,0x18b1832ec6179c73f03c78110ac55f45acae9d0d5117cf6c03da7814f79e5d8f
theo_n,14,400,false,9,13,onchain,500,396,1979758,4554511,459000,532298,473.820500,582687,515.025200,615679,497.710200,69626,50.813500,0x098b50423eb1b80e5a7fb520438bb4f17cbf6c9b9e6ebef7938342aa2df694fe,0x113de8491220bb5eb508d65cc8ee0e1ceb7a712b1a9b95fc93acd8856ecb28f5
theo_n,14,401,false,9,13,onchain,500,397,1979758,4554511,459000,532382,471.512300,582771,498.295500,615763,495.463100,69626,16.569900,0x098b50423eb1b80e5a7fb520438bb4f17cbf6c9b9e6ebef7938342aa2df694fe,0x27a010cf4e19c4a88e2edb7f04ac75b764b8e24719dc82dbbd0c0f7c8934be1e
theo_n,14,402,false,9,13,onchain,500,398,1979758,4554511,459000,532274,484.378400,582663,491.973000,615655,491.567100,69626,16.026800,0x098b50423eb1b80e5a7fb520438bb4f17cbf6c9b9e6ebef7938342aa2df694fe,0x0b023dd915cb016b7238b5bdd3190fe98abd3504c6dbfba463d90bb38ff29ad2
theo_n,14,403,false,9,13,onchain,500,399,1979758,4554511,459000,532250,477.281600,582639,500.150500,615631,501.792000,69626,16.283900,0x098b50423eb1b80e5a7fb520438bb4f17cbf6c9b9e6ebef7938342aa2df694fe,0x1a7e6c56f626be3e54886b792935dd23863f6915b323aa78148b70ab13ec5273
theo_n,14,404,false,9,13,onchain,500,400,1979758,4554511,459000,532286,483.011200,582675,495.529500,615667,489.274100,69626,14.990800,0x098b50423eb1b80e5a7fb520438bb4f17cbf6c9b9e6ebef7938342aa2df694fe,0x2a2bffaf3fae1687545dfd12db373e7029a50e1e72ae6a4acfcbd733129c205d
theo_n,14,405,false,9,13,onchain,500,401,1979758,4554511,459000,532334,474.485800,582723,535.825600,615715,520.697200,69626,20.316900,0x098b50423eb1b80e5a7fb520438bb4f17cbf6c9b9e6ebef7938342aa2df694fe,0x2cc4cf0733e1349358e8a570eac07ff818161987e3a18bfde63a9f0b95deca6d
theo_n,14,406,false,9,13,onchain,500,402,1979758,4554511,459000,532322,541.274900,582711,513.862100,615703,498.475900,69626,21.934200,0x098b50423eb1b80e5a7fb520438bb4f17cbf6c9b9e6ebef7938342aa2df694fe,0x1b8c0ebcb5cf1b7c144731c42fbfeebd4519c91bbe045821496f2975128cd66c
theo_n,14,407,false,9,13,onchain,500,403,1979758,4554511,459000,532262,519.879600,582651,494.215700,615643,495.823000,69626,15.750300,0x098b50423eb1b80e5a7fb520438bb4f17cbf6c9b9e6ebef7938342aa2df694fe,0x2db8f99903aebf090472808a8ea677cc1579e7aa758397d7fd28dd09d7b51280
theo_n,14,408,false,9,13,onchain,500,404,1979758,4554511,459000,532310,552.018900,582699,486.025900,615691,508.664700,69626,17.026600,0x098b50423eb1b80e5a7fb520438bb4f17cbf6c9b9e6ebef7938342aa2df694fe,0x0bf0ebb05a15be9b640ea65b8d18d6832cad86267bf6cb999ad43d7d749ad1be
theo_n,14,409,false,9,13,onchain,500,405,1979758,4554511,459000,532370,485.657000,582759,515.294600,615751,502.389500,69626,16.199200,0x098b50423eb1b80e5a7fb520438bb4f17cbf6c9b9e6ebef7938342aa2df694fe,0x1b988085e3126ddfb6a991df1c0f573fa0e6f9965ef6b3f10de414b3fdd35013
theo_n,14,410,false,9,13,onchain,500,406,1979758,4554511,459000,532346,505.137600,582735,541.886700,615727,536.699300,69626,16.327800,0x098b50423eb1b80e5a7fb520438bb4f17cbf6c9b9e6ebef7938342aa2df694fe,0x154bfdb6e90d7431315c386cc66abcbf3958bded588b405520a34f7d4f56e666
theo_n,14,411,false,9,13,onchain,500,407,1979758,4554511,459000,532370,500.470200,582759,536.666100,615751,525.559600,69626,16.669500,0x098b50423eb1b80e5a7fb520438bb4f17cbf6c9b9e6ebef7938342aa2df694fe,0x09dcc218c82397618550beef8f8255788a9ec1329b4e16b1effb79dd16db6db8
theo_n,14,412,false,9,13,onchain,500,408,1979758,4554511,459000,532274,485.931700,582663,507.141500,615655,526.125500,69626,16.828000,0x098b50423eb1b80e5a7fb520438bb4f17cbf6c9b9e6ebef7938342aa2df694fe,0x03e0e67240dac313442539b1a1241dc6465eb385b752bbfd21607f280e9ed7a8
theo_n,14,413,false,9,13,onchain,500,409,1979758,4554511,459000,532298,495.362200,582687,556.531600,615679,510.690900,69626,18.532600,0x098b50423eb1b80e5a7fb520438bb4f17cbf6c9b9e6ebef7938342aa2df694fe,0x3007bee886bfacd3ffad885814b8c4e8cceb990aa13437fa53e86c1dcd321aac
theo_n,14,414,false,9,13,onchain,500,410,1979758,4554511,459000,532286,493.143600,582675,715.922500,615667,656.653200,69626,29.973900,0x098b50423eb1b80e5a7fb520438bb4f17cbf6c9b9e6ebef7938342aa2df694fe,0x181a21556d142138a10d0d14eb5e6c5d16df78825c4945a3d09ac9823e327b17
theo_n,14,415,false,9,13,onchain,500,411,1979758,4554511,459000,532370,749.556800,582759,528.424600,615751,614.168500,69626,16.365500,0x098b50423eb1b80e5a7fb520438bb4f17cbf6c9b9e6ebef7938342aa2df694fe,0x2835faa28d27666daad62898414f35b70a6f1b36e83f6903b595b0b699a120e0
theo_n,14,416,false,9,13,onchain,500,412,1979758,4554511,459000,532214,513.213500,582603,525.877600,615595,525.306400,69626,17.976900,0x098b50423eb1b80e5a7fb520438bb4f17cbf6c9b9e6ebef7938342aa2df694fe,0x06016b8fc0cfb43fe47861f337a516e5702b812d6b62d60cb94bca0b4d6acd7c
theo_n,14,417,false,9,13,onchain,500,413,1979758,4554511,459000,532154,485.918100,582543,583.360100,615535,531.002000,69626,15.663600,0x098b50423eb1b80e5a7fb520438bb4f17cbf6c9b9e6ebef7938342aa2df694fe,0x1bed17d5deba5bed8ba9eed3242058dba5d4c9596776efeb51be6779ca0306a3
theo_n,14,418,false,9,13,onchain,500,414,1979758,4554511,459000,532202,597.061000,582591,539.264800,615583,531.130000,69626,17.528400,0x098b50423eb1b80e5a7fb520438bb4f17cbf6c9b9e6ebef7938342aa2df694fe,0x016ddbf0460e9b0e15e4f146a5a20f1fdcdc6a8561610466846c78fbc49a3d7c
theo_n,14,419,false,9,13,onchain,500,415,1979758,4554511,459000,532250,518.136100,582639,541.736900,615631,531.709200,69626,15.438400,0x098b50423eb1b80e5a7fb520438bb4f17cbf6c9b9e6ebef7938342aa2df694fe,0x0e0771a1c3bbd684257a57be0b21e69a6727489b4ddc066d53818988c039b7c6
theo_n,14,420,false,9,13,onchain,500,416,1979758,4554511,459000,532274,525.876700,582663,545.470100,615655,542.801900,69626,18.044900,0x098b50423eb1b80e5a7fb520438bb4f17cbf6c9b9e6ebef7938342aa2df694fe,0x2830fdb34c979454f9f3421f8b0574c294c79daee7ad2bc1b5dc97a95a4f9d54
theo_n,14,421,false,9,13,onchain,500,417,1979758,4554511,459000,532298,521.686900,582687,569.392200,615679,546.322200,69626,20.586300,0x098b50423eb1b80e5a7fb520438bb4f17cbf6c9b9e6ebef7938342aa2df694fe,0x13a0fb9058def92f47de48cf7aa57b8540d590214e9ee3ef4a3b4e6b1fd39fc7
theo_n,14,422,false,9,13,onchain,500,418,1979758,4554511,459000,532274,528.373900,582663,558.200400,615655,597.011600,69626,21.825200,0x098b50423eb1b80e5a7fb520438bb4f17cbf6c9b9e6ebef7938342aa2df694fe,0x0326508a2e8766b39956ca4bcb280f99a691a9091e7328ef63d81a41a3b488f5
theo_n,14,423,false,9,13,onchain,500,419,1979758,4554511,459000,532298,527.615200,582687,567.255200,615679,580.473300,69626,21.521200,0x098b50423eb1b80e5a7fb520438bb4f17cbf6c9b9e6ebef7938342aa2df694fe,0x1aad75cc6b55ef5aefca1139b211062bbb6f98191567e7e2c53e14c4ed4d2510
theo_n,14,424,false,9,13,onchain,500,420,1979758,4554511,459000,532334,537.336600,582723,562.821500,615715,561.963700,69626,19.527200,0x098b50423eb1b80e5a7fb520438bb4f17cbf6c9b9e6ebef7938342aa2df694fe,0x0762cba02d6c2fd227c1121dbbb65b1dddcd594906111c19dcb75308284fab1e
theo_n,14,425,false,9,13,onchain,500,421,1979758,4554511,459000,532250,549.029100,582639,631.983200,615631,566.186600,69626,18.854200,0x098b50423eb1b80e5a7fb520438bb4f17cbf6c9b9e6ebef7938342aa2df694fe,0x2867d18a8d13dcdcf2a610885da6d6baf390d38a0ba79aa67af91dedf2e4134f
theo_n,14,426,false,9,13,onchain,500,422,1979758,4554511,459000,532286,579.809300,582675,559.878000,615667,554.875100,69626,19.066500,0x098b50423eb1b80e5a7fb520438bb4f17cbf6c9b9e6ebef7938342aa2df694fe,0x10c107c9cda92ec6cf3e9fe22cbf7cda99fe04bfb69b44457736f08daf94178b
theo_n,14,427,false,9,13,onchain,500,423,1979758,4554511,459000,532238,552.050900,582627,560.766400,615619,656.980200,69626,21.104900,0x098b50423eb1b80e5a7fb520438bb4f17cbf6c9b9e6ebef7938342aa2df694fe,0x2581e5575f4204b4a6f3b0e08c12245c083765c1a07f32b13a96895ca1ba1425
theo_n,14,428,false,9,13,onchain,500,424,1979758,4554511,459000,532214,543.125400,582603,668.360300,615595,573.510500,69626,19.936900,0x098b50423eb1b80e5a7fb520438bb4f17cbf6c9b9e6ebef7938342aa2df694fe,0x277aac34d6c47e54cdbb5d62cfd244cec5298c9c26f6aa993fb0e26cf2f1082f
theo_n,14,429,false,9,13,onchain,500,425,1979758,4554511,459000,532298,572.364900,582687,565.854000,615679,546.353800,69626,19.340500,0x098b50423eb1b80e5a7fb520438bb4f17cbf6c9b9e6ebef7938342aa2df694fe,0x03ea32e3c967ab912ee0c86ac10303a8203c3057bba343c213f706eb718cec52
theo_n,14,430,false,9,13,onchain,500,426,1979758,4554511,459000,532298,602.756800,582687,561.312700,615679,569.079000,69626,17.629600,0x098b50423eb1b80e5a7fb520438bb4f17cbf6c9b9e6ebef7938342aa2df694fe,0x3003b73a88a8569a4f81d8beb7f720188535c7718ead6ae84dbe3c272f4f5f3b
theo_n,14,431,false,9,13,onchain,500,427,1979758,4554511,459000,532226,527.199000,582615,531.738500,615607,534.160600,69626,18.882500,0x098b50423eb1b80e5a7fb520438bb4f17cbf6c9b9e6ebef7938342aa2df694fe,0x0a05cfe41f28c738b7d5d7716c8320b06aa79e0e6625c4f3558a58dc9b7fef42
theo_n,14,432,false,9,13,onchain,500,428,1979758,4554511,459000,532286,515.832300,582663,590.185700,615655,576.430400,69614,22.143700,0x098b50423eb1b80e5a7fb520438bb4f17cbf6c9b9e6ebef7938342aa2df694fe,0x2500607ce618ef9bd30f4bc46ee16168b678de82a12629390aecc174960b46cd
theo_n,14,433,false,9,13,onchain,500,429,1979758,4554511,459000,532322,514.894500,582711,563.003600,615703,523.219400,69626,17.218500,0x098b50423eb1b80e5a7fb520438bb4f17cbf6c9b9e6ebef7938342aa2df694fe,0x01c24f87ee6d59ee391a1593ecbeb6d1fa9963826beeb11f5caf468141128f09
theo_n,14,434,false,9,13,onchain,500,430,1979758,4554511,459000,532274,509.148700,582663,543.039200,615655,544.328400,69626,16.848100,0x098b50423eb1b80e5a7fb520438bb4f17cbf6c9b9e6ebef7938342aa2df694fe,0x2082108df1e5d8328a3a52f2af197ec79b7856c8bc9c44ccf2d1d5951679a4c0
theo_n,14,435,false,9,13,onchain,500,431,1979758,4554511,459000,532262,530.548900,582651,505.311200,615643,506.494700,69626,17.181600,0x098b50423eb1b80e5a7fb520438bb4f17cbf6c9b9e6ebef7938342aa2df694fe,0x0999ffaafc0622752b26e0380a201e79e330224adc28c45d809d6203c7183765
theo_n,14,436,false,9,13,onchain,500,432,1979758,4554511,459000,532286,483.155400,582663,506.586700,615655,556.812300,69626,16.794000,0x098b50423eb1b80e5a7fb520438bb4f17cbf6c9b9e6ebef7938342aa2df694fe,0x0256f5aa2a81c65d55d7ac3351c57b3fc477bd1a5d4650020d8ac1c2cb98c320
theo_n,14,437,false,9,13,onchain,500,433,1979758,4554511,459000,532286,488.628400,582675,528.007100,615667,506.922000,69626,19.138500,0x098b50423eb1b80e5a7fb520438bb4f17cbf6c9b9e6ebef7938342aa2df694fe,0x037bc2c964784fc7e3cd2de16c3218014bc8ac4ab259c3fc47df759225c0c432
theo_n,14,438,false,9,13,onchain,500,434,1979758,4554511,459000,532130,509.453800,582507,500.629200,615499,524.366800,69614,18.193200,0x098b50423eb1b80e5a7fb520438bb4f17cbf6c9b9e6ebef7938342aa2df694fe,0x173dc3dc4e6fcdf0ebba3fd2fe4632fb42c0ceb9e4cc5e9b374dc60deb000b3f
theo_n,14,439,false,9,13,onchain,500,435,1979758,4554511,459000,532286,497.697500,582675,499.538300,615667,521.015300,69626,20.391800,0x098b50423eb1b80e5a7fb520438bb4f17cbf6c9b9e6ebef7938342aa2df694fe,0x1209c0c6094437ccf08802ad2ccd707c6033334ef0aac113035d1ba5c5d53302
theo_n,14,440,false,9,13,onchain,500,436,1979758,4554511,459000,532310,481.432700,582699,516.364600,615691,513.467900,69626,20.411500,0x098b50423eb1b80e5a7fb520438bb4f17cbf6c9b9e6ebef7938342aa2df694fe,0x11a1aa45758004aee4e35df3345be3240a16450e6c518e436a9fef029035717a
theo_n,14,441,false,9,13,onchain,500,437,1979758,4554511,459000,532322,495.466600,582699,521.219300,615691,509.095200,69614,17.045800,0x098b50423eb1b80e5a7fb520438bb4f17cbf6c9b9e6ebef7938342aa2df694fe,0x04476444e54b8d9345af11b280f951950dec019f5f9ed96cd666000cb6f8c8a4
theo_n,14,442,false,9,13,onchain,500,438,1979758,4554511,459000,532322,475.774100,582711,515.623500,615703,507.792700,69626,16.557800,0x098b50423eb1b80e5a7fb520438bb4f17cbf6c9b9e6ebef7938342aa2df694fe,0x2806a21730d85cb406c3a0c7893edf53a23bb94164481acaec92dfaacc498c43
theo_n,14,443,false,9,13,onchain,500,439,1979758,4554511,459000,532262,496.566100,582651,567.826900,615643,706.241800,69626,17.871400,0x098b50423eb1b80e5a7fb520438bb4f17cbf6c9b9e6ebef7938342aa2df694fe,0x214b13489d4f64f42e4f378022beeb428cee36c93df8f8e97b38d25222015f0e
theo_n,14,444,false,9,13,onchain,500,440,1979758,4554511,459000,532298,506.146700,582675,504.144200,615667,498.907500,69626,17.445400,0x098b50423eb1b80e5a7fb520438bb4f17cbf6c9b9e6ebef7938342aa2df694fe,0x066f9d468513da57c066c36e999991151e9f59de613bf62318b16f8c0dc85b20
theo_n,14,445,false,9,13,onchain,500,441,1979758,4554511,459000,532226,497.740500,582615,501.116900,615607,508.898500,69626,17.377900,0x098b50423eb1b80e5a7fb520438bb4f17cbf6c9b9e6ebef7938342aa2df694fe,0x2685af6105268b603a453ab4de1bcdd24c4090058d83280b15b70eb1e3493b77
theo_n,14,446,false,9,13,onchain,500,442,1979758,4554511,459000,532214,487.179300,582603,496.776600,615595,506.662100,69626,16.698700,0x098b50423eb1b80e5a7fb520438bb4f17cbf6c9b9e6ebef7938342aa2df694fe,0x1c157e5b315f744377d41988cc71c4e64d2bb77893f27acd05aad8664ce59a79
theo_n,14,447,false,9,13,onchain,500,443,1979758,4554511,459000,532274,455.228900,582663,506.410700,615655,580.993300,69626,19.524700,0x098b50423eb1b80e5a7fb520438bb4f17cbf6c9b9e6ebef7938342aa2df694fe,0x2267434a9eb55f81aff6acbc29f609c4a6cd46d4f19e735c0845e1e54dc511cf
theo_n,14,448,false,9,13,onchain,500,444,1979758,4554511,459000,532238,489.066100,582627,501.298000,615619,534.245800,69626,19.159300,0x098b50423eb1b80e5a7fb520438bb4f17cbf6c9b9e6ebef7938342aa2df694fe,0x2427edd792ee64541c9bb6a75a9554187a8b10a7730ae17241a149dd8197cb5c
theo_n,14,449,false,9,13,onchain,500,445,1979758,4554511,459000,532238,490.555400,582627,520.024900,615619,519.465500,69626,18.715100,0x098b50423eb1b80e5a7fb520438bb4f17cbf6c9b9e6ebef7938342aa2df694fe,0x0cf8a1ade649c5cea439e53e3be597c4c53290bf1c8b7f8bcb41a7ef7dea770e
theo_n,14,450,false,9,13,onchain,500,446,1979758,4554511,459000,532238,498.915400,582615,550.369700,615607,565.908100,69614,17.202600,0x098b50423eb1b80e5a7fb520438bb4f17cbf6c9b9e6ebef7938342aa2df694fe,0x129883fbbf2647002f7deacb824779cb974c9eee7bbb30bf1261998df957b8dc
theo_n,14,451,false,9,13,onchain,500,447,1979758,4554511,459000,532286,574.073900,582675,506.921300,615667,579.914900,69626,15.769800,0x098b50423eb1b80e5a7fb520438bb4f17cbf6c9b9e6ebef7938342aa2df694fe,0x0594521bbee73c066f93948e2ff7a51262787f7f3a8f16471f68ddf2a657e869
theo_n,14,452,false,9,13,onchain,500,448,1979758,4554511,459000,532322,496.850000,582711,492.675200,615703,512.494300,69626,16.471400,0x098b50423eb1b80e5a7fb520438bb4f17cbf6c9b9e6ebef7938342aa2df694fe,0x13f17dda8cb57596d85fb2110de78808017c61bc82d7b7330c51357cf8ab248e
theo_n,14,453,false,9,13,onchain,500,449,1979758,4554511,459000,532238,501.897800,582627,519.495900,615619,544.247400,69626,17.104700,0x098b50423eb1b80e5a7fb520438bb4f17cbf6c9b9e6ebef7938342aa2df694fe,0x12c9ec6c712307c39974e8ea98426582b0f316e90a50231bc1a00186bd92507e
theo_n,14,454,false,9,13,onchain,500,450,1979758,4554511,459000,532274,494.992400,582663,554.927900,615655,527.197900,69626,16.276900,0x098b50423eb1b80e5a7fb520438bb4f17cbf6c9b9e6ebef7938342aa2df694fe,0x148354c630b4862274a3c4f9627e46281b10d5ce88bc6a9f22459d0f2e6ba9a8
theo_n,14,455,false,9,13,onchain,500,451,1979758,4554511,459000,532310,500.139900,582699,516.162200,615691,504.380800,69626,18.597500,0x098b50423eb1b80e5a7fb520438bb4f17cbf6c9b9e6ebef7938342aa2df694fe,0x20281760db9fef7baf5df36729d8e86b1f03d2bfeeadec7e293627fe630e7d86
theo_n,14,456,false,9,13,onchain,500,452,1979758,4554511,459000,532310,507.678900,582699,523.845400,615691,501.011400,69626,19.859900,0x098b50423eb1b80e5a7fb520438bb4f17cbf6c9b9e6ebef7938342aa2df694fe,0x1f5d68be2c50d3e703fb116f57bfc854bce65788b7ade4c79548c288f898484f
theo_n,14,457,false,9,13,onchain,500,453,1979758,4554511,459000,532274,505.459300,582663,510.691700,615655,522.074900,69626,16.809700,0x098b50423eb1b80e5a7fb520438bb4f17cbf6c9b9e6ebef7938342aa2df694fe,0x2202cbc3666b0757b2bc1092b87ec06aaa632d9b644694c824a1a9f1402fb796
theo_n,14,458,false,9,13,onchain,500,454,1979758,4554511,459000,532274,536.076900,582663,572.239800,615655,516.039300,69626,17.176800,0x098b50423eb1b80e5a7fb520438bb4f17cbf6c9b9e6ebef7938342aa2df694fe,0x27c2dffe7874cdda7cce3b6fb243cb2ca8974f0861a27c2419bf621ed6556606
theo_n,14,459,false,9,13,onchain,500,455,1979758,4554511,459000,532334,513.926900,582711,529.244700,615703,536.569000,69626,16.131700,0x098b50423eb1b80e5a7fb520438bb4f17cbf6c9b9e6ebef7938342aa2df694fe,0x12a504725a3c750c382de4b79051869e38d03e6aa42f4505f940340f4885b7c2
theo_n,14,460,false,9,13,onchain,500,456,1979758,4554511,459000,532142,508.031300,582531,528.886400,615523,532.186500,69626,15.882700,0x098b50423eb1b80e5a7fb520438bb4f17cbf6c9b9e6ebef7938342aa2df694fe,0x2e78ab53da0c12b723f36c4ae0ce7f5b0621afa5eb0811cd6a96df8698650698
theo_n,14,461,false,9,13,onchain,500,457,1979758,4554511,459000,532370,559.061900,582759,559.513200,615751,585.758500,69626,16.291800,0x098b50423eb1b80e5a7fb520438bb4f17cbf6c9b9e6ebef7938342aa2df694fe,0x2fbda956e787d64ca8b6341cc1314e56b201281444c7bf34030a23838bc743ce
theo_n,14,462,false,9,13,onchain,500,458,1979758,4554511,459000,532238,575.385800,582615,523.537100,615607,524.916800,69626,16.199400,0x098b50423eb1b80e5a7fb520438bb4f17cbf6c9b9e6ebef7938342aa2df694fe,0x119e6e31b73d1a8836957b9bbf042afcbffe0c2a4f27f87c8be3bdf7f9a74b1f
theo_n,14,463,false,9,13,onchain,500,459,1979758,4554511,459000,532382,511.116400,582771,712.941200,615763,761.046000,69626,22.861100,0x098b50423eb1b80e5a7fb520438bb4f17cbf6c9b9e6ebef7938342aa2df694fe,0x121504fcf4f883891e0fc21eb1da196a5cc2f172e30aef5860b68086905e0aec
theo_n,14,464,false,9,13,onchain,500,460,1979758,4554511,459000,532262,750.100800,582651,684.748500,615643,573.929400,69626,19.806200,0x098b50423eb1b80e5a7fb520438bb4f17cbf6c9b9e6ebef7938342aa2df694fe,0x1c2d5c6cf07f2dbdd8f604df0337912e297989a309cd33d6dc1239fe147ab4b6
theo_n,14,465,false,9,13,onchain,500,461,1979758,4554511,459000,532250,530.633500,582627,546.595600,615619,537.816000,69614,16.501400,0x098b50423eb1b80e5a7fb520438bb4f17cbf6c9b9e6ebef7938342aa2df694fe,0x0704c0ac4a16b2c09e01e830dfc5b10d7c1b093c7c242fa8c85a1d6afc5b0059
theo_n,14,466,false,9,13,onchain,500,462,1979758,4554511,459000,532238,524.523700,582627,586.227700,615619,558.540600,69626,18.275900,0x098b50423eb1b80e5a7fb520438bb4f17cbf6c9b9e6ebef7938342aa2df694fe,0x26a19ddc2ed55c40fb8bbb487a5e35e680624c166c65eb1a17b4c49f7b963cf4
theo_n,14,467,false,9,13,onchain,500,463,1979758,4554511,459000,532286,538.247800,582675,541.496300,615667,545.249300,69626,16.210200,0x098b50423eb1b80e5a7fb520438bb4f17cbf6c9b9e6ebef7938342aa2df694fe,0x25ef2285374d0d2fb8f352c90602ea21678ab56bfa198771d120d845fd403499
theo_n,14,468,false,9,13,onchain,500,464,1979758,4554511,459000,532406,526.385800,582795,549.235400,615787,602.740800,69626,16.549300,0x098b50423eb1b80e5a7fb520438bb4f17cbf6c9b9e6ebef7938342aa2df694fe,0x2deef529266e39c647c7f8aa57f1736e372c78d3a0c62c5890613454a7c5fba8
theo_n,14,469,false,9,13,onchain,500,465,1979758,4554511,459000,532250,514.219100,582639,541.498500,615631,546.632000,69626,16.363400,0x098b50423eb1b80e5a7fb520438bb4f17cbf6c9b9e6ebef7938342aa2df694fe,0x17e4d436a99114d9778510c1ad0db88c4c9e6d9ff265191a17aec8c9bdc35b0d
theo_n,14,470,false,9,13,onchain,500,466,1979758,4554511,459000,532382,518.701800,582771,607.755700,615763,540.337800,69626,17.136500,0x098b50423eb1b80e5a7fb520438bb4f17cbf6c9b9e6ebef7938342aa2df694fe,0x194895cb66b9d54f2220b208f6d8dfdc02547c4c64f4b73bd9fbf42e3df5bce9
theo_n,14,471,false,9,13,onchain,500,467,1979758,4554511,459000,532382,594.500400,582771,551.521200,615763,540.606200,69626,19.718400,0x098b50423eb1b80e5a7fb520438bb4f17cbf6c9b9e6ebef7938342aa2df694fe,0x17b9faa51b28b1bf98a3d3650f88426d3ec0f81fc68691e2978f685c54039bdf
theo_n,14,472,false,9,13,onchain,500,468,1979758,4554511,459000,532394,524.228700,582783,599.908600,615775,544.260300,69626,19.757800,0x098b50423eb1b80e5a7fb520438bb4f17cbf6c9b9e6ebef7938342aa2df694fe,0x03557e9b7fef581c5a714eec6689e6db4162f91f8d460ae5dcca16d3b3f9e352
theo_n,14,473,false,9,13,onchain,500,469,1979758,4554511,459000,532334,546.820800,582711,540.241800,615703,578.520000,69614,15.654500,0x098b50423eb1b80e5a7fb520438bb4f17cbf6c9b9e6ebef7938342aa2df694fe,0x2c3214b8c0e8434fb6524fb4ff11e4e800a00966657e18a5d88267ae5f781abf
theo_n,14,474,false,9,13,onchain,500,470,1979758,4554511,459000,532250,504.844100,582639,540.825600,615631,574.893400,69626,16.570600,0x098b50423eb1b80e5a7fb520438bb4f17cbf6c9b9e6ebef7938342aa2df694fe,0x0642a894943cd70151604e637ce6b256aef63733dc5c514325eabd85b7873425
theo_n,14,475,false,9,13,onchain,500,471,1979758,4554511,459000,532358,504.870500,582747,640.527400,615739,570.457700,69626,39.663300,0x098b50423eb1b80e5a7fb520438bb4f17cbf6c9b9e6ebef7938342aa2df694fe,0x18552a6e21eecc017d45a61ec84e6f6dafafd85e5f3a8a1b69f6d52891467353
theo_n,14,476,false,9,13,onchain,500,472,1979758,4554511,459000,532286,632.233300,582663,576.053500,615655,513.458800,69614,17.088400,0x098b50423eb1b80e5a7fb520438bb4f17cbf6c9b9e6ebef7938342aa2df694fe,0x09d6031cbe83e6b6daf712c57cef8f8a00092aaa20ee245268c6261746fb3e6d
theo_n,14,477,false,9,13,onchain,500,473,1979758,4554511,459000,532238,1203.742000,582627,546.514000,615619,573.601900,69626,18.954600,0x098b50423eb1b80e5a7fb520438bb4f17cbf6c9b9e6ebef7938342aa2df694fe,0x1d2e7002b581918e7f17fd4c88eaa1e2816dd4fceb92b04c7f1dee4714df076c
theo_n,14,478,false,9,13,onchain,500,474,1979758,4554511,459000,532310,532.776900,582699,576.397100,615691,529.018200,69626,23.119800,0x098b50423eb1b80e5a7fb520438bb4f17cbf6c9b9e6ebef7938342aa2df694fe,0x106c70cbd048ff8d859a8c2a2ac67e23ea74f80b5e9723d541592f72a9be6164
theo_n,14,479,false,9,13,onchain,500,475,1979758,4554511,459000,532226,537.839700,582615,546.747100,615607,551.836500,69626,27.517400,0x098b50423eb1b80e5a7fb520438bb4f17cbf6c9b9e6ebef7938342aa2df694fe,0x18f841147423b43a4e24f734b60a18649d2e49861e1471f1293b599ddadb5b4f
theo_n,14,480,false,9,13,onchain,500,476,1979758,4554511,459000,532298,559.784000,582687,577.263000,615679,676.130400,69626,23.077900,0x098b50423eb1b80e5a7fb520438bb4f17cbf6c9b9e6ebef7938342aa2df694fe,0x181f47596bdada82053dbd519feadb3e1decced847c3ebee5da8062170b7a1fd
theo_n,14,481,false,9,13,onchain,500,477,1979758,4554511,459000,532214,534.764800,582603,535.883300,615595,555.548800,69626,23.108700,0x098b50423eb1b80e5a7fb520438bb4f17cbf6c9b9e6ebef7938342aa2df694fe,0x19d72b93da5f25751ed0e6f5181858631c5863ceb85e9b062ae3f523c50c3823
theo_n,14,482,false,9,13,onchain,500,478,1979758,4554511,459000,532322,583.846000,582711,582.398100,615703,666.111900,69626,31.456400,0x098b50423eb1b80e5a7fb520438bb4f17cbf6c9b9e6ebef7938342aa2df694fe,0x08b9371a31a7f0b2166783304eb3dda67b5455dab4f641d34af9e809ae17f981
theo_n,14,483,false,9,13,onchain,500,479,1979758,4554511,459000,532382,535.706600,582771,531.776200,615763,580.318900,69626,22.994000,0x098b50423eb1b80e5a7fb520438bb4f17cbf6c9b9e6ebef7938342aa2df694fe,0x10acd05e15df221672ec5e25ee7ec5383df40f6a96e4be200f349008ee830ed2
theo_n,14,484,false,9,13,onchain,500,480,1979758,4554511,459000,532226,590.854800,582603,547.824100,615595,590.187400,69626,28.424400,0x098b50423eb1b80e5a7fb520438bb4f17cbf6c9b9e6ebef7938342aa2df694fe,0x3012161f3b161556cf3aa88c4d04f0e9cec22c97b7b8e848d5c7178f3e9b74fd
theo_n,14,485,false,9,13,onchain,500,481,1979758,4554511,459000,532346,526.329900,582735,541.281300,615727,566.214700,69626,22.621700,0x098b50423eb1b80e5a7fb520438bb4f17cbf6c9b9e6ebef7938342aa2df694fe,0x21472178fbf204e629d62a47c15eef10a81ccebaf9f644bd9e4e46c54d340a59
theo_n,14,486,false,9,13,onchain,500,482,1979758,4554511,459000,532262,578.552900,582639,542.686400,615631,616.427000,69614,23.904700,0x098b50423eb1b80e5a7fb520438bb4f17cbf6c9b9e6ebef7938342aa2df694fe,0x1cc81977f75add8f0fa8ffdf8e8d9dd6dc1ad4006181c677d57a5e41157e77c1
theo_n,14,487,false,9,13,onchain,500,483,1979758,4554511,459000,532310,884.149500,582687,614.666600,615679,630.053100,69614,30.346500,0x098b50423eb1b80e5a7fb520438bb4f17cbf6c9b9e6ebef7938342aa2df694fe,0x133f3b027ddf242d1e004142a313c84f951891b964cda34421c8e2199d1420c0
theo_n,14,488,false,9,13,onchain,500,484,1979758,4554511,459000,532286,528.583500,582675,558.322200,615667,568.370300,69626,29.908500,0x098b50423eb1b80e5a7fb520438bb4f17cbf6c9b9e6ebef7938342aa2df694fe,0x03c9185fd1372f0e37b4bf9a3f3dd2063edca06487f626d6d85fd838ad3008ca
theo_n,14,489,false,9,13,onchain,500,485,1979758,4554511,459000,532322,549.297900,582711,671.263400,615703,650.070900,69626,27.021900,0x098b50423eb1b80e5a7fb520438bb4f17cbf6c9b9e6ebef7938342aa2df694fe,0x25e0e7e38fef95e132acd28d6c482e384298692bcd6d0473d4a5e7270f432fb0
theo_n,14,490,false,9,13,onchain,500,486,1979758,4554511,459000,532286,552.502200,582675,621.478300,615667,545.470200,69626,24.870700,0x098b50423eb1b80e5a7fb520438bb4f17cbf6c9b9e6ebef7938342aa2df694fe,0x227d5c1302a98c79262e6fe667330fa86813e3133cf5286aa5d1aa56b4d297e4
theo_n,14,491,false,9,13,onchain,500,487,1979758,4554511,459000,532310,543.408200,582687,599.495700,615679,593.437800,69614,22.589600,0x098b50423eb1b80e5a7fb520438bb4f17cbf6c9b9e6ebef7938342aa2df694fe,0x1c00aecebc0b69341373f2e0bb29a3c24aac853fd64da87b62c5b316aeca1219
theo_n,14,492,false,9,13,onchain,500,488,1979758,4554511,459000,532262,555.387900,582651,604.995100,615643,554.003700,69626,20.687400,0x098b50423eb1b80e5a7fb520438bb4f17cbf6c9b9e6ebef7938342aa2df694fe,0x084e8cd0f0efa2d0483d3d7c58e49fc749ef77ebb1737fe33318558c56cf3427
theo_n,14,493,false,9,13,onchain,500,489,1979758,4554511,459000,532190,617.071500,582579,537.959900,615571,625.096700,69626,19.752100,0x098b50423eb1b80e5a7fb520438bb4f17cbf6c9b9e6ebef7938342aa2df694fe,0x0a043a7874d62ba138be2dc0842dd24ce6d289652d427bfd6f79e7c48c37b4f7
theo_n,14,494,false,9,13,onchain,500,490,1979758,4554511,459000,532382,530.516900,582759,558.119500,615751,575.203600,69626,27.242000,0x098b50423eb1b80e5a7fb520438bb4f17cbf6c9b9e6ebef7938342aa2df694fe,0x1a89f23a47b3613d76999e01716fb21161a281ba453f95be5b6ec1a4cd2760ff
theo_n,14,495,false,9,13,onchain,500,491,1979758,4554511,459000,532394,565.303400,582783,631.534400,615775,620.420400,69626,57.434400,0x098b50423eb1b80e5a7fb520438bb4f17cbf6c9b9e6ebef7938342aa2df694fe,0x300e9a493810956b752cdc311daa8c6888ed4496181d73e24231623198cff11e
theo_n,14,496,false,9,13,onchain,500,492,1979758,4554511,459000,532322,599.049800,582711,688.635200,615703,569.625000,69626,27.031100,0x098b50423eb1b80e5a7fb520438bb4f17cbf6c9b9e6ebef7938342aa2df694fe,0x2e66af613bd0b308ea76ce8156c11daa75c95d3f8e0ca9d7b293c31c96014b21
theo_n,14,497,false,9,13,onchain,500,493,1979758,4554511,459000,532310,566.245000,582699,564.030700,615691,632.925200,69626,27.127000,0x098b50423eb1b80e5a7fb520438bb4f17cbf6c9b9e6ebef7938342aa2df694fe,0x02dc77fb04fd69f7fab1957d3aba82ed08d25eac854c3dde2a9cade544679e2b
theo_n,14,498,false,9,13,onchain,500,494,1979758,4554511,459000,532238,524.675700,582615,567.542200,615607,530.000600,69614,24.479400,0x098b50423eb1b80e5a7fb520438bb4f17cbf6c9b9e6ebef7938342aa2df694fe,0x228653279e7e7b00992306c5edc1435c1091f5e23990f9d8e3779fd1aa32a8de
theo_n,14,499,false,9,13,onchain,500,495,1979758,4554511,459000,532334,564.900600,582723,556.582700,615715,635.744600,69626,28.568100,0x098b50423eb1b80e5a7fb520438bb4f17cbf6c9b9e6ebef7938342aa2df694fe,0x230a0a415e1e60f6e218a20cd575f16422d11c814813bb0c4546415a14659006
theo_n,14,500,false,9,13,onchain,500,496,1979758,4554511,459000,532322,651.430000,582711,591.315600,615703,588.141900,69626,23.519600,0x098b50423eb1b80e5a7fb520438bb4f17cbf6c9b9e6ebef7938342aa2df694fe,0x0975721ab977e0a4a2d19fc776c1a4212a6d048f5a988aa06d9d108845b40913
theo_n,14,501,false,9,13,onchain,500,497,1979758,4554511,459000,532298,545.437700,582687,603.055000,615679,601.472200,69626,25.442800,0x098b50423eb1b80e5a7fb520438bb4f17cbf6c9b9e6ebef7938342aa2df694fe,0x1277fe6d922e86999f40ca4cb0a82e4bbb03db29f014e42a63da54bd386146f0
theo_n,14,502,false,9,13,onchain,500,498,1979758,4554511,459000,532154,583.193600,582531,550.691000,615523,582.391000,69614,24.741800,0x098b50423eb1b80e5a7fb520438bb4f17cbf6c9b9e6ebef7938342aa2df694fe,0x0113f1fb5a35006448b95b51265b86f399805050c99ce68c7e92a1106394a4ee
theo_n,14,503,false,9,13,onchain,500,499,1979758,4554511,459000,532250,598.552500,582639,559.653400,615631,591.084800,69626,24.942400,0x098b50423eb1b80e5a7fb520438bb4f17cbf6c9b9e6ebef7938342aa2df694fe,0x0c0e1ce676ffd8704c6db547c1f554636c17d9d3da8dfce0b63543dfae4b1d6c
