thi_nghiem,run_id,iteration,warmup,d,k,mechanism,n,student_index,witness_ms,setup_ms,prove_ms,proof_generation_ms,verify_native_ms,verified,proof_bytes,calldata_bytes,root,nullifier
theo_n,14,1,true,9,13,onchain,500,0,26.512000,2068.856600,1052.972600,1079.484600,6.255500,true,4224,4352,0x098b50423eb1b80e5a7fb520438bb4f17cbf6c9b9e6ebef7938342aa2df694fe,0x0908cbf85e088d680fbd39fdb24b3cc3dd4a43f6c03cd816e06f24aad0ed40c9
theo_n,14,2,true,9,13,onchain,500,1,43.517800,2068.856600,1191.572800,1235.090600,6.819400,true,4224,4352,0x098b50423eb1b80e5a7fb520438bb4f17cbf6c9b9e6ebef7938342aa2df694fe,0x067e06c893d9a0e4d6fd53a0046674c8f20bf84f7b70811bf473ffa211d8c6bd
theo_n,14,3,true,9,13,onchain,500,2,47.952500,2068.856600,1251.302700,1299.255200,6.281400,true,4224,4352,0x098b50423eb1b80e5a7fb520438bb4f17cbf6c9b9e6ebef7938342aa2df694fe,0x0b8fe57083cdcc700c57fbcf6933cb725896572c6ab544b6f4d8e1c6ab38f07b
theo_n,14,4,false,9,13,onchain,500,0,43.897300,2068.856600,1220.511700,1264.409000,47.528400,true,4224,4352,0x098b50423eb1b80e5a7fb520438bb4f17cbf6c9b9e6ebef7938342aa2df694fe,0x0908cbf85e088d680fbd39fdb24b3cc3dd4a43f6c03cd816e06f24aad0ed40c9
theo_n,14,5,false,9,13,onchain,500,1,55.382800,2068.856600,1450.426000,1505.808800,6.870400,true,4224,4352,0x098b50423eb1b80e5a7fb520438bb4f17cbf6c9b9e6ebef7938342aa2df694fe,0x067e06c893d9a0e4d6fd53a0046674c8f20bf84f7b70811bf473ffa211d8c6bd
theo_n,14,6,false,9,13,onchain,500,2,45.109700,2068.856600,1300.345600,1345.455300,6.724800,true,4224,4352,0x098b50423eb1b80e5a7fb520438bb4f17cbf6c9b9e6ebef7938342aa2df694fe,0x0b8fe57083cdcc700c57fbcf6933cb725896572c6ab544b6f4d8e1c6ab38f07b
theo_n,14,7,false,9,13,onchain,500,3,45.850100,2068.856600,1273.589300,1319.439400,6.974400,true,4224,4352,0x098b50423eb1b80e5a7fb520438bb4f17cbf6c9b9e6ebef7938342aa2df694fe,0x107c70d191e489c806456c18cf98e286488b248a7e2ac57b6576b30dfade8db2
theo_n,14,8,false,9,13,onchain,500,4,44.418000,2068.856600,1321.713200,1366.131200,6.712700,true,4224,4352,0x098b50423eb1b80e5a7fb520438bb4f17cbf6c9b9e6ebef7938342aa2df694fe,0x0a311bfe27c095e9b61eb94f9bfdc9d5e247dfd2f96271cff3d32612a2e7339a
theo_n,14,9,false,9,13,onchain,500,5,44.026000,2068.856600,1281.630500,1325.656500,7.086100,true,4224,4352,0x098b50423eb1b80e5a7fb520438bb4f17cbf6c9b9e6ebef7938342aa2df694fe,0x18b6e24c33265e51a6ebce655f0c7d8cc56a336e228450d97e77a9ef874404bc
theo_n,14,10,false,9,13,onchain,500,6,44.946100,2068.856600,1349.816400,1394.762500,6.838000,true,4224,4352,0x098b50423eb1b80e5a7fb520438bb4f17cbf6c9b9e6ebef7938342aa2df694fe,0x178454ab459643088f4034d21806282a31eacc6d694df8a91a76f6cadc1e4e05
theo_n,14,11,false,9,13,onchain,500,7,45.299400,2068.856600,1298.938100,1344.237500,7.075400,true,4224,4352,0x098b50423eb1b80e5a7fb520438bb4f17cbf6c9b9e6ebef7938342aa2df694fe,0x156330b35df029b9ac8c5cf74cf1978f087f063d91916404df8a0984916950ac
theo_n,14,12,false,9,13,onchain,500,8,49.094600,2068.856600,1328.051100,1377.145700,6.345600,true,4224,4352,0x098b50423eb1b80e5a7fb520438bb4f17cbf6c9b9e6ebef7938342aa2df694fe,0x15bf766aa145bc49955f4b440b0070cdb1823fdb1a4942a856ae7a53dd251a8a
theo_n,14,13,false,9,13,onchain,500,9,44.462600,2068.856600,1293.509400,1337.972000,6.459100,true,4224,4352,0x098b50423eb1b80e5a7fb520438bb4f17cbf6c9b9e6ebef7938342aa2df694fe,0x145e23340ae3a5c2a8a430e0bd8150939cf9d3336c5a111f39801cc2a9171cea
theo_n,14,14,false,9,13,onchain,500,10,43.103500,2068.856600,1302.936100,1346.039600,6.976300,true,4224,4352,0x098b50423eb1b80e5a7fb520438bb4f17cbf6c9b9e6ebef7938342aa2df694fe,0x19d8b479a4eb2ed56fc544f5f258c142afbc9733ce11579245b90f6471cc5aa2
theo_n,14,15,false,9,13,onchain,500,11,44.530400,2068.856600,1267.797200,1312.327600,7.114700,true,4224,4352,0x098b50423eb1b80e5a7fb520438bb4f17cbf6c9b9e6ebef7938342aa2df694fe,0x17115cce247ab17833ce4f971544dcf98cba44f30ac3caa2b60573600696808c
theo_n,14,16,false,9,13,onchain,500,12,43.634800,2068.856600,1299.904100,1343.538900,7.456100,true,4224,4352,0x098b50423eb1b80e5a7fb520438bb4f17cbf6c9b9e6ebef7938342aa2df694fe,0x12f7111f7f65e737c4608f3f8cffc3dea6a29e14af7ddcba52cac254304ecd23
theo_n,14,17,false,9,13,onchain,500,13,48.731200,2068.856600,1336.475700,1385.206900,7.347700,true,4224,4352,0x098b50423eb1b80e5a7fb520438bb4f17cbf6c9b9e6ebef7938342aa2df694fe,0x146554373ef67f5de307538cfcb7e62015f4c7d7791f0be35f5897031ab12a59
theo_n,14,18,false,9,13,onchain,500,14,46.852200,2068.856600,1267.286200,1314.138400,7.204400,true,4224,4352,0x098b50423eb1b80e5a7fb520438bb4f17cbf6c9b9e6ebef7938342aa2df694fe,0x298177b133ab3f68a2e47c6d74787973892a7540de8dcd16ae80701b4d1a19b5
theo_n,14,19,false,9,13,onchain,500,15,43.216800,2068.856600,1175.878900,1219.095700,7.144600,true,4224,4352,0x098b50423eb1b80e5a7fb520438bb4f17cbf6c9b9e6ebef7938342aa2df694fe,0x290f20350f10923907c139526a8eeb150f99e2573a16d6916fe0f769c993f49a
theo_n,14,20,false,9,13,onchain,500,16,46.818100,2068.856600,1120.312400,1167.130500,5.946800,true,4224,4352,0x098b50423eb1b80e5a7fb520438bb4f17cbf6c9b9e6ebef7938342aa2df694fe,0x171e66512384a041ca6a5f708a5b4fdda9cf24ab176412c6f6900afc3c6dedb8
theo_n,14,21,false,9,13,onchain,500,17,40.345100,2068.856600,1082.723200,1123.068300,6.364700,true,4224,4352,0x098b50423eb1b80e5a7fb520438bb4f17cbf6c9b9e6ebef7938342aa2df694fe,0x1be2fe80e5029582e3f6e62f4cb2a84d401feee79f16b335d0bc369a395a0853
theo_n,14,22,false,9,13,onchain,500,18,40.667100,2068.856600,1541.746600,1582.413700,7.023800,true,4224,4352,0x098b50423eb1b80e5a7fb520438bb4f17cbf6c9b9e6ebef7938342aa2df694fe,0x0bb978d615ff4f194a9934af270a428732e8174c4311c8beb31d4e0bbabbc0bc
theo_n,14,23,false,9,13,onchain,500,19,43.949500,2068.856600,1385.705500,1429.655000,7.876900,true,4224,4352,0x098b50423eb1b80e5a7fb520438bb4f17cbf6c9b9e6ebef7938342aa2df694fe,0x04726770464b2bff8da321b67038b812b34fa5fa5cdf99f1314cba8589a165bc
theo_n,14,24,false,9,13,onchain,500,20,44.093000,2068.856600,1207.801600,1251.894600,6.592500,true,4224,4352,0x098b50423eb1b80e5a7fb520438bb4f17cbf6c9b9e6ebef7938342aa2df694fe,0x03d6f9ca63a41aff3fb9a8fc838ab1ed3ceedc7c249c5dc4c19d5955e351be13
theo_n,14,25,false,9,13,onchain,500,21,42.231600,2068.856600,1165.526800,1207.758400,6.851400,true,4224,4352,0x098b50423eb1b80e5a7fb520438bb4f17cbf6c9b9e6ebef7938342aa2df694fe,0x1686fa19ed842d8106f86663fe6e6888a8bfb3e985dcfd2bb1db169ffcda5da5
theo_n,14,26,false,9,13,onchain,500,22,41.074500,2068.856600,1175.667300,1216.741800,7.314700,true,4224,4352,0x098b50423eb1b80e5a7fb520438bb4f17cbf6c9b9e6ebef7938342aa2df694fe,0x23e82ec09d717b107d77dc26eb5dc265ea1fc45985e29b8cc3cb17430ff24a0c
theo_n,14,27,false,9,13,onchain,500,23,41.550100,2068.856600,1315.169100,1356.719200,7.079500,true,4224,4352,0x098b50423eb1b80e5a7fb520438bb4f17cbf6c9b9e6ebef7938342aa2df694fe,0x10b3bd195947d421c2d2b26290f8c337fd0828e5148886d256cae19c30dd3457
theo_n,14,28,false,9,13,onchain,500,24,52.295600,2068.856600,1289.845000,1342.140600,6.369700,true,4224,4352,0x098b50423eb1b80e5a7fb520438bb4f17cbf6c9b9e6ebef7938342aa2df694fe,0x2a99ad2dc4636645cb03a3f8cddbcf89d41b4a9e486facca27dfee54675abb9c
theo_n,14,29,false,9,13,onchain,500,25,44.322300,2068.856600,1270.117700,1314.440000,5.870800,true,4224,4352,0x098b50423eb1b80e5a7fb520438bb4f17cbf6c9b9e6ebef7938342aa2df694fe,0x1cd40d323ccd0838cfec775d1003317bf356cafeaba2b700c3af3c61def30fca
theo_n,14,30,false,9,13,onchain,500,26,39.517000,2068.856600,1306.475800,1345.992800,6.875100,true,4224,4352,0x098b50423eb1b80e5a7fb520438bb4f17cbf6c9b9e6ebef7938342aa2df694fe,0x2eb42444691d4d15abfb91e44bb63be709bec40b9e54f4360f24d4480534af10
theo_n,14,31,false,9,13,onchain,500,27,43.292400,2068.856600,1164.150400,1207.442800,6.952700,true,4224,4352,0x098b50423eb1b80e5a7fb520438bb4f17cbf6c9b9e6ebef7938342aa2df694fe,0x2c174593cceb5f490ba8f6ba09cd052e5c25a821a271f28bc1a25fe480d609d8
theo_n,14,32,false,9,13,onchain,500,28,41.339200,2068.856600,1089.758800,1131.098000,5.990600,true,4224,4352,0x098b50423eb1b80e5a7fb520438bb4f17cbf6c9b9e6ebef7938342aa2df694fe,0x23665977a843f888d72d4f179e9f9d837be558853b6806d1436951fa322c1221
theo_n,14,33,false,9,13,onchain,500,29,40.384100,2068.856600,1125.183300,1165.567400,7.587800,true,4224,4352,0x098b50423eb1b80e5a7fb520438bb4f17cbf6c9b9e6ebef7938342aa2df694fe,0x1784bc5a44d0a6e7b87bdd0fd4e563361f98a6aa39b7964e0907b239a38b84e7
theo_n,14,34,false,9,13,onchain,500,30,41.745200,2068.856600,1128.126800,1169.872000,6.622300,true,4224,4352,0x098b50423eb1b80e5a7fb520438bb4f17cbf6c9b9e6ebef7938342aa2df694fe,0x202c4e9e6402e7f390a4ab85d1370541fe76c37421ce3a51ac5805c4b24b6da9
theo_n,14,35,false,9,13,onchain,500,31,41.379500,2068.856600,1143.742300,1185.121800,6.340500,true,4224,4352,0x098b50423eb1b80e5a7fb520438bb4f17cbf6c9b9e6ebef7938342aa2df694fe,0x26ac62095e0835f5045ef0c786313c5c49c66bfa9a9c59a9176a5e55ca7e0d2f
theo_n,14,36,false,9,13,onchain,500,32,41.302600,2068.856600,1226.581000,1267.883600,6.816600,true,4224,4352,0x098b50423eb1b80e5a7fb520438bb4f17cbf6c9b9e6ebef7938342aa2df694fe,0x0999d39078de7333e04118695737bc5efd57941984dd9136fc1c1b2063a26adc
theo_n,14,37,false,9,13,onchain,500,33,42.827100,2068.856600,1148.279300,1191.106400,6.822700,true,4224,4352,0x098b50423eb1b80e5a7fb520438bb4f17cbf6c9b9e6ebef7938342aa2df694fe,0x21595eb5cbf9542bc3565fb23a44f93e50797512cb2156aa0f1bf0cccd52959e
theo_n,14,38,false,9,13,onchain,500,34,41.667000,2068.856600,1136.083500,1177.750500,6.167900,true,4224,4352,0x098b50423eb1b80e5a7fb520438bb4f17cbf6c9b9e6ebef7938342aa2df694fe,0x25c79e1b2c8e7e076990cd6c719d9fad9068d6cd9b911cb567af007fd9ae9012
theo_n,14,39,false,9,13,onchain,500,35,50.282800,2068.856600,1157.953400,1208.236200,7.329200,true,4224,4352,0x098b50423eb1b80e5a7fb520438bb4f17cbf6c9b9e6ebef7938342aa2df694fe,0x12b71401342adb56754a25ca9b90161c500f6d1db94481a55ff459a7aebc3185
theo_n,14,40,false,9,13,onchain,500,36,46.373900,2068.856600,1128.590400,1174.964300,6.125100,true,4224,4352,0x098b50423eb1b80e5a7fb520438bb4f17cbf6c9b9e6ebef7938342aa2df694fe,0x1bf1c17e9fed35f18ad1a97d36860e5c49872e06811178e1de9764c9d878dc29
theo_n,14,41,false,9,13,onchain,500,37,39.597800,2068.856600,1092.094800,1131.692600,5.956100,true,4224,4352,0x098b50423eb1b80e5a7fb520438bb4f17cbf6c9b9e6ebef7938342aa2df694fe,0x2b638435867637f2946659187916cd17968a726d781e30c6e61925210b314d02
theo_n,14,42,false,9,13,onchain,500,38,40.309300,2068.856600,1121.457700,1161.767000,6.021800,true,4224,4352,0x098b50423eb1b80e5a7fb520438bb4f17cbf6c9b9e6ebef7938342aa2df694fe,0x2bdbfab8d0294126af14982e1000d41a61e11326b0ce247a7116adeeea7985cd
theo_n,14,43,false,9,13,onchain,500,39,41.955900,2068.856600,1154.065300,1196.021200,7.093900,true,4224,4352,0x098b50423eb1b80e5a7fb520438bb4f17cbf6c9b9e6ebef7938342aa2df694fe,0x0aa7bf1d39d93e1954ce66d9858d1198e0ad921a4df6c1181b1ce905784fe958
theo_n,14,44,false,9,13,onchain,500,40,40.627200,2068.856600,1132.847900,1173.475100,6.004100,true,4224,4352,0x098b50423eb1b80e5a7fb520438bb4f17cbf6c9b9e6ebef7938342aa2df694fe,0x10de1e3d29876f4850189c984ae73d9c11ce68b86aadc32cf461c98d54d62d23
theo_n,14,45,false,9,13,onchain,500,41,41.550400,2068.856600,1122.623000,1164.173400,5.838500,true,4224,4352,0x098b50423eb1b80e5a7fb520438bb4f17cbf6c9b9e6ebef7938342aa2df694fe,0x1edba77fec60aecefcfe1abd4e72068fd9fb6184a89b43f5c3dc9a00069d74e2
theo_n,14,46,false,9,13,onchain,500,42,41.153300,2068.856600,1118.345900,1159.499200,6.705300,true,4224,4352,0x098b50423eb1b80e5a7fb520438bb4f17cbf6c9b9e6ebef7938342aa2df694fe,0x15c8ab0ca8377161a0b8ea56ed9e3ae382863e927a1324317f9fa192d6188e2e
theo_n,14,47,false,9,13,onchain,500,43,41.106000,2068.856600,1125.779400,1166.885400,6.747700,true,4224,4352,0x098b50423eb1b80e5a7fb520438bb4f17cbf6c9b9e6ebef7938342aa2df694fe,0x13eb1c80471a2c64b0c27128ce601b8439e0852909edea7c2fa01c5a8b0cd2a8
theo_n,14,48,false,9,13,onchain,500,44,41.380600,2068.856600,1115.014000,1156.394600,6.507400,true,4224,4352,0x098b50423eb1b80e5a7fb520438bb4f17cbf6c9b9e6ebef7938342aa2df694fe,0x0231eb71e8795c4c4a35fb9db7f9d3c70fcb8e6537017b7c23770e27edb17c26
theo_n,14,49,false,9,13,onchain,500,45,41.249700,2068.856600,1126.019100,1167.268800,6.383400,true,4224,4352,0x098b50423eb1b80e5a7fb520438bb4f17cbf6c9b9e6ebef7938342aa2df694fe,0x14bfb435acb7a5d37e0d29a9b6051229ed7acd9fdfc1de220c0337ce6f0f4ed8
theo_n,14,50,false,9,13,onchain,500,46,41.062700,2068.856600,1190.267700,1231.330400,5.748700,true,4224,4352,0x098b50423eb1b80e5a7fb520438bb4f17cbf6c9b9e6ebef7938342aa2df694fe,0x0d91e737b2843fdf5a8d1394de46dfa3fe679927773f55ff934b561adb0b7fff
theo_n,14,51,false,9,13,onchain,500,47,41.687300,2068.856600,1125.191100,1166.878400,6.135900,true,4224,4352,0x098b50423eb1b80e5a7fb520438bb4f17cbf6c9b9e6ebef7938342aa2df694fe,0x26954244b4ec45232f6c53427aaae47d6f1e18e481e8b23526e02555df48c1df
theo_n,14,52,false,9,13,onchain,500,48,40.102100,2068.856600,1141.255300,1181.357400,5.735700,true,4224,4352,0x098b50423eb1b80e5a7fb520438bb4f17cbf6c9b9e6ebef7938342aa2df694fe,0x239708d53c07d61009f55c15e879487da0622eab4cc30d66f7bca4dbc4bfe44d
theo_n,14,53,false,9,13,onchain,500,49,41.200000,2068.856600,1107.956600,1149.156600,6.372400,true,4224,4352,0x098b50423eb1b80e5a7fb520438bb4f17cbf6c9b9e6ebef7938342aa2df694fe,0x163233172054b52f81b9f891e2f9d5105c71e0adba76e509daa09013f949b0aa
theo_n,14,54,false,9,13,onchain,500,50,41.079700,2068.856600,1114.864400,1155.944100,6.591100,true,4224,4352,0x098b50423eb1b80e5a7fb520438bb4f17cbf6c9b9e6ebef7938342aa2df694fe,0x29f882fd660b6a26a77c96e53e736aaae7aec2dcd44d93124440e2b9b84b4a38
theo_n,14,55,false,9,13,onchain,500,51,41.924500,2068.856600,1119.081600,1161.006100,15.135900,true,4224,4352,0x098b50423eb1b80e5a7fb520438bb4f17cbf6c9b9e6ebef7938342aa2df694fe,0x27e66d84b49036dd0865b9da04321eba233102d93a56847b997b2096cfc0e219
theo_n,14,56,false,9,13,onchain,500,52,42.961000,2068.856600,1152.356300,1195.317300,6.167700,true,4224,4352,0x098b50423eb1b80e5a7fb520438bb4f17cbf6c9b9e6ebef7938342aa2df694fe,0x041c6acccd0de4874fa535b4423d4a3ab728697b23310712e0d2d3f10927164d
theo_n,14,57,false,9,13,onchain,500,53,41.107100,2068.856600,1134.312300,1175.419400,6.434300,true,4224,4352,0x098b50423eb1b80e5a7fb520438bb4f17cbf6c9b9e6ebef7938342aa2df694fe,0x1d11e9b323790b3c05df4d5364a35721616441c63f76b36a5b739e880f8fc03c
theo_n,14,58,false,9,13,onchain,500,54,41.206400,2068.856600,1123.781400,1164.987800,6.206200,true,4224,4352,0x098b50423eb1b80e5a7fb520438bb4f17cbf6c9b9e6ebef7938342aa2df694fe,0x19ed930667ae813189bbaa0641e03f632bed382b9631862cf170dc2cfb08f703
theo_n,14,59,false,9,13,onchain,500,55,41.333200,2068.856600,1112.614700,1153.947900,6.818500,true,4224,4352,0x098b50423eb1b80e5a7fb520438bb4f17cbf6c9b9e6ebef7938342aa2df694fe,0x286f63b2d20d219a578976c21ed9f8396a9370eb76c1692333fb49e9ffe5eddd
theo_n,14,60,false,9,13,onchain,500,56,40.926500,2068.856600,1127.919500,1168.846000,6.759600,true,4224,4352,0x098b50423eb1b80e5a7fb520438bb4f17cbf6c9b9e6ebef7938342aa2df694fe,0x1f99a065f3bb98ea5433e6d81e6e27387fc8c025edc841fddcff3cbf77e66024
theo_n,14,61,false,9,13,onchain,500,57,44.665100,2068.856600,1161.464300,1206.129400,6.662600,true,4224,4352,0x098b50423eb1b80e5a7fb520438bb4f17cbf6c9b9e6ebef7938342aa2df694fe,0x1feb6f0f68700be050d5e26dfd63e880937685b79efab2b075ec055912a4f5ae
theo_n,14,62,false,9,13,onchain,500,58,42.602200,2068.856600,1312.832700,1355.434900,6.778700,true,4224,4352,0x098b50423eb1b80e5a7fb520438bb4f17cbf6c9b9e6ebef7938342aa2df694fe,0x0e6c34dbfd1473a1ae9710c16b88cac448410f09637490e3123197c34790a183
theo_n,14,63,false,9,13,onchain,500,59,45.500600,2068.856600,1210.303700,1255.804300,6.759100,true,4224,4352,0x098b50423eb1b80e5a7fb520438bb4f17cbf6c9b9e6ebef7938342aa2df694fe,0x0bb2842f8a6e91c04573162fc7601b567d7df6749d60979ba332d7b78c328f8d
theo_n,14,64,false,9,13,onchain,500,60,41.953700,2068.856600,1144.161600,1186.115300,6.917600,true,4224,4352,0x098b50423eb1b80e5a7fb520438bb4f17cbf6c9b9e6ebef7938342aa2df694fe,0x0a7220125db4c9fae9b66dda6e019f9ebbe630298376fe4b51a071b6eb9ddbcf
theo_n,14,65,false,9,13,onchain,500,61,41.031400,2068.856600,1127.876500,1168.907900,5.849600,true,4224,4352,0x098b50423eb1b80e5a7fb520438bb4f17cbf6c9b9e6ebef7938342aa2df694fe,0x1abe534db0df466d693bdbb58e2e3330a7c9ce60678dcecd580bfa34a5604850
theo_n,14,66,false,9,13,onchain,500,62,42.210900,2068.856600,1114.419400,1156.630300,6.045700,true,4224,4352,0x098b50423eb1b80e5a7fb520438bb4f17cbf6c9b9e6ebef7938342aa2df694fe,0x12cd93c7fe1e9691bc34c1a151550f01178da157b91296de0279ba930f04a680
theo_n,14,67,false,9,13,onchain,500,63,41.595200,2068.856600,1127.340200,1168.935400,5.938500,true,4224,4352,0x098b50423eb1b80e5a7fb520438bb4f17cbf6c9b9e6ebef7938342aa2df694fe,0x1efdb02da48822560ee87f9d18dd45890f200b5829646129246afe143791a5ee
theo_n,14,68,false,9,13,onchain,500,64,40.809400,2068.856600,1115.752500,1156.561900,5.836200,true,4224,4352,0x098b50423eb1b80e5a7fb520438bb4f17cbf6c9b9e6ebef7938342aa2df694fe,0x18bcb575879217dd771bf3fd110accc154f81eb964db696503ddc5cc982414f3
theo_n,14,69,false,9,13,onchain,500,65,41.908900,2068.856600,1115.535100,1157.444000,6.871100,true,4224,4352,0x098b50423eb1b80e5a7fb520438bb4f17cbf6c9b9e6ebef7938342aa2df694fe,0x2e969f3908c8262e7c1ef3c63699dc0ca68c5ea634b5f0732921ce9452c32843
theo_n,14,70,false,9,13,onchain,500,66,41.459400,2068.856600,1121.336400,1162.795800,7.133900,true,4224,4352,0x098b50423eb1b80e5a7fb520438bb4f17cbf6c9b9e6ebef7938342aa2df694fe,0x0088ab77acbdc069cfc9f633fed7cecb143790696b76586df6ef40df2b60952c
theo_n,14,71,false,9,13,onchain,500,67,41.470500,2068.856600,1136.273000,1177.743500,6.674600,true,4224,4352,0x098b50423eb1b80e5a7fb520438bb4f17cbf6c9b9e6ebef7938342aa2df694fe,0x19266272248a559ab8943ba2d8258af531fe630f833f9241fd43a9bd449ed3a7
theo_n,14,72,false,9,13,onchain,500,68,42.082800,2068.856600,1111.195900,1153.278700,6.691600,true,4224,4352,0x098b50423eb1b80e5a7fb520438bb4f17cbf6c9b9e6ebef7938342aa2df694fe,0x215eaf1d8e79c9ef4d076f165a4f634ca98f0f5ed28e045b617a86326162e4a2
theo_n,14,73,false,9,13,onchain,500,69,41.481000,2068.856600,1113.387400,1154.868400,6.367200,true,4224,4352,0x098b50423eb1b80e5a7fb520438bb4f17cbf6c9b9e6ebef7938342aa2df694fe,0x0a7e4f05953ca3db4ac4061d27149a86e58e25f8abe9700123d4376accf763bf
theo_n,14,74,false,9,13,onchain,500,70,41.438400,2068.856600,1128.861700,1170.300100,5.981600,true,4224,4352,0x098b50423eb1b80e5a7fb520438bb4f17cbf6c9b9e6ebef7938342aa2df694fe,0x08605ab6f0ea9feaba6887ea78431d2492628dfd59a10292fc7afe5ea2e8eece
theo_n,14,75,false,9,13,onchain,500,71,42.070500,2068.856600,1131.333700,1173.404200,6.014700,true,4224,4352,0x098b50423eb1b80e5a7fb520438bb4f17cbf6c9b9e6ebef7938342aa2df694fe,0x26d317fe0299e077054be278d1f0d21206ca9c25bef0abf439a346026c390dfa
theo_n,14,76,false,9,13,onchain,500,72,41.489300,2068.856600,1159.036000,1200.525300,7.782100,true,4224,4352,0x098b50423eb1b80e5a7fb520438bb4f17cbf6c9b9e6ebef7938342aa2df694fe,0x25af9ec4cff748dbaf0976a3ff1188e5b628546f7f4f5b9db9eaa477462f7869
theo_n,14,77,false,9,13,onchain,500,73,41.399000,2068.856600,1188.757600,1230.156600,6.233500,true,4224,4352,0x098b50423eb1b80e5a7fb520438bb4f17cbf6c9b9e6ebef7938342aa2df694fe,0x01fb960b8f1b5d34b7f4749defb02b514c03bec096b79a9bc37ebfdeec741f2b
theo_n,14,78,false,9,13,onchain,500,74,42.418600,2068.856600,1131.540300,1173.958900,6.077900,true,4224,4352,0x098b50423eb1b80e5a7fb520438bb4f17cbf6c9b9e6ebef7938342aa2df694fe,0x12e08ec57ab72cecc7a3924708902cc02c89942a36fdb660beb16561ed7ef5ce
theo_n,14,79,false,9,13,onchain,500,75,42.027100,2068.856600,1227.662900,1269.690000,7.568400,true,4224,4352,0x098b50423eb1b80e5a7fb520438bb4f17cbf6c9b9e6ebef7938342aa2df694fe,0x16a729a31e033516db4de85c7111097269183918aa98a399cfd2eabaf4bc6545
theo_n,14,80,false,9,13,onchain,500,76,42.935400,2068.856600,1141.697400,1184.632800,6.476700,true,4224,4352,0x098b50423eb1b80e5a7fb520438bb4f17cbf6c9b9e6ebef7938342aa2df694fe,0x0d453d4335fb2a5c16d11d4240b1166d98908cce0ead0250abff97a9868aecc8
theo_n,14,81,false,9,13,onchain,500,77,41.988000,2068.856600,1120.394900,1162.382900,6.719200,true,4224,4352,0x098b50423eb1b80e5a7fb520438bb4f17cbf6c9b9e6ebef7938342aa2df694fe,0x0d4fb35507c4725529bee562d7875325d2200194fbe8fd2e917d6dd1cc23fdc2
theo_n,14,82,false,9,13,onchain,500,78,41.793800,2068.856600,1121.486700,1163.280500,7.221500,true,4224,4352,0x098b50423eb1b80e5a7fb520438bb4f17cbf6c9b9e6ebef7938342aa2df694fe,0x18fd75dcd068156962b7472b26d5764df5f027a7dc6aba38d75ff522addddc25
theo_n,14,83,false,9,13,onchain,500,79,42.243800,2068.856600,1150.307700,1192.551500,6.246500,true,4224,4352,0x098b50423eb1b80e5a7fb520438bb4f17cbf6c9b9e6ebef7938342aa2df694fe,0x2be77b57647a6b10a55e242f74a9ccf7e4785095dad898a23c39c7449a8a7c0c
theo_n,14,84,false,9,13,onchain,500,80,41.869900,2068.856600,1184.800200,1226.670100,7.658300,true,4224,4352,0x098b50423eb1b80e5a7fb520438bb4f17cbf6c9b9e6ebef7938342aa2df694fe,0x0d9b8e94306ca021ecb938f5026044a99fb2903e768e0b859c6cb7f74c89ada6
theo_n,14,85,false,9,13,onchain,500,81,45.214100,2068.856600,1122.921700,1168.135800,6.480500,true,4224,4352,0x098b50423eb1b80e5a7fb520438bb4f17cbf6c9b9e6ebef7938342aa2df694fe,0x06c0b3f5ffd3b8544f72e020c2ffde1c8399e0f7b3f5c2c98ef2d41a5b6d2a0a
theo_n,14,86,false,9,13,onchain,500,82,40.993400,2068.856600,1114.079300,1155.072700,6.436000,true,4224,4352,0x098b50423eb1b80e5a7fb520438bb4f17cbf6c9b9e6ebef7938342aa2df694fe,0x0fcde5acfb3565955df8385342e3d172fc5e4376c643a3cb46cf9cada75b9277
theo_n,14,87,false,9,13,onchain,500,83,42.130600,2068.856600,1128.739000,1170.869600,8.080900,true,4224,4352,0x098b50423eb1b80e5a7fb520438bb4f17cbf6c9b9e6ebef7938342aa2df694fe,0x15051a287f47c76ed7d2269998aa47f5381185b04d9f51445c39087cd8ed01de
theo_n,14,88,false,9,13,onchain,500,84,41.789400,2068.856600,1120.282800,1162.072200,7.243000,true,4224,4352,0x098b50423eb1b80e5a7fb520438bb4f17cbf6c9b9e6ebef7938342aa2df694fe,0x0f7765a835070e4481f45e0827e06270383d6f9cdbd4196f283b338b9a4e3238
theo_n,14,89,false,9,13,onchain,500,85,42.629200,2068.856600,1202.763100,1245.392300,6.059200,true,4224,4352,0x098b50423eb1b80e5a7fb520438bb4f17cbf6c9b9e6ebef7938342aa2df694fe,0x2b62ea88645121b88157ac06e4e3f9c3178df965566ae6496a8d6c6bb96fbded
theo_n,14,90,false,9,13,onchain,500,86,41.333300,2068.856600,1168.284200,1209.617500,5.846500,true,4224,4352,0x098b50423eb1b80e5a7fb520438bb4f17cbf6c9b9e6ebef7938342aa2df694fe,0x2dd46823e0fa0e639cbb8cc928ec221105d0d9a65c31b716e52a5a52adfcfb95
theo_n,14,91,false,9,13,onchain,500,87,40.625700,2068.856600,1103.332600,1143.958300,6.329100,true,4224,4352,0x098b50423eb1b80e5a7fb520438bb4f17cbf6c9b9e6ebef7938342aa2df694fe,0x28a7f749444fc4fb853eeff2d8b65c7a41abfea333797977a42f9f84eb0ea79b
theo_n,14,92,false,9,13,onchain,500,88,40.209200,2068.856600,1105.049000,1145.258200,5.956400,true,4224,4352,0x098b50423eb1b80e5a7fb520438bb4f17cbf6c9b9e6ebef7938342aa2df694fe,0x1990851d8f9a1f34328e760b34b2c549764ca2e1557dde4c5f189c4e168cd5f9
theo_n,14,93,false,9,13,onchain,500,89,42.225300,2068.856600,1116.058900,1158.284200,7.098800,true,4224,4352,0x098b50423eb1b80e5a7fb520438bb4f17cbf6c9b9e6ebef7938342aa2df694fe,0x2b8d45422864217488a84b2c5d353db89cdf51b5bee10eb545baef4f7381330f
theo_n,14,94,false,9,13,onchain,500,90,43.594100,2068.856600,1119.846600,1163.440700,7.101300,true,4224,4352,0x098b50423eb1b80e5a7fb520438bb4f17cbf6c9b9e6ebef7938342aa2df694fe,0x00f12dbe894fc42bbde3b356e7868f42f5a9a342cfd632ff464f8fcf9e57333b
theo_n,14,95,false,9,13,onchain,500,91,41.959700,2068.856600,1124.942500,1166.902200,5.942900,true,4224,4352,0x098b50423eb1b80e5a7fb520438bb4f17cbf6c9b9e6ebef7938342aa2df694fe,0x1ec83bfd5f380ef673a5af89e992e0d01715ca7d7f2967cc8316c40bb09163a9
theo_n,14,96,false,9,13,onchain,500,92,41.366500,2068.856600,1132.266200,1173.632700,6.355300,true,4224,4352,0x098b50423eb1b80e5a7fb520438bb4f17cbf6c9b9e6ebef7938342aa2df694fe,0x0b07c8f3f557a462c6ef632caabdcf5fc3bf382ff18dfe46aae0dadaedd5a8d2
theo_n,14,97,false,9,13,onchain,500,93,41.206500,2068.856600,1113.681200,1154.887700,6.197900,true,4224,4352,0x098b50423eb1b80e5a7fb520438bb4f17cbf6c9b9e6ebef7938342aa2df694fe,0x0d315137502a0bf670e5c74c46603131659987d14b09d74da3c36de13a608b07
theo_n,14,98,false,9,13,onchain,500,94,41.291500,2068.856600,1129.568000,1170.859500,6.131600,true,4224,4352,0x098b50423eb1b80e5a7fb520438bb4f17cbf6c9b9e6ebef7938342aa2df694fe,0x2d7c0a2bf3f877b4301edfbb51e2b35bd3c86cfe1d1a492eb454d060ae7778f1
theo_n,14,99,false,9,13,onchain,500,95,41.774500,2068.856600,1119.683400,1161.457900,6.096700,true,4224,4352,0x098b50423eb1b80e5a7fb520438bb4f17cbf6c9b9e6ebef7938342aa2df694fe,0x08d69a87c1f599104a063e0894e7eb48d057bdabc16119b7d07547d35fa7c8a5
theo_n,14,100,false,9,13,onchain,500,96,42.245800,2068.856600,1121.896500,1164.142300,6.545500,true,4224,4352,0x098b50423eb1b80e5a7fb520438bb4f17cbf6c9b9e6ebef7938342aa2df694fe,0x1c7df0827e1080ee71d950a409a18e1518a5e3bce2da8c0ce1b24094d4994b6b
theo_n,14,101,false,9,13,onchain,500,97,42.507100,2068.856600,1144.569200,1187.076300,6.305500,true,4224,4352,0x098b50423eb1b80e5a7fb520438bb4f17cbf6c9b9e6ebef7938342aa2df694fe,0x2d58a42d5d1cc2791453aaa1b78a1d4086dc79c5bae4a72518c26d1eeeaf480a
theo_n,14,102,false,9,13,onchain,500,98,41.594800,2068.856600,1123.548700,1165.143500,6.895300,true,4224,4352,0x098b50423eb1b80e5a7fb520438bb4f17cbf6c9b9e6ebef7938342aa2df694fe,0x082328b47921926c3d45725c3c54adb91798ae45bbee77c57c13c78a0e127537
theo_n,14,103,false,9,13,onchain,500,99,42.836200,2068.856600,1178.774300,1221.610500,6.788600,true,4224,4352,0x098b50423eb1b80e5a7fb520438bb4f17cbf6c9b9e6ebef7938342aa2df694fe,0x0346d298ca5e9ba5bc6d3e3e2e13cc63e6e4d14e53981e988e66eb8d5b87aed3
theo_n,14,104,false,9,13,onchain,500,100,42.347000,2068.856600,1194.473300,1236.820300,6.445700,true,4224,4352,0x098b50423eb1b80e5a7fb520438bb4f17cbf6c9b9e6ebef7938342aa2df694fe,0x280a714b2978fcf5aba174c93ac09d948715115992029fdb917fd8374ab986bd
theo_n,14,105,false,9,13,onchain,500,101,45.115400,2068.856600,1274.993200,1320.108600,6.368900,true,4224,4352,0x098b50423eb1b80e5a7fb520438bb4f17cbf6c9b9e6ebef7938342aa2df694fe,0x085cb394d60f01c45b060e3655b9680d97304f6337b86fda09f0335513c0eaf0
theo_n,14,106,false,9,13,onchain,500,102,44.315700,2068.856600,1228.984400,1273.300100,6.244200,true,4224,4352,0x098b50423eb1b80e5a7fb520438bb4f17cbf6c9b9e6ebef7938342aa2df694fe,0x1527c5d2d9c656f6144be711876760da3a61cf05ed9e544600be5f4b9cfe074d
theo_n,14,107,false,9,13,onchain,500,103,43.169900,2068.856600,1151.221000,1194.390900,6.259200,true,4224,4352,0x098b50423eb1b80e5a7fb520438bb4f17cbf6c9b9e6ebef7938342aa2df694fe,0x1eaec94c680ac2a6a85aa250ddf4cb5bd7a659b00b78f4b6b7c75044fad7d3bd
theo_n,14,108,false,9,13,onchain,500,104,41.376200,2068.856600,1171.757200,1213.133400,6.744500,true,4224,4352,0x098b50423eb1b80e5a7fb520438bb4f17cbf6c9b9e6ebef7938342aa2df694fe,0x15d2afc485db584720f32f6198068e75f1168528ba496590a1980e0f1b270985
theo_n,14,109,false,9,13,onchain,500,105,41.884400,2068.856600,1146.518100,1188.402500,7.298200,true,4224,4352,0x098b50423eb1b80e5a7fb520438bb4f17cbf6c9b9e6ebef7938342aa2df694fe,0x1a5da863997d24b5471d5d5e81070d3959dae8e5b754f8c0c15c3465fc18ca97
theo_n,14,110,false,9,13,onchain,500,106,42.104800,2068.856600,1155.973900,1198.078700,6.063500,true,4224,4352,0x098b50423eb1b80e5a7fb520438bb4f17cbf6c9b9e6ebef7938342aa2df694fe,0x273edd203800914995c38c0f86697eebec9b5fe5bbf24f7e1a8008a29448420f
theo_n,14,111,false,9,13,onchain,500,107,43.509200,2068.856600,1155.066800,1198.576000,7.951600,true,4224,4352,0x098b50423eb1b80e5a7fb520438bb4f17cbf6c9b9e6ebef7938342aa2df694fe,0x2d0b9fe4e87166878564917f8414cfbd31d9faba6cd878a9cbf85c615976b56f
theo_n,14,112,false,9,13,onchain,500,108,41.432300,2068.856600,1121.950200,1163.382500,6.769600,true,4224,4352,0x098b50423eb1b80e5a7fb520438bb4f17cbf6c9b9e6ebef7938342aa2df694fe,0x132230c786a10fd367e92c57fe0adc7480c4617b2bfbe878a0401dfb1b72cb4f
theo_n,14,113,false,9,13,onchain,500,109,41.761700,2068.856600,1113.530900,1155.292600,6.575700,true,4224,4352,0x098b50423eb1b80e5a7fb520438bb4f17cbf6c9b9e6ebef7938342aa2df694fe,0x16cd25f623714f4f1b7065482e340f09ca465af9ebcce54ad72bdc27f48342df
theo_n,14,114,false,9,13,onchain,500,110,41.016700,2068.856600,1124.903300,1165.920000,5.914500,true,4224,4352,0x098b50423eb1b80e5a7fb520438bb4f17cbf6c9b9e6ebef7938342aa2df694fe,0x1bd2861c2b226ae17de48461808c1065c0f1c05fbd72069529891146436c9b34
theo_n,14,115,false,9,13,onchain,500,111,44.466900,2068.856600,1375.173500,1419.640400,7.721200,true,4224,4352,0x098b50423eb1b80e5a7fb520438bb4f17cbf6c9b9e6ebef7938342aa2df694fe,0x0fae658cab7c5225312015aba3241828f57834001837fa9b2ba7a8dea2a5c6cf
theo_n,14,116,false,9,13,onchain,500,112,48.954600,2068.856600,1412.147800,1461.102400,8.062700,true,4224,4352,0x098b50423eb1b80e5a7fb520438bb4f17cbf6c9b9e6ebef7938342aa2df694fe,0x1c5bd298c59b7b24b1802fdfa7c5e831f068f3b3f82ee84667b05d2945f3246e
theo_n,14,117,false,9,13,onchain,500,113,48.723400,2068.856600,1426.357200,1475.080600,7.665000,true,4224,4352,0x098b50423eb1b80e5a7fb520438bb4f17cbf6c9b9e6ebef7938342aa2df694fe,0x2c99a20b86bdb461dd0a77ef1c3714daeaca35a1b808a8abba086b86b93557ce
theo_n,14,118,false,9,13,onchain,500,114,53.464400,2068.856600,1379.846700,1433.311100,6.656600,true,4224,4352,0x098b50423eb1b80e5a7fb520438bb4f17cbf6c9b9e6ebef7938342aa2df694fe,0x25fd20ab6e32c5e8688735c9a2a6f33777a1d050634219f0b002c81ced1c7b5e
theo_n,14,119,false,9,13,onchain,500,115,43.452900,2068.856600,1144.013900,1187.466800,6.026600,true,4224,4352,0x098b50423eb1b80e5a7fb520438bb4f17cbf6c9b9e6ebef7938342aa2df694fe,0x291280af54056c2cd9ad444ad2cdf0658fbdf5cdf12638e6ee2b4eb312a06144
theo_n,14,120,false,9,13,onchain,500,116,42.615700,2068.856600,1326.765200,1369.380900,6.567400,true,4224,4352,0x098b50423eb1b80e5a7fb520438bb4f17cbf6c9b9e6ebef7938342aa2df694fe,0x062716b8ca7b91cefd14777688e1184a74ef6e5c5b6b65936db29c147c43227e
theo_n,14,121,false,9,13,onchain,500,117,46.910700,2068.856600,1393.990400,1440.901100,6.154300,true,4224,4352,0x098b50423eb1b80e5a7fb520438bb4f17cbf6c9b9e6ebef7938342aa2df694fe,0x048e61258fe1e21ef0d5714d38c150dc8cabb2ab182c87524b52f5ec88e1f81f
theo_n,14,122,false,9,13,onchain,500,118,42.773900,2068.856600,1195.357200,1238.131100,6.222600,true,4224,4352,0x098b50423eb1b80e5a7fb520438bb4f17cbf6c9b9e6ebef7938342aa2df694fe,0x0337077e10fc7847a1ac99ececa16ab363e8cf5ce0b82290be76dd1dc10769e8
theo_n,14,123,false,9,13,onchain,500,119,41.021500,2068.856600,1112.488000,1153.509500,6.082900,true,4224,4352,0x098b50423eb1b80e5a7fb520438bb4f17cbf6c9b9e6ebef7938342aa2df694fe,0x122ac2ab494aa392fcee5dd7347129100fc0de2505d46d438da3cd8a2d32e6ea
theo_n,14,124,false,9,13,onchain,500,120,43.032700,2068.856600,1270.981700,1314.014400,5.943400,true,4224,4352,0x098b50423eb1b80e5a7fb520438bb4f17cbf6c9b9e6ebef7938342aa2df694fe,0x1bb18f78f446215b3d6ac87d13f405094b21b926809bad622f625a5c4aba0aa5
theo_n,14,125,false,9,13,onchain,500,121,44.071100,2068.856600,1279.280000,1323.351100,6.834200,true,4224,4352,0x098b50423eb1b80e5a7fb520438bb4f17cbf6c9b9e6ebef7938342aa2df694fe,0x11586f2d39477f1bc5e9b1d06a9fdff35e236bf3cdc4aab74f621481516d7815
theo_n,14,126,false,9,13,onchain,500,122,42.566400,2068.856600,1264.486300,1307.052700,6.427200,true,4224,4352,0x098b50423eb1b80e5a7fb520438bb4f17cbf6c9b9e6ebef7938342aa2df694fe,0x1ddb223e1339f8bf0cbed084e0b0a69adf4fe7ca2c5dc312fce34c5ed9fdf094
theo_n,14,127,false,9,13,onchain,500,123,40.420900,2068.856600,1167.847700,1208.268600,6.497400,true,4224,4352,0x098b50423eb1b80e5a7fb520438bb4f17cbf6c9b9e6ebef7938342aa2df694fe,0x1840a4c242fef47e8f74cd8aa8295e9b11f3bc37ee4ad16c38a5c208344b37dc
theo_n,14,128,false,9,13,onchain,500,124,41.643900,2068.856600,1097.718600,1139.362500,5.881800,true,4224,4352,0x098b50423eb1b80e5a7fb520438bb4f17cbf6c9b9e6ebef7938342aa2df694fe,0x1c13441afbd44509328c5d26d85d3acf169464c8375735cbb5efd13c343ad09f
theo_n,14,129,false,9,13,onchain,500,125,40.846800,2068.856600,1152.284400,1193.131200,6.819400,true,4224,4352,0x098b50423eb1b80e5a7fb520438bb4f17cbf6c9b9e6ebef7938342aa2df694fe,0x1326819b8b7b82169305219445339534c813219958aff00f2de38420d73886c2
theo_n,14,130,false,9,13,onchain,500,126,43.527400,2068.856600,1258.175000,1301.702400,6.501100,true,4224,4352,0x098b50423eb1b80e5a7fb520438bb4f17cbf6c9b9e6ebef7938342aa2df694fe,0x2ca4fcbbe3622752f4aa4e3ca994d30d0c1456ecbc1cad9193430d998bc7ef6e
theo_n,14,131,false,9,13,onchain,500,127,41.397700,2068.856600,1201.927200,1243.324900,6.536800,true,4224,4352,0x098b50423eb1b80e5a7fb520438bb4f17cbf6c9b9e6ebef7938342aa2df694fe,0x1b76b599cec9d9ae0690413de23fc0c9eb5a159ef05aea11a95ee8cda8592759
theo_n,14,132,false,9,13,onchain,500,128,41.880700,2068.856600,1096.747100,1138.627800,6.477800,true,4224,4352,0x098b50423eb1b80e5a7fb520438bb4f17cbf6c9b9e6ebef7938342aa2df694fe,0x19fdf3e31ef4713cb2b80a9d45bb04e96c7ee09d39424729962e332821c9888a
theo_n,14,133,false,9,13,onchain,500,129,40.085900,2068.856600,1154.925500,1195.011400,6.452100,true,4224,4352,0x098b50423eb1b80e5a7fb520438bb4f17cbf6c9b9e6ebef7938342aa2df694fe,0x1f4b342dcdff21fbd66fa67e11c5544bfd8929b923b2dabc1f7ac6cb5151b9b9
theo_n,14,134,false,9,13,onchain,500,130,41.592400,2068.856600,1167.084100,1208.676500,6.354700,true,4224,4352,0x098b50423eb1b80e5a7fb520438bb4f17cbf6c9b9e6ebef7938342aa2df694fe,0x154b1d74c2618354b26b34c984e94e4f7d706573361930e780b8278071f43a98
theo_n,14,135,false,9,13,onchain,500,131,42.581100,2068.856600,1302.229100,1344.810200,7.367400,true,4224,4352,0x098b50423eb1b80e5a7fb520438bb4f17cbf6c9b9e6ebef7938342aa2df694fe,0x1cd387bebe939deb9139dccf335cf5da302583a9ba488b7eea65b16b9f797a0d
theo_n,14,136,false,9,13,onchain,500,132,44.961600,2068.856600,1190.734200,1235.695800,7.332200,true,4224,4352,0x098b50423eb1b80e5a7fb520438bb4f17cbf6c9b9e6ebef7938342aa2df694fe,0x06d6a19737ba3c27075e413dd7860d45cc20cb35ed6c608ac22acc2e5c9c54bb
theo_n,14,137,false,9,13,onchain,500,133,41.649900,2068.856600,1282.695600,1324.345500,8.057600,true,4224,4352,0x098b50423eb1b80e5a7fb520438bb4f17cbf6c9b9e6ebef7938342aa2df694fe,0x29477a7a12360051ea5c87e3ca17fa0d3d2370b734d34a8bfeccbec806464239
theo_n,14,138,false,9,13,onchain,500,134,53.384200,2068.856600,1428.744000,1482.128200,7.312400,true,4224,4352,0x098b50423eb1b80e5a7fb520438bb4f17cbf6c9b9e6ebef7938342aa2df694fe,0x261908540691dd3c2c92abe77a9016a9a562140b65ef5e147e1a60d0cdfc90e0
theo_n,14,139,false,9,13,onchain,500,135,52.293400,2068.856600,1381.704900,1433.998300,6.198100,true,4224,4352,0x098b50423eb1b80e5a7fb520438bb4f17cbf6c9b9e6ebef7938342aa2df694fe,0x2674c02a1b2848b07db064c5a4e58662470a9da5dc7276de3c371db1c33bc5bc
theo_n,14,140,false,9,13,onchain,500,136,52.723300,2068.856600,1352.005900,1404.729200,6.569400,true,4224,4352,0x098b50423eb1b80e5a7fb520438bb4f17cbf6c9b9e6ebef7938342aa2df694fe,0x19c06805eb153a95eef5e1daec5f4936cfd6b1fd84715978ae293859cf99f2f7
theo_n,14,141,false,9,13,onchain,500,137,49.472900,2068.856600,1544.056500,1593.529400,7.546000,true,4224,4352,0x098b50423eb1b80e5a7fb520438bb4f17cbf6c9b9e6ebef7938342aa2df694fe,0x2b9386b34b67cca51b5f376f0d9d5825990e05d8a0663acc09cd7ef2478b99ef
theo_n,14,142,false,9,13,onchain,500,138,51.640500,2068.856600,1361.498300,1413.138800,7.154000,true,4224,4352,0x098b50423eb1b80e5a7fb520438bb4f17cbf6c9b9e6ebef7938342aa2df694fe,0x1d973ebf381de252d781eee0181e4bf96f60364a6355f27faf9d88a26c6d5f74
theo_n,14,143,false,9,13,onchain,500,139,53.044700,2068.856600,1322.396100,1375.440800,6.467800,true,4224,4352,0x098b50423eb1b80e5a7fb520438bb4f17cbf6c9b9e6ebef7938342aa2df694fe,0x1dbc758c2bdd3ffd4ae4900c512cfdd59aa39693c5da8541569bb1b11a7a4ff7
theo_n,14,144,false,9,13,onchain,500,140,45.149200,2068.856600,1220.239000,1265.388200,5.572200,true,4224,4352,0x098b50423eb1b80e5a7fb520438bb4f17cbf6c9b9e6ebef7938342aa2df694fe,0x24fefd181e7c2a8b9c3c99e3f098e38499d6eb3748a5bec2ec08c191c32a20c9
theo_n,14,145,false,9,13,onchain,500,141,42.741100,2068.856600,1227.982400,1270.723500,5.965000,true,4224,4352,0x098b50423eb1b80e5a7fb520438bb4f17cbf6c9b9e6ebef7938342aa2df694fe,0x23968c116ab2270a3af0c481a377d282fa2af22d0df2584795947071ab2e8546
theo_n,14,146,false,9,13,onchain,500,142,42.112200,2068.856600,1224.025400,1266.137600,6.361800,true,4224,4352,0x098b50423eb1b80e5a7fb520438bb4f17cbf6c9b9e6ebef7938342aa2df694fe,0x1647c354c1f20bac7643c9c62e601536572c45dcedaee32d3ee30e288b2a1fee
theo_n,14,147,false,9,13,onchain,500,143,42.243300,2068.856600,1121.177900,1163.421200,6.706000,true,4224,4352,0x098b50423eb1b80e5a7fb520438bb4f17cbf6c9b9e6ebef7938342aa2df694fe,0x2ea5df06e8526bce926495cfb5bcaeeded936c0d347b1f44869b740c89de802c
theo_n,14,148,false,9,13,onchain,500,144,41.342000,2068.856600,1158.251000,1199.593000,5.997800,true,4224,4352,0x098b50423eb1b80e5a7fb520438bb4f17cbf6c9b9e6ebef7938342aa2df694fe,0x0583f5e4a43ff231fab22b74c1e8dc9ca7e11f908ebfec3cae568fa348641be4
theo_n,14,149,false,9,13,onchain,500,145,40.956300,2068.856600,1187.586400,1228.542700,6.415300,true,4224,4352,0x098b50423eb1b80e5a7fb520438bb4f17cbf6c9b9e6ebef7938342aa2df694fe,0x14e11f8cfedbf4f8cf3085e378b3035aa5a493ea65a91f2de51f071ab1c11333
theo_n,14,150,false,9,13,onchain,500,146,46.117600,2068.856600,1179.083500,1225.201100,5.844600,true,4224,4352,0x098b50423eb1b80e5a7fb520438bb4f17cbf6c9b9e6ebef7938342aa2df694fe,0x245b631ba32f9e19fd8f3d1bf8329300750d5c30e6151c849be8b7168923763d
theo_n,14,151,false,9,13,onchain,500,147,43.570300,2068.856600,1162.601300,1206.171600,6.113500,true,4224,4352,0x098b50423eb1b80e5a7fb520438bb4f17cbf6c9b9e6ebef7938342aa2df694fe,0x0a4cf55b4df6d265e96388cc0abf738334a51602cc8ee10b4e6798b91c62ccf6
theo_n,14,152,false,9,13,onchain,500,148,39.975600,2068.856600,1171.494600,1211.470200,5.653900,true,4224,4352,0x098b50423eb1b80e5a7fb520438bb4f17cbf6c9b9e6ebef7938342aa2df694fe,0x2980306594ba7a72b85f517f2b2217da35af687f784e3e046e7dc5d50302957d
theo_n,14,153,false,9,13,onchain,500,149,39.383000,2068.856600,1214.792700,1254.175700,5.951400,true,4224,4352,0x098b50423eb1b80e5a7fb520438bb4f17cbf6c9b9e6ebef7938342aa2df694fe,0x0bae57eb5e9667ff3213947821ebf0971fbc22df8df57a3113b581d199257ff1
theo_n,14,154,false,9,13,onchain,500,150,39.807300,2068.856600,1150.855700,1190.663000,6.683600,true,4224,4352,0x098b50423eb1b80e5a7fb520438bb4f17cbf6c9b9e6ebef7938342aa2df694fe,0x09df330028e60ab8f64f208ed8725b2bd088b3666a34eddd5b59cc30efa91446
theo_n,14,155,false,9,13,onchain,500,151,47.376100,2068.856600,1141.530800,1188.906900,7.104400,true,4224,4352,0x098b50423eb1b80e5a7fb520438bb4f17cbf6c9b9e6ebef7938342aa2df694fe,0x0e827a40e73cd93978223bdaea2de4a3662c85d4ada215d330dd658fcde25a44
theo_n,14,156,false,9,13,onchain,500,152,45.825200,2068.856600,1128.739900,1174.565100,6.542300,true,4224,4352,0x098b50423eb1b80e5a7fb520438bb4f17cbf6c9b9e6ebef7938342aa2df694fe,0x2df1bef61f31af46f7936d4d9d4c5ac1d276b7b8eaecfe888700ac1298f92267
theo_n,14,157,false,9,13,onchain,500,153,41.071200,2068.856600,1125.638500,1166.709700,6.553000,true,4224,4352,0x098b50423eb1b80e5a7fb520438bb4f17cbf6c9b9e6ebef7938342aa2df694fe,0x12915572ab99b6ddc8fea60928bc7ce39caeba0d31257fc844a096476109b36f
theo_n,14,158,false,9,13,onchain,500,154,41.599200,2068.856600,1108.274400,1149.873600,6.741500,true,4224,4352,0x098b50423eb1b80e5a7fb520438bb4f17cbf6c9b9e6ebef7938342aa2df694fe,0x1a9da40b6a281115b0c04c78ccf79a0177bfd4bd849e7a87b72227206ca49630
theo_n,14,159,false,9,13,onchain,500,155,41.533200,2068.856600,1114.998100,1156.531300,6.272300,true,4224,4352,0x098b50423eb1b80e5a7fb520438bb4f17cbf6c9b9e6ebef7938342aa2df694fe,0x05a92e4d70718e361377004987d81958215294de37ec7adfa4ae249de133a464
theo_n,14,160,false,9,13,onchain,500,156,41.422300,2068.856600,1118.165900,1159.588200,6.661600,true,4224,4352,0x098b50423eb1b80e5a7fb520438bb4f17cbf6c9b9e6ebef7938342aa2df694fe,0x011d10d516eb6795ffe1ac987326ec7b8a1bc7c6216fb37623144bce1ea511d9
theo_n,14,161,false,9,13,onchain,500,157,41.770500,2068.856600,1165.648600,1207.419100,6.488900,true,4224,4352,0x098b50423eb1b80e5a7fb520438bb4f17cbf6c9b9e6ebef7938342aa2df694fe,0x07c2427f7b75d030b8add3786708a7f1ff3619698d999713baa4e3e9179ea69c
theo_n,14,162,false,9,13,onchain,500,158,40.726500,2068.856600,1073.417700,1114.144200,5.856500,true,4224,4352,0x098b50423eb1b80e5a7fb520438bb4f17cbf6c9b9e6ebef7938342aa2df694fe,0x15b494b2d69d888296e4a53c9138e66b123c8700312e6b706ac66675afaf6f1e
theo_n,14,163,false,9,13,onchain,500,159,39.102200,2068.856600,1049.068700,1088.170900,6.149300,true,4224,4352,0x098b50423eb1b80e5a7fb520438bb4f17cbf6c9b9e6ebef7938342aa2df694fe,0x09d28e4bc034581881ef74dcd3ef170396e570e5cdac22e022a7b681b15fa3f8
theo_n,14,164,false,9,13,onchain,500,160,39.160100,2068.856600,1046.039500,1085.199600,6.174400,true,4224,4352,0x098b50423eb1b80e5a7fb520438bb4f17cbf6c9b9e6ebef7938342aa2df694fe,0x06320cda582ab69eba60cc5f2d8f98720c81076f5feb562563b2678474f0e833
theo_n,14,165,false,9,13,onchain,500,161,38.634100,2068.856600,1123.102100,1161.736200,6.241900,true,4224,4352,0x098b50423eb1b80e5a7fb520438bb4f17cbf6c9b9e6ebef7938342aa2df694fe,0x1ed92eb6f52266c41b5eff71eff811783249cd3cb8dab2b6d993871737888e24
theo_n,14,166,false,9,13,onchain,500,162,39.190200,2068.856600,1055.459800,1094.650000,5.586200,true,4224,4352,0x098b50423eb1b80e5a7fb520438bb4f17cbf6c9b9e6ebef7938342aa2df694fe,0x2f228f71e58a7b39a67b3c4e6272d392223b6299129403e73cd5d22ee0dd12ac
theo_n,14,167,false,9,13,onchain,500,163,39.501500,2068.856600,1059.612600,1099.114100,6.062900,true,4224,4352,0x098b50423eb1b80e5a7fb520438bb4f17cbf6c9b9e6ebef7938342aa2df694fe,0x08b9ea24dacf4bb71cd1a71d186ad4a3aa0b1224036b3d5975053220811cfde2
theo_n,14,168,false,9,13,onchain,500,164,39.261000,2068.856600,1054.116800,1093.377800,5.673400,true,4224,4352,0x098b50423eb1b80e5a7fb520438bb4f17cbf6c9b9e6ebef7938342aa2df694fe,0x1e916b5d46e155942cbf9bd03d57a68d6870f77dfa7a2603838d5697fc064995
theo_n,14,169,false,9,13,onchain,500,165,40.965600,2068.856600,1037.254700,1078.220300,5.358700,true,4224,4352,0x098b50423eb1b80e5a7fb520438bb4f17cbf6c9b9e6ebef7938342aa2df694fe,0x2083a99ee8336b2216a949706234f1238389c5d988e1a708f1d82d2dd19a36f8
theo_n,14,170,false,9,13,onchain,500,166,41.486300,2068.856600,1057.989000,1099.475300,5.900800,true,4224,4352,0x098b50423eb1b80e5a7fb520438bb4f17cbf6c9b9e6ebef7938342aa2df694fe,0x0fc49d02f286296ca6aea328cf7989ead6df46008a90ac7708b353d4d1fa50a1
theo_n,14,171,false,9,13,onchain,500,167,38.248300,2068.856600,1058.916900,1097.165200,5.450400,true,4224,4352,0x098b50423eb1b80e5a7fb520438bb4f17cbf6c9b9e6ebef7938342aa2df694fe,0x01c951890bef8b00ee81b33d53ff33cabfdb08c77cd3d71cf09ae6aa9c8e6223
theo_n,14,172,false,9,13,onchain,500,168,36.578200,2068.856600,1003.076000,1039.654200,5.821600,true,4224,4352,0x098b50423eb1b80e5a7fb520438bb4f17cbf6c9b9e6ebef7938342aa2df694fe,0x2e21bd7006b2fe0c1b3e8d85680b3db6b9023ae9655b981deba01610d09107ff
theo_n,14,173,false,9,13,onchain,500,169,38.317500,2068.856600,957.082800,995.400300,5.681200,true,4224,4352,0x098b50423eb1b80e5a7fb520438bb4f17cbf6c9b9e6ebef7938342aa2df694fe,0x2dea3ace923241fb9b6cbe0f7cc54de90e793785f271579dc5ba7ed217ecf5de
theo_n,14,174,false,9,13,onchain,500,170,34.772800,2068.856600,998.791600,1033.564400,5.864800,true,4224,4352,0x098b50423eb1b80e5a7fb520438bb4f17cbf6c9b9e6ebef7938342aa2df694fe,0x10f12245982fffe007b0ecef635197a5267eb81d727d447237c3f308eeea06c5
theo_n,14,175,false,9,13,onchain,500,171,38.712200,2068.856600,1050.387800,1089.100000,5.381300,true,4224,4352,0x098b50423eb1b80e5a7fb520438bb4f17cbf6c9b9e6ebef7938342aa2df694fe,0x1fde592bf80e60c3006f6357af1860d7a9c3b5f570bc0e39666b2fa0b0fa623b
theo_n,14,176,false,9,13,onchain,500,172,36.940300,2068.856600,1008.180100,1045.120400,5.258300,true,4224,4352,0x098b50423eb1b80e5a7fb520438bb4f17cbf6c9b9e6ebef7938342aa2df694fe,0x03f52ca2eb1444ab17b86e0070b7cb17a6e6d8eb47ba455096f24be0ef44e64d
theo_n,14,177,false,9,13,onchain,500,173,37.316400,2068.856600,1013.850400,1051.166800,6.133300,true,4224,4352,0x098b50423eb1b80e5a7fb520438bb4f17cbf6c9b9e6ebef7938342aa2df694fe,0x298aa57712a04fb53de588b8f1a0b1d1e4227d335b31773343b126bd46d6c8ce
theo_n,14,178,false,9,13,onchain,500,174,38.187100,2068.856600,994.345300,1032.532400,6.136400,true,4224,4352,0x098b50423eb1b80e5a7fb520438bb4f17cbf6c9b9e6ebef7938342aa2df694fe,0x107b857578d9cb6989ccf0f30edb97b06bc3833c39c4f2d3e3d372f481dd8023
theo_n,14,179,false,9,13,onchain,500,175,37.685800,2068.856600,1004.779300,1042.465100,5.369700,true,4224,4352,0x098b50423eb1b80e5a7fb520438bb4f17cbf6c9b9e6ebef7938342aa2df694fe,0x1f04cfcb8e116dbe0f227912a09380f4e32e9e3e5f2256e919bb36f7079c5103
theo_n,14,180,false,9,13,onchain,500,176,37.990400,2068.856600,1047.922900,1085.913300,5.274700,true,4224,4352,0x098b50423eb1b80e5a7fb520438bb4f17cbf6c9b9e6ebef7938342aa2df694fe,0x1e68c8b38e22bac0843fbbaa1beb99ff308287da69e2748e848701f40806de03
theo_n,14,181,false,9,13,onchain,500,177,35.051000,2068.856600,1113.756800,1148.807800,5.330600,true,4224,4352,0x098b50423eb1b80e5a7fb520438bb4f17cbf6c9b9e6ebef7938342aa2df694fe,0x00273abbd77c1c843a34dd7136eb304c447c3664dec4b8a1220dfd8f7d419215
theo_n,14,182,false,9,13,onchain,500,178,37.529400,2068.856600,1014.174600,1051.704000,5.385700,true,4224,4352,0x098b50423eb1b80e5a7fb520438bb4f17cbf6c9b9e6ebef7938342aa2df694fe,0x0b28f864933c885e09f83295b931650d055fc4fc29f027c7f9154c739463a145
theo_n,14,183,false,9,13,onchain,500,179,35.101300,2068.856600,1028.583800,1063.685100,5.115300,true,4224,4352,0x098b50423eb1b80e5a7fb520438bb4f17cbf6c9b9e6ebef7938342aa2df694fe,0x1942c46688b94e9feac9b79485e5275cd47749110c86881a6f89b4fd673313b8
theo_n,14,184,false,9,13,onchain,500,180,35.652300,2068.856600,1031.844100,1067.496400,5.063900,true,4224,4352,0x098b50423eb1b80e5a7fb520438bb4f17cbf6c9b9e6ebef7938342aa2df694fe,0x05e66e3156ee58cd9a319fc1bf021b066bb4a12dfcb4065c8fd52badd2816357
theo_n,14,185,false,9,13,onchain,500,181,36.880100,2068.856600,1000.473900,1037.354000,5.363900,true,4224,4352,0x098b50423eb1b80e5a7fb520438bb4f17cbf6c9b9e6ebef7938342aa2df694fe,0x2a3c82367379ca3bc510fa7cc6292b87adeae422acaf533b481b7ab5a9b74ff8
theo_n,14,186,false,9,13,onchain,500,182,34.941700,2068.856600,928.989400,963.931100,5.533700,true,4224,4352,0x098b50423eb1b80e5a7fb520438bb4f17cbf6c9b9e6ebef7938342aa2df694fe,0x1249bf76e23d7887ed8174d4d5ab76b45d4e883f887862e0fbb6cb1ff0ae511b
theo_n,14,187,false,9,13,onchain,500,183,34.162700,2068.856600,937.834200,971.996900,6.447800,true,4224,4352,0x098b50423eb1b80e5a7fb520438bb4f17cbf6c9b9e6ebef7938342aa2df694fe,0x299618a39d19d4bebd969488c616703e255699e67a2120cf6f08ea875ec432c3
theo_n,14,188,false,9,13,onchain,500,184,35.226300,2068.856600,958.421800,993.648100,6.395000,true,4224,4352,0x098b50423eb1b80e5a7fb520438bb4f17cbf6c9b9e6ebef7938342aa2df694fe,0x1c9a777a7d9c58721c7da841f525a15984b7e891da907c30cff77c20fec58449
theo_n,14,189,false,9,13,onchain,500,185,39.723700,2068.856600,1013.084500,1052.808200,6.109100,true,4224,4352,0x098b50423eb1b80e5a7fb520438bb4f17cbf6c9b9e6ebef7938342aa2df694fe,0x2608a22fc17f577d6b0c737a1dae9bf3bfcada6e599a32673cc3b22aa3b6190c
theo_n,14,190,false,9,13,onchain,500,186,35.405600,2068.856600,958.322100,993.727700,5.429400,true,4224,4352,0x098b50423eb1b80e5a7fb520438bb4f17cbf6c9b9e6ebef7938342aa2df694fe,0x21c60d25a15e9ae91c63bf274725cbd91cce20150f6968f909ed4545bf10f860
theo_n,14,191,false,9,13,onchain,500,187,36.872000,2068.856600,930.756600,967.628600,5.556900,true,4224,4352,0x098b50423eb1b80e5a7fb520438bb4f17cbf6c9b9e6ebef7938342aa2df694fe,0x2a2d7701e0b8c21420d7b7229e667662e2cbb348c0011ae3c54b0a6ef4ddaed2
theo_n,14,192,false,9,13,onchain,500,188,34.454300,2068.856600,933.256000,967.710300,5.022000,true,4224,4352,0x098b50423eb1b80e5a7fb520438bb4f17cbf6c9b9e6ebef7938342aa2df694fe,0x2147d5a5854e8222301664ebdea905cf2129477a5b1fa920e3b69c0ffde3fe7c
theo_n,14,193,false,9,13,onchain,500,189,34.536300,2068.856600,964.528300,999.064600,5.499300,true,4224,4352,0x098b50423eb1b80e5a7fb520438bb4f17cbf6c9b9e6ebef7938342aa2df694fe,0x09e30c2882ee8f7a4d382ee18bfb26fd8cc97e5b71b4abf04cb6ef5c20141ee8
theo_n,14,194,false,9,13,onchain,500,190,38.169500,2068.856600,952.579500,990.749000,6.437400,true,4224,4352,0x098b50423eb1b80e5a7fb520438bb4f17cbf6c9b9e6ebef7938342aa2df694fe,0x29659717e824040f23b91d2d273626a16f2383026d93d647e324bab659038b3b
theo_n,14,195,false,9,13,onchain,500,191,35.720100,2068.856600,958.802300,994.522400,5.138800,true,4224,4352,0x098b50423eb1b80e5a7fb520438bb4f17cbf6c9b9e6ebef7938342aa2df694fe,0x08905947031ddfd20fdb11313343efd9b643df52a76a9d8822b84478d51ef533
theo_n,14,196,false,9,13,onchain,500,192,36.189700,2068.856600,967.597400,1003.787100,5.311300,true,4224,4352,0x098b50423eb1b80e5a7fb520438bb4f17cbf6c9b9e6ebef7938342aa2df694fe,0x2623d2f0bb27f75ed651479f235215416974c7ed687818ca2eca4ed54cb0890e
theo_n,14,197,false,9,13,onchain,500,193,35.647300,2068.856600,956.927200,992.574500,5.684000,true,4224,4352,0x098b50423eb1b80e5a7fb520438bb4f17cbf6c9b9e6ebef7938342aa2df694fe,0x17f2a18d1c6af5fbd37c56a76f8d84a8557e3f92f46b9f10c97f07498d7a3e5e
theo_n,14,198,false,9,13,onchain,500,194,35.777900,2068.856600,963.777500,999.555400,5.311700,true,4224,4352,0x098b50423eb1b80e5a7fb520438bb4f17cbf6c9b9e6ebef7938342aa2df694fe,0x080444fd3d681818265e4b132c34ac5d5d0913ad9cde27ae4b3bc8bec9a476aa
theo_n,14,199,false,9,13,onchain,500,195,35.440300,2068.856600,947.781600,983.221900,5.130000,true,4224,4352,0x098b50423eb1b80e5a7fb520438bb4f17cbf6c9b9e6ebef7938342aa2df694fe,0x0650d03351bfa136d51cb721acb4868d9022e9febefe6b28499f0f004f36071e
theo_n,14,200,false,9,13,onchain,500,196,36.298600,2068.856600,978.800800,1015.099400,5.778700,true,4224,4352,0x098b50423eb1b80e5a7fb520438bb4f17cbf6c9b9e6ebef7938342aa2df694fe,0x1dce569b979e4239dd9eb95272649e1f5bc3375080e9be8f146870ec3767764c
theo_n,14,201,false,9,13,onchain,500,197,35.827400,2068.856600,987.047200,1022.874600,5.482200,true,4224,4352,0x098b50423eb1b80e5a7fb520438bb4f17cbf6c9b9e6ebef7938342aa2df694fe,0x229060fc460a01a09958347d142e63e18fac8e663a93f9c0a697618459f11091
theo_n,14,202,false,9,13,onchain,500,198,36.601400,2068.856600,980.223600,1016.825000,5.582400,true,4224,4352,0x098b50423eb1b80e5a7fb520438bb4f17cbf6c9b9e6ebef7938342aa2df694fe,0x14c6c58b860df7cf32a61fa6440107908bc1f58866b5291b6fc0266a44cc4347
theo_n,14,203,false,9,13,onchain,500,199,35.874200,2068.856600,974.788300,1010.662500,5.935300,true,4224,4352,0x098b50423eb1b80e5a7fb520438bb4f17cbf6c9b9e6ebef7938342aa2df694fe,0x2c6eca6e9dddf0c400924a7e305eebe78c57a0d68da8b8afe9343f8bb69af311
theo_n,14,204,false,9,13,onchain,500,200,36.141700,2068.856600,994.987400,1031.129100,5.654100,true,4224,4352,0x098b50423eb1b80e5a7fb520438bb4f17cbf6c9b9e6ebef7938342aa2df694fe,0x26d10e610f5a898caa541893e7c74d8b589b1bca141f9d5c12129f0ac8c2c4de
theo_n,14,205,false,9,13,onchain,500,201,35.221400,2068.856600,971.847300,1007.068700,5.535100,true,4224,4352,0x098b50423eb1b80e5a7fb520438bb4f17cbf6c9b9e6ebef7938342aa2df694fe,0x1de79d5b678871b100b2b73ad88c37f56b46d8c4d0981df6850d7f290419f46f
theo_n,14,206,false,9,13,onchain,500,202,36.224900,2068.856600,973.683900,1009.908800,5.863500,true,4224,4352,0x098b50423eb1b80e5a7fb520438bb4f17cbf6c9b9e6ebef7938342aa2df694fe,0x1e084c1e93a570dd4dd924a63074f8e4144d31f5484d14bf9e43031a1408dd37
theo_n,14,207,false,9,13,onchain,500,203,37.076200,2068.856600,980.751800,1017.828000,5.757100,true,4224,4352,0x098b50423eb1b80e5a7fb520438bb4f17cbf6c9b9e6ebef7938342aa2df694fe,0x2b491f2eb4c3f055d7784d7f4a35a5a0ffbd04a7375b5db1796d27992d6a78a4
theo_n,14,208,false,9,13,onchain,500,204,36.225600,2068.856600,974.414300,1010.639900,5.997500,true,4224,4352,0x098b50423eb1b80e5a7fb520438bb4f17cbf6c9b9e6ebef7938342aa2df694fe,0x2207f01b23ccc5d511b22b388ece1132266a457ae6354b500e3371d8b7b47b8f
theo_n,14,209,false,9,13,onchain,500,205,35.940700,2068.856600,994.622800,1030.563500,6.492600,true,4224,4352,0x098b50423eb1b80e5a7fb520438bb4f17cbf6c9b9e6ebef7938342aa2df694fe,0x2820b06f5df5d3e5eac9c631774e2ed85c977ab1010eff6d64f3fb624ad7d7a3
theo_n,14,210,false,9,13,onchain,500,206,36.647900,2068.856600,997.434900,1034.082800,5.287000,true,4224,4352,0x098b50423eb1b80e5a7fb520438bb4f17cbf6c9b9e6ebef7938342aa2df694fe,0x27a17ea0f0816d8c2987f01b465a7a7c34a96adc62fd86ae42af4cc4a760bd5b
theo_n,14,211,false,9,13,onchain,500,207,36.750800,2068.856600,1103.493500,1140.244300,6.247700,true,4224,4352,0x098b50423eb1b80e5a7fb520438bb4f17cbf6c9b9e6ebef7938342aa2df694fe,0x2838bb09aca0424f32baa130c15f81e5704a68065f6de6f27979fc196863b7ae
theo_n,14,212,false,9,13,onchain,500,208,37.656000,2068.856600,1007.639800,1045.295800,5.870500,true,4224,4352,0x098b50423eb1b80e5a7fb520438bb4f17cbf6c9b9e6ebef7938342aa2df694fe,0x08253658a1a878506ef21181f0975c66ef755715fd66e1573da2305eb0cd2780
theo_n,14,213,false,9,13,onchain,500,209,37.611000,2068.856600,1043.511800,1081.122800,5.979500,true,4224,4352,0x098b50423eb1b80e5a7fb520438bb4f17cbf6c9b9e6ebef7938342aa2df694fe,0x10b028218147aff279afc8483c1d0f2f720bcbff9e7b277074e6f5964c6c1c75
theo_n,14,214,false,9,13,onchain,500,210,44.260800,2068.856600,1050.326600,1094.587400,5.617400,true,4224,4352,0x098b50423eb1b80e5a7fb520438bb4f17cbf6c9b9e6ebef7938342aa2df694fe,0x2173732b56584682acdb72c0eb05938ecaa2a2cf7d64074b54076a03bc11d903
theo_n,14,215,false,9,13,onchain,500,211,40.066500,2068.856600,1013.855200,1053.921700,5.913900,true,4224,4352,0x098b50423eb1b80e5a7fb520438bb4f17cbf6c9b9e6ebef7938342aa2df694fe,0x18f62f27b02c5bdf99fc82b37e136b28c8b03690f7a779e123ec15b179a41357
theo_n,14,216,false,9,13,onchain,500,212,37.389100,2068.856600,1005.727700,1043.116800,5.703300,true,4224,4352,0x098b50423eb1b80e5a7fb520438bb4f17cbf6c9b9e6ebef7938342aa2df694fe,0x0522989be561c3acf3d13b8ce2579c69fd82702309650aa02dc3f0f1a3aeb51e
theo_n,14,217,false,9,13,onchain,500,213,36.622400,2068.856600,1007.952000,1044.574400,6.385600,true,4224,4352,0x098b50423eb1b80e5a7fb520438bb4f17cbf6c9b9e6ebef7938342aa2df694fe,0x00abfd86d0b7cd3ef4c548a4842e95cd198e8c13f5984cf7744328f643ecda38
theo_n,14,218,false,9,13,onchain,500,214,37.054600,2068.856600,992.697000,1029.751600,5.578600,true,4224,4352,0x098b50423eb1b80e5a7fb520438bb4f17cbf6c9b9e6ebef7938342aa2df694fe,0x00e72a74ffeafc01ff3bc87cbe9cb8991e6ddf6a62704eee18f298fb44947a54
theo_n,14,219,false,9,13,onchain,500,215,37.379000,2068.856600,1004.344100,1041.723100,5.515100,true,4224,4352,0x098b50423eb1b80e5a7fb520438bb4f17cbf6c9b9e6ebef7938342aa2df694fe,0x09bd4c44b0d8c3f95e85a7ea7eaad034d0bb4a071151c4602d4c25a063e655a3
theo_n,14,220,false,9,13,onchain,500,216,38.548400,2068.856600,1026.902200,1065.450600,5.570700,true,4224,4352,0x098b50423eb1b80e5a7fb520438bb4f17cbf6c9b9e6ebef7938342aa2df694fe,0x1da98d0d586ad726f7d6d36d081f3b5ddaff00b0e568dc30c9263430f45d0efd
theo_n,14,221,false,9,13,onchain,500,217,38.099400,2068.856600,1112.864600,1150.964000,5.707000,true,4224,4352,0x098b50423eb1b80e5a7fb520438bb4f17cbf6c9b9e6ebef7938342aa2df694fe,0x0d332cc6cfca7d979739d690576d83fa594a7fade7d1ed233baee5eee47c00aa
theo_n,14,222,false,9,13,onchain,500,218,38.263700,2068.856600,1028.390700,1066.654400,6.534400,true,4224,4352,0x098b50423eb1b80e5a7fb520438bb4f17cbf6c9b9e6ebef7938342aa2df694fe,0x04df1709421261492f4643397ca9c5a3205a57917e5467927d5d95111e631b98
theo_n,14,223,false,9,13,onchain,500,219,38.505800,2068.856600,1022.362400,1060.868200,5.892700,true,4224,4352,0x098b50423eb1b80e5a7fb520438bb4f17cbf6c9b9e6ebef7938342aa2df694fe,0x0ca39f899831fd4e5448e7ade10af02c0e1c50d9b33334800989497f9e26e93b
theo_n,14,224,false,9,13,onchain,500,220,37.759700,2068.856600,1046.956600,1084.716300,5.262400,true,4224,4352,0x098b50423eb1b80e5a7fb520438bb4f17cbf6c9b9e6ebef7938342aa2df694fe,0x17b533f22fbbd4525ea0cb1d23064c62e4d5d81c56b9f425542cd2b8500fe93f
theo_n,14,225,false,9,13,onchain,500,221,38.346200,2068.856600,1024.246900,1062.593100,5.990500,true,4224,4352,0x098b50423eb1b80e5a7fb520438bb4f17cbf6c9b9e6ebef7938342aa2df694fe,0x30284ab4f906ef741017b6ba866c480fe26022712c2b1f47925878df7ead3942
theo_n,14,226,false,9,13,onchain,500,222,37.897700,2068.856600,1030.503300,1068.401000,6.047100,true,4224,4352,0x098b50423eb1b80e5a7fb520438bb4f17cbf6c9b9e6ebef7938342aa2df694fe,0x230719c7f7508d7995106104b0fba8547e5ccbc3b2237e6c3681908b8908eb25
theo_n,14,227,false,9,13,onchain,500,223,38.045300,2068.856600,1023.907800,1061.953100,6.022700,true,4224,4352,0x098b50423eb1b80e5a7fb520438bb4f17cbf6c9b9e6ebef7938342aa2df694fe,0x05e321b5b73ae7dc708200813248dc8ce759f76786404cca834d23fbda676330
theo_n,14,228,false,9,13,onchain,500,224,37.486700,2068.856600,1032.145400,1069.632100,5.935000,true,4224,4352,0x098b50423eb1b80e5a7fb520438bb4f17cbf6c9b9e6ebef7938342aa2df694fe,0x04f16424a036c1c8b8b62ac3f6fbf1afe4161d95f2745ca23620b11c345ec204
theo_n,14,229,false,9,13,onchain,500,225,38.760500,2068.856600,1046.191600,1084.952100,6.071300,true,4224,4352,0x098b50423eb1b80e5a7fb520438bb4f17cbf6c9b9e6ebef7938342aa2df694fe,0x1683ef468d4cd009c3194edbbb010a088da918a0690b8a067343e416a6a4b7ff
theo_n,14,230,false,9,13,onchain,500,226,39.594000,2068.856600,1057.124500,1096.718500,6.286400,true,4224,4352,0x098b50423eb1b80e5a7fb520438bb4f17cbf6c9b9e6ebef7938342aa2df694fe,0x019f440d4f71344df6e4a73f4d2b76d8d021ff64e9805774b700ff240c7e6290
theo_n,14,231,false,9,13,onchain,500,227,38.531500,2068.856600,1054.735700,1093.267200,6.505700,true,4224,4352,0x098b50423eb1b80e5a7fb520438bb4f17cbf6c9b9e6ebef7938342aa2df694fe,0x2cd3b78cb474d98ab26e82eec456c2b501e97e323c15f190d62a4d50eccd5f21
theo_n,14,232,false,9,13,onchain,500,228,38.573100,2068.856600,1171.305000,1209.878100,6.365500,true,4224,4352,0x098b50423eb1b80e5a7fb520438bb4f17cbf6c9b9e6ebef7938342aa2df694fe,0x0cd75776cd07fe51cb25d1b9af220f8010d0b1b48eabf6f7c90ee35094b60e35
theo_n,14,233,false,9,13,onchain,500,229,38.951600,2068.856600,1072.147600,1111.099200,5.733100,true,4224,4352,0x098b50423eb1b80e5a7fb520438bb4f17cbf6c9b9e6ebef7938342aa2df694fe,0x2af48b45a7202a164a90ca6a1725e39467f70a524ea74dfae76a0a6dc0b7be0b
theo_n,14,234,false,9,13,onchain,500,230,39.631400,2068.856600,1061.602700,1101.234100,5.684400,true,4224,4352,0x098b50423eb1b80e5a7fb520438bb4f17cbf6c9b9e6ebef7938342aa2df694fe,0x0aa6ce31e57d744ae008aec740817366db5ec92d41d4b40a440c5b1c0eb2cd57
theo_n,14,235,false,9,13,onchain,500,231,39.263400,2068.856600,1046.091100,1085.354500,6.017100,true,4224,4352,0x098b50423eb1b80e5a7fb520438bb4f17cbf6c9b9e6ebef7938342aa2df694fe,0x278b7b3a14762423c4cb23f6ef2bed5f69f610ad64b09fb228de4bdd7b449931
theo_n,14,236,false,9,13,onchain,500,232,39.049100,2068.856600,1055.376300,1094.425400,5.918400,true,4224,4352,0x098b50423eb1b80e5a7fb520438bb4f17cbf6c9b9e6ebef7938342aa2df694fe,0x008535962f0a38daf6d8b95158c3c95e2415b4e90d11089c37356fc331072ead
theo_n,14,237,false,9,13,onchain,500,233,39.235700,2068.856600,1066.326700,1105.562400,5.608200,true,4224,4352,0x098b50423eb1b80e5a7fb520438bb4f17cbf6c9b9e6ebef7938342aa2df694fe,0x1f283c30d18bf09f79126ecf806edc3bf784d5e0f9725586679bfe0e9c141c4e
theo_n,14,238,false,9,13,onchain,500,234,39.850100,2068.856600,1082.827000,1122.677100,6.738100,true,4224,4352,0x098b50423eb1b80e5a7fb520438bb4f17cbf6c9b9e6ebef7938342aa2df694fe,0x0ca1cac7f7c4ab67a0c13fbe4385bbfcc207f7258be5b10a821c9e35368bc57c
theo_n,14,239,false,9,13,onchain,500,235,40.210400,2068.856600,1099.077900,1139.288300,6.186500,true,4224,4352,0x098b50423eb1b80e5a7fb520438bb4f17cbf6c9b9e6ebef7938342aa2df694fe,0x1ee64ecdb87fe16d9a0b2d0a42e45479ccd2fa4753d872229767dfbf44cdf2d9
theo_n,14,240,false,9,13,onchain,500,236,40.292100,2068.856600,1154.177800,1194.469900,6.307600,true,4224,4352,0x098b50423eb1b80e5a7fb520438bb4f17cbf6c9b9e6ebef7938342aa2df694fe,0x0c61a809f53d171aeb13efc2823b433ee74a4bcb86fcca2c0bbe028b9567aba6
theo_n,14,241,false,9,13,onchain,500,237,40.761700,2068.856600,1089.603600,1130.365300,6.356900,true,4224,4352,0x098b50423eb1b80e5a7fb520438bb4f17cbf6c9b9e6ebef7938342aa2df694fe,0x249a5db4d7eb6525105d286d5866fa9da2af5e066720dd3e559dc51efb9f1ffb
theo_n,14,242,false,9,13,onchain,500,238,40.051000,2068.856600,1089.790400,1129.841400,5.730200,true,4224,4352,0x098b50423eb1b80e5a7fb520438bb4f17cbf6c9b9e6ebef7938342aa2df694fe,0x0702f314a3e92da936be90effa3dcc080d999f2e509ef50c2c1d79b4fc8f6bcd
theo_n,14,243,false,9,13,onchain,500,239,42.227900,2068.856600,1085.527200,1127.755100,6.690500,true,4224,4352,0x098b50423eb1b80e5a7fb520438bb4f17cbf6c9b9e6ebef7938342aa2df694fe,0x0a4b98013160def93d32ab9bd72b198ed733f55b2afe206df82a3170ae024fdf
theo_n,14,244,false,9,13,onchain,500,240,40.357900,2068.856600,1091.683800,1132.041700,6.399200,true,4224,4352,0x098b50423eb1b80e5a7fb520438bb4f17cbf6c9b9e6ebef7938342aa2df694fe,0x06e7126768d8e8ff17cce3aab2c4804e1cbd3fe8097a56fccac32ae30136f0ca
theo_n,14,245,false,9,13,onchain,500,241,39.909900,2068.856600,1130.971000,1170.880900,6.811800,true,4224,4352,0x098b50423eb1b80e5a7fb520438bb4f17cbf6c9b9e6ebef7938342aa2df694fe,0x0a3decc0377e13f60cc834863b77ceedbe0fe45696b715b64b35cde307d12ba3
theo_n,14,246,false,9,13,onchain,500,242,41.511200,2068.856600,1140.835700,1182.346900,6.876300,true,4224,4352,0x098b50423eb1b80e5a7fb520438bb4f17cbf6c9b9e6ebef7938342aa2df694fe,0x27797a9f69d6b0d7d985d0a46cd91f3d36c9fa86cdbeaa89ce2415172e64f190
theo_n,14,247,false,9,13,onchain,500,243,43.259500,2068.856600,1082.568400,1125.827900,6.321800,true,4224,4352,0x098b50423eb1b80e5a7fb520438bb4f17cbf6c9b9e6ebef7938342aa2df694fe,0x12e45f07466eecaf4f209e0a6519f666d88d455427c1d676657f276d56339d2f
theo_n,14,248,false,9,13,onchain,500,244,38.752600,2068.856600,1089.779800,1128.532400,6.012500,true,4224,4352,0x098b50423eb1b80e5a7fb520438bb4f17cbf6c9b9e6ebef7938342aa2df694fe,0x181adf32cfe9935cd5593d715f3eddd6c12cf801141af0412b5002665fb58cf2
theo_n,14,249,false,9,13,onchain,500,245,42.143300,2068.856600,1133.137100,1175.280400,6.428100,true,4224,4352,0x098b50423eb1b80e5a7fb520438bb4f17cbf6c9b9e6ebef7938342aa2df694fe,0x0293847ef66f11fb996f93396f52d4a36106d51fcac611aab6fc2563d36d3847
theo_n,14,250,false,9,13,onchain,500,246,43.030700,2068.856600,1126.916200,1169.946900,6.526500,true,4224,4352,0x098b50423eb1b80e5a7fb520438bb4f17cbf6c9b9e6ebef7938342aa2df694fe,0x1d92e48e7b37a5203801541414b263b923580ad1025d8385894bced6f5edf1b9
theo_n,14,251,false,9,13,onchain,500,247,41.929900,2068.856600,1134.336100,1176.266000,6.512700,true,4224,4352,0x098b50423eb1b80e5a7fb520438bb4f17cbf6c9b9e6ebef7938342aa2df694fe,0x30131b16109882349645b305078a9fecd21cd7a7804f32b913f07d7e73239a54
theo_n,14,252,false,9,13,onchain,500,248,42.255800,2068.856600,1140.427900,1182.683700,6.802300,true,4224,4352,0x098b50423eb1b80e5a7fb520438bb4f17cbf6c9b9e6ebef7938342aa2df694fe,0x0fc687a2a0ff407060788cff48a8795fb72c5d5c1c5e7ace3017c12ace37d25b
theo_n,14,253,false,9,13,onchain,500,249,41.635900,2068.856600,1209.071600,1250.707500,7.298500,true,4224,4352,0x098b50423eb1b80e5a7fb520438bb4f17cbf6c9b9e6ebef7938342aa2df694fe,0x22883b823b1489571b9345548d36e8a954dcd025de0b04f7911cb92ddae9f0c0
theo_n,14,254,false,9,13,onchain,500,250,43.297100,2068.856600,1139.670000,1182.967100,6.366100,true,4224,4352,0x098b50423eb1b80e5a7fb520438bb4f17cbf6c9b9e6ebef7938342aa2df694fe,0x06aefe36889e944554c0bfba064c14099209324c84484f7cead0b0fc2721cedb
theo_n,14,255,false,9,13,onchain,500,251,41.372900,2068.856600,1124.470700,1165.843600,7.076700,true,4224,4352,0x098b50423eb1b80e5a7fb520438bb4f17cbf6c9b9e6ebef7938342aa2df694fe,0x145d657f21439dc6c9e2bde7ace48104cea658ee03160bb6a74dfa6f77de8aab
theo_n,14,256,false,9,13,onchain,500,252,41.276000,2068.856600,1230.140000,1271.416000,7.666800,true,4224,4352,0x098b50423eb1b80e5a7fb520438bb4f17cbf6c9b9e6ebef7938342aa2df694fe,0x213a5c53e8d401a727fc495f82c4f9716da4d586351dd9d2c2937aee940256b7
theo_n,14,257,false,9,13,onchain,500,253,42.043600,2068.856600,1131.388700,1173.432300,6.897800,true,4224,4352,0x098b50423eb1b80e5a7fb520438bb4f17cbf6c9b9e6ebef7938342aa2df694fe,0x129596920613df72f1b51a01ba2d240dde9189ba8bce571a63a1f6c061efb954
theo_n,14,258,false,9,13,onchain,500,254,42.510000,2068.856600,1140.075500,1182.585500,5.927300,true,4224,4352,0x098b50423eb1b80e5a7fb520438bb4f17cbf6c9b9e6ebef7938342aa2df694fe,0x09b8f8929d1692fe3d358cc25686295748c1b1fadfb7c30cbfec622f9d80fd05
theo_n,14,259,false,9,13,onchain,500,255,41.561500,2068.856600,1134.685800,1176.247300,6.067700,true,4224,4352,0x098b50423eb1b80e5a7fb520438bb4f17cbf6c9b9e6ebef7938342aa2df694fe,0x0bab4493bbfde736a38be14ea8fdfde66333ae2107cfb41a9ddac4a3e9abb33b
theo_n,14,260,false,9,13,onchain,500,256,41.603700,2068.856600,1583.220200,1624.823900,7.906800,true,4224,4352,0x098b50423eb1b80e5a7fb520438bb4f17cbf6c9b9e6ebef7938342aa2df694fe,0x0273dfe329a161d0be4c0399d8130f91715f853183f8d2686ea659408b63e85a
theo_n,14,261,false,9,13,onchain,500,257,48.124100,2068.856600,1190.746900,1238.871000,7.573700,true,4224,4352,0x098b50423eb1b80e5a7fb520438bb4f17cbf6c9b9e6ebef7938342aa2df694fe,0x05e37e2666d2b2839c4d81cc0598d09f164406dcbfeedc117caaf487a940f444
theo_n,14,262,false,9,13,onchain,500,258,41.312800,2068.856600,1144.921000,1186.233800,6.128500,true,4224,4352,0x098b50423eb1b80e5a7fb520438bb4f17cbf6c9b9e6ebef7938342aa2df694fe,0x256f742a38acf6c1a9515ef36c9e4f1eb465c1084cb78949dc4b638af40d646e
theo_n,14,263,false,9,13,onchain,500,259,41.110700,2068.856600,1128.612100,1169.722800,7.642200,true,4224,4352,0x098b50423eb1b80e5a7fb520438bb4f17cbf6c9b9e6ebef7938342aa2df694fe,0x22da3d99a866b36f51c982949d7239cdda27998316552d92d9f9da5f34170e9a
theo_n,14,264,false,9,13,onchain,500,260,44.353100,2068.856600,1124.815700,1169.168800,7.715900,true,4224,4352,0x098b50423eb1b80e5a7fb520438bb4f17cbf6c9b9e6ebef7938342aa2df694fe,0x2eeb16245d057e1c821d3d115ab4b5dfaaaa7645ac5e97c43a56a1f4a7150914
theo_n,14,265,false,9,13,onchain,500,261,42.005800,2068.856600,1126.438600,1168.444400,6.485800,true,4224,4352,0x098b50423eb1b80e5a7fb520438bb4f17cbf6c9b9e6ebef7938342aa2df694fe,0x050f3eb658ce524599a8aa3b8d7270a9f39f9024f520e07d9c2957bbac0dd83f
theo_n,14,266,false,9,13,onchain,500,262,41.411400,2068.856600,1148.385100,1189.796500,6.312800,true,4224,4352,0x098b50423eb1b80e5a7fb520438bb4f17cbf6c9b9e6ebef7938342aa2df694fe,0x2ba47ecc5714b6eb7047b965817a6105041146195243108b88a4aaef2ad003c8
theo_n,14,267,false,9,13,onchain,500,263,40.876200,2068.856600,1121.086800,1161.963000,6.767500,true,4224,4352,0x098b50423eb1b80e5a7fb520438bb4f17cbf6c9b9e6ebef7938342aa2df694fe,0x2e324cb62c1f9e76d2ebad95ab692d390a6dff346fcc2f8c952dd39314156fb9
theo_n,14,268,false,9,13,onchain,500,264,41.622900,2068.856600,1131.302300,1172.925200,6.547000,true,4224,4352,0x098b50423eb1b80e5a7fb520438bb4f17cbf6c9b9e6ebef7938342aa2df694fe,0x25f19f2ed933082d6fbbb5bfac709e94b22d54cd2a606841adea1e0f33252529
theo_n,14,269,false,9,13,onchain,500,265,41.860400,2068.856600,1118.003100,1159.863500,6.235800,true,4224,4352,0x098b50423eb1b80e5a7fb520438bb4f17cbf6c9b9e6ebef7938342aa2df694fe,0x1b73fd036c6904bf7a1b55a35ef8a0322d4aa1afacbdc5b1f5dadda95f2e80d9
theo_n,14,270,false,9,13,onchain,500,266,41.142200,2068.856600,1105.988000,1147.130200,6.485200,true,4224,4352,0x098b50423eb1b80e5a7fb520438bb4f17cbf6c9b9e6ebef7938342aa2df694fe,0x0d1a891904ce26bcee3cb9f193ef9b557a571025c13617efc5ff3fb14a736eb4
theo_n,14,271,false,9,13,onchain,500,267,41.248100,2068.856600,1124.678900,1165.927000,6.831900,true,4224,4352,0x098b50423eb1b80e5a7fb520438bb4f17cbf6c9b9e6ebef7938342aa2df694fe,0x07a55a2cc78db673d6ae5e20b0ea0a4dc4565731018c7ff217b15c0007aed7f2
theo_n,14,272,false,9,13,onchain,500,268,43.490800,2068.856600,1226.914300,1270.405100,7.429600,true,4224,4352,0x098b50423eb1b80e5a7fb520438bb4f17cbf6c9b9e6ebef7938342aa2df694fe,0x1b3425cd994444788f818746c2e7c494544d30a6badeb85248e6ba6f4e1a800c
theo_n,14,273,false,9,13,onchain,500,269,43.589400,2068.856600,1147.393000,1190.982400,6.508400,true,4224,4352,0x098b50423eb1b80e5a7fb520438bb4f17cbf6c9b9e6ebef7938342aa2df694fe,0x2c26f5f83ded0ff33db808a3707ddc761b49e85e1553363811613e0c2c9d3d55
theo_n,14,274,false,9,13,onchain,500,270,41.680700,2068.856600,1309.547900,1351.228600,8.483800,true,4224,4352,0x098b50423eb1b80e5a7fb520438bb4f17cbf6c9b9e6ebef7938342aa2df694fe,0x27ab6471727dff3719ef7ffc1265547db50f19af6e3dfad86ccb95714f9a5d7e
theo_n,14,275,false,9,13,onchain,500,271,48.574800,2068.856600,1404.277800,1452.852600,6.744300,true,4224,4352,0x098b50423eb1b80e5a7fb520438bb4f17cbf6c9b9e6ebef7938342aa2df694fe,0x2eb89a47bfcb01aafba101688f54b1a659eaf923abcdf6feedf40c3336f23910
theo_n,14,276,false,9,13,onchain,500,272,44.414200,2068.856600,1442.256800,1486.671000,8.065800,true,4224,4352,0x098b50423eb1b80e5a7fb520438bb4f17cbf6c9b9e6ebef7938342aa2df694fe,0x01f877af3a44c875c5ed8ce6ff874d7f2e729e436c223d071c9bab848171ec74
theo_n,14,277,false,9,13,onchain,500,273,68.871400,2068.856600,1634.448200,1703.319600,6.940900,true,4224,4352,0x098b50423eb1b80e5a7fb520438bb4f17cbf6c9b9e6ebef7938342aa2df694fe,0x1540aab8dbb6cec70f4bcd0ce7a9a9ec2d01ae732153d9b3ce0132b30e5b4b79
theo_n,14,278,false,9,13,onchain,500,274,57.387500,2068.856600,1313.976600,1371.364100,6.144000,true,4224,4352,0x098b50423eb1b80e5a7fb520438bb4f17cbf6c9b9e6ebef7938342aa2df694fe,0x2472614978251e972b800f9d3fa0c405855b30b1bf99b4d2bded5447950babd5
theo_n,14,279,false,9,13,onchain,500,275,45.694500,2068.856600,1104.343900,1150.038400,6.335100,true,4224,4352,0x098b50423eb1b80e5a7fb520438bb4f17cbf6c9b9e6ebef7938342aa2df694fe,0x2ecc7b3800f519a1cdbfd4ae30504aa32c2ac390744aeef4ea5d705ec794980c
theo_n,14,280,false,9,13,onchain,500,276,43.911900,2068.856600,1123.527600,1167.439500,5.921600,true,4224,4352,0x098b50423eb1b80e5a7fb520438bb4f17cbf6c9b9e6ebef7938342aa2df694fe,0x16e181e2115c35c95e67629e1e264b486e3cd2a23231458b49757292f76d6e4b
theo_n,14,281,false,9,13,onchain,500,277,44.330700,2068.856600,1212.639000,1256.969700,16.763200,true,4224,4352,0x098b50423eb1b80e5a7fb520438bb4f17cbf6c9b9e6ebef7938342aa2df694fe,0x0fa08a215862bfe0e4c17fd8a7fc50c2305c2fd26baa4a1fa80b8af9f36c5d20
theo_n,14,282,false,9,13,onchain,500,278,69.909000,2068.856600,1166.492900,1236.401900,5.986700,true,4224,4352,0x098b50423eb1b80e5a7fb520438bb4f17cbf6c9b9e6ebef7938342aa2df694fe,0x1b3bf5c183a4d79b4be51a4c7850892bb9bce49b7de06522e8e2a9fb90360c13
theo_n,14,283,false,9,13,onchain,500,279,43.861000,2068.856600,1147.873000,1191.734000,6.005900,true,4224,4352,0x098b50423eb1b80e5a7fb520438bb4f17cbf6c9b9e6ebef7938342aa2df694fe,0x0aaaf59b863c164df792e94c16b3b8ada0c468ca3bd179729d18462393cddda0
theo_n,14,284,false,9,13,onchain,500,280,43.118100,2068.856600,1204.600100,1247.718200,5.815700,true,4224,4352,0x098b50423eb1b80e5a7fb520438bb4f17cbf6c9b9e6ebef7938342aa2df694fe,0x2b2e7002b4fde9470b70626703405c69ea6084bb225ab36c13cce721e6956ef3
theo_n,14,285,false,9,13,onchain,500,281,42.281000,2068.856600,1276.505300,1318.786300,5.851600,true,4224,4352,0x098b50423eb1b80e5a7fb520438bb4f17cbf6c9b9e6ebef7938342aa2df694fe,0x1431efacf1ed954c67b3e8d4d12850b1e7a1f3d8aa3e1c579094e8e871582c83
theo_n,14,286,false,9,13,onchain,500,282,40.159400,2068.856600,1278.968100,1319.127500,6.565500,true,4224,4352,0x098b50423eb1b80e5a7fb520438bb4f17cbf6c9b9e6ebef7938342aa2df694fe,0x0ce9a17572619681e0ae731dd40898647339b9416c0aaba7d464bf42a07f4b78
theo_n,14,287,false,9,13,onchain,500,283,46.698700,2068.856600,1160.974300,1207.673000,7.039000,true,4224,4352,0x098b50423eb1b80e5a7fb520438bb4f17cbf6c9b9e6ebef7938342aa2df694fe,0x26154f6664745752deecbb5ba83bd486b93ac9c77cc804c65d16fba210fe7909
theo_n,14,288,false,9,13,onchain,500,284,43.703300,2068.856600,1189.367100,1233.070400,6.674400,true,4224,4352,0x098b50423eb1b80e5a7fb520438bb4f17cbf6c9b9e6ebef7938342aa2df694fe,0x2c72121ede22164e725242e3e6d4bcfb26dc7d7f3b8da76187489274d70b8a6f
theo_n,14,289,false,9,13,onchain,500,285,41.354300,2068.856600,1188.475800,1229.830100,7.506500,true,4224,4352,0x098b50423eb1b80e5a7fb520438bb4f17cbf6c9b9e6ebef7938342aa2df694fe,0x03b2a12c78d2b5f466ab8b3f25a12b8df133b21dc585f9274af9daf158fa8d42
theo_n,14,290,false,9,13,onchain,500,286,42.249400,2068.856600,1189.183600,1231.433000,5.909100,true,4224,4352,0x098b50423eb1b80e5a7fb520438bb4f17cbf6c9b9e6ebef7938342aa2df694fe,0x02b78917243752d5eb913f64f02c2b30b97ca4f9d3cfc8f00da4d48c8feb2a88
theo_n,14,291,false,9,13,onchain,500,287,43.087400,2068.856600,1285.782900,1328.870300,8.042400,true,4224,4352,0x098b50423eb1b80e5a7fb520438bb4f17cbf6c9b9e6ebef7938342aa2df694fe,0x1da77fd8de37566085180015fec8404cacf7a2d5cd180288bb2944142ff5bf89
theo_n,14,292,false,9,13,onchain,500,288,58.484400,2068.856600,1364.321500,1422.805900,6.326000,true,4224,4352,0x098b50423eb1b80e5a7fb520438bb4f17cbf6c9b9e6ebef7938342aa2df694fe,0x1e658b47f89ceabf271c6f8f44451fbc0dcc3395e05370047bd0df20381091ef
theo_n,14,293,false,9,13,onchain,500,289,47.627700,2068.856600,1342.503300,1390.131000,6.741800,true,4224,4352,0x098b50423eb1b80e5a7fb520438bb4f17cbf6c9b9e6ebef7938342aa2df694fe,0x0a195ed7a2d9704acd2e32b8077bb3309442f51b505fcf3f8155664707ce3104
theo_n,14,294,false,9,13,onchain,500,290,44.843000,2068.856600,1155.782300,1200.625300,6.420300,true,4224,4352,0x098b50423eb1b80e5a7fb520438bb4f17cbf6c9b9e6ebef7938342aa2df694fe,0x1ec09be06e6c9211551e6b993af8a5c1702f96b177c3af931b079059ba0dec2e
theo_n,14,295,false,9,13,onchain,500,291,44.058700,2068.856600,1233.028700,1277.087400,5.988300,true,4224,4352,0x098b50423eb1b80e5a7fb520438bb4f17cbf6c9b9e6ebef7938342aa2df694fe,0x2c6bf8a146bc421ed3017f8ae39e8f649c56c07446e96d2cc210fe45ab350309
theo_n,14,296,false,9,13,onchain,500,292,43.150600,2068.856600,1213.145800,1256.296400,5.907400,true,4224,4352,0x098b50423eb1b80e5a7fb520438bb4f17cbf6c9b9e6ebef7938342aa2df694fe,0x10bc1ad8741f0d3049216725d2e3aa18850e1f0776d5b583c8d7ccf54e4e8398
theo_n,14,297,false,9,13,onchain,500,293,42.339700,2068.856600,1124.828500,1167.168200,6.033900,true,4224,4352,0x098b50423eb1b80e5a7fb520438bb4f17cbf6c9b9e6ebef7938342aa2df694fe,0x25d6f87b434119b3ee033b87875c280d4a0aef30b6ddb137a39f327883387c2f
theo_n,14,298,false,9,13,onchain,500,294,39.407300,2068.856600,1242.836200,1282.243500,7.051300,true,4224,4352,0x098b50423eb1b80e5a7fb520438bb4f17cbf6c9b9e6ebef7938342aa2df694fe,0x2d90252085b20aa667c2b9c9519f0815e21dfde49161c106bdbfb08b20043a84
theo_n,14,299,false,9,13,onchain,500,295,44.670900,2068.856600,1154.945000,1199.615900,6.033400,true,4224,4352,0x098b50423eb1b80e5a7fb520438bb4f17cbf6c9b9e6ebef7938342aa2df694fe,0x2fba855d2dbb6f112b18c55634cfe76cf45e009e902d3bbba84ef049b87791d0
theo_n,14,300,false,9,13,onchain,500,296,41.694400,2068.856600,1117.541900,1159.236300,6.487600,true,4224,4352,0x098b50423eb1b80e5a7fb520438bb4f17cbf6c9b9e6ebef7938342aa2df694fe,0x26ed0f074a95c716a837803a907ad3e7099d6f56e27020bab5828bf905560fcf
theo_n,14,301,false,9,13,onchain,500,297,42.128200,2068.856600,1193.240200,1235.368400,5.935700,true,4224,4352,0x098b50423eb1b80e5a7fb520438bb4f17cbf6c9b9e6ebef7938342aa2df694fe,0x13d065a59a0f5c872fe29642c29186de6b12e548479494b95bef41be4dbc3e97
theo_n,14,302,false,9,13,onchain,500,298,41.311700,2068.856600,1236.940000,1278.251700,7.756200,true,4224,4352,0x098b50423eb1b80e5a7fb520438bb4f17cbf6c9b9e6ebef7938342aa2df694fe,0x01e080677d2f1b417bd106d2d1537db95612ae997a0165701a8789b90058bd3f
theo_n,14,303,false,9,13,onchain,500,299,67.108400,2068.856600,1362.542900,1429.651300,6.446400,true,4224,4352,0x098b50423eb1b80e5a7fb520438bb4f17cbf6c9b9e6ebef7938342aa2df694fe,0x0bad777ee7e53cb50bb1a34026c5b600d6b9069343a3a1ee1f82b5341284f325
theo_n,14,304,false,9,13,onchain,500,300,40.502100,2068.856600,1136.206000,1176.708100,6.676000,true,4224,4352,0x098b50423eb1b80e5a7fb520438bb4f17cbf6c9b9e6ebef7938342aa2df694fe,0x29e9df1a9f6a929fb347fdd94a9a14daa7736582c5e73cdbf766d76f862b8c58
theo_n,14,305,false,9,13,onchain,500,301,38.349200,2068.856600,1023.882100,1062.231300,6.138700,true,4224,4352,0x098b50423eb1b80e5a7fb520438bb4f17cbf6c9b9e6ebef7938342aa2df694fe,0x2360af7a8639854b5bf50619a49908323f70e65a2265592a8eb29257c42e46b4
theo_n,14,306,false,9,13,onchain,500,302,36.801500,2068.856600,1029.561700,1066.363200,5.845400,true,4224,4352,0x098b50423eb1b80e5a7fb520438bb4f17cbf6c9b9e6ebef7938342aa2df694fe,0x28a961bf6b8ab2daac54fd3a011d9dd92fa752243b7e72901cd300e296d3d948
theo_n,14,307,false,9,13,onchain,500,303,38.093800,2068.856600,1058.087900,1096.181700,5.825100,true,4224,4352,0x098b50423eb1b80e5a7fb520438bb4f17cbf6c9b9e6ebef7938342aa2df694fe,0x1dcc13891f21da1e3cc763a16afec731bb0c8988e3610b636da0b2a008d7031a
theo_n,14,308,false,9,13,onchain,500,304,40.005900,2068.856600,1057.020800,1097.026700,6.312100,true,4224,4352,0x098b50423eb1b80e5a7fb520438bb4f17cbf6c9b9e6ebef7938342aa2df694fe,0x19e0202ff98298b101d39e3d4fe7f23b35f00d7c58c872115d14bcf595570357
theo_n,14,309,false,9,13,onchain,500,305,38.930800,2068.856600,1060.106100,1099.036900,6.168600,true,4224,4352,0x098b50423eb1b80e5a7fb520438bb4f17cbf6c9b9e6ebef7938342aa2df694fe,0x055772e98620995bf10f5d97b951622b053e9a142ce221a2c724adcded37f455
theo_n,14,310,false,9,13,onchain,500,306,39.972600,2068.856600,1092.652900,1132.625500,6.320700,true,4224,4352,0x098b50423eb1b80e5a7fb520438bb4f17cbf6c9b9e6ebef7938342aa2df694fe,0x065213b2081f56a0a24a0abf40d5812fc288f37c9abeab33898f23fd19adad1b
theo_n,14,311,false,9,13,onchain,500,307,37.434400,2068.856600,1034.406200,1071.840600,5.805300,true,4224,4352,0x098b50423eb1b80e5a7fb520438bb4f17cbf6c9b9e6ebef7938342aa2df694fe,0x13deb5509b4f3f347fd99d0db5be92a5df849a1394b1a8d443ca72b5f34cf9d5
theo_n,14,312,false,9,13,onchain,500,308,36.345700,2068.856600,1028.423800,1064.769500,5.693400,true,4224,4352,0x098b50423eb1b80e5a7fb520438bb4f17cbf6c9b9e6ebef7938342aa2df694fe,0x2a91370e7d4a3f84a7bbf55d3f19f42131c01e265cc5c184a50a0bf18067994f
theo_n,14,313,false,9,13,onchain,500,309,36.573100,2068.856600,1014.157600,1050.730700,5.525500,true,4224,4352,0x098b50423eb1b80e5a7fb520438bb4f17cbf6c9b9e6ebef7938342aa2df694fe,0x2e9441f3b1b27ec1e9e837bf5d2e32ff106c7e6e6aea479c676958cad5fa5edf
theo_n,14,314,false,9,13,onchain,500,310,37.429500,2068.856600,1065.857200,1103.286700,6.711900,true,4224,4352,0x098b50423eb1b80e5a7fb520438bb4f17cbf6c9b9e6ebef7938342aa2df694fe,0x07c71a48e349a6047c713105b236aab6c3d61b04aedf07535969e8697ad84cf1
theo_n,14,315,false,9,13,onchain,500,311,41.567500,2068.856600,1003.815500,1045.383000,5.617900,true,4224,4352,0x098b50423eb1b80e5a7fb520438bb4f17cbf6c9b9e6ebef7938342aa2df694fe,0x1055ac7069959a32a5ba629e0e5a7a5817b8f3b4a69aa6abe13eff713e4aef19
theo_n,14,316,false,9,13,onchain,500,312,37.029700,2068.856600,1083.583300,1120.613000,5.504500,true,4224,4352,0x098b50423eb1b80e5a7fb520438bb4f17cbf6c9b9e6ebef7938342aa2df694fe,0x095092b3da9bb6bf6c6c69e5b6819772f8288ff048b32f0c7dc3fc1c264602c0
theo_n,14,317,false,9,13,onchain,500,313,37.391000,2068.856600,1050.780000,1088.171000,5.522900,true,4224,4352,0x098b50423eb1b80e5a7fb520438bb4f17cbf6c9b9e6ebef7938342aa2df694fe,0x229ff620fc9f07679db5848d8066502bdaa08314bae46156ebe6acc5610103cf
theo_n,14,318,false,9,13,onchain,500,314,36.989800,2068.856600,1005.777300,1042.767100,4.919600,true,4224,4352,0x098b50423eb1b80e5a7fb520438bb4f17cbf6c9b9e6ebef7938342aa2df694fe,0x2a8c93405a03ec7df6408002ed9e3324d84c46bc227d44d3537e739d6d377147
theo_n,14,319,false,9,13,onchain,500,315,41.585100,2068.856600,987.472600,1029.057700,5.900500,true,4224,4352,0x098b50423eb1b80e5a7fb520438bb4f17cbf6c9b9e6ebef7938342aa2df694fe,0x010c0957ae5bba1a2d5d707b26a2488ef46da238b08f879be8aa979387cfd0aa
theo_n,14,320,false,9,13,onchain,500,316,36.862800,2068.856600,963.766000,1000.628800,5.187700,true,4224,4352,0x098b50423eb1b80e5a7fb520438bb4f17cbf6c9b9e6ebef7938342aa2df694fe,0x14b6fdfa8e46e3fceea1084881eee66fd9603f40bf35f4ee3af1cde8d2762175
theo_n,14,321,false,9,13,onchain,500,317,35.035200,2068.856600,949.521800,984.557000,5.524400,true,4224,4352,0x098b50423eb1b80e5a7fb520438bb4f17cbf6c9b9e6ebef7938342aa2df694fe,0x1f2d9647f78439d922c61a320d9b727a5be6302450b9a0df32d81b8b1b3a281a
theo_n,14,322,false,9,13,onchain,500,318,35.308400,2068.856600,957.641500,992.949900,5.317700,true,4224,4352,0x098b50423eb1b80e5a7fb520438bb4f17cbf6c9b9e6ebef7938342aa2df694fe,0x1f626d575bd1984f2eb74dcb8d863a130ac3d1af50f3efa8c845ca9b531c7e14
theo_n,14,323,false,9,13,onchain,500,319,35.942500,2068.856600,956.083800,992.026300,5.254300,true,4224,4352,0x098b50423eb1b80e5a7fb520438bb4f17cbf6c9b9e6ebef7938342aa2df694fe,0x0dec1f0ca4dc721f9f7a8dd729be3ed84a8c9b78dc5a36a4ab24ec56990c5796
theo_n,14,324,false,9,13,onchain,500,320,35.897600,2068.856600,953.413200,989.310800,5.825300,true,4224,4352,0x098b50423eb1b80e5a7fb520438bb4f17cbf6c9b9e6ebef7938342aa2df694fe,0x002d16b36d6de7474a2ec6ef4c2b5dfe8555d2c0fefc4b45f56f671899f39f19
theo_n,14,325,false,9,13,onchain,500,321,35.382700,2068.856600,961.306000,996.688700,5.664500,true,4224,4352,0x098b50423eb1b80e5a7fb520438bb4f17cbf6c9b9e6ebef7938342aa2df694fe,0x2b2817bc9643603901e9ed0e7a86d1925b681e557ea4ae5f45137ad1836e0fc9
theo_n,14,326,false,9,13,onchain,500,322,35.438800,2068.856600,1015.534300,1050.973100,6.350300,true,4224,4352,0x098b50423eb1b80e5a7fb520438bb4f17cbf6c9b9e6ebef7938342aa2df694fe,0x287b1719aa0e7765f94a2d4f54ee64d2bdb32bf72a0402d29106e298a0cfdf77
theo_n,14,327,false,9,13,onchain,500,323,42.416400,2068.856600,1051.793700,1094.210100,5.420500,true,4224,4352,0x098b50423eb1b80e5a7fb520438bb4f17cbf6c9b9e6ebef7938342aa2df694fe,0x275fda5f4888a155da450b110d64dc9a01467d93492c05b3dcff6ab1af0e9fbf
theo_n,14,328,false,9,13,onchain,500,324,36.963600,2068.856600,1025.777800,1062.741400,5.116000,true,4224,4352,0x098b50423eb1b80e5a7fb520438bb4f17cbf6c9b9e6ebef7938342aa2df694fe,0x095c6031ca7edfb03f9399642d2742f1b595290521f05f2c20339fe4df8b3931
theo_n,14,329,false,9,13,onchain,500,325,34.422600,2068.856600,1014.454300,1048.876900,6.206800,true,4224,4352,0x098b50423eb1b80e5a7fb520438bb4f17cbf6c9b9e6ebef7938342aa2df694fe,0x17d3d37d5e35f46a2a3fb234d1d1652ca475755f1a07082fd11c0e3a876761a6
theo_n,14,330,false,9,13,onchain,500,326,41.008800,2068.856600,1005.344100,1046.352900,5.833000,true,4224,4352,0x098b50423eb1b80e5a7fb520438bb4f17cbf6c9b9e6ebef7938342aa2df694fe,0x1ac75c6ed9f90de62f9775ff423b1ff839ac9958915851696307b7a7d6450db6
theo_n,14,331,false,9,13,onchain,500,327,39.747800,2068.856600,980.356000,1020.103800,5.758000,true,4224,4352,0x098b50423eb1b80e5a7fb520438bb4f17cbf6c9b9e6ebef7938342aa2df694fe,0x0c2d971bce31e07f0a4d4de39b5c6bac3335d5febb655089ed885cea978a0bb9
theo_n,14,332,false,9,13,onchain,500,328,35.842900,2068.856600,1224.074700,1259.917600,5.722600,true,4224,4352,0x098b50423eb1b80e5a7fb520438bb4f17cbf6c9b9e6ebef7938342aa2df694fe,0x075654f1c9e5abe5fce4baccbe6da07810dffabc979728eedf550abd56074ba4
theo_n,14,333,false,9,13,onchain,500,329,36.290700,2068.856600,1153.128900,1189.419600,6.546000,true,4224,4352,0x098b50423eb1b80e5a7fb520438bb4f17cbf6c9b9e6ebef7938342aa2df694fe,0x0a63eac5908ab14b7879638596b87d9140c5474707a3ad072e2f1a34645752ba
theo_n,14,334,false,9,13,onchain,500,330,37.853000,2068.856600,1070.986700,1108.839700,6.382800,true,4224,4352,0x098b50423eb1b80e5a7fb520438bb4f17cbf6c9b9e6ebef7938342aa2df694fe,0x08e9b9b4e26fc3aca37bccf5629f51a451dbb6ea41a9b4882a3d78932409045a
theo_n,14,335,false,9,13,onchain,500,331,44.475200,2068.856600,1192.597800,1237.073000,6.058800,true,4224,4352,0x098b50423eb1b80e5a7fb520438bb4f17cbf6c9b9e6ebef7938342aa2df694fe,0x098ff9bfabd2578b64849f372dfccc3889e8f48dd1d57d81e3d9e88fbd994c78
theo_n,14,336,false,9,13,onchain,500,332,44.215500,2068.856600,1218.117100,1262.332600,14.484300,true,4224,4352,0x098b50423eb1b80e5a7fb520438bb4f17cbf6c9b9e6ebef7938342aa2df694fe,0x1db4b736a2b0ecc19a65c0c07835152665c8e62915ffa56fa7ab6503f5c9bd19
theo_n,14,337,false,9,13,onchain,500,333,62.644400,2068.856600,1057.278900,1119.923300,5.171800,true,4224,4352,0x098b50423eb1b80e5a7fb520438bb4f17cbf6c9b9e6ebef7938342aa2df694fe,0x2bc5afd849a1330fc452535400ac1d4d8390ff4fc994c438f681397683bc1753
theo_n,14,338,false,9,13,onchain,500,334,35.029200,2068.856600,1025.502500,1060.531700,5.166400,true,4224,4352,0x098b50423eb1b80e5a7fb520438bb4f17cbf6c9b9e6ebef7938342aa2df694fe,0x12216d0a1f27606101af6298d2b5d879870b6c64de2f8873b7fd2b23867b9935
theo_n,14,339,false,9,13,onchain,500,335,35.419800,2068.856600,992.380100,1027.799900,5.375800,true,4224,4352,0x098b50423eb1b80e5a7fb520438bb4f17cbf6c9b9e6ebef7938342aa2df694fe,0x2839f37d67552efb8cead8faa71bb56779c63441b8b5b103c3f779de4528692f
theo_n,14,340,false,9,13,onchain,500,336,35.947600,2068.856600,1031.728500,1067.676100,5.184900,true,4224,4352,0x098b50423eb1b80e5a7fb520438bb4f17cbf6c9b9e6ebef7938342aa2df694fe,0x204f2b2dc108ebd91b8e8e9b95eea64bb1a6cb4f5ab54c2c0026fd7e839ae592
theo_n,14,341,false,9,13,onchain,500,337,36.607200,2068.856600,1008.598600,1045.205800,5.817900,true,4224,4352,0x098b50423eb1b80e5a7fb520438bb4f17cbf6c9b9e6ebef7938342aa2df694fe,0x204d869a69ccfa457f8806504f9890bc280efc739f3f0ecf9fc1eb0fb6528c59
theo_n,14,342,false,9,13,onchain,500,338,44.299500,2068.856600,1073.680000,1117.979500,5.804200,true,4224,4352,0x098b50423eb1b80e5a7fb520438bb4f17cbf6c9b9e6ebef7938342aa2df694fe,0x04b5d935609dfcb26d7a583849391abb7d04dfd1781f9026cce73dabe6b5ffc5
theo_n,14,343,false,9,13,onchain,500,339,36.890900,2068.856600,989.394700,1026.285600,5.372200,true,4224,4352,0x098b50423eb1b80e5a7fb520438bb4f17cbf6c9b9e6ebef7938342aa2df694fe,0x152536451a8e9393f717d73e334bfa8514a176570f84aacc7c013645e671935a
theo_n,14,344,false,9,13,onchain,500,340,37.310000,2068.856600,1085.971000,1123.281000,5.124100,true,4224,4352,0x098b50423eb1b80e5a7fb520438bb4f17cbf6c9b9e6ebef7938342aa2df694fe,0x0457c3089a76f9a9d8acf8fc0271db28cb47b4da13a71cd9ebb0d4f85b06dc91
theo_n,14,345,false,9,13,onchain,500,341,38.781800,2068.856600,1059.502700,1098.284500,6.323600,true,4224,4352,0x098b50423eb1b80e5a7fb520438bb4f17cbf6c9b9e6ebef7938342aa2df694fe,0x2efb0c793ef2952e6286b0c951664e67f457f2399d5e05fa4f0bb48c137ef7af
theo_n,14,346,false,9,13,onchain,500,342,55.860000,2068.856600,1247.952600,1303.812600,5.522100,true,4224,4352,0x098b50423eb1b80e5a7fb520438bb4f17cbf6c9b9e6ebef7938342aa2df694fe,0x07c6757702a5062212213dfa130caee8e8c66080fd605f2c89c4bd459c0eb506
theo_n,14,347,false,9,13,onchain,500,343,38.038000,2068.856600,1067.100200,1105.138200,6.532900,true,4224,4352,0x098b50423eb1b80e5a7fb520438bb4f17cbf6c9b9e6ebef7938342aa2df694fe,0x1f31d06804fe9d643009a57a3670fbf5708c1c3c6251624db210bc9f18177456
theo_n,14,348,false,9,13,onchain,500,344,41.591400,2068.856600,1145.690600,1187.282000,6.327100,true,4224,4352,0x098b50423eb1b80e5a7fb520438bb4f17cbf6c9b9e6ebef7938342aa2df694fe,0x2e37e091fc8c192e870e9a1bc151044c6f827a9d7b31a863df824e406f8c7cd1
theo_n,14,349,false,9,13,onchain,500,345,43.719400,2068.856600,1069.669700,1113.389100,5.968100,true,4224,4352,0x098b50423eb1b80e5a7fb520438bb4f17cbf6c9b9e6ebef7938342aa2df694fe,0x226079d37d6b5905b792bcf76b2799b0253b82604264870bcec2afc3472d5c73
theo_n,14,350,false,9,13,onchain,500,346,40.122300,2068.856600,1123.121200,1163.243500,38.351500,true,4224,4352,0x098b50423eb1b80e5a7fb520438bb4f17cbf6c9b9e6ebef7938342aa2df694fe,0x117db97a81840683d5f0024370805bbb38977ea928586ac4f07b751d7b8585aa
theo_n,14,351,false,9,13,onchain,500,347,52.423000,2068.856600,1123.649100,1176.072100,5.835400,true,4224,4352,0x098b50423eb1b80e5a7fb520438bb4f17cbf6c9b9e6ebef7938342aa2df694fe,0x254f554195b2795e198655ca2a08c0d3b52361f517bfc45abf441ff5f97cb8c0
theo_n,14,352,false,9,13,onchain,500,348,40.689000,2068.856600,1129.630100,1170.319100,5.831300,true,4224,4352,0x098b50423eb1b80e5a7fb520438bb4f17cbf6c9b9e6ebef7938342aa2df694fe,0x1593770d9d55f43a7cdb36fc0fc3822fa5eb57dd09ab2b86b6688d899c0597a3
theo_n,14,353,false,9,13,onchain,500,349,38.546100,2068.856600,1102.121700,1140.667800,5.818000,true,4224,4352,0x098b50423eb1b80e5a7fb520438bb4f17cbf6c9b9e6ebef7938342aa2df694fe,0x20e21d8732cbae26a5eb1e3a08fa1d385815993a3e06bf751447c239e53ebec2
theo_n,14,354,false,9,13,onchain,500,350,41.089100,2068.856600,1108.110700,1149.199800,5.693000,true,4224,4352,0x098b50423eb1b80e5a7fb520438bb4f17cbf6c9b9e6ebef7938342aa2df694fe,0x0e99cfc4fe2b4260a2b9ad2ea8a798e983acf32369ddff77b9bbbfb006aea219
theo_n,14,355,false,9,13,onchain,500,351,40.325900,2068.856600,1027.438800,1067.764700,5.326100,true,4224,4352,0x098b50423eb1b80e5a7fb520438bb4f17cbf6c9b9e6ebef7938342aa2df694fe,0x02561cbf09126048622749b6c4fb1d96e7c743c3ddd00c24fe36a90236a1b716
theo_n,14,356,false,9,13,onchain,500,352,38.611600,2068.856600,1143.600700,1182.212300,6.067300,true,4224,4352,0x098b50423eb1b80e5a7fb520438bb4f17cbf6c9b9e6ebef7938342aa2df694fe,0x1b60a8b5553baadbaddd458ba1d262ab05296dcadb500fffc6521c0670d859de
theo_n,14,357,false,9,13,onchain,500,353,38.067400,2068.856600,1010.557700,1048.625100,5.359900,true,4224,4352,0x098b50423eb1b80e5a7fb520438bb4f17cbf6c9b9e6ebef7938342aa2df694fe,0x28c3e736537efd4af55e4024deafcb55b364d5be65156ae12c48fb5d62772ff0
theo_n,14,358,false,9,13,onchain,500,354,38.942900,2068.856600,1022.759900,1061.702800,5.657600,true,4224,4352,0x098b50423eb1b80e5a7fb520438bb4f17cbf6c9b9e6ebef7938342aa2df694fe,0x04b39fd3e5f335a5b634bd563ba92eb4d8fa3f7e32fe4b6a4bc9ac1fd43c19ca
theo_n,14,359,false,9,13,onchain,500,355,37.793200,2068.856600,1117.507300,1155.300500,6.259000,true,4224,4352,0x098b50423eb1b80e5a7fb520438bb4f17cbf6c9b9e6ebef7938342aa2df694fe,0x0004225074508fa3022f90e37e6c870a9b686a8123ef5bbe2056904cf37642db
theo_n,14,360,false,9,13,onchain,500,356,45.512700,2068.856600,1237.122900,1282.635600,6.107800,true,4224,4352,0x098b50423eb1b80e5a7fb520438bb4f17cbf6c9b9e6ebef7938342aa2df694fe,0x021bebfbfc5cca243be6d61f58c6fcfc3b49fd9f33fababe9cb255a21de6777c
theo_n,14,361,false,9,13,onchain,500,357,41.970800,2068.856600,1224.826300,1266.797100,6.351700,true,4224,4352,0x098b50423eb1b80e5a7fb520438bb4f17cbf6c9b9e6ebef7938342aa2df694fe,0x050f085ab3e5f5c3eb150a35091b609b024454e337120d29ab9b71776fc7338d
theo_n,14,362,false,9,13,onchain,500,358,45.986600,2068.856600,1207.508900,1253.495500,6.073600,true,4224,4352,0x098b50423eb1b80e5a7fb520438bb4f17cbf6c9b9e6ebef7938342aa2df694fe,0x222c67432c9adedc49d9236e9654816e0cf5c7e793e5f52d51452e4d94e61b34
theo_n,14,363,false,9,13,onchain,500,359,43.292400,2068.856600,1265.413500,1308.705900,6.038200,true,4224,4352,0x098b50423eb1b80e5a7fb520438bb4f17cbf6c9b9e6ebef7938342aa2df694fe,0x27b239bf70d964ad2873d0a1bfdc4491651f20e30617f39306e3109f9444ae1f
theo_n,14,364,false,9,13,onchain,500,360,43.481900,2068.856600,1240.527100,1284.009000,7.688800,true,4224,4352,0x098b50423eb1b80e5a7fb520438bb4f17cbf6c9b9e6ebef7938342aa2df694fe,0x1e1b5831fdf4b76d30e9b076372b1a47468a39c721bfd22182db547151d10305
theo_n,14,365,false,9,13,onchain,500,361,42.532200,2068.856600,1339.274100,1381.806300,6.801600,true,4224,4352,0x098b50423eb1b80e5a7fb520438bb4f17cbf6c9b9e6ebef7938342aa2df694fe,0x0605aa46ac40963353ba3f275bdaa747c1794498b7645bbd422dbae339555c55
theo_n,14,366,false,9,13,onchain,500,362,43.314600,2068.856600,1226.211300,1269.525900,5.798500,true,4224,4352,0x098b50423eb1b80e5a7fb520438bb4f17cbf6c9b9e6ebef7938342aa2df694fe,0x1851f7753135b8747d9eb910c77c916cf827ea9f2155dc9d379ef2afa367a772
theo_n,14,367,false,9,13,onchain,500,363,42.376400,2068.856600,1205.354100,1247.730500,5.858100,true,4224,4352,0x098b50423eb1b80e5a7fb520438bb4f17cbf6c9b9e6ebef7938342aa2df694fe,0x16fc1f235038e480513f38e613e2d02f17b4832841d68c8ef401b09167c9ff5f
theo_n,14,368,false,9,13,onchain,500,364,39.816900,2068.856600,1079.363700,1119.180600,6.175300,true,4224,4352,0x098b50423eb1b80e5a7fb520438bb4f17cbf6c9b9e6ebef7938342aa2df694fe,0x193a1a014690b7724bf6978a4714fe2a0476d1eef7c299ca5f750f3cd17874eb
theo_n,14,369,false,9,13,onchain,500,365,39.934400,2068.856600,1063.518600,1103.453000,5.908000,true,4224,4352,0x098b50423eb1b80e5a7fb520438bb4f17cbf6c9b9e6ebef7938342aa2df694fe,0x0f963c37f6669553709742d3391b6f600bb9eeee0f58acf2765960e71eb5b81c
theo_n,14,370,false,9,13,onchain,500,366,39.596200,2068.856600,1093.917300,1133.513500,5.869000,true,4224,4352,0x098b50423eb1b80e5a7fb520438bb4f17cbf6c9b9e6ebef7938342aa2df694fe,0x303b6b066769651941ebaaebfcd8040f41a717542235e1f57492ed152123cff2
theo_n,14,371,false,9,13,onchain,500,367,40.153000,2068.856600,1050.952600,1091.105600,6.030300,true,4224,4352,0x098b50423eb1b80e5a7fb520438bb4f17cbf6c9b9e6ebef7938342aa2df694fe,0x2ed695d8f21d493b9d35e98eaf8a93b2d7366dc343dd2584f504aa5e64116990
theo_n,14,372,false,9,13,onchain,500,368,40.128000,2068.856600,1066.667400,1106.795400,5.393900,true,4224,4352,0x098b50423eb1b80e5a7fb520438bb4f17cbf6c9b9e6ebef7938342aa2df694fe,0x1ad4f7e67fe4ff1b47a8341daf54ba4cfc10c65cf1044c60def6d901a807ed46
theo_n,14,373,false,9,13,onchain,500,369,40.829500,2068.856600,1093.616600,1134.446100,5.706900,true,4224,4352,0x098b50423eb1b80e5a7fb520438bb4f17cbf6c9b9e6ebef7938342aa2df694fe,0x0c5a630d9f98b120bc544c96c47eec11640c6ab4b933c80d522151a3ff6adf8a
theo_n,14,374,false,9,13,onchain,500,370,42.451600,2068.856600,1177.516300,1219.967900,5.499300,true,4224,4352,0x098b50423eb1b80e5a7fb520438bb4f17cbf6c9b9e6ebef7938342aa2df694fe,0x03f5612ddf0d430300b9710c7d5770ca54ee984d0d55902c9e31fec569bca9e3
theo_n,14,375,false,9,13,onchain,500,371,41.187400,2068.856600,1078.044900,1119.232300,5.555400,true,4224,4352,0x098b50423eb1b80e5a7fb520438bb4f17cbf6c9b9e6ebef7938342aa2df694fe,0x1e849df2f825791fd8ed533d294b831c090962116777818d7fe8e404e5c063fd
theo_n,14,376,false,9,13,onchain,500,372,41.985300,2068.856600,1118.507200,1160.492500,5.702000,true,4224,4352,0x098b50423eb1b80e5a7fb520438bb4f17cbf6c9b9e6ebef7938342aa2df694fe,0x18cfa5c6cd646ef374aab2e94e771ad9364cf8d95486dbb632ede7bba8b9c2b8
theo_n,14,377,false,9,13,onchain,500,373,41.482100,2068.856600,1124.851900,1166.334000,5.630000,true,4224,4352,0x098b50423eb1b80e5a7fb520438bb4f17cbf6c9b9e6ebef7938342aa2df694fe,0x25b65d1c3a0bc65503d9a28d15da14bdd9f67ae4de7a884deeedb518e97a9262
theo_n,14,378,false,9,13,onchain,500,374,41.921800,2068.856600,1088.629100,1130.550900,6.046700,true,4224,4352,0x098b50423eb1b80e5a7fb520438bb4f17cbf6c9b9e6ebef7938342aa2df694fe,0x04814392968319dd081a9b03644408df0f13373cd048e655a8b8de0a52e23270
theo_n,14,379,false,9,13,onchain,500,375,42.676600,2068.856600,1094.733500,1137.410100,5.524900,true,4224,4352,0x098b50423eb1b80e5a7fb520438bb4f17cbf6c9b9e6ebef7938342aa2df694fe,0x118f2bc8abc13248898a6bcd9a243f7ca0a998ade21b658f26f4157747c66bb1
theo_n,14,380,false,9,13,onchain,500,376,41.257800,2068.856600,1152.253300,1193.511100,5.571900,true,4224,4352,0x098b50423eb1b80e5a7fb520438bb4f17cbf6c9b9e6ebef7938342aa2df694fe,0x162d42cc97848b8015e6f6973e026d6782e2a7cb2fb68038286cbc81d7508eda
theo_n,14,381,false,9,13,onchain,500,377,42.502300,2068.856600,1078.802500,1121.304800,6.416800,true,4224,4352,0x098b50423eb1b80e5a7fb520438bb4f17cbf6c9b9e6ebef7938342aa2df694fe,0x157e57147367313af2ccdb0b69a90f60da885d73b45344e360fbc625f7696351
theo_n,14,382,false,9,13,onchain,500,378,40.346100,2068.856600,1131.373200,1171.719300,6.609600,true,4224,4352,0x098b50423eb1b80e5a7fb520438bb4f17cbf6c9b9e6ebef7938342aa2df694fe,0x0ad9f8b60ac2b27db29f8d015c05982cd6a7f9fe5461daae00a8f8e7b10bb470
theo_n,14,383,false,9,13,onchain,500,379,41.142500,2068.856600,1156.671700,1197.814200,6.081600,true,4224,4352,0x098b50423eb1b80e5a7fb520438bb4f17cbf6c9b9e6ebef7938342aa2df694fe,0x02d5dff1d08df114839ef1dc507caa525323fb9828ac5daac4983bbfb43f03ee
theo_n,14,384,false,9,13,onchain,500,380,40.909900,2068.856600,1138.567200,1179.477100,6.628800,true,4224,4352,0x098b50423eb1b80e5a7fb520438bb4f17cbf6c9b9e6ebef7938342aa2df694fe,0x07e27bc2513cc928d26b30eb92d217d53a1f2efa7ec91e9f3281e5893d80ea14
theo_n,14,385,false,9,13,onchain,500,381,41.730000,2068.856600,1179.796300,1221.526300,6.207700,true,4224,4352,0x098b50423eb1b80e5a7fb520438bb4f17cbf6c9b9e6ebef7938342aa2df694fe,0x17398fc5f1d2e60159ce1452da7355a2234e2843260b50b40ded9b9d1d7fc2c5
theo_n,14,386,false,9,13,onchain,500,382,42.040000,2068.856600,1130.764100,1172.804100,6.627500,true,4224,4352,0x098b50423eb1b80e5a7fb520438bb4f17cbf6c9b9e6ebef7938342aa2df694fe,0x1bcd1df4387375c9e3d385db43f832b4b6fe272b45f7e52252b39bb8382252e4
theo_n,14,387,false,9,13,onchain,500,383,40.511100,2068.856600,1113.504400,1154.015500,6.228100,true,4224,4352,0x098b50423eb1b80e5a7fb520438bb4f17cbf6c9b9e6ebef7938342aa2df694fe,0x28bd69fe5fd086a619856936b40121a7155f548d42a84f35bce33cd48f7c5b79
theo_n,14,388,false,9,13,onchain,500,384,41.343500,2068.856600,1119.911300,1161.254800,6.074800,true,4224,4352,0x098b50423eb1b80e5a7fb520438bb4f17cbf6c9b9e6ebef7938342aa2df694fe,0x1e7e3f9f39ceb8265b464c07373a4b37a800558074e78b931da84545f6d94e6d
theo_n,14,389,false,9,13,onchain,500,385,41.316200,2068.856600,1104.396000,1145.712200,6.080800,true,4224,4352,0x098b50423eb1b80e5a7fb520438bb4f17cbf6c9b9e6ebef7938342aa2df694fe,0x0de1feb02f5d7b62cce3ccea8a74c6a75a1062001c1a44cae3b015de71aba263
theo_n,14,390,false,9,13,onchain,500,386,40.076000,2068.856600,1128.185600,1168.261600,6.808700,true,4224,4352,0x098b50423eb1b80e5a7fb520438bb4f17cbf6c9b9e6ebef7938342aa2df694fe,0x0ccf0155d5e5543303c4ae684ea5d6d3506eadcac2a6ce0b43d37b55f33f3ae7
theo_n,14,391,false,9,13,onchain,500,387,42.300100,2068.856600,1129.935600,1172.235700,6.546700,true,4224,4352,0x098b50423eb1b80e5a7fb520438bb4f17cbf6c9b9e6ebef7938342aa2df694fe,0x092407afbdab9b40602d5946175c6668381b10d76ec0d1fc625720ab89492697
theo_n,14,392,false,9,13,onchain,500,388,42.032900,2068.856600,1167.160900,1209.193800,6.616500,true,4224,4352,0x098b50423eb1b80e5a7fb520438bb4f17cbf6c9b9e6ebef7938342aa2df694fe,0x057debe0a69bdb13be5df68e059ebc5810b7a076ae38389e59938c99084ee97e
theo_n,14,393,false,9,13,onchain,500,389,43.026700,2068.856600,1184.306400,1227.333100,6.966100,true,4224,4352,0x098b50423eb1b80e5a7fb520438bb4f17cbf6c9b9e6ebef7938342aa2df694fe,0x303a402911f18f755f5c1a87ec99a33b77d1c2577916758ef573ab2194af50d9
theo_n,14,394,false,9,13,onchain,500,390,42.201100,2068.856600,1141.345900,1183.547000,7.191000,true,4224,4352,0x098b50423eb1b80e5a7fb520438bb4f17cbf6c9b9e6ebef7938342aa2df694fe,0x263992a8e602149f3b6505ad16e7f04e696f8125783000c71d2ecc897e2a52b7
theo_n,14,395,false,9,13,onchain,500,391,41.356800,2068.856600,1199.497500,1240.854300,7.303200,true,4224,4352,0x098b50423eb1b80e5a7fb520438bb4f17cbf6c9b9e6ebef7938342aa2df694fe,0x2db9482626db14404a768c8465161d5833bab0bdd0cee894e56dce89b9eb09fd
theo_n,14,396,false,9,13,onchain,500,392,42.492900,2068.856600,1186.389100,1228.882000,6.682800,true,4224,4352,0x098b50423eb1b80e5a7fb520438bb4f17cbf6c9b9e6ebef7938342aa2df694fe,0x172df5a3f063b8f4f9c1d0f322ca54fa2d5f74aaf6562a8806fdfe2ca2e0483e
theo_n,14,397,false,9,13,onchain,500,393,41.821500,2068.856600,1251.660700,1293.482200,6.309000,true,4224,4352,0x098b50423eb1b80e5a7fb520438bb4f17cbf6c9b9e6ebef7938342aa2df694fe,0x12c6243e284afc10fb4414ac11753f093a708b67c527cf722831b3a7a593cb08
theo_n,14,398,false,9,13,onchain,500,394,43.309800,2068.856600,1151.506500,1194.816300,6.959300,true,4224,4352,0x098b50423eb1b80e5a7fb520438bb4f17cbf6c9b9e6ebef7938342aa2df694fe,0x12096b14d65088c6387377b9d89127c1ce5a0b1f72408edea1b850e9e359aa9e
theo_n,14,399,false,9,13,onchain,500,395,44.626200,2068.856600,1119.833800,1164.460000,5.780400,true,4224,4352,0x098b50423eb1b80e5a7fb520438bb4f17cbf6c9b9e6ebef7938342aa2df694fe,0x18b1832ec6179c73f03c78110ac55f45acae9d0d5117cf6c03da7814f79e5d8f
theo_n,14,400,false,9,13,onchain,500,396,41.977900,2068.856600,1124.883800,1166.861700,6.851500,true,4224,4352,0x098b50423eb1b80e5a7fb520438bb4f17cbf6c9b9e6ebef7938342aa2df694fe,0x113de8491220bb5eb508d65cc8ee0e1ceb7a712b1a9b95fc93acd8856ecb28f5
theo_n,14,401,false,9,13,onchain,500,397,42.411400,2068.856600,1130.830200,1173.241600,6.425300,true,4224,4352,0x098b50423eb1b80e5a7fb520438bb4f17cbf6c9b9e6ebef7938342aa2df694fe,0x27a010cf4e19c4a88e2edb7f04ac75b764b8e24719dc82dbbd0c0f7c8934be1e
theo_n,14,402,false,9,13,onchain,500,398,41.896600,2068.856600,1137.045200,1178.941800,6.872500,true,4224,4352,0x098b50423eb1b80e5a7fb520438bb4f17cbf6c9b9e6ebef7938342aa2df694fe,0x0b023dd915cb016b7238b5bdd3190fe98abd3504c6dbfba463d90bb38ff29ad2
theo_n,14,403,false,9,13,onchain,500,399,41.570600,2068.856600,1137.668900,1179.239500,6.735100,true,4224,4352,0x098b50423eb1b80e5a7fb520438bb4f17cbf6c9b9e6ebef7938342aa2df694fe,0x1a7e6c56f626be3e54886b792935dd23863f6915b323aa78148b70ab13ec5273
theo_n,14,404,false,9,13,onchain,500,400,46.255800,2068.856600,1149.546900,1195.802700,6.994700,true,4224,4352,0x098b50423eb1b80e5a7fb520438bb4f17cbf6c9b9e6ebef7938342aa2df694fe,0x2a2bffaf3fae1687545dfd12db373e7029a50e1e72ae6a4acfcbd733129c205d
theo_n,14,405,false,9,13,onchain,500,401,42.633900,2068.856600,1152.696300,1195.330200,7.110100,true,4224,4352,0x098b50423eb1b80e5a7fb520438bb4f17cbf6c9b9e6ebef7938342aa2df694fe,0x2cc4cf0733e1349358e8a570eac07ff818161987e3a18bfde63a9f0b95deca6d
theo_n,14,406,false,9,13,onchain,500,402,41.569400,2068.856600,1134.401100,1175.970500,6.452100,true,4224,4352,0x098b50423eb1b80e5a7fb520438bb4f17cbf6c9b9e6ebef7938342aa2df694fe,0x1b8c0ebcb5cf1b7c144731c42fbfeebd4519c91bbe045821496f2975128cd66c
theo_n,14,407,false,9,13,onchain,500,403,40.996700,2068.856600,1137.783600,1178.780300,7.543900,true,4224,4352,0x098b50423eb1b80e5a7fb520438bb4f17cbf6c9b9e6ebef7938342aa2df694fe,0x2db8f99903aebf090472808a8ea677cc1579e7aa758397d7fd28dd09d7b51280
theo_n,14,408,false,9,13,onchain,500,404,41.770700,2068.856600,1142.187400,1183.958100,5.986100,true,4224,4352,0x098b50423eb1b80e5a7fb520438bb4f17cbf6c9b9e6ebef7938342aa2df694fe,0x0bf0ebb05a15be9b640ea65b8d18d6832cad86267bf6cb999ad43d7d749ad1be
theo_n,14,409,false,9,13,onchain,500,405,42.427600,2068.856600,1135.029200,1177.456800,6.156300,true,4224,4352,0x098b50423eb1b80e5a7fb520438bb4f17cbf6c9b9e6ebef7938342aa2df694fe,0x1b988085e3126ddfb6a991df1c0f573fa0e6f9965ef6b3f10de414b3fdd35013
theo_n,14,410,false,9,13,onchain,500,406,42.764000,2068.856600,1137.446800,1180.210800,7.846700,true,4224,4352,0x098b50423eb1b80e5a7fb520438bb4f17cbf6c9b9e6ebef7938342aa2df694fe,0x154bfdb6e90d7431315c386cc66abcbf3958bded588b405520a34f7d4f56e666
theo_n,14,411,false,9,13,onchain,500,407,42.742900,2068.856600,1187.265000,1230.007900,6.697900,true,4224,4352,0x098b50423eb1b80e5a7fb520438bb4f17cbf6c9b9e6ebef7938342aa2df694fe,0x09dcc218c82397618550beef8f8255788a9ec1329b4e16b1effb79dd16db6db8
theo_n,14,412,false,9,13,onchain,500,408,41.877300,2068.856600,1263.694500,1305.571800,6.733400,true,4224,4352,0x098b50423eb1b80e5a7fb520438bb4f17cbf6c9b9e6ebef7938342aa2df694fe,0x03e0e67240dac313442539b1a1241dc6465eb385b752bbfd21607f280e9ed7a8
theo_n,14,413,false,9,13,onchain,500,409,41.410300,2068.856600,1154.919600,1196.329900,6.851000,true,4224,4352,0x098b50423eb1b80e5a7fb520438bb4f17cbf6c9b9e6ebef7938342aa2df694fe,0x3007bee886bfacd3ffad885814b8c4e8cceb990aa13437fa53e86c1dcd321aac
theo_n,14,414,false,9,13,onchain,500,410,41.952400,2068.856600,1198.640000,1240.592400,6.092600,true,4224,4352,0x098b50423eb1b80e5a7fb520438bb4f17cbf6c9b9e6ebef7938342aa2df694fe,0x181a21556d142138a10d0d14eb5e6c5d16df78825c4945a3d09ac9823e327b17
theo_n,14,415,false,9,13,onchain,500,411,42.664100,2068.856600,1132.493300,1175.157400,6.252800,true,4224,4352,0x098b50423eb1b80e5a7fb520438bb4f17cbf6c9b9e6ebef7938342aa2df694fe,0x2835faa28d27666daad62898414f35b70a6f1b36e83f6903b595b0b699a120e0
theo_n,14,416,false,9,13,onchain,500,412,41.550000,2068.856600,1151.677200,1193.227200,6.137100,true,4224,4352,0x098b50423eb1b80e5a7fb520438bb4f17cbf6c9b9e6ebef7938342aa2df694fe,0x06016b8fc0cfb43fe47861f337a516e5702b812d6b62d60cb94bca0b4d6acd7c
theo_n,14,417,false,9,13,onchain,500,413,43.160300,2068.856600,1144.369500,1187.529800,6.430400,true,4224,4352,0x098b50423eb1b80e5a7fb520438bb4f17cbf6c9b9e6ebef7938342aa2df694fe,0x1bed17d5deba5bed8ba9eed3242058dba5d4c9596776efeb51be6779ca0306a3
theo_n,14,418,false,9,13,onchain,500,414,41.981100,2068.856600,1135.927000,1177.908100,6.490000,true,4224,4352,0x098b50423eb1b80e5a7fb520438bb4f17cbf6c9b9e6ebef7938342aa2df694fe,0x016ddbf0460e9b0e15e4f146a5a20f1fdcdc6a8561610466846c78fbc49a3d7c
theo_n,14,419,false,9,13,onchain,500,415,41.684500,2068.856600,1136.524800,1178.209300,6.149600,true,4224,4352,0x098b50423eb1b80e5a7fb520438bb4f17cbf6c9b9e6ebef7938342aa2df694fe,0x0e0771a1c3bbd684257a57be0b21e69a6727489b4ddc066d53818988c039b7c6
theo_n,14,420,false,9,13,onchain,500,416,42.825600,2068.856600,1138.391900,1181.217500,5.854700,true,4224,4352,0x098b50423eb1b80e5a7fb520438bb4f17cbf6c9b9e6ebef7938342aa2df694fe,0x2830fdb34c979454f9f3421f8b0574c294c79daee7ad2bc1b5dc97a95a4f9d54
theo_n,14,421,false,9,13,onchain,500,417,43.549600,2068.856600,1133.039300,1176.588900,6.656500,true,4224,4352,0x098b50423eb1b80e5a7fb520438bb4f17cbf6c9b9e6ebef7938342aa2df694fe,0x13a0fb9058def92f47de48cf7aa57b8540d590214e9ee3ef4a3b4e6b1fd39fc7
theo_n,14,422,false,9,13,onchain,500,418,41.917300,2068.856600,1139.618600,1181.535900,6.532600,true,4224,4352,0x098b50423eb1b80e5a7fb520438bb4f17cbf6c9b9e6ebef7938342aa2df694fe,0x0326508a2e8766b39956ca4bcb280f99a691a9091e7328ef63d81a41a3b488f5
theo_n,14,423,false,9,13,onchain,500,419,41.408400,2068.856600,1125.148200,1166.556600,6.479700,true,4224,4352,0x098b50423eb1b80e5a7fb520438bb4f17cbf6c9b9e6ebef7938342aa2df694fe,0x1aad75cc6b55ef5aefca1139b211062bbb6f98191567e7e2c53e14c4ed4d2510
theo_n,14,424,false,9,13,onchain,500,420,41.330500,2068.856600,1148.354300,1189.684800,6.414900,true,4224,4352,0x098b50423eb1b80e5a7fb520438bb4f17cbf6c9b9e6ebef7938342aa2df694fe,0x0762cba02d6c2fd227c1121dbbb65b1dddcd594906111c19dcb75308284fab1e
theo_n,14,425,false,9,13,onchain,500,421,41.875800,2068.856600,1139.863000,1181.738800,6.773600,true,4224,4352,0x098b50423eb1b80e5a7fb520438bb4f17cbf6c9b9e6ebef7938342aa2df694fe,0x2867d18a8d13dcdcf2a610885da6d6baf390d38a0ba79aa67af91dedf2e4134f
theo_n,14,426,false,9,13,onchain,500,422,41.265900,2068.856600,1110.095800,1151.361700,6.572500,true,4224,4352,0x098b50423eb1b80e5a7fb520438bb4f17cbf6c9b9e6ebef7938342aa2df694fe,0x10c107c9cda92ec6cf3e9fe22cbf7cda99fe04bfb69b44457736f08daf94178b
theo_n,14,427,false,9,13,onchain,500,423,41.001600,2068.856600,1117.137600,1158.139200,5.951700,true,4224,4352,0x098b50423eb1b80e5a7fb520438bb4f17cbf6c9b9e6ebef7938342aa2df694fe,0x2581e5575f4204b4a6f3b0e08c12245c083765c1a07f32b13a96895ca1ba1425
theo_n,14,428,false,9,13,onchain,500,424,42.437000,2068.856600,1132.614600,1175.051600,6.098700,true,4224,4352,0x098b50423eb1b80e5a7fb520438bb4f17cbf6c9b9e6ebef7938342aa2df694fe,0x277aac34d6c47e54cdbb5d62cfd244cec5298c9c26f6aa993fb0e26cf2f1082f
theo_n,14,429,false,9,13,onchain,500,425,42.447200,2068.856600,1196.702500,1239.149700,6.780300,true,4224,4352,0x098b50423eb1b80e5a7fb520438bb4f17cbf6c9b9e6ebef7938342aa2df694fe,0x03ea32e3c967ab912ee0c86ac10303a8203c3057bba343c213f706eb718cec52
theo_n,14,430,false,9,13,onchain,500,426,43.918600,2068.856600,1436.911400,1480.830000,7.715400,true,4224,4352,0x098b50423eb1b80e5a7fb520438bb4f17cbf6c9b9e6ebef7938342aa2df694fe,0x3003b73a88a8569a4f81d8beb7f720188535c7718ead6ae84dbe3c272f4f5f3b
theo_n,14,431,false,9,13,onchain,500,427,48.019600,2068.856600,1342.123600,1390.143200,6.285500,true,4224,4352,0x098b50423eb1b80e5a7fb520438bb4f17cbf6c9b9e6ebef7938342aa2df694fe,0x0a05cfe41f28c738b7d5d7716c8320b06aa79e0e6625c4f3558a58dc9b7fef42
theo_n,14,432,false,9,13,onchain,500,428,41.703900,2068.856600,1381.971600,1423.675500,5.958700,true,4224,4352,0x098b50423eb1b80e5a7fb520438bb4f17cbf6c9b9e6ebef7938342aa2df694fe,0x2500607ce618ef9bd30f4bc46ee16168b678de82a12629390aecc174960b46cd
theo_n,14,433,false,9,13,onchain,500,429,48.487100,2068.856600,1135.245600,1183.732700,6.822900,true,4224,4352,0x098b50423eb1b80e5a7fb520438bb4f17cbf6c9b9e6ebef7938342aa2df694fe,0x01c24f87ee6d59ee391a1593ecbeb6d1fa9963826beeb11f5caf468141128f09
theo_n,14,434,false,9,13,onchain,500,430,40.003700,2068.856600,1227.525900,1267.529600,5.870700,true,4224,4352,0x098b50423eb1b80e5a7fb520438bb4f17cbf6c9b9e6ebef7938342aa2df694fe,0x2082108df1e5d8328a3a52f2af197ec79b7856c8bc9c44ccf2d1d5951679a4c0
theo_n,14,435,false,9,13,onchain,500,431,39.050100,2068.856600,1048.587500,1087.637600,6.799300,true,4224,4352,0x098b50423eb1b80e5a7fb520438bb4f17cbf6c9b9e6ebef7938342aa2df694fe,0x0999ffaafc0622752b26e0380a201e79e330224adc28c45d809d6203c7183765
theo_n,14,436,false,9,13,onchain,500,432,40.299400,2068.856600,1079.746100,1120.045500,6.527600,true,4224,4352,0x098b50423eb1b80e5a7fb520438bb4f17cbf6c9b9e6ebef7938342aa2df694fe,0x0256f5aa2a81c65d55d7ac3351c57b3fc477bd1a5d4650020d8ac1c2cb98c320
theo_n,14,437,false,9,13,onchain,500,433,40.864500,2068.856600,1092.020300,1132.884800,6.145600,true,4224,4352,0x098b50423eb1b80e5a7fb520438bb4f17cbf6c9b9e6ebef7938342aa2df694fe,0x037bc2c964784fc7e3cd2de16c3218014bc8ac4ab259c3fc47df759225c0c432
theo_n,14,438,false,9,13,onchain,500,434,38.723700,2068.856600,1060.560800,1099.284500,6.168600,true,4224,4352,0x098b50423eb1b80e5a7fb520438bb4f17cbf6c9b9e6ebef7938342aa2df694fe,0x173dc3dc4e6fcdf0ebba3fd2fe4632fb42c0ceb9e4cc5e9b374dc60deb000b3f
theo_n,14,439,false,9,13,onchain,500,435,38.693600,2068.856600,1066.777300,1105.470900,6.234700,true,4224,4352,0x098b50423eb1b80e5a7fb520438bb4f17cbf6c9b9e6ebef7938342aa2df694fe,0x1209c0c6094437ccf08802ad2ccd707c6033334ef0aac113035d1ba5c5d53302
theo_n,14,440,false,9,13,onchain,500,436,37.887000,2068.856600,1002.619700,1040.506700,5.742200,true,4224,4352,0x098b50423eb1b80e5a7fb520438bb4f17cbf6c9b9e6ebef7938342aa2df694fe,0x11a1aa45758004aee4e35df3345be3240a16450e6c518e436a9fef029035717a
theo_n,14,441,false,9,13,onchain,500,437,37.025400,2068.856600,996.064100,1033.089500,6.455800,true,4224,4352,0x098b50423eb1b80e5a7fb520438bb4f17cbf6c9b9e6ebef7938342aa2df694fe,0x04476444e54b8d9345af11b280f951950dec019f5f9ed96cd666000cb6f8c8a4
theo_n,14,442,false,9,13,onchain,500,438,39.364900,2068.856600,996.897600,1036.262500,5.317100,true,4224,4352,0x098b50423eb1b80e5a7fb520438bb4f17cbf6c9b9e6ebef7938342aa2df694fe,0x2806a21730d85cb406c3a0c7893edf53a23bb94164481acaec92dfaacc498c43
theo_n,14,443,false,9,13,onchain,500,439,37.655500,2068.856600,1001.145700,1038.801200,5.842100,true,4224,4352,0x098b50423eb1b80e5a7fb520438bb4f17cbf6c9b9e6ebef7938342aa2df694fe,0x214b13489d4f64f42e4f378022beeb428cee36c93df8f8e97b38d25222015f0e
theo_n,14,444,false,9,13,onchain,500,440,37.896300,2068.856600,1006.883600,1044.779900,5.642400,true,4224,4352,0x098b50423eb1b80e5a7fb520438bb4f17cbf6c9b9e6ebef7938342aa2df694fe,0x066f9d468513da57c066c36e999991151e9f59de613bf62318b16f8c0dc85b20
theo_n,14,445,false,9,13,onchain,500,441,37.204900,2068.856600,989.910900,1027.115800,6.705400,true,4224,4352,0x098b50423eb1b80e5a7fb520438bb4f17cbf6c9b9e6ebef7938342aa2df694fe,0x2685af6105268b603a453ab4de1bcdd24c4090058d83280b15b70eb1e3493b77
theo_n,14,446,false,9,13,onchain,500,442,39.970100,2068.856600,1019.727000,1059.697100,5.423200,true,4224,4352,0x098b50423eb1b80e5a7fb520438bb4f17cbf6c9b9e6ebef7938342aa2df694fe,0x1c157e5b315f744377d41988cc71c4e64d2bb77893f27acd05aad8664ce59a79
theo_n,14,447,false,9,13,onchain,500,443,37.151000,2068.856600,1001.335900,1038.486900,5.941400,true,4224,4352,0x098b50423eb1b80e5a7fb520438bb4f17cbf6c9b9e6ebef7938342aa2df694fe,0x2267434a9eb55f81aff6acbc29f609c4a6cd46d4f19e735c0845e1e54dc511cf
theo_n,14,448,false,9,13,onchain,500,444,37.448300,2068.856600,1106.995400,1144.443700,5.473600,true,4224,4352,0x098b50423eb1b80e5a7fb520438bb4f17cbf6c9b9e6ebef7938342aa2df694fe,0x2427edd792ee64541c9bb6a75a9554187a8b10a7730ae17241a149dd8197cb5c
theo_n,14,449,false,9,13,onchain,500,445,43.305400,2068.856600,1182.889500,1226.194900,5.741800,true,4224,4352,0x098b50423eb1b80e5a7fb520438bb4f17cbf6c9b9e6ebef7938342aa2df694fe,0x0cf8a1ade649c5cea439e53e3be597c4c53290bf1c8b7f8bcb41a7ef7dea770e
theo_n,14,450,false,9,13,onchain,500,446,41.064600,2068.856600,1092.547100,1133.611700,5.514200,true,4224,4352,0x098b50423eb1b80e5a7fb520438bb4f17cbf6c9b9e6ebef7938342aa2df694fe,0x129883fbbf2647002f7deacb824779cb974c9eee7bbb30bf1261998df957b8dc
theo_n,14,451,false,9,13,onchain,500,447,41.074300,2068.856600,1199.490100,1240.564400,6.231800,true,4224,4352,0x098b50423eb1b80e5a7fb520438bb4f17cbf6c9b9e6ebef7938342aa2df694fe,0x0594521bbee73c066f93948e2ff7a51262787f7f3a8f16471f68ddf2a657e869
theo_n,14,452,false,9,13,onchain,500,448,41.753700,2068.856600,1189.889100,1231.642800,5.472900,true,4224,4352,0x098b50423eb1b80e5a7fb520438bb4f17cbf6c9b9e6ebef7938342aa2df694fe,0x13f17dda8cb57596d85fb2110de78808017c61bc82d7b7330c51357cf8ab248e
theo_n,14,453,false,9,13,onchain,500,449,39.789500,2068.856600,1131.579700,1171.369200,5.081600,true,4224,4352,0x098b50423eb1b80e5a7fb520438bb4f17cbf6c9b9e6ebef7938342aa2df694fe,0x12c9ec6c712307c39974e8ea98426582b0f316e90a50231bc1a00186bd92507e
theo_n,14,454,false,9,13,onchain,500,450,39.269700,2068.856600,1118.693900,1157.963600,5.852400,true,4224,4352,0x098b50423eb1b80e5a7fb520438bb4f17cbf6c9b9e6ebef7938342aa2df694fe,0x148354c630b4862274a3c4f9627e46281b10d5ce88bc6a9f22459d0f2e6ba9a8
theo_n,14,455,false,9,13,onchain,500,451,38.979900,2068.856600,971.619400,1010.599300,4.908400,true,4224,4352,0x098b50423eb1b80e5a7fb520438bb4f17cbf6c9b9e6ebef7938342aa2df694fe,0x20281760db9fef7baf5df36729d8e86b1f03d2bfeeadec7e293627fe630e7d86
theo_n,14,456,false,9,13,onchain,500,452,35.532900,2068.856600,948.907900,984.440800,4.891600,true,4224,4352,0x098b50423eb1b80e5a7fb520438bb4f17cbf6c9b9e6ebef7938342aa2df694fe,0x1f5d68be2c50d3e703fb116f57bfc854bce65788b7ade4c79548c288f898484f
theo_n,14,457,false,9,13,onchain,500,453,35.971000,2068.856600,1026.654900,1062.625900,5.056800,true,4224,4352,0x098b50423eb1b80e5a7fb520438bb4f17cbf6c9b9e6ebef7938342aa2df694fe,0x2202cbc3666b0757b2bc1092b87ec06aaa632d9b644694c824a1a9f1402fb796
theo_n,14,458,false,9,13,onchain,500,454,36.841100,2068.856600,955.256500,992.097600,4.850200,true,4224,4352,0x098b50423eb1b80e5a7fb520438bb4f17cbf6c9b9e6ebef7938342aa2df694fe,0x27c2dffe7874cdda7cce3b6fb243cb2ca8974f0861a27c2419bf621ed6556606
theo_n,14,459,false,9,13,onchain,500,455,36.990300,2068.856600,1016.448100,1053.438400,5.967800,true,4224,4352,0x098b50423eb1b80e5a7fb520438bb4f17cbf6c9b9e6ebef7938342aa2df694fe,0x12a504725a3c750c382de4b79051869e38d03e6aa42f4505f940340f4885b7c2
theo_n,14,460,false,9,13,onchain,500,456,35.897600,2068.856600,963.162300,999.059900,5.757100,true,4224,4352,0x098b50423eb1b80e5a7fb520438bb4f17cbf6c9b9e6ebef7938342aa2df694fe,0x2e78ab53da0c12b723f36c4ae0ce7f5b0621afa5eb0811cd6a96df8698650698
theo_n,14,461,false,9,13,onchain,500,457,35.359200,2068.856600,950.735500,986.094700,5.250800,true,4224,4352,0x098b50423eb1b80e5a7fb520438bb4f17cbf6c9b9e6ebef7938342aa2df694fe,0x2fbda956e787d64ca8b6341cc1314e56b201281444c7bf34030a23838bc743ce
theo_n,14,462,false,9,13,onchain,500,458,35.792800,2068.856600,961.622000,997.414800,5.929000,true,4224,4352,0x098b50423eb1b80e5a7fb520438bb4f17cbf6c9b9e6ebef7938342aa2df694fe,0x119e6e31b73d1a8836957b9bbf042afcbffe0c2a4f27f87c8be3bdf7f9a74b1f
theo_n,14,463,false,9,13,onchain,500,459,35.358600,2068.856600,965.814700,1001.173300,5.514400,true,4224,4352,0x098b50423eb1b80e5a7fb520438bb4f17cbf6c9b9e6ebef7938342aa2df694fe,0x121504fcf4f883891e0fc21eb1da196a5cc2f172e30aef5860b68086905e0aec
theo_n,14,464,false,9,13,onchain,500,460,35.300700,2068.856600,962.042100,997.342800,5.653100,true,4224,4352,0x098b50423eb1b80e5a7fb520438bb4f17cbf6c9b9e6ebef7938342aa2df694fe,0x1c2d5c6cf07f2dbdd8f604df0337912e297989a309cd33d6dc1239fe147ab4b6
theo_n,14,465,false,9,13,onchain,500,461,36.171100,2068.856600,953.372300,989.543400,5.357100,true,4224,4352,0x098b50423eb1b80e5a7fb520438bb4f17cbf6c9b9e6ebef7938342aa2df694fe,0x0704c0ac4a16b2c09e01e830dfc5b10d7c1b093c7c242fa8c85a1d6afc5b0059
theo_n,14,466,false,9,13,onchain,500,462,35.213000,2068.856600,958.749400,993.962400,4.962100,true,4224,4352,0x098b50423eb1b80e5a7fb520438bb4f17cbf6c9b9e6ebef7938342aa2df694fe,0x26a19ddc2ed55c40fb8bbb487a5e35e680624c166c65eb1a17b4c49f7b963cf4
theo_n,14,467,false,9,13,onchain,500,463,35.247100,2068.856600,973.536300,1008.783400,5.225300,true,4224,4352,0x098b50423eb1b80e5a7fb520438bb4f17cbf6c9b9e6ebef7938342aa2df694fe,0x25ef2285374d0d2fb8f352c90602ea21678ab56bfa198771d120d845fd403499
theo_n,14,468,false,9,13,onchain,500,464,39.925900,2068.856600,986.878900,1026.804800,6.197200,true,4224,4352,0x098b50423eb1b80e5a7fb520438bb4f17cbf6c9b9e6ebef7938342aa2df694fe,0x2deef529266e39c647c7f8aa57f1736e372c78d3a0c62c5890613454a7c5fba8
theo_n,14,469,false,9,13,onchain,500,465,36.424600,2068.856600,1043.202600,1079.627200,5.962000,true,4224,4352,0x098b50423eb1b80e5a7fb520438bb4f17cbf6c9b9e6ebef7938342aa2df694fe,0x17e4d436a99114d9778510c1ad0db88c4c9e6d9ff265191a17aec8c9bdc35b0d
theo_n,14,470,false,9,13,onchain,500,466,36.664200,2068.856600,1009.165500,1045.829700,5.068000,true,4224,4352,0x098b50423eb1b80e5a7fb520438bb4f17cbf6c9b9e6ebef7938342aa2df694fe,0x194895cb66b9d54f2220b208f6d8dfdc02547c4c64f4b73bd9fbf42e3df5bce9
theo_n,14,471,false,9,13,onchain,500,467,36.511800,2068.856600,981.020000,1017.531800,6.306000,true,4224,4352,0x098b50423eb1b80e5a7fb520438bb4f17cbf6c9b9e6ebef7938342aa2df694fe,0x17b9faa51b28b1bf98a3d3650f88426d3ec0f81fc68691e2978f685c54039bdf
theo_n,14,472,false,9,13,onchain,500,468,37.606300,2068.856600,984.864500,1022.470800,5.004500,true,4224,4352,0x098b50423eb1b80e5a7fb520438bb4f17cbf6c9b9e6ebef7938342aa2df694fe,0x03557e9b7fef581c5a714eec6689e6db4162f91f8d460ae5dcca16d3b3f9e352
theo_n,14,473,false,9,13,onchain,500,469,36.116200,2068.856600,1006.785300,1042.901500,5.452800,true,4224,4352,0x098b50423eb1b80e5a7fb520438bb4f17cbf6c9b9e6ebef7938342aa2df694fe,0x2c3214b8c0e8434fb6524fb4ff11e4e800a00966657e18a5d88267ae5f781abf
theo_n,14,474,false,9,13,onchain,500,470,36.994500,2068.856600,982.896200,1019.890700,6.450300,true,4224,4352,0x098b50423eb1b80e5a7fb520438bb4f17cbf6c9b9e6ebef7938342aa2df694fe,0x0642a894943cd70151604e637ce6b256aef63733dc5c514325eabd85b7873425
theo_n,14,475,false,9,13,onchain,500,471,36.560300,2068.856600,1001.311600,1037.871900,5.386700,true,4224,4352,0x098b50423eb1b80e5a7fb520438bb4f17cbf6c9b9e6ebef7938342aa2df694fe,0x18552a6e21eecc017d45a61ec84e6f6dafafd85e5f3a8a1b69f6d52891467353
theo_n,14,476,false,9,13,onchain,500,472,36.626900,2068.856600,976.857600,1013.484500,6.698100,true,4224,4352,0x098b50423eb1b80e5a7fb520438bb4f17cbf6c9b9e6ebef7938342aa2df694fe,0x09d6031cbe83e6b6daf712c57cef8f8a00092aaa20ee245268c6261746fb3e6d
theo_n,14,477,false,9,13,onchain,500,473,37.345200,2068.856600,987.673300,1025.018500,5.868800,true,4224,4352,0x098b50423eb1b80e5a7fb520438bb4f17cbf6c9b9e6ebef7938342aa2df694fe,0x1d2e7002b581918e7f17fd4c88eaa1e2816dd4fceb92b04c7f1dee4714df076c
theo_n,14,478,false,9,13,onchain,500,474,37.173900,2068.856600,1002.326200,1039.500100,5.743700,true,4224,4352,0x098b50423eb1b80e5a7fb520438bb4f17cbf6c9b9e6ebef7938342aa2df694fe,0x106c70cbd048ff8d859a8c2a2ac67e23ea74f80b5e9723d541592f72a9be6164
theo_n,14,479,false,9,13,onchain,500,475,37.884900,2068.856600,1003.509500,1041.394400,5.717900,true,4224,4352,0x098b50423eb1b80e5a7fb520438bb4f17cbf6c9b9e6ebef7938342aa2df694fe,0x18f841147423b43a4e24f734b60a18649d2e49861e1471f1293b599ddadb5b4f
theo_n,14,480,false,9,13,onchain,500,476,36.817000,2068.856600,999.607300,1036.424300,5.691400,true,4224,4352,0x098b50423eb1b80e5a7fb520438bb4f17cbf6c9b9e6ebef7938342aa2df694fe,0x181f47596bdada82053dbd519feadb3e1decced847c3ebee5da8062170b7a1fd
theo_n,14,481,false,9,13,onchain,500,477,38.331200,2068.856600,992.766800,1031.098000,5.407900,true,4224,4352,0x098b50423eb1b80e5a7fb520438bb4f17cbf6c9b9e6ebef7938342aa2df694fe,0x19d72b93da5f25751ed0e6f5181858631c5863ceb85e9b062ae3f523c50c3823
theo_n,14,482,false,9,13,onchain,500,478,37.227500,2068.856600,993.267600,1030.495100,5.391100,true,4224,4352,0x098b50423eb1b80e5a7fb520438bb4f17cbf6c9b9e6ebef7938342aa2df694fe,0x08b9371a31a7f0b2166783304eb3dda67b5455dab4f641d34af9e809ae17f981
theo_n,14,483,false,9,13,onchain,500,479,37.265900,2068.856600,1011.020200,1048.286100,5.097100,true,4224,4352,0x098b50423eb1b80e5a7fb520438bb4f17cbf6c9b9e6ebef7938342aa2df694fe,0x10acd05e15df221672ec5e25ee7ec5383df40f6a96e4be200f349008ee830ed2
theo_n,14,484,false,9,13,onchain,500,480,38.229900,2068.856600,993.881400,1032.111300,5.149500,true,4224,4352,0x098b50423eb1b80e5a7fb520438bb4f17cbf6c9b9e6ebef7938342aa2df694fe,0x3012161f3b161556cf3aa88c4d04f0e9cec22c97b7b8e848d5c7178f3e9b74fd
theo_n,14,485,false,9,13,onchain,500,481,38.625600,2068.856600,997.368900,1035.994500,5.270300,true,4224,4352,0x098b50423eb1b80e5a7fb520438bb4f17cbf6c9b9e6ebef7938342aa2df694fe,0x21472178fbf204e629d62a47c15eef10a81ccebaf9f644bd9e4e46c54d340a59
theo_n,14,486,false,9,13,onchain,500,482,37.498200,2068.856600,997.382800,1034.881000,5.120100,true,4224,4352,0x098b50423eb1b80e5a7fb520438bb4f17cbf6c9b9e6ebef7938342aa2df694fe,0x1cc81977f75add8f0fa8ffdf8e8d9dd6dc1ad4006181c677d57a5e41157e77c1
theo_n,14,487,false,9,13,onchain,500,483,38.286400,2068.856600,1013.702600,1051.989000,5.344300,true,4224,4352,0x098b50423eb1b80e5a7fb520438bb4f17cbf6c9b9e6ebef7938342aa2df694fe,0x133f3b027ddf242d1e004142a313c84f951891b964cda34421c8e2199d1420c0
theo_n,14,488,false,9,13,onchain,500,484,39.190500,2068.856600,1026.861600,1066.052100,5.428300,true,4224,4352,0x098b50423eb1b80e5a7fb520438bb4f17cbf6c9b9e6ebef7938342aa2df694fe,0x03c9185fd1372f0e37b4bf9a3f3dd2063edca06487f626d6d85fd838ad3008ca
theo_n,14,489,false,9,13,onchain,500,485,38.923600,2068.856600,1033.465100,1072.388700,5.390400,true,4224,4352,0x098b50423eb1b80e5a7fb520438bb4f17cbf6c9b9e6ebef7938342aa2df694fe,0x25e0e7e38fef95e132acd28d6c482e384298692bcd6d0473d4a5e7270f432fb0
theo_n,14,490,false,9,13,onchain,500,486,40.375500,2068.856600,1104.220400,1144.595900,5.659400,true,4224,4352,0x098b50423eb1b80e5a7fb520438bb4f17cbf6c9b9e6ebef7938342aa2df694fe,0x227d5c1302a98c79262e6fe667330fa86813e3133cf5286aa5d1aa56b4d297e4
theo_n,14,491,false,9,13,onchain,500,487,41.246400,2068.856600,1068.824000,1110.070400,5.701200,true,4224,4352,0x098b50423eb1b80e5a7fb520438bb4f17cbf6c9b9e6ebef7938342aa2df694fe,0x1c00aecebc0b69341373f2e0bb29a3c24aac853fd64da87b62c5b316aeca1219
theo_n,14,492,false,9,13,onchain,500,488,40.798100,2068.856600,1044.672500,1085.470600,5.393200,true,4224,4352,0x098b50423eb1b80e5a7fb520438bb4f17cbf6c9b9e6ebef7938342aa2df694fe,0x084e8cd0f0efa2d0483d3d7c58e49fc749ef77ebb1737fe33318558c56cf3427
theo_n,14,493,false,9,13,onchain,500,489,39.538700,2068.856600,1102.619800,1142.158500,5.181100,true,4224,4352,0x098b50423eb1b80e5a7fb520438bb4f17cbf6c9b9e6ebef7938342aa2df694fe,0x0a043a7874d62ba138be2dc0842dd24ce6d289652d427bfd6f79e7c48c37b4f7
theo_n,14,494,false,9,13,onchain,500,490,37.733200,2068.856600,1115.534200,1153.267400,6.699200,true,4224,4352,0x098b50423eb1b80e5a7fb520438bb4f17cbf6c9b9e6ebef7938342aa2df694fe,0x1a89f23a47b3613d76999e01716fb21161a281ba453f95be5b6ec1a4cd2760ff
theo_n,14,495,false,9,13,onchain,500,491,40.287700,2068.856600,1225.583700,1265.871400,5.814700,true,4224,4352,0x098b50423eb1b80e5a7fb520438bb4f17cbf6c9b9e6ebef7938342aa2df694fe,0x300e9a493810956b752cdc311daa8c6888ed4496181d73e24231623198cff11e
theo_n,14,496,false,9,13,onchain,500,492,41.192200,2068.856600,1121.226400,1162.418600,6.125800,true,4224,4352,0x098b50423eb1b80e5a7fb520438bb4f17cbf6c9b9e6ebef7938342aa2df694fe,0x2e66af613bd0b308ea76ce8156c11daa75c95d3f8e0ca9d7b293c31c96014b21
theo_n,14,497,false,9,13,onchain,500,493,38.295200,2068.856600,1114.500300,1152.795500,5.954800,true,4224,4352,0x098b50423eb1b80e5a7fb520438bb4f17cbf6c9b9e6ebef7938342aa2df694fe,0x02dc77fb04fd69f7fab1957d3aba82ed08d25eac854c3dde2a9cade544679e2b
theo_n,14,498,false,9,13,onchain,500,494,38.773800,2068.856600,1165.319600,1204.093400,6.181400,true,4224,4352,0x098b50423eb1b80e5a7fb520438bb4f17cbf6c9b9e6ebef7938342aa2df694fe,0x228653279e7e7b00992306c5edc1435c1091f5e23990f9d8e3779fd1aa32a8de
theo_n,14,499,false,9,13,onchain,500,495,39.638500,2068.856600,1169.246500,1208.885000,6.274800,true,4224,4352,0x098b50423eb1b80e5a7fb520438bb4f17cbf6c9b9e6ebef7938342aa2df694fe,0x230a0a415e1e60f6e218a20cd575f16422d11c814813bb0c4546415a14659006
theo_n,14,500,false,9,13,onchain,500,496,38.995100,2068.856600,1176.116900,1215.112000,5.925400,true,4224,4352,0x098b50423eb1b80e5a7fb520438bb4f17cbf6c9b9e6ebef7938342aa2df694fe,0x0975721ab977e0a4a2d19fc776c1a4212a6d048f5a988aa06d9d108845b40913
theo_n,14,501,false,9,13,onchain,500,497,40.397400,2068.856600,1158.494400,1198.891800,6.123900,true,4224,4352,0x098b50423eb1b80e5a7fb520438bb4f17cbf6c9b9e6ebef7938342aa2df694fe,0x1277fe6d922e86999f40ca4cb0a82e4bbb03db29f014e42a63da54bd386146f0
theo_n,14,502,false,9,13,onchain,500,498,40.743600,2068.856600,1181.695400,1222.439000,6.185900,true,4224,4352,0x098b50423eb1b80e5a7fb520438bb4f17cbf6c9b9e6ebef7938342aa2df694fe,0x0113f1fb5a35006448b95b51265b86f399805050c99ce68c7e92a1106394a4ee
theo_n,14,503,false,9,13,onchain,500,499,40.285100,2068.856600,1227.143200,1267.428300,5.952500,true,4224,4352,0x098b50423eb1b80e5a7fb520438bb4f17cbf6c9b9e6ebef7938342aa2df694fe,0x0c0e1ce676ffd8704c6db547c1f554636c17d9d3da8dfce0b63543dfae4b1d6c
