thi_nghiem,run_id,iteration,warmup,d,k,mechanism,n,student_index,deploy_pool_gas,deploy_verifier_gas,update_root_gas,verify_gas,verify_onchain_ms,withdraw_gas,withdraw_ms,verify_record_gas,verify_record_ms,settle_gas,settle_ms,root,nullifier
theo_n,6,1,true,9,13,onchain,500,0,1979758,4554511,459000,532298,761.427400,582687,664.514400,615679,594.283800,69626,23.948500,0x098b50423eb1b80e5a7fb520438bb4f17cbf6c9b9e6ebef7938342aa2df694fe,0x0908cbf85e088d680fbd39fdb24b3cc3dd4a43f6c03cd816e06f24aad0ed40c9
theo_n,6,2,true,9,13,onchain,500,1,1979758,4554511,459000,532238,560.669800,582615,579.512800,615607,614.380300,69626,28.144800,0x098b50423eb1b80e5a7fb520438bb4f17cbf6c9b9e6ebef7938342aa2df694fe,0x067e06c893d9a0e4d6fd53a0046674c8f20bf84f7b70811bf473ffa211d8c6bd
theo_n,6,3,true,9,13,onchain,500,2,1979758,4554511,459000,532250,567.550200,582639,593.029600,615631,718.547000,69626,37.710400,0x098b50423eb1b80e5a7fb520438bb4f17cbf6c9b9e6ebef7938342aa2df694fe,0x0b8fe57083cdcc700c57fbcf6933cb725896572c6ab544b6f4d8e1c6ab38f07b
theo_n,6,4,false,9,13,onchain,500,0,1979758,4554511,459000,532298,605.343700,582687,578.938500,615679,637.403300,69626,21.896700,0x098b50423eb1b80e5a7fb520438bb4f17cbf6c9b9e6ebef7938342aa2df694fe,0x0908cbf85e088d680fbd39fdb24b3cc3dd4a43f6c03cd816e06f24aad0ed40c9
theo_n,6,5,false,9,13,onchain,500,1,1979758,4554511,459000,532238,581.631500,582615,601.511000,615607,624.874600,69626,34.326700,0x098b50423eb1b80e5a7fb520438bb4f17cbf6c9b9e6ebef7938342aa2df694fe,0x067e06c893d9a0e4d6fd53a0046674c8f20bf84f7b70811bf473ffa211d8c6bd
theo_n,6,6,false,9,13,onchain,500,2,1979758,4554511,459000,532250,546.907700,582639,694.300000,615631,678.443200,69626,30.630200,0x098b50423eb1b80e5a7fb520438bb4f17cbf6c9b9e6ebef7938342aa2df694fe,0x0b8fe57083cdcc700c57fbcf6933cb725896572c6ab544b6f4d8e1c6ab38f07b
theo_n,6,7,false,9,13,onchain,500,3,1979758,4554511,459000,532298,601.143700,582687,614.100900,615679,568.256000,69626,19.348900,0x098b50423eb1b80e5a7fb520438bb4f17cbf6c9b9e6ebef7938342aa2df694fe,0x107c70d191e489c806456c18cf98e286488b248a7e2ac57b6576b30dfade8db2
theo_n,6,8,false,9,13,onchain,500,4,1979758,4554511,459000,532286,621.511900,582675,651.888600,615667,706.696800,69626,22.649400,0x098b50423eb1b80e5a7fb520438bb4f17cbf6c9b9e6ebef7938342aa2df694fe,0x0a311bfe27c095e9b61eb94f9bfdc9d5e247dfd2f96271cff3d32612a2e7339a
theo_n,6,9,false,9,13,onchain,500,5,1979758,4554511,459000,532334,638.722300,582723,625.826700,615715,603.985000,69626,28.722200,0x098b50423eb1b80e5a7fb520438bb4f17cbf6c9b9e6ebef7938342aa2df694fe,0x18b6e24c33265e51a6ebce655f0c7d8cc56a336e228450d97e77a9ef874404bc
theo_n,6,10,false,9,13,onchain,500,6,1979758,4554511,459000,532346,557.829400,582735,603.573600,615727,569.803400,69626,31.353100,0x098b50423eb1b80e5a7fb520438bb4f17cbf6c9b9e6ebef7938342aa2df694fe,0x178454ab459643088f4034d21806282a31eacc6d694df8a91a76f6cadc1e4e05
theo_n,6,11,false,9,13,onchain,500,7,1979758,4554511,459000,532298,645.845000,582687,605.840600,615679,720.802800,69626,22.847800,0x098b50423eb1b80e5a7fb520438bb4f17cbf6c9b9e6ebef7938342aa2df694fe,0x156330b35df029b9ac8c5cf74cf1978f087f063d91916404df8a0984916950ac
theo_n,6,12,false,9,13,onchain,500,8,1979758,4554511,459000,532334,535.732000,582711,580.988000,615703,591.384800,69614,31.535000,0x098b50423eb1b80e5a7fb520438bb4f17cbf6c9b9e6ebef7938342aa2df694fe,0x15bf766aa145bc49955f4b440b0070cdb1823fdb1a4942a856ae7a53dd251a8a
theo_n,6,13,false,9,13,onchain,500,9,1979758,4554511,459000,532286,545.012600,582663,668.137300,615655,605.126000,69626,27.708200,0x098b50423eb1b80e5a7fb520438bb4f17cbf6c9b9e6ebef7938342aa2df694fe,0x145e23340ae3a5c2a8a430e0bd8150939cf9d3336c5a111f39801cc2a9171cea
theo_n,6,14,false,9,13,onchain,500,10,1979758,4554511,459000,532286,578.062900,582675,577.431600,615667,752.894300,69626,29.239400,0x098b50423eb1b80e5a7fb520438bb4f17cbf6c9b9e6ebef7938342aa2df694fe,0x19d8b479a4eb2ed56fc544f5f258c142afbc9733ce11579245b90f6471cc5aa2
theo_n,6,15,false,9,13,onchain,500,11,1979758,4554511,459000,532274,629.399400,582663,643.391500,615655,716.080100,69626,24.121700,0x098b50423eb1b80e5a7fb520438bb4f17cbf6c9b9e6ebef7938342aa2df694fe,0x17115cce247ab17833ce4f971544dcf98cba44f30ac3caa2b60573600696808c
theo_n,6,16,false,9,13,onchain,500,12,1979758,4554511,459000,532298,555.913500,582687,630.321400,615679,673.297200,69626,25.045700,0x098b50423eb1b80e5a7fb520438bb4f17cbf6c9b9e6ebef7938342aa2df694fe,0x12f7111f7f65e737c4608f3f8cffc3dea6a29e14af7ddcba52cac254304ecd23
theo_n,6,17,false,9,13,onchain,500,13,1979758,4554511,459000,532370,528.578000,582759,729.657700,615751,636.776300,69626,21.224600,0x098b50423eb1b80e5a7fb520438bb4f17cbf6c9b9e6ebef7938342aa2df694fe,0x146554373ef67f5de307538cfcb7e62015f4c7d7791f0be35f5897031ab12a59
theo_n,6,18,false,9,13,onchain,500,14,1979758,4554511,459000,532238,614.829200,582627,719.653800,615619,595.377500,69626,27.098400,0x098b50423eb1b80e5a7fb520438bb4f17cbf6c9b9e6ebef7938342aa2df694fe,0x298177b133ab3f68a2e47c6d74787973892a7540de8dcd16ae80701b4d1a19b5
theo_n,6,19,false,9,13,onchain,500,15,1979758,4554511,459000,532226,668.623400,582615,569.635700,615607,617.902500,69626,29.723300,0x098b50423eb1b80e5a7fb520438bb4f17cbf6c9b9e6ebef7938342aa2df694fe,0x290f20350f10923907c139526a8eeb150f99e2573a16d6916fe0f769c993f49a
theo_n,6,20,false,9,13,onchain,500,16,1979758,4554511,459000,532310,558.803300,582699,639.880300,615691,618.999000,69626,33.144400,0x098b50423eb1b80e5a7fb520438bb4f17cbf6c9b9e6ebef7938342aa2df694fe,0x171e66512384a041ca6a5f708a5b4fdda9cf24ab176412c6f6900afc3c6dedb8
theo_n,6,21,false,9,13,onchain,500,17,1979758,4554511,459000,532202,692.083800,582591,617.054000,615583,684.183700,69626,22.509500,0x098b50423eb1b80e5a7fb520438bb4f17cbf6c9b9e6ebef7938342aa2df694fe,0x1be2fe80e5029582e3f6e62f4cb2a84d401feee79f16b335d0bc369a395a0853
theo_n,6,22,false,9,13,onchain,500,18,1979758,4554511,459000,532238,577.438200,582627,620.394300,615619,567.740500,69626,23.406900,0x098b50423eb1b80e5a7fb520438bb4f17cbf6c9b9e6ebef7938342aa2df694fe,0x0bb978d615ff4f194a9934af270a428732e8174c4311c8beb31d4e0bbabbc0bc
theo_n,6,23,false,9,13,onchain,500,19,1979758,4554511,459000,532322,619.516100,582711,574.486000,615703,625.158700,69626,27.368000,0x098b50423eb1b80e5a7fb520438bb4f17cbf6c9b9e6ebef7938342aa2df694fe,0x04726770464b2bff8da321b67038b812b34fa5fa5cdf99f1314cba8589a165bc
theo_n,6,24,false,9,13,onchain,500,20,1979758,4554511,459000,532274,601.686000,582663,652.266700,615655,691.301800,69626,48.691000,0x098b50423eb1b80e5a7fb520438bb4f17cbf6c9b9e6ebef7938342aa2df694fe,0x03d6f9ca63a41aff3fb9a8fc838ab1ed3ceedc7c249c5dc4c19d5955e351be13
theo_n,6,25,false,9,13,onchain,500,21,1979758,4554511,459000,532250,588.999100,582639,644.636900,615631,630.681200,69626,27.499900,0x098b50423eb1b80e5a7fb520438bb4f17cbf6c9b9e6ebef7938342aa2df694fe,0x1686fa19ed842d8106f86663fe6e6888a8bfb3e985dcfd2bb1db169ffcda5da5
theo_n,6,26,false,9,13,onchain,500,22,1979758,4554511,459000,532250,568.900500,582639,710.541200,615631,629.333000,69626,35.237000,0x098b50423eb1b80e5a7fb520438bb4f17cbf6c9b9e6ebef7938342aa2df694fe,0x23e82ec09d717b107d77dc26eb5dc265ea1fc45985e29b8cc3cb17430ff24a0c
theo_n,6,27,false,9,13,onchain,500,23,1979758,4554511,459000,532346,598.360700,582735,600.273500,615727,621.426700,69626,24.628100,0x098b50423eb1b80e5a7fb520438bb4f17cbf6c9b9e6ebef7938342aa2df694fe,0x10b3bd195947d421c2d2b26290f8c337fd0828e5148886d256cae19c30dd3457
theo_n,6,28,false,9,13,onchain,500,24,1979758,4554511,459000,532226,522.887100,582603,685.223000,615595,590.704000,69626,24.174700,0x098b50423eb1b80e5a7fb520438bb4f17cbf6c9b9e6ebef7938342aa2df694fe,0x2a99ad2dc4636645cb03a3f8cddbcf89d41b4a9e486facca27dfee54675abb9c
theo_n,6,29,false,9,13,onchain,500,25,1979758,4554511,459000,532334,555.991100,582711,689.987800,615703,654.187300,69614,27.706300,0x098b50423eb1b80e5a7fb520438bb4f17cbf6c9b9e6ebef7938342aa2df694fe,0x1cd40d323ccd0838cfec775d1003317bf356cafeaba2b700c3af3c61def30fca
theo_n,6,30,false,9,13,onchain,500,26,1979758,4554511,459000,532286,586.664600,582675,614.557100,615667,696.175300,69626,31.892600,0x098b50423eb1b80e5a7fb520438bb4f17cbf6c9b9e6ebef7938342aa2df694fe,0x2eb42444691d4d15abfb91e44bb63be709bec40b9e54f4360f24d4480534af10
theo_n,6,31,false,9,13,onchain,500,27,1979758,4554511,459000,532274,747.450400,582663,623.253400,615655,670.964000,69626,21.156900,0x098b50423eb1b80e5a7fb520438bb4f17cbf6c9b9e6ebef7938342aa2df694fe,0x2c174593cceb5f490ba8f6ba09cd052e5c25a821a271f28bc1a25fe480d609d8
theo_n,6,32,false,9,13,onchain,500,28,1979758,4554511,459000,532298,591.334600,582687,562.064000,615679,653.532100,69626,37.504000,0x098b50423eb1b80e5a7fb520438bb4f17cbf6c9b9e6ebef7938342aa2df694fe,0x23665977a843f888d72d4f179e9f9d837be558853b6806d1436951fa322c1221
theo_n,6,33,false,9,13,onchain,500,29,1979758,4554511,459000,532358,579.376600,582747,631.474500,615739,618.138400,69626,35.801800,0x098b50423eb1b80e5a7fb520438bb4f17cbf6c9b9e6ebef7938342aa2df694fe,0x1784bc5a44d0a6e7b87bdd0fd4e563361f98a6aa39b7964e0907b239a38b84e7
theo_n,6,34,false,9,13,onchain,500,30,1979758,4554511,459000,532250,610.276900,582639,558.906200,615631,672.736800,69626,21.085800,0x098b50423eb1b80e5a7fb520438bb4f17cbf6c9b9e6ebef7938342aa2df694fe,0x202c4e9e6402e7f390a4ab85d1370541fe76c37421ce3a51ac5805c4b24b6da9
theo_n,6,35,false,9,13,onchain,500,31,1979758,4554511,459000,532310,632.922700,582699,609.656800,615691,633.462500,69626,23.281100,0x098b50423eb1b80e5a7fb520438bb4f17cbf6c9b9e6ebef7938342aa2df694fe,0x26ac62095e0835f5045ef0c786313c5c49c66bfa9a9c59a9176a5e55ca7e0d2f
theo_n,6,36,false,9,13,onchain,500,32,1979758,4554511,459000,532298,568.959100,582687,588.574200,615679,621.109000,69626,22.814500,0x098b50423eb1b80e5a7fb520438bb4f17cbf6c9b9e6ebef7938342aa2df694fe,0x0999d39078de7333e04118695737bc5efd57941984dd9136fc1c1b2063a26adc
theo_n,6,37,false,9,13,onchain,500,33,1979758,4554511,459000,532310,545.446600,582699,643.318400,615691,617.045100,69626,32.425500,0x098b50423eb1b80e5a7fb520438bb4f17cbf6c9b9e6ebef7938342aa2df694fe,0x21595eb5cbf9542bc3565fb23a44f93e50797512cb2156aa0f1bf0cccd52959e
theo_n,6,38,false,9,13,onchain,500,34,1979758,4554511,459000,532322,587.633000,582699,679.163900,615691,615.749400,69614,22.523500,0x098b50423eb1b80e5a7fb520438bb4f17cbf6c9b9e6ebef7938342aa2df694fe,0x25c79e1b2c8e7e076990cd6c719d9fad9068d6cd9b911cb567af007fd9ae9012
theo_n,6,39,false,9,13,onchain,500,35,1979758,4554511,459000,532358,654.645400,582747,705.381000,615739,674.252100,69626,23.245600,0x098b50423eb1b80e5a7fb520438bb4f17cbf6c9b9e6ebef7938342aa2df694fe,0x12b71401342adb56754a25ca9b90161c500f6d1db94481a55ff459a7aebc3185
theo_n,6,40,false,9,13,onchain,500,36,1979758,4554511,459000,532370,559.723700,582759,739.371000,615751,558.661400,69626,24.350900,0x098b50423eb1b80e5a7fb520438bb4f17cbf6c9b9e6ebef7938342aa2df694fe,0x1bf1c17e9fed35f18ad1a97d36860e5c49872e06811178e1de9764c9d878dc29
theo_n,6,41,false,9,13,onchain,500,37,1979758,4554511,459000,532190,622.914700,582579,559.384000,615571,675.642100,69626,31.682100,0x098b50423eb1b80e5a7fb520438bb4f17cbf6c9b9e6ebef7938342aa2df694fe,0x2b638435867637f2946659187916cd17968a726d781e30c6e61925210b314d02
theo_n,6,42,false,9,13,onchain,500,38,1979758,4554511,459000,532346,625.592300,582723,568.261200,615715,653.545900,69614,23.477400,0x098b50423eb1b80e5a7fb520438bb4f17cbf6c9b9e6ebef7938342aa2df694fe,0x2bdbfab8d0294126af14982e1000d41a61e11326b0ce247a7116adeeea7985cd
theo_n,6,43,false,9,13,onchain,500,39,1979758,4554511,459000,532298,562.663700,582687,566.739200,615679,615.142800,69626,21.176200,0x098b50423eb1b80e5a7fb520438bb4f17cbf6c9b9e6ebef7938342aa2df694fe,0x0aa7bf1d39d93e1954ce66d9858d1198e0ad921a4df6c1181b1ce905784fe958
theo_n,6,44,false,9,13,onchain,500,40,1979758,4554511,459000,532310,637.336100,582699,539.929500,615691,702.523600,69626,26.497900,0x098b50423eb1b80e5a7fb520438bb4f17cbf6c9b9e6ebef7938342aa2df694fe,0x10de1e3d29876f4850189c984ae73d9c11ce68b86aadc32cf461c98d54d62d23
theo_n,6,45,false,9,13,onchain,500,41,1979758,4554511,459000,532238,555.676600,582615,579.651100,615607,614.129700,69614,29.176800,0x098b50423eb1b80e5a7fb520438bb4f17cbf6c9b9e6ebef7938342aa2df694fe,0x1edba77fec60aecefcfe1abd4e72068fd9fb6184a89b43f5c3dc9a00069d74e2
theo_n,6,46,false,9,13,onchain,500,42,1979758,4554511,459000,532310,579.441200,582699,669.515100,615691,636.394100,69626,36.698700,0x098b50423eb1b80e5a7fb520438bb4f17cbf6c9b9e6ebef7938342aa2df694fe,0x15c8ab0ca8377161a0b8ea56ed9e3ae382863e927a1324317f9fa192d6188e2e
theo_n,6,47,false,9,13,onchain,500,43,1979758,4554511,459000,532238,545.971000,582627,591.371100,615619,594.646400,69626,23.363400,0x098b50423eb1b80e5a7fb520438bb4f17cbf6c9b9e6ebef7938342aa2df694fe,0x13eb1c80471a2c64b0c27128ce601b8439e0852909edea7c2fa01c5a8b0cd2a8
theo_n,6,48,false,9,13,onchain,500,44,1979758,4554511,459000,532250,639.756300,582639,642.116800,615631,599.361700,69626,19.958200,0x098b50423eb1b80e5a7fb520438bb4f17cbf6c9b9e6ebef7938342aa2df694fe,0x0231eb71e8795c4c4a35fb9db7f9d3c70fcb8e6537017b7c23770e27edb17c26
theo_n,6,49,false,9,13,onchain,500,45,1979758,4554511,459000,532286,584.668500,582675,581.401500,615667,602.836400,69626,25.762200,0x098b50423eb1b80e5a7fb520438bb4f17cbf6c9b9e6ebef7938342aa2df694fe,0x14bfb435acb7a5d37e0d29a9b6051229ed7acd9fdfc1de220c0337ce6f0f4ed8
theo_n,6,50,false,9,13,onchain,500,46,1979758,4554511,459000,532202,587.068100,582591,594.857400,615583,559.736600,69626,34.674800,0x098b50423eb1b80e5a7fb520438bb4f17cbf6c9b9e6ebef7938342aa2df694fe,0x0d91e737b2843fdf5a8d1394de46dfa3fe679927773f55ff934b561adb0b7fff
theo_n,6,51,false,9,13,onchain,500,47,1979758,4554511,459000,532286,560.506400,582663,776.243200,615655,622.422100,69626,25.506700,0x098b50423eb1b80e5a7fb520438bb4f17cbf6c9b9e6ebef7938342aa2df694fe,0x26954244b4ec45232f6c53427aaae47d6f1e18e481e8b23526e02555df48c1df
theo_n,6,52,false,9,13,onchain,500,48,1979758,4554511,459000,532238,619.271500,582627,595.490700,615619,582.974800,69626,20.518600,0x098b50423eb1b80e5a7fb520438bb4f17cbf6c9b9e6ebef7938342aa2df694fe,0x239708d53c07d61009f55c15e879487da0622eab4cc30d66f7bca4dbc4bfe44d
theo_n,6,53,false,9,13,onchain,500,49,1979758,4554511,459000,532262,639.522000,582651,577.678900,615643,607.713500,69626,24.360800,0x098b50423eb1b80e5a7fb520438bb4f17cbf6c9b9e6ebef7938342aa2df694fe,0x163233172054b52f81b9f891e2f9d5105c71e0adba76e509daa09013f949b0aa
theo_n,6,54,false,9,13,onchain,500,50,1979758,4554511,459000,532274,563.936100,582663,631.290700,615655,641.614400,69626,34.998800,0x098b50423eb1b80e5a7fb520438bb4f17cbf6c9b9e6ebef7938342aa2df694fe,0x29f882fd660b6a26a77c96e53e736aaae7aec2dcd44d93124440e2b9b84b4a38
theo_n,6,55,false,9,13,onchain,500,51,1979758,4554511,459000,532286,577.953600,582675,597.375700,615667,694.544600,69626,21.785800,0x098b50423eb1b80e5a7fb520438bb4f17cbf6c9b9e6ebef7938342aa2df694fe,0x27e66d84b49036dd0865b9da04321eba233102d93a56847b997b2096cfc0e219
theo_n,6,56,false,9,13,onchain,500,52,1979758,4554511,459000,532190,576.536700,582579,630.147300,615571,560.618100,69626,20.515100,0x098b50423eb1b80e5a7fb520438bb4f17cbf6c9b9e6ebef7938342aa2df694fe,0x041c6acccd0de4874fa535b4423d4a3ab728697b23310712e0d2d3f10927164d
theo_n,6,57,false,9,13,onchain,500,53,1979758,4554511,459000,532310,566.023600,582699,565.880300,615691,598.343600,69626,21.532600,0x098b50423eb1b80e5a7fb520438bb4f17cbf6c9b9e6ebef7938342aa2df694fe,0x1d11e9b323790b3c05df4d5364a35721616441c63f76b36a5b739e880f8fc03c
theo_n,6,58,false,9,13,onchain,500,54,1979758,4554511,459000,532298,673.092300,582687,798.973100,615679,608.538600,69626,20.990200,0x098b50423eb1b80e5a7fb520438bb4f17cbf6c9b9e6ebef7938342aa2df694fe,0x19ed930667ae813189bbaa0641e03f632bed382b9631862cf170dc2cfb08f703
theo_n,6,59,false,9,13,onchain,500,55,1979758,4554511,459000,532310,642.424200,582699,595.085200,615691,595.138000,69626,20.575200,0x098b50423eb1b80e5a7fb520438bb4f17cbf6c9b9e6ebef7938342aa2df694fe,0x286f63b2d20d219a578976c21ed9f8396a9370eb76c1692333fb49e9ffe5eddd
theo_n,6,60,false,9,13,onchain,500,56,1979758,4554511,459000,532322,535.002900,582711,609.021600,615703,594.690500,69626,23.760200,0x098b50423eb1b80e5a7fb520438bb4f17cbf6c9b9e6ebef7938342aa2df694fe,0x1f99a065f3bb98ea5433e6d81e6e27387fc8c025edc841fddcff3cbf77e66024
theo_n,6,61,false,9,13,onchain,500,57,1979758,4554511,459000,532358,570.009300,582747,586.190500,615739,603.185700,69626,21.999600,0x098b50423eb1b80e5a7fb520438bb4f17cbf6c9b9e6ebef7938342aa2df694fe,0x1feb6f0f68700be050d5e26dfd63e880937685b79efab2b075ec055912a4f5ae
theo_n,6,62,false,9,13,onchain,500,58,1979758,4554511,459000,532334,560.133500,582723,731.700900,615715,768.267500,69626,53.974900,0x098b50423eb1b80e5a7fb520438bb4f17cbf6c9b9e6ebef7938342aa2df694fe,0x0e6c34dbfd1473a1ae9710c16b88cac448410f09637490e3123197c34790a183
theo_n,6,63,false,9,13,onchain,500,59,1979758,4554511,459000,532286,675.539000,582675,611.549600,615667,568.797100,69626,24.300400,0x098b50423eb1b80e5a7fb520438bb4f17cbf6c9b9e6ebef7938342aa2df694fe,0x0bb2842f8a6e91c04573162fc7601b567d7df6749d60979ba332d7b78c328f8d
theo_n,6,64,false,9,13,onchain,500,60,1979758,4554511,459000,532298,618.258800,582687,633.698600,615679,671.566800,69626,65.197300,0x098b50423eb1b80e5a7fb520438bb4f17cbf6c9b9e6ebef7938342aa2df694fe,0x0a7220125db4c9fae9b66dda6e019f9ebbe630298376fe4b51a071b6eb9ddbcf
theo_n,6,65,false,9,13,onchain,500,61,1979758,4554511,459000,532298,530.353700,582687,593.443700,615679,632.168500,69626,27.223800,0x098b50423eb1b80e5a7fb520438bb4f17cbf6c9b9e6ebef7938342aa2df694fe,0x1abe534db0df466d693bdbb58e2e3330a7c9ce60678dcecd580bfa34a5604850
theo_n,6,66,false,9,13,onchain,500,62,1979758,4554511,459000,532310,558.586700,582699,582.720800,615691,631.442700,69626,20.733400,0x098b50423eb1b80e5a7fb520438bb4f17cbf6c9b9e6ebef7938342aa2df694fe,0x12cd93c7fe1e9691bc34c1a151550f01178da157b91296de0279ba930f04a680
theo_n,6,67,false,9,13,onchain,500,63,1979758,4554511,459000,532322,633.918500,582699,588.146900,615691,585.760400,69626,20.249500,0x098b50423eb1b80e5a7fb520438bb4f17cbf6c9b9e6ebef7938342aa2df694fe,0x1efdb02da48822560ee87f9d18dd45890f200b5829646129246afe143791a5ee
theo_n,6,68,false,9,13,onchain,500,64,1979758,4554511,459000,532286,513.052500,582675,557.421400,615667,691.863900,69626,31.337300,0x098b50423eb1b80e5a7fb520438bb4f17cbf6c9b9e6ebef7938342aa2df694fe,0x18bcb575879217dd771bf3fd110accc154f81eb964db696503ddc5cc982414f3
theo_n,6,69,false,9,13,onchain,500,65,1979758,4554511,459000,532358,613.590300,582747,610.490200,615739,631.545100,69626,23.899600,0x098b50423eb1b80e5a7fb520438bb4f17cbf6c9b9e6ebef7938342aa2df694fe,0x2e969f3908c8262e7c1ef3c63699dc0ca68c5ea634b5f0732921ce9452c32843
theo_n,6,70,false,9,13,onchain,500,66,1979758,4554511,459000,532238,563.612700,582615,659.648200,615607,533.979200,69614,36.386700,0x098b50423eb1b80e5a7fb520438bb4f17cbf6c9b9e6ebef7938342aa2df694fe,0x0088ab77acbdc069cfc9f633fed7cecb143790696b76586df6ef40df2b60952c
theo_n,6,71,false,9,13,onchain,500,67,1979758,4554511,459000,532310,576.778200,582699,673.870400,615691,608.256900,69626,52.350500,0x098b50423eb1b80e5a7fb520438bb4f17cbf6c9b9e6ebef7938342aa2df694fe,0x19266272248a559ab8943ba2d8258af531fe630f833f9241fd43a9bd449ed3a7
theo_n,6,72,false,9,13,onchain,500,68,1979758,4554511,459000,532274,586.659100,582663,620.881800,615655,585.232000,69626,25.874000,0x098b50423eb1b80e5a7fb520438bb4f17cbf6c9b9e6ebef7938342aa2df694fe,0x215eaf1d8e79c9ef4d076f165a4f634ca98f0f5ed28e045b617a86326162e4a2
theo_n,6,73,false,9,13,onchain,500,69,1979758,4554511,459000,532334,533.631400,582723,554.699700,615715,656.370700,69626,25.338200,0x098b50423eb1b80e5a7fb520438bb4f17cbf6c9b9e6ebef7938342aa2df694fe,0x0a7e4f05953ca3db4ac4061d27149a86e58e25f8abe9700123d4376accf763bf
theo_n,6,74,false,9,13,onchain,500,70,1979758,4554511,459000,532226,670.583800,582615,610.884500,615607,571.914900,69626,22.267600,0x098b50423eb1b80e5a7fb520438bb4f17cbf6c9b9e6ebef7938342aa2df694fe,0x08605ab6f0ea9feaba6887ea78431d2492628dfd59a10292fc7afe5ea2e8eece
theo_n,6,75,false,9,13,onchain,500,71,1979758,4554511,459000,532214,570.621900,582603,620.732800,615595,566.053000,69626,21.756600,0x098b50423eb1b80e5a7fb520438bb4f17cbf6c9b9e6ebef7938342aa2df694fe,0x26d317fe0299e077054be278d1f0d21206ca9c25bef0abf439a346026c390dfa
theo_n,6,76,false,9,13,onchain,500,72,1979758,4554511,459000,532298,587.211900,582687,681.510200,615679,663.857200,69626,32.121400,0x098b50423eb1b80e5a7fb520438bb4f17cbf6c9b9e6ebef7938342aa2df694fe,0x25af9ec4cff748dbaf0976a3ff1188e5b628546f7f4f5b9db9eaa477462f7869
theo_n,6,77,false,9,13,onchain,500,73,1979758,4554511,459000,532286,589.098600,582675,713.575500,615667,630.863200,69626,20.459800,0x098b50423eb1b80e5a7fb520438bb4f17cbf6c9b9e6ebef7938342aa2df694fe,0x01fb960b8f1b5d34b7f4749defb02b514c03bec096b79a9bc37ebfdeec741f2b
theo_n,6,78,false,9,13,onchain,500,74,1979758,4554511,459000,532274,521.098700,582663,626.677500,615655,604.514500,69626,114.772900,0x098b50423eb1b80e5a7fb520438bb4f17cbf6c9b9e6ebef7938342aa2df694fe,0x12e08ec57ab72cecc7a3924708902cc02c89942a36fdb660beb16561ed7ef5ce
theo_n,6,79,false,9,13,onchain,500,75,1979758,4554511,459000,532346,574.210200,582735,674.984100,615727,623.912600,69626,22.171400,0x098b50423eb1b80e5a7fb520438bb4f17cbf6c9b9e6ebef7938342aa2df694fe,0x16a729a31e033516db4de85c7111097269183918aa98a399cfd2eabaf4bc6545
theo_n,6,80,false,9,13,onchain,500,76,1979758,4554511,459000,532274,555.992000,582663,629.696400,615655,570.641500,69626,23.976400,0x098b50423eb1b80e5a7fb520438bb4f17cbf6c9b9e6ebef7938342aa2df694fe,0x0d453d4335fb2a5c16d11d4240b1166d98908cce0ead0250abff97a9868aecc8
theo_n,6,81,false,9,13,onchain,500,77,1979758,4554511,459000,532322,667.196800,582711,622.415800,615703,555.501000,69626,21.777300,0x098b50423eb1b80e5a7fb520438bb4f17cbf6c9b9e6ebef7938342aa2df694fe,0x0d4fb35507c4725529bee562d7875325d2200194fbe8fd2e917d6dd1cc23fdc2
theo_n,6,82,false,9,13,onchain,500,78,1979758,4554511,459000,532310,549.320600,582699,614.485000,615691,612.412500,69626,23.401200,0x098b50423eb1b80e5a7fb520438bb4f17cbf6c9b9e6ebef7938342aa2df694fe,0x18fd75dcd068156962b7472b26d5764df5f027a7dc6aba38d75ff522addddc25
theo_n,6,83,false,9,13,onchain,500,79,1979758,4554511,459000,532286,523.129700,582675,616.819200,615667,668.740100,69626,21.334300,0x098b50423eb1b80e5a7fb520438bb4f17cbf6c9b9e6ebef7938342aa2df694fe,0x2be77b57647a6b10a55e242f74a9ccf7e4785095dad898a23c39c7449a8a7c0c
theo_n,6,84,false,9,13,onchain,500,80,1979758,4554511,459000,532334,550.637100,582711,634.435900,615703,530.758300,69626,25.101700,0x098b50423eb1b80e5a7fb520438bb4f17cbf6c9b9e6ebef7938342aa2df694fe,0x0d9b8e94306ca021ecb938f5026044a99fb2903e768e0b859c6cb7f74c89ada6
theo_n,6,85,false,9,13,onchain,500,81,1979758,4554511,459000,532310,568.708600,582699,642.404900,615691,667.236300,69626,26.695600,0x098b50423eb1b80e5a7fb520438bb4f17cbf6c9b9e6ebef7938342aa2df694fe,0x06c0b3f5ffd3b8544f72e020c2ffde1c8399e0f7b3f5c2c98ef2d41a5b6d2a0a
theo_n,6,86,false,9,13,onchain,500,82,1979758,4554511,459000,532262,571.885800,582651,566.877800,615643,647.977000,69626,28.165900,0x098b50423eb1b80e5a7fb520438bb4f17cbf6c9b9e6ebef7938342aa2df694fe,0x0fcde5acfb3565955df8385342e3d172fc5e4376c643a3cb46cf9cada75b9277
theo_n,6,87,false,9,13,onchain,500,83,1979758,4554511,459000,532142,577.554500,582531,610.253500,615523,630.999400,69626,22.829700,0x098b50423eb1b80e5a7fb520438bb4f17cbf6c9b9e6ebef7938342aa2df694fe,0x15051a287f47c76ed7d2269998aa47f5381185b04d9f51445c39087cd8ed01de
theo_n,6,88,false,9,13,onchain,500,84,1979758,4554511,459000,532334,584.186600,582723,774.100200,615715,600.620000,69626,20.125300,0x098b50423eb1b80e5a7fb520438bb4f17cbf6c9b9e6ebef7938342aa2df694fe,0x0f7765a835070e4481f45e0827e06270383d6f9cdbd4196f283b338b9a4e3238
theo_n,6,89,false,9,13,onchain,500,85,1979758,4554511,459000,532322,554.866900,582711,598.541100,615703,569.019600,69626,27.727400,0x098b50423eb1b80e5a7fb520438bb4f17cbf6c9b9e6ebef7938342aa2df694fe,0x2b62ea88645121b88157ac06e4e3f9c3178df965566ae6496a8d6c6bb96fbded
theo_n,6,90,false,9,13,onchain,500,86,1979758,4554511,459000,532310,557.090800,582699,623.550100,615691,563.642000,69626,68.214400,0x098b50423eb1b80e5a7fb520438bb4f17cbf6c9b9e6ebef7938342aa2df694fe,0x2dd46823e0fa0e639cbb8cc928ec221105d0d9a65c31b716e52a5a52adfcfb95
theo_n,6,91,false,9,13,onchain,500,87,1979758,4554511,459000,532226,579.513400,582615,559.766800,615607,566.988700,69626,19.563600,0x098b50423eb1b80e5a7fb520438bb4f17cbf6c9b9e6ebef7938342aa2df694fe,0x28a7f749444fc4fb853eeff2d8b65c7a41abfea333797977a42f9f84eb0ea79b
theo_n,6,92,false,9,13,onchain,500,88,1979758,4554511,459000,532178,551.723800,582567,727.844200,615559,648.269200,69626,54.833600,0x098b50423eb1b80e5a7fb520438bb4f17cbf6c9b9e6ebef7938342aa2df694fe,0x1990851d8f9a1f34328e760b34b2c549764ca2e1557dde4c5f189c4e168cd5f9
theo_n,6,93,false,9,13,onchain,500,89,1979758,4554511,459000,532274,586.065800,582663,678.945600,615655,573.299400,69626,23.568600,0x098b50423eb1b80e5a7fb520438bb4f17cbf6c9b9e6ebef7938342aa2df694fe,0x2b8d45422864217488a84b2c5d353db89cdf51b5bee10eb545baef4f7381330f
theo_n,6,94,false,9,13,onchain,500,90,1979758,4554511,459000,532238,583.126900,582615,584.962700,615607,681.516200,69614,26.281400,0x098b50423eb1b80e5a7fb520438bb4f17cbf6c9b9e6ebef7938342aa2df694fe,0x00f12dbe894fc42bbde3b356e7868f42f5a9a342cfd632ff464f8fcf9e57333b
theo_n,6,95,false,9,13,onchain,500,91,1979758,4554511,459000,532286,712.086800,582675,631.032100,615667,565.869000,69626,26.978900,0x098b50423eb1b80e5a7fb520438bb4f17cbf6c9b9e6ebef7938342aa2df694fe,0x1ec83bfd5f380ef673a5af89e992e0d01715ca7d7f2967cc8316c40bb09163a9
theo_n,6,96,false,9,13,onchain,500,92,1979758,4554511,459000,532274,555.236900,582663,698.805600,615655,602.388300,69626,26.865500,0x098b50423eb1b80e5a7fb520438bb4f17cbf6c9b9e6ebef7938342aa2df694fe,0x0b07c8f3f557a462c6ef632caabdcf5fc3bf382ff18dfe46aae0dadaedd5a8d2
theo_n,6,97,false,9,13,onchain,500,93,1979758,4554511,459000,532322,569.390000,582711,583.577000,615703,635.177300,69626,26.927000,0x098b50423eb1b80e5a7fb520438bb4f17cbf6c9b9e6ebef7938342aa2df694fe,0x0d315137502a0bf670e5c74c46603131659987d14b09d74da3c36de13a608b07
theo_n,6,98,false,9,13,onchain,500,94,1979758,4554511,459000,532322,547.795900,582711,602.925600,615703,573.429500,69626,19.951400,0x098b50423eb1b80e5a7fb520438bb4f17cbf6c9b9e6ebef7938342aa2df694fe,0x2d7c0a2bf3f877b4301edfbb51e2b35bd3c86cfe1d1a492eb454d060ae7778f1
theo_n,6,99,false,9,13,onchain,500,95,1979758,4554511,459000,532406,573.483400,582795,761.404900,615787,743.839000,69626,24.432200,0x098b50423eb1b80e5a7fb520438bb4f17cbf6c9b9e6ebef7938342aa2df694fe,0x08d69a87c1f599104a063e0894e7eb48d057bdabc16119b7d07547d35fa7c8a5
theo_n,6,100,false,9,13,onchain,500,96,1979758,4554511,459000,532298,595.973200,582687,587.315600,615679,574.512600,69626,21.459800,0x098b50423eb1b80e5a7fb520438bb4f17cbf6c9b9e6ebef7938342aa2df694fe,0x1c7df0827e1080ee71d950a409a18e1518a5e3bce2da8c0ce1b24094d4994b6b
theo_n,6,101,false,9,13,onchain,500,97,1979758,4554511,459000,532298,554.313300,582687,745.993800,615679,601.326200,69626,28.352300,0x098b50423eb1b80e5a7fb520438bb4f17cbf6c9b9e6ebef7938342aa2df694fe,0x2d58a42d5d1cc2791453aaa1b78a1d4086dc79c5bae4a72518c26d1eeeaf480a
theo_n,6,102,false,9,13,onchain,500,98,1979758,4554511,459000,532358,630.137600,582747,574.476300,615739,563.448700,69626,22.309500,0x098b50423eb1b80e5a7fb520438bb4f17cbf6c9b9e6ebef7938342aa2df694fe,0x082328b47921926c3d45725c3c54adb91798ae45bbee77c57c13c78a0e127537
theo_n,6,103,false,9,13,onchain,500,99,1979758,4554511,459000,532358,585.448300,582747,568.541300,615739,626.560900,69626,33.757700,0x098b50423eb1b80e5a7fb520438bb4f17cbf6c9b9e6ebef7938342aa2df694fe,0x0346d298ca5e9ba5bc6d3e3e2e13cc63e6e4d14e53981e988e66eb8d5b87aed3
theo_n,6,104,false,9,13,onchain,500,100,1979758,4554511,459000,532226,541.929200,582615,608.612600,615607,689.949500,69626,22.363200,0x098b50423eb1b80e5a7fb520438bb4f17cbf6c9b9e6ebef7938342aa2df694fe,0x280a714b2978fcf5aba174c93ac09d948715115992029fdb917fd8374ab986bd
theo_n,6,105,false,9,13,onchain,500,101,1979758,4554511,459000,532250,570.912300,582627,617.338700,615619,647.586300,69626,24.526900,0x098b50423eb1b80e5a7fb520438bb4f17cbf6c9b9e6ebef7938342aa2df694fe,0x085cb394d60f01c45b060e3655b9680d97304f6337b86fda09f0335513c0eaf0
theo_n,6,106,false,9,13,onchain,500,102,1979758,4554511,459000,532202,547.894400,582579,561.350200,615571,707.487400,69614,24.394000,0x098b50423eb1b80e5a7fb520438bb4f17cbf6c9b9e6ebef7938342aa2df694fe,0x1527c5d2d9c656f6144be711876760da3a61cf05ed9e544600be5f4b9cfe074d
theo_n,6,107,false,9,13,onchain,500,103,1979758,4554511,459000,532250,535.622700,582639,572.251000,615631,637.734400,69626,24.272700,0x098b50423eb1b80e5a7fb520438bb4f17cbf6c9b9e6ebef7938342aa2df694fe,0x1eaec94c680ac2a6a85aa250ddf4cb5bd7a659b00b78f4b6b7c75044fad7d3bd
theo_n,6,108,false,9,13,onchain,500,104,1979758,4554511,459000,532358,559.008700,582747,641.409700,615739,576.286500,69626,22.059700,0x098b50423eb1b80e5a7fb520438bb4f17cbf6c9b9e6ebef7938342aa2df694fe,0x15d2afc485db584720f32f6198068e75f1168528ba496590a1980e0f1b270985
theo_n,6,109,false,9,13,onchain,500,105,1979758,4554511,459000,532250,585.307200,582639,646.148300,615631,598.683100,69626,24.934900,0x098b50423eb1b80e5a7fb520438bb4f17cbf6c9b9e6ebef7938342aa2df694fe,0x1a5da863997d24b5471d5d5e81070d3959dae8e5b754f8c0c15c3465fc18ca97
theo_n,6,110,false,9,13,onchain,500,106,1979758,4554511,459000,532142,555.251200,582519,699.205300,615511,628.313700,69614,25.273200,0x098b50423eb1b80e5a7fb520438bb4f17cbf6c9b9e6ebef7938342aa2df694fe,0x273edd203800914995c38c0f86697eebec9b5fe5bbf24f7e1a8008a29448420f
theo_n,6,111,false,9,13,onchain,500,107,1979758,4554511,459000,532274,634.859400,582651,557.944100,615643,662.548000,69626,31.507300,0x098b50423eb1b80e5a7fb520438bb4f17cbf6c9b9e6ebef7938342aa2df694fe,0x2d0b9fe4e87166878564917f8414cfbd31d9faba6cd878a9cbf85c615976b56f
theo_n,6,112,false,9,13,onchain,500,108,1979758,4554511,459000,532298,749.745700,582687,564.274000,615679,676.870800,69626,23.120900,0x098b50423eb1b80e5a7fb520438bb4f17cbf6c9b9e6ebef7938342aa2df694fe,0x132230c786a10fd367e92c57fe0adc7480c4617b2bfbe878a0401dfb1b72cb4f
theo_n,6,113,false,9,13,onchain,500,109,1979758,4554511,459000,532322,544.681200,582711,637.643600,615703,688.029300,69626,20.821400,0x098b50423eb1b80e5a7fb520438bb4f17cbf6c9b9e6ebef7938342aa2df694fe,0x16cd25f623714f4f1b7065482e340f09ca465af9ebcce54ad72bdc27f48342df
theo_n,6,114,false,9,13,onchain,500,110,1979758,4554511,459000,532358,550.943300,582747,590.257800,615739,610.866000,69626,24.461300,0x098b50423eb1b80e5a7fb520438bb4f17cbf6c9b9e6ebef7938342aa2df694fe,0x1bd2861c2b226ae17de48461808c1065c0f1c05fbd72069529891146436c9b34
theo_n,6,115,false,9,13,onchain,500,111,1979758,4554511,459000,532274,575.795500,582651,744.040900,615643,632.745200,69614,66.027600,0x098b50423eb1b80e5a7fb520438bb4f17cbf6c9b9e6ebef7938342aa2df694fe,0x0fae658cab7c5225312015aba3241828f57834001837fa9b2ba7a8dea2a5c6cf
theo_n,6,116,false,9,13,onchain,500,112,1979758,4554511,459000,532286,558.392600,582675,583.305100,615667,661.120200,69626,36.305900,0x098b50423eb1b80e5a7fb520438bb4f17cbf6c9b9e6ebef7938342aa2df694fe,0x1c5bd298c59b7b24b1802fdfa7c5e831f068f3b3f82ee84667b05d2945f3246e
theo_n,6,117,false,9,13,onchain,500,113,1979758,4554511,459000,532298,569.181800,582687,653.509200,615679,616.470300,69626,35.199100,0x098b50423eb1b80e5a7fb520438bb4f17cbf6c9b9e6ebef7938342aa2df694fe,0x2c99a20b86bdb461dd0a77ef1c3714daeaca35a1b808a8abba086b86b93557ce
theo_n,6,118,false,9,13,onchain,500,114,1979758,4554511,459000,532394,535.482800,582783,565.352100,615775,625.224300,69626,19.817100,0x098b50423eb1b80e5a7fb520438bb4f17cbf6c9b9e6ebef7938342aa2df694fe,0x25fd20ab6e32c5e8688735c9a2a6f33777a1d050634219f0b002c81ced1c7b5e
theo_n,6,119,false,9,13,onchain,500,115,1979758,4554511,459000,532298,611.566500,582675,721.605900,615667,646.372500,69626,25.957900,0x098b50423eb1b80e5a7fb520438bb4f17cbf6c9b9e6ebef7938342aa2df694fe,0x291280af54056c2cd9ad444ad2cdf0658fbdf5cdf12638e6ee2b4eb312a06144
theo_n,6,120,false,9,13,onchain,500,116,1979758,4554511,459000,532250,625.728200,582639,662.228600,615631,597.547400,69626,32.046000,0x098b50423eb1b80e5a7fb520438bb4f17cbf6c9b9e6ebef7938342aa2df694fe,0x062716b8ca7b91cefd14777688e1184a74ef6e5c5b6b65936db29c147c43227e
theo_n,6,121,false,9,13,onchain,500,117,1979758,4554511,459000,532286,641.169300,582675,803.767900,615667,547.540400,69626,22.727100,0x098b50423eb1b80e5a7fb520438bb4f17cbf6c9b9e6ebef7938342aa2df694fe,0x048e61258fe1e21ef0d5714d38c150dc8cabb2ab182c87524b52f5ec88e1f81f
theo_n,6,122,false,9,13,onchain,500,118,1979758,4554511,459000,532310,601.964300,582699,594.509900,615691,607.961500,69626,27.666200,0x098b50423eb1b80e5a7fb520438bb4f17cbf6c9b9e6ebef7938342aa2df694fe,0x0337077e10fc7847a1ac99ececa16ab363e8cf5ce0b82290be76dd1dc10769e8
theo_n,6,123,false,9,13,onchain,500,119,1979758,4554511,459000,532178,569.769300,582567,626.479000,615559,610.178800,69626,32.509100,0x098b50423eb1b80e5a7fb520438bb4f17cbf6c9b9e6ebef7938342aa2df694fe,0x122ac2ab494aa392fcee5dd7347129100fc0de2505d46d438da3cd8a2d32e6ea
theo_n,6,124,false,9,13,onchain,500,120,1979758,4554511,459000,532262,605.631500,582651,632.266900,615643,666.850400,69626,39.038800,0x098b50423eb1b80e5a7fb520438bb4f17cbf6c9b9e6ebef7938342aa2df694fe,0x1bb18f78f446215b3d6ac87d13f405094b21b926809bad622f625a5c4aba0aa5
theo_n,6,125,false,9,13,onchain,500,121,1979758,4554511,459000,532298,670.459500,582687,600.431400,615679,579.788700,69626,23.321500,0x098b50423eb1b80e5a7fb520438bb4f17cbf6c9b9e6ebef7938342aa2df694fe,0x11586f2d39477f1bc5e9b1d06a9fdff35e236bf3cdc4aab74f621481516d7815
theo_n,6,126,false,9,13,onchain,500,122,1979758,4554511,459000,532298,575.069900,582687,536.821300,615679,616.343800,69626,25.237400,0x098b50423eb1b80e5a7fb520438bb4f17cbf6c9b9e6ebef7938342aa2df694fe,0x1ddb223e1339f8bf0cbed084e0b0a69adf4fe7ca2c5dc312fce34c5ed9fdf094
theo_n,6,127,false,9,13,onchain,500,123,1979758,4554511,459000,532358,534.415800,582747,586.733300,615739,668.195100,69626,20.863800,0x098b50423eb1b80e5a7fb520438bb4f17cbf6c9b9e6ebef7938342aa2df694fe,0x1840a4c242fef47e8f74cd8aa8295e9b11f3bc37ee4ad16c38a5c208344b37dc
theo_n,6,128,false,9,13,onchain,500,124,1979758,4554511,459000,532214,572.946600,582603,632.448700,615595,615.843700,69626,25.801700,0x098b50423eb1b80e5a7fb520438bb4f17cbf6c9b9e6ebef7938342aa2df694fe,0x1c13441afbd44509328c5d26d85d3acf169464c8375735cbb5efd13c343ad09f
theo_n,6,129,false,9,13,onchain,500,125,1979758,4554511,459000,532298,552.144100,582687,592.781800,615679,587.003900,69626,22.968900,0x098b50423eb1b80e5a7fb520438bb4f17cbf6c9b9e6ebef7938342aa2df694fe,0x1326819b8b7b82169305219445339534c813219958aff00f2de38420d73886c2
theo_n,6,130,false,9,13,onchain,500,126,1979758,4554511,459000,532274,615.671700,582663,681.903100,615655,643.347500,69626,71.721800,0x098b50423eb1b80e5a7fb520438bb4f17cbf6c9b9e6ebef7938342aa2df694fe,0x2ca4fcbbe3622752f4aa4e3ca994d30d0c1456ecbc1cad9193430d998bc7ef6e
theo_n,6,131,false,9,13,onchain,500,127,1979758,4554511,459000,532310,644.876800,582699,665.329500,615691,636.168900,69626,27.481100,0x098b50423eb1b80e5a7fb520438bb4f17cbf6c9b9e6ebef7938342aa2df694fe,0x1b76b599cec9d9ae0690413de23fc0c9eb5a159ef05aea11a95ee8cda8592759
theo_n,6,132,false,9,13,onchain,500,128,1979758,4554511,459000,532310,657.173000,582699,748.741700,615691,570.045300,69626,21.671700,0x098b50423eb1b80e5a7fb520438bb4f17cbf6c9b9e6ebef7938342aa2df694fe,0x19fdf3e31ef4713cb2b80a9d45bb04e96c7ee09d39424729962e332821c9888a
theo_n,6,133,false,9,13,onchain,500,129,1979758,4554511,459000,532322,620.669600,582699,597.215500,615691,655.639400,69626,19.730800,0x098b50423eb1b80e5a7fb520438bb4f17cbf6c9b9e6ebef7938342aa2df694fe,0x1f4b342dcdff21fbd66fa67e11c5544bfd8929b923b2dabc1f7ac6cb5151b9b9
theo_n,6,134,false,9,13,onchain,500,130,1979758,4554511,459000,532262,584.820400,582651,594.425000,615643,644.667800,69626,30.304300,0x098b50423eb1b80e5a7fb520438bb4f17cbf6c9b9e6ebef7938342aa2df694fe,0x154b1d74c2618354b26b34c984e94e4f7d706573361930e780b8278071f43a98
theo_n,6,135,false,9,13,onchain,500,131,1979758,4554511,459000,532226,602.064500,582615,570.085600,615607,617.830200,69626,18.469600,0x098b50423eb1b80e5a7fb520438bb4f17cbf6c9b9e6ebef7938342aa2df694fe,0x1cd387bebe939deb9139dccf335cf5da302583a9ba488b7eea65b16b9f797a0d
theo_n,6,136,false,9,13,onchain,500,132,1979758,4554511,459000,532214,544.259900,582591,646.771000,615583,618.530300,69626,32.151000,0x098b50423eb1b80e5a7fb520438bb4f17cbf6c9b9e6ebef7938342aa2df694fe,0x06d6a19737ba3c27075e413dd7860d45cc20cb35ed6c608ac22acc2e5c9c54bb
theo_n,6,137,false,9,13,onchain,500,133,1979758,4554511,459000,532274,608.726500,582651,582.708000,615643,701.365500,69614,29.920600,0x098b50423eb1b80e5a7fb520438bb4f17cbf6c9b9e6ebef7938342aa2df694fe,0x29477a7a12360051ea5c87e3ca17fa0d3d2370b734d34a8bfeccbec806464239
theo_n,6,138,false,9,13,onchain,500,134,1979758,4554511,459000,532286,599.508100,582675,588.034100,615667,621.494700,69626,37.169400,0x098b50423eb1b80e5a7fb520438bb4f17cbf6c9b9e6ebef7938342aa2df694fe,0x261908540691dd3c2c92abe77a9016a9a562140b65ef5e147e1a60d0cdfc90e0
theo_n,6,139,false,9,13,onchain,500,135,1979758,4554511,459000,532250,571.700300,582639,648.260100,615631,578.764800,69626,58.774000,0x098b50423eb1b80e5a7fb520438bb4f17cbf6c9b9e6ebef7938342aa2df694fe,0x2674c02a1b2848b07db064c5a4e58662470a9da5dc7276de3c371db1c33bc5bc
theo_n,6,140,false,9,13,onchain,500,136,1979758,4554511,459000,532250,577.364200,582639,556.363600,615631,702.324800,69626,27.190700,0x098b50423eb1b80e5a7fb520438bb4f17cbf6c9b9e6ebef7938342aa2df694fe,0x19c06805eb153a95eef5e1daec5f4936cfd6b1fd84715978ae293859cf99f2f7
theo_n,6,141,false,9,13,onchain,500,137,1979758,4554511,459000,532286,596.721700,582675,675.932600,615667,646.235000,69626,26.209600,0x098b50423eb1b80e5a7fb520438bb4f17cbf6c9b9e6ebef7938342aa2df694fe,0x2b9386b34b67cca51b5f376f0d9d5825990e05d8a0663acc09cd7ef2478b99ef
theo_n,6,142,false,9,13,onchain,500,138,1979758,4554511,459000,532202,562.219200,582591,678.494100,615583,618.676600,69626,35.628700,0x098b50423eb1b80e5a7fb520438bb4f17cbf6c9b9e6ebef7938342aa2df694fe,0x1d973ebf381de252d781eee0181e4bf96f60364a6355f27faf9d88a26c6d5f74
theo_n,6,143,false,9,13,onchain,500,139,1979758,4554511,459000,532226,661.133800,582615,610.135100,615607,684.022100,69626,28.572600,0x098b50423eb1b80e5a7fb520438bb4f17cbf6c9b9e6ebef7938342aa2df694fe,0x1dbc758c2bdd3ffd4ae4900c512cfdd59aa39693c5da8541569bb1b11a7a4ff7
theo_n,6,144,false,9,13,onchain,500,140,1979758,4554511,459000,532334,589.168600,582723,623.702400,615715,629.199700,69626,32.748400,0x098b50423eb1b80e5a7fb520438bb4f17cbf6c9b9e6ebef7938342aa2df694fe,0x24fefd181e7c2a8b9c3c99e3f098e38499d6eb3748a5bec2ec08c191c32a20c9
theo_n,6,145,false,9,13,onchain,500,141,1979758,4554511,459000,532394,537.687900,582783,692.348400,615775,679.302700,69626,23.240600,0x098b50423eb1b80e5a7fb520438bb4f17cbf6c9b9e6ebef7938342aa2df694fe,0x23968c116ab2270a3af0c481a377d282fa2af22d0df2584795947071ab2e8546
theo_n,6,146,false,9,13,onchain,500,142,1979758,4554511,459000,532202,681.966300,582591,603.522300,615583,599.437200,69626,22.862600,0x098b50423eb1b80e5a7fb520438bb4f17cbf6c9b9e6ebef7938342aa2df694fe,0x1647c354c1f20bac7643c9c62e601536572c45dcedaee32d3ee30e288b2a1fee
theo_n,6,147,false,9,13,onchain,500,143,1979758,4554511,459000,532274,617.683700,582663,734.781900,615655,595.512000,69626,39.510600,0x098b50423eb1b80e5a7fb520438bb4f17cbf6c9b9e6ebef7938342aa2df694fe,0x2ea5df06e8526bce926495cfb5bcaeeded936c0d347b1f44869b740c89de802c
theo_n,6,148,false,9,13,onchain,500,144,1979758,4554511,459000,532334,726.972800,582723,685.567900,615715,646.650700,69626,22.843800,0x098b50423eb1b80e5a7fb520438bb4f17cbf6c9b9e6ebef7938342aa2df694fe,0x0583f5e4a43ff231fab22b74c1e8dc9ca7e11f908ebfec3cae568fa348641be4
theo_n,6,149,false,9,13,onchain,500,145,1979758,4554511,459000,532310,630.744100,582699,564.350500,615691,677.287300,69626,26.688000,0x098b50423eb1b80e5a7fb520438bb4f17cbf6c9b9e6ebef7938342aa2df694fe,0x14e11f8cfedbf4f8cf3085e378b3035aa5a493ea65a91f2de51f071ab1c11333
theo_n,6,150,false,9,13,onchain,500,146,1979758,4554511,459000,532322,562.236400,582687,655.481900,615679,615.872300,69614,32.766600,0x098b50423eb1b80e5a7fb520438bb4f17cbf6c9b9e6ebef7938342aa2df694fe,0x245b631ba32f9e19fd8f3d1bf8329300750d5c30e6151c849be8b7168923763d
theo_n,6,151,false,9,13,onchain,500,147,1979758,4554511,459000,532298,586.022000,582687,688.308300,615679,652.827400,69626,27.679500,0x098b50423eb1b80e5a7fb520438bb4f17cbf6c9b9e6ebef7938342aa2df694fe,0x0a4cf55b4df6d265e96388cc0abf738334a51602cc8ee10b4e6798b91c62ccf6
theo_n,6,152,false,9,13,onchain,500,148,1979758,4554511,459000,532286,532.483000,582675,565.675600,615667,626.403500,69626,28.095300,0x098b50423eb1b80e5a7fb520438bb4f17cbf6c9b9e6ebef7938342aa2df694fe,0x2980306594ba7a72b85f517f2b2217da35af687f784e3e046e7dc5d50302957d
theo_n,6,153,false,9,13,onchain,500,149,1979758,4554511,459000,532178,643.216600,582567,591.899000,615559,735.555600,69626,22.726000,0x098b50423eb1b80e5a7fb520438bb4f17cbf6c9b9e6ebef7938342aa2df694fe,0x0bae57eb5e9667ff3213947821ebf0971fbc22df8df57a3113b581d199257ff1
theo_n,6,154,false,9,13,onchain,500,150,1979758,4554511,459000,532322,561.569800,582699,603.581900,615691,651.203400,69614,22.463500,0x098b50423eb1b80e5a7fb520438bb4f17cbf6c9b9e6ebef7938342aa2df694fe,0x09df330028e60ab8f64f208ed8725b2bd088b3666a34eddd5b59cc30efa91446
theo_n,6,155,false,9,13,onchain,500,151,1979758,4554511,459000,532286,649.513700,582675,591.863200,615667,733.547200,69626,31.054600,0x098b50423eb1b80e5a7fb520438bb4f17cbf6c9b9e6ebef7938342aa2df694fe,0x0e827a40e73cd93978223bdaea2de4a3662c85d4ada215d330dd658fcde25a44
theo_n,6,156,false,9,13,onchain,500,152,1979758,4554511,459000,532262,620.429800,582639,755.377500,615631,647.572200,69614,27.420400,0x098b50423eb1b80e5a7fb520438bb4f17cbf6c9b9e6ebef7938342aa2df694fe,0x2df1bef61f31af46f7936d4d9d4c5ac1d276b7b8eaecfe888700ac1298f92267
theo_n,6,157,false,9,13,onchain,500,153,1979758,4554511,459000,532214,569.890200,582603,656.303600,615595,635.612900,69626,34.145100,0x098b50423eb1b80e5a7fb520438bb4f17cbf6c9b9e6ebef7938342aa2df694fe,0x12915572ab99b6ddc8fea60928bc7ce39caeba0d31257fc844a096476109b36f
theo_n,6,158,false,9,13,onchain,500,154,1979758,4554511,459000,532214,594.887000,582603,655.728100,615595,656.517000,69626,41.726900,0x098b50423eb1b80e5a7fb520438bb4f17cbf6c9b9e6ebef7938342aa2df694fe,0x1a9da40b6a281115b0c04c78ccf79a0177bfd4bd849e7a87b72227206ca49630
theo_n,6,159,false,9,13,onchain,500,155,1979758,4554511,459000,532190,679.529200,582567,569.254900,615559,648.194500,69614,32.627000,0x098b50423eb1b80e5a7fb520438bb4f17cbf6c9b9e6ebef7938342aa2df694fe,0x05a92e4d70718e361377004987d81958215294de37ec7adfa4ae249de133a464
theo_n,6,160,false,9,13,onchain,500,156,1979758,4554511,459000,532310,580.572800,582699,694.259300,615691,538.233800,69626,22.053700,0x098b50423eb1b80e5a7fb520438bb4f17cbf6c9b9e6ebef7938342aa2df694fe,0x011d10d516eb6795ffe1ac987326ec7b8a1bc7c6216fb37623144bce1ea511d9
theo_n,6,161,false,9,13,onchain,500,157,1979758,4554511,459000,532346,589.268500,582735,681.763100,615727,682.310900,69626,22.363900,0x098b50423eb1b80e5a7fb520438bb4f17cbf6c9b9e6ebef7938342aa2df694fe,0x07c2427f7b75d030b8add3786708a7f1ff3619698d999713baa4e3e9179ea69c
theo_n,6,162,false,9,13,onchain,500,158,1979758,4554511,459000,532154,573.256100,582531,658.223500,615523,615.863700,69614,28.176300,0x098b50423eb1b80e5a7fb520438bb4f17cbf6c9b9e6ebef7938342aa2df694fe,0x15b494b2d69d888296e4a53c9138e66b123c8700312e6b706ac66675afaf6f1e
theo_n,6,163,false,9,13,onchain,500,159,1979758,4554511,459000,532298,613.252200,582687,586.640300,615679,698.917600,69626,27.180400,0x098b50423eb1b80e5a7fb520438bb4f17cbf6c9b9e6ebef7938342aa2df694fe,0x09d28e4bc034581881ef74dcd3ef170396e570e5cdac22e022a7b681b15fa3f8
theo_n,6,164,false,9,13,onchain,500,160,1979758,4554511,459000,532238,634.757800,582615,586.360400,615607,599.110600,69626,28.309800,0x098b50423eb1b80e5a7fb520438bb4f17cbf6c9b9e6ebef7938342aa2df694fe,0x06320cda582ab69eba60cc5f2d8f98720c81076f5feb562563b2678474f0e833
theo_n,6,165,false,9,13,onchain,500,161,1979758,4554511,459000,532226,662.972000,582615,619.618400,615607,649.926700,69626,25.856800,0x098b50423eb1b80e5a7fb520438bb4f17cbf6c9b9e6ebef7938342aa2df694fe,0x1ed92eb6f52266c41b5eff71eff811783249cd3cb8dab2b6d993871737888e24
theo_n,6,166,false,9,13,onchain,500,162,1979758,4554511,459000,532226,539.741700,582615,640.842000,615607,638.349000,69626,40.920000,0x098b50423eb1b80e5a7fb520438bb4f17cbf6c9b9e6ebef7938342aa2df694fe,0x2f228f71e58a7b39a67b3c4e6272d392223b6299129403e73cd5d22ee0dd12ac
theo_n,6,167,false,9,13,onchain,500,163,1979758,4554511,459000,532298,573.743300,582687,665.594500,615679,649.165700,69626,20.277300,0x098b50423eb1b80e5a7fb520438bb4f17cbf6c9b9e6ebef7938342aa2df694fe,0x08b9ea24dacf4bb71cd1a71d186ad4a3aa0b1224036b3d5975053220811cfde2
theo_n,6,168,false,9,13,onchain,500,164,1979758,4554511,459000,532238,540.689900,582627,563.371400,615619,626.655000,69626,19.340200,0x098b50423eb1b80e5a7fb520438bb4f17cbf6c9b9e6ebef7938342aa2df694fe,0x1e916b5d46e155942cbf9bd03d57a68d6870f77dfa7a2603838d5697fc064995
theo_n,6,169,false,9,13,onchain,500,165,1979758,4554511,459000,532310,576.860900,582699,572.158300,615691,684.978800,69626,16.905100,0x098b50423eb1b80e5a7fb520438bb4f17cbf6c9b9e6ebef7938342aa2df694fe,0x2083a99ee8336b2216a949706234f1238389c5d988e1a708f1d82d2dd19a36f8
theo_n,6,170,false,9,13,onchain,500,166,1979758,4554511,459000,532370,561.581700,582747,588.073600,615739,603.501100,69614,17.586900,0x098b50423eb1b80e5a7fb520438bb4f17cbf6c9b9e6ebef7938342aa2df694fe,0x0fc49d02f286296ca6aea328cf7989ead6df46008a90ac7708b353d4d1fa50a1
theo_n,6,171,false,9,13,onchain,500,167,1979758,4554511,459000,532298,562.831900,582675,632.241200,615667,718.015100,69614,18.845500,0x098b50423eb1b80e5a7fb520438bb4f17cbf6c9b9e6ebef7938342aa2df694fe,0x01c951890bef8b00ee81b33d53ff33cabfdb08c77cd3d71cf09ae6aa9c8e6223
theo_n,6,172,false,9,13,onchain,500,168,1979758,4554511,459000,532274,600.109700,582663,658.542400,615655,578.272400,69626,22.007900,0x098b50423eb1b80e5a7fb520438bb4f17cbf6c9b9e6ebef7938342aa2df694fe,0x2e21bd7006b2fe0c1b3e8d85680b3db6b9023ae9655b981deba01610d09107ff
theo_n,6,173,false,9,13,onchain,500,169,1979758,4554511,459000,532214,573.577600,582603,566.121300,615595,720.280700,69626,27.966300,0x098b50423eb1b80e5a7fb520438bb4f17cbf6c9b9e6ebef7938342aa2df694fe,0x2dea3ace923241fb9b6cbe0f7cc54de90e793785f271579dc5ba7ed217ecf5de
theo_n,6,174,false,9,13,onchain,500,170,1979758,4554511,459000,532226,660.510200,582615,643.550400,615607,699.513200,69626,31.325700,0x098b50423eb1b80e5a7fb520438bb4f17cbf6c9b9e6ebef7938342aa2df694fe,0x10f12245982fffe007b0ecef635197a5267eb81d727d447237c3f308eeea06c5
theo_n,6,175,false,9,13,onchain,500,171,1979758,4554511,459000,532274,564.563800,582651,615.701900,615643,566.606000,69614,35.066700,0x098b50423eb1b80e5a7fb520438bb4f17cbf6c9b9e6ebef7938342aa2df694fe,0x1fde592bf80e60c3006f6357af1860d7a9c3b5f570bc0e39666b2fa0b0fa623b
theo_n,6,176,false,9,13,onchain,500,172,1979758,4554511,459000,532214,599.052800,582591,629.849300,615583,653.237400,69614,34.472200,0x098b50423eb1b80e5a7fb520438bb4f17cbf6c9b9e6ebef7938342aa2df694fe,0x03f52ca2eb1444ab17b86e0070b7cb17a6e6d8eb47ba455096f24be0ef44e64d
theo_n,6,177,false,9,13,onchain,500,173,1979758,4554511,459000,532286,584.700300,582675,696.494500,615667,567.121700,69626,21.750100,0x098b50423eb1b80e5a7fb520438bb4f17cbf6c9b9e6ebef7938342aa2df694fe,0x298aa57712a04fb53de588b8f1a0b1d1e4227d335b31773343b126bd46d6c8ce
theo_n,6,178,false,9,13,onchain,500,174,1979758,4554511,459000,532202,581.924200,582591,616.466000,615583,686.565500,69626,37.154400,0x098b50423eb1b80e5a7fb520438bb4f17cbf6c9b9e6ebef7938342aa2df694fe,0x107b857578d9cb6989ccf0f30edb97b06bc3833c39c4f2d3e3d372f481dd8023
theo_n,6,179,false,9,13,onchain,500,175,1979758,4554511,459000,532286,609.130300,582675,623.786000,615667,558.007700,69626,25.830200,0x098b50423eb1b80e5a7fb520438bb4f17cbf6c9b9e6ebef7938342aa2df694fe,0x1f04cfcb8e116dbe0f227912a09380f4e32e9e3e5f2256e919bb36f7079c5103
theo_n,6,180,false,9,13,onchain,500,176,1979758,4554511,459000,532382,623.979000,582771,903.544700,615763,622.188300,69626,22.542300,0x098b50423eb1b80e5a7fb520438bb4f17cbf6c9b9e6ebef7938342aa2df694fe,0x1e68c8b38e22bac0843fbbaa1beb99ff308287da69e2748e848701f40806de03
theo_n,6,181,false,9,13,onchain,500,177,1979758,4554511,459000,532358,677.964000,582735,565.985000,615727,705.951900,69614,29.933200,0x098b50423eb1b80e5a7fb520438bb4f17cbf6c9b9e6ebef7938342aa2df694fe,0x00273abbd77c1c843a34dd7136eb304c447c3664dec4b8a1220dfd8f7d419215
theo_n,6,182,false,9,13,onchain,500,178,1979758,4554511,459000,532094,632.947200,582483,669.018600,615475,621.790100,69626,26.588100,0x098b50423eb1b80e5a7fb520438bb4f17cbf6c9b9e6ebef7938342aa2df694fe,0x0b28f864933c885e09f83295b931650d055fc4fc29f027c7f9154c739463a145
theo_n,6,183,false,9,13,onchain,500,179,1979758,4554511,459000,532202,572.271000,582579,584.525600,615571,695.757300,69626,23.935400,0x098b50423eb1b80e5a7fb520438bb4f17cbf6c9b9e6ebef7938342aa2df694fe,0x1942c46688b94e9feac9b79485e5275cd47749110c86881a6f89b4fd673313b8
theo_n,6,184,false,9,13,onchain,500,180,1979758,4554511,459000,532382,689.486900,582771,564.547300,615763,592.973300,69626,19.098100,0x098b50423eb1b80e5a7fb520438bb4f17cbf6c9b9e6ebef7938342aa2df694fe,0x05e66e3156ee58cd9a319fc1bf021b066bb4a12dfcb4065c8fd52badd2816357
theo_n,6,185,false,9,13,onchain,500,181,1979758,4554511,459000,532298,634.620600,582687,591.610400,615679,611.898300,69626,42.026600,0x098b50423eb1b80e5a7fb520438bb4f17cbf6c9b9e6ebef7938342aa2df694fe,0x2a3c82367379ca3bc510fa7cc6292b87adeae422acaf533b481b7ab5a9b74ff8
theo_n,6,186,false,9,13,onchain,500,182,1979758,4554511,459000,532286,638.380500,582675,732.116800,615667,683.761700,69626,32.650000,0x098b50423eb1b80e5a7fb520438bb4f17cbf6c9b9e6ebef7938342aa2df694fe,0x1249bf76e23d7887ed8174d4d5ab76b45d4e883f887862e0fbb6cb1ff0ae511b
theo_n,6,187,false,9,13,onchain,500,183,1979758,4554511,459000,532238,658.511600,582627,619.450800,615619,703.865200,69626,28.646200,0x098b50423eb1b80e5a7fb520438bb4f17cbf6c9b9e6ebef7938342aa2df694fe,0x299618a39d19d4bebd969488c616703e255699e67a2120cf6f08ea875ec432c3
theo_n,6,188,false,9,13,onchain,500,184,1979758,4554511,459000,532274,573.638000,582663,639.336000,615655,600.769400,69626,19.719400,0x098b50423eb1b80e5a7fb520438bb4f17cbf6c9b9e6ebef7938342aa2df694fe,0x1c9a777a7d9c58721c7da841f525a15984b7e891da907c30cff77c20fec58449
theo_n,6,189,false,9,13,onchain,500,185,1979758,4554511,459000,532274,560.499300,582663,620.979000,615655,631.926000,69626,28.067300,0x098b50423eb1b80e5a7fb520438bb4f17cbf6c9b9e6ebef7938342aa2df694fe,0x2608a22fc17f577d6b0c737a1dae9bf3bfcada6e599a32673cc3b22aa3b6190c
theo_n,6,190,false,9,13,onchain,500,186,1979758,4554511,459000,532298,574.755100,582687,569.651100,615679,604.682800,69626,28.024400,0x098b50423eb1b80e5a7fb520438bb4f17cbf6c9b9e6ebef7938342aa2df694fe,0x21c60d25a15e9ae91c63bf274725cbd91cce20150f6968f909ed4545bf10f860
theo_n,6,191,false,9,13,onchain,500,187,1979758,4554511,459000,532370,590.491300,582759,696.558000,615751,570.342600,69626,33.036700,0x098b50423eb1b80e5a7fb520438bb4f17cbf6c9b9e6ebef7938342aa2df694fe,0x2a2d7701e0b8c21420d7b7229e667662e2cbb348c0011ae3c54b0a6ef4ddaed2
theo_n,6,192,false,9,13,onchain,500,188,1979758,4554511,459000,532322,630.993000,582711,551.265300,615703,708.232400,69626,36.949400,0x098b50423eb1b80e5a7fb520438bb4f17cbf6c9b9e6ebef7938342aa2df694fe,0x2147d5a5854e8222301664ebdea905cf2129477a5b1fa920e3b69c0ffde3fe7c
theo_n,6,193,false,9,13,onchain,500,189,1979758,4554511,459000,532190,633.858000,582579,609.177700,615571,594.274800,69626,20.893600,0x098b50423eb1b80e5a7fb520438bb4f17cbf6c9b9e6ebef7938342aa2df694fe,0x09e30c2882ee8f7a4d382ee18bfb26fd8cc97e5b71b4abf04cb6ef5c20141ee8
theo_n,6,194,false,9,13,onchain,500,190,1979758,4554511,459000,532310,558.708500,582699,616.694600,615691,623.562900,69626,21.661500,0x098b50423eb1b80e5a7fb520438bb4f17cbf6c9b9e6ebef7938342aa2df694fe,0x29659717e824040f23b91d2d273626a16f2383026d93d647e324bab659038b3b
theo_n,6,195,false,9,13,onchain,500,191,1979758,4554511,459000,532298,525.270100,582687,646.180300,615679,623.926200,69626,38.728600,0x098b50423eb1b80e5a7fb520438bb4f17cbf6c9b9e6ebef7938342aa2df694fe,0x08905947031ddfd20fdb11313343efd9b643df52a76a9d8822b84478d51ef533
theo_n,6,196,false,9,13,onchain,500,192,1979758,4554511,459000,532250,629.540700,582639,679.180700,615631,624.373900,69626,32.434100,0x098b50423eb1b80e5a7fb520438bb4f17cbf6c9b9e6ebef7938342aa2df694fe,0x2623d2f0bb27f75ed651479f235215416974c7ed687818ca2eca4ed54cb0890e
theo_n,6,197,false,9,13,onchain,500,193,1979758,4554511,459000,532334,604.393500,582723,652.610900,615715,601.074500,69626,24.842300,0x098b50423eb1b80e5a7fb520438bb4f17cbf6c9b9e6ebef7938342aa2df694fe,0x17f2a18d1c6af5fbd37c56a76f8d84a8557e3f92f46b9f10c97f07498d7a3e5e
theo_n,6,198,false,9,13,onchain,500,194,1979758,4554511,459000,532262,550.535200,582651,600.585000,615643,587.147400,69626,18.449400,0x098b50423eb1b80e5a7fb520438bb4f17cbf6c9b9e6ebef7938342aa2df694fe,0x080444fd3d681818265e4b132c34ac5d5d0913ad9cde27ae4b3bc8bec9a476aa
theo_n,6,199,false,9,13,onchain,500,195,1979758,4554511,459000,532286,562.355800,582663,577.326200,615655,617.486300,69614,23.714500,0x098b50423eb1b80e5a7fb520438bb4f17cbf6c9b9e6ebef7938342aa2df694fe,0x0650d03351bfa136d51cb721acb4868d9022e9febefe6b28499f0f004f36071e
theo_n,6,200,false,9,13,onchain,500,196,1979758,4554511,459000,532274,559.863000,582663,578.056100,615655,680.763800,69626,22.109000,0x098b50423eb1b80e5a7fb520438bb4f17cbf6c9b9e6ebef7938342aa2df694fe,0x1dce569b979e4239dd9eb95272649e1f5bc3375080e9be8f146870ec3767764c
theo_n,6,201,false,9,13,onchain,500,197,1979758,4554511,459000,532310,620.645100,582699,619.635300,615691,651.012900,69626,24.286300,0x098b50423eb1b80e5a7fb520438bb4f17cbf6c9b9e6ebef7938342aa2df694fe,0x229060fc460a01a09958347d142e63e18fac8e663a93f9c0a697618459f11091
theo_n,6,202,false,9,13,onchain,500,198,1979758,4554511,459000,532310,525.913100,582699,638.283500,615691,576.848800,69626,19.651300,0x098b50423eb1b80e5a7fb520438bb4f17cbf6c9b9e6ebef7938342aa2df694fe,0x14c6c58b860df7cf32a61fa6440107908bc1f58866b5291b6fc0266a44cc4347
theo_n,6,203,false,9,13,onchain,500,199,1979758,4554511,459000,532298,591.752900,582675,583.844000,615667,619.399100,69614,27.880500,0x098b50423eb1b80e5a7fb520438bb4f17cbf6c9b9e6ebef7938342aa2df694fe,0x2c6eca6e9dddf0c400924a7e305eebe78c57a0d68da8b8afe9343f8bb69af311
theo_n,6,204,false,9,13,onchain,500,200,1979758,4554511,459000,532298,561.177400,582687,612.148400,615679,593.448200,69626,30.623100,0x098b50423eb1b80e5a7fb520438bb4f17cbf6c9b9e6ebef7938342aa2df694fe,0x26d10e610f5a898caa541893e7c74d8b589b1bca141f9d5c12129f0ac8c2c4de
theo_n,6,205,false,9,13,onchain,500,201,1979758,4554511,459000,532406,551.655300,582783,604.877500,615775,605.243500,69614,51.669700,0x098b50423eb1b80e5a7fb520438bb4f17cbf6c9b9e6ebef7938342aa2df694fe,0x1de79d5b678871b100b2b73ad88c37f56b46d8c4d0981df6850d7f290419f46f
theo_n,6,206,false,9,13,onchain,500,202,1979758,4554511,459000,532298,577.732800,582687,562.534400,615679,695.761600,69626,27.186100,0x098b50423eb1b80e5a7fb520438bb4f17cbf6c9b9e6ebef7938342aa2df694fe,0x1e084c1e93a570dd4dd924a63074f8e4144d31f5484d14bf9e43031a1408dd37
theo_n,6,207,false,9,13,onchain,500,203,1979758,4554511,459000,532262,550.136000,582651,669.911200,615643,687.647200,69626,22.870200,0x098b50423eb1b80e5a7fb520438bb4f17cbf6c9b9e6ebef7938342aa2df694fe,0x2b491f2eb4c3f055d7784d7f4a35a5a0ffbd04a7375b5db1796d27992d6a78a4
theo_n,6,208,false,9,13,onchain,500,204,1979758,4554511,459000,532334,590.509200,582723,667.804600,615715,592.372300,69626,28.921000,0x098b50423eb1b80e5a7fb520438bb4f17cbf6c9b9e6ebef7938342aa2df694fe,0x2207f01b23ccc5d511b22b388ece1132266a457ae6354b500e3371d8b7b47b8f
theo_n,6,209,false,9,13,onchain,500,205,1979758,4554511,459000,532322,617.731900,582711,605.540000,615703,600.886100,69626,18.426200,0x098b50423eb1b80e5a7fb520438bb4f17cbf6c9b9e6ebef7938342aa2df694fe,0x2820b06f5df5d3e5eac9c631774e2ed85c977ab1010eff6d64f3fb624ad7d7a3
theo_n,6,210,false,9,13,onchain,500,206,1979758,4554511,459000,532298,635.726800,582687,661.893600,615679,589.906200,69626,30.210800,0x098b50423eb1b80e5a7fb520438bb4f17cbf6c9b9e6ebef7938342aa2df694fe,0x27a17ea0f0816d8c2987f01b465a7a7c34a96adc62fd86ae42af4cc4a760bd5b
theo_n,6,211,false,9,13,onchain,500,207,1979758,4554511,459000,532238,560.332300,582627,556.095100,615619,579.112600,69626,22.680900,0x098b50423eb1b80e5a7fb520438bb4f17cbf6c9b9e6ebef7938342aa2df694fe,0x2838bb09aca0424f32baa130c15f81e5704a68065f6de6f27979fc196863b7ae
theo_n,6,212,false,9,13,onchain,500,208,1979758,4554511,459000,532202,651.557300,582591,642.390900,615583,602.893100,69626,27.066600,0x098b50423eb1b80e5a7fb520438bb4f17cbf6c9b9e6ebef7938342aa2df694fe,0x08253658a1a878506ef21181f0975c66ef755715fd66e1573da2305eb0cd2780
theo_n,6,213,false,9,13,onchain,500,209,1979758,4554511,459000,532310,582.729900,582699,612.322700,615691,651.743500,69626,35.472900,0x098b50423eb1b80e5a7fb520438bb4f17cbf6c9b9e6ebef7938342aa2df694fe,0x10b028218147aff279afc8483c1d0f2f720bcbff9e7b277074e6f5964c6c1c75
theo_n,6,214,false,9,13,onchain,500,210,1979758,4554511,459000,532310,572.391700,582699,648.431600,615691,688.256000,69626,23.566200,0x098b50423eb1b80e5a7fb520438bb4f17cbf6c9b9e6ebef7938342aa2df694fe,0x2173732b56584682acdb72c0eb05938ecaa2a2cf7d64074b54076a03bc11d903
theo_n,6,215,false,9,13,onchain,500,211,1979758,4554511,459000,532262,590.481000,582651,620.612600,615643,560.431200,69626,20.376700,0x098b50423eb1b80e5a7fb520438bb4f17cbf6c9b9e6ebef7938342aa2df694fe,0x18f62f27b02c5bdf99fc82b37e136b28c8b03690f7a779e123ec15b179a41357
theo_n,6,216,false,9,13,onchain,500,212,1979758,4554511,459000,532358,584.880300,582747,598.798800,615739,671.933400,69626,62.841800,0x098b50423eb1b80e5a7fb520438bb4f17cbf6c9b9e6ebef7938342aa2df694fe,0x0522989be561c3acf3d13b8ce2579c69fd82702309650aa02dc3f0f1a3aeb51e
theo_n,6,217,false,9,13,onchain,500,213,1979758,4554511,459000,532274,541.359800,582651,602.166800,615643,625.714700,69614,24.205100,0x098b50423eb1b80e5a7fb520438bb4f17cbf6c9b9e6ebef7938342aa2df694fe,0x00abfd86d0b7cd3ef4c548a4842e95cd198e8c13f5984cf7744328f643ecda38
theo_n,6,218,false,9,13,onchain,500,214,1979758,4554511,459000,532382,545.054100,582759,604.242300,615751,604.725300,69614,33.157800,0x098b50423eb1b80e5a7fb520438bb4f17cbf6c9b9e6ebef7938342aa2df694fe,0x00e72a74ffeafc01ff3bc87cbe9cb8991e6ddf6a62704eee18f298fb44947a54
theo_n,6,219,false,9,13,onchain,500,215,1979758,4554511,459000,532322,551.608500,582711,567.418600,615703,665.024200,69626,32.307200,0x098b50423eb1b80e5a7fb520438bb4f17cbf6c9b9e6ebef7938342aa2df694fe,0x09bd4c44b0d8c3f95e85a7ea7eaad034d0bb4a071151c4602d4c25a063e655a3
theo_n,6,220,false,9,13,onchain,500,216,1979758,4554511,459000,532238,604.769400,582615,605.055200,615607,652.393200,69614,28.480800,0x098b50423eb1b80e5a7fb520438bb4f17cbf6c9b9e6ebef7938342aa2df694fe,0x1da98d0d586ad726f7d6d36d081f3b5ddaff00b0e568dc30c9263430f45d0efd
theo_n,6,221,false,9,13,onchain,500,217,1979758,4554511,459000,532202,622.790100,582579,617.873800,615571,600.271400,69614,22.908000,0x098b50423eb1b80e5a7fb520438bb4f17cbf6c9b9e6ebef7938342aa2df694fe,0x0d332cc6cfca7d979739d690576d83fa594a7fade7d1ed233baee5eee47c00aa
theo_n,6,222,false,9,13,onchain,500,218,1979758,4554511,459000,532226,560.139900,582615,615.348200,615607,623.514600,69626,32.927400,0x098b50423eb1b80e5a7fb520438bb4f17cbf6c9b9e6ebef7938342aa2df694fe,0x04df1709421261492f4643397ca9c5a3205a57917e5467927d5d95111e631b98
theo_n,6,223,false,9,13,onchain,500,219,1979758,4554511,459000,532334,611.787700,582723,626.684900,615715,771.658700,69626,21.321700,0x098b50423eb1b80e5a7fb520438bb4f17cbf6c9b9e6ebef7938342aa2df694fe,0x0ca39f899831fd4e5448e7ade10af02c0e1c50d9b33334800989497f9e26e93b
theo_n,6,224,false,9,13,onchain,500,220,1979758,4554511,459000,532274,604.360900,582663,579.610300,615655,540.577500,69626,26.166500,0x098b50423eb1b80e5a7fb520438bb4f17cbf6c9b9e6ebef7938342aa2df694fe,0x17b533f22fbbd4525ea0cb1d23064c62e4d5d81c56b9f425542cd2b8500fe93f
theo_n,6,225,false,9,13,onchain,500,221,1979758,4554511,459000,532238,572.585000,582627,601.823100,615619,707.373000,69626,33.766000,0x098b50423eb1b80e5a7fb520438bb4f17cbf6c9b9e6ebef7938342aa2df694fe,0x30284ab4f906ef741017b6ba866c480fe26022712c2b1f47925878df7ead3942
theo_n,6,226,false,9,13,onchain,500,222,1979758,4554511,459000,532286,616.900500,582675,597.593200,615667,604.555700,69626,31.964100,0x098b50423eb1b80e5a7fb520438bb4f17cbf6c9b9e6ebef7938342aa2df694fe,0x230719c7f7508d7995106104b0fba8547e5ccbc3b2237e6c3681908b8908eb25
theo_n,6,227,false,9,13,onchain,500,223,1979758,4554511,459000,532346,581.462700,582723,547.344000,615715,719.902000,69614,24.929900,0x098b50423eb1b80e5a7fb520438bb4f17cbf6c9b9e6ebef7938342aa2df694fe,0x05e321b5b73ae7dc708200813248dc8ce759f76786404cca834d23fbda676330
theo_n,6,228,false,9,13,onchain,500,224,1979758,4554511,459000,532370,673.940000,582759,550.984400,615751,579.463100,69626,30.291900,0x098b50423eb1b80e5a7fb520438bb4f17cbf6c9b9e6ebef7938342aa2df694fe,0x04f16424a036c1c8b8b62ac3f6fbf1afe4161d95f2745ca23620b11c345ec204
theo_n,6,229,false,9,13,onchain,500,225,1979758,4554511,459000,532322,643.081100,582711,672.419500,615703,550.787600,69626,71.988200,0x098b50423eb1b80e5a7fb520438bb4f17cbf6c9b9e6ebef7938342aa2df694fe,0x1683ef468d4cd009c3194edbbb010a088da918a0690b8a067343e416a6a4b7ff
theo_n,6,230,false,9,13,onchain,500,226,1979758,4554511,459000,532286,597.791800,582663,576.318500,615655,671.587200,69614,29.262500,0x098b50423eb1b80e5a7fb520438bb4f17cbf6c9b9e6ebef7938342aa2df694fe,0x019f440d4f71344df6e4a73f4d2b76d8d021ff64e9805774b700ff240c7e6290
theo_n,6,231,false,9,13,onchain,500,227,1979758,4554511,459000,532250,537.375000,582639,699.691400,615631,631.341100,69626,25.757200,0x098b50423eb1b80e5a7fb520438bb4f17cbf6c9b9e6ebef7938342aa2df694fe,0x2cd3b78cb474d98ab26e82eec456c2b501e97e323c15f190d62a4d50eccd5f21
theo_n,6,232,false,9,13,onchain,500,228,1979758,4554511,459000,532214,572.181900,582603,588.339000,615595,583.292200,69626,26.630500,0x098b50423eb1b80e5a7fb520438bb4f17cbf6c9b9e6ebef7938342aa2df694fe,0x0cd75776cd07fe51cb25d1b9af220f8010d0b1b48eabf6f7c90ee35094b60e35
theo_n,6,233,false,9,13,onchain,500,229,1979758,4554511,459000,532226,508.970100,582615,594.323200,615607,586.116600,69626,20.915900,0x098b50423eb1b80e5a7fb520438bb4f17cbf6c9b9e6ebef7938342aa2df694fe,0x2af48b45a7202a164a90ca6a1725e39467f70a524ea74dfae76a0a6dc0b7be0b
theo_n,6,234,false,9,13,onchain,500,230,1979758,4554511,459000,532322,547.725900,582699,606.273100,615691,606.314300,69626,24.334900,0x098b50423eb1b80e5a7fb520438bb4f17cbf6c9b9e6ebef7938342aa2df694fe,0x0aa6ce31e57d744ae008aec740817366db5ec92d41d4b40a440c5b1c0eb2cd57
theo_n,6,235,false,9,13,onchain,500,231,1979758,4554511,459000,532250,551.811800,582639,606.197300,615631,643.349600,69626,22.483500,0x098b50423eb1b80e5a7fb520438bb4f17cbf6c9b9e6ebef7938342aa2df694fe,0x278b7b3a14762423c4cb23f6ef2bed5f69f610ad64b09fb228de4bdd7b449931
theo_n,6,236,false,9,13,onchain,500,232,1979758,4554511,459000,532202,577.455000,582579,682.394300,615571,609.358800,69614,71.325000,0x098b50423eb1b80e5a7fb520438bb4f17cbf6c9b9e6ebef7938342aa2df694fe,0x008535962f0a38daf6d8b95158c3c95e2415b4e90d11089c37356fc331072ead
theo_n,6,237,false,9,13,onchain,500,233,1979758,4554511,459000,532190,596.731500,582579,555.425500,615571,723.222500,69626,40.079300,0x098b50423eb1b80e5a7fb520438bb4f17cbf6c9b9e6ebef7938342aa2df694fe,0x1f283c30d18bf09f79126ecf806edc3bf784d5e0f9725586679bfe0e9c141c4e
theo_n,6,238,false,9,13,onchain,500,234,1979758,4554511,459000,532190,622.968000,582567,561.584900,615559,604.854800,69626,21.364100,0x098b50423eb1b80e5a7fb520438bb4f17cbf6c9b9e6ebef7938342aa2df694fe,0x0ca1cac7f7c4ab67a0c13fbe4385bbfcc207f7258be5b10a821c9e35368bc57c
theo_n,6,239,false,9,13,onchain,500,235,1979758,4554511,459000,532322,629.866300,582711,628.084500,615703,650.818200,69626,23.419300,0x098b50423eb1b80e5a7fb520438bb4f17cbf6c9b9e6ebef7938342aa2df694fe,0x1ee64ecdb87fe16d9a0b2d0a42e45479ccd2fa4753d872229767dfbf44cdf2d9
theo_n,6,240,false,9,13,onchain,500,236,1979758,4554511,459000,532334,581.778200,582723,546.092600,615715,577.440400,69626,24.326000,0x098b50423eb1b80e5a7fb520438bb4f17cbf6c9b9e6ebef7938342aa2df694fe,0x0c61a809f53d171aeb13efc2823b433ee74a4bcb86fcca2c0bbe028b9567aba6
theo_n,6,241,false,9,13,onchain,500,237,1979758,4554511,459000,532322,562.675900,582711,601.588600,615703,651.272800,69626,28.474200,0x098b50423eb1b80e5a7fb520438bb4f17cbf6c9b9e6ebef7938342aa2df694fe,0x249a5db4d7eb6525105d286d5866fa9da2af5e066720dd3e559dc51efb9f1ffb
theo_n,6,242,false,9,13,onchain,500,238,1979758,4554511,459000,532310,642.260300,582699,570.958400,615691,591.739600,69626,31.767500,0x098b50423eb1b80e5a7fb520438bb4f17cbf6c9b9e6ebef7938342aa2df694fe,0x0702f314a3e92da936be90effa3dcc080d999f2e509ef50c2c1d79b4fc8f6bcd
theo_n,6,243,false,9,13,onchain,500,239,1979758,4554511,459000,532250,588.014700,582639,637.588100,615631,680.330500,69626,25.598700,0x098b50423eb1b80e5a7fb520438bb4f17cbf6c9b9e6ebef7938342aa2df694fe,0x0a4b98013160def93d32ab9bd72b198ed733f55b2afe206df82a3170ae024fdf
theo_n,6,244,false,9,13,onchain,500,240,1979758,4554511,459000,532310,562.465000,582699,566.261100,615691,690.963000,69626,28.104300,0x098b50423eb1b80e5a7fb520438bb4f17cbf6c9b9e6ebef7938342aa2df694fe,0x06e7126768d8e8ff17cce3aab2c4804e1cbd3fe8097a56fccac32ae30136f0ca
theo_n,6,245,false,9,13,onchain,500,241,1979758,4554511,459000,532226,609.626600,582615,562.353300,615607,735.237500,69626,37.374800,0x098b50423eb1b80e5a7fb520438bb4f17cbf6c9b9e6ebef7938342aa2df694fe,0x0a3decc0377e13f60cc834863b77ceedbe0fe45696b715b64b35cde307d12ba3
theo_n,6,246,false,9,13,onchain,500,242,1979758,4554511,459000,532250,624.115200,582639,655.984500,615631,665.724400,69626,23.411500,0x098b50423eb1b80e5a7fb520438bb4f17cbf6c9b9e6ebef7938342aa2df694fe,0x27797a9f69d6b0d7d985d0a46cd91f3d36c9fa86cdbeaa89ce2415172e64f190
theo_n,6,247,false,9,13,onchain,500,243,1979758,4554511,459000,532370,567.817500,582759,760.722100,615751,654.464900,69626,57.035900,0x098b50423eb1b80e5a7fb520438bb4f17cbf6c9b9e6ebef7938342aa2df694fe,0x12e45f07466eecaf4f209e0a6519f666d88d455427c1d676657f276d56339d2f
theo_n,6,248,false,9,13,onchain,500,244,1979758,4554511,459000,532286,604.906200,582675,573.533200,615667,611.435600,69626,21.523100,0x098b50423eb1b80e5a7fb520438bb4f17cbf6c9b9e6ebef7938342aa2df694fe,0x181adf32cfe9935cd5593d715f3eddd6c12cf801141af0412b5002665fb58cf2
theo_n,6,249,false,9,13,onchain,500,245,1979758,4554511,459000,532286,626.771100,582675,654.076600,615667,603.237500,69626,30.720900,0x098b50423eb1b80e5a7fb520438bb4f17cbf6c9b9e6ebef7938342aa2df694fe,0x0293847ef66f11fb996f93396f52d4a36106d51fcac611aab6fc2563d36d3847
theo_n,6,250,false,9,13,onchain,500,246,1979758,4554511,459000,532322,599.713700,582711,656.072800,615703,630.428600,69626,20.590700,0x098b50423eb1b80e5a7fb520438bb4f17cbf6c9b9e6ebef7938342aa2df694fe,0x1d92e48e7b37a5203801541414b263b923580ad1025d8385894bced6f5edf1b9
theo_n,6,251,false,9,13,onchain,500,247,1979758,4554511,459000,532298,577.654800,582687,602.889100,615679,571.322300,69626,21.393700,0x098b50423eb1b80e5a7fb520438bb4f17cbf6c9b9e6ebef7938342aa2df694fe,0x30131b16109882349645b305078a9fecd21cd7a7804f32b913f07d7e73239a54
theo_n,6,252,false,9,13,onchain,500,248,1979758,4554511,459000,532238,531.790400,582627,561.291800,615619,609.226900,69626,35.459800,0x098b50423eb1b80e5a7fb520438bb4f17cbf6c9b9e6ebef7938342aa2df694fe,0x0fc687a2a0ff407060788cff48a8795fb72c5d5c1c5e7ace3017c12ace37d25b
theo_n,6,253,false,9,13,onchain,500,249,1979758,4554511,459000,532310,565.348700,582699,619.885800,615691,631.828000,69626,34.150400,0x098b50423eb1b80e5a7fb520438bb4f17cbf6c9b9e6ebef7938342aa2df694fe,0x22883b823b1489571b9345548d36e8a954dcd025de0b04f7911cb92ddae9f0c0
theo_n,6,254,false,9,13,onchain,500,250,1979758,4554511,459000,532418,553.911000,582807,633.203400,615799,625.568000,69626,22.726600,0x098b50423eb1b80e5a7fb520438bb4f17cbf6c9b9e6ebef7938342aa2df694fe,0x06aefe36889e944554c0bfba064c14099209324c84484f7cead0b0fc2721cedb
theo_n,6,255,false,9,13,onchain,500,251,1979758,4554511,459000,532286,563.546300,582675,582.655700,615667,657.154700,69626,22.258000,0x098b50423eb1b80e5a7fb520438bb4f17cbf6c9b9e6ebef7938342aa2df694fe,0x145d657f21439dc6c9e2bde7ace48104cea658ee03160bb6a74dfa6f77de8aab
theo_n,6,256,false,9,13,onchain,500,252,1979758,4554511,459000,532310,548.163500,582699,601.651700,615691,570.423900,69626,30.636700,0x098b50423eb1b80e5a7fb520438bb4f17cbf6c9b9e6ebef7938342aa2df694fe,0x213a5c53e8d401a727fc495f82c4f9716da4d586351dd9d2c2937aee940256b7
theo_n,6,257,false,9,13,onchain,500,253,1979758,4554511,459000,532310,582.560900,582699,598.901600,615691,604.760300,69626,31.897000,0x098b50423eb1b80e5a7fb520438bb4f17cbf6c9b9e6ebef7938342aa2df694fe,0x129596920613df72f1b51a01ba2d240dde9189ba8bce571a63a1f6c061efb954
theo_n,6,258,false,9,13,onchain,500,254,1979758,4554511,459000,532250,567.161900,582639,582.131400,615631,655.958000,69626,22.426400,0x098b50423eb1b80e5a7fb520438bb4f17cbf6c9b9e6ebef7938342aa2df694fe,0x09b8f8929d1692fe3d358cc25686295748c1b1fadfb7c30cbfec622f9d80fd05
theo_n,6,259,false,9,13,onchain,500,255,1979758,4554511,459000,532214,553.647900,582603,634.835100,615595,576.857900,69626,23.093400,0x098b50423eb1b80e5a7fb520438bb4f17cbf6c9b9e6ebef7938342aa2df694fe,0x0bab4493bbfde736a38be14ea8fdfde66333ae2107cfb41a9ddac4a3e9abb33b
theo_n,6,260,false,9,13,onchain,500,256,1979758,4554511,459000,532202,532.391500,582579,580.801000,615571,604.264400,69626,25.599800,0x098b50423eb1b80e5a7fb520438bb4f17cbf6c9b9e6ebef7938342aa2df694fe,0x0273dfe329a161d0be4c0399d8130f91715f853183f8d2686ea659408b63e85a
theo_n,6,261,false,9,13,onchain,500,257,1979758,4554511,459000,532334,587.561200,582723,886.522700,615715,706.809000,69626,43.448400,0x098b50423eb1b80e5a7fb520438bb4f17cbf6c9b9e6ebef7938342aa2df694fe,0x05e37e2666d2b2839c4d81cc0598d09f164406dcbfeedc117caaf487a940f444
theo_n,6,262,false,9,13,onchain,500,258,1979758,4554511,459000,532298,597.965700,582687,708.682500,615679,596.159100,69626,22.665500,0x098b50423eb1b80e5a7fb520438bb4f17cbf6c9b9e6ebef7938342aa2df694fe,0x256f742a38acf6c1a9515ef36c9e4f1eb465c1084cb78949dc4b638af40d646e
theo_n,6,263,false,9,13,onchain,500,259,1979758,4554511,459000,532226,592.677500,582603,883.385500,615595,663.910000,69626,120.457800,0x098b50423eb1b80e5a7fb520438bb4f17cbf6c9b9e6ebef7938342aa2df694fe,0x22da3d99a866b36f51c982949d7239cdda27998316552d92d9f9da5f34170e9a
theo_n,6,264,false,9,13,onchain,500,260,1979758,4554511,459000,532322,745.214100,582711,622.385200,615703,610.277200,69626,30.302400,0x098b50423eb1b80e5a7fb520438bb4f17cbf6c9b9e6ebef7938342aa2df694fe,0x2eeb16245d057e1c821d3d115ab4b5dfaaaa7645ac5e97c43a56a1f4a7150914
theo_n,6,265,false,9,13,onchain,500,261,1979758,4554511,459000,532358,556.837500,582747,649.219500,615739,534.709800,69626,47.785500,0x098b50423eb1b80e5a7fb520438bb4f17cbf6c9b9e6ebef7938342aa2df694fe,0x050f3eb658ce524599a8aa3b8d7270a9f39f9024f520e07d9c2957bbac0dd83f
theo_n,6,266,false,9,13,onchain,500,262,1979758,4554511,459000,532274,556.435000,582663,608.278000,615655,622.934200,69626,30.528900,0x098b50423eb1b80e5a7fb520438bb4f17cbf6c9b9e6ebef7938342aa2df694fe,0x2ba47ecc5714b6eb7047b965817a6105041146195243108b88a4aaef2ad003c8
theo_n,6,267,false,9,13,onchain,500,263,1979758,4554511,459000,532214,519.664800,582603,578.706600,615595,622.312900,69626,22.917800,0x098b50423eb1b80e5a7fb520438bb4f17cbf6c9b9e6ebef7938342aa2df694fe,0x2e324cb62c1f9e76d2ebad95ab692d390a6dff346fcc2f8c952dd39314156fb9
theo_n,6,268,false,9,13,onchain,500,264,1979758,4554511,459000,532226,728.605700,582615,643.229900,615607,636.091000,69626,23.626100,0x098b50423eb1b80e5a7fb520438bb4f17cbf6c9b9e6ebef7938342aa2df694fe,0x25f19f2ed933082d6fbbb5bfac709e94b22d54cd2a606841adea1e0f33252529
theo_n,6,269,false,9,13,onchain,500,265,1979758,4554511,459000,532274,612.645100,582663,645.865700,615655,666.693800,69626,36.792900,0x098b50423eb1b80e5a7fb520438bb4f17cbf6c9b9e6ebef7938342aa2df694fe,0x1b73fd036c6904bf7a1b55a35ef8a0322d4aa1afacbdc5b1f5dadda95f2e80d9
theo_n,6,270,false,9,13,onchain,500,266,1979758,4554511,459000,532286,678.034100,582675,582.063000,615667,578.214500,69626,28.584700,0x098b50423eb1b80e5a7fb520438bb4f17cbf6c9b9e6ebef7938342aa2df694fe,0x0d1a891904ce26bcee3cb9f193ef9b557a571025c13617efc5ff3fb14a736eb4
theo_n,6,271,false,9,13,onchain,500,267,1979758,4554511,459000,532346,609.865100,582723,537.877800,615715,722.892300,69614,26.036700,0x098b50423eb1b80e5a7fb520438bb4f17cbf6c9b9e6ebef7938342aa2df694fe,0x07a55a2cc78db673d6ae5e20b0ea0a4dc4565731018c7ff217b15c0007aed7f2
theo_n,6,272,false,9,13,onchain,500,268,1979758,4554511,459000,532358,614.319000,582747,623.528800,615739,583.328000,69626,30.075300,0x098b50423eb1b80e5a7fb520438bb4f17cbf6c9b9e6ebef7938342aa2df694fe,0x1b3425cd994444788f818746c2e7c494544d30a6badeb85248e6ba6f4e1a800c
theo_n,6,273,false,9,13,onchain,500,269,1979758,4554511,459000,532322,579.766200,582711,576.074800,615703,582.364700,69626,24.617100,0x098b50423eb1b80e5a7fb520438bb4f17cbf6c9b9e6ebef7938342aa2df694fe,0x2c26f5f83ded0ff33db808a3707ddc761b49e85e1553363811613e0c2c9d3d55
theo_n,6,274,false,9,13,onchain,500,270,1979758,4554511,459000,532226,564.128000,582615,644.130400,615607,696.999800,69626,22.423100,0x098b50423eb1b80e5a7fb520438bb4f17cbf6c9b9e6ebef7938342aa2df694fe,0x27ab6471727dff3719ef7ffc1265547db50f19af6e3dfad86ccb95714f9a5d7e
theo_n,6,275,false,9,13,onchain,500,271,1979758,4554511,459000,532298,564.867300,582687,598.698800,615679,565.869500,69626,28.239300,0x098b50423eb1b80e5a7fb520438bb4f17cbf6c9b9e6ebef7938342aa2df694fe,0x2eb89a47bfcb01aafba101688f54b1a659eaf923abcdf6feedf40c3336f23910
theo_n,6,276,false,9,13,onchain,500,272,1979758,4554511,459000,532322,549.261100,582699,629.611400,615691,654.046800,69626,28.064600,0x098b50423eb1b80e5a7fb520438bb4f17cbf6c9b9e6ebef7938342aa2df694fe,0x01f877af3a44c875c5ed8ce6ff874d7f2e729e436c223d071c9bab848171ec74
theo_n,6,277,false,9,13,onchain,500,273,1979758,4554511,459000,532202,539.450600,582591,561.032800,615583,576.091500,69626,27.611000,0x098b50423eb1b80e5a7fb520438bb4f17cbf6c9b9e6ebef7938342aa2df694fe,0x1540aab8dbb6cec70f4bcd0ce7a9a9ec2d01ae732153d9b3ce0132b30e5b4b79
theo_n,6,278,false,9,13,onchain,500,274,1979758,4554511,459000,532286,513.359100,582675,689.297200,615667,630.548900,69626,22.360000,0x098b50423eb1b80e5a7fb520438bb4f17cbf6c9b9e6ebef7938342aa2df694fe,0x2472614978251e972b800f9d3fa0c405855b30b1bf99b4d2bded5447950babd5
theo_n,6,279,false,9,13,onchain,500,275,1979758,4554511,459000,532214,565.973200,582591,587.819000,615583,640.709000,69614,21.631300,0x098b50423eb1b80e5a7fb520438bb4f17cbf6c9b9e6ebef7938342aa2df694fe,0x2ecc7b3800f519a1cdbfd4ae30504aa32c2ac390744aeef4ea5d705ec794980c
theo_n,6,280,false,9,13,onchain,500,276,1979758,4554511,459000,532358,578.727200,582747,536.909100,615739,710.814700,69626,32.433400,0x098b50423eb1b80e5a7fb520438bb4f17cbf6c9b9e6ebef7938342aa2df694fe,0x16e181e2115c35c95e67629e1e264b486e3cd2a23231458b49757292f76d6e4b
theo_n,6,281,false,9,13,onchain,500,277,1979758,4554511,459000,532190,638.609200,582579,646.627500,615571,656.125500,69626,24.015900,0x098b50423eb1b80e5a7fb520438bb4f17cbf6c9b9e6ebef7938342aa2df694fe,0x0fa08a215862bfe0e4c17fd8a7fc50c2305c2fd26baa4a1fa80b8af9f36c5d20
theo_n,6,282,false,9,13,onchain,500,278,1979758,4554511,459000,532298,552.919900,582687,594.965300,615679,661.656800,69626,30.417500,0x098b50423eb1b80e5a7fb520438bb4f17cbf6c9b9e6ebef7938342aa2df694fe,0x1b3bf5c183a4d79b4be51a4c7850892bb9bce49b7de06522e8e2a9fb90360c13
theo_n,6,283,false,9,13,onchain,500,279,1979758,4554511,459000,532310,621.690500,582699,750.844500,615691,733.592500,69626,41.130600,0x098b50423eb1b80e5a7fb520438bb4f17cbf6c9b9e6ebef7938342aa2df694fe,0x0aaaf59b863c164df792e94c16b3b8ada0c468ca3bd179729d18462393cddda0
theo_n,6,284,false,9,13,onchain,500,280,1979758,4554511,459000,532358,577.891500,582747,608.873000,615739,602.150700,69626,20.000300,0x098b50423eb1b80e5a7fb520438bb4f17cbf6c9b9e6ebef7938342aa2df694fe,0x2b2e7002b4fde9470b70626703405c69ea6084bb225ab36c13cce721e6956ef3
theo_n,6,285,false,9,13,onchain,500,281,1979758,4554511,459000,532250,553.260900,582615,589.870800,615607,629.581600,69626,20.110300,0x098b50423eb1b80e5a7fb520438bb4f17cbf6c9b9e6ebef7938342aa2df694fe,0x1431efacf1ed954c67b3e8d4d12850b1e7a1f3d8aa3e1c579094e8e871582c83
theo_n,6,286,false,9,13,onchain,500,282,1979758,4554511,459000,532238,611.925000,582627,635.389200,615619,635.084400,69626,33.322900,0x098b50423eb1b80e5a7fb520438bb4f17cbf6c9b9e6ebef7938342aa2df694fe,0x0ce9a17572619681e0ae731dd40898647339b9416c0aaba7d464bf42a07f4b78
theo_n,6,287,false,9,13,onchain,500,283,1979758,4554511,459000,532346,605.746800,582735,676.403700,615727,581.809000,69626,22.821800,0x098b50423eb1b80e5a7fb520438bb4f17cbf6c9b9e6ebef7938342aa2df694fe,0x26154f6664745752deecbb5ba83bd486b93ac9c77cc804c65d16fba210fe7909
theo_n,6,288,false,9,13,onchain,500,284,1979758,4554511,459000,532298,602.883400,582687,606.186800,615679,639.367000,69626,19.255500,0x098b50423eb1b80e5a7fb520438bb4f17cbf6c9b9e6ebef7938342aa2df694fe,0x2c72121ede22164e725242e3e6d4bcfb26dc7d7f3b8da76187489274d70b8a6f
theo_n,6,289,false,9,13,onchain,500,285,1979758,4554511,459000,532358,570.200900,582747,614.351400,615739,626.993400,69626,32.108300,0x098b50423eb1b80e5a7fb520438bb4f17cbf6c9b9e6ebef7938342aa2df694fe,0x03b2a12c78d2b5f466ab8b3f25a12b8df133b21dc585f9274af9daf158fa8d42
theo_n,6,290,false,9,13,onchain,500,286,1979758,4554511,459000,532274,564.615500,582663,637.008300,615655,660.441800,69626,29.080600,0x098b50423eb1b80e5a7fb520438bb4f17cbf6c9b9e6ebef7938342aa2df694fe,0x02b78917243752d5eb913f64f02c2b30b97ca4f9d3cfc8f00da4d48c8feb2a88
theo_n,6,291,false,9,13,onchain,500,287,1979758,4554511,459000,532358,555.538400,582735,704.857200,615727,560.044000,69614,25.690700,0x098b50423eb1b80e5a7fb520438bb4f17cbf6c9b9e6ebef7938342aa2df694fe,0x1da77fd8de37566085180015fec8404cacf7a2d5cd180288bb2944142ff5bf89
theo_n,6,292,false,9,13,onchain,500,288,1979758,4554511,459000,532214,549.165000,582603,707.881400,615595,698.276800,69626,21.908700,0x098b50423eb1b80e5a7fb520438bb4f17cbf6c9b9e6ebef7938342aa2df694fe,0x1e658b47f89ceabf271c6f8f44451fbc0dcc3395e05370047bd0df20381091ef
theo_n,6,293,false,9,13,onchain,500,289,1979758,4554511,459000,532310,586.102900,582699,677.963000,615691,627.629400,69626,19.303400,0x098b50423eb1b80e5a7fb520438bb4f17cbf6c9b9e6ebef7938342aa2df694fe,0x0a195ed7a2d9704acd2e32b8077bb3309442f51b505fcf3f8155664707ce3104
theo_n,6,294,false,9,13,onchain,500,290,1979758,4554511,459000,532298,580.206500,582675,572.409600,615667,752.144100,69626,28.105700,0x098b50423eb1b80e5a7fb520438bb4f17cbf6c9b9e6ebef7938342aa2df694fe,0x1ec09be06e6c9211551e6b993af8a5c1702f96b177c3af931b079059ba0dec2e
theo_n,6,295,false,9,13,onchain,500,291,1979758,4554511,459000,532310,651.386400,582699,709.992600,615691,632.948400,69626,23.759600,0x098b50423eb1b80e5a7fb520438bb4f17cbf6c9b9e6ebef7938342aa2df694fe,0x2c6bf8a146bc421ed3017f8ae39e8f649c56c07446e96d2cc210fe45ab350309
theo_n,6,296,false,9,13,onchain,500,292,1979758,4554511,459000,532214,581.271500,582603,680.108900,615595,608.814300,69626,21.581800,0x098b50423eb1b80e5a7fb520438bb4f17cbf6c9b9e6ebef7938342aa2df694fe,0x10bc1ad8741f0d3049216725d2e3aa18850e1f0776d5b583c8d7ccf54e4e8398
theo_n,6,297,false,9,13,onchain,500,293,1979758,4554511,459000,532310,583.453700,582699,605.229500,615691,586.807000,69626,19.746700,0x098b50423eb1b80e5a7fb520438bb4f17cbf6c9b9e6ebef7938342aa2df694fe,0x25d6f87b434119b3ee033b87875c280d4a0aef30b6ddb137a39f327883387c2f
theo_n,6,298,false,9,13,onchain,500,294,1979758,4554511,459000,532358,575.428500,582747,614.025500,615739,715.430900,69626,23.432100,0x098b50423eb1b80e5a7fb520438bb4f17cbf6c9b9e6ebef7938342aa2df694fe,0x2d90252085b20aa667c2b9c9519f0815e21dfde49161c106bdbfb08b20043a84
theo_n,6,299,false,9,13,onchain,500,295,1979758,4554511,459000,532226,531.324400,582603,614.976900,615595,685.629800,69614,37.002900,0x098b50423eb1b80e5a7fb520438bb4f17cbf6c9b9e6ebef7938342aa2df694fe,0x2fba855d2dbb6f112b18c55634cfe76cf45e009e902d3bbba84ef049b87791d0
theo_n,6,300,false,9,13,onchain,500,296,1979758,4554511,459000,532226,529.003300,582615,604.584900,615607,675.032700,69626,25.538000,0x098b50423eb1b80e5a7fb520438bb4f17cbf6c9b9e6ebef7938342aa2df694fe,0x26ed0f074a95c716a837803a907ad3e7099d6f56e27020bab5828bf905560fcf
theo_n,6,301,false,9,13,onchain,500,297,1979758,4554511,459000,532310,582.647000,582699,561.966600,615691,600.030900,69626,23.948800,0x098b50423eb1b80e5a7fb520438bb4f17cbf6c9b9e6ebef7938342aa2df694fe,0x13d065a59a0f5c872fe29642c29186de6b12e548479494b95bef41be4dbc3e97
theo_n,6,302,false,9,13,onchain,500,298,1979758,4554511,459000,532358,539.574400,582735,592.726200,615727,639.754300,69614,24.077500,0x098b50423eb1b80e5a7fb520438bb4f17cbf6c9b9e6ebef7938342aa2df694fe,0x01e080677d2f1b417bd106d2d1537db95612ae997a0165701a8789b90058bd3f
theo_n,6,303,false,9,13,onchain,500,299,1979758,4554511,459000,532274,571.059000,582651,591.895000,615643,630.554500,69614,19.837900,0x098b50423eb1b80e5a7fb520438bb4f17cbf6c9b9e6ebef7938342aa2df694fe,0x0bad777ee7e53cb50bb1a34026c5b600d6b9069343a3a1ee1f82b5341284f325
theo_n,6,304,false,9,13,onchain,500,300,1979758,4554511,459000,532274,543.853400,582663,656.048600,615655,570.702900,69626,24.046700,0x098b50423eb1b80e5a7fb520438bb4f17cbf6c9b9e6ebef7938342aa2df694fe,0x29e9df1a9f6a929fb347fdd94a9a14daa7736582c5e73cdbf766d76f862b8c58
theo_n,6,305,false,9,13,onchain,500,301,1979758,4554511,459000,532310,599.083600,582699,580.486200,615691,682.808900,69626,21.040300,0x098b50423eb1b80e5a7fb520438bb4f17cbf6c9b9e6ebef7938342aa2df694fe,0x2360af7a8639854b5bf50619a49908323f70e65a2265592a8eb29257c42e46b4
theo_n,6,306,false,9,13,onchain,500,302,1979758,4554511,459000,532334,589.723400,582711,584.952500,615703,585.820800,69614,31.481000,0x098b50423eb1b80e5a7fb520438bb4f17cbf6c9b9e6ebef7938342aa2df694fe,0x28a961bf6b8ab2daac54fd3a011d9dd92fa752243b7e72901cd300e296d3d948
theo_n,6,307,false,9,13,onchain,500,303,1979758,4554511,459000,532190,738.033700,582579,597.881800,615571,615.443600,69626,41.131800,0x098b50423eb1b80e5a7fb520438bb4f17cbf6c9b9e6ebef7938342aa2df694fe,0x1dcc13891f21da1e3cc763a16afec731bb0c8988e3610b636da0b2a008d7031a
theo_n,6,308,false,9,13,onchain,500,304,1979758,4554511,459000,532298,661.311500,582687,530.470000,615679,720.041200,69626,21.368700,0x098b50423eb1b80e5a7fb520438bb4f17cbf6c9b9e6ebef7938342aa2df694fe,0x19e0202ff98298b101d39e3d4fe7f23b35f00d7c58c872115d14bcf595570357
theo_n,6,309,false,9,13,onchain,500,305,1979758,4554511,459000,532238,610.058300,582627,614.252900,615619,531.735400,69626,18.189800,0x098b50423eb1b80e5a7fb520438bb4f17cbf6c9b9e6ebef7938342aa2df694fe,0x055772e98620995bf10f5d97b951622b053e9a142ce221a2c724adcded37f455
theo_n,6,310,false,9,13,onchain,500,306,1979758,4554511,459000,532358,556.007300,582735,590.594400,615727,619.779800,69626,25.414200,0x098b50423eb1b80e5a7fb520438bb4f17cbf6c9b9e6ebef7938342aa2df694fe,0x065213b2081f56a0a24a0abf40d5812fc288f37c9abeab33898f23fd19adad1b
theo_n,6,311,false,9,13,onchain,500,307,1979758,4554511,459000,532322,548.993400,582711,709.523900,615703,652.682500,69626,25.992300,0x098b50423eb1b80e5a7fb520438bb4f17cbf6c9b9e6ebef7938342aa2df694fe,0x13deb5509b4f3f347fd99d0db5be92a5df849a1394b1a8d443ca72b5f34cf9d5
theo_n,6,312,false,9,13,onchain,500,308,1979758,4554511,459000,532226,587.591600,582615,678.460900,615607,572.234900,69626,21.210600,0x098b50423eb1b80e5a7fb520438bb4f17cbf6c9b9e6ebef7938342aa2df694fe,0x2a91370e7d4a3f84a7bbf55d3f19f42131c01e265cc5c184a50a0bf18067994f
theo_n,6,313,false,9,13,onchain,500,309,1979758,4554511,459000,532358,555.742600,582747,588.566900,615739,685.056400,69626,31.343500,0x098b50423eb1b80e5a7fb520438bb4f17cbf6c9b9e6ebef7938342aa2df694fe,0x2e9441f3b1b27ec1e9e837bf5d2e32ff106c7e6e6aea479c676958cad5fa5edf
theo_n,6,314,false,9,13,onchain,500,310,1979758,4554511,459000,532394,601.564600,582783,625.952300,615775,595.238700,69626,28.085100,0x098b50423eb1b80e5a7fb520438bb4f17cbf6c9b9e6ebef7938342aa2df694fe,0x07c71a48e349a6047c713105b236aab6c3d61b04aedf07535969e8697ad84cf1
theo_n,6,315,false,9,13,onchain,500,311,1979758,4554511,459000,532298,572.752300,582687,693.954100,615679,570.307700,69626,40.132900,0x098b50423eb1b80e5a7fb520438bb4f17cbf6c9b9e6ebef7938342aa2df694fe,0x1055ac7069959a32a5ba629e0e5a7a5817b8f3b4a69aa6abe13eff713e4aef19
theo_n,6,316,false,9,13,onchain,500,312,1979758,4554511,459000,532214,578.363800,582603,664.284200,615595,722.109400,69626,21.049200,0x098b50423eb1b80e5a7fb520438bb4f17cbf6c9b9e6ebef7938342aa2df694fe,0x095092b3da9bb6bf6c6c69e5b6819772f8288ff048b32f0c7dc3fc1c264602c0
theo_n,6,317,false,9,13,onchain,500,313,1979758,4554511,459000,532202,510.358800,582591,605.869500,615583,689.976900,69626,22.320800,0x098b50423eb1b80e5a7fb520438bb4f17cbf6c9b9e6ebef7938342aa2df694fe,0x229ff620fc9f07679db5848d8066502bdaa08314bae46156ebe6acc5610103cf
theo_n,6,318,false,9,13,onchain,500,314,1979758,4554511,459000,532274,546.999300,582663,612.441500,615655,589.398100,69626,25.485400,0x098b50423eb1b80e5a7fb520438bb4f17cbf6c9b9e6ebef7938342aa2df694fe,0x2a8c93405a03ec7df6408002ed9e3324d84c46bc227d44d3537e739d6d377147
theo_n,6,319,false,9,13,onchain,500,315,1979758,4554511,459000,532274,553.868200,582663,600.406600,615655,627.280200,69626,24.037100,0x098b50423eb1b80e5a7fb520438bb4f17cbf6c9b9e6ebef7938342aa2df694fe,0x010c0957ae5bba1a2d5d707b26a2488ef46da238b08f879be8aa979387cfd0aa
theo_n,6,320,false,9,13,onchain,500,316,1979758,4554511,459000,532298,573.767400,582687,596.064800,615679,655.287500,69626,22.833200,0x098b50423eb1b80e5a7fb520438bb4f17cbf6c9b9e6ebef7938342aa2df694fe,0x14b6fdfa8e46e3fceea1084881eee66fd9603f40bf35f4ee3af1cde8d2762175
theo_n,6,321,false,9,13,onchain,500,317,1979758,4554511,459000,532274,566.472700,582663,655.354800,615655,650.655500,69626,20.541400,0x098b50423eb1b80e5a7fb520438bb4f17cbf6c9b9e6ebef7938342aa2df694fe,0x1f2d9647f78439d922c61a320d9b727a5be6302450b9a0df32d81b8b1b3a281a
theo_n,6,322,false,9,13,onchain,500,318,1979758,4554511,459000,532322,547.297100,582711,658.627000,615703,581.412800,69626,26.509000,0x098b50423eb1b80e5a7fb520438bb4f17cbf6c9b9e6ebef7938342aa2df694fe,0x1f626d575bd1984f2eb74dcb8d863a130ac3d1af50f3efa8c845ca9b531c7e14
theo_n,6,323,false,9,13,onchain,500,319,1979758,4554511,459000,532274,561.256900,582663,702.896100,615655,554.034900,69626,40.520200,0x098b50423eb1b80e5a7fb520438bb4f17cbf6c9b9e6ebef7938342aa2df694fe,0x0dec1f0ca4dc721f9f7a8dd729be3ed84a8c9b78dc5a36a4ab24ec56990c5796
theo_n,6,324,false,9,13,onchain,500,320,1979758,4554511,459000,532298,613.477700,582675,593.889000,615667,579.465000,69614,26.258900,0x098b50423eb1b80e5a7fb520438bb4f17cbf6c9b9e6ebef7938342aa2df694fe,0x002d16b36d6de7474a2ec6ef4c2b5dfe8555d2c0fefc4b45f56f671899f39f19
theo_n,6,325,false,9,13,onchain,500,321,1979758,4554511,459000,532178,575.478300,582567,595.923000,615559,668.333000,69626,25.122700,0x098b50423eb1b80e5a7fb520438bb4f17cbf6c9b9e6ebef7938342aa2df694fe,0x2b2817bc9643603901e9ed0e7a86d1925b681e557ea4ae5f45137ad1836e0fc9
theo_n,6,326,false,9,13,onchain,500,322,1979758,4554511,459000,532202,558.838500,582579,601.098000,615571,592.977500,69626,28.888800,0x098b50423eb1b80e5a7fb520438bb4f17cbf6c9b9e6ebef7938342aa2df694fe,0x287b1719aa0e7765f94a2d4f54ee64d2bdb32bf72a0402d29106e298a0cfdf77
theo_n,6,327,false,9,13,onchain,500,323,1979758,4554511,459000,532346,552.659300,582723,581.513800,615715,599.011200,69626,19.987500,0x098b50423eb1b80e5a7fb520438bb4f17cbf6c9b9e6ebef7938342aa2df694fe,0x275fda5f4888a155da450b110d64dc9a01467d93492c05b3dcff6ab1af0e9fbf
theo_n,6,328,false,9,13,onchain,500,324,1979758,4554511,459000,532298,548.356200,582687,624.338700,615679,661.264800,69626,23.111300,0x098b50423eb1b80e5a7fb520438bb4f17cbf6c9b9e6ebef7938342aa2df694fe,0x095c6031ca7edfb03f9399642d2742f1b595290521f05f2c20339fe4df8b3931
theo_n,6,329,false,9,13,onchain,500,325,1979758,4554511,459000,532190,565.485700,582579,601.692100,615571,640.963300,69626,29.275400,0x098b50423eb1b80e5a7fb520438bb4f17cbf6c9b9e6ebef7938342aa2df694fe,0x17d3d37d5e35f46a2a3fb234d1d1652ca475755f1a07082fd11c0e3a876761a6
theo_n,6,330,false,9,13,onchain,500,326,1979758,4554511,459000,532214,596.084300,582603,570.629700,615595,665.654900,69626,33.838200,0x098b50423eb1b80e5a7fb520438bb4f17cbf6c9b9e6ebef7938342aa2df694fe,0x1ac75c6ed9f90de62f9775ff423b1ff839ac9958915851696307b7a7d6450db6
theo_n,6,331,false,9,13,onchain,500,327,1979758,4554511,459000,532250,611.051700,582639,613.753000,615631,586.765200,69626,42.432500,0x098b50423eb1b80e5a7fb520438bb4f17cbf6c9b9e6ebef7938342aa2df694fe,0x0c2d971bce31e07f0a4d4de39b5c6bac3335d5febb655089ed885cea978a0bb9
theo_n,6,332,false,9,13,onchain,500,328,1979758,4554511,459000,532250,568.656300,582639,650.817400,615631,603.605400,69626,22.669700,0x098b50423eb1b80e5a7fb520438bb4f17cbf6c9b9e6ebef7938342aa2df694fe,0x075654f1c9e5abe5fce4baccbe6da07810dffabc979728eedf550abd56074ba4
theo_n,6,333,false,9,13,onchain,500,329,1979758,4554511,459000,532262,549.528500,582651,588.802700,615643,621.900900,69626,21.937700,0x098b50423eb1b80e5a7fb520438bb4f17cbf6c9b9e6ebef7938342aa2df694fe,0x0a63eac5908ab14b7879638596b87d9140c5474707a3ad072e2f1a34645752ba
theo_n,6,334,false,9,13,onchain,500,330,1979758,4554511,459000,532298,554.771600,582687,628.501900,615679,637.412400,69626,25.430100,0x098b50423eb1b80e5a7fb520438bb4f17cbf6c9b9e6ebef7938342aa2df694fe,0x08e9b9b4e26fc3aca37bccf5629f51a451dbb6ea41a9b4882a3d78932409045a
theo_n,6,335,false,9,13,onchain,500,331,1979758,4554511,459000,532310,614.809500,582699,688.457700,615691,633.031000,69626,23.583100,0x098b50423eb1b80e5a7fb520438bb4f17cbf6c9b9e6ebef7938342aa2df694fe,0x098ff9bfabd2578b64849f372dfccc3889e8f48dd1d57d81e3d9e88fbd994c78
theo_n,6,336,false,9,13,onchain,500,332,1979758,4554511,459000,532310,560.827500,582699,568.668000,615691,646.974200,69626,29.658000,0x098b50423eb1b80e5a7fb520438bb4f17cbf6c9b9e6ebef7938342aa2df694fe,0x1db4b736a2b0ecc19a65c0c07835152665c8e62915ffa56fa7ab6503f5c9bd19
theo_n,6,337,false,9,13,onchain,500,333,1979758,4554511,459000,532298,579.434600,582675,572.134500,615667,590.958500,69614,21.372400,0x098b50423eb1b80e5a7fb520438bb4f17cbf6c9b9e6ebef7938342aa2df694fe,0x2bc5afd849a1330fc452535400ac1d4d8390ff4fc994c438f681397683bc1753
theo_n,6,338,false,9,13,onchain,500,334,1979758,4554511,459000,532370,634.831100,582759,572.494800,615751,607.784700,69626,22.915500,0x098b50423eb1b80e5a7fb520438bb4f17cbf6c9b9e6ebef7938342aa2df694fe,0x12216d0a1f27606101af6298d2b5d879870b6c64de2f8873b7fd2b23867b9935
theo_n,6,339,false,9,13,onchain,500,335,1979758,4554511,459000,532286,593.172800,582675,697.604700,615667,573.112700,69626,32.580200,0x098b50423eb1b80e5a7fb520438bb4f17cbf6c9b9e6ebef7938342aa2df694fe,0x2839f37d67552efb8cead8faa71bb56779c63441b8b5b103c3f779de4528692f
theo_n,6,340,false,9,13,onchain,500,336,1979758,4554511,459000,532250,577.868600,582627,594.536700,615619,601.165700,69614,24.161500,0x098b50423eb1b80e5a7fb520438bb4f17cbf6c9b9e6ebef7938342aa2df694fe,0x204f2b2dc108ebd91b8e8e9b95eea64bb1a6cb4f5ab54c2c0026fd7e839ae592
theo_n,6,341,false,9,13,onchain,500,337,1979758,4554511,459000,532346,556.344200,582735,763.222400,615727,649.214700,69626,30.987300,0x098b50423eb1b80e5a7fb520438bb4f17cbf6c9b9e6ebef7938342aa2df694fe,0x204d869a69ccfa457f8806504f9890bc280efc739f3f0ecf9fc1eb0fb6528c59
theo_n,6,342,false,9,13,onchain,500,338,1979758,4554511,459000,532274,620.979500,582663,658.764100,615655,636.637100,69626,27.023700,0x098b50423eb1b80e5a7fb520438bb4f17cbf6c9b9e6ebef7938342aa2df694fe,0x04b5d935609dfcb26d7a583849391abb7d04dfd1781f9026cce73dabe6b5ffc5
theo_n,6,343,false,9,13,onchain,500,339,1979758,4554511,459000,532274,568.612100,582663,646.723100,615655,646.573600,69626,28.015400,0x098b50423eb1b80e5a7fb520438bb4f17cbf6c9b9e6ebef7938342aa2df694fe,0x152536451a8e9393f717d73e334bfa8514a176570f84aacc7c013645e671935a
theo_n,6,344,false,9,13,onchain,500,340,1979758,4554511,459000,532202,581.061300,582591,599.237600,615583,584.628600,69626,21.070400,0x098b50423eb1b80e5a7fb520438bb4f17cbf6c9b9e6ebef7938342aa2df694fe,0x0457c3089a76f9a9d8acf8fc0271db28cb47b4da13a71cd9ebb0d4f85b06dc91
theo_n,6,345,false,9,13,onchain,500,341,1979758,4554511,459000,532214,559.886700,582603,648.435600,615595,614.467500,69626,37.241100,0x098b50423eb1b80e5a7fb520438bb4f17cbf6c9b9e6ebef7938342aa2df694fe,0x2efb0c793ef2952e6286b0c951664e67f457f2399d5e05fa4f0bb48c137ef7af
theo_n,6,346,false,9,13,onchain,500,342,1979758,4554511,459000,532238,576.492800,582615,565.816500,615607,722.391400,69626,29.830100,0x098b50423eb1b80e5a7fb520438bb4f17cbf6c9b9e6ebef7938342aa2df694fe,0x07c6757702a5062212213dfa130caee8e8c66080fd605f2c89c4bd459c0eb506
theo_n,6,347,false,9,13,onchain,500,343,1979758,4554511,459000,532358,658.327400,582747,588.729900,615739,611.469300,69626,25.782600,0x098b50423eb1b80e5a7fb520438bb4f17cbf6c9b9e6ebef7938342aa2df694fe,0x1f31d06804fe9d643009a57a3670fbf5708c1c3c6251624db210bc9f18177456
theo_n,6,348,false,9,13,onchain,500,344,1979758,4554511,459000,532274,595.687600,582663,591.836100,615655,689.321200,69626,25.287000,0x098b50423eb1b80e5a7fb520438bb4f17cbf6c9b9e6ebef7938342aa2df694fe,0x2e37e091fc8c192e870e9a1bc151044c6f827a9d7b31a863df824e406f8c7cd1
theo_n,6,349,false,9,13,onchain,500,345,1979758,4554511,459000,532286,561.030700,582675,682.046600,615667,582.837100,69626,18.791200,0x098b50423eb1b80e5a7fb520438bb4f17cbf6c9b9e6ebef7938342aa2df694fe,0x226079d37d6b5905b792bcf76b2799b0253b82604264870bcec2afc3472d5c73
theo_n,6,350,false,9,13,onchain,500,346,1979758,4554511,459000,532394,569.105600,582783,606.332400,615775,608.346300,69626,26.255600,0x098b50423eb1b80e5a7fb520438bb4f17cbf6c9b9e6ebef7938342aa2df694fe,0x117db97a81840683d5f0024370805bbb38977ea928586ac4f07b751d7b8585aa
theo_n,6,351,false,9,13,onchain,500,347,1979758,4554511,459000,532214,573.226300,582603,616.007600,615595,567.438900,69626,20.916400,0x098b50423eb1b80e5a7fb520438bb4f17cbf6c9b9e6ebef7938342aa2df694fe,0x254f554195b2795e198655ca2a08c0d3b52361f517bfc45abf441ff5f97cb8c0
theo_n,6,352,false,9,13,onchain,500,348,1979758,4554511,459000,532274,596.897500,582663,650.160900,615655,571.178400,69626,23.846700,0x098b50423eb1b80e5a7fb520438bb4f17cbf6c9b9e6ebef7938342aa2df694fe,0x1593770d9d55f43a7cdb36fc0fc3822fa5eb57dd09ab2b86b6688d899c0597a3
theo_n,6,353,false,9,13,onchain,500,349,1979758,4554511,459000,532262,537.594900,582651,710.345800,615643,597.415800,69626,30.052800,0x098b50423eb1b80e5a7fb520438bb4f17cbf6c9b9e6ebef7938342aa2df694fe,0x20e21d8732cbae26a5eb1e3a08fa1d385815993a3e06bf751447c239e53ebec2
theo_n,6,354,false,9,13,onchain,500,350,1979758,4554511,459000,532262,561.198900,582651,576.252500,615643,651.122200,69626,26.489400,0x098b50423eb1b80e5a7fb520438bb4f17cbf6c9b9e6ebef7938342aa2df694fe,0x0e99cfc4fe2b4260a2b9ad2ea8a798e983acf32369ddff77b9bbbfb006aea219
theo_n,6,355,false,9,13,onchain,500,351,1979758,4554511,459000,532274,565.414500,582663,658.295400,615655,740.881700,69626,26.335400,0x098b50423eb1b80e5a7fb520438bb4f17cbf6c9b9e6ebef7938342aa2df694fe,0x02561cbf09126048622749b6c4fb1d96e7c743c3ddd00c24fe36a90236a1b716
theo_n,6,356,false,9,13,onchain,500,352,1979758,4554511,459000,532358,592.769000,582747,568.688700,615739,592.060100,69626,22.207000,0x098b50423eb1b80e5a7fb520438bb4f17cbf6c9b9e6ebef7938342aa2df694fe,0x1b60a8b5553baadbaddd458ba1d262ab05296dcadb500fffc6521c0670d859de
theo_n,6,357,false,9,13,onchain,500,353,1979758,4554511,459000,532202,563.832700,582591,731.699000,615583,685.490700,69626,32.389800,0x098b50423eb1b80e5a7fb520438bb4f17cbf6c9b9e6ebef7938342aa2df694fe,0x28c3e736537efd4af55e4024deafcb55b364d5be65156ae12c48fb5d62772ff0
theo_n,6,358,false,9,13,onchain,500,354,1979758,4554511,459000,532262,557.568900,582651,592.101000,615643,662.568300,69626,23.796400,0x098b50423eb1b80e5a7fb520438bb4f17cbf6c9b9e6ebef7938342aa2df694fe,0x04b39fd3e5f335a5b634bd563ba92eb4d8fa3f7e32fe4b6a4bc9ac1fd43c19ca
theo_n,6,359,false,9,13,onchain,500,355,1979758,4554511,459000,532274,547.338700,582651,679.728800,615643,580.063000,69614,31.497400,0x098b50423eb1b80e5a7fb520438bb4f17cbf6c9b9e6ebef7938342aa2df694fe,0x0004225074508fa3022f90e37e6c870a9b686a8123ef5bbe2056904cf37642db
theo_n,6,360,false,9,13,onchain,500,356,1979758,4554511,459000,532250,689.606100,582639,554.192300,615631,678.406000,69626,27.022900,0x098b50423eb1b80e5a7fb520438bb4f17cbf6c9b9e6ebef7938342aa2df694fe,0x021bebfbfc5cca243be6d61f58c6fcfc3b49fd9f33fababe9cb255a21de6777c
theo_n,6,361,false,9,13,onchain,500,357,1979758,4554511,459000,532310,593.237400,582699,651.963500,615691,563.546400,69626,24.589100,0x098b50423eb1b80e5a7fb520438bb4f17cbf6c9b9e6ebef7938342aa2df694fe,0x050f085ab3e5f5c3eb150a35091b609b024454e337120d29ab9b71776fc7338d
theo_n,6,362,false,9,13,onchain,500,358,1979758,4554511,459000,532310,586.066300,582699,618.680300,615691,582.278500,69626,29.015600,0x098b50423eb1b80e5a7fb520438bb4f17cbf6c9b9e6ebef7938342aa2df694fe,0x222c67432c9adedc49d9236e9654816e0cf5c7e793e5f52d51452e4d94e61b34
theo_n,6,363,false,9,13,onchain,500,359,1979758,4554511,459000,532238,551.674200,582627,574.496200,615619,647.576700,69626,28.636000,0x098b50423eb1b80e5a7fb520438bb4f17cbf6c9b9e6ebef7938342aa2df694fe,0x27b239bf70d964ad2873d0a1bfdc4491651f20e30617f39306e3109f9444ae1f
theo_n,6,364,false,9,13,onchain,500,360,1979758,4554511,459000,532250,549.175100,582639,607.609800,615631,643.182200,69626,27.777000,0x098b50423eb1b80e5a7fb520438bb4f17cbf6c9b9e6ebef7938342aa2df694fe,0x1e1b5831fdf4b76d30e9b076372b1a47468a39c721bfd22182db547151d10305
theo_n,6,365,false,9,13,onchain,500,361,1979758,4554511,459000,532334,510.833400,582723,806.839000,615715,562.452600,69626,37.802600,0x098b50423eb1b80e5a7fb520438bb4f17cbf6c9b9e6ebef7938342aa2df694fe,0x0605aa46ac40963353ba3f275bdaa747c1794498b7645bbd422dbae339555c55
theo_n,6,366,false,9,13,onchain,500,362,1979758,4554511,459000,532238,526.191200,582627,574.182100,615619,689.784800,69626,21.509100,0x098b50423eb1b80e5a7fb520438bb4f17cbf6c9b9e6ebef7938342aa2df694fe,0x1851f7753135b8747d9eb910c77c916cf827ea9f2155dc9d379ef2afa367a772
theo_n,6,367,false,9,13,onchain,500,363,1979758,4554511,459000,532166,612.153800,582555,625.501300,615547,685.347900,69626,25.205200,0x098b50423eb1b80e5a7fb520438bb4f17cbf6c9b9e6ebef7938342aa2df694fe,0x16fc1f235038e480513f38e613e2d02f17b4832841d68c8ef401b09167c9ff5f
theo_n,6,368,false,9,13,onchain,500,364,1979758,4554511,459000,532310,535.214800,582699,602.679300,615691,594.940400,69626,19.261100,0x098b50423eb1b80e5a7fb520438bb4f17cbf6c9b9e6ebef7938342aa2df694fe,0x193a1a014690b7724bf6978a4714fe2a0476d1eef7c299ca5f750f3cd17874eb
theo_n,6,369,false,9,13,onchain,500,365,1979758,4554511,459000,532322,537.179900,582711,670.568200,615703,614.218300,69626,23.065500,0x098b50423eb1b80e5a7fb520438bb4f17cbf6c9b9e6ebef7938342aa2df694fe,0x0f963c37f6669553709742d3391b6f600bb9eeee0f58acf2765960e71eb5b81c
theo_n,6,370,false,9,13,onchain,500,366,1979758,4554511,459000,532334,550.340400,582723,600.689500,615715,630.502600,69626,28.318800,0x098b50423eb1b80e5a7fb520438bb4f17cbf6c9b9e6ebef7938342aa2df694fe,0x303b6b066769651941ebaaebfcd8040f41a717542235e1f57492ed152123cff2
theo_n,6,371,false,9,13,onchain,500,367,1979758,4554511,459000,532346,569.771600,582735,588.311300,615727,577.606500,69626,26.507400,0x098b50423eb1b80e5a7fb520438bb4f17cbf6c9b9e6ebef7938342aa2df694fe,0x2ed695d8f21d493b9d35e98eaf8a93b2d7366dc343dd2584f504aa5e64116990
theo_n,6,372,false,9,13,onchain,500,368,1979758,4554511,459000,532238,571.147700,582627,565.601600,615619,683.157700,69626,28.145600,0x098b50423eb1b80e5a7fb520438bb4f17cbf6c9b9e6ebef7938342aa2df694fe,0x1ad4f7e67fe4ff1b47a8341daf54ba4cfc10c65cf1044c60def6d901a807ed46
theo_n,6,373,false,9,13,onchain,500,369,1979758,4554511,459000,532238,604.455000,582627,647.665600,615619,681.964300,69626,31.032700,0x098b50423eb1b80e5a7fb520438bb4f17cbf6c9b9e6ebef7938342aa2df694fe,0x0c5a630d9f98b120bc544c96c47eec11640c6ab4b933c80d522151a3ff6adf8a
theo_n,6,374,false,9,13,onchain,500,370,1979758,4554511,459000,532250,564.918200,582627,730.374900,615619,609.296800,69614,31.654600,0x098b50423eb1b80e5a7fb520438bb4f17cbf6c9b9e6ebef7938342aa2df694fe,0x03f5612ddf0d430300b9710c7d5770ca54ee984d0d55902c9e31fec569bca9e3
theo_n,6,375,false,9,13,onchain,500,371,1979758,4554511,459000,532322,601.691000,582711,644.388900,615703,582.609500,69626,22.746400,0x098b50423eb1b80e5a7fb520438bb4f17cbf6c9b9e6ebef7938342aa2df694fe,0x1e849df2f825791fd8ed533d294b831c090962116777818d7fe8e404e5c063fd
theo_n,6,376,false,9,13,onchain,500,372,1979758,4554511,459000,532310,551.408600,582699,652.945200,615691,539.055400,69626,27.934400,0x098b50423eb1b80e5a7fb520438bb4f17cbf6c9b9e6ebef7938342aa2df694fe,0x18cfa5c6cd646ef374aab2e94e771ad9364cf8d95486dbb632ede7bba8b9c2b8
theo_n,6,377,false,9,13,onchain,500,373,1979758,4554511,459000,532358,564.139400,582735,594.801200,615727,661.009200,69626,27.484200,0x098b50423eb1b80e5a7fb520438bb4f17cbf6c9b9e6ebef7938342aa2df694fe,0x25b65d1c3a0bc65503d9a28d15da14bdd9f67ae4de7a884deeedb518e97a9262
theo_n,6,378,false,9,13,onchain,500,374,1979758,4554511,459000,532202,548.157400,582591,581.084700,615583,593.406800,69626,27.030400,0x098b50423eb1b80e5a7fb520438bb4f17cbf6c9b9e6ebef7938342aa2df694fe,0x04814392968319dd081a9b03644408df0f13373cd048e655a8b8de0a52e23270
theo_n,6,379,false,9,13,onchain,500,375,1979758,4554511,459000,532226,538.891200,582615,582.808000,615607,593.624900,69626,23.947300,0x098b50423eb1b80e5a7fb520438bb4f17cbf6c9b9e6ebef7938342aa2df694fe,0x118f2bc8abc13248898a6bcd9a243f7ca0a998ade21b658f26f4157747c66bb1
theo_n,6,380,false,9,13,onchain,500,376,1979758,4554511,459000,532262,591.772700,582651,730.941600,615643,659.774400,69626,31.062000,0x098b50423eb1b80e5a7fb520438bb4f17cbf6c9b9e6ebef7938342aa2df694fe,0x162d42cc97848b8015e6f6973e026d6782e2a7cb2fb68038286cbc81d7508eda
theo_n,6,381,false,9,13,onchain,500,377,1979758,4554511,459000,532358,566.990100,582747,611.349600,615739,637.429300,69626,31.210500,0x098b50423eb1b80e5a7fb520438bb4f17cbf6c9b9e6ebef7938342aa2df694fe,0x157e57147367313af2ccdb0b69a90f60da885d73b45344e360fbc625f7696351
theo_n,6,382,false,9,13,onchain,500,378,1979758,4554511,459000,532286,549.072700,582663,570.393700,615655,624.303100,69614,24.207800,0x098b50423eb1b80e5a7fb520438bb4f17cbf6c9b9e6ebef7938342aa2df694fe,0x0ad9f8b60ac2b27db29f8d015c05982cd6a7f9fe5461daae00a8f8e7b10bb470
theo_n,6,383,false,9,13,onchain,500,379,1979758,4554511,459000,532346,557.837600,582735,612.673300,615727,581.138800,69626,36.251600,0x098b50423eb1b80e5a7fb520438bb4f17cbf6c9b9e6ebef7938342aa2df694fe,0x02d5dff1d08df114839ef1dc507caa525323fb9828ac5daac4983bbfb43f03ee
theo_n,6,384,false,9,13,onchain,500,380,1979758,4554511,459000,532286,550.108700,582675,596.426000,615667,616.373900,69626,24.205800,0x098b50423eb1b80e5a7fb520438bb4f17cbf6c9b9e6ebef7938342aa2df694fe,0x07e27bc2513cc928d26b30eb92d217d53a1f2efa7ec91e9f3281e5893d80ea14
theo_n,6,385,false,9,13,onchain,500,381,1979758,4554511,459000,532298,589.266300,582687,645.372200,615679,644.448400,69626,24.876200,0x098b50423eb1b80e5a7fb520438bb4f17cbf6c9b9e6ebef7938342aa2df694fe,0x17398fc5f1d2e60159ce1452da7355a2234e2843260b50b40ded9b9d1d7fc2c5
theo_n,6,386,false,9,13,onchain,500,382,1979758,4554511,459000,532358,642.174700,582747,619.018500,615739,630.821400,69626,30.349900,0x098b50423eb1b80e5a7fb520438bb4f17cbf6c9b9e6ebef7938342aa2df694fe,0x1bcd1df4387375c9e3d385db43f832b4b6fe272b45f7e52252b39bb8382252e4
theo_n,6,387,false,9,13,onchain,500,383,1979758,4554511,459000,532274,571.464400,582663,566.990300,615655,574.453400,69626,34.271400,0x098b50423eb1b80e5a7fb520438bb4f17cbf6c9b9e6ebef7938342aa2df694fe,0x28bd69fe5fd086a619856936b40121a7155f548d42a84f35bce33cd48f7c5b79
theo_n,6,388,false,9,13,onchain,500,384,1979758,4554511,459000,532202,565.213900,582579,798.767800,615571,665.016900,69614,33.345100,0x098b50423eb1b80e5a7fb520438bb4f17cbf6c9b9e6ebef7938342aa2df694fe,0x1e7e3f9f39ceb8265b464c07373a4b37a800558074e78b931da84545f6d94e6d
theo_n,6,389,false,9,13,onchain,500,385,1979758,4554511,459000,532262,547.198500,582639,710.271900,615631,628.903000,69614,28.870800,0x098b50423eb1b80e5a7fb520438bb4f17cbf6c9b9e6ebef7938342aa2df694fe,0x0de1feb02f5d7b62cce3ccea8a74c6a75a1062001c1a44cae3b015de71aba263
theo_n,6,390,false,9,13,onchain,500,386,1979758,4554511,459000,532346,566.493900,582735,595.433600,615727,634.185000,69626,32.888100,0x098b50423eb1b80e5a7fb520438bb4f17cbf6c9b9e6ebef7938342aa2df694fe,0x0ccf0155d5e5543303c4ae684ea5d6d3506eadcac2a6ce0b43d37b55f33f3ae7
theo_n,6,391,false,9,13,onchain,500,387,1979758,4554511,459000,532310,622.636900,582699,652.764200,615691,592.103400,69626,25.131100,0x098b50423eb1b80e5a7fb520438bb4f17cbf6c9b9e6ebef7938342aa2df694fe,0x092407afbdab9b40602d5946175c6668381b10d76ec0d1fc625720ab89492697
theo_n,6,392,false,9,13,onchain,500,388,1979758,4554511,459000,532298,599.847100,582687,560.937300,615679,596.033000,69626,20.551700,0x098b50423eb1b80e5a7fb520438bb4f17cbf6c9b9e6ebef7938342aa2df694fe,0x057debe0a69bdb13be5df68e059ebc5810b7a076ae38389e59938c99084ee97e
theo_n,6,393,false,9,13,onchain,500,389,1979758,4554511,459000,532370,560.285000,582759,700.916400,615751,568.468700,69626,24.897200,0x098b50423eb1b80e5a7fb520438bb4f17cbf6c9b9e6ebef7938342aa2df694fe,0x303a402911f18f755f5c1a87ec99a33b77d1c2577916758ef573ab2194af50d9
theo_n,6,394,false,9,13,onchain,500,390,1979758,4554511,459000,532202,660.948600,582579,573.145900,615571,647.974200,69614,31.249300,0x098b50423eb1b80e5a7fb520438bb4f17cbf6c9b9e6ebef7938342aa2df694fe,0x263992a8e602149f3b6505ad16e7f04e696f8125783000c71d2ecc897e2a52b7
theo_n,6,395,false,9,13,onchain,500,391,1979758,4554511,459000,532286,561.854700,582675,544.798700,615667,656.130100,69626,26.797400,0x098b50423eb1b80e5a7fb520438bb4f17cbf6c9b9e6ebef7938342aa2df694fe,0x2db9482626db14404a768c8465161d5833bab0bdd0cee894e56dce89b9eb09fd
theo_n,6,396,false,9,13,onchain,500,392,1979758,4554511,459000,532202,594.005400,582591,611.453200,615583,595.444800,69626,20.268300,0x098b50423eb1b80e5a7fb520438bb4f17cbf6c9b9e6ebef7938342aa2df694fe,0x172df5a3f063b8f4f9c1d0f322ca54fa2d5f74aaf6562a8806fdfe2ca2e0483e
theo_n,6,397,false,9,13,onchain,500,393,1979758,4554511,459000,532274,571.638300,582663,740.008400,615655,549.927600,69626,50.752100,0x098b50423eb1b80e5a7fb520438bb4f17cbf6c9b9e6ebef7938342aa2df694fe,0x12c6243e284afc10fb4414ac11753f093a708b67c527cf722831b3a7a593cb08
theo_n,6,398,false,9,13,onchain,500,394,1979758,4554511,459000,532310,635.914900,582699,599.090300,615691,592.118300,69626,28.579400,0x098b50423eb1b80e5a7fb520438bb4f17cbf6c9b9e6ebef7938342aa2df694fe,0x12096b14d65088c6387377b9d89127c1ce5a0b1f72408edea1b850e9e359aa9e
theo_n,6,399,false,9,13,onchain,500,395,1979758,4554511,459000,532238,545.097300,582627,665.821000,615619,572.397500,69626,31.985700,0x098b50423eb1b80e5a7fb520438bb4f17cbf6c9b9e6ebef7938342aa2df694fe,0x18b1832ec6179c73f03c78110ac55f45acae9d0d5117cf6c03da7814f79e5d8f
theo_n,6,400,false,9,13,onchain,500,396,1979758,4554511,459000,532286,583.420600,582675,611.512500,615667,597.423800,69626,25.352700,0x098b50423eb1b80e5a7fb520438bb4f17cbf6c9b9e6ebef7938342aa2df694fe,0x113de8491220bb5eb508d65cc8ee0e1ceb7a712b1a9b95fc93acd8856ecb28f5
theo_n,6,401,false,9,13,onchain,500,397,1979758,4554511,459000,532334,574.748000,582723,632.735700,615715,671.903800,69626,29.414700,0x098b50423eb1b80e5a7fb520438bb4f17cbf6c9b9e6ebef7938342aa2df694fe,0x27a010cf4e19c4a88e2edb7f04ac75b764b8e24719dc82dbbd0c0f7c8934be1e
theo_n,6,402,false,9,13,onchain,500,398,1979758,4554511,459000,532346,527.526100,582735,771.992600,615727,649.859700,69626,37.043700,0x098b50423eb1b80e5a7fb520438bb4f17cbf6c9b9e6ebef7938342aa2df694fe,0x0b023dd915cb016b7238b5bdd3190fe98abd3504c6dbfba463d90bb38ff29ad2
theo_n,6,403,false,9,13,onchain,500,399,1979758,4554511,459000,532286,575.881000,582675,573.869600,615667,564.038900,69626,22.991400,0x098b50423eb1b80e5a7fb520438bb4f17cbf6c9b9e6ebef7938342aa2df694fe,0x1a7e6c56f626be3e54886b792935dd23863f6915b323aa78148b70ab13ec5273
theo_n,6,404,false,9,13,onchain,500,400,1979758,4554511,459000,532274,559.704700,582663,663.191400,615655,632.764100,69626,28.620400,0x098b50423eb1b80e5a7fb520438bb4f17cbf6c9b9e6ebef7938342aa2df694fe,0x2a2bffaf3fae1687545dfd12db373e7029a50e1e72ae6a4acfcbd733129c205d
theo_n,6,405,false,9,13,onchain,500,401,1979758,4554511,459000,532262,572.466700,582651,728.751400,615643,698.869500,69626,34.987500,0x098b50423eb1b80e5a7fb520438bb4f17cbf6c9b9e6ebef7938342aa2df694fe,0x2cc4cf0733e1349358e8a570eac07ff818161987e3a18bfde63a9f0b95deca6d
theo_n,6,406,false,9,13,onchain,500,402,1979758,4554511,459000,532178,590.703500,582567,517.966100,615559,651.586000,69626,19.304800,0x098b50423eb1b80e5a7fb520438bb4f17cbf6c9b9e6ebef7938342aa2df694fe,0x1b8c0ebcb5cf1b7c144731c42fbfeebd4519c91bbe045821496f2975128cd66c
theo_n,6,407,false,9,13,onchain,500,403,1979758,4554511,459000,532298,630.391100,582687,560.489700,615679,599.681600,69626,27.487300,0x098b50423eb1b80e5a7fb520438bb4f17cbf6c9b9e6ebef7938342aa2df694fe,0x2db8f99903aebf090472808a8ea677cc1579e7aa758397d7fd28dd09d7b51280
theo_n,6,408,false,9,13,onchain,500,404,1979758,4554511,459000,532274,536.904900,582663,609.389200,615655,577.943700,69626,30.823700,0x098b50423eb1b80e5a7fb520438bb4f17cbf6c9b9e6ebef7938342aa2df694fe,0x0bf0ebb05a15be9b640ea65b8d18d6832cad86267bf6cb999ad43d7d749ad1be
theo_n,6,409,false,9,13,onchain,500,405,1979758,4554511,459000,532250,576.682200,582639,591.048400,615631,600.723400,69626,29.051900,0x098b50423eb1b80e5a7fb520438bb4f17cbf6c9b9e6ebef7938342aa2df694fe,0x1b988085e3126ddfb6a991df1c0f573fa0e6f9965ef6b3f10de414b3fdd35013
theo_n,6,410,false,9,13,onchain,500,406,1979758,4554511,459000,532394,591.055800,582783,617.511200,615775,682.371400,69626,25.049300,0x098b50423eb1b80e5a7fb520438bb4f17cbf6c9b9e6ebef7938342aa2df694fe,0x154bfdb6e90d7431315c386cc66abcbf3958bded588b405520a34f7d4f56e666
theo_n,6,411,false,9,13,onchain,500,407,1979758,4554511,459000,532286,520.993500,582675,615.625500,615667,666.553900,69626,27.622600,0x098b50423eb1b80e5a7fb520438bb4f17cbf6c9b9e6ebef7938342aa2df694fe,0x09dcc218c82397618550beef8f8255788a9ec1329b4e16b1effb79dd16db6db8
theo_n,6,412,false,9,13,onchain,500,408,1979758,4554511,459000,532334,543.159900,582723,597.561400,615715,629.229700,69626,21.175000,0x098b50423eb1b80e5a7fb520438bb4f17cbf6c9b9e6ebef7938342aa2df694fe,0x03e0e67240dac313442539b1a1241dc6465eb385b752bbfd21607f280e9ed7a8
theo_n,6,413,false,9,13,onchain,500,409,1979758,4554511,459000,532322,550.168100,582711,651.070800,615703,582.561700,69626,29.165600,0x098b50423eb1b80e5a7fb520438bb4f17cbf6c9b9e6ebef7938342aa2df694fe,0x3007bee886bfacd3ffad885814b8c4e8cceb990aa13437fa53e86c1dcd321aac
theo_n,6,414,false,9,13,onchain,500,410,1979758,4554511,459000,532286,553.628500,582675,610.627900,615667,605.887600,69626,28.216500,0x098b50423eb1b80e5a7fb520438bb4f17cbf6c9b9e6ebef7938342aa2df694fe,0x181a21556d142138a10d0d14eb5e6c5d16df78825c4945a3d09ac9823e327b17
theo_n,6,415,false,9,13,onchain,500,411,1979758,4554511,459000,532346,579.524400,582735,616.029000,615727,785.990900,69626,31.952600,0x098b50423eb1b80e5a7fb520438bb4f17cbf6c9b9e6ebef7938342aa2df694fe,0x2835faa28d27666daad62898414f35b70a6f1b36e83f6903b595b0b699a120e0
theo_n,6,416,false,9,13,onchain,500,412,1979758,4554511,459000,532298,749.274100,582687,592.491100,615679,554.216400,69626,26.737700,0x098b50423eb1b80e5a7fb520438bb4f17cbf6c9b9e6ebef7938342aa2df694fe,0x06016b8fc0cfb43fe47861f337a516e5702b812d6b62d60cb94bca0b4d6acd7c
theo_n,6,417,false,9,13,onchain,500,413,1979758,4554511,459000,532274,624.172600,582663,572.543400,615655,655.167700,69626,26.780600,0x098b50423eb1b80e5a7fb520438bb4f17cbf6c9b9e6ebef7938342aa2df694fe,0x1bed17d5deba5bed8ba9eed3242058dba5d4c9596776efeb51be6779ca0306a3
theo_n,6,418,false,9,13,onchain,500,414,1979758,4554511,459000,532262,648.862800,582651,573.156600,615643,634.979300,69626,29.309000,0x098b50423eb1b80e5a7fb520438bb4f17cbf6c9b9e6ebef7938342aa2df694fe,0x016ddbf0460e9b0e15e4f146a5a20f1fdcdc6a8561610466846c78fbc49a3d7c
theo_n,6,419,false,9,13,onchain,500,415,1979758,4554511,459000,532202,662.430800,582591,666.907900,615583,636.006200,69626,23.500900,0x098b50423eb1b80e5a7fb520438bb4f17cbf6c9b9e6ebef7938342aa2df694fe,0x0e0771a1c3bbd684257a57be0b21e69a6727489b4ddc066d53818988c039b7c6
theo_n,6,420,false,9,13,onchain,500,416,1979758,4554511,459000,532298,643.836700,582687,666.255000,615679,608.443000,69626,33.312900,0x098b50423eb1b80e5a7fb520438bb4f17cbf6c9b9e6ebef7938342aa2df694fe,0x2830fdb34c979454f9f3421f8b0574c294c79daee7ad2bc1b5dc97a95a4f9d54
theo_n,6,421,false,9,13,onchain,500,417,1979758,4554511,459000,532418,592.242000,582807,570.600700,615799,644.775200,69626,24.247600,0x098b50423eb1b80e5a7fb520438bb4f17cbf6c9b9e6ebef7938342aa2df694fe,0x13a0fb9058def92f47de48cf7aa57b8540d590214e9ee3ef4a3b4e6b1fd39fc7
theo_n,6,422,false,9,13,onchain,500,418,1979758,4554511,459000,532190,601.374100,582579,588.753600,615571,740.448100,69626,27.596800,0x098b50423eb1b80e5a7fb520438bb4f17cbf6c9b9e6ebef7938342aa2df694fe,0x0326508a2e8766b39956ca4bcb280f99a691a9091e7328ef63d81a41a3b488f5
theo_n,6,423,false,9,13,onchain,500,419,1979758,4554511,459000,532346,547.899800,582735,644.706700,615727,605.343200,69626,31.908800,0x098b50423eb1b80e5a7fb520438bb4f17cbf6c9b9e6ebef7938342aa2df694fe,0x1aad75cc6b55ef5aefca1139b211062bbb6f98191567e7e2c53e14c4ed4d2510
theo_n,6,424,false,9,13,onchain,500,420,1979758,4554511,459000,532298,650.055500,582687,624.096400,615679,648.367800,69626,28.480800,0x098b50423eb1b80e5a7fb520438bb4f17cbf6c9b9e6ebef7938342aa2df694fe,0x0762cba02d6c2fd227c1121dbbb65b1dddcd594906111c19dcb75308284fab1e
theo_n,6,425,false,9,13,onchain,500,421,1979758,4554511,459000,532262,607.283200,582651,606.077500,615643,560.452300,69626,24.778400,0x098b50423eb1b80e5a7fb520438bb4f17cbf6c9b9e6ebef7938342aa2df694fe,0x2867d18a8d13dcdcf2a610885da6d6baf390d38a0ba79aa67af91dedf2e4134f
theo_n,6,426,false,9,13,onchain,500,422,1979758,4554511,459000,532274,605.131400,582663,692.932900,615655,630.986000,69626,33.265900,0x098b50423eb1b80e5a7fb520438bb4f17cbf6c9b9e6ebef7938342aa2df694fe,0x10c107c9cda92ec6cf3e9fe22cbf7cda99fe04bfb69b44457736f08daf94178b
theo_n,6,427,false,9,13,onchain,500,423,1979758,4554511,459000,532298,561.978100,582687,703.607000,615679,654.691400,69626,33.596000,0x098b50423eb1b80e5a7fb520438bb4f17cbf6c9b9e6ebef7938342aa2df694fe,0x2581e5575f4204b4a6f3b0e08c12245c083765c1a07f32b13a96895ca1ba1425
theo_n,6,428,false,9,13,onchain,500,424,1979758,4554511,459000,532274,577.297200,582663,743.817400,615655,619.357600,69626,21.564500,0x098b50423eb1b80e5a7fb520438bb4f17cbf6c9b9e6ebef7938342aa2df694fe,0x277aac34d6c47e54cdbb5d62cfd244cec5298c9c26f6aa993fb0e26cf2f1082f
theo_n,6,429,false,9,13,onchain,500,425,1979758,4554511,459000,532322,638.803300,582711,587.853400,615703,715.282200,69626,26.696000,0x098b50423eb1b80e5a7fb520438bb4f17cbf6c9b9e6ebef7938342aa2df694fe,0x03ea32e3c967ab912ee0c86ac10303a8203c3057bba343c213f706eb718cec52
theo_n,6,430,false,9,13,onchain,500,426,1979758,4554511,459000,532322,706.717100,582711,614.248900,615703,630.432400,69626,21.047800,0x098b50423eb1b80e5a7fb520438bb4f17cbf6c9b9e6ebef7938342aa2df694fe,0x3003b73a88a8569a4f81d8beb7f720188535c7718ead6ae84dbe3c272f4f5f3b
theo_n,6,431,false,9,13,onchain,500,427,1979758,4554511,459000,532142,585.873100,582531,590.797700,615523,661.371300,69626,26.825800,0x098b50423eb1b80e5a7fb520438bb4f17cbf6c9b9e6ebef7938342aa2df694fe,0x0a05cfe41f28c738b7d5d7716c8320b06aa79e0e6625c4f3558a58dc9b7fef42
theo_n,6,432,false,9,13,onchain,500,428,1979758,4554511,459000,532286,544.832000,582663,683.390900,615655,584.403700,69614,22.759500,0x098b50423eb1b80e5a7fb520438bb4f17cbf6c9b9e6ebef7938342aa2df694fe,0x2500607ce618ef9bd30f4bc46ee16168b678de82a12629390aecc174960b46cd
theo_n,6,433,false,9,13,onchain,500,429,1979758,4554511,459000,532250,593.561900,582639,628.206500,615631,631.742700,69626,26.258100,0x098b50423eb1b80e5a7fb520438bb4f17cbf6c9b9e6ebef7938342aa2df694fe,0x01c24f87ee6d59ee391a1593ecbeb6d1fa9963826beeb11f5caf468141128f09
theo_n,6,434,false,9,13,onchain,500,430,1979758,4554511,459000,532262,602.333400,582651,578.668300,615643,638.219800,69626,26.724400,0x098b50423eb1b80e5a7fb520438bb4f17cbf6c9b9e6ebef7938342aa2df694fe,0x2082108df1e5d8328a3a52f2af197ec79b7856c8bc9c44ccf2d1d5951679a4c0
theo_n,6,435,false,9,13,onchain,500,431,1979758,4554511,459000,532382,585.672600,582771,625.839100,615763,675.978200,69626,124.239500,0x098b50423eb1b80e5a7fb520438bb4f17cbf6c9b9e6ebef7938342aa2df694fe,0x0999ffaafc0622752b26e0380a201e79e330224adc28c45d809d6203c7183765
theo_n,6,436,false,9,13,onchain,500,432,1979758,4554511,459000,532370,608.132200,582747,685.808000,615739,610.750900,69626,34.280100,0x098b50423eb1b80e5a7fb520438bb4f17cbf6c9b9e6ebef7938342aa2df694fe,0x0256f5aa2a81c65d55d7ac3351c57b3fc477bd1a5d4650020d8ac1c2cb98c320
theo_n,6,437,false,9,13,onchain,500,433,1979758,4554511,459000,532274,621.654700,582663,637.883400,615655,679.897900,69626,27.027900,0x098b50423eb1b80e5a7fb520438bb4f17cbf6c9b9e6ebef7938342aa2df694fe,0x037bc2c964784fc7e3cd2de16c3218014bc8ac4ab259c3fc47df759225c0c432
theo_n,6,438,false,9,13,onchain,500,434,1979758,4554511,459000,532346,666.228000,582723,586.193900,615715,644.757400,69614,32.423700,0x098b50423eb1b80e5a7fb520438bb4f17cbf6c9b9e6ebef7938342aa2df694fe,0x173dc3dc4e6fcdf0ebba3fd2fe4632fb42c0ceb9e4cc5e9b374dc60deb000b3f
theo_n,6,439,false,9,13,onchain,500,435,1979758,4554511,459000,532286,605.625700,582675,780.474100,615667,599.741700,69626,28.885900,0x098b50423eb1b80e5a7fb520438bb4f17cbf6c9b9e6ebef7938342aa2df694fe,0x1209c0c6094437ccf08802ad2ccd707c6033334ef0aac113035d1ba5c5d53302
theo_n,6,440,false,9,13,onchain,500,436,1979758,4554511,459000,532298,632.717200,582687,542.595900,615679,599.769900,69626,23.561300,0x098b50423eb1b80e5a7fb520438bb4f17cbf6c9b9e6ebef7938342aa2df694fe,0x11a1aa45758004aee4e35df3345be3240a16450e6c518e436a9fef029035717a
theo_n,6,441,false,9,13,onchain,500,437,1979758,4554511,459000,532310,570.301800,582687,576.913700,615679,611.345600,69614,20.571800,0x098b50423eb1b80e5a7fb520438bb4f17cbf6c9b9e6ebef7938342aa2df694fe,0x04476444e54b8d9345af11b280f951950dec019f5f9ed96cd666000cb6f8c8a4
theo_n,6,442,false,9,13,onchain,500,438,1979758,4554511,459000,532274,602.864300,582663,690.818000,615655,687.693500,69626,25.662700,0x098b50423eb1b80e5a7fb520438bb4f17cbf6c9b9e6ebef7938342aa2df694fe,0x2806a21730d85cb406c3a0c7893edf53a23bb94164481acaec92dfaacc498c43
theo_n,6,443,false,9,13,onchain,500,439,1979758,4554511,459000,532310,605.355300,582699,635.586400,615691,648.756900,69626,19.911700,0x098b50423eb1b80e5a7fb520438bb4f17cbf6c9b9e6ebef7938342aa2df694fe,0x214b13489d4f64f42e4f378022beeb428cee36c93df8f8e97b38d25222015f0e
theo_n,6,444,false,9,13,onchain,500,440,1979758,4554511,459000,532286,565.952300,582663,550.988500,615655,699.498500,69626,38.890700,0x098b50423eb1b80e5a7fb520438bb4f17cbf6c9b9e6ebef7938342aa2df694fe,0x066f9d468513da57c066c36e999991151e9f59de613bf62318b16f8c0dc85b20
theo_n,6,445,false,9,13,onchain,500,441,1979758,4554511,459000,532334,605.313300,582723,602.076500,615715,632.116400,69626,23.744400,0x098b50423eb1b80e5a7fb520438bb4f17cbf6c9b9e6ebef7938342aa2df694fe,0x2685af6105268b603a453ab4de1bcdd24c4090058d83280b15b70eb1e3493b77
theo_n,6,446,false,9,13,onchain,500,442,1979758,4554511,459000,532334,581.934600,582723,695.898200,615715,578.624900,69626,25.579000,0x098b50423eb1b80e5a7fb520438bb4f17cbf6c9b9e6ebef7938342aa2df694fe,0x1c157e5b315f744377d41988cc71c4e64d2bb77893f27acd05aad8664ce59a79
theo_n,6,447,false,9,13,onchain,500,443,1979758,4554511,459000,532298,571.518900,582687,603.662900,615679,747.000400,69626,21.259400,0x098b50423eb1b80e5a7fb520438bb4f17cbf6c9b9e6ebef7938342aa2df694fe,0x2267434a9eb55f81aff6acbc29f609c4a6cd46d4f19e735c0845e1e54dc511cf
theo_n,6,448,false,9,13,onchain,500,444,1979758,4554511,459000,532238,664.277600,582627,657.929800,615619,654.316100,69626,21.268100,0x098b50423eb1b80e5a7fb520438bb4f17cbf6c9b9e6ebef7938342aa2df694fe,0x2427edd792ee64541c9bb6a75a9554187a8b10a7730ae17241a149dd8197cb5c
theo_n,6,449,false,9,13,onchain,500,445,1979758,4554511,459000,532274,602.751300,582663,539.592200,615655,567.875000,69626,24.245400,0x098b50423eb1b80e5a7fb520438bb4f17cbf6c9b9e6ebef7938342aa2df694fe,0x0cf8a1ade649c5cea439e53e3be597c4c53290bf1c8b7f8bcb41a7ef7dea770e
theo_n,6,450,false,9,13,onchain,500,446,1979758,4554511,459000,532286,709.148800,582663,587.312000,615655,571.073300,69614,28.932000,0x098b50423eb1b80e5a7fb520438bb4f17cbf6c9b9e6ebef7938342aa2df694fe,0x129883fbbf2647002f7deacb824779cb974c9eee7bbb30bf1261998df957b8dc
theo_n,6,451,false,9,13,onchain,500,447,1979758,4554511,459000,532298,636.752100,582687,583.774200,615679,603.018000,69626,22.722100,0x098b50423eb1b80e5a7fb520438bb4f17cbf6c9b9e6ebef7938342aa2df694fe,0x0594521bbee73c066f93948e2ff7a51262787f7f3a8f16471f68ddf2a657e869
theo_n,6,452,false,9,13,onchain,500,448,1979758,4554511,459000,532274,566.732100,582663,590.714100,615655,607.408400,69626,33.817800,0x098b50423eb1b80e5a7fb520438bb4f17cbf6c9b9e6ebef7938342aa2df694fe,0x13f17dda8cb57596d85fb2110de78808017c61bc82d7b7330c51357cf8ab248e
theo_n,6,453,false,9,13,onchain,500,449,1979758,4554511,459000,532226,576.161700,582615,596.328600,615607,675.982700,69626,33.203100,0x098b50423eb1b80e5a7fb520438bb4f17cbf6c9b9e6ebef7938342aa2df694fe,0x12c9ec6c712307c39974e8ea98426582b0f316e90a50231bc1a00186bd92507e
theo_n,6,454,false,9,13,onchain,500,450,1979758,4554511,459000,532226,556.172500,582615,674.813100,615607,610.926200,69626,33.972800,0x098b50423eb1b80e5a7fb520438bb4f17cbf6c9b9e6ebef7938342aa2df694fe,0x148354c630b4862274a3c4f9627e46281b10d5ce88bc6a9f22459d0f2e6ba9a8
theo_n,6,455,false,9,13,onchain,500,451,1979758,4554511,459000,532310,632.500600,582699,702.267900,615691,585.550100,69626,56.611300,0x098b50423eb1b80e5a7fb520438bb4f17cbf6c9b9e6ebef7938342aa2df694fe,0x20281760db9fef7baf5df36729d8e86b1f03d2bfeeadec7e293627fe630e7d86
theo_n,6,456,false,9,13,onchain,500,452,1979758,4554511,459000,532322,522.299300,582711,651.372900,615703,596.441800,69626,19.918700,0x098b50423eb1b80e5a7fb520438bb4f17cbf6c9b9e6ebef7938342aa2df694fe,0x1f5d68be2c50d3e703fb116f57bfc854bce65788b7ade4c79548c288f898484f
theo_n,6,457,false,9,13,onchain,500,453,1979758,4554511,459000,532334,595.268000,582723,596.129300,615715,600.545100,69626,23.073800,0x098b50423eb1b80e5a7fb520438bb4f17cbf6c9b9e6ebef7938342aa2df694fe,0x2202cbc3666b0757b2bc1092b87ec06aaa632d9b644694c824a1a9f1402fb796
theo_n,6,458,false,9,13,onchain,500,454,1979758,4554511,459000,532262,572.941700,582651,619.709100,615643,620.267700,69626,34.636900,0x098b50423eb1b80e5a7fb520438bb4f17cbf6c9b9e6ebef7938342aa2df694fe,0x27c2dffe7874cdda7cce3b6fb243cb2ca8974f0861a27c2419bf621ed6556606
theo_n,6,459,false,9,13,onchain,500,455,1979758,4554511,459000,532262,592.040700,582639,646.680900,615631,670.327300,69626,33.602200,0x098b50423eb1b80e5a7fb520438bb4f17cbf6c9b9e6ebef7938342aa2df694fe,0x12a504725a3c750c382de4b79051869e38d03e6aa42f4505f940340f4885b7c2
theo_n,6,460,false,9,13,onchain,500,456,1979758,4554511,459000,532346,579.262500,582735,646.160700,615727,618.565200,69626,26.549700,0x098b50423eb1b80e5a7fb520438bb4f17cbf6c9b9e6ebef7938342aa2df694fe,0x2e78ab53da0c12b723f36c4ae0ce7f5b0621afa5eb0811cd6a96df8698650698
theo_n,6,461,false,9,13,onchain,500,457,1979758,4554511,459000,532262,578.748900,582651,677.962800,615643,554.759300,69626,28.747100,0x098b50423eb1b80e5a7fb520438bb4f17cbf6c9b9e6ebef7938342aa2df694fe,0x2fbda956e787d64ca8b6341cc1314e56b201281444c7bf34030a23838bc743ce
theo_n,6,462,false,9,13,onchain,500,458,1979758,4554511,459000,532274,569.515200,582651,670.409700,615643,546.019100,69626,25.532400,0x098b50423eb1b80e5a7fb520438bb4f17cbf6c9b9e6ebef7938342aa2df694fe,0x119e6e31b73d1a8836957b9bbf042afcbffe0c2a4f27f87c8be3bdf7f9a74b1f
theo_n,6,463,false,9,13,onchain,500,459,1979758,4554511,459000,532250,561.129000,582639,660.453700,615631,628.109300,69626,31.925700,0x098b50423eb1b80e5a7fb520438bb4f17cbf6c9b9e6ebef7938342aa2df694fe,0x121504fcf4f883891e0fc21eb1da196a5cc2f172e30aef5860b68086905e0aec
theo_n,6,464,false,9,13,onchain,500,460,1979758,4554511,459000,532262,667.557000,582651,741.040200,615643,565.027500,69626,19.710200,0x098b50423eb1b80e5a7fb520438bb4f17cbf6c9b9e6ebef7938342aa2df694fe,0x1c2d5c6cf07f2dbdd8f604df0337912e297989a309cd33d6dc1239fe147ab4b6
theo_n,6,465,false,9,13,onchain,500,461,1979758,4554511,459000,532214,567.242100,582591,604.060700,615583,642.622100,69614,34.339500,0x098b50423eb1b80e5a7fb520438bb4f17cbf6c9b9e6ebef7938342aa2df694fe,0x0704c0ac4a16b2c09e01e830dfc5b10d7c1b093c7c242fa8c85a1d6afc5b0059
theo_n,6,466,false,9,13,onchain,500,462,1979758,4554511,459000,532358,653.802300,582747,654.222300,615739,741.664500,69626,29.407900,0x098b50423eb1b80e5a7fb520438bb4f17cbf6c9b9e6ebef7938342aa2df694fe,0x26a19ddc2ed55c40fb8bbb487a5e35e680624c166c65eb1a17b4c49f7b963cf4
theo_n,6,467,false,9,13,onchain,500,463,1979758,4554511,459000,532250,546.588200,582639,657.827800,615631,656.140800,69626,23.794600,0x098b50423eb1b80e5a7fb520438bb4f17cbf6c9b9e6ebef7938342aa2df694fe,0x25ef2285374d0d2fb8f352c90602ea21678ab56bfa198771d120d845fd403499
theo_n,6,468,false,9,13,onchain,500,464,1979758,4554511,459000,532394,571.864700,582783,597.872800,615775,728.190800,69626,22.716000,0x098b50423eb1b80e5a7fb520438bb4f17cbf6c9b9e6ebef7938342aa2df694fe,0x2deef529266e39c647c7f8aa57f1736e372c78d3a0c62c5890613454a7c5fba8
theo_n,6,469,false,9,13,onchain,500,465,1979758,4554511,459000,532274,605.825600,582663,579.097900,615655,638.290900,69626,30.799100,0x098b50423eb1b80e5a7fb520438bb4f17cbf6c9b9e6ebef7938342aa2df694fe,0x17e4d436a99114d9778510c1ad0db88c4c9e6d9ff265191a17aec8c9bdc35b0d
theo_n,6,470,false,9,13,onchain,500,466,1979758,4554511,459000,532334,590.617100,582723,732.047300,615715,687.417500,69626,28.964900,0x098b50423eb1b80e5a7fb520438bb4f17cbf6c9b9e6ebef7938342aa2df694fe,0x194895cb66b9d54f2220b208f6d8dfdc02547c4c64f4b73bd9fbf42e3df5bce9
theo_n,6,471,false,9,13,onchain,500,467,1979758,4554511,459000,532334,622.572700,582723,578.857000,615715,696.644300,69626,20.378700,0x098b50423eb1b80e5a7fb520438bb4f17cbf6c9b9e6ebef7938342aa2df694fe,0x17b9faa51b28b1bf98a3d3650f88426d3ec0f81fc68691e2978f685c54039bdf
theo_n,6,472,false,9,13,onchain,500,468,1979758,4554511,459000,532262,601.257200,582651,610.266900,615643,673.391500,69626,25.564100,0x098b50423eb1b80e5a7fb520438bb4f17cbf6c9b9e6ebef7938342aa2df694fe,0x03557e9b7fef581c5a714eec6689e6db4162f91f8d460ae5dcca16d3b3f9e352
theo_n,6,473,false,9,13,onchain,500,469,1979758,4554511,459000,532310,711.331400,582687,573.715800,615679,691.462000,69614,28.625700,0x098b50423eb1b80e5a7fb520438bb4f17cbf6c9b9e6ebef7938342aa2df694fe,0x2c3214b8c0e8434fb6524fb4ff11e4e800a00966657e18a5d88267ae5f781abf
theo_n,6,474,false,9,13,onchain,500,470,1979758,4554511,459000,532334,590.647300,582723,652.581200,615715,581.453200,69626,31.651000,0x098b50423eb1b80e5a7fb520438bb4f17cbf6c9b9e6ebef7938342aa2df694fe,0x0642a894943cd70151604e637ce6b256aef63733dc5c514325eabd85b7873425
theo_n,6,475,false,9,13,onchain,500,471,1979758,4554511,459000,532334,600.905800,582723,603.207200,615715,680.240300,69626,29.433300,0x098b50423eb1b80e5a7fb520438bb4f17cbf6c9b9e6ebef7938342aa2df694fe,0x18552a6e21eecc017d45a61ec84e6f6dafafd85e5f3a8a1b69f6d52891467353
theo_n,6,476,false,9,13,onchain,500,472,1979758,4554511,459000,532334,591.749700,582711,580.188800,615703,596.878100,69614,22.143200,0x098b50423eb1b80e5a7fb520438bb4f17cbf6c9b9e6ebef7938342aa2df694fe,0x09d6031cbe83e6b6daf712c57cef8f8a00092aaa20ee245268c6261746fb3e6d
theo_n,6,477,false,9,13,onchain,500,473,1979758,4554511,459000,532262,553.744100,582651,623.246000,615643,579.765200,69626,22.464200,0x098b50423eb1b80e5a7fb520438bb4f17cbf6c9b9e6ebef7938342aa2df694fe,0x1d2e7002b581918e7f17fd4c88eaa1e2816dd4fceb92b04c7f1dee4714df076c
theo_n,6,478,false,9,13,onchain,500,474,1979758,4554511,459000,532298,587.364900,582687,626.589700,615679,595.020000,69626,21.760900,0x098b50423eb1b80e5a7fb520438bb4f17cbf6c9b9e6ebef7938342aa2df694fe,0x106c70cbd048ff8d859a8c2a2ac67e23ea74f80b5e9723d541592f72a9be6164
theo_n,6,479,false,9,13,onchain,500,475,1979758,4554511,459000,532214,613.955200,582603,544.011600,615595,704.724600,69626,26.543000,0x098b50423eb1b80e5a7fb520438bb4f17cbf6c9b9e6ebef7938342aa2df694fe,0x18f841147423b43a4e24f734b60a18649d2e49861e1471f1293b599ddadb5b4f
theo_n,6,480,false,9,13,onchain,500,476,1979758,4554511,459000,532334,639.882700,582723,608.273700,615715,582.087600,69626,23.322800,0x098b50423eb1b80e5a7fb520438bb4f17cbf6c9b9e6ebef7938342aa2df694fe,0x181f47596bdada82053dbd519feadb3e1decced847c3ebee5da8062170b7a1fd
theo_n,6,481,false,9,13,onchain,500,477,1979758,4554511,459000,532322,562.054000,582711,570.691000,615703,598.373600,69626,33.532800,0x098b50423eb1b80e5a7fb520438bb4f17cbf6c9b9e6ebef7938342aa2df694fe,0x19d72b93da5f25751ed0e6f5181858631c5863ceb85e9b062ae3f523c50c3823
theo_n,6,482,false,9,13,onchain,500,478,1979758,4554511,459000,532334,568.014800,582723,646.279800,615715,762.326900,69626,34.435700,0x098b50423eb1b80e5a7fb520438bb4f17cbf6c9b9e6ebef7938342aa2df694fe,0x08b9371a31a7f0b2166783304eb3dda67b5455dab4f641d34af9e809ae17f981
theo_n,6,483,false,9,13,onchain,500,479,1979758,4554511,459000,532310,532.072000,582699,631.584100,615691,581.574500,69626,30.064800,0x098b50423eb1b80e5a7fb520438bb4f17cbf6c9b9e6ebef7938342aa2df694fe,0x10acd05e15df221672ec5e25ee7ec5383df40f6a96e4be200f349008ee830ed2
theo_n,6,484,false,9,13,onchain,500,480,1979758,4554511,459000,532322,601.831800,582699,657.441600,615691,634.087200,69626,32.288100,0x098b50423eb1b80e5a7fb520438bb4f17cbf6c9b9e6ebef7938342aa2df694fe,0x3012161f3b161556cf3aa88c4d04f0e9cec22c97b7b8e848d5c7178f3e9b74fd
theo_n,6,485,false,9,13,onchain,500,481,1979758,4554511,459000,532274,673.759500,582663,590.262200,615655,612.252100,69626,36.197200,0x098b50423eb1b80e5a7fb520438bb4f17cbf6c9b9e6ebef7938342aa2df694fe,0x21472178fbf204e629d62a47c15eef10a81ccebaf9f644bd9e4e46c54d340a59
theo_n,6,486,false,9,13,onchain,500,482,1979758,4554511,459000,532214,610.843000,582591,654.957900,615583,653.793700,69614,35.280200,0x098b50423eb1b80e5a7fb520438bb4f17cbf6c9b9e6ebef7938342aa2df694fe,0x1cc81977f75add8f0fa8ffdf8e8d9dd6dc1ad4006181c677d57a5e41157e77c1
theo_n,6,487,false,9,13,onchain,500,483,1979758,4554511,459000,532310,593.397900,582687,635.139800,615679,636.935900,69614,28.459700,0x098b50423eb1b80e5a7fb520438bb4f17cbf6c9b9e6ebef7938342aa2df694fe,0x133f3b027ddf242d1e004142a313c84f951891b964cda34421c8e2199d1420c0
theo_n,6,488,false,9,13,onchain,500,484,1979758,4554511,459000,532274,635.348500,582663,655.194500,615655,587.103900,69626,25.870100,0x098b50423eb1b80e5a7fb520438bb4f17cbf6c9b9e6ebef7938342aa2df694fe,0x03c9185fd1372f0e37b4bf9a3f3dd2063edca06487f626d6d85fd838ad3008ca
theo_n,6,489,false,9,13,onchain,500,485,1979758,4554511,459000,532310,706.442300,582699,585.425300,615691,618.727700,69626,24.587100,0x098b50423eb1b80e5a7fb520438bb4f17cbf6c9b9e6ebef7938342aa2df694fe,0x25e0e7e38fef95e132acd28d6c482e384298692bcd6d0473d4a5e7270f432fb0
theo_n,6,490,false,9,13,onchain,500,486,1979758,4554511,459000,532310,646.774200,582699,578.689500,615691,678.173900,69626,23.214500,0x098b50423eb1b80e5a7fb520438bb4f17cbf6c9b9e6ebef7938342aa2df694fe,0x227d5c1302a98c79262e6fe667330fa86813e3133cf5286aa5d1aa56b4d297e4
theo_n,6,491,false,9,13,onchain,500,487,1979758,4554511,459000,532334,594.094900,582711,611.006300,615703,558.895700,69614,20.620000,0x098b50423eb1b80e5a7fb520438bb4f17cbf6c9b9e6ebef7938342aa2df694fe,0x1c00aecebc0b69341373f2e0bb29a3c24aac853fd64da87b62c5b316aeca1219
theo_n,6,492,false,9,13,onchain,500,488,1979758,4554511,459000,532310,559.982800,582699,634.935100,615691,623.794600,69626,34.935100,0x098b50423eb1b80e5a7fb520438bb4f17cbf6c9b9e6ebef7938342aa2df694fe,0x084e8cd0f0efa2d0483d3d7c58e49fc749ef77ebb1737fe33318558c56cf3427
theo_n,6,493,false,9,13,onchain,500,489,1979758,4554511,459000,532346,621.028200,582735,676.709100,615727,751.020500,69626,31.122400,0x098b50423eb1b80e5a7fb520438bb4f17cbf6c9b9e6ebef7938342aa2df694fe,0x0a043a7874d62ba138be2dc0842dd24ce6d289652d427bfd6f79e7c48c37b4f7
theo_n,6,494,false,9,13,onchain,500,490,1979758,4554511,459000,532322,636.315500,582699,602.978800,615691,566.948400,69626,28.780700,0x098b50423eb1b80e5a7fb520438bb4f17cbf6c9b9e6ebef7938342aa2df694fe,0x1a89f23a47b3613d76999e01716fb21161a281ba453f95be5b6ec1a4cd2760ff
theo_n,6,495,false,9,13,onchain,500,491,1979758,4554511,459000,532418,587.560400,582807,576.744100,615799,688.071700,69626,64.280900,0x098b50423eb1b80e5a7fb520438bb4f17cbf6c9b9e6ebef7938342aa2df694fe,0x300e9a493810956b752cdc311daa8c6888ed4496181d73e24231623198cff11e
theo_n,6,496,false,9,13,onchain,500,492,1979758,4554511,459000,532262,598.146200,582651,644.119200,615643,604.332500,69626,19.933200,0x098b50423eb1b80e5a7fb520438bb4f17cbf6c9b9e6ebef7938342aa2df694fe,0x2e66af613bd0b308ea76ce8156c11daa75c95d3f8e0ca9d7b293c31c96014b21
theo_n,6,497,false,9,13,onchain,500,493,1979758,4554511,459000,532370,589.704400,582759,659.338000,615751,624.270100,69626,29.002400,0x098b50423eb1b80e5a7fb520438bb4f17cbf6c9b9e6ebef7938342aa2df694fe,0x02dc77fb04fd69f7fab1957d3aba82ed08d25eac854c3dde2a9cade544679e2b
theo_n,6,498,false,9,13,onchain,500,494,1979758,4554511,459000,532274,597.955200,582651,590.420600,615643,636.172900,69614,23.713000,0x098b50423eb1b80e5a7fb520438bb4f17cbf6c9b9e6ebef7938342aa2df694fe,0x228653279e7e7b00992306c5edc1435c1091f5e23990f9d8e3779fd1aa32a8de
theo_n,6,499,false,9,13,onchain,500,495,1979758,4554511,459000,532322,564.467500,582711,665.148100,615703,654.800000,69626,23.739400,0x098b50423eb1b80e5a7fb520438bb4f17cbf6c9b9e6ebef7938342aa2df694fe,0x230a0a415e1e60f6e218a20cd575f16422d11c814813bb0c4546415a14659006
theo_n,6,500,false,9,13,onchain,500,496,1979758,4554511,459000,532358,682.859800,582747,592.986500,615739,607.798400,69626,23.086300,0x098b50423eb1b80e5a7fb520438bb4f17cbf6c9b9e6ebef7938342aa2df694fe,0x0975721ab977e0a4a2d19fc776c1a4212a6d048f5a988aa06d9d108845b40913
theo_n,6,501,false,9,13,onchain,500,497,1979758,4554511,459000,532238,562.032100,582627,655.546100,615619,562.766800,69626,26.721800,0x098b50423eb1b80e5a7fb520438bb4f17cbf6c9b9e6ebef7938342aa2df694fe,0x1277fe6d922e86999f40ca4cb0a82e4bbb03db29f014e42a63da54bd386146f0
theo_n,6,502,false,9,13,onchain,500,498,1979758,4554511,459000,532262,653.857300,582639,608.238100,615631,640.727900,69614,20.404900,0x098b50423eb1b80e5a7fb520438bb4f17cbf6c9b9e6ebef7938342aa2df694fe,0x0113f1fb5a35006448b95b51265b86f399805050c99ce68c7e92a1106394a4ee
theo_n,6,503,false,9,13,onchain,500,499,1979758,4554511,459000,532226,547.428500,582615,595.980100,615607,629.719900,69626,27.518900,0x098b50423eb1b80e5a7fb520438bb4f17cbf6c9b9e6ebef7938342aa2df694fe,0x0c0e1ce676ffd8704c6db547c1f554636c17d9d3da8dfce0b63543dfae4b1d6c
