thi_nghiem,run_id,iteration,warmup,d,k,mechanism,n,student_index,witness_ms,setup_ms,prove_ms,proof_generation_ms,verify_native_ms,verified,proof_bytes,calldata_bytes,root,nullifier
theo_n,6,1,true,9,13,onchain,500,0,27.069600,1368.568200,876.050700,903.120300,3.928600,true,4224,4352,0x098b50423eb1b80e5a7fb520438bb4f17cbf6c9b9e6ebef7938342aa2df694fe,0x0908cbf85e088d680fbd39fdb24b3cc3dd4a43f6c03cd816e06f24aad0ed40c9
theo_n,6,2,true,9,13,onchain,500,1,32.592000,1368.568200,1039.222800,1071.814800,6.863700,true,4224,4352,0x098b50423eb1b80e5a7fb520438bb4f17cbf6c9b9e6ebef7938342aa2df694fe,0x067e06c893d9a0e4d6fd53a0046674c8f20bf84f7b70811bf473ffa211d8c6bd
theo_n,6,3,true,9,13,onchain,500,2,56.929600,1368.568200,1162.027000,1218.956600,6.440000,true,4224,4352,0x098b50423eb1b80e5a7fb520438bb4f17cbf6c9b9e6ebef7938342aa2df694fe,0x0b8fe57083cdcc700c57fbcf6933cb725896572c6ab544b6f4d8e1c6ab38f07b
theo_n,6,4,false,9,13,onchain,500,0,41.890400,1368.568200,1178.258000,1220.148400,6.091100,true,4224,4352,0x098b50423eb1b80e5a7fb520438bb4f17cbf6c9b9e6ebef7938342aa2df694fe,0x0908cbf85e088d680fbd39fdb24b3cc3dd4a43f6c03cd816e06f24aad0ed40c9
theo_n,6,5,false,9,13,onchain,500,1,66.712400,1368.568200,1163.377100,1230.089500,6.250100,true,4224,4352,0x098b50423eb1b80e5a7fb520438bb4f17cbf6c9b9e6ebef7938342aa2df694fe,0x067e06c893d9a0e4d6fd53a0046674c8f20bf84f7b70811bf473ffa211d8c6bd
theo_n,6,6,false,9,13,onchain,500,2,47.143700,1368.568200,1148.257700,1195.401400,6.028000,true,4224,4352,0x098b50423eb1b80e5a7fb520438bb4f17cbf6c9b9e6ebef7938342aa2df694fe,0x0b8fe57083cdcc700c57fbcf6933cb725896572c6ab544b6f4d8e1c6ab38f07b
theo_n,6,7,false,9,13,onchain,500,3,65.879100,1368.568200,1154.422400,1220.301500,6.988900,true,4224,4352,0x098b50423eb1b80e5a7fb520438bb4f17cbf6c9b9e6ebef7938342aa2df694fe,0x107c70d191e489c806456c18cf98e286488b248a7e2ac57b6576b30dfade8db2
theo_n,6,8,false,9,13,onchain,500,4,54.911800,1368.568200,1165.030600,1219.942400,5.953400,true,4224,4352,0x098b50423eb1b80e5a7fb520438bb4f17cbf6c9b9e6ebef7938342aa2df694fe,0x0a311bfe27c095e9b61eb94f9bfdc9d5e247dfd2f96271cff3d32612a2e7339a
theo_n,6,9,false,9,13,onchain,500,5,66.001200,1368.568200,1125.719100,1191.720300,5.969800,true,4224,4352,0x098b50423eb1b80e5a7fb520438bb4f17cbf6c9b9e6ebef7938342aa2df694fe,0x18b6e24c33265e51a6ebce655f0c7d8cc56a336e228450d97e77a9ef874404bc
theo_n,6,10,false,9,13,onchain,500,6,57.708300,1368.568200,1131.286300,1188.994600,6.189800,true,4224,4352,0x098b50423eb1b80e5a7fb520438bb4f17cbf6c9b9e6ebef7938342aa2df694fe,0x178454ab459643088f4034d21806282a31eacc6d694df8a91a76f6cadc1e4e05
theo_n,6,11,false,9,13,onchain,500,7,57.832600,1368.568200,1124.390700,1182.223300,5.746400,true,4224,4352,0x098b50423eb1b80e5a7fb520438bb4f17cbf6c9b9e6ebef7938342aa2df694fe,0x156330b35df029b9ac8c5cf74cf1978f087f063d91916404df8a0984916950ac
theo_n,6,12,false,9,13,onchain,500,8,55.163800,1368.568200,1168.481800,1223.645600,5.582600,true,4224,4352,0x098b50423eb1b80e5a7fb520438bb4f17cbf6c9b9e6ebef7938342aa2df694fe,0x15bf766aa145bc49955f4b440b0070cdb1823fdb1a4942a856ae7a53dd251a8a
theo_n,6,13,false,9,13,onchain,500,9,62.890100,1368.568200,1117.977200,1180.867300,5.912000,true,4224,4352,0x098b50423eb1b80e5a7fb520438bb4f17cbf6c9b9e6ebef7938342aa2df694fe,0x145e23340ae3a5c2a8a430e0bd8150939cf9d3336c5a111f39801cc2a9171cea
theo_n,6,14,false,9,13,onchain,500,10,63.587900,1368.568200,1132.997300,1196.585200,7.131000,true,4224,4352,0x098b50423eb1b80e5a7fb520438bb4f17cbf6c9b9e6ebef7938342aa2df694fe,0x19d8b479a4eb2ed56fc544f5f258c142afbc9733ce11579245b90f6471cc5aa2
theo_n,6,15,false,9,13,onchain,500,11,53.719700,1368.568200,1122.914000,1176.633700,5.977100,true,4224,4352,0x098b50423eb1b80e5a7fb520438bb4f17cbf6c9b9e6ebef7938342aa2df694fe,0x17115cce247ab17833ce4f971544dcf98cba44f30ac3caa2b60573600696808c
theo_n,6,16,false,9,13,onchain,500,12,59.923500,1368.568200,1111.148700,1171.072200,5.659600,true,4224,4352,0x098b50423eb1b80e5a7fb520438bb4f17cbf6c9b9e6ebef7938342aa2df694fe,0x12f7111f7f65e737c4608f3f8cffc3dea6a29e14af7ddcba52cac254304ecd23
theo_n,6,17,false,9,13,onchain,500,13,55.266100,1368.568200,1171.364400,1226.630500,8.066300,true,4224,4352,0x098b50423eb1b80e5a7fb520438bb4f17cbf6c9b9e6ebef7938342aa2df694fe,0x146554373ef67f5de307538cfcb7e62015f4c7d7791f0be35f5897031ab12a59
theo_n,6,18,false,9,13,onchain,500,14,63.573600,1368.568200,1185.119100,1248.692700,6.234100,true,4224,4352,0x098b50423eb1b80e5a7fb520438bb4f17cbf6c9b9e6ebef7938342aa2df694fe,0x298177b133ab3f68a2e47c6d74787973892a7540de8dcd16ae80701b4d1a19b5
theo_n,6,19,false,9,13,onchain,500,15,56.960700,1368.568200,1190.056800,1247.017500,6.652300,true,4224,4352,0x098b50423eb1b80e5a7fb520438bb4f17cbf6c9b9e6ebef7938342aa2df694fe,0x290f20350f10923907c139526a8eeb150f99e2573a16d6916fe0f769c993f49a
theo_n,6,20,false,9,13,onchain,500,16,64.901100,1368.568200,1197.992300,1262.893400,8.038100,true,4224,4352,0x098b50423eb1b80e5a7fb520438bb4f17cbf6c9b9e6ebef7938342aa2df694fe,0x171e66512384a041ca6a5f708a5b4fdda9cf24ab176412c6f6900afc3c6dedb8
theo_n,6,21,false,9,13,onchain,500,17,50.621700,1368.568200,1214.248800,1264.870500,6.634600,true,4224,4352,0x098b50423eb1b80e5a7fb520438bb4f17cbf6c9b9e6ebef7938342aa2df694fe,0x1be2fe80e5029582e3f6e62f4cb2a84d401feee79f16b335d0bc369a395a0853
theo_n,6,22,false,9,13,onchain,500,18,63.068400,1368.568200,1135.510100,1198.578500,7.021200,true,4224,4352,0x098b50423eb1b80e5a7fb520438bb4f17cbf6c9b9e6ebef7938342aa2df694fe,0x0bb978d615ff4f194a9934af270a428732e8174c4311c8beb31d4e0bbabbc0bc
theo_n,6,23,false,9,13,onchain,500,19,65.353700,1368.568200,1115.907700,1181.261400,6.138000,true,4224,4352,0x098b50423eb1b80e5a7fb520438bb4f17cbf6c9b9e6ebef7938342aa2df694fe,0x04726770464b2bff8da321b67038b812b34fa5fa5cdf99f1314cba8589a165bc
theo_n,6,24,false,9,13,onchain,500,20,58.726400,1368.568200,1125.318900,1184.045300,6.308800,true,4224,4352,0x098b50423eb1b80e5a7fb520438bb4f17cbf6c9b9e6ebef7938342aa2df694fe,0x03d6f9ca63a41aff3fb9a8fc838ab1ed3ceedc7c249c5dc4c19d5955e351be13
theo_n,6,25,false,9,13,onchain,500,21,48.299100,1368.568200,1159.970300,1208.269400,6.394500,true,4224,4352,0x098b50423eb1b80e5a7fb520438bb4f17cbf6c9b9e6ebef7938342aa2df694fe,0x1686fa19ed842d8106f86663fe6e6888a8bfb3e985dcfd2bb1db169ffcda5da5
theo_n,6,26,false,9,13,onchain,500,22,58.878800,1368.568200,1123.158400,1182.037200,5.974000,true,4224,4352,0x098b50423eb1b80e5a7fb520438bb4f17cbf6c9b9e6ebef7938342aa2df694fe,0x23e82ec09d717b107d77dc26eb5dc265ea1fc45985e29b8cc3cb17430ff24a0c
theo_n,6,27,false,9,13,onchain,500,23,48.141900,1368.568200,1172.069200,1220.211100,6.231000,true,4224,4352,0x098b50423eb1b80e5a7fb520438bb4f17cbf6c9b9e6ebef7938342aa2df694fe,0x10b3bd195947d421c2d2b26290f8c337fd0828e5148886d256cae19c30dd3457
theo_n,6,28,false,9,13,onchain,500,24,63.984900,1368.568200,1158.703700,1222.688600,6.558100,true,4224,4352,0x098b50423eb1b80e5a7fb520438bb4f17cbf6c9b9e6ebef7938342aa2df694fe,0x2a99ad2dc4636645cb03a3f8cddbcf89d41b4a9e486facca27dfee54675abb9c
theo_n,6,29,false,9,13,onchain,500,25,59.312100,1368.568200,1257.030600,1316.342700,6.779300,true,4224,4352,0x098b50423eb1b80e5a7fb520438bb4f17cbf6c9b9e6ebef7938342aa2df694fe,0x1cd40d323ccd0838cfec775d1003317bf356cafeaba2b700c3af3c61def30fca
theo_n,6,30,false,9,13,onchain,500,26,62.290100,1368.568200,1300.451400,1362.741500,9.005500,true,4224,4352,0x098b50423eb1b80e5a7fb520438bb4f17cbf6c9b9e6ebef7938342aa2df694fe,0x2eb42444691d4d15abfb91e44bb63be709bec40b9e54f4360f24d4480534af10
theo_n,6,31,false,9,13,onchain,500,27,68.662900,1368.568200,1166.484400,1235.147300,6.850900,true,4224,4352,0x098b50423eb1b80e5a7fb520438bb4f17cbf6c9b9e6ebef7938342aa2df694fe,0x2c174593cceb5f490ba8f6ba09cd052e5c25a821a271f28bc1a25fe480d609d8
theo_n,6,32,false,9,13,onchain,500,28,44.001000,1368.568200,1145.670700,1189.671700,6.006000,true,4224,4352,0x098b50423eb1b80e5a7fb520438bb4f17cbf6c9b9e6ebef7938342aa2df694fe,0x23665977a843f888d72d4f179e9f9d837be558853b6806d1436951fa322c1221
theo_n,6,33,false,9,13,onchain,500,29,62.687700,1368.568200,1126.749300,1189.437000,5.777000,true,4224,4352,0x098b50423eb1b80e5a7fb520438bb4f17cbf6c9b9e6ebef7938342aa2df694fe,0x1784bc5a44d0a6e7b87bdd0fd4e563361f98a6aa39b7964e0907b239a38b84e7
theo_n,6,34,false,9,13,onchain,500,30,50.093100,1368.568200,1130.004700,1180.097800,5.805800,true,4224,4352,0x098b50423eb1b80e5a7fb520438bb4f17cbf6c9b9e6ebef7938342aa2df694fe,0x202c4e9e6402e7f390a4ab85d1370541fe76c37421ce3a51ac5805c4b24b6da9
theo_n,6,35,false,9,13,onchain,500,31,47.156400,1368.568200,1139.940400,1187.096800,6.896700,true,4224,4352,0x098b50423eb1b80e5a7fb520438bb4f17cbf6c9b9e6ebef7938342aa2df694fe,0x26ac62095e0835f5045ef0c786313c5c49c66bfa9a9c59a9176a5e55ca7e0d2f
theo_n,6,36,false,9,13,onchain,500,32,66.935000,1368.568200,1163.171500,1230.106500,6.535800,true,4224,4352,0x098b50423eb1b80e5a7fb520438bb4f17cbf6c9b9e6ebef7938342aa2df694fe,0x0999d39078de7333e04118695737bc5efd57941984dd9136fc1c1b2063a26adc
theo_n,6,37,false,9,13,onchain,500,33,64.861600,1368.568200,1161.639000,1226.500600,7.410600,true,4224,4352,0x098b50423eb1b80e5a7fb520438bb4f17cbf6c9b9e6ebef7938342aa2df694fe,0x21595eb5cbf9542bc3565fb23a44f93e50797512cb2156aa0f1bf0cccd52959e
theo_n,6,38,false,9,13,onchain,500,34,62.815000,1368.568200,1131.336300,1194.151300,5.939800,true,4224,4352,0x098b50423eb1b80e5a7fb520438bb4f17cbf6c9b9e6ebef7938342aa2df694fe,0x25c79e1b2c8e7e076990cd6c719d9fad9068d6cd9b911cb567af007fd9ae9012
theo_n,6,39,false,9,13,onchain,500,35,69.634900,1368.568200,1137.330300,1206.965200,5.480400,true,4224,4352,0x098b50423eb1b80e5a7fb520438bb4f17cbf6c9b9e6ebef7938342aa2df694fe,0x12b71401342adb56754a25ca9b90161c500f6d1db94481a55ff459a7aebc3185
theo_n,6,40,false,9,13,onchain,500,36,56.133100,1368.568200,1125.823700,1181.956800,6.196300,true,4224,4352,0x098b50423eb1b80e5a7fb520438bb4f17cbf6c9b9e6ebef7938342aa2df694fe,0x1bf1c17e9fed35f18ad1a97d36860e5c49872e06811178e1de9764c9d878dc29
theo_n,6,41,false,9,13,onchain,500,37,67.465100,1368.568200,1122.491400,1189.956500,7.255300,true,4224,4352,0x098b50423eb1b80e5a7fb520438bb4f17cbf6c9b9e6ebef7938342aa2df694fe,0x2b638435867637f2946659187916cd17968a726d781e30c6e61925210b314d02
theo_n,6,42,false,9,13,onchain,500,38,66.364300,1368.568200,1124.024200,1190.388500,5.820700,true,4224,4352,0x098b50423eb1b80e5a7fb520438bb4f17cbf6c9b9e6ebef7938342aa2df694fe,0x2bdbfab8d0294126af14982e1000d41a61e11326b0ce247a7116adeeea7985cd
theo_n,6,43,false,9,13,onchain,500,39,47.969700,1368.568200,1117.126600,1165.096300,5.779900,true,4224,4352,0x098b50423eb1b80e5a7fb520438bb4f17cbf6c9b9e6ebef7938342aa2df694fe,0x0aa7bf1d39d93e1954ce66d9858d1198e0ad921a4df6c1181b1ce905784fe958
theo_n,6,44,false,9,13,onchain,500,40,66.161400,1368.568200,1127.509900,1193.671300,6.003500,true,4224,4352,0x098b50423eb1b80e5a7fb520438bb4f17cbf6c9b9e6ebef7938342aa2df694fe,0x10de1e3d29876f4850189c984ae73d9c11ce68b86aadc32cf461c98d54d62d23
theo_n,6,45,false,9,13,onchain,500,41,65.340700,1368.568200,1150.524700,1215.865400,6.050700,true,4224,4352,0x098b50423eb1b80e5a7fb520438bb4f17cbf6c9b9e6ebef7938342aa2df694fe,0x1edba77fec60aecefcfe1abd4e72068fd9fb6184a89b43f5c3dc9a00069d74e2
theo_n,6,46,false,9,13,onchain,500,42,53.544600,1368.568200,1171.227400,1224.772000,7.044200,true,4224,4352,0x098b50423eb1b80e5a7fb520438bb4f17cbf6c9b9e6ebef7938342aa2df694fe,0x15c8ab0ca8377161a0b8ea56ed9e3ae382863e927a1324317f9fa192d6188e2e
theo_n,6,47,false,9,13,onchain,500,43,49.085700,1368.568200,1152.066300,1201.152000,6.138900,true,4224,4352,0x098b50423eb1b80e5a7fb520438bb4f17cbf6c9b9e6ebef7938342aa2df694fe,0x13eb1c80471a2c64b0c27128ce601b8439e0852909edea7c2fa01c5a8b0cd2a8
theo_n,6,48,false,9,13,onchain,500,44,65.716500,1368.568200,1113.368300,1179.084800,6.145700,true,4224,4352,0x098b50423eb1b80e5a7fb520438bb4f17cbf6c9b9e6ebef7938342aa2df694fe,0x0231eb71e8795c4c4a35fb9db7f9d3c70fcb8e6537017b7c23770e27edb17c26
theo_n,6,49,false,9,13,onchain,500,45,55.401500,1368.568200,1128.660400,1184.061900,5.856200,true,4224,4352,0x098b50423eb1b80e5a7fb520438bb4f17cbf6c9b9e6ebef7938342aa2df694fe,0x14bfb435acb7a5d37e0d29a9b6051229ed7acd9fdfc1de220c0337ce6f0f4ed8
theo_n,6,50,false,9,13,onchain,500,46,62.915400,1368.568200,1118.365600,1181.281000,6.304200,true,4224,4352,0x098b50423eb1b80e5a7fb520438bb4f17cbf6c9b9e6ebef7938342aa2df694fe,0x0d91e737b2843fdf5a8d1394de46dfa3fe679927773f55ff934b561adb0b7fff
theo_n,6,51,false,9,13,onchain,500,47,62.217700,1368.568200,1129.853100,1192.070800,6.499100,true,4224,4352,0x098b50423eb1b80e5a7fb520438bb4f17cbf6c9b9e6ebef7938342aa2df694fe,0x26954244b4ec45232f6c53427aaae47d6f1e18e481e8b23526e02555df48c1df
theo_n,6,52,false,9,13,onchain,500,48,43.349800,1368.568200,1119.944400,1163.294200,6.221100,true,4224,4352,0x098b50423eb1b80e5a7fb520438bb4f17cbf6c9b9e6ebef7938342aa2df694fe,0x239708d53c07d61009f55c15e879487da0622eab4cc30d66f7bca4dbc4bfe44d
theo_n,6,53,false,9,13,onchain,500,49,59.904600,1368.568200,1159.452900,1219.357500,5.818400,true,4224,4352,0x098b50423eb1b80e5a7fb520438bb4f17cbf6c9b9e6ebef7938342aa2df694fe,0x163233172054b52f81b9f891e2f9d5105c71e0adba76e509daa09013f949b0aa
theo_n,6,54,false,9,13,onchain,500,50,64.650400,1368.568200,1177.618000,1242.268400,7.178400,true,4224,4352,0x098b50423eb1b80e5a7fb520438bb4f17cbf6c9b9e6ebef7938342aa2df694fe,0x29f882fd660b6a26a77c96e53e736aaae7aec2dcd44d93124440e2b9b84b4a38
theo_n,6,55,false,9,13,onchain,500,51,62.120100,1368.568200,1144.939900,1207.060000,6.497300,true,4224,4352,0x098b50423eb1b80e5a7fb520438bb4f17cbf6c9b9e6ebef7938342aa2df694fe,0x27e66d84b49036dd0865b9da04321eba233102d93a56847b997b2096cfc0e219
theo_n,6,56,false,9,13,onchain,500,52,66.591400,1368.568200,1150.967100,1217.558500,7.286200,true,4224,4352,0x098b50423eb1b80e5a7fb520438bb4f17cbf6c9b9e6ebef7938342aa2df694fe,0x041c6acccd0de4874fa535b4423d4a3ab728697b23310712e0d2d3f10927164d
theo_n,6,57,false,9,13,onchain,500,53,58.985600,1368.568200,1129.688100,1188.673700,6.143300,true,4224,4352,0x098b50423eb1b80e5a7fb520438bb4f17cbf6c9b9e6ebef7938342aa2df694fe,0x1d11e9b323790b3c05df4d5364a35721616441c63f76b36a5b739e880f8fc03c
theo_n,6,58,false,9,13,onchain,500,54,65.137900,1368.568200,1122.649700,1187.787600,5.728200,true,4224,4352,0x098b50423eb1b80e5a7fb520438bb4f17cbf6c9b9e6ebef7938342aa2df694fe,0x19ed930667ae813189bbaa0641e03f632bed382b9631862cf170dc2cfb08f703
theo_n,6,59,false,9,13,onchain,500,55,40.694200,1368.568200,1197.662900,1238.357100,6.606400,true,4224,4352,0x098b50423eb1b80e5a7fb520438bb4f17cbf6c9b9e6ebef7938342aa2df694fe,0x286f63b2d20d219a578976c21ed9f8396a9370eb76c1692333fb49e9ffe5eddd
theo_n,6,60,false,9,13,onchain,500,56,67.710500,1368.568200,1123.854800,1191.565300,6.545800,true,4224,4352,0x098b50423eb1b80e5a7fb520438bb4f17cbf6c9b9e6ebef7938342aa2df694fe,0x1f99a065f3bb98ea5433e6d81e6e27387fc8c025edc841fddcff3cbf77e66024
theo_n,6,61,false,9,13,onchain,500,57,90.962400,1368.568200,1137.530500,1228.492900,5.662100,true,4224,4352,0x098b50423eb1b80e5a7fb520438bb4f17cbf6c9b9e6ebef7938342aa2df694fe,0x1feb6f0f68700be050d5e26dfd63e880937685b79efab2b075ec055912a4f5ae
theo_n,6,62,false,9,13,onchain,500,58,60.906500,1368.568200,1132.462900,1193.369400,5.745200,true,4224,4352,0x098b50423eb1b80e5a7fb520438bb4f17cbf6c9b9e6ebef7938342aa2df694fe,0x0e6c34dbfd1473a1ae9710c16b88cac448410f09637490e3123197c34790a183
theo_n,6,63,false,9,13,onchain,500,59,56.760400,1368.568200,1179.370400,1236.130800,6.316700,true,4224,4352,0x098b50423eb1b80e5a7fb520438bb4f17cbf6c9b9e6ebef7938342aa2df694fe,0x0bb2842f8a6e91c04573162fc7601b567d7df6749d60979ba332d7b78c328f8d
theo_n,6,64,false,9,13,onchain,500,60,50.118500,1368.568200,1131.806600,1181.925100,6.802300,true,4224,4352,0x098b50423eb1b80e5a7fb520438bb4f17cbf6c9b9e6ebef7938342aa2df694fe,0x0a7220125db4c9fae9b66dda6e019f9ebbe630298376fe4b51a071b6eb9ddbcf
theo_n,6,65,false,9,13,onchain,500,61,40.038600,1368.568200,1122.120000,1162.158600,6.253600,true,4224,4352,0x098b50423eb1b80e5a7fb520438bb4f17cbf6c9b9e6ebef7938342aa2df694fe,0x1abe534db0df466d693bdbb58e2e3330a7c9ce60678dcecd580bfa34a5604850
theo_n,6,66,false,9,13,onchain,500,62,64.084000,1368.568200,1121.994100,1186.078100,5.940700,true,4224,4352,0x098b50423eb1b80e5a7fb520438bb4f17cbf6c9b9e6ebef7938342aa2df694fe,0x12cd93c7fe1e9691bc34c1a151550f01178da157b91296de0279ba930f04a680
theo_n,6,67,false,9,13,onchain,500,63,45.377600,1368.568200,1182.020400,1227.398000,6.154100,true,4224,4352,0x098b50423eb1b80e5a7fb520438bb4f17cbf6c9b9e6ebef7938342aa2df694fe,0x1efdb02da48822560ee87f9d18dd45890f200b5829646129246afe143791a5ee
theo_n,6,68,false,9,13,onchain,500,64,45.187300,1368.568200,1131.119300,1176.306600,5.909300,true,4224,4352,0x098b50423eb1b80e5a7fb520438bb4f17cbf6c9b9e6ebef7938342aa2df694fe,0x18bcb575879217dd771bf3fd110accc154f81eb964db696503ddc5cc982414f3
theo_n,6,69,false,9,13,onchain,500,65,56.720600,1368.568200,1135.123600,1191.844200,6.824600,true,4224,4352,0x098b50423eb1b80e5a7fb520438bb4f17cbf6c9b9e6ebef7938342aa2df694fe,0x2e969f3908c8262e7c1ef3c63699dc0ca68c5ea634b5f0732921ce9452c32843
theo_n,6,70,false,9,13,onchain,500,66,66.705200,1368.568200,1168.769600,1235.474800,6.225900,true,4224,4352,0x098b50423eb1b80e5a7fb520438bb4f17cbf6c9b9e6ebef7938342aa2df694fe,0x0088ab77acbdc069cfc9f633fed7cecb143790696b76586df6ef40df2b60952c
theo_n,6,71,false,9,13,onchain,500,67,66.042700,1368.568200,1126.978400,1193.021100,6.067200,true,4224,4352,0x098b50423eb1b80e5a7fb520438bb4f17cbf6c9b9e6ebef7938342aa2df694fe,0x19266272248a559ab8943ba2d8258af531fe630f833f9241fd43a9bd449ed3a7
theo_n,6,72,false,9,13,onchain,500,68,63.149100,1368.568200,1139.353800,1202.502900,5.911400,true,4224,4352,0x098b50423eb1b80e5a7fb520438bb4f17cbf6c9b9e6ebef7938342aa2df694fe,0x215eaf1d8e79c9ef4d076f165a4f634ca98f0f5ed28e045b617a86326162e4a2
theo_n,6,73,false,9,13,onchain,500,69,51.733200,1368.568200,1123.822300,1175.555500,6.066800,true,4224,4352,0x098b50423eb1b80e5a7fb520438bb4f17cbf6c9b9e6ebef7938342aa2df694fe,0x0a7e4f05953ca3db4ac4061d27149a86e58e25f8abe9700123d4376accf763bf
theo_n,6,74,false,9,13,onchain,500,70,46.666500,1368.568200,1152.049000,1198.715500,6.865600,true,4224,4352,0x098b50423eb1b80e5a7fb520438bb4f17cbf6c9b9e6ebef7938342aa2df694fe,0x08605ab6f0ea9feaba6887ea78431d2492628dfd59a10292fc7afe5ea2e8eece
theo_n,6,75,false,9,13,onchain,500,71,64.166200,1368.568200,1125.192500,1189.358700,5.580700,true,4224,4352,0x098b50423eb1b80e5a7fb520438bb4f17cbf6c9b9e6ebef7938342aa2df694fe,0x26d317fe0299e077054be278d1f0d21206ca9c25bef0abf439a346026c390dfa
theo_n,6,76,false,9,13,onchain,500,72,54.930400,1368.568200,1133.688000,1188.618400,6.474900,true,4224,4352,0x098b50423eb1b80e5a7fb520438bb4f17cbf6c9b9e6ebef7938342aa2df694fe,0x25af9ec4cff748dbaf0976a3ff1188e5b628546f7f4f5b9db9eaa477462f7869
theo_n,6,77,false,9,13,onchain,500,73,62.603500,1368.568200,1142.762800,1205.366300,7.174700,true,4224,4352,0x098b50423eb1b80e5a7fb520438bb4f17cbf6c9b9e6ebef7938342aa2df694fe,0x01fb960b8f1b5d34b7f4749defb02b514c03bec096b79a9bc37ebfdeec741f2b
theo_n,6,78,false,9,13,onchain,500,74,64.063000,1368.568200,1149.092900,1213.155900,5.869900,true,4224,4352,0x098b50423eb1b80e5a7fb520438bb4f17cbf6c9b9e6ebef7938342aa2df694fe,0x12e08ec57ab72cecc7a3924708902cc02c89942a36fdb660beb16561ed7ef5ce
theo_n,6,79,false,9,13,onchain,500,75,49.046400,1368.568200,1127.062700,1176.109100,5.947100,true,4224,4352,0x098b50423eb1b80e5a7fb520438bb4f17cbf6c9b9e6ebef7938342aa2df694fe,0x16a729a31e033516db4de85c7111097269183918aa98a399cfd2eabaf4bc6545
theo_n,6,80,false,9,13,onchain,500,76,65.084600,1368.568200,1125.551100,1190.635700,5.580500,true,4224,4352,0x098b50423eb1b80e5a7fb520438bb4f17cbf6c9b9e6ebef7938342aa2df694fe,0x0d453d4335fb2a5c16d11d4240b1166d98908cce0ead0250abff97a9868aecc8
theo_n,6,81,false,9,13,onchain,500,77,64.856700,1368.568200,1133.958000,1198.814700,6.883000,true,4224,4352,0x098b50423eb1b80e5a7fb520438bb4f17cbf6c9b9e6ebef7938342aa2df694fe,0x0d4fb35507c4725529bee562d7875325d2200194fbe8fd2e917d6dd1cc23fdc2
theo_n,6,82,false,9,13,onchain,500,78,65.664800,1368.568200,1110.843700,1176.508500,5.909500,true,4224,4352,0x098b50423eb1b80e5a7fb520438bb4f17cbf6c9b9e6ebef7938342aa2df694fe,0x18fd75dcd068156962b7472b26d5764df5f027a7dc6aba38d75ff522addddc25
theo_n,6,83,false,9,13,onchain,500,79,54.414800,1368.568200,1122.426800,1176.841600,5.619100,true,4224,4352,0x098b50423eb1b80e5a7fb520438bb4f17cbf6c9b9e6ebef7938342aa2df694fe,0x2be77b57647a6b10a55e242f74a9ccf7e4785095dad898a23c39c7449a8a7c0c
theo_n,6,84,false,9,13,onchain,500,80,46.813300,1368.568200,1124.072600,1170.885900,5.621600,true,4224,4352,0x098b50423eb1b80e5a7fb520438bb4f17cbf6c9b9e6ebef7938342aa2df694fe,0x0d9b8e94306ca021ecb938f5026044a99fb2903e768e0b859c6cb7f74c89ada6
theo_n,6,85,false,9,13,onchain,500,81,59.892200,1368.568200,1121.946000,1181.838200,5.906400,true,4224,4352,0x098b50423eb1b80e5a7fb520438bb4f17cbf6c9b9e6ebef7938342aa2df694fe,0x06c0b3f5ffd3b8544f72e020c2ffde1c8399e0f7b3f5c2c98ef2d41a5b6d2a0a
theo_n,6,86,false,9,13,onchain,500,82,61.698200,1368.568200,1100.174100,1161.872300,6.470000,true,4224,4352,0x098b50423eb1b80e5a7fb520438bb4f17cbf6c9b9e6ebef7938342aa2df694fe,0x0fcde5acfb3565955df8385342e3d172fc5e4376c643a3cb46cf9cada75b9277
theo_n,6,87,false,9,13,onchain,500,83,53.061000,1368.568200,1109.247100,1162.308100,6.327300,true,4224,4352,0x098b50423eb1b80e5a7fb520438bb4f17cbf6c9b9e6ebef7938342aa2df694fe,0x15051a287f47c76ed7d2269998aa47f5381185b04d9f51445c39087cd8ed01de
theo_n,6,88,false,9,13,onchain,500,84,41.683300,1368.568200,1149.717800,1191.401100,6.594900,true,4224,4352,0x098b50423eb1b80e5a7fb520438bb4f17cbf6c9b9e6ebef7938342aa2df694fe,0x0f7765a835070e4481f45e0827e06270383d6f9cdbd4196f283b338b9a4e3238
theo_n,6,89,false,9,13,onchain,500,85,65.434600,1368.568200,1108.301500,1173.736100,6.249600,true,4224,4352,0x098b50423eb1b80e5a7fb520438bb4f17cbf6c9b9e6ebef7938342aa2df694fe,0x2b62ea88645121b88157ac06e4e3f9c3178df965566ae6496a8d6c6bb96fbded
theo_n,6,90,false,9,13,onchain,500,86,61.518100,1368.568200,1116.084200,1177.602300,5.748500,true,4224,4352,0x098b50423eb1b80e5a7fb520438bb4f17cbf6c9b9e6ebef7938342aa2df694fe,0x2dd46823e0fa0e639cbb8cc928ec221105d0d9a65c31b716e52a5a52adfcfb95
theo_n,6,91,false,9,13,onchain,500,87,60.025200,1368.568200,1112.912300,1172.937500,5.903000,true,4224,4352,0x098b50423eb1b80e5a7fb520438bb4f17cbf6c9b9e6ebef7938342aa2df694fe,0x28a7f749444fc4fb853eeff2d8b65c7a41abfea333797977a42f9f84eb0ea79b
theo_n,6,92,false,9,13,onchain,500,88,55.072300,1368.568200,1115.437300,1170.509600,6.588300,true,4224,4352,0x098b50423eb1b80e5a7fb520438bb4f17cbf6c9b9e6ebef7938342aa2df694fe,0x1990851d8f9a1f34328e760b34b2c549764ca2e1557dde4c5f189c4e168cd5f9
theo_n,6,93,false,9,13,onchain,500,89,40.820900,1368.568200,1136.951500,1177.772400,6.946300,true,4224,4352,0x098b50423eb1b80e5a7fb520438bb4f17cbf6c9b9e6ebef7938342aa2df694fe,0x2b8d45422864217488a84b2c5d353db89cdf51b5bee10eb545baef4f7381330f
theo_n,6,94,false,9,13,onchain,500,90,62.259700,1368.568200,1115.909300,1178.169000,7.656600,true,4224,4352,0x098b50423eb1b80e5a7fb520438bb4f17cbf6c9b9e6ebef7938342aa2df694fe,0x00f12dbe894fc42bbde3b356e7868f42f5a9a342cfd632ff464f8fcf9e57333b
theo_n,6,95,false,9,13,onchain,500,91,49.981100,1368.568200,1136.585300,1186.566400,5.935800,true,4224,4352,0x098b50423eb1b80e5a7fb520438bb4f17cbf6c9b9e6ebef7938342aa2df694fe,0x1ec83bfd5f380ef673a5af89e992e0d01715ca7d7f2967cc8316c40bb09163a9
theo_n,6,96,false,9,13,onchain,500,92,58.694600,1368.568200,1108.330800,1167.025400,5.998100,true,4224,4352,0x098b50423eb1b80e5a7fb520438bb4f17cbf6c9b9e6ebef7938342aa2df694fe,0x0b07c8f3f557a462c6ef632caabdcf5fc3bf382ff18dfe46aae0dadaedd5a8d2
theo_n,6,97,false,9,13,onchain,500,93,52.167500,1368.568200,1131.788800,1183.956300,5.593500,true,4224,4352,0x098b50423eb1b80e5a7fb520438bb4f17cbf6c9b9e6ebef7938342aa2df694fe,0x0d315137502a0bf670e5c74c46603131659987d14b09d74da3c36de13a608b07
theo_n,6,98,false,9,13,onchain,500,94,65.546900,1368.568200,1103.362300,1168.909200,5.727300,true,4224,4352,0x098b50423eb1b80e5a7fb520438bb4f17cbf6c9b9e6ebef7938342aa2df694fe,0x2d7c0a2bf3f877b4301edfbb51e2b35bd3c86cfe1d1a492eb454d060ae7778f1
theo_n,6,99,false,9,13,onchain,500,95,55.726000,1368.568200,1141.180700,1196.906700,7.466900,true,4224,4352,0x098b50423eb1b80e5a7fb520438bb4f17cbf6c9b9e6ebef7938342aa2df694fe,0x08d69a87c1f599104a063e0894e7eb48d057bdabc16119b7d07547d35fa7c8a5
theo_n,6,100,false,9,13,onchain,500,96,68.240900,1368.568200,1138.606100,1206.847000,7.772900,true,4224,4352,0x098b50423eb1b80e5a7fb520438bb4f17cbf6c9b9e6ebef7938342aa2df694fe,0x1c7df0827e1080ee71d950a409a18e1518a5e3bce2da8c0ce1b24094d4994b6b
theo_n,6,101,false,9,13,onchain,500,97,68.130700,1368.568200,1185.496300,1253.627000,6.367700,true,4224,4352,0x098b50423eb1b80e5a7fb520438bb4f17cbf6c9b9e6ebef7938342aa2df694fe,0x2d58a42d5d1cc2791453aaa1b78a1d4086dc79c5bae4a72518c26d1eeeaf480a
theo_n,6,102,false,9,13,onchain,500,98,66.176700,1368.568200,1149.528600,1215.705300,5.525400,true,4224,4352,0x098b50423eb1b80e5a7fb520438bb4f17cbf6c9b9e6ebef7938342aa2df694fe,0x082328b47921926c3d45725c3c54adb91798ae45bbee77c57c13c78a0e127537
theo_n,6,103,false,9,13,onchain,500,99,63.767900,1368.568200,1100.019500,1163.787400,6.068000,true,4224,4352,0x098b50423eb1b80e5a7fb520438bb4f17cbf6c9b9e6ebef7938342aa2df694fe,0x0346d298ca5e9ba5bc6d3e3e2e13cc63e6e4d14e53981e988e66eb8d5b87aed3
theo_n,6,104,false,9,13,onchain,500,100,46.639000,1368.568200,1126.521300,1173.160300,6.388000,true,4224,4352,0x098b50423eb1b80e5a7fb520438bb4f17cbf6c9b9e6ebef7938342aa2df694fe,0x280a714b2978fcf5aba174c93ac09d948715115992029fdb917fd8374ab986bd
theo_n,6,105,false,9,13,onchain,500,101,54.416500,1368.568200,1130.103900,1184.520400,5.755900,true,4224,4352,0x098b50423eb1b80e5a7fb520438bb4f17cbf6c9b9e6ebef7938342aa2df694fe,0x085cb394d60f01c45b060e3655b9680d97304f6337b86fda09f0335513c0eaf0
theo_n,6,106,false,9,13,onchain,500,102,46.916700,1368.568200,1118.973000,1165.889700,6.023500,true,4224,4352,0x098b50423eb1b80e5a7fb520438bb4f17cbf6c9b9e6ebef7938342aa2df694fe,0x1527c5d2d9c656f6144be711876760da3a61cf05ed9e544600be5f4b9cfe074d
theo_n,6,107,false,9,13,onchain,500,103,66.503700,1368.568200,1110.329500,1176.833200,8.111600,true,4224,4352,0x098b50423eb1b80e5a7fb520438bb4f17cbf6c9b9e6ebef7938342aa2df694fe,0x1eaec94c680ac2a6a85aa250ddf4cb5bd7a659b00b78f4b6b7c75044fad7d3bd
theo_n,6,108,false,9,13,onchain,500,104,59.435800,1368.568200,1111.574000,1171.009800,6.435600,true,4224,4352,0x098b50423eb1b80e5a7fb520438bb4f17cbf6c9b9e6ebef7938342aa2df694fe,0x15d2afc485db584720f32f6198068e75f1168528ba496590a1980e0f1b270985
theo_n,6,109,false,9,13,onchain,500,105,43.342300,1368.568200,1117.886000,1161.228300,5.942700,true,4224,4352,0x098b50423eb1b80e5a7fb520438bb4f17cbf6c9b9e6ebef7938342aa2df694fe,0x1a5da863997d24b5471d5d5e81070d3959dae8e5b754f8c0c15c3465fc18ca97
theo_n,6,110,false,9,13,onchain,500,106,47.308900,1368.568200,1115.899000,1163.207900,6.090700,true,4224,4352,0x098b50423eb1b80e5a7fb520438bb4f17cbf6c9b9e6ebef7938342aa2df694fe,0x273edd203800914995c38c0f86697eebec9b5fe5bbf24f7e1a8008a29448420f
theo_n,6,111,false,9,13,onchain,500,107,51.644600,1368.568200,1126.797200,1178.441800,6.295200,true,4224,4352,0x098b50423eb1b80e5a7fb520438bb4f17cbf6c9b9e6ebef7938342aa2df694fe,0x2d0b9fe4e87166878564917f8414cfbd31d9faba6cd878a9cbf85c615976b56f
theo_n,6,112,false,9,13,onchain,500,108,59.602000,1368.568200,1146.412100,1206.014100,5.725300,true,4224,4352,0x098b50423eb1b80e5a7fb520438bb4f17cbf6c9b9e6ebef7938342aa2df694fe,0x132230c786a10fd367e92c57fe0adc7480c4617b2bfbe878a0401dfb1b72cb4f
theo_n,6,113,false,9,13,onchain,500,109,62.405600,1368.568200,1107.740200,1170.145800,5.562400,true,4224,4352,0x098b50423eb1b80e5a7fb520438bb4f17cbf6c9b9e6ebef7938342aa2df694fe,0x16cd25f623714f4f1b7065482e340f09ca465af9ebcce54ad72bdc27f48342df
theo_n,6,114,false,9,13,onchain,500,110,56.693300,1368.568200,1193.397600,1250.090900,6.986100,true,4224,4352,0x098b50423eb1b80e5a7fb520438bb4f17cbf6c9b9e6ebef7938342aa2df694fe,0x1bd2861c2b226ae17de48461808c1065c0f1c05fbd72069529891146436c9b34
theo_n,6,115,false,9,13,onchain,500,111,49.139100,1368.568200,1134.112300,1183.251400,6.306000,true,4224,4352,0x098b50423eb1b80e5a7fb520438bb4f17cbf6c9b9e6ebef7938342aa2df694fe,0x0fae658cab7c5225312015aba3241828f57834001837fa9b2ba7a8dea2a5c6cf
theo_n,6,116,false,9,13,onchain,500,112,64.380700,1368.568200,1118.859800,1183.240500,6.451900,true,4224,4352,0x098b50423eb1b80e5a7fb520438bb4f17cbf6c9b9e6ebef7938342aa2df694fe,0x1c5bd298c59b7b24b1802fdfa7c5e831f068f3b3f82ee84667b05d2945f3246e
theo_n,6,117,false,9,13,onchain,500,113,61.489600,1368.568200,1103.827800,1165.317400,7.403500,true,4224,4352,0x098b50423eb1b80e5a7fb520438bb4f17cbf6c9b9e6ebef7938342aa2df694fe,0x2c99a20b86bdb461dd0a77ef1c3714daeaca35a1b808a8abba086b86b93557ce
theo_n,6,118,false,9,13,onchain,500,114,67.446500,1368.568200,1139.357400,1206.803900,6.745400,true,4224,4352,0x098b50423eb1b80e5a7fb520438bb4f17cbf6c9b9e6ebef7938342aa2df694fe,0x25fd20ab6e32c5e8688735c9a2a6f33777a1d050634219f0b002c81ced1c7b5e
theo_n,6,119,false,9,13,onchain,500,115,66.534500,1368.568200,1131.252900,1197.787400,5.495800,true,4224,4352,0x098b50423eb1b80e5a7fb520438bb4f17cbf6c9b9e6ebef7938342aa2df694fe,0x291280af54056c2cd9ad444ad2cdf0658fbdf5cdf12638e6ee2b4eb312a06144
theo_n,6,120,false,9,13,onchain,500,116,44.815900,1368.568200,1133.763200,1178.579100,6.178400,true,4224,4352,0x098b50423eb1b80e5a7fb520438bb4f17cbf6c9b9e6ebef7938342aa2df694fe,0x062716b8ca7b91cefd14777688e1184a74ef6e5c5b6b65936db29c147c43227e
theo_n,6,121,false,9,13,onchain,500,117,53.445100,1368.568200,1109.865800,1163.310900,5.928100,true,4224,4352,0x098b50423eb1b80e5a7fb520438bb4f17cbf6c9b9e6ebef7938342aa2df694fe,0x048e61258fe1e21ef0d5714d38c150dc8cabb2ab182c87524b52f5ec88e1f81f
theo_n,6,122,false,9,13,onchain,500,118,64.678000,1368.568200,1132.438700,1197.116700,6.141800,true,4224,4352,0x098b50423eb1b80e5a7fb520438bb4f17cbf6c9b9e6ebef7938342aa2df694fe,0x0337077e10fc7847a1ac99ececa16ab363e8cf5ce0b82290be76dd1dc10769e8
theo_n,6,123,false,9,13,onchain,500,119,58.509300,1368.568200,1103.883600,1162.392900,6.080300,true,4224,4352,0x098b50423eb1b80e5a7fb520438bb4f17cbf6c9b9e6ebef7938342aa2df694fe,0x122ac2ab494aa392fcee5dd7347129100fc0de2505d46d438da3cd8a2d32e6ea
theo_n,6,124,false,9,13,onchain,500,120,63.462900,1368.568200,1105.250000,1168.712900,5.694300,true,4224,4352,0x098b50423eb1b80e5a7fb520438bb4f17cbf6c9b9e6ebef7938342aa2df694fe,0x1bb18f78f446215b3d6ac87d13f405094b21b926809bad622f625a5c4aba0aa5
theo_n,6,125,false,9,13,onchain,500,121,53.761500,1368.568200,1115.855500,1169.617000,5.813700,true,4224,4352,0x098b50423eb1b80e5a7fb520438bb4f17cbf6c9b9e6ebef7938342aa2df694fe,0x11586f2d39477f1bc5e9b1d06a9fdff35e236bf3cdc4aab74f621481516d7815
theo_n,6,126,false,9,13,onchain,500,122,59.382200,1368.568200,1121.651700,1181.033900,6.194100,true,4224,4352,0x098b50423eb1b80e5a7fb520438bb4f17cbf6c9b9e6ebef7938342aa2df694fe,0x1ddb223e1339f8bf0cbed084e0b0a69adf4fe7ca2c5dc312fce34c5ed9fdf094
theo_n,6,127,false,9,13,onchain,500,123,61.663800,1368.568200,1130.952400,1192.616200,6.983600,true,4224,4352,0x098b50423eb1b80e5a7fb520438bb4f17cbf6c9b9e6ebef7938342aa2df694fe,0x1840a4c242fef47e8f74cd8aa8295e9b11f3bc37ee4ad16c38a5c208344b37dc
theo_n,6,128,false,9,13,onchain,500,124,65.800000,1368.568200,1125.379400,1191.179400,8.638000,true,4224,4352,0x098b50423eb1b80e5a7fb520438bb4f17cbf6c9b9e6ebef7938342aa2df694fe,0x1c13441afbd44509328c5d26d85d3acf169464c8375735cbb5efd13c343ad09f
theo_n,6,129,false,9,13,onchain,500,125,53.721700,1368.568200,1146.801200,1200.522900,6.127100,true,4224,4352,0x098b50423eb1b80e5a7fb520438bb4f17cbf6c9b9e6ebef7938342aa2df694fe,0x1326819b8b7b82169305219445339534c813219958aff00f2de38420d73886c2
theo_n,6,130,false,9,13,onchain,500,126,59.730300,1368.568200,1132.229800,1191.960100,5.690000,true,4224,4352,0x098b50423eb1b80e5a7fb520438bb4f17cbf6c9b9e6ebef7938342aa2df694fe,0x2ca4fcbbe3622752f4aa4e3ca994d30d0c1456ecbc1cad9193430d998bc7ef6e
theo_n,6,131,false,9,13,onchain,500,127,46.504600,1368.568200,1122.354800,1168.859400,6.539200,true,4224,4352,0x098b50423eb1b80e5a7fb520438bb4f17cbf6c9b9e6ebef7938342aa2df694fe,0x1b76b599cec9d9ae0690413de23fc0c9eb5a159ef05aea11a95ee8cda8592759
theo_n,6,132,false,9,13,onchain,500,128,66.522700,1368.568200,1102.133300,1168.656000,6.017100,true,4224,4352,0x098b50423eb1b80e5a7fb520438bb4f17cbf6c9b9e6ebef7938342aa2df694fe,0x19fdf3e31ef4713cb2b80a9d45bb04e96c7ee09d39424729962e332821c9888a
theo_n,6,133,false,9,13,onchain,500,129,59.324700,1368.568200,1135.418800,1194.743500,8.152500,true,4224,4352,0x098b50423eb1b80e5a7fb520438bb4f17cbf6c9b9e6ebef7938342aa2df694fe,0x1f4b342dcdff21fbd66fa67e11c5544bfd8929b923b2dabc1f7ac6cb5151b9b9
theo_n,6,134,false,9,13,onchain,500,130,54.577700,1368.568200,1104.500400,1159.078100,7.462900,true,4224,4352,0x098b50423eb1b80e5a7fb520438bb4f17cbf6c9b9e6ebef7938342aa2df694fe,0x154b1d74c2618354b26b34c984e94e4f7d706573361930e780b8278071f43a98
theo_n,6,135,false,9,13,onchain,500,131,67.303100,1368.568200,1146.761000,1214.064100,6.341300,true,4224,4352,0x098b50423eb1b80e5a7fb520438bb4f17cbf6c9b9e6ebef7938342aa2df694fe,0x1cd387bebe939deb9139dccf335cf5da302583a9ba488b7eea65b16b9f797a0d
theo_n,6,136,false,9,13,onchain,500,132,39.855200,1368.568200,1192.167800,1232.023000,7.286700,true,4224,4352,0x098b50423eb1b80e5a7fb520438bb4f17cbf6c9b9e6ebef7938342aa2df694fe,0x06d6a19737ba3c27075e413dd7860d45cc20cb35ed6c608ac22acc2e5c9c54bb
theo_n,6,137,false,9,13,onchain,500,133,68.587000,1368.568200,1183.351800,1251.938800,6.361600,true,4224,4352,0x098b50423eb1b80e5a7fb520438bb4f17cbf6c9b9e6ebef7938342aa2df694fe,0x29477a7a12360051ea5c87e3ca17fa0d3d2370b734d34a8bfeccbec806464239
theo_n,6,138,false,9,13,onchain,500,134,54.177300,1368.568200,1134.306400,1188.483700,5.784900,true,4224,4352,0x098b50423eb1b80e5a7fb520438bb4f17cbf6c9b9e6ebef7938342aa2df694fe,0x261908540691dd3c2c92abe77a9016a9a562140b65ef5e147e1a60d0cdfc90e0
theo_n,6,139,false,9,13,onchain,500,135,47.020100,1368.568200,1128.762600,1175.782700,7.020100,true,4224,4352,0x098b50423eb1b80e5a7fb520438bb4f17cbf6c9b9e6ebef7938342aa2df694fe,0x2674c02a1b2848b07db064c5a4e58662470a9da5dc7276de3c371db1c33bc5bc
theo_n,6,140,false,9,13,onchain,500,136,56.900500,1368.568200,1130.415400,1187.315900,6.000400,true,4224,4352,0x098b50423eb1b80e5a7fb520438bb4f17cbf6c9b9e6ebef7938342aa2df694fe,0x19c06805eb153a95eef5e1daec5f4936cfd6b1fd84715978ae293859cf99f2f7
theo_n,6,141,false,9,13,onchain,500,137,64.204800,1368.568200,1121.041200,1185.246000,6.657500,true,4224,4352,0x098b50423eb1b80e5a7fb520438bb4f17cbf6c9b9e6ebef7938342aa2df694fe,0x2b9386b34b67cca51b5f376f0d9d5825990e05d8a0663acc09cd7ef2478b99ef
theo_n,6,142,false,9,13,onchain,500,138,62.094100,1368.568200,1150.182000,1212.276100,5.399000,true,4224,4352,0x098b50423eb1b80e5a7fb520438bb4f17cbf6c9b9e6ebef7938342aa2df694fe,0x1d973ebf381de252d781eee0181e4bf96f60364a6355f27faf9d88a26c6d5f74
theo_n,6,143,false,9,13,onchain,500,139,62.730100,1368.568200,1112.640000,1175.370100,6.458900,true,4224,4352,0x098b50423eb1b80e5a7fb520438bb4f17cbf6c9b9e6ebef7938342aa2df694fe,0x1dbc758c2bdd3ffd4ae4900c512cfdd59aa39693c5da8541569bb1b11a7a4ff7
theo_n,6,144,false,9,13,onchain,500,140,55.058400,1368.568200,1128.465800,1183.524200,6.392400,true,4224,4352,0x098b50423eb1b80e5a7fb520438bb4f17cbf6c9b9e6ebef7938342aa2df694fe,0x24fefd181e7c2a8b9c3c99e3f098e38499d6eb3748a5bec2ec08c191c32a20c9
theo_n,6,145,false,9,13,onchain,500,141,48.926100,1368.568200,1142.247800,1191.173900,6.456300,true,4224,4352,0x098b50423eb1b80e5a7fb520438bb4f17cbf6c9b9e6ebef7938342aa2df694fe,0x23968c116ab2270a3af0c481a377d282fa2af22d0df2584795947071ab2e8546
theo_n,6,146,false,9,13,onchain,500,142,48.100600,1368.568200,1133.908400,1182.009000,6.745500,true,4224,4352,0x098b50423eb1b80e5a7fb520438bb4f17cbf6c9b9e6ebef7938342aa2df694fe,0x1647c354c1f20bac7643c9c62e601536572c45dcedaee32d3ee30e288b2a1fee
theo_n,6,147,false,9,13,onchain,500,143,40.570500,1368.568200,1136.293800,1176.864300,6.381900,true,4224,4352,0x098b50423eb1b80e5a7fb520438bb4f17cbf6c9b9e6ebef7938342aa2df694fe,0x2ea5df06e8526bce926495cfb5bcaeeded936c0d347b1f44869b740c89de802c
theo_n,6,148,false,9,13,onchain,500,144,66.674200,1368.568200,1107.949700,1174.623900,5.792400,true,4224,4352,0x098b50423eb1b80e5a7fb520438bb4f17cbf6c9b9e6ebef7938342aa2df694fe,0x0583f5e4a43ff231fab22b74c1e8dc9ca7e11f908ebfec3cae568fa348641be4
theo_n,6,149,false,9,13,onchain,500,145,56.501300,1368.568200,1151.419400,1207.920700,7.066200,true,4224,4352,0x098b50423eb1b80e5a7fb520438bb4f17cbf6c9b9e6ebef7938342aa2df694fe,0x14e11f8cfedbf4f8cf3085e378b3035aa5a493ea65a91f2de51f071ab1c11333
theo_n,6,150,false,9,13,onchain,500,146,67.149500,1368.568200,1108.458400,1175.607900,6.238100,true,4224,4352,0x098b50423eb1b80e5a7fb520438bb4f17cbf6c9b9e6ebef7938342aa2df694fe,0x245b631ba32f9e19fd8f3d1bf8329300750d5c30e6151c849be8b7168923763d
theo_n,6,151,false,9,13,onchain,500,147,66.021500,1368.568200,1114.433600,1180.455100,6.369000,true,4224,4352,0x098b50423eb1b80e5a7fb520438bb4f17cbf6c9b9e6ebef7938342aa2df694fe,0x0a4cf55b4df6d265e96388cc0abf738334a51602cc8ee10b4e6798b91c62ccf6
theo_n,6,152,false,9,13,onchain,500,148,40.312900,1368.568200,1132.329000,1172.641900,5.749900,true,4224,4352,0x098b50423eb1b80e5a7fb520438bb4f17cbf6c9b9e6ebef7938342aa2df694fe,0x2980306594ba7a72b85f517f2b2217da35af687f784e3e046e7dc5d50302957d
theo_n,6,153,false,9,13,onchain,500,149,66.244700,1368.568200,1110.149600,1176.394300,6.129700,true,4224,4352,0x098b50423eb1b80e5a7fb520438bb4f17cbf6c9b9e6ebef7938342aa2df694fe,0x0bae57eb5e9667ff3213947821ebf0971fbc22df8df57a3113b581d199257ff1
theo_n,6,154,false,9,13,onchain,500,150,59.057100,1368.568200,1117.427900,1176.485000,6.137700,true,4224,4352,0x098b50423eb1b80e5a7fb520438bb4f17cbf6c9b9e6ebef7938342aa2df694fe,0x09df330028e60ab8f64f208ed8725b2bd088b3666a34eddd5b59cc30efa91446
theo_n,6,155,false,9,13,onchain,500,151,55.057200,1368.568200,1120.667000,1175.724200,6.015000,true,4224,4352,0x098b50423eb1b80e5a7fb520438bb4f17cbf6c9b9e6ebef7938342aa2df694fe,0x0e827a40e73cd93978223bdaea2de4a3662c85d4ada215d330dd658fcde25a44
theo_n,6,156,false,9,13,onchain,500,152,55.787900,1368.568200,1117.406400,1173.194300,6.192600,true,4224,4352,0x098b50423eb1b80e5a7fb520438bb4f17cbf6c9b9e6ebef7938342aa2df694fe,0x2df1bef61f31af46f7936d4d9d4c5ac1d276b7b8eaecfe888700ac1298f92267
theo_n,6,157,false,9,13,onchain,500,153,66.920100,1368.568200,1122.331400,1189.251500,5.724400,true,4224,4352,0x098b50423eb1b80e5a7fb520438bb4f17cbf6c9b9e6ebef7938342aa2df694fe,0x12915572ab99b6ddc8fea60928bc7ce39caeba0d31257fc844a096476109b36f
theo_n,6,158,false,9,13,onchain,500,154,52.033700,1368.568200,1113.039700,1165.073400,5.838100,true,4224,4352,0x098b50423eb1b80e5a7fb520438bb4f17cbf6c9b9e6ebef7938342aa2df694fe,0x1a9da40b6a281115b0c04c78ccf79a0177bfd4bd849e7a87b72227206ca49630
theo_n,6,159,false,9,13,onchain,500,155,63.806300,1368.568200,1112.555200,1176.361500,6.108600,true,4224,4352,0x098b50423eb1b80e5a7fb520438bb4f17cbf6c9b9e6ebef7938342aa2df694fe,0x05a92e4d70718e361377004987d81958215294de37ec7adfa4ae249de133a464
theo_n,6,160,false,9,13,onchain,500,156,54.346400,1368.568200,1103.386800,1157.733200,8.466700,true,4224,4352,0x098b50423eb1b80e5a7fb520438bb4f17cbf6c9b9e6ebef7938342aa2df694fe,0x011d10d516eb6795ffe1ac987326ec7b8a1bc7c6216fb37623144bce1ea511d9
theo_n,6,161,false,9,13,onchain,500,157,67.290300,1368.568200,1108.188300,1175.478600,5.682000,true,4224,4352,0x098b50423eb1b80e5a7fb520438bb4f17cbf6c9b9e6ebef7938342aa2df694fe,0x07c2427f7b75d030b8add3786708a7f1ff3619698d999713baa4e3e9179ea69c
theo_n,6,162,false,9,13,onchain,500,158,59.024700,1368.568200,1127.515500,1186.540200,6.603800,true,4224,4352,0x098b50423eb1b80e5a7fb520438bb4f17cbf6c9b9e6ebef7938342aa2df694fe,0x15b494b2d69d888296e4a53c9138e66b123c8700312e6b706ac66675afaf6f1e
theo_n,6,163,false,9,13,onchain,500,159,67.503000,1368.568200,1131.758000,1199.261000,6.263900,true,4224,4352,0x098b50423eb1b80e5a7fb520438bb4f17cbf6c9b9e6ebef7938342aa2df694fe,0x09d28e4bc034581881ef74dcd3ef170396e570e5cdac22e022a7b681b15fa3f8
theo_n,6,164,false,9,13,onchain,500,160,63.222300,1368.568200,1174.273800,1237.496100,5.814200,true,4224,4352,0x098b50423eb1b80e5a7fb520438bb4f17cbf6c9b9e6ebef7938342aa2df694fe,0x06320cda582ab69eba60cc5f2d8f98720c81076f5feb562563b2678474f0e833
theo_n,6,165,false,9,13,onchain,500,161,59.506700,1368.568200,1115.909300,1175.416000,5.493000,true,4224,4352,0x098b50423eb1b80e5a7fb520438bb4f17cbf6c9b9e6ebef7938342aa2df694fe,0x1ed92eb6f52266c41b5eff71eff811783249cd3cb8dab2b6d993871737888e24
theo_n,6,166,false,9,13,onchain,500,162,47.687600,1368.568200,1138.742100,1186.429700,6.452800,true,4224,4352,0x098b50423eb1b80e5a7fb520438bb4f17cbf6c9b9e6ebef7938342aa2df694fe,0x2f228f71e58a7b39a67b3c4e6272d392223b6299129403e73cd5d22ee0dd12ac
theo_n,6,167,false,9,13,onchain,500,163,65.760800,1368.568200,1124.110500,1189.871300,6.088400,true,4224,4352,0x098b50423eb1b80e5a7fb520438bb4f17cbf6c9b9e6ebef7938342aa2df694fe,0x08b9ea24dacf4bb71cd1a71d186ad4a3aa0b1224036b3d5975053220811cfde2
theo_n,6,168,false,9,13,onchain,500,164,73.565100,1368.568200,1166.529900,1240.095000,8.140700,true,4224,4352,0x098b50423eb1b80e5a7fb520438bb4f17cbf6c9b9e6ebef7938342aa2df694fe,0x1e916b5d46e155942cbf9bd03d57a68d6870f77dfa7a2603838d5697fc064995
theo_n,6,169,false,9,13,onchain,500,165,64.982900,1368.568200,1144.168800,1209.151700,6.143400,true,4224,4352,0x098b50423eb1b80e5a7fb520438bb4f17cbf6c9b9e6ebef7938342aa2df694fe,0x2083a99ee8336b2216a949706234f1238389c5d988e1a708f1d82d2dd19a36f8
theo_n,6,170,false,9,13,onchain,500,166,64.129100,1368.568200,1114.862400,1178.991500,6.329300,true,4224,4352,0x098b50423eb1b80e5a7fb520438bb4f17cbf6c9b9e6ebef7938342aa2df694fe,0x0fc49d02f286296ca6aea328cf7989ead6df46008a90ac7708b353d4d1fa50a1
theo_n,6,171,false,9,13,onchain,500,167,61.364900,1368.568200,1110.874200,1172.239100,5.826400,true,4224,4352,0x098b50423eb1b80e5a7fb520438bb4f17cbf6c9b9e6ebef7938342aa2df694fe,0x01c951890bef8b00ee81b33d53ff33cabfdb08c77cd3d71cf09ae6aa9c8e6223
theo_n,6,172,false,9,13,onchain,500,168,63.523100,1368.568200,1111.893600,1175.416700,5.963900,true,4224,4352,0x098b50423eb1b80e5a7fb520438bb4f17cbf6c9b9e6ebef7938342aa2df694fe,0x2e21bd7006b2fe0c1b3e8d85680b3db6b9023ae9655b981deba01610d09107ff
theo_n,6,173,false,9,13,onchain,500,169,55.713000,1368.568200,1152.571700,1208.284700,6.425400,true,4224,4352,0x098b50423eb1b80e5a7fb520438bb4f17cbf6c9b9e6ebef7938342aa2df694fe,0x2dea3ace923241fb9b6cbe0f7cc54de90e793785f271579dc5ba7ed217ecf5de
theo_n,6,174,false,9,13,onchain,500,170,60.285300,1368.568200,1147.222200,1207.507500,6.012100,true,4224,4352,0x098b50423eb1b80e5a7fb520438bb4f17cbf6c9b9e6ebef7938342aa2df694fe,0x10f12245982fffe007b0ecef635197a5267eb81d727d447237c3f308eeea06c5
theo_n,6,175,false,9,13,onchain,500,171,46.146200,1368.568200,1127.537500,1173.683700,6.141300,true,4224,4352,0x098b50423eb1b80e5a7fb520438bb4f17cbf6c9b9e6ebef7938342aa2df694fe,0x1fde592bf80e60c3006f6357af1860d7a9c3b5f570bc0e39666b2fa0b0fa623b
theo_n,6,176,false,9,13,onchain,500,172,54.470100,1368.568200,1147.545800,1202.015900,5.691900,true,4224,4352,0x098b50423eb1b80e5a7fb520438bb4f17cbf6c9b9e6ebef7938342aa2df694fe,0x03f52ca2eb1444ab17b86e0070b7cb17a6e6d8eb47ba455096f24be0ef44e64d
theo_n,6,177,false,9,13,onchain,500,173,51.141100,1368.568200,1153.350400,1204.491500,6.012000,true,4224,4352,0x098b50423eb1b80e5a7fb520438bb4f17cbf6c9b9e6ebef7938342aa2df694fe,0x298aa57712a04fb53de588b8f1a0b1d1e4227d335b31773343b126bd46d6c8ce
theo_n,6,178,false,9,13,onchain,500,174,47.704300,1368.568200,1114.976300,1162.680600,6.402400,true,4224,4352,0x098b50423eb1b80e5a7fb520438bb4f17cbf6c9b9e6ebef7938342aa2df694fe,0x107b857578d9cb6989ccf0f30edb97b06bc3833c39c4f2d3e3d372f481dd8023
theo_n,6,179,false,9,13,onchain,500,175,49.136300,1368.568200,1127.181600,1176.317900,6.413000,true,4224,4352,0x098b50423eb1b80e5a7fb520438bb4f17cbf6c9b9e6ebef7938342aa2df694fe,0x1f04cfcb8e116dbe0f227912a09380f4e32e9e3e5f2256e919bb36f7079c5103
theo_n,6,180,false,9,13,onchain,500,176,59.902000,1368.568200,1121.561000,1181.463000,6.075800,true,4224,4352,0x098b50423eb1b80e5a7fb520438bb4f17cbf6c9b9e6ebef7938342aa2df694fe,0x1e68c8b38e22bac0843fbbaa1beb99ff308287da69e2748e848701f40806de03
theo_n,6,181,false,9,13,onchain,500,177,41.313300,1368.568200,1118.327400,1159.640700,7.120700,true,4224,4352,0x098b50423eb1b80e5a7fb520438bb4f17cbf6c9b9e6ebef7938342aa2df694fe,0x00273abbd77c1c843a34dd7136eb304c447c3664dec4b8a1220dfd8f7d419215
theo_n,6,182,false,9,13,onchain,500,178,59.410900,1368.568200,1120.055300,1179.466200,5.552500,true,4224,4352,0x098b50423eb1b80e5a7fb520438bb4f17cbf6c9b9e6ebef7938342aa2df694fe,0x0b28f864933c885e09f83295b931650d055fc4fc29f027c7f9154c739463a145
theo_n,6,183,false,9,13,onchain,500,179,62.722400,1368.568200,1131.846200,1194.568600,6.210300,true,4224,4352,0x098b50423eb1b80e5a7fb520438bb4f17cbf6c9b9e6ebef7938342aa2df694fe,0x1942c46688b94e9feac9b79485e5275cd47749110c86881a6f89b4fd673313b8
theo_n,6,184,false,9,13,onchain,500,180,60.811600,1368.568200,1115.835600,1176.647200,6.772800,true,4224,4352,0x098b50423eb1b80e5a7fb520438bb4f17cbf6c9b9e6ebef7938342aa2df694fe,0x05e66e3156ee58cd9a319fc1bf021b066bb4a12dfcb4065c8fd52badd2816357
theo_n,6,185,false,9,13,onchain,500,181,60.235900,1368.568200,1114.379000,1174.614900,5.983000,true,4224,4352,0x098b50423eb1b80e5a7fb520438bb4f17cbf6c9b9e6ebef7938342aa2df694fe,0x2a3c82367379ca3bc510fa7cc6292b87adeae422acaf533b481b7ab5a9b74ff8
theo_n,6,186,false,9,13,onchain,500,182,54.535900,1368.568200,1112.692500,1167.228400,5.782800,true,4224,4352,0x098b50423eb1b80e5a7fb520438bb4f17cbf6c9b9e6ebef7938342aa2df694fe,0x1249bf76e23d7887ed8174d4d5ab76b45d4e883f887862e0fbb6cb1ff0ae511b
theo_n,6,187,false,9,13,onchain,500,183,54.336800,1368.568200,1131.717300,1186.054100,5.748400,true,4224,4352,0x098b50423eb1b80e5a7fb520438bb4f17cbf6c9b9e6ebef7938342aa2df694fe,0x299618a39d19d4bebd969488c616703e255699e67a2120cf6f08ea875ec432c3
theo_n,6,188,false,9,13,onchain,500,184,66.220400,1368.568200,1096.899500,1163.119900,6.702600,true,4224,4352,0x098b50423eb1b80e5a7fb520438bb4f17cbf6c9b9e6ebef7938342aa2df694fe,0x1c9a777a7d9c58721c7da841f525a15984b7e891da907c30cff77c20fec58449
theo_n,6,189,false,9,13,onchain,500,185,65.680000,1368.568200,1114.368000,1180.048000,5.555400,true,4224,4352,0x098b50423eb1b80e5a7fb520438bb4f17cbf6c9b9e6ebef7938342aa2df694fe,0x2608a22fc17f577d6b0c737a1dae9bf3bfcada6e599a32673cc3b22aa3b6190c
theo_n,6,190,false,9,13,onchain,500,186,54.940100,1368.568200,1125.709900,1180.650000,6.029900,true,4224,4352,0x098b50423eb1b80e5a7fb520438bb4f17cbf6c9b9e6ebef7938342aa2df694fe,0x21c60d25a15e9ae91c63bf274725cbd91cce20150f6968f909ed4545bf10f860
theo_n,6,191,false,9,13,onchain,500,187,45.838700,1368.568200,1116.757700,1162.596400,6.324900,true,4224,4352,0x098b50423eb1b80e5a7fb520438bb4f17cbf6c9b9e6ebef7938342aa2df694fe,0x2a2d7701e0b8c21420d7b7229e667662e2cbb348c0011ae3c54b0a6ef4ddaed2
theo_n,6,192,false,9,13,onchain,500,188,67.334500,1368.568200,1115.774500,1183.109000,6.387700,true,4224,4352,0x098b50423eb1b80e5a7fb520438bb4f17cbf6c9b9e6ebef7938342aa2df694fe,0x2147d5a5854e8222301664ebdea905cf2129477a5b1fa920e3b69c0ffde3fe7c
theo_n,6,193,false,9,13,onchain,500,189,62.140300,1368.568200,1114.136300,1176.276600,5.895100,true,4224,4352,0x098b50423eb1b80e5a7fb520438bb4f17cbf6c9b9e6ebef7938342aa2df694fe,0x09e30c2882ee8f7a4d382ee18bfb26fd8cc97e5b71b4abf04cb6ef5c20141ee8
theo_n,6,194,false,9,13,onchain,500,190,59.705200,1368.568200,1124.338200,1184.043400,6.429300,true,4224,4352,0x098b50423eb1b80e5a7fb520438bb4f17cbf6c9b9e6ebef7938342aa2df694fe,0x29659717e824040f23b91d2d273626a16f2383026d93d647e324bab659038b3b
theo_n,6,195,false,9,13,onchain,500,191,60.967000,1368.568200,1151.874100,1212.841100,6.339100,true,4224,4352,0x098b50423eb1b80e5a7fb520438bb4f17cbf6c9b9e6ebef7938342aa2df694fe,0x08905947031ddfd20fdb11313343efd9b643df52a76a9d8822b84478d51ef533
theo_n,6,196,false,9,13,onchain,500,192,66.332700,1368.568200,1172.470700,1238.803400,6.576600,true,4224,4352,0x098b50423eb1b80e5a7fb520438bb4f17cbf6c9b9e6ebef7938342aa2df694fe,0x2623d2f0bb27f75ed651479f235215416974c7ed687818ca2eca4ed54cb0890e
theo_n,6,197,false,9,13,onchain,500,193,49.906100,1368.568200,1146.926600,1196.832700,6.096600,true,4224,4352,0x098b50423eb1b80e5a7fb520438bb4f17cbf6c9b9e6ebef7938342aa2df694fe,0x17f2a18d1c6af5fbd37c56a76f8d84a8557e3f92f46b9f10c97f07498d7a3e5e
theo_n,6,198,false,9,13,onchain,500,194,63.613000,1368.568200,1138.332700,1201.945700,5.731800,true,4224,4352,0x098b50423eb1b80e5a7fb520438bb4f17cbf6c9b9e6ebef7938342aa2df694fe,0x080444fd3d681818265e4b132c34ac5d5d0913ad9cde27ae4b3bc8bec9a476aa
theo_n,6,199,false,9,13,onchain,500,195,62.482000,1368.568200,1114.128800,1176.610800,6.085600,true,4224,4352,0x098b50423eb1b80e5a7fb520438bb4f17cbf6c9b9e6ebef7938342aa2df694fe,0x0650d03351bfa136d51cb721acb4868d9022e9febefe6b28499f0f004f36071e
theo_n,6,200,false,9,13,onchain,500,196,57.129400,1368.568200,1122.479800,1179.609200,6.500100,true,4224,4352,0x098b50423eb1b80e5a7fb520438bb4f17cbf6c9b9e6ebef7938342aa2df694fe,0x1dce569b979e4239dd9eb95272649e1f5bc3375080e9be8f146870ec3767764c
theo_n,6,201,false,9,13,onchain,500,197,48.665100,1368.568200,1141.365000,1190.030100,5.586300,true,4224,4352,0x098b50423eb1b80e5a7fb520438bb4f17cbf6c9b9e6ebef7938342aa2df694fe,0x229060fc460a01a09958347d142e63e18fac8e663a93f9c0a697618459f11091
theo_n,6,202,false,9,13,onchain,500,198,58.496200,1368.568200,1270.203100,1328.699300,5.886300,true,4224,4352,0x098b50423eb1b80e5a7fb520438bb4f17cbf6c9b9e6ebef7938342aa2df694fe,0x14c6c58b860df7cf32a61fa6440107908bc1f58866b5291b6fc0266a44cc4347
theo_n,6,203,false,9,13,onchain,500,199,52.453000,1368.568200,1149.538100,1201.991100,5.779000,true,4224,4352,0x098b50423eb1b80e5a7fb520438bb4f17cbf6c9b9e6ebef7938342aa2df694fe,0x2c6eca6e9dddf0c400924a7e305eebe78c57a0d68da8b8afe9343f8bb69af311
theo_n,6,204,false,9,13,onchain,500,200,40.507900,1368.568200,1133.047200,1173.555100,5.811200,true,4224,4352,0x098b50423eb1b80e5a7fb520438bb4f17cbf6c9b9e6ebef7938342aa2df694fe,0x26d10e610f5a898caa541893e7c74d8b589b1bca141f9d5c12129f0ac8c2c4de
theo_n,6,205,false,9,13,onchain,500,201,47.996200,1368.568200,1142.279700,1190.275900,5.375000,true,4224,4352,0x098b50423eb1b80e5a7fb520438bb4f17cbf6c9b9e6ebef7938342aa2df694fe,0x1de79d5b678871b100b2b73ad88c37f56b46d8c4d0981df6850d7f290419f46f
theo_n,6,206,false,9,13,onchain,500,202,64.015100,1368.568200,1126.956500,1190.971600,5.542600,true,4224,4352,0x098b50423eb1b80e5a7fb520438bb4f17cbf6c9b9e6ebef7938342aa2df694fe,0x1e084c1e93a570dd4dd924a63074f8e4144d31f5484d14bf9e43031a1408dd37
theo_n,6,207,false,9,13,onchain,500,203,63.008400,1368.568200,1118.160300,1181.168700,6.427700,true,4224,4352,0x098b50423eb1b80e5a7fb520438bb4f17cbf6c9b9e6ebef7938342aa2df694fe,0x2b491f2eb4c3f055d7784d7f4a35a5a0ffbd04a7375b5db1796d27992d6a78a4
theo_n,6,208,false,9,13,onchain,500,204,65.192500,1368.568200,1125.731300,1190.923800,6.325000,true,4224,4352,0x098b50423eb1b80e5a7fb520438bb4f17cbf6c9b9e6ebef7938342aa2df694fe,0x2207f01b23ccc5d511b22b388ece1132266a457ae6354b500e3371d8b7b47b8f
theo_n,6,209,false,9,13,onchain,500,205,60.354800,1368.568200,1124.200700,1184.555500,6.976200,true,4224,4352,0x098b50423eb1b80e5a7fb520438bb4f17cbf6c9b9e6ebef7938342aa2df694fe,0x2820b06f5df5d3e5eac9c631774e2ed85c977ab1010eff6d64f3fb624ad7d7a3
theo_n,6,210,false,9,13,onchain,500,206,57.220600,1368.568200,1154.067500,1211.288100,6.547000,true,4224,4352,0x098b50423eb1b80e5a7fb520438bb4f17cbf6c9b9e6ebef7938342aa2df694fe,0x27a17ea0f0816d8c2987f01b465a7a7c34a96adc62fd86ae42af4cc4a760bd5b
theo_n,6,211,false,9,13,onchain,500,207,60.839100,1368.568200,1109.739500,1170.578600,6.098500,true,4224,4352,0x098b50423eb1b80e5a7fb520438bb4f17cbf6c9b9e6ebef7938342aa2df694fe,0x2838bb09aca0424f32baa130c15f81e5704a68065f6de6f27979fc196863b7ae
theo_n,6,212,false,9,13,onchain,500,208,60.558200,1368.568200,1140.352300,1200.910500,7.052700,true,4224,4352,0x098b50423eb1b80e5a7fb520438bb4f17cbf6c9b9e6ebef7938342aa2df694fe,0x08253658a1a878506ef21181f0975c66ef755715fd66e1573da2305eb0cd2780
theo_n,6,213,false,9,13,onchain,500,209,61.102700,1368.568200,1131.636900,1192.739600,6.577400,true,4224,4352,0x098b50423eb1b80e5a7fb520438bb4f17cbf6c9b9e6ebef7938342aa2df694fe,0x10b028218147aff279afc8483c1d0f2f720bcbff9e7b277074e6f5964c6c1c75
theo_n,6,214,false,9,13,onchain,500,210,59.851200,1368.568200,1188.505900,1248.357100,6.935100,true,4224,4352,0x098b50423eb1b80e5a7fb520438bb4f17cbf6c9b9e6ebef7938342aa2df694fe,0x2173732b56584682acdb72c0eb05938ecaa2a2cf7d64074b54076a03bc11d903
theo_n,6,215,false,9,13,onchain,500,211,64.402100,1368.568200,1116.373900,1180.776000,6.769400,true,4224,4352,0x098b50423eb1b80e5a7fb520438bb4f17cbf6c9b9e6ebef7938342aa2df694fe,0x18f62f27b02c5bdf99fc82b37e136b28c8b03690f7a779e123ec15b179a41357
theo_n,6,216,false,9,13,onchain,500,212,60.268600,1368.568200,1153.232400,1213.501000,5.807400,true,4224,4352,0x098b50423eb1b80e5a7fb520438bb4f17cbf6c9b9e6ebef7938342aa2df694fe,0x0522989be561c3acf3d13b8ce2579c69fd82702309650aa02dc3f0f1a3aeb51e
theo_n,6,217,false,9,13,onchain,500,213,40.693800,1368.568200,1141.130800,1181.824600,6.600100,true,4224,4352,0x098b50423eb1b80e5a7fb520438bb4f17cbf6c9b9e6ebef7938342aa2df694fe,0x00abfd86d0b7cd3ef4c548a4842e95cd198e8c13f5984cf7744328f643ecda38
theo_n,6,218,false,9,13,onchain,500,214,67.571100,1368.568200,1134.096800,1201.667900,5.718200,true,4224,4352,0x098b50423eb1b80e5a7fb520438bb4f17cbf6c9b9e6ebef7938342aa2df694fe,0x00e72a74ffeafc01ff3bc87cbe9cb8991e6ddf6a62704eee18f298fb44947a54
theo_n,6,219,false,9,13,onchain,500,215,53.487700,1368.568200,1117.876200,1171.363900,6.497100,true,4224,4352,0x098b50423eb1b80e5a7fb520438bb4f17cbf6c9b9e6ebef7938342aa2df694fe,0x09bd4c44b0d8c3f95e85a7ea7eaad034d0bb4a071151c4602d4c25a063e655a3
theo_n,6,220,false,9,13,onchain,500,216,50.718400,1368.568200,1126.181900,1176.900300,6.463200,true,4224,4352,0x098b50423eb1b80e5a7fb520438bb4f17cbf6c9b9e6ebef7938342aa2df694fe,0x1da98d0d586ad726f7d6d36d081f3b5ddaff00b0e568dc30c9263430f45d0efd
theo_n,6,221,false,9,13,onchain,500,217,60.586300,1368.568200,1128.575800,1189.162100,6.294500,true,4224,4352,0x098b50423eb1b80e5a7fb520438bb4f17cbf6c9b9e6ebef7938342aa2df694fe,0x0d332cc6cfca7d979739d690576d83fa594a7fade7d1ed233baee5eee47c00aa
theo_n,6,222,false,9,13,onchain,500,218,50.280600,1368.568200,1108.707400,1158.988000,6.291500,true,4224,4352,0x098b50423eb1b80e5a7fb520438bb4f17cbf6c9b9e6ebef7938342aa2df694fe,0x04df1709421261492f4643397ca9c5a3205a57917e5467927d5d95111e631b98
theo_n,6,223,false,9,13,onchain,500,219,51.344100,1368.568200,1140.969800,1192.313900,6.000300,true,4224,4352,0x098b50423eb1b80e5a7fb520438bb4f17cbf6c9b9e6ebef7938342aa2df694fe,0x0ca39f899831fd4e5448e7ade10af02c0e1c50d9b33334800989497f9e26e93b
theo_n,6,224,false,9,13,onchain,500,220,64.241100,1368.568200,1119.023700,1183.264800,6.460500,true,4224,4352,0x098b50423eb1b80e5a7fb520438bb4f17cbf6c9b9e6ebef7938342aa2df694fe,0x17b533f22fbbd4525ea0cb1d23064c62e4d5d81c56b9f425542cd2b8500fe93f
theo_n,6,225,false,9,13,onchain,500,221,61.983300,1368.568200,1128.254300,1190.237600,6.055200,true,4224,4352,0x098b50423eb1b80e5a7fb520438bb4f17cbf6c9b9e6ebef7938342aa2df694fe,0x30284ab4f906ef741017b6ba866c480fe26022712c2b1f47925878df7ead3942
theo_n,6,226,false,9,13,onchain,500,222,61.896400,1368.568200,1107.068500,1168.964900,6.103900,true,4224,4352,0x098b50423eb1b80e5a7fb520438bb4f17cbf6c9b9e6ebef7938342aa2df694fe,0x230719c7f7508d7995106104b0fba8547e5ccbc3b2237e6c3681908b8908eb25
theo_n,6,227,false,9,13,onchain,500,223,59.407300,1368.568200,1120.742600,1180.149900,6.227700,true,4224,4352,0x098b50423eb1b80e5a7fb520438bb4f17cbf6c9b9e6ebef7938342aa2df694fe,0x05e321b5b73ae7dc708200813248dc8ce759f76786404cca834d23fbda676330
theo_n,6,228,false,9,13,onchain,500,224,61.785200,1368.568200,1106.710700,1168.495900,6.229800,true,4224,4352,0x098b50423eb1b80e5a7fb520438bb4f17cbf6c9b9e6ebef7938342aa2df694fe,0x04f16424a036c1c8b8b62ac3f6fbf1afe4161d95f2745ca23620b11c345ec204
theo_n,6,229,false,9,13,onchain,500,225,66.644800,1368.568200,1129.092700,1195.737500,5.652300,true,4224,4352,0x098b50423eb1b80e5a7fb520438bb4f17cbf6c9b9e6ebef7938342aa2df694fe,0x1683ef468d4cd009c3194edbbb010a088da918a0690b8a067343e416a6a4b7ff
theo_n,6,230,false,9,13,onchain,500,226,56.957100,1368.568200,1144.007800,1200.964900,6.144500,true,4224,4352,0x098b50423eb1b80e5a7fb520438bb4f17cbf6c9b9e6ebef7938342aa2df694fe,0x019f440d4f71344df6e4a73f4d2b76d8d021ff64e9805774b700ff240c7e6290
theo_n,6,231,false,9,13,onchain,500,227,54.632600,1368.568200,1124.860900,1179.493500,5.629900,true,4224,4352,0x098b50423eb1b80e5a7fb520438bb4f17cbf6c9b9e6ebef7938342aa2df694fe,0x2cd3b78cb474d98ab26e82eec456c2b501e97e323c15f190d62a4d50eccd5f21
theo_n,6,232,false,9,13,onchain,500,228,64.275300,1368.568200,1110.093100,1174.368400,7.347800,true,4224,4352,0x098b50423eb1b80e5a7fb520438bb4f17cbf6c9b9e6ebef7938342aa2df694fe,0x0cd75776cd07fe51cb25d1b9af220f8010d0b1b48eabf6f7c90ee35094b60e35
theo_n,6,233,false,9,13,onchain,500,229,59.152200,1368.568200,1122.827400,1181.979600,6.509500,true,4224,4352,0x098b50423eb1b80e5a7fb520438bb4f17cbf6c9b9e6ebef7938342aa2df694fe,0x2af48b45a7202a164a90ca6a1725e39467f70a524ea74dfae76a0a6dc0b7be0b
theo_n,6,234,false,9,13,onchain,500,230,64.325800,1368.568200,1107.356100,1171.681900,5.804700,true,4224,4352,0x098b50423eb1b80e5a7fb520438bb4f17cbf6c9b9e6ebef7938342aa2df694fe,0x0aa6ce31e57d744ae008aec740817366db5ec92d41d4b40a440c5b1c0eb2cd57
theo_n,6,235,false,9,13,onchain,500,231,61.549500,1368.568200,1128.515300,1190.064800,6.229200,true,4224,4352,0x098b50423eb1b80e5a7fb520438bb4f17cbf6c9b9e6ebef7938342aa2df694fe,0x278b7b3a14762423c4cb23f6ef2bed5f69f610ad64b09fb228de4bdd7b449931
theo_n,6,236,false,9,13,onchain,500,232,52.821400,1368.568200,1117.559400,1170.380800,5.795200,true,4224,4352,0x098b50423eb1b80e5a7fb520438bb4f17cbf6c9b9e6ebef7938342aa2df694fe,0x008535962f0a38daf6d8b95158c3c95e2415b4e90d11089c37356fc331072ead
theo_n,6,237,false,9,13,onchain,500,233,65.592500,1368.568200,1126.206000,1191.798500,6.369000,true,4224,4352,0x098b50423eb1b80e5a7fb520438bb4f17cbf6c9b9e6ebef7938342aa2df694fe,0x1f283c30d18bf09f79126ecf806edc3bf784d5e0f9725586679bfe0e9c141c4e
theo_n,6,238,false,9,13,onchain,500,234,62.787700,1368.568200,1098.183000,1160.970700,6.285000,true,4224,4352,0x098b50423eb1b80e5a7fb520438bb4f17cbf6c9b9e6ebef7938342aa2df694fe,0x0ca1cac7f7c4ab67a0c13fbe4385bbfcc207f7258be5b10a821c9e35368bc57c
theo_n,6,239,false,9,13,onchain,500,235,47.172100,1368.568200,1111.889900,1159.062000,6.131400,true,4224,4352,0x098b50423eb1b80e5a7fb520438bb4f17cbf6c9b9e6ebef7938342aa2df694fe,0x1ee64ecdb87fe16d9a0b2d0a42e45479ccd2fa4753d872229767dfbf44cdf2d9
theo_n,6,240,false,9,13,onchain,500,236,45.859100,1368.568200,1125.227500,1171.086600,5.803600,true,4224,4352,0x098b50423eb1b80e5a7fb520438bb4f17cbf6c9b9e6ebef7938342aa2df694fe,0x0c61a809f53d171aeb13efc2823b433ee74a4bcb86fcca2c0bbe028b9567aba6
theo_n,6,241,false,9,13,onchain,500,237,63.502400,1368.568200,1119.366700,1182.869100,6.142500,true,4224,4352,0x098b50423eb1b80e5a7fb520438bb4f17cbf6c9b9e6ebef7938342aa2df694fe,0x249a5db4d7eb6525105d286d5866fa9da2af5e066720dd3e559dc51efb9f1ffb
theo_n,6,242,false,9,13,onchain,500,238,60.180000,1368.568200,1112.919200,1173.099200,7.495500,true,4224,4352,0x098b50423eb1b80e5a7fb520438bb4f17cbf6c9b9e6ebef7938342aa2df694fe,0x0702f314a3e92da936be90effa3dcc080d999f2e509ef50c2c1d79b4fc8f6bcd
theo_n,6,243,false,9,13,onchain,500,239,47.490700,1368.568200,1165.283600,1212.774300,7.016300,true,4224,4352,0x098b50423eb1b80e5a7fb520438bb4f17cbf6c9b9e6ebef7938342aa2df694fe,0x0a4b98013160def93d32ab9bd72b198ed733f55b2afe206df82a3170ae024fdf
theo_n,6,244,false,9,13,onchain,500,240,66.216200,1368.568200,1139.756000,1205.972200,6.274800,true,4224,4352,0x098b50423eb1b80e5a7fb520438bb4f17cbf6c9b9e6ebef7938342aa2df694fe,0x06e7126768d8e8ff17cce3aab2c4804e1cbd3fe8097a56fccac32ae30136f0ca
theo_n,6,245,false,9,13,onchain,500,241,63.900200,1368.568200,1113.687000,1177.587200,5.844600,true,4224,4352,0x098b50423eb1b80e5a7fb520438bb4f17cbf6c9b9e6ebef7938342aa2df694fe,0x0a3decc0377e13f60cc834863b77ceedbe0fe45696b715b64b35cde307d12ba3
theo_n,6,246,false,9,13,onchain,500,242,53.451300,1368.568200,1120.567100,1174.018400,6.448200,true,4224,4352,0x098b50423eb1b80e5a7fb520438bb4f17cbf6c9b9e6ebef7938342aa2df694fe,0x27797a9f69d6b0d7d985d0a46cd91f3d36c9fa86cdbeaa89ce2415172e64f190
theo_n,6,247,false,9,13,onchain,500,243,52.005400,1368.568200,1130.010700,1182.016100,5.523800,true,4224,4352,0x098b50423eb1b80e5a7fb520438bb4f17cbf6c9b9e6ebef7938342aa2df694fe,0x12e45f07466eecaf4f209e0a6519f666d88d455427c1d676657f276d56339d2f
theo_n,6,248,false,9,13,onchain,500,244,60.417400,1368.568200,1123.781400,1184.198800,6.085800,true,4224,4352,0x098b50423eb1b80e5a7fb520438bb4f17cbf6c9b9e6ebef7938342aa2df694fe,0x181adf32cfe9935cd5593d715f3eddd6c12cf801141af0412b5002665fb58cf2
theo_n,6,249,false,9,13,onchain,500,245,44.570700,1368.568200,1114.447600,1159.018300,6.308200,true,4224,4352,0x098b50423eb1b80e5a7fb520438bb4f17cbf6c9b9e6ebef7938342aa2df694fe,0x0293847ef66f11fb996f93396f52d4a36106d51fcac611aab6fc2563d36d3847
theo_n,6,250,false,9,13,onchain,500,246,63.982600,1368.568200,1109.529700,1173.512300,6.074200,true,4224,4352,0x098b50423eb1b80e5a7fb520438bb4f17cbf6c9b9e6ebef7938342aa2df694fe,0x1d92e48e7b37a5203801541414b263b923580ad1025d8385894bced6f5edf1b9
theo_n,6,251,false,9,13,onchain,500,247,61.358300,1368.568200,1123.279500,1184.637800,6.927100,true,4224,4352,0x098b50423eb1b80e5a7fb520438bb4f17cbf6c9b9e6ebef7938342aa2df694fe,0x30131b16109882349645b305078a9fecd21cd7a7804f32b913f07d7e73239a54
theo_n,6,252,false,9,13,onchain,500,248,58.393200,1368.568200,1123.170900,1181.564100,5.663100,true,4224,4352,0x098b50423eb1b80e5a7fb520438bb4f17cbf6c9b9e6ebef7938342aa2df694fe,0x0fc687a2a0ff407060788cff48a8795fb72c5d5c1c5e7ace3017c12ace37d25b
theo_n,6,253,false,9,13,onchain,500,249,58.636700,1368.568200,1121.450500,1180.087200,5.563600,true,4224,4352,0x098b50423eb1b80e5a7fb520438bb4f17cbf6c9b9e6ebef7938342aa2df694fe,0x22883b823b1489571b9345548d36e8a954dcd025de0b04f7911cb92ddae9f0c0
theo_n,6,254,false,9,13,onchain,500,250,40.455100,1368.568200,1129.544500,1169.999600,6.162300,true,4224,4352,0x098b50423eb1b80e5a7fb520438bb4f17cbf6c9b9e6ebef7938342aa2df694fe,0x06aefe36889e944554c0bfba064c14099209324c84484f7cead0b0fc2721cedb
theo_n,6,255,false,9,13,onchain,500,251,60.404600,1368.568200,1127.477200,1187.881800,5.781200,true,4224,4352,0x098b50423eb1b80e5a7fb520438bb4f17cbf6c9b9e6ebef7938342aa2df694fe,0x145d657f21439dc6c9e2bde7ace48104cea658ee03160bb6a74dfa6f77de8aab
theo_n,6,256,false,9,13,onchain,500,252,49.374500,1368.568200,1130.283800,1179.658300,6.537600,true,4224,4352,0x098b50423eb1b80e5a7fb520438bb4f17cbf6c9b9e6ebef7938342aa2df694fe,0x213a5c53e8d401a727fc495f82c4f9716da4d586351dd9d2c2937aee940256b7
theo_n,6,257,false,9,13,onchain,500,253,60.697900,1368.568200,1126.067700,1186.765600,5.988300,true,4224,4352,0x098b50423eb1b80e5a7fb520438bb4f17cbf6c9b9e6ebef7938342aa2df694fe,0x129596920613df72f1b51a01ba2d240dde9189ba8bce571a63a1f6c061efb954
theo_n,6,258,false,9,13,onchain,500,254,57.013100,1368.568200,1122.003000,1179.016100,6.783200,true,4224,4352,0x098b50423eb1b80e5a7fb520438bb4f17cbf6c9b9e6ebef7938342aa2df694fe,0x09b8f8929d1692fe3d358cc25686295748c1b1fadfb7c30cbfec622f9d80fd05
theo_n,6,259,false,9,13,onchain,500,255,40.716800,1368.568200,1133.477800,1174.194600,5.960000,true,4224,4352,0x098b50423eb1b80e5a7fb520438bb4f17cbf6c9b9e6ebef7938342aa2df694fe,0x0bab4493bbfde736a38be14ea8fdfde66333ae2107cfb41a9ddac4a3e9abb33b
theo_n,6,260,false,9,13,onchain,500,256,50.165700,1368.568200,1111.195000,1161.360700,5.745900,true,4224,4352,0x098b50423eb1b80e5a7fb520438bb4f17cbf6c9b9e6ebef7938342aa2df694fe,0x0273dfe329a161d0be4c0399d8130f91715f853183f8d2686ea659408b63e85a
theo_n,6,261,false,9,13,onchain,500,257,51.869700,1368.568200,1110.008200,1161.877900,6.263100,true,4224,4352,0x098b50423eb1b80e5a7fb520438bb4f17cbf6c9b9e6ebef7938342aa2df694fe,0x05e37e2666d2b2839c4d81cc0598d09f164406dcbfeedc117caaf487a940f444
theo_n,6,262,false,9,13,onchain,500,258,42.203000,1368.568200,1131.425100,1173.628100,5.896700,true,4224,4352,0x098b50423eb1b80e5a7fb520438bb4f17cbf6c9b9e6ebef7938342aa2df694fe,0x256f742a38acf6c1a9515ef36c9e4f1eb465c1084cb78949dc4b638af40d646e
theo_n,6,263,false,9,13,onchain,500,259,64.439500,1368.568200,1120.897100,1185.336600,5.851400,true,4224,4352,0x098b50423eb1b80e5a7fb520438bb4f17cbf6c9b9e6ebef7938342aa2df694fe,0x22da3d99a866b36f51c982949d7239cdda27998316552d92d9f9da5f34170e9a
theo_n,6,264,false,9,13,onchain,500,260,63.098100,1368.568200,1101.857100,1164.955200,6.087500,true,4224,4352,0x098b50423eb1b80e5a7fb520438bb4f17cbf6c9b9e6ebef7938342aa2df694fe,0x2eeb16245d057e1c821d3d115ab4b5dfaaaa7645ac5e97c43a56a1f4a7150914
theo_n,6,265,false,9,13,onchain,500,261,56.557200,1368.568200,1195.212500,1251.769700,6.085900,true,4224,4352,0x098b50423eb1b80e5a7fb520438bb4f17cbf6c9b9e6ebef7938342aa2df694fe,0x050f3eb658ce524599a8aa3b8d7270a9f39f9024f520e07d9c2957bbac0dd83f
theo_n,6,266,false,9,13,onchain,500,262,66.009900,1368.568200,1103.901600,1169.911500,5.878200,true,4224,4352,0x098b50423eb1b80e5a7fb520438bb4f17cbf6c9b9e6ebef7938342aa2df694fe,0x2ba47ecc5714b6eb7047b965817a6105041146195243108b88a4aaef2ad003c8
theo_n,6,267,false,9,13,onchain,500,263,49.536600,1368.568200,1159.273800,1208.810400,6.416500,true,4224,4352,0x098b50423eb1b80e5a7fb520438bb4f17cbf6c9b9e6ebef7938342aa2df694fe,0x2e324cb62c1f9e76d2ebad95ab692d390a6dff346fcc2f8c952dd39314156fb9
theo_n,6,268,false,9,13,onchain,500,264,56.862200,1368.568200,1116.778300,1173.640500,6.201100,true,4224,4352,0x098b50423eb1b80e5a7fb520438bb4f17cbf6c9b9e6ebef7938342aa2df694fe,0x25f19f2ed933082d6fbbb5bfac709e94b22d54cd2a606841adea1e0f33252529
theo_n,6,269,false,9,13,onchain,500,265,40.285700,1368.568200,1136.022500,1176.308200,5.752700,true,4224,4352,0x098b50423eb1b80e5a7fb520438bb4f17cbf6c9b9e6ebef7938342aa2df694fe,0x1b73fd036c6904bf7a1b55a35ef8a0322d4aa1afacbdc5b1f5dadda95f2e80d9
theo_n,6,270,false,9,13,onchain,500,266,66.196300,1368.568200,1122.810000,1189.006300,7.003000,true,4224,4352,0x098b50423eb1b80e5a7fb520438bb4f17cbf6c9b9e6ebef7938342aa2df694fe,0x0d1a891904ce26bcee3cb9f193ef9b557a571025c13617efc5ff3fb14a736eb4
theo_n,6,271,false,9,13,onchain,500,267,51.704600,1368.568200,1153.953500,1205.658100,5.932900,true,4224,4352,0x098b50423eb1b80e5a7fb520438bb4f17cbf6c9b9e6ebef7938342aa2df694fe,0x07a55a2cc78db673d6ae5e20b0ea0a4dc4565731018c7ff217b15c0007aed7f2
theo_n,6,272,false,9,13,onchain,500,268,63.868800,1368.568200,1102.691800,1166.560600,5.762700,true,4224,4352,0x098b50423eb1b80e5a7fb520438bb4f17cbf6c9b9e6ebef7938342aa2df694fe,0x1b3425cd994444788f818746c2e7c494544d30a6badeb85248e6ba6f4e1a800c
theo_n,6,273,false,9,13,onchain,500,269,45.123900,1368.568200,1151.416800,1196.540700,7.060300,true,4224,4352,0x098b50423eb1b80e5a7fb520438bb4f17cbf6c9b9e6ebef7938342aa2df694fe,0x2c26f5f83ded0ff33db808a3707ddc761b49e85e1553363811613e0c2c9d3d55
theo_n,6,274,false,9,13,onchain,500,270,62.568200,1368.568200,1118.081400,1180.649600,6.215200,true,4224,4352,0x098b50423eb1b80e5a7fb520438bb4f17cbf6c9b9e6ebef7938342aa2df694fe,0x27ab6471727dff3719ef7ffc1265547db50f19af6e3dfad86ccb95714f9a5d7e
theo_n,6,275,false,9,13,onchain,500,271,51.490000,1368.568200,1123.416300,1174.906300,6.039500,true,4224,4352,0x098b50423eb1b80e5a7fb520438bb4f17cbf6c9b9e6ebef7938342aa2df694fe,0x2eb89a47bfcb01aafba101688f54b1a659eaf923abcdf6feedf40c3336f23910
theo_n,6,276,false,9,13,onchain,500,272,47.831600,1368.568200,1125.547200,1173.378800,5.693100,true,4224,4352,0x098b50423eb1b80e5a7fb520438bb4f17cbf6c9b9e6ebef7938342aa2df694fe,0x01f877af3a44c875c5ed8ce6ff874d7f2e729e436c223d071c9bab848171ec74
theo_n,6,277,false,9,13,onchain,500,273,65.400000,1368.568200,1121.190800,1186.590800,5.667500,true,4224,4352,0x098b50423eb1b80e5a7fb520438bb4f17cbf6c9b9e6ebef7938342aa2df694fe,0x1540aab8dbb6cec70f4bcd0ce7a9a9ec2d01ae732153d9b3ce0132b30e5b4b79
theo_n,6,278,false,9,13,onchain,500,274,62.602100,1368.568200,1142.066200,1204.668300,6.144100,true,4224,4352,0x098b50423eb1b80e5a7fb520438bb4f17cbf6c9b9e6ebef7938342aa2df694fe,0x2472614978251e972b800f9d3fa0c405855b30b1bf99b4d2bded5447950babd5
theo_n,6,279,false,9,13,onchain,500,275,57.249200,1368.568200,1110.984200,1168.233400,6.437600,true,4224,4352,0x098b50423eb1b80e5a7fb520438bb4f17cbf6c9b9e6ebef7938342aa2df694fe,0x2ecc7b3800f519a1cdbfd4ae30504aa32c2ac390744aeef4ea5d705ec794980c
theo_n,6,280,false,9,13,onchain,500,276,61.226600,1368.568200,1139.756700,1200.983300,6.361500,true,4224,4352,0x098b50423eb1b80e5a7fb520438bb4f17cbf6c9b9e6ebef7938342aa2df694fe,0x16e181e2115c35c95e67629e1e264b486e3cd2a23231458b49757292f76d6e4b
theo_n,6,281,false,9,13,onchain,500,277,64.600100,1368.568200,1118.562400,1183.162500,6.854700,true,4224,4352,0x098b50423eb1b80e5a7fb520438bb4f17cbf6c9b9e6ebef7938342aa2df694fe,0x0fa08a215862bfe0e4c17fd8a7fc50c2305c2fd26baa4a1fa80b8af9f36c5d20
theo_n,6,282,false,9,13,onchain,500,278,51.429300,1368.568200,1127.315100,1178.744400,5.855300,true,4224,4352,0x098b50423eb1b80e5a7fb520438bb4f17cbf6c9b9e6ebef7938342aa2df694fe,0x1b3bf5c183a4d79b4be51a4c7850892bb9bce49b7de06522e8e2a9fb90360c13
theo_n,6,283,false,9,13,onchain,500,279,56.785500,1368.568200,1103.984100,1160.769600,6.189500,true,4224,4352,0x098b50423eb1b80e5a7fb520438bb4f17cbf6c9b9e6ebef7938342aa2df694fe,0x0aaaf59b863c164df792e94c16b3b8ada0c468ca3bd179729d18462393cddda0
theo_n,6,284,false,9,13,onchain,500,280,60.064100,1368.568200,1123.978700,1184.042800,5.413900,true,4224,4352,0x098b50423eb1b80e5a7fb520438bb4f17cbf6c9b9e6ebef7938342aa2df694fe,0x2b2e7002b4fde9470b70626703405c69ea6084bb225ab36c13cce721e6956ef3
theo_n,6,285,false,9,13,onchain,500,281,58.336000,1368.568200,1126.160200,1184.496200,6.452800,true,4224,4352,0x098b50423eb1b80e5a7fb520438bb4f17cbf6c9b9e6ebef7938342aa2df694fe,0x1431efacf1ed954c67b3e8d4d12850b1e7a1f3d8aa3e1c579094e8e871582c83
theo_n,6,286,false,9,13,onchain,500,282,65.967500,1368.568200,1116.636900,1182.604400,6.025100,true,4224,4352,0x098b50423eb1b80e5a7fb520438bb4f17cbf6c9b9e6ebef7938342aa2df694fe,0x0ce9a17572619681e0ae731dd40898647339b9416c0aaba7d464bf42a07f4b78
theo_n,6,287,false,9,13,onchain,500,283,65.441700,1368.568200,1111.495200,1176.936900,6.284800,true,4224,4352,0x098b50423eb1b80e5a7fb520438bb4f17cbf6c9b9e6ebef7938342aa2df694fe,0x26154f6664745752deecbb5ba83bd486b93ac9c77cc804c65d16fba210fe7909
theo_n,6,288,false,9,13,onchain,500,284,58.367100,1368.568200,1122.071500,1180.438600,7.015700,true,4224,4352,0x098b50423eb1b80e5a7fb520438bb4f17cbf6c9b9e6ebef7938342aa2df694fe,0x2c72121ede22164e725242e3e6d4bcfb26dc7d7f3b8da76187489274d70b8a6f
theo_n,6,289,false,9,13,onchain,500,285,51.988000,1368.568200,1125.393800,1177.381800,6.562500,true,4224,4352,0x098b50423eb1b80e5a7fb520438bb4f17cbf6c9b9e6ebef7938342aa2df694fe,0x03b2a12c78d2b5f466ab8b3f25a12b8df133b21dc585f9274af9daf158fa8d42
theo_n,6,290,false,9,13,onchain,500,286,50.141000,1368.568200,1131.835700,1181.976700,6.725200,true,4224,4352,0x098b50423eb1b80e5a7fb520438bb4f17cbf6c9b9e6ebef7938342aa2df694fe,0x02b78917243752d5eb913f64f02c2b30b97ca4f9d3cfc8f00da4d48c8feb2a88
theo_n,6,291,false,9,13,onchain,500,287,63.171000,1368.568200,1117.211900,1180.382900,5.719000,true,4224,4352,0x098b50423eb1b80e5a7fb520438bb4f17cbf6c9b9e6ebef7938342aa2df694fe,0x1da77fd8de37566085180015fec8404cacf7a2d5cd180288bb2944142ff5bf89
theo_n,6,292,false,9,13,onchain,500,288,55.639400,1368.568200,1137.875800,1193.515200,5.735900,true,4224,4352,0x098b50423eb1b80e5a7fb520438bb4f17cbf6c9b9e6ebef7938342aa2df694fe,0x1e658b47f89ceabf271c6f8f44451fbc0dcc3395e05370047bd0df20381091ef
theo_n,6,293,false,9,13,onchain,500,289,64.672700,1368.568200,1119.333800,1184.006500,6.772100,true,4224,4352,0x098b50423eb1b80e5a7fb520438bb4f17cbf6c9b9e6ebef7938342aa2df694fe,0x0a195ed7a2d9704acd2e32b8077bb3309442f51b505fcf3f8155664707ce3104
theo_n,6,294,false,9,13,onchain,500,290,57.745500,1368.568200,1133.080500,1190.826000,5.721500,true,4224,4352,0x098b50423eb1b80e5a7fb520438bb4f17cbf6c9b9e6ebef7938342aa2df694fe,0x1ec09be06e6c9211551e6b993af8a5c1702f96b177c3af931b079059ba0dec2e
theo_n,6,295,false,9,13,onchain,500,291,57.536100,1368.568200,1113.989700,1171.525800,5.673400,true,4224,4352,0x098b50423eb1b80e5a7fb520438bb4f17cbf6c9b9e6ebef7938342aa2df694fe,0x2c6bf8a146bc421ed3017f8ae39e8f649c56c07446e96d2cc210fe45ab350309
theo_n,6,296,false,9,13,onchain,500,292,63.073700,1368.568200,1121.196100,1184.269800,6.241800,true,4224,4352,0x098b50423eb1b80e5a7fb520438bb4f17cbf6c9b9e6ebef7938342aa2df694fe,0x10bc1ad8741f0d3049216725d2e3aa18850e1f0776d5b583c8d7ccf54e4e8398
theo_n,6,297,false,9,13,onchain,500,293,52.302200,1368.568200,1147.658300,1199.960500,5.725500,true,4224,4352,0x098b50423eb1b80e5a7fb520438bb4f17cbf6c9b9e6ebef7938342aa2df694fe,0x25d6f87b434119b3ee033b87875c280d4a0aef30b6ddb137a39f327883387c2f
theo_n,6,298,false,9,13,onchain,500,294,40.341500,1368.568200,1131.738800,1172.080300,6.048600,true,4224,4352,0x098b50423eb1b80e5a7fb520438bb4f17cbf6c9b9e6ebef7938342aa2df694fe,0x2d90252085b20aa667c2b9c9519f0815e21dfde49161c106bdbfb08b20043a84
theo_n,6,299,false,9,13,onchain,500,295,67.726200,1368.568200,1137.416600,1205.142800,6.261100,true,4224,4352,0x098b50423eb1b80e5a7fb520438bb4f17cbf6c9b9e6ebef7938342aa2df694fe,0x2fba855d2dbb6f112b18c55634cfe76cf45e009e902d3bbba84ef049b87791d0
theo_n,6,300,false,9,13,onchain,500,296,40.388900,1368.568200,1127.080800,1167.469700,6.197900,true,4224,4352,0x098b50423eb1b80e5a7fb520438bb4f17cbf6c9b9e6ebef7938342aa2df694fe,0x26ed0f074a95c716a837803a907ad3e7099d6f56e27020bab5828bf905560fcf
theo_n,6,301,false,9,13,onchain,500,297,52.995800,1368.568200,1128.105300,1181.101100,5.871100,true,4224,4352,0x098b50423eb1b80e5a7fb520438bb4f17cbf6c9b9e6ebef7938342aa2df694fe,0x13d065a59a0f5c872fe29642c29186de6b12e548479494b95bef41be4dbc3e97
theo_n,6,302,false,9,13,onchain,500,298,63.807300,1368.568200,1113.988200,1177.795500,6.612500,true,4224,4352,0x098b50423eb1b80e5a7fb520438bb4f17cbf6c9b9e6ebef7938342aa2df694fe,0x01e080677d2f1b417bd106d2d1537db95612ae997a0165701a8789b90058bd3f
theo_n,6,303,false,9,13,onchain,500,299,62.406400,1368.568200,1117.365200,1179.771600,6.319800,true,4224,4352,0x098b50423eb1b80e5a7fb520438bb4f17cbf6c9b9e6ebef7938342aa2df694fe,0x0bad777ee7e53cb50bb1a34026c5b600d6b9069343a3a1ee1f82b5341284f325
theo_n,6,304,false,9,13,onchain,500,300,63.252500,1368.568200,1100.375200,1163.627700,7.086600,true,4224,4352,0x098b50423eb1b80e5a7fb520438bb4f17cbf6c9b9e6ebef7938342aa2df694fe,0x29e9df1a9f6a929fb347fdd94a9a14daa7736582c5e73cdbf766d76f862b8c58
theo_n,6,305,false,9,13,onchain,500,301,61.817000,1368.568200,1151.327200,1213.144200,6.610500,true,4224,4352,0x098b50423eb1b80e5a7fb520438bb4f17cbf6c9b9e6ebef7938342aa2df694fe,0x2360af7a8639854b5bf50619a49908323f70e65a2265592a8eb29257c42e46b4
theo_n,6,306,false,9,13,onchain,500,302,60.665300,1368.568200,1137.143700,1197.809000,5.864500,true,4224,4352,0x098b50423eb1b80e5a7fb520438bb4f17cbf6c9b9e6ebef7938342aa2df694fe,0x28a961bf6b8ab2daac54fd3a011d9dd92fa752243b7e72901cd300e296d3d948
theo_n,6,307,false,9,13,onchain,500,303,51.666400,1368.568200,1134.018500,1185.684900,6.380900,true,4224,4352,0x098b50423eb1b80e5a7fb520438bb4f17cbf6c9b9e6ebef7938342aa2df694fe,0x1dcc13891f21da1e3cc763a16afec731bb0c8988e3610b636da0b2a008d7031a
theo_n,6,308,false,9,13,onchain,500,304,40.331400,1368.568200,1127.159900,1167.491300,6.426100,true,4224,4352,0x098b50423eb1b80e5a7fb520438bb4f17cbf6c9b9e6ebef7938342aa2df694fe,0x19e0202ff98298b101d39e3d4fe7f23b35f00d7c58c872115d14bcf595570357
theo_n,6,309,false,9,13,onchain,500,305,52.504700,1368.568200,1132.613100,1185.117800,5.623700,true,4224,4352,0x098b50423eb1b80e5a7fb520438bb4f17cbf6c9b9e6ebef7938342aa2df694fe,0x055772e98620995bf10f5d97b951622b053e9a142ce221a2c724adcded37f455
theo_n,6,310,false,9,13,onchain,500,306,54.372100,1368.568200,1120.274300,1174.646400,5.870500,true,4224,4352,0x098b50423eb1b80e5a7fb520438bb4f17cbf6c9b9e6ebef7938342aa2df694fe,0x065213b2081f56a0a24a0abf40d5812fc288f37c9abeab33898f23fd19adad1b
theo_n,6,311,false,9,13,onchain,500,307,54.820400,1368.568200,1104.392000,1159.212400,6.073300,true,4224,4352,0x098b50423eb1b80e5a7fb520438bb4f17cbf6c9b9e6ebef7938342aa2df694fe,0x13deb5509b4f3f347fd99d0db5be92a5df849a1394b1a8d443ca72b5f34cf9d5
theo_n,6,312,false,9,13,onchain,500,308,65.791500,1368.568200,1139.177900,1204.969400,7.678300,true,4224,4352,0x098b50423eb1b80e5a7fb520438bb4f17cbf6c9b9e6ebef7938342aa2df694fe,0x2a91370e7d4a3f84a7bbf55d3f19f42131c01e265cc5c184a50a0bf18067994f
theo_n,6,313,false,9,13,onchain,500,309,59.008000,1368.568200,1170.571300,1229.579300,6.860700,true,4224,4352,0x098b50423eb1b80e5a7fb520438bb4f17cbf6c9b9e6ebef7938342aa2df694fe,0x2e9441f3b1b27ec1e9e837bf5d2e32ff106c7e6e6aea479c676958cad5fa5edf
theo_n,6,314,false,9,13,onchain,500,310,42.489900,1368.568200,1132.031500,1174.521400,6.660700,true,4224,4352,0x098b50423eb1b80e5a7fb520438bb4f17cbf6c9b9e6ebef7938342aa2df694fe,0x07c71a48e349a6047c713105b236aab6c3d61b04aedf07535969e8697ad84cf1
theo_n,6,315,false,9,13,onchain,500,311,63.013500,1368.568200,1108.926500,1171.940000,6.012700,true,4224,4352,0x098b50423eb1b80e5a7fb520438bb4f17cbf6c9b9e6ebef7938342aa2df694fe,0x1055ac7069959a32a5ba629e0e5a7a5817b8f3b4a69aa6abe13eff713e4aef19
theo_n,6,316,false,9,13,onchain,500,312,53.551700,1368.568200,1110.848900,1164.400600,6.068700,true,4224,4352,0x098b50423eb1b80e5a7fb520438bb4f17cbf6c9b9e6ebef7938342aa2df694fe,0x095092b3da9bb6bf6c6c69e5b6819772f8288ff048b32f0c7dc3fc1c264602c0
theo_n,6,317,false,9,13,onchain,500,313,47.266600,1368.568200,1107.598100,1154.864700,6.492800,true,4224,4352,0x098b50423eb1b80e5a7fb520438bb4f17cbf6c9b9e6ebef7938342aa2df694fe,0x229ff620fc9f07679db5848d8066502bdaa08314bae46156ebe6acc5610103cf
theo_n,6,318,false,9,13,onchain,500,314,54.824200,1368.568200,1140.351100,1195.175300,5.665100,true,4224,4352,0x098b50423eb1b80e5a7fb520438bb4f17cbf6c9b9e6ebef7938342aa2df694fe,0x2a8c93405a03ec7df6408002ed9e3324d84c46bc227d44d3537e739d6d377147
theo_n,6,319,false,9,13,onchain,500,315,44.608600,1368.568200,1160.926700,1205.535300,7.301100,true,4224,4352,0x098b50423eb1b80e5a7fb520438bb4f17cbf6c9b9e6ebef7938342aa2df694fe,0x010c0957ae5bba1a2d5d707b26a2488ef46da238b08f879be8aa979387cfd0aa
theo_n,6,320,false,9,13,onchain,500,316,64.330700,1368.568200,1123.152100,1187.482800,5.939000,true,4224,4352,0x098b50423eb1b80e5a7fb520438bb4f17cbf6c9b9e6ebef7938342aa2df694fe,0x14b6fdfa8e46e3fceea1084881eee66fd9603f40bf35f4ee3af1cde8d2762175
theo_n,6,321,false,9,13,onchain,500,317,55.247900,1368.568200,1111.900600,1167.148500,6.781100,true,4224,4352,0x098b50423eb1b80e5a7fb520438bb4f17cbf6c9b9e6ebef7938342aa2df694fe,0x1f2d9647f78439d922c61a320d9b727a5be6302450b9a0df32d81b8b1b3a281a
theo_n,6,322,false,9,13,onchain,500,318,66.810800,1368.568200,1108.363600,1175.174400,6.108500,true,4224,4352,0x098b50423eb1b80e5a7fb520438bb4f17cbf6c9b9e6ebef7938342aa2df694fe,0x1f626d575bd1984f2eb74dcb8d863a130ac3d1af50f3efa8c845ca9b531c7e14
theo_n,6,323,false,9,13,onchain,500,319,40.452600,1368.568200,1126.013400,1166.466000,6.998800,true,4224,4352,0x098b50423eb1b80e5a7fb520438bb4f17cbf6c9b9e6ebef7938342aa2df694fe,0x0dec1f0ca4dc721f9f7a8dd729be3ed84a8c9b78dc5a36a4ab24ec56990c5796
theo_n,6,324,false,9,13,onchain,500,320,52.434200,1368.568200,1118.782400,1171.216600,5.971300,true,4224,4352,0x098b50423eb1b80e5a7fb520438bb4f17cbf6c9b9e6ebef7938342aa2df694fe,0x002d16b36d6de7474a2ec6ef4c2b5dfe8555d2c0fefc4b45f56f671899f39f19
theo_n,6,325,false,9,13,onchain,500,321,58.217800,1368.568200,1119.762500,1177.980300,5.504400,true,4224,4352,0x098b50423eb1b80e5a7fb520438bb4f17cbf6c9b9e6ebef7938342aa2df694fe,0x2b2817bc9643603901e9ed0e7a86d1925b681e557ea4ae5f45137ad1836e0fc9
theo_n,6,326,false,9,13,onchain,500,322,39.883000,1368.568200,1136.197100,1176.080100,5.710700,true,4224,4352,0x098b50423eb1b80e5a7fb520438bb4f17cbf6c9b9e6ebef7938342aa2df694fe,0x287b1719aa0e7765f94a2d4f54ee64d2bdb32bf72a0402d29106e298a0cfdf77
theo_n,6,327,false,9,13,onchain,500,323,65.057100,1368.568200,1120.037700,1185.094800,6.386500,true,4224,4352,0x098b50423eb1b80e5a7fb520438bb4f17cbf6c9b9e6ebef7938342aa2df694fe,0x275fda5f4888a155da450b110d64dc9a01467d93492c05b3dcff6ab1af0e9fbf
theo_n,6,328,false,9,13,onchain,500,324,56.825600,1368.568200,1115.474800,1172.300400,5.549100,true,4224,4352,0x098b50423eb1b80e5a7fb520438bb4f17cbf6c9b9e6ebef7938342aa2df694fe,0x095c6031ca7edfb03f9399642d2742f1b595290521f05f2c20339fe4df8b3931
theo_n,6,329,false,9,13,onchain,500,325,63.988200,1368.568200,1114.840700,1178.828900,5.770600,true,4224,4352,0x098b50423eb1b80e5a7fb520438bb4f17cbf6c9b9e6ebef7938342aa2df694fe,0x17d3d37d5e35f46a2a3fb234d1d1652ca475755f1a07082fd11c0e3a876761a6
theo_n,6,330,false,9,13,onchain,500,326,59.414100,1368.568200,1108.324000,1167.738100,6.384900,true,4224,4352,0x098b50423eb1b80e5a7fb520438bb4f17cbf6c9b9e6ebef7938342aa2df694fe,0x1ac75c6ed9f90de62f9775ff423b1ff839ac9958915851696307b7a7d6450db6
theo_n,6,331,false,9,13,onchain,500,327,57.425600,1368.568200,1147.902400,1205.328000,5.705100,true,4224,4352,0x098b50423eb1b80e5a7fb520438bb4f17cbf6c9b9e6ebef7938342aa2df694fe,0x0c2d971bce31e07f0a4d4de39b5c6bac3335d5febb655089ed885cea978a0bb9
theo_n,6,332,false,9,13,onchain,500,328,45.126400,1368.568200,1124.328900,1169.455300,6.324800,true,4224,4352,0x098b50423eb1b80e5a7fb520438bb4f17cbf6c9b9e6ebef7938342aa2df694fe,0x075654f1c9e5abe5fce4baccbe6da07810dffabc979728eedf550abd56074ba4
theo_n,6,333,false,9,13,onchain,500,329,44.603100,1368.568200,1143.663800,1188.266900,6.873700,true,4224,4352,0x098b50423eb1b80e5a7fb520438bb4f17cbf6c9b9e6ebef7938342aa2df694fe,0x0a63eac5908ab14b7879638596b87d9140c5474707a3ad072e2f1a34645752ba
theo_n,6,334,false,9,13,onchain,500,330,62.652700,1368.568200,1114.682700,1177.335400,6.615000,true,4224,4352,0x098b50423eb1b80e5a7fb520438bb4f17cbf6c9b9e6ebef7938342aa2df694fe,0x08e9b9b4e26fc3aca37bccf5629f51a451dbb6ea41a9b4882a3d78932409045a
theo_n,6,335,false,9,13,onchain,500,331,62.391900,1368.568200,1116.577600,1178.969500,6.394700,true,4224,4352,0x098b50423eb1b80e5a7fb520438bb4f17cbf6c9b9e6ebef7938342aa2df694fe,0x098ff9bfabd2578b64849f372dfccc3889e8f48dd1d57d81e3d9e88fbd994c78
theo_n,6,336,false,9,13,onchain,500,332,46.729300,1368.568200,1137.137800,1183.867100,5.622400,true,4224,4352,0x098b50423eb1b80e5a7fb520438bb4f17cbf6c9b9e6ebef7938342aa2df694fe,0x1db4b736a2b0ecc19a65c0c07835152665c8e62915ffa56fa7ab6503f5c9bd19
theo_n,6,337,false,9,13,onchain,500,333,58.873400,1368.568200,1104.970500,1163.843900,6.153000,true,4224,4352,0x098b50423eb1b80e5a7fb520438bb4f17cbf6c9b9e6ebef7938342aa2df694fe,0x2bc5afd849a1330fc452535400ac1d4d8390ff4fc994c438f681397683bc1753
theo_n,6,338,false,9,13,onchain,500,334,53.807200,1368.568200,1111.317200,1165.124400,6.646500,true,4224,4352,0x098b50423eb1b80e5a7fb520438bb4f17cbf6c9b9e6ebef7938342aa2df694fe,0x12216d0a1f27606101af6298d2b5d879870b6c64de2f8873b7fd2b23867b9935
theo_n,6,339,false,9,13,onchain,500,335,43.366000,1368.568200,1123.715000,1167.081000,7.226000,true,4224,4352,0x098b50423eb1b80e5a7fb520438bb4f17cbf6c9b9e6ebef7938342aa2df694fe,0x2839f37d67552efb8cead8faa71bb56779c63441b8b5b103c3f779de4528692f
theo_n,6,340,false,9,13,onchain,500,336,67.093800,1368.568200,1125.975500,1193.069300,6.210400,true,4224,4352,0x098b50423eb1b80e5a7fb520438bb4f17cbf6c9b9e6ebef7938342aa2df694fe,0x204f2b2dc108ebd91b8e8e9b95eea64bb1a6cb4f5ab54c2c0026fd7e839ae592
theo_n,6,341,false,9,13,onchain,500,337,60.293200,1368.568200,1107.767500,1168.060700,6.188600,true,4224,4352,0x098b50423eb1b80e5a7fb520438bb4f17cbf6c9b9e6ebef7938342aa2df694fe,0x204d869a69ccfa457f8806504f9890bc280efc739f3f0ecf9fc1eb0fb6528c59
theo_n,6,342,false,9,13,onchain,500,338,42.053800,1368.568200,1121.556600,1163.610400,6.189400,true,4224,4352,0x098b50423eb1b80e5a7fb520438bb4f17cbf6c9b9e6ebef7938342aa2df694fe,0x04b5d935609dfcb26d7a583849391abb7d04dfd1781f9026cce73dabe6b5ffc5
theo_n,6,343,false,9,13,onchain,500,339,60.456200,1368.568200,1114.257400,1174.713600,6.278400,true,4224,4352,0x098b50423eb1b80e5a7fb520438bb4f17cbf6c9b9e6ebef7938342aa2df694fe,0x152536451a8e9393f717d73e334bfa8514a176570f84aacc7c013645e671935a
theo_n,6,344,false,9,13,onchain,500,340,65.550700,1368.568200,1126.249500,1191.800200,5.548100,true,4224,4352,0x098b50423eb1b80e5a7fb520438bb4f17cbf6c9b9e6ebef7938342aa2df694fe,0x0457c3089a76f9a9d8acf8fc0271db28cb47b4da13a71cd9ebb0d4f85b06dc91
theo_n,6,345,false,9,13,onchain,500,341,57.417700,1368.568200,1116.406600,1173.824300,5.764200,true,4224,4352,0x098b50423eb1b80e5a7fb520438bb4f17cbf6c9b9e6ebef7938342aa2df694fe,0x2efb0c793ef2952e6286b0c951664e67f457f2399d5e05fa4f0bb48c137ef7af
theo_n,6,346,false,9,13,onchain,500,342,64.637700,1368.568200,1148.512800,1213.150500,6.138300,true,4224,4352,0x098b50423eb1b80e5a7fb520438bb4f17cbf6c9b9e6ebef7938342aa2df694fe,0x07c6757702a5062212213dfa130caee8e8c66080fd605f2c89c4bd459c0eb506
theo_n,6,347,false,9,13,onchain,500,343,67.932700,1368.568200,1127.198000,1195.130700,5.677200,true,4224,4352,0x098b50423eb1b80e5a7fb520438bb4f17cbf6c9b9e6ebef7938342aa2df694fe,0x1f31d06804fe9d643009a57a3670fbf5708c1c3c6251624db210bc9f18177456
theo_n,6,348,false,9,13,onchain,500,344,57.435800,1368.568200,1113.543100,1170.978900,5.897900,true,4224,4352,0x098b50423eb1b80e5a7fb520438bb4f17cbf6c9b9e6ebef7938342aa2df694fe,0x2e37e091fc8c192e870e9a1bc151044c6f827a9d7b31a863df824e406f8c7cd1
theo_n,6,349,false,9,13,onchain,500,345,53.420200,1368.568200,1122.777900,1176.198100,7.154200,true,4224,4352,0x098b50423eb1b80e5a7fb520438bb4f17cbf6c9b9e6ebef7938342aa2df694fe,0x226079d37d6b5905b792bcf76b2799b0253b82604264870bcec2afc3472d5c73
theo_n,6,350,false,9,13,onchain,500,346,66.783200,1368.568200,1123.245000,1190.028200,6.595800,true,4224,4352,0x098b50423eb1b80e5a7fb520438bb4f17cbf6c9b9e6ebef7938342aa2df694fe,0x117db97a81840683d5f0024370805bbb38977ea928586ac4f07b751d7b8585aa
theo_n,6,351,false,9,13,onchain,500,347,57.608900,1368.568200,1113.579600,1171.188500,5.903500,true,4224,4352,0x098b50423eb1b80e5a7fb520438bb4f17cbf6c9b9e6ebef7938342aa2df694fe,0x254f554195b2795e198655ca2a08c0d3b52361f517bfc45abf441ff5f97cb8c0
theo_n,6,352,false,9,13,onchain,500,348,60.055300,1368.568200,1121.030800,1181.086100,5.812700,true,4224,4352,0x098b50423eb1b80e5a7fb520438bb4f17cbf6c9b9e6ebef7938342aa2df694fe,0x1593770d9d55f43a7cdb36fc0fc3822fa5eb57dd09ab2b86b6688d899c0597a3
theo_n,6,353,false,9,13,onchain,500,349,53.703600,1368.568200,1137.032000,1190.735600,6.457800,true,4224,4352,0x098b50423eb1b80e5a7fb520438bb4f17cbf6c9b9e6ebef7938342aa2df694fe,0x20e21d8732cbae26a5eb1e3a08fa1d385815993a3e06bf751447c239e53ebec2
theo_n,6,354,false,9,13,onchain,500,350,63.583200,1368.568200,1173.881800,1237.465000,5.696500,true,4224,4352,0x098b50423eb1b80e5a7fb520438bb4f17cbf6c9b9e6ebef7938342aa2df694fe,0x0e99cfc4fe2b4260a2b9ad2ea8a798e983acf32369ddff77b9bbbfb006aea219
theo_n,6,355,false,9,13,onchain,500,351,59.062700,1368.568200,1114.346500,1173.409200,6.975600,true,4224,4352,0x098b50423eb1b80e5a7fb520438bb4f17cbf6c9b9e6ebef7938342aa2df694fe,0x02561cbf09126048622749b6c4fb1d96e7c743c3ddd00c24fe36a90236a1b716
theo_n,6,356,false,9,13,onchain,500,352,58.754800,1368.568200,1140.336300,1199.091100,5.822000,true,4224,4352,0x098b50423eb1b80e5a7fb520438bb4f17cbf6c9b9e6ebef7938342aa2df694fe,0x1b60a8b5553baadbaddd458ba1d262ab05296dcadb500fffc6521c0670d859de
theo_n,6,357,false,9,13,onchain,500,353,63.983000,1368.568200,1118.872200,1182.855200,5.602600,true,4224,4352,0x098b50423eb1b80e5a7fb520438bb4f17cbf6c9b9e6ebef7938342aa2df694fe,0x28c3e736537efd4af55e4024deafcb55b364d5be65156ae12c48fb5d62772ff0
theo_n,6,358,false,9,13,onchain,500,354,54.760600,1368.568200,1110.293400,1165.054000,6.200800,true,4224,4352,0x098b50423eb1b80e5a7fb520438bb4f17cbf6c9b9e6ebef7938342aa2df694fe,0x04b39fd3e5f335a5b634bd563ba92eb4d8fa3f7e32fe4b6a4bc9ac1fd43c19ca
theo_n,6,359,false,9,13,onchain,500,355,56.346100,1368.568200,1123.629700,1179.975800,5.934700,true,4224,4352,0x098b50423eb1b80e5a7fb520438bb4f17cbf6c9b9e6ebef7938342aa2df694fe,0x0004225074508fa3022f90e37e6c870a9b686a8123ef5bbe2056904cf37642db
theo_n,6,360,false,9,13,onchain,500,356,56.566700,1368.568200,1131.744000,1188.310700,5.711600,true,4224,4352,0x098b50423eb1b80e5a7fb520438bb4f17cbf6c9b9e6ebef7938342aa2df694fe,0x021bebfbfc5cca243be6d61f58c6fcfc3b49fd9f33fababe9cb255a21de6777c
theo_n,6,361,false,9,13,onchain,500,357,54.211100,1368.568200,1190.550200,1244.761300,5.649800,true,4224,4352,0x098b50423eb1b80e5a7fb520438bb4f17cbf6c9b9e6ebef7938342aa2df694fe,0x050f085ab3e5f5c3eb150a35091b609b024454e337120d29ab9b71776fc7338d
theo_n,6,362,false,9,13,onchain,500,358,67.117000,1368.568200,1117.837700,1184.954700,6.643300,true,4224,4352,0x098b50423eb1b80e5a7fb520438bb4f17cbf6c9b9e6ebef7938342aa2df694fe,0x222c67432c9adedc49d9236e9654816e0cf5c7e793e5f52d51452e4d94e61b34
theo_n,6,363,false,9,13,onchain,500,359,59.807500,1368.568200,1107.168300,1166.975800,5.792400,true,4224,4352,0x098b50423eb1b80e5a7fb520438bb4f17cbf6c9b9e6ebef7938342aa2df694fe,0x27b239bf70d964ad2873d0a1bfdc4491651f20e30617f39306e3109f9444ae1f
theo_n,6,364,false,9,13,onchain,500,360,43.421100,1368.568200,1139.139200,1182.560300,6.269200,true,4224,4352,0x098b50423eb1b80e5a7fb520438bb4f17cbf6c9b9e6ebef7938342aa2df694fe,0x1e1b5831fdf4b76d30e9b076372b1a47468a39c721bfd22182db547151d10305
theo_n,6,365,false,9,13,onchain,500,361,59.470900,1368.568200,1109.873200,1169.344100,6.074700,true,4224,4352,0x098b50423eb1b80e5a7fb520438bb4f17cbf6c9b9e6ebef7938342aa2df694fe,0x0605aa46ac40963353ba3f275bdaa747c1794498b7645bbd422dbae339555c55
theo_n,6,366,false,9,13,onchain,500,362,53.479800,1368.568200,1136.412400,1189.892200,7.016400,true,4224,4352,0x098b50423eb1b80e5a7fb520438bb4f17cbf6c9b9e6ebef7938342aa2df694fe,0x1851f7753135b8747d9eb910c77c916cf827ea9f2155dc9d379ef2afa367a772
theo_n,6,367,false,9,13,onchain,500,363,51.740200,1368.568200,1132.020900,1183.761100,6.055600,true,4224,4352,0x098b50423eb1b80e5a7fb520438bb4f17cbf6c9b9e6ebef7938342aa2df694fe,0x16fc1f235038e480513f38e613e2d02f17b4832841d68c8ef401b09167c9ff5f
theo_n,6,368,false,9,13,onchain,500,364,61.411000,1368.568200,1135.628000,1197.039000,5.725400,true,4224,4352,0x098b50423eb1b80e5a7fb520438bb4f17cbf6c9b9e6ebef7938342aa2df694fe,0x193a1a014690b7724bf6978a4714fe2a0476d1eef7c299ca5f750f3cd17874eb
theo_n,6,369,false,9,13,onchain,500,365,67.011100,1368.568200,1117.553200,1184.564300,5.898200,true,4224,4352,0x098b50423eb1b80e5a7fb520438bb4f17cbf6c9b9e6ebef7938342aa2df694fe,0x0f963c37f6669553709742d3391b6f600bb9eeee0f58acf2765960e71eb5b81c
theo_n,6,370,false,9,13,onchain,500,366,57.461000,1368.568200,1146.026400,1203.487400,6.688200,true,4224,4352,0x098b50423eb1b80e5a7fb520438bb4f17cbf6c9b9e6ebef7938342aa2df694fe,0x303b6b066769651941ebaaebfcd8040f41a717542235e1f57492ed152123cff2
theo_n,6,371,false,9,13,onchain,500,367,55.029300,1368.568200,1108.512800,1163.542100,6.005000,true,4224,4352,0x098b50423eb1b80e5a7fb520438bb4f17cbf6c9b9e6ebef7938342aa2df694fe,0x2ed695d8f21d493b9d35e98eaf8a93b2d7366dc343dd2584f504aa5e64116990
theo_n,6,372,false,9,13,onchain,500,368,47.074400,1368.568200,1131.237300,1178.311700,5.871100,true,4224,4352,0x098b50423eb1b80e5a7fb520438bb4f17cbf6c9b9e6ebef7938342aa2df694fe,0x1ad4f7e67fe4ff1b47a8341daf54ba4cfc10c65cf1044c60def6d901a807ed46
theo_n,6,373,false,9,13,onchain,500,369,62.698400,1368.568200,1098.630900,1161.329300,6.131100,true,4224,4352,0x098b50423eb1b80e5a7fb520438bb4f17cbf6c9b9e6ebef7938342aa2df694fe,0x0c5a630d9f98b120bc544c96c47eec11640c6ab4b933c80d522151a3ff6adf8a
theo_n,6,374,false,9,13,onchain,500,370,40.600100,1368.568200,1136.355400,1176.955500,6.214500,true,4224,4352,0x098b50423eb1b80e5a7fb520438bb4f17cbf6c9b9e6ebef7938342aa2df694fe,0x03f5612ddf0d430300b9710c7d5770ca54ee984d0d55902c9e31fec569bca9e3
theo_n,6,375,false,9,13,onchain,500,371,49.799900,1368.568200,1114.969000,1164.768900,6.613400,true,4224,4352,0x098b50423eb1b80e5a7fb520438bb4f17cbf6c9b9e6ebef7938342aa2df694fe,0x1e849df2f825791fd8ed533d294b831c090962116777818d7fe8e404e5c063fd
theo_n,6,376,false,9,13,onchain,500,372,51.188100,1368.568200,1123.360800,1174.548900,7.456700,true,4224,4352,0x098b50423eb1b80e5a7fb520438bb4f17cbf6c9b9e6ebef7938342aa2df694fe,0x18cfa5c6cd646ef374aab2e94e771ad9364cf8d95486dbb632ede7bba8b9c2b8
theo_n,6,377,false,9,13,onchain,500,373,48.446200,1368.568200,1135.539900,1183.986100,5.673200,true,4224,4352,0x098b50423eb1b80e5a7fb520438bb4f17cbf6c9b9e6ebef7938342aa2df694fe,0x25b65d1c3a0bc65503d9a28d15da14bdd9f67ae4de7a884deeedb518e97a9262
theo_n,6,378,false,9,13,onchain,500,374,62.456100,1368.568200,1116.229600,1178.685700,6.104200,true,4224,4352,0x098b50423eb1b80e5a7fb520438bb4f17cbf6c9b9e6ebef7938342aa2df694fe,0x04814392968319dd081a9b03644408df0f13373cd048e655a8b8de0a52e23270
theo_n,6,379,false,9,13,onchain,500,375,67.400600,1368.568200,1116.976500,1184.377100,6.895000,true,4224,4352,0x098b50423eb1b80e5a7fb520438bb4f17cbf6c9b9e6ebef7938342aa2df694fe,0x118f2bc8abc13248898a6bcd9a243f7ca0a998ade21b658f26f4157747c66bb1
theo_n,6,380,false,9,13,onchain,500,376,41.127800,1368.568200,1115.501200,1156.629000,5.977700,true,4224,4352,0x098b50423eb1b80e5a7fb520438bb4f17cbf6c9b9e6ebef7938342aa2df694fe,0x162d42cc97848b8015e6f6973e026d6782e2a7cb2fb68038286cbc81d7508eda
theo_n,6,381,false,9,13,onchain,500,377,77.325000,1368.568200,1132.725500,1210.050500,6.579000,true,4224,4352,0x098b50423eb1b80e5a7fb520438bb4f17cbf6c9b9e6ebef7938342aa2df694fe,0x157e57147367313af2ccdb0b69a90f60da885d73b45344e360fbc625f7696351
theo_n,6,382,false,9,13,onchain,500,378,57.110200,1368.568200,1118.995700,1176.105900,6.405900,true,4224,4352,0x098b50423eb1b80e5a7fb520438bb4f17cbf6c9b9e6ebef7938342aa2df694fe,0x0ad9f8b60ac2b27db29f8d015c05982cd6a7f9fe5461daae00a8f8e7b10bb470
theo_n,6,383,false,9,13,onchain,500,379,64.562300,1368.568200,1108.794200,1173.356500,6.522400,true,4224,4352,0x098b50423eb1b80e5a7fb520438bb4f17cbf6c9b9e6ebef7938342aa2df694fe,0x02d5dff1d08df114839ef1dc507caa525323fb9828ac5daac4983bbfb43f03ee
theo_n,6,384,false,9,13,onchain,500,380,68.283400,1368.568200,1102.687600,1170.971000,6.292700,true,4224,4352,0x098b50423eb1b80e5a7fb520438bb4f17cbf6c9b9e6ebef7938342aa2df694fe,0x07e27bc2513cc928d26b30eb92d217d53a1f2efa7ec91e9f3281e5893d80ea14
theo_n,6,385,false,9,13,onchain,500,381,56.137200,1368.568200,1137.379400,1193.516600,5.911100,true,4224,4352,0x098b50423eb1b80e5a7fb520438bb4f17cbf6c9b9e6ebef7938342aa2df694fe,0x17398fc5f1d2e60159ce1452da7355a2234e2843260b50b40ded9b9d1d7fc2c5
theo_n,6,386,false,9,13,onchain,500,382,40.035200,1368.568200,1130.302900,1170.338100,5.645300,true,4224,4352,0x098b50423eb1b80e5a7fb520438bb4f17cbf6c9b9e6ebef7938342aa2df694fe,0x1bcd1df4387375c9e3d385db43f832b4b6fe272b45f7e52252b39bb8382252e4
theo_n,6,387,false,9,13,onchain,500,383,55.871100,1368.568200,1142.540100,1198.411200,5.659600,true,4224,4352,0x098b50423eb1b80e5a7fb520438bb4f17cbf6c9b9e6ebef7938342aa2df694fe,0x28bd69fe5fd086a619856936b40121a7155f548d42a84f35bce33cd48f7c5b79
theo_n,6,388,false,9,13,onchain,500,384,62.670300,1368.568200,1112.126100,1174.796400,5.537600,true,4224,4352,0x098b50423eb1b80e5a7fb520438bb4f17cbf6c9b9e6ebef7938342aa2df694fe,0x1e7e3f9f39ceb8265b464c07373a4b37a800558074e78b931da84545f6d94e6d
theo_n,6,389,false,9,13,onchain,500,385,58.259000,1368.568200,1125.506900,1183.765900,7.033900,true,4224,4352,0x098b50423eb1b80e5a7fb520438bb4f17cbf6c9b9e6ebef7938342aa2df694fe,0x0de1feb02f5d7b62cce3ccea8a74c6a75a1062001c1a44cae3b015de71aba263
theo_n,6,390,false,9,13,onchain,500,386,52.809400,1368.568200,1124.764200,1177.573600,6.420000,true,4224,4352,0x098b50423eb1b80e5a7fb520438bb4f17cbf6c9b9e6ebef7938342aa2df694fe,0x0ccf0155d5e5543303c4ae684ea5d6d3506eadcac2a6ce0b43d37b55f33f3ae7
theo_n,6,391,false,9,13,onchain,500,387,65.962200,1368.568200,1122.199800,1188.162000,7.584800,true,4224,4352,0x098b50423eb1b80e5a7fb520438bb4f17cbf6c9b9e6ebef7938342aa2df694fe,0x092407afbdab9b40602d5946175c6668381b10d76ec0d1fc625720ab89492697
theo_n,6,392,false,9,13,onchain,500,388,66.773100,1368.568200,1141.466400,1208.239500,5.892300,true,4224,4352,0x098b50423eb1b80e5a7fb520438bb4f17cbf6c9b9e6ebef7938342aa2df694fe,0x057debe0a69bdb13be5df68e059ebc5810b7a076ae38389e59938c99084ee97e
theo_n,6,393,false,9,13,onchain,500,389,64.250900,1368.568200,1097.918700,1162.169600,6.450400,true,4224,4352,0x098b50423eb1b80e5a7fb520438bb4f17cbf6c9b9e6ebef7938342aa2df694fe,0x303a402911f18f755f5c1a87ec99a33b77d1c2577916758ef573ab2194af50d9
theo_n,6,394,false,9,13,onchain,500,390,67.262100,1368.568200,1152.222300,1219.484400,5.565500,true,4224,4352,0x098b50423eb1b80e5a7fb520438bb4f17cbf6c9b9e6ebef7938342aa2df694fe,0x263992a8e602149f3b6505ad16e7f04e696f8125783000c71d2ecc897e2a52b7
theo_n,6,395,false,9,13,onchain,500,391,42.506000,1368.568200,1132.233700,1174.739700,5.676700,true,4224,4352,0x098b50423eb1b80e5a7fb520438bb4f17cbf6c9b9e6ebef7938342aa2df694fe,0x2db9482626db14404a768c8465161d5833bab0bdd0cee894e56dce89b9eb09fd
theo_n,6,396,false,9,13,onchain,500,392,49.524300,1368.568200,1122.382400,1171.906700,6.386000,true,4224,4352,0x098b50423eb1b80e5a7fb520438bb4f17cbf6c9b9e6ebef7938342aa2df694fe,0x172df5a3f063b8f4f9c1d0f322ca54fa2d5f74aaf6562a8806fdfe2ca2e0483e
theo_n,6,397,false,9,13,onchain,500,393,53.154500,1368.568200,1137.156800,1190.311300,6.111700,true,4224,4352,0x098b50423eb1b80e5a7fb520438bb4f17cbf6c9b9e6ebef7938342aa2df694fe,0x12c6243e284afc10fb4414ac11753f093a708b67c527cf722831b3a7a593cb08
theo_n,6,398,false,9,13,onchain,500,394,56.790800,1368.568200,1121.004500,1177.795300,5.809900,true,4224,4352,0x098b50423eb1b80e5a7fb520438bb4f17cbf6c9b9e6ebef7938342aa2df694fe,0x12096b14d65088c6387377b9d89127c1ce5a0b1f72408edea1b850e9e359aa9e
theo_n,6,399,false,9,13,onchain,500,395,57.981500,1368.568200,1148.361900,1206.343400,6.196700,true,4224,4352,0x098b50423eb1b80e5a7fb520438bb4f17cbf6c9b9e6ebef7938342aa2df694fe,0x18b1832ec6179c73f03c78110ac55f45acae9d0d5117cf6c03da7814f79e5d8f
theo_n,6,400,false,9,13,onchain,500,396,62.939900,1368.568200,1118.517800,1181.457700,6.815400,true,4224,4352,0x098b50423eb1b80e5a7fb520438bb4f17cbf6c9b9e6ebef7938342aa2df694fe,0x113de8491220bb5eb508d65cc8ee0e1ceb7a712b1a9b95fc93acd8856ecb28f5
theo_n,6,401,false,9,13,onchain,500,397,66.711700,1368.568200,1130.415400,1197.127100,7.056900,true,4224,4352,0x098b50423eb1b80e5a7fb520438bb4f17cbf6c9b9e6ebef7938342aa2df694fe,0x27a010cf4e19c4a88e2edb7f04ac75b764b8e24719dc82dbbd0c0f7c8934be1e
theo_n,6,402,false,9,13,onchain,500,398,64.086400,1368.568200,1107.475600,1171.562000,7.415300,true,4224,4352,0x098b50423eb1b80e5a7fb520438bb4f17cbf6c9b9e6ebef7938342aa2df694fe,0x0b023dd915cb016b7238b5bdd3190fe98abd3504c6dbfba463d90bb38ff29ad2
theo_n,6,403,false,9,13,onchain,500,399,59.387500,1368.568200,1125.741900,1185.129400,5.771400,true,4224,4352,0x098b50423eb1b80e5a7fb520438bb4f17cbf6c9b9e6ebef7938342aa2df694fe,0x1a7e6c56f626be3e54886b792935dd23863f6915b323aa78148b70ab13ec5273
theo_n,6,404,false,9,13,onchain,500,400,65.693400,1368.568200,1121.694200,1187.387600,5.727200,true,4224,4352,0x098b50423eb1b80e5a7fb520438bb4f17cbf6c9b9e6ebef7938342aa2df694fe,0x2a2bffaf3fae1687545dfd12db373e7029a50e1e72ae6a4acfcbd733129c205d
theo_n,6,405,false,9,13,onchain,500,401,64.925700,1368.568200,1105.738800,1170.664500,6.374300,true,4224,4352,0x098b50423eb1b80e5a7fb520438bb4f17cbf6c9b9e6ebef7938342aa2df694fe,0x2cc4cf0733e1349358e8a570eac07ff818161987e3a18bfde63a9f0b95deca6d
theo_n,6,406,false,9,13,onchain,500,402,47.077000,1368.568200,1143.645000,1190.722000,6.398400,true,4224,4352,0x098b50423eb1b80e5a7fb520438bb4f17cbf6c9b9e6ebef7938342aa2df694fe,0x1b8c0ebcb5cf1b7c144731c42fbfeebd4519c91bbe045821496f2975128cd66c
theo_n,6,407,false,9,13,onchain,500,403,66.178100,1368.568200,1181.512200,1247.690300,6.546500,true,4224,4352,0x098b50423eb1b80e5a7fb520438bb4f17cbf6c9b9e6ebef7938342aa2df694fe,0x2db8f99903aebf090472808a8ea677cc1579e7aa758397d7fd28dd09d7b51280
theo_n,6,408,false,9,13,onchain,500,404,41.436800,1368.568200,1153.134600,1194.571400,5.860000,true,4224,4352,0x098b50423eb1b80e5a7fb520438bb4f17cbf6c9b9e6ebef7938342aa2df694fe,0x0bf0ebb05a15be9b640ea65b8d18d6832cad86267bf6cb999ad43d7d749ad1be
theo_n,6,409,false,9,13,onchain,500,405,57.527600,1368.568200,1108.731300,1166.258900,7.170600,true,4224,4352,0x098b50423eb1b80e5a7fb520438bb4f17cbf6c9b9e6ebef7938342aa2df694fe,0x1b988085e3126ddfb6a991df1c0f573fa0e6f9965ef6b3f10de414b3fdd35013
theo_n,6,410,false,9,13,onchain,500,406,45.341700,1368.568200,1135.358100,1180.699800,5.742100,true,4224,4352,0x098b50423eb1b80e5a7fb520438bb4f17cbf6c9b9e6ebef7938342aa2df694fe,0x154bfdb6e90d7431315c386cc66abcbf3958bded588b405520a34f7d4f56e666
theo_n,6,411,false,9,13,onchain,500,407,45.919500,1368.568200,1102.443400,1148.362900,6.106100,true,4224,4352,0x098b50423eb1b80e5a7fb520438bb4f17cbf6c9b9e6ebef7938342aa2df694fe,0x09dcc218c82397618550beef8f8255788a9ec1329b4e16b1effb79dd16db6db8
theo_n,6,412,false,9,13,onchain,500,408,66.165100,1368.568200,1116.041900,1182.207000,6.135100,true,4224,4352,0x098b50423eb1b80e5a7fb520438bb4f17cbf6c9b9e6ebef7938342aa2df694fe,0x03e0e67240dac313442539b1a1241dc6465eb385b752bbfd21607f280e9ed7a8
theo_n,6,413,false,9,13,onchain,500,409,40.284900,1368.568200,1113.643100,1153.928000,5.862200,true,4224,4352,0x098b50423eb1b80e5a7fb520438bb4f17cbf6c9b9e6ebef7938342aa2df694fe,0x3007bee886bfacd3ffad885814b8c4e8cceb990aa13437fa53e86c1dcd321aac
theo_n,6,414,false,9,13,onchain,500,410,64.305900,1368.568200,1116.352800,1180.658700,5.718000,true,4224,4352,0x098b50423eb1b80e5a7fb520438bb4f17cbf6c9b9e6ebef7938342aa2df694fe,0x181a21556d142138a10d0d14eb5e6c5d16df78825c4945a3d09ac9823e327b17
theo_n,6,415,false,9,13,onchain,500,411,62.951600,1368.568200,1151.107100,1214.058700,6.609200,true,4224,4352,0x098b50423eb1b80e5a7fb520438bb4f17cbf6c9b9e6ebef7938342aa2df694fe,0x2835faa28d27666daad62898414f35b70a6f1b36e83f6903b595b0b699a120e0
theo_n,6,416,false,9,13,onchain,500,412,63.965600,1368.568200,1161.815400,1225.781000,6.419100,true,4224,4352,0x098b50423eb1b80e5a7fb520438bb4f17cbf6c9b9e6ebef7938342aa2df694fe,0x06016b8fc0cfb43fe47861f337a516e5702b812d6b62d60cb94bca0b4d6acd7c
theo_n,6,417,false,9,13,onchain,500,413,63.588400,1368.568200,1116.074300,1179.662700,5.982800,true,4224,4352,0x098b50423eb1b80e5a7fb520438bb4f17cbf6c9b9e6ebef7938342aa2df694fe,0x1bed17d5deba5bed8ba9eed3242058dba5d4c9596776efeb51be6779ca0306a3
theo_n,6,418,false,9,13,onchain,500,414,58.692500,1368.568200,1102.447000,1161.139500,5.862700,true,4224,4352,0x098b50423eb1b80e5a7fb520438bb4f17cbf6c9b9e6ebef7938342aa2df694fe,0x016ddbf0460e9b0e15e4f146a5a20f1fdcdc6a8561610466846c78fbc49a3d7c
theo_n,6,419,false,9,13,onchain,500,415,59.013500,1368.568200,1144.285800,1203.299300,6.601100,true,4224,4352,0x098b50423eb1b80e5a7fb520438bb4f17cbf6c9b9e6ebef7938342aa2df694fe,0x0e0771a1c3bbd684257a57be0b21e69a6727489b4ddc066d53818988c039b7c6
theo_n,6,420,false,9,13,onchain,500,416,65.415100,1368.568200,1135.271700,1200.686800,6.985800,true,4224,4352,0x098b50423eb1b80e5a7fb520438bb4f17cbf6c9b9e6ebef7938342aa2df694fe,0x2830fdb34c979454f9f3421f8b0574c294c79daee7ad2bc1b5dc97a95a4f9d54
theo_n,6,421,false,9,13,onchain,500,417,67.409500,1368.568200,1122.289100,1189.698600,6.361600,true,4224,4352,0x098b50423eb1b80e5a7fb520438bb4f17cbf6c9b9e6ebef7938342aa2df694fe,0x13a0fb9058def92f47de48cf7aa57b8540d590214e9ee3ef4a3b4e6b1fd39fc7
theo_n,6,422,false,9,13,onchain,500,418,52.819800,1368.568200,1128.665700,1181.485500,5.675200,true,4224,4352,0x098b50423eb1b80e5a7fb520438bb4f17cbf6c9b9e6ebef7938342aa2df694fe,0x0326508a2e8766b39956ca4bcb280f99a691a9091e7328ef63d81a41a3b488f5
theo_n,6,423,false,9,13,onchain,500,419,55.593300,1368.568200,1132.098100,1187.691400,6.180700,true,4224,4352,0x098b50423eb1b80e5a7fb520438bb4f17cbf6c9b9e6ebef7938342aa2df694fe,0x1aad75cc6b55ef5aefca1139b211062bbb6f98191567e7e2c53e14c4ed4d2510
theo_n,6,424,false,9,13,onchain,500,420,56.023900,1368.568200,1114.104200,1170.128100,6.045100,true,4224,4352,0x098b50423eb1b80e5a7fb520438bb4f17cbf6c9b9e6ebef7938342aa2df694fe,0x0762cba02d6c2fd227c1121dbbb65b1dddcd594906111c19dcb75308284fab1e
theo_n,6,425,false,9,13,onchain,500,421,61.941200,1368.568200,1123.280000,1185.221200,6.078800,true,4224,4352,0x098b50423eb1b80e5a7fb520438bb4f17cbf6c9b9e6ebef7938342aa2df694fe,0x2867d18a8d13dcdcf2a610885da6d6baf390d38a0ba79aa67af91dedf2e4134f
theo_n,6,426,false,9,13,onchain,500,422,66.024700,1368.568200,1099.657200,1165.681900,6.208200,true,4224,4352,0x098b50423eb1b80e5a7fb520438bb4f17cbf6c9b9e6ebef7938342aa2df694fe,0x10c107c9cda92ec6cf3e9fe22cbf7cda99fe04bfb69b44457736f08daf94178b
theo_n,6,427,false,9,13,onchain,500,423,59.893400,1368.568200,1117.069800,1176.963200,6.667400,true,4224,4352,0x098b50423eb1b80e5a7fb520438bb4f17cbf6c9b9e6ebef7938342aa2df694fe,0x2581e5575f4204b4a6f3b0e08c12245c083765c1a07f32b13a96895ca1ba1425
theo_n,6,428,false,9,13,onchain,500,424,51.777200,1368.568200,1124.902900,1176.680100,6.609400,true,4224,4352,0x098b50423eb1b80e5a7fb520438bb4f17cbf6c9b9e6ebef7938342aa2df694fe,0x277aac34d6c47e54cdbb5d62cfd244cec5298c9c26f6aa993fb0e26cf2f1082f
theo_n,6,429,false,9,13,onchain,500,425,59.837300,1368.568200,1125.789700,1185.627000,7.439700,true,4224,4352,0x098b50423eb1b80e5a7fb520438bb4f17cbf6c9b9e6ebef7938342aa2df694fe,0x03ea32e3c967ab912ee0c86ac10303a8203c3057bba343c213f706eb718cec52
theo_n,6,430,false,9,13,onchain,500,426,48.755900,1368.568200,1116.894300,1165.650200,5.923000,true,4224,4352,0x098b50423eb1b80e5a7fb520438bb4f17cbf6c9b9e6ebef7938342aa2df694fe,0x3003b73a88a8569a4f81d8beb7f720188535c7718ead6ae84dbe3c272f4f5f3b
theo_n,6,431,false,9,13,onchain,500,427,65.828800,1368.568200,1118.707900,1184.536700,6.585600,true,4224,4352,0x098b50423eb1b80e5a7fb520438bb4f17cbf6c9b9e6ebef7938342aa2df694fe,0x0a05cfe41f28c738b7d5d7716c8320b06aa79e0e6625c4f3558a58dc9b7fef42
theo_n,6,432,false,9,13,onchain,500,428,47.457500,1368.568200,1114.942000,1162.399500,6.546700,true,4224,4352,0x098b50423eb1b80e5a7fb520438bb4f17cbf6c9b9e6ebef7938342aa2df694fe,0x2500607ce618ef9bd30f4bc46ee16168b678de82a12629390aecc174960b46cd
theo_n,6,433,false,9,13,onchain,500,429,57.752600,1368.568200,1117.598200,1175.350800,6.237400,true,4224,4352,0x098b50423eb1b80e5a7fb520438bb4f17cbf6c9b9e6ebef7938342aa2df694fe,0x01c24f87ee6d59ee391a1593ecbeb6d1fa9963826beeb11f5caf468141128f09
theo_n,6,434,false,9,13,onchain,500,430,48.012900,1368.568200,1118.003800,1166.016700,6.038700,true,4224,4352,0x098b50423eb1b80e5a7fb520438bb4f17cbf6c9b9e6ebef7938342aa2df694fe,0x2082108df1e5d8328a3a52f2af197ec79b7856c8bc9c44ccf2d1d5951679a4c0
theo_n,6,435,false,9,13,onchain,500,431,53.112500,1368.568200,1118.715800,1171.828300,5.782100,true,4224,4352,0x098b50423eb1b80e5a7fb520438bb4f17cbf6c9b9e6ebef7938342aa2df694fe,0x0999ffaafc0622752b26e0380a201e79e330224adc28c45d809d6203c7183765
theo_n,6,436,false,9,13,onchain,500,432,56.668000,1368.568200,1117.569100,1174.237100,5.691800,true,4224,4352,0x098b50423eb1b80e5a7fb520438bb4f17cbf6c9b9e6ebef7938342aa2df694fe,0x0256f5aa2a81c65d55d7ac3351c57b3fc477bd1a5d4650020d8ac1c2cb98c320
theo_n,6,437,false,9,13,onchain,500,433,63.997800,1368.568200,1098.411000,1162.408800,7.303700,true,4224,4352,0x098b50423eb1b80e5a7fb520438bb4f17cbf6c9b9e6ebef7938342aa2df694fe,0x037bc2c964784fc7e3cd2de16c3218014bc8ac4ab259c3fc47df759225c0c432
theo_n,6,438,false,9,13,onchain,500,434,66.854100,1368.568200,1102.577600,1169.431700,6.818700,true,4224,4352,0x098b50423eb1b80e5a7fb520438bb4f17cbf6c9b9e6ebef7938342aa2df694fe,0x173dc3dc4e6fcdf0ebba3fd2fe4632fb42c0ceb9e4cc5e9b374dc60deb000b3f
theo_n,6,439,false,9,13,onchain,500,435,56.543400,1368.568200,1119.799700,1176.343100,5.815200,true,4224,4352,0x098b50423eb1b80e5a7fb520438bb4f17cbf6c9b9e6ebef7938342aa2df694fe,0x1209c0c6094437ccf08802ad2ccd707c6033334ef0aac113035d1ba5c5d53302
theo_n,6,440,false,9,13,onchain,500,436,59.412500,1368.568200,1117.461800,1176.874300,7.256200,true,4224,4352,0x098b50423eb1b80e5a7fb520438bb4f17cbf6c9b9e6ebef7938342aa2df694fe,0x11a1aa45758004aee4e35df3345be3240a16450e6c518e436a9fef029035717a
theo_n,6,441,false,9,13,onchain,500,437,63.761400,1368.568200,1105.338300,1169.099700,6.224800,true,4224,4352,0x098b50423eb1b80e5a7fb520438bb4f17cbf6c9b9e6ebef7938342aa2df694fe,0x04476444e54b8d9345af11b280f951950dec019f5f9ed96cd666000cb6f8c8a4
theo_n,6,442,false,9,13,onchain,500,438,57.470800,1368.568200,1123.656800,1181.127600,6.813800,true,4224,4352,0x098b50423eb1b80e5a7fb520438bb4f17cbf6c9b9e6ebef7938342aa2df694fe,0x2806a21730d85cb406c3a0c7893edf53a23bb94164481acaec92dfaacc498c43
theo_n,6,443,false,9,13,onchain,500,439,65.089700,1368.568200,1110.499500,1175.589200,5.981500,true,4224,4352,0x098b50423eb1b80e5a7fb520438bb4f17cbf6c9b9e6ebef7938342aa2df694fe,0x214b13489d4f64f42e4f378022beeb428cee36c93df8f8e97b38d25222015f0e
theo_n,6,444,false,9,13,onchain,500,440,65.449500,1368.568200,1101.172900,1166.622400,5.896900,true,4224,4352,0x098b50423eb1b80e5a7fb520438bb4f17cbf6c9b9e6ebef7938342aa2df694fe,0x066f9d468513da57c066c36e999991151e9f59de613bf62318b16f8c0dc85b20
theo_n,6,445,false,9,13,onchain,500,441,66.771700,1368.568200,1105.186000,1171.957700,5.732800,true,4224,4352,0x098b50423eb1b80e5a7fb520438bb4f17cbf6c9b9e6ebef7938342aa2df694fe,0x2685af6105268b603a453ab4de1bcdd24c4090058d83280b15b70eb1e3493b77
theo_n,6,446,false,9,13,onchain,500,442,51.511500,1368.568200,1134.251200,1185.762700,5.682400,true,4224,4352,0x098b50423eb1b80e5a7fb520438bb4f17cbf6c9b9e6ebef7938342aa2df694fe,0x1c157e5b315f744377d41988cc71c4e64d2bb77893f27acd05aad8664ce59a79
theo_n,6,447,false,9,13,onchain,500,443,57.272900,1368.568200,1110.848700,1168.121600,7.075500,true,4224,4352,0x098b50423eb1b80e5a7fb520438bb4f17cbf6c9b9e6ebef7938342aa2df694fe,0x2267434a9eb55f81aff6acbc29f609c4a6cd46d4f19e735c0845e1e54dc511cf
theo_n,6,448,false,9,13,onchain,500,444,48.101700,1368.568200,1140.308200,1188.409900,6.349800,true,4224,4352,0x098b50423eb1b80e5a7fb520438bb4f17cbf6c9b9e6ebef7938342aa2df694fe,0x2427edd792ee64541c9bb6a75a9554187a8b10a7730ae17241a149dd8197cb5c
theo_n,6,449,false,9,13,onchain,500,445,62.178700,1368.568200,1134.612100,1196.790800,6.579300,true,4224,4352,0x098b50423eb1b80e5a7fb520438bb4f17cbf6c9b9e6ebef7938342aa2df694fe,0x0cf8a1ade649c5cea439e53e3be597c4c53290bf1c8b7f8bcb41a7ef7dea770e
theo_n,6,450,false,9,13,onchain,500,446,61.413400,1368.568200,1094.525400,1155.938800,5.886800,true,4224,4352,0x098b50423eb1b80e5a7fb520438bb4f17cbf6c9b9e6ebef7938342aa2df694fe,0x129883fbbf2647002f7deacb824779cb974c9eee7bbb30bf1261998df957b8dc
theo_n,6,451,false,9,13,onchain,500,447,51.479600,1368.568200,1118.803200,1170.282800,6.132200,true,4224,4352,0x098b50423eb1b80e5a7fb520438bb4f17cbf6c9b9e6ebef7938342aa2df694fe,0x0594521bbee73c066f93948e2ff7a51262787f7f3a8f16471f68ddf2a657e869
theo_n,6,452,false,9,13,onchain,500,448,64.580400,1368.568200,1114.551500,1179.131900,5.663600,true,4224,4352,0x098b50423eb1b80e5a7fb520438bb4f17cbf6c9b9e6ebef7938342aa2df694fe,0x13f17dda8cb57596d85fb2110de78808017c61bc82d7b7330c51357cf8ab248e
theo_n,6,453,false,9,13,onchain,500,449,64.849500,1368.568200,1118.654500,1183.504000,5.775000,true,4224,4352,0x098b50423eb1b80e5a7fb520438bb4f17cbf6c9b9e6ebef7938342aa2df694fe,0x12c9ec6c712307c39974e8ea98426582b0f316e90a50231bc1a00186bd92507e
theo_n,6,454,false,9,13,onchain,500,450,41.228600,1368.568200,1140.763800,1181.992400,6.679300,true,4224,4352,0x098b50423eb1b80e5a7fb520438bb4f17cbf6c9b9e6ebef7938342aa2df694fe,0x148354c630b4862274a3c4f9627e46281b10d5ce88bc6a9f22459d0f2e6ba9a8
theo_n,6,455,false,9,13,onchain,500,451,66.667600,1368.568200,1125.045100,1191.712700,6.351500,true,4224,4352,0x098b50423eb1b80e5a7fb520438bb4f17cbf6c9b9e6ebef7938342aa2df694fe,0x20281760db9fef7baf5df36729d8e86b1f03d2bfeeadec7e293627fe630e7d86
theo_n,6,456,false,9,13,onchain,500,452,63.436800,1368.568200,1138.061300,1201.498100,6.275200,true,4224,4352,0x098b50423eb1b80e5a7fb520438bb4f17cbf6c9b9e6ebef7938342aa2df694fe,0x1f5d68be2c50d3e703fb116f57bfc854bce65788b7ade4c79548c288f898484f
theo_n,6,457,false,9,13,onchain,500,453,40.229500,1368.568200,1184.016700,1224.246200,5.768700,true,4224,4352,0x098b50423eb1b80e5a7fb520438bb4f17cbf6c9b9e6ebef7938342aa2df694fe,0x2202cbc3666b0757b2bc1092b87ec06aaa632d9b644694c824a1a9f1402fb796
theo_n,6,458,false,9,13,onchain,500,454,45.626300,1368.568200,1136.671600,1182.297900,5.957400,true,4224,4352,0x098b50423eb1b80e5a7fb520438bb4f17cbf6c9b9e6ebef7938342aa2df694fe,0x27c2dffe7874cdda7cce3b6fb243cb2ca8974f0861a27c2419bf621ed6556606
theo_n,6,459,false,9,13,onchain,500,455,46.282200,1368.568200,1127.801400,1174.083600,6.048800,true,4224,4352,0x098b50423eb1b80e5a7fb520438bb4f17cbf6c9b9e6ebef7938342aa2df694fe,0x12a504725a3c750c382de4b79051869e38d03e6aa42f4505f940340f4885b7c2
theo_n,6,460,false,9,13,onchain,500,456,65.762200,1368.568200,1105.110800,1170.873000,6.439600,true,4224,4352,0x098b50423eb1b80e5a7fb520438bb4f17cbf6c9b9e6ebef7938342aa2df694fe,0x2e78ab53da0c12b723f36c4ae0ce7f5b0621afa5eb0811cd6a96df8698650698
theo_n,6,461,false,9,13,onchain,500,457,66.336900,1368.568200,1104.457500,1170.794400,6.029300,true,4224,4352,0x098b50423eb1b80e5a7fb520438bb4f17cbf6c9b9e6ebef7938342aa2df694fe,0x2fbda956e787d64ca8b6341cc1314e56b201281444c7bf34030a23838bc743ce
theo_n,6,462,false,9,13,onchain,500,458,52.833800,1368.568200,1120.446600,1173.280400,6.487000,true,4224,4352,0x098b50423eb1b80e5a7fb520438bb4f17cbf6c9b9e6ebef7938342aa2df694fe,0x119e6e31b73d1a8836957b9bbf042afcbffe0c2a4f27f87c8be3bdf7f9a74b1f
theo_n,6,463,false,9,13,onchain,500,459,57.253300,1368.568200,1108.775900,1166.029200,6.495000,true,4224,4352,0x098b50423eb1b80e5a7fb520438bb4f17cbf6c9b9e6ebef7938342aa2df694fe,0x121504fcf4f883891e0fc21eb1da196a5cc2f172e30aef5860b68086905e0aec
theo_n,6,464,false,9,13,onchain,500,460,40.883400,1368.568200,1119.352000,1160.235400,6.169000,true,4224,4352,0x098b50423eb1b80e5a7fb520438bb4f17cbf6c9b9e6ebef7938342aa2df694fe,0x1c2d5c6cf07f2dbdd8f604df0337912e297989a309cd33d6dc1239fe147ab4b6
theo_n,6,465,false,9,13,onchain,500,461,49.057100,1368.568200,1140.204900,1189.262000,7.469400,true,4224,4352,0x098b50423eb1b80e5a7fb520438bb4f17cbf6c9b9e6ebef7938342aa2df694fe,0x0704c0ac4a16b2c09e01e830dfc5b10d7c1b093c7c242fa8c85a1d6afc5b0059
theo_n,6,466,false,9,13,onchain,500,462,41.730200,1368.568200,1125.702700,1167.432900,6.564500,true,4224,4352,0x098b50423eb1b80e5a7fb520438bb4f17cbf6c9b9e6ebef7938342aa2df694fe,0x26a19ddc2ed55c40fb8bbb487a5e35e680624c166c65eb1a17b4c49f7b963cf4
theo_n,6,467,false,9,13,onchain,500,463,52.426000,1368.568200,1114.643100,1167.069100,6.427800,true,4224,4352,0x098b50423eb1b80e5a7fb520438bb4f17cbf6c9b9e6ebef7938342aa2df694fe,0x25ef2285374d0d2fb8f352c90602ea21678ab56bfa198771d120d845fd403499
theo_n,6,468,false,9,13,onchain,500,464,60.818300,1368.568200,1098.154900,1158.973200,6.233300,true,4224,4352,0x098b50423eb1b80e5a7fb520438bb4f17cbf6c9b9e6ebef7938342aa2df694fe,0x2deef529266e39c647c7f8aa57f1736e372c78d3a0c62c5890613454a7c5fba8
theo_n,6,469,false,9,13,onchain,500,465,60.646300,1368.568200,1126.229600,1186.875900,6.173200,true,4224,4352,0x098b50423eb1b80e5a7fb520438bb4f17cbf6c9b9e6ebef7938342aa2df694fe,0x17e4d436a99114d9778510c1ad0db88c4c9e6d9ff265191a17aec8c9bdc35b0d
theo_n,6,470,false,9,13,onchain,500,466,41.020700,1368.568200,1166.455300,1207.476000,5.717600,true,4224,4352,0x098b50423eb1b80e5a7fb520438bb4f17cbf6c9b9e6ebef7938342aa2df694fe,0x194895cb66b9d54f2220b208f6d8dfdc02547c4c64f4b73bd9fbf42e3df5bce9
theo_n,6,471,false,9,13,onchain,500,467,59.453000,1368.568200,1140.604300,1200.057300,7.064600,true,4224,4352,0x098b50423eb1b80e5a7fb520438bb4f17cbf6c9b9e6ebef7938342aa2df694fe,0x17b9faa51b28b1bf98a3d3650f88426d3ec0f81fc68691e2978f685c54039bdf
theo_n,6,472,false,9,13,onchain,500,468,57.190600,1368.568200,1117.449800,1174.640400,6.871400,true,4224,4352,0x098b50423eb1b80e5a7fb520438bb4f17cbf6c9b9e6ebef7938342aa2df694fe,0x03557e9b7fef581c5a714eec6689e6db4162f91f8d460ae5dcca16d3b3f9e352
theo_n,6,473,false,9,13,onchain,500,469,40.184100,1368.568200,1133.151000,1173.335100,6.308700,true,4224,4352,0x098b50423eb1b80e5a7fb520438bb4f17cbf6c9b9e6ebef7938342aa2df694fe,0x2c3214b8c0e8434fb6524fb4ff11e4e800a00966657e18a5d88267ae5f781abf
theo_n,6,474,false,9,13,onchain,500,470,40.241000,1368.568200,1119.213100,1159.454100,5.899800,true,4224,4352,0x098b50423eb1b80e5a7fb520438bb4f17cbf6c9b9e6ebef7938342aa2df694fe,0x0642a894943cd70151604e637ce6b256aef63733dc5c514325eabd85b7873425
theo_n,6,475,false,9,13,onchain,500,471,47.027800,1368.568200,1122.706300,1169.734100,6.006600,true,4224,4352,0x098b50423eb1b80e5a7fb520438bb4f17cbf6c9b9e6ebef7938342aa2df694fe,0x18552a6e21eecc017d45a61ec84e6f6dafafd85e5f3a8a1b69f6d52891467353
theo_n,6,476,false,9,13,onchain,500,472,60.844500,1368.568200,1124.815400,1185.659900,6.263600,true,4224,4352,0x098b50423eb1b80e5a7fb520438bb4f17cbf6c9b9e6ebef7938342aa2df694fe,0x09d6031cbe83e6b6daf712c57cef8f8a00092aaa20ee245268c6261746fb3e6d
theo_n,6,477,false,9,13,onchain,500,473,75.457700,1368.568200,1098.847700,1174.305400,6.086300,true,4224,4352,0x098b50423eb1b80e5a7fb520438bb4f17cbf6c9b9e6ebef7938342aa2df694fe,0x1d2e7002b581918e7f17fd4c88eaa1e2816dd4fceb92b04c7f1dee4714df076c
theo_n,6,478,false,9,13,onchain,500,474,47.085500,1368.568200,1110.240900,1157.326400,5.968200,true,4224,4352,0x098b50423eb1b80e5a7fb520438bb4f17cbf6c9b9e6ebef7938342aa2df694fe,0x106c70cbd048ff8d859a8c2a2ac67e23ea74f80b5e9723d541592f72a9be6164
theo_n,6,479,false,9,13,onchain,500,475,61.586900,1368.568200,1110.927800,1172.514700,6.631400,true,4224,4352,0x098b50423eb1b80e5a7fb520438bb4f17cbf6c9b9e6ebef7938342aa2df694fe,0x18f841147423b43a4e24f734b60a18649d2e49861e1471f1293b599ddadb5b4f
theo_n,6,480,false,9,13,onchain,500,476,65.031700,1368.568200,1120.158100,1185.189800,6.632400,true,4224,4352,0x098b50423eb1b80e5a7fb520438bb4f17cbf6c9b9e6ebef7938342aa2df694fe,0x181f47596bdada82053dbd519feadb3e1decced847c3ebee5da8062170b7a1fd
theo_n,6,481,false,9,13,onchain,500,477,40.969800,1368.568200,1129.433900,1170.403700,6.187400,true,4224,4352,0x098b50423eb1b80e5a7fb520438bb4f17cbf6c9b9e6ebef7938342aa2df694fe,0x19d72b93da5f25751ed0e6f5181858631c5863ceb85e9b062ae3f523c50c3823
theo_n,6,482,false,9,13,onchain,500,478,45.515000,1368.568200,1141.863800,1187.378800,5.945400,true,4224,4352,0x098b50423eb1b80e5a7fb520438bb4f17cbf6c9b9e6ebef7938342aa2df694fe,0x08b9371a31a7f0b2166783304eb3dda67b5455dab4f641d34af9e809ae17f981
theo_n,6,483,false,9,13,onchain,500,479,58.635300,1368.568200,1124.106200,1182.741500,6.333800,true,4224,4352,0x098b50423eb1b80e5a7fb520438bb4f17cbf6c9b9e6ebef7938342aa2df694fe,0x10acd05e15df221672ec5e25ee7ec5383df40f6a96e4be200f349008ee830ed2
theo_n,6,484,false,9,13,onchain,500,480,46.603100,1368.568200,1123.126500,1169.729600,6.810100,true,4224,4352,0x098b50423eb1b80e5a7fb520438bb4f17cbf6c9b9e6ebef7938342aa2df694fe,0x3012161f3b161556cf3aa88c4d04f0e9cec22c97b7b8e848d5c7178f3e9b74fd
theo_n,6,485,false,9,13,onchain,500,481,66.143300,1368.568200,1107.923500,1174.066800,5.760700,true,4224,4352,0x098b50423eb1b80e5a7fb520438bb4f17cbf6c9b9e6ebef7938342aa2df694fe,0x21472178fbf204e629d62a47c15eef10a81ccebaf9f644bd9e4e46c54d340a59
theo_n,6,486,false,9,13,onchain,500,482,53.596000,1368.568200,1123.970900,1177.566900,5.836900,true,4224,4352,0x098b50423eb1b80e5a7fb520438bb4f17cbf6c9b9e6ebef7938342aa2df694fe,0x1cc81977f75add8f0fa8ffdf8e8d9dd6dc1ad4006181c677d57a5e41157e77c1
theo_n,6,487,false,9,13,onchain,500,483,48.439800,1368.568200,1135.769700,1184.209500,5.984000,true,4224,4352,0x098b50423eb1b80e5a7fb520438bb4f17cbf6c9b9e6ebef7938342aa2df694fe,0x133f3b027ddf242d1e004142a313c84f951891b964cda34421c8e2199d1420c0
theo_n,6,488,false,9,13,onchain,500,484,60.532400,1368.568200,1119.009000,1179.541400,5.905600,true,4224,4352,0x098b50423eb1b80e5a7fb520438bb4f17cbf6c9b9e6ebef7938342aa2df694fe,0x03c9185fd1372f0e37b4bf9a3f3dd2063edca06487f626d6d85fd838ad3008ca
theo_n,6,489,false,9,13,onchain,500,485,66.085900,1368.568200,1096.134100,1162.220000,5.903200,true,4224,4352,0x098b50423eb1b80e5a7fb520438bb4f17cbf6c9b9e6ebef7938342aa2df694fe,0x25e0e7e38fef95e132acd28d6c482e384298692bcd6d0473d4a5e7270f432fb0
theo_n,6,490,false,9,13,onchain,500,486,65.598700,1368.568200,1114.123700,1179.722400,6.183000,true,4224,4352,0x098b50423eb1b80e5a7fb520438bb4f17cbf6c9b9e6ebef7938342aa2df694fe,0x227d5c1302a98c79262e6fe667330fa86813e3133cf5286aa5d1aa56b4d297e4
theo_n,6,491,false,9,13,onchain,500,487,46.348500,1368.568200,1128.321600,1174.670100,5.905000,true,4224,4352,0x098b50423eb1b80e5a7fb520438bb4f17cbf6c9b9e6ebef7938342aa2df694fe,0x1c00aecebc0b69341373f2e0bb29a3c24aac853fd64da87b62c5b316aeca1219
theo_n,6,492,false,9,13,onchain,500,488,59.009000,1368.568200,1122.034000,1181.043000,6.876200,true,4224,4352,0x098b50423eb1b80e5a7fb520438bb4f17cbf6c9b9e6ebef7938342aa2df694fe,0x084e8cd0f0efa2d0483d3d7c58e49fc749ef77ebb1737fe33318558c56cf3427
theo_n,6,493,false,9,13,onchain,500,489,58.609800,1368.568200,1110.761600,1169.371400,6.397800,true,4224,4352,0x098b50423eb1b80e5a7fb520438bb4f17cbf6c9b9e6ebef7938342aa2df694fe,0x0a043a7874d62ba138be2dc0842dd24ce6d289652d427bfd6f79e7c48c37b4f7
theo_n,6,494,false,9,13,onchain,500,490,58.646400,1368.568200,1105.515000,1164.161400,5.837300,true,4224,4352,0x098b50423eb1b80e5a7fb520438bb4f17cbf6c9b9e6ebef7938342aa2df694fe,0x1a89f23a47b3613d76999e01716fb21161a281ba453f95be5b6ec1a4cd2760ff
theo_n,6,495,false,9,13,onchain,500,491,46.386200,1368.568200,1106.600100,1152.986300,6.396700,true,4224,4352,0x098b50423eb1b80e5a7fb520438bb4f17cbf6c9b9e6ebef7938342aa2df694fe,0x300e9a493810956b752cdc311daa8c6888ed4496181d73e24231623198cff11e
theo_n,6,496,false,9,13,onchain,500,492,65.698000,1368.568200,1104.700900,1170.398900,6.736300,true,4224,4352,0x098b50423eb1b80e5a7fb520438bb4f17cbf6c9b9e6ebef7938342aa2df694fe,0x2e66af613bd0b308ea76ce8156c11daa75c95d3f8e0ca9d7b293c31c96014b21
theo_n,6,497,false,9,13,onchain,500,493,59.407300,1368.568200,1125.421700,1184.829000,7.183900,true,4224,4352,0x098b50423eb1b80e5a7fb520438bb4f17cbf6c9b9e6ebef7938342aa2df694fe,0x02dc77fb04fd69f7fab1957d3aba82ed08d25eac854c3dde2a9cade544679e2b
theo_n,6,498,false,9,13,onchain,500,494,46.674100,1368.568200,1107.913900,1154.588000,6.178100,true,4224,4352,0x098b50423eb1b80e5a7fb520438bb4f17cbf6c9b9e6ebef7938342aa2df694fe,0x228653279e7e7b00992306c5edc1435c1091f5e23990f9d8e3779fd1aa32a8de
theo_n,6,499,false,9,13,onchain,500,495,40.401400,1368.568200,1135.399800,1175.801200,5.733100,true,4224,4352,0x098b50423eb1b80e5a7fb520438bb4f17cbf6c9b9e6ebef7938342aa2df694fe,0x230a0a415e1e60f6e218a20cd575f16422d11c814813bb0c4546415a14659006
theo_n,6,500,false,9,13,onchain,500,496,48.648900,1368.568200,1113.096600,1161.745500,5.919100,true,4224,4352,0x098b50423eb1b80e5a7fb520438bb4f17cbf6c9b9e6ebef7938342aa2df694fe,0x0975721ab977e0a4a2d19fc776c1a4212a6d048f5a988aa06d9d108845b40913
theo_n,6,501,false,9,13,onchain,500,497,48.619100,1368.568200,1141.067800,1189.686900,5.848200,true,4224,4352,0x098b50423eb1b80e5a7fb520438bb4f17cbf6c9b9e6ebef7938342aa2df694fe,0x1277fe6d922e86999f40ca4cb0a82e4bbb03db29f014e42a63da54bd386146f0
theo_n,6,502,false,9,13,onchain,500,498,55.738300,1368.568200,1127.551700,1183.290000,5.713300,true,4224,4352,0x098b50423eb1b80e5a7fb520438bb4f17cbf6c9b9e6ebef7938342aa2df694fe,0x0113f1fb5a35006448b95b51265b86f399805050c99ce68c7e92a1106394a4ee
theo_n,6,503,false,9,13,onchain,500,499,57.163600,1368.568200,1110.411400,1167.575000,6.414500,true,4224,4352,0x098b50423eb1b80e5a7fb520438bb4f17cbf6c9b9e6ebef7938342aa2df694fe,0x0c0e1ce676ffd8704c6db547c1f554636c17d9d3da8dfce0b63543dfae4b1d6c
